elapsed_seconds,component,pid,cpu_seconds,cpu_pct_one_core,rss_kib,pss_kib
1.0005424870000184,nodestore,4284,0.1,9.994578071325638,61796,62136
1.0005424870000184,nodeapiserver,4305,0.33,32.982107635374604,338196,338428
1.0005424870000184,nodescheduler,4298,0.01,0.9994578071325637,67180,67396
1.0005424870000184,nodecontroller,4291,0.03,2.9983734213976914,126396,126760
1.0005424870000184,nodelet,4427,0.09,8.995120264193073,102132,99963
1.0005424870000184,nodeproxy,4636,0.0,0.0,50436,50728
1.0005424870000184,containerd,3698,0.08,7.99566245706051,92556,91113
1.0005424870000184,flanneld,5274,0.0,0.0,47524,47756
1.0005424870000184,coredns,4906,0.0,0.0,66096,42544
1.0005424870000184,coredns,4925,0.0,0.0,65748,42268
2.0323830940000107,nodestore,4284,0.19,8.722277393372702,61948,62308
2.0323830940000107,nodeapiserver,4305,0.67,32.950825708296875,338196,338436
2.0323830940000107,nodescheduler,4298,0.01,0.0,67180,67400
2.0323830940000107,nodecontroller,4291,0.05,1.9382838651939338,126396,126760
2.0323830940000107,nodelet,4427,0.11,1.9382838651939338,102132,99963
2.0323830940000107,nodeproxy,4636,0.0,0.0,50436,50728
2.0323830940000107,containerd,3698,0.1,1.9382838651939338,92556,91117
2.0323830940000107,flanneld,5274,0.01,0.9691419325969669,47780,47996
2.0323830940000107,coredns,4906,0.01,0.9691419325969669,66096,42548
2.0323830940000107,coredns,4925,0.0,0.0,65748,42268
3.051935267000033,nodestore,4284,0.26,6.86575948281545,61948,62340
3.051935267000033,nodeapiserver,4305,0.95,27.4630379312618,338196,338504
3.051935267000033,nodescheduler,4298,0.02,0.9808227832593498,67180,67400
3.051935267000033,nodecontroller,4291,0.07,1.9616455665186996,126396,126760
3.051935267000033,nodelet,4427,0.17,5.884936699556099,102132,99967
3.051935267000033,nodeproxy,4636,0.0,0.0,50436,50728
3.051935267000033,containerd,3698,0.13,2.9424683497780495,92556,91117
3.051935267000033,flanneld,5274,0.01,0.0,47780,47996
3.051935267000033,coredns,4906,0.01,0.0,66096,42548
3.051935267000033,coredns,4925,0.01,0.9808227832593498,65748,42268
4.068417076999992,nodestore,4284,0.35,8.854068918361028,62088,62448
4.068417076999992,nodeapiserver,4305,1.24,28.529777625829976,338324,338580
4.068417076999992,nodescheduler,4298,0.02,0.0,67180,67408
4.068417076999992,nodecontroller,4291,0.1,2.951356306120343,126396,126764
4.068417076999992,nodelet,4427,0.24,6.886498047614134,102132,99983
4.068417076999992,nodeproxy,4636,0.0,0.0,50436,50728
4.068417076999992,containerd,3698,0.14,0.9837854353734476,92556,91117
4.068417076999992,flanneld,5274,0.01,0.0,47780,47996
4.068417076999992,coredns,4906,0.02,0.9837854353734476,66096,42548
4.068417076999992,coredns,4925,0.02,0.9837854353734476,65748,42268
5.091242534000003,nodestore,4284,0.44,8.799155259976981,62224,62524
5.091242534000003,nodeapiserver,4305,1.53,28.352833615481376,338324,338588
5.091242534000003,nodescheduler,4298,0.06,3.91073567110088,67180,67540
5.091242534000003,nodecontroller,4291,0.14,3.91073567110088,126396,126768
5.091242534000003,nodelet,4427,0.31,6.843787424426541,102260,99995
5.091242534000003,nodeproxy,4636,0.0,0.0,50436,50728
5.091242534000003,containerd,3698,0.21,6.843787424426541,92556,91205
5.091242534000003,flanneld,5274,0.01,0.0,47780,47996
5.091242534000003,coredns,4906,0.02,0.0,66096,42548
5.091242534000003,coredns,4925,0.03,0.97768391777522,65748,42268
6.1679414669999915,nodestore,4284,0.58,13.00270630062949,62364,62736
6.1679414669999915,nodeapiserver,4305,1.88,32.50676575157372,338324,338604
6.1679414669999915,nodescheduler,4298,0.07,0.9287647357592491,67180,67540
6.1679414669999915,nodecontroller,4291,0.19,4.643823678796245,126396,126772
6.1679414669999915,nodelet,4427,0.46,13.931471036388736,102260,100021
6.1679414669999915,nodeproxy,4636,0.0,0.0,50436,50728
6.1679414669999915,containerd,3698,0.41,18.57529471518498,92824,91628
6.1679414669999915,flanneld,5274,0.03,1.8575294715184982,48420,48828
6.1679414669999915,coredns,4906,0.03,0.9287647357592491,66096,42548
6.1679414669999915,coredns,4925,0.03,0.0,65748,42268
7.2102506980000385,nodestore,4284,0.7,11.512898133394215,62364,62848
7.2102506980000385,nodeapiserver,4305,2.21,31.660469866834088,338324,338612
7.2102506980000385,nodescheduler,4298,0.09,1.9188163555657023,67180,67544
7.2102506980000385,nodecontroller,4291,0.23,3.8376327111314046,126396,126780
7.2102506980000385,nodelet,4427,0.53,6.715857244479959,102260,100034
7.2102506980000385,nodeproxy,4636,0.0,0.0,50436,50736
7.2102506980000385,containerd,3698,0.46,4.797040888914256,92952,91861
7.2102506980000385,flanneld,5274,0.03,0.0,48420,48828
7.2102506980000385,coredns,4906,0.05,1.9188163555657023,66096,42548
7.2102506980000385,coredns,4925,0.05,1.9188163555657023,65748,42276
8.227937868000026,nodestore,4284,0.79,8.843582060683842,62364,62892
8.227937868000026,nodeapiserver,4305,2.52,30.46122709791101,338452,338624
8.227937868000026,nodescheduler,4298,0.1,0.9826202289648713,67180,67544
8.227937868000026,nodecontroller,4291,0.27,3.9304809158594853,126396,126784
8.227937868000026,nodelet,4427,0.57,3.9304809158594853,102260,100042
8.227937868000026,nodeproxy,4636,0.0,0.0,50436,50736
8.227937868000026,containerd,3698,0.48,1.9652404579297427,92952,91865
8.227937868000026,flanneld,5274,0.04,0.9826202289648713,48548,48828
8.227937868000026,coredns,4906,0.05,0.0,66096,42548
8.227937868000026,coredns,4925,0.06,0.9826202289648713,65748,42284
9.241726916999994,nodestore,4284,0.89,9.863985027126011,62628,62944
9.241726916999994,nodeapiserver,4305,2.8,27.619158075952836,338452,338632
9.241726916999994,nodescheduler,4298,0.1,0.0,67180,67544
9.241726916999994,nodecontroller,4291,0.31,3.945594010850405,126396,126784
9.241726916999994,nodelet,4427,0.61,3.945594010850405,104376,102094
9.241726916999994,nodeproxy,4636,0.0,0.0,50436,50736
9.241726916999994,containerd,3698,0.52,3.945594010850405,92952,91925
9.241726916999994,flanneld,5274,0.04,0.0,48548,48828
9.241726916999994,coredns,4906,0.05,0.0,66096,42560
9.241726916999994,coredns,4925,0.06,0.0,65748,42284
10.298617078000007,nodestore,4284,0.98,8.515549043889617,62628,62992
10.298617078000007,nodeapiserver,4305,3.2,37.846884639509405,341028,341296
10.298617078000007,nodescheduler,4298,0.11,0.9461721159877352,67180,67544
10.298617078000007,nodecontroller,4291,0.34,2.8385163479632056,126396,126784
10.298617078000007,nodelet,4427,0.67,5.677032695926411,104376,102130
10.298617078000007,nodeproxy,4636,0.0,0.0,50436,50736
10.298617078000007,containerd,3698,0.56,3.784688463950941,92952,91973
10.298617078000007,flanneld,5274,0.04,0.0,48548,48828
10.298617078000007,coredns,4906,0.07,1.8923442319754704,66096,42560
10.298617078000007,coredns,4925,0.07,0.9461721159877352,65748,42284
11.312178107000022,nodestore,4284,1.07,8.879583707830049,62628,63020
11.312178107000022,nodeapiserver,4305,3.48,27.625371535471263,341028,341308
11.312178107000022,nodescheduler,4298,0.13,1.973240823962233,67180,67544
11.312178107000022,nodecontroller,4291,0.37,2.9598612359433494,126396,126784
11.312178107000022,nodelet,4427,0.71,3.946481647924466,104376,102138
11.312178107000022,nodeproxy,4636,0.01,0.9866204119811165,50436,50736
11.312178107000022,containerd,3698,0.59,2.9598612359433494,92952,91973
11.312178107000022,flanneld,5274,0.04,0.0,48548,48828
11.312178107000022,coredns,4906,0.07,0.0,66096,42564
11.312178107000022,coredns,4925,0.08,0.9866204119811165,65748,42284
12.331463911000014,nodestore,4284,1.16,8.829711906789267,62628,63060
12.331463911000014,nodeapiserver,4305,3.78,29.43237302263089,341028,341312
12.331463911000014,nodescheduler,4298,0.13,0.0,67180,67544
12.331463911000014,nodecontroller,4291,0.4,2.943237302263089,126396,126792
12.331463911000014,nodelet,4427,0.76,4.905395503771815,104376,102142
12.331463911000014,nodeproxy,4636,0.01,0.0,50436,50736
12.331463911000014,containerd,3698,0.62,2.943237302263089,92952,91973
12.331463911000014,flanneld,5274,0.04,0.0,48676,48828
12.331463911000014,coredns,4906,0.07,0.0,66096,42568
12.331463911000014,coredns,4925,0.09,0.981079100754363,65748,42288
13.34566743900001,nodestore,4284,1.24,7.887963095312791,62628,63092
13.34566743900001,nodeapiserver,4305,4.04,25.635880059766567,341028,341324
13.34566743900001,nodescheduler,4298,0.14,0.9859953869140988,67180,67548
13.34566743900001,nodecontroller,4291,0.43,2.9579861607422964,126396,126796
13.34566743900001,nodelet,4427,0.8,3.9439815476563953,104376,102146
13.34566743900001,nodeproxy,4636,0.01,0.0,50436,50736
13.34566743900001,containerd,3698,0.64,1.9719907738281977,92952,92013
13.34566743900001,flanneld,5274,0.05,0.9859953869140988,48508,48572
13.34566743900001,coredns,4906,0.09,1.9719907738281977,66096,42568
13.34566743900001,coredns,4925,0.1,0.9859953869140988,65748,42288
14.382458697999994,nodestore,4284,1.33,8.680628739753047,62628,63160
14.382458697999994,nodeapiserver,4305,4.33,27.97091482809315,341028,341328
14.382458697999994,nodescheduler,4298,0.14,0.0,67180,67548
14.382458697999994,nodecontroller,4291,0.45,1.9290286088340105,126396,126796
14.382458697999994,nodelet,4427,0.9,9.645143044170053,104504,102158
14.382458697999994,nodeproxy,4636,0.01,0.0,50436,50736
14.382458697999994,containerd,3698,0.73,8.680628739753047,93088,92117
14.382458697999994,flanneld,5274,0.05,0.0,48508,48572
14.382458697999994,coredns,4906,0.09,0.0,66096,42568
14.382458697999994,coredns,4925,0.1,0.0,65748,42288
15.399764486000038,nodestore,4284,1.42,8.846897467961334,62628,63192
15.399764486000038,nodeapiserver,4305,4.59,25.55770379633274,341028,341328
15.399764486000038,nodescheduler,4298,0.15,0.9829886075512593,67180,67548
15.399764486000038,nodecontroller,4291,0.48,2.948965822653778,126396,126796
15.399764486000038,nodelet,4427,0.94,3.931954430205037,104504,102158
15.399764486000038,nodeproxy,4636,0.01,0.0,50436,50736
15.399764486000038,containerd,3698,0.75,1.9659772151025185,93088,92125
15.399764486000038,flanneld,5274,0.05,0.0,48508,48572
15.399764486000038,coredns,4906,0.09,0.0,66096,42568
15.399764486000038,coredns,4925,0.11,0.9829886075512593,65748,42288
16.42661111000001,nodestore,4284,1.53,10.712408010020681,62776,63252
16.42661111000001,nodeapiserver,4305,4.92,32.13722403006204,341028,341336
16.42661111000001,nodescheduler,4298,0.16,0.9738552736382438,67180,67548
16.42661111000001,nodecontroller,4291,0.55,6.816986915467707,126396,126840
16.42661111000001,nodelet,4427,0.99,4.869276368191219,104504,102158
16.42661111000001,nodeproxy,4636,0.01,0.0,50436,50736
16.42661111000001,containerd,3698,0.77,1.9477105472764875,93088,92125
16.42661111000001,flanneld,5274,0.05,0.0,48508,48572
16.42661111000001,coredns,4906,0.1,0.9738552736382438,66096,42568
16.42661111000001,coredns,4925,0.12,0.9738552736382438,65748,42288
17.450455791000024,nodestore,4284,1.61,7.813685169694103,62776,63264
17.450455791000024,nodeapiserver,4305,5.19,26.371187447717595,341028,341336
17.450455791000024,nodescheduler,4298,0.16,0.0,67180,67548
17.450455791000024,nodecontroller,4291,0.57,1.9534212924235257,126396,126840
17.450455791000024,nodelet,4427,1.01,1.9534212924235257,104504,102158
17.450455791000024,nodeproxy,4636,0.01,0.0,50436,50736
17.450455791000024,containerd,3698,0.79,1.9534212924235257,93088,92125
17.450455791000024,flanneld,5274,0.06,0.9767106462117628,48508,48572
17.450455791000024,coredns,4906,0.11,0.9767106462117628,66096,42568
17.450455791000024,coredns,4925,0.12,0.0,65748,42288
18.468223658,nodestore,4284,1.7,8.842880868826075,62776,63332
18.468223658,nodeapiserver,4305,5.48,28.493727243995128,341028,341348
18.468223658,nodescheduler,4298,0.17,0.9825423187584528,67180,67548
18.468223658,nodecontroller,4291,0.6,2.947626956275358,126396,126840
18.468223658,nodelet,4427,1.1,8.842880868826075,104632,102230
18.468223658,nodeproxy,4636,0.01,0.0,50436,50736
18.468223658,containerd,3698,0.87,7.860338550067622,93216,92213
18.468223658,flanneld,5274,0.07,0.9825423187584528,48508,48572
18.468223658,coredns,4906,0.12,0.9825423187584528,66096,42568
18.468223658,coredns,4925,0.12,0.0,65748,42288
19.49092070300003,nodestore,4284,1.79,8.800260100487277,62904,63368
19.49092070300003,nodeapiserver,4305,5.75,26.40078030146183,341028,341420
19.49092070300003,nodescheduler,4298,0.18,0.9778066778319197,67180,67552
19.49092070300003,nodecontroller,4291,0.64,3.9112267113276786,126396,126844
19.49092070300003,nodelet,4427,1.11,0.9778066778319197,104632,102230
19.49092070300003,nodeproxy,4636,0.01,0.0,50436,50736
19.49092070300003,containerd,3698,0.88,0.9778066778319197,93216,92213
19.49092070300003,flanneld,5274,0.07,0.0,48508,48572
19.49092070300003,coredns,4906,0.12,0.0,66096,42568
19.49092070300003,coredns,4925,0.14,1.9556133556638393,65748,42292
20.504998510000007,nodestore,4284,1.87,7.888941011012749,62904,63392
20.504998510000007,nodeapiserver,4305,6.02,26.62517591216803,343460,344340
20.504998510000007,nodescheduler,4298,0.19,0.9861176263765936,67180,67552
20.504998510000007,nodecontroller,4291,0.66,1.9722352527531872,126396,126852
20.504998510000007,nodelet,4427,1.15,3.9444705055063745,104632,102234
20.504998510000007,nodeproxy,4636,0.01,0.0,50436,50736
20.504998510000007,containerd,3698,0.91,2.9583528791297806,93216,92213
20.504998510000007,flanneld,5274,0.07,0.0,48508,48572
20.504998510000007,coredns,4906,0.13,0.9861176263765936,66096,42568
20.504998510000007,coredns,4925,0.14,0.0,65748,42292
21.572203599000034,nodestore,4284,2.0,12.181351207930454,63032,63556
21.572203599000034,nodeapiserver,4305,6.51,45.91432378373786,344612,345132
21.572203599000034,nodescheduler,4298,0.2,0.9370270159946503,67364,67620
21.572203599000034,nodecontroller,4291,0.72,5.622162095967902,126396,126940
21.572203599000034,nodelet,4427,1.21,5.622162095967902,104632,102238
21.572203599000034,nodeproxy,4636,0.01,0.0,50436,50736
21.572203599000034,containerd,3698,0.93,1.8740540319893007,93216,92213
21.572203599000034,flanneld,5274,0.07,0.0,48508,48572
21.572203599000034,coredns,4906,0.14,0.9370270159946503,66096,42568
21.572203599000034,coredns,4925,0.15,0.9370270159946503,65748,42296
22.587703432000012,nodestore,4284,2.1,9.847367449050296,65112,65628
22.587703432000012,nodeapiserver,4305,6.79,27.572628857340835,344612,345140
22.587703432000012,nodescheduler,4298,0.21,0.9847367449050296,67364,67624
22.587703432000012,nodecontroller,4291,0.75,2.954210234715089,126396,126940
22.587703432000012,nodelet,4427,1.31,9.847367449050296,104632,102257
22.587703432000012,nodeproxy,4636,0.02,0.9847367449050296,50436,50736
22.587703432000012,containerd,3698,1.01,7.877893959240237,93356,92280
22.587703432000012,flanneld,5274,0.08,0.9847367449050296,48508,48572
22.587703432000012,coredns,4906,0.15,0.9847367449050296,66096,42568
22.587703432000012,coredns,4925,0.16,0.9847367449050296,65748,42300
23.616738704,nodestore,4284,2.19,8.746055888354535,65112,65664
23.616738704,nodeapiserver,4305,7.07,27.209951652658557,344612,345140
23.616738704,nodescheduler,4298,0.22,0.9717839875949483,67364,67624
23.616738704,nodecontroller,4291,0.77,1.9435679751898967,126396,126940
23.616738704,nodelet,4427,1.38,6.802487913164639,104632,102262
23.616738704,nodeproxy,4636,0.02,0.0,50436,50736
23.616738704,containerd,3698,1.03,1.9435679751898967,93356,92281
23.616738704,flanneld,5274,0.08,0.0,48508,48572
23.616738704,coredns,4906,0.15,0.0,66096,42572
23.616738704,coredns,4925,0.16,0.0,65748,42300
24.633656935000033,nodestore,4284,2.27,7.866905869248532,65112,65692
24.633656935000033,nodeapiserver,4305,7.34,26.550807308713797,344612,345144
24.633656935000033,nodescheduler,4298,0.23,0.9833632336560665,67364,67628
24.633656935000033,nodecontroller,4291,0.8,2.9500897009681997,126396,126940
24.633656935000033,nodelet,4427,1.41,2.9500897009681997,104632,102262
24.633656935000033,nodeproxy,4636,0.02,0.0,50436,50736
24.633656935000033,containerd,3698,1.07,3.933452934624266,93356,92281
24.633656935000033,flanneld,5274,0.08,0.0,48508,48572
24.633656935000033,coredns,4906,0.15,0.0,66096,42572
24.633656935000033,coredns,4925,0.17,0.9833632336560665,65748,42300
25.67037687100003,nodestore,4284,2.37,9.645806599015788,65112,65724
25.67037687100003,nodeapiserver,4305,7.64,28.93741979704737,344612,345144
25.67037687100003,nodescheduler,4298,0.24,0.9645806599015789,67364,67628
25.67037687100003,nodecontroller,4291,0.83,2.893741979704737,126396,126940
25.67037687100003,nodelet,4427,1.45,3.8583226396063157,104632,102266
25.67037687100003,nodeproxy,4636,0.02,0.0,50436,50736
25.67037687100003,containerd,3698,1.08,0.9645806599015789,93356,92281
25.67037687100003,flanneld,5274,0.08,0.0,48508,48572
25.67037687100003,coredns,4906,0.17,1.9291613198031579,66096,42572
25.67037687100003,coredns,4925,0.18,0.9645806599015789,65748,42304
26.684028248000004,nodestore,4284,2.45,7.892259786275816,65372,65764
26.684028248000004,nodeapiserver,4305,7.92,27.62290925196536,344612,345156
26.684028248000004,nodescheduler,4298,0.25,0.986532473284477,67364,67628
26.684028248000004,nodecontroller,4291,0.87,3.946129893137908,126396,126940
26.684028248000004,nodelet,4427,1.51,5.919194839706862,104632,102274
26.684028248000004,nodeproxy,4636,0.02,0.0,50436,50736
26.684028248000004,containerd,3698,1.12,3.946129893137908,93356,92273
26.684028248000004,flanneld,5274,0.08,0.0,48508,48572
26.684028248000004,coredns,4906,0.17,0.0,66096,42584
26.684028248000004,coredns,4925,0.18,0.0,65748,42308
27.741186728999992,nodestore,4284,2.59,13.24304751994906,65636,65900
27.741186728999992,nodeapiserver,4305,8.26,32.161686834162,344612,345160
27.741186728999992,nodescheduler,4298,0.27,1.891863931421294,67364,67648
27.741186728999992,nodecontroller,4291,0.92,4.729659828553235,126396,126952
27.741186728999992,nodelet,4427,1.64,12.297115554238411,104632,102291
27.741186728999992,nodeproxy,4636,0.02,0.0,50436,50736
27.741186728999992,containerd,3698,1.3,17.026775382791644,93612,92623
27.741186728999992,flanneld,5274,0.1,1.891863931421294,48508,48580
27.741186728999992,coredns,4906,0.17,0.0,66096,42588
27.741186728999992,coredns,4925,0.19,0.945931965710647,65748,42316
28.80850413799999,nodestore,4284,2.72,12.180069293707202,65792,66156
28.80850413799999,nodeapiserver,4305,8.66,37.47713628832985,350372,350724
28.80850413799999,nodescheduler,4298,0.29,1.8738568144164927,67364,67656
28.80850413799999,nodecontroller,4291,0.97,4.6846420360412315,126396,126984
28.80850413799999,nodelet,4427,1.78,13.11699770091545,106728,104378
28.80850413799999,nodeproxy,4636,0.03,0.9369284072082463,50436,50736
28.80850413799999,containerd,3698,1.43,12.180069293707202,95840,94829
28.80850413799999,flanneld,5274,0.1,0.0,48508,48580
28.80850413799999,coredns,4906,0.19,1.8738568144164927,66096,42596
28.80850413799999,coredns,4925,0.19,0.0,65748,42320
29.840925190999997,nodestore,4284,2.83,10.654567696034693,65920,66244
29.840925190999997,nodeapiserver,4305,8.97,30.026508961552317,365032,365392
29.840925190999997,nodescheduler,4298,0.3,0.9685970632758812,67364,67656
29.840925190999997,nodecontroller,4291,1.02,4.842985316379406,126396,126984
29.840925190999997,nodelet,4427,1.82,3.874388253103525,106728,104386
29.840925190999997,nodeproxy,4636,0.03,0.0,50436,50736
29.840925190999997,containerd,3698,1.46,2.9057911898276436,95840,94837
29.840925190999997,flanneld,5274,0.11,0.9685970632758812,48508,48580
29.840925190999997,coredns,4906,0.19,0.0,66096,42596
29.840925190999997,coredns,4925,0.21,1.9371941265517625,65748,42320
30.860618103000036,nodestore,4284,2.93,9.806874091520228,65920,66300
30.860618103000036,nodeapiserver,4305,9.39,41.18887118438496,367116,367492
30.860618103000036,nodescheduler,4298,0.31,0.9806874091520229,67364,67656
30.860618103000036,nodecontroller,4291,1.05,2.9420622274560686,126396,126984
30.860618103000036,nodelet,4427,1.9,7.845499273216183,108804,106446
30.860618103000036,nodeproxy,4636,0.03,0.0,50436,50744
30.860618103000036,containerd,3698,1.49,2.9420622274560686,95840,94853
30.860618103000036,flanneld,5274,0.11,0.0,48508,48580
30.860618103000036,coredns,4906,0.21,1.9613748183040458,65672,42020
30.860618103000036,coredns,4925,0.21,0.0,65748,42320
31.888152744000024,nodestore,4284,3.02,8.758828793588188,65920,66332
31.888152744000024,nodeapiserver,4305,9.65,25.30328318147699,367116,367508
31.888152744000024,nodescheduler,4298,0.32,0.9732031992875765,67364,67664
31.888152744000024,nodecontroller,4291,1.07,1.946406398575153,126396,126984
31.888152744000024,nodelet,4427,1.94,3.892812797150306,108804,106450
31.888152744000024,nodeproxy,4636,0.03,0.0,50436,50744
31.888152744000024,containerd,3698,1.56,6.812422395013036,95988,94909
31.888152744000024,flanneld,5274,0.11,0.0,48508,48516
31.888152744000024,coredns,4906,0.21,0.0,65672,42020
31.888152744000024,coredns,4925,0.23,1.946406398575153,65748,42388
32.90878923299999,nodestore,4284,3.1,7.838246120162222,65920,66352
32.90878923299999,nodeapiserver,4305,9.93,27.43386142056778,367116,367512
32.90878923299999,nodescheduler,4298,0.32,0.0,67364,67664
32.90878923299999,nodecontroller,4291,1.09,1.9595615300405556,126396,126984
32.90878923299999,nodelet,4427,1.99,4.898903825101389,108804,106454
32.90878923299999,nodeproxy,4636,0.03,0.0,50436,50744
32.90878923299999,containerd,3698,1.61,4.898903825101389,98036,96961
32.90878923299999,flanneld,5274,0.11,0.0,48508,48516
32.90878923299999,coredns,4906,0.22,0.9797807650202778,65672,42020
32.90878923299999,coredns,4925,0.24,0.9797807650202778,65748,42400
33.934002238000005,nodestore,4284,3.2,9.754070569949397,66048,66404
33.934002238000005,nodeapiserver,4305,10.22,28.28680465285325,367116,367516
33.934002238000005,nodescheduler,4298,0.33,0.9754070569949397,67364,67664
33.934002238000005,nodecontroller,4291,1.13,3.9016282279797587,126396,126992
33.934002238000005,nodelet,4427,2.08,8.778663512954457,108804,106514
33.934002238000005,nodeproxy,4636,0.03,0.0,50436,50744
33.934002238000005,containerd,3698,1.65,3.9016282279797587,98036,96965
33.934002238000005,flanneld,5274,0.11,0.0,48508,48516
33.934002238000005,coredns,4906,0.23,0.9754070569949397,65672,42020
33.934002238000005,coredns,4925,0.24,0.0,65748,42400
34.948921143999996,nodestore,4284,3.32,11.823604752122042,68244,68600
34.948921143999996,nodeapiserver,4305,10.56,33.500213464345784,367116,367528
34.948921143999996,nodescheduler,4298,0.35,1.9706007920203403,67364,67668
34.948921143999996,nodecontroller,4291,1.21,7.882403168081361,128644,129108
34.948921143999996,nodelet,4427,2.15,6.897102772071192,108804,106518
34.948921143999996,nodeproxy,4636,0.03,0.0,50436,50744
34.948921143999996,containerd,3698,1.67,1.9706007920203403,98036,96965
34.948921143999996,flanneld,5274,0.11,0.0,48508,48516
34.948921143999996,coredns,4906,0.23,0.0,65672,42020
34.948921143999996,coredns,4925,0.25,0.9853003960101702,65748,42400
35.982423256999994,nodestore,4284,3.41,8.708255055110877,68244,68640
35.982423256999994,nodeapiserver,4305,10.84,27.092349060344958,367116,367532
35.982423256999994,nodescheduler,4298,0.35,0.0,67364,67668
35.982423256999994,nodecontroller,4291,1.24,2.9027516850369595,128644,129112
35.982423256999994,nodelet,4427,2.23,7.740671160098558,110536,107998
35.982423256999994,nodeproxy,4636,0.04,0.9675838950123198,50436,50744
35.982423256999994,containerd,3698,1.74,6.7730872650862395,100084,99061
35.982423256999994,flanneld,5274,0.11,0.0,48508,48516
35.982423256999994,coredns,4906,0.24,0.9675838950123198,65672,42020
35.982423256999994,coredns,4925,0.26,0.9675838950123198,65748,42400
37.00558794700004,nodestore,4284,3.49,7.818878112378619,68244,68676
37.00558794700004,nodeapiserver,4305,11.09,24.433994101183185,367116,367532
37.00558794700004,nodescheduler,4298,0.36,0.9773597640473274,67364,67668
37.00558794700004,nodecontroller,4291,1.26,1.9547195280946548,128772,129120
37.00558794700004,nodelet,4427,2.27,3.9094390561893095,110664,108174
37.00558794700004,nodeproxy,4636,0.04,0.0,50436,50744
37.00558794700004,containerd,3698,1.79,4.886798820236637,100084,99061
37.00558794700004,flanneld,5274,0.11,0.0,48508,48516
37.00558794700004,coredns,4906,0.24,0.0,65672,42020
37.00558794700004,coredns,4925,0.26,0.0,65748,42400
38.02204243700004,nodestore,4284,3.57,7.87049501842428,68500,68696
38.02204243700004,nodeapiserver,4305,11.35,25.57910880987891,367116,367536
38.02204243700004,nodescheduler,4298,0.36,0.0,67364,67668
38.02204243700004,nodecontroller,4291,1.29,2.951435631909105,128772,129120
38.02204243700004,nodelet,4427,2.31,3.93524750921214,110664,108174
38.02204243700004,nodeproxy,4636,0.04,0.0,50436,50744
38.02204243700004,containerd,3698,1.83,3.93524750921214,100084,99065
38.02204243700004,flanneld,5274,0.13,1.96762375460607,48508,48516
38.02204243700004,coredns,4906,0.25,0.983811877303035,65672,42024
38.02204243700004,coredns,4925,0.27,0.983811877303035,65748,42400
39.05925180400004,nodestore,4284,3.67,9.64125500420782,68500,68728
39.05925180400004,nodeapiserver,4305,11.64,27.95963951220267,367116,367540
39.05925180400004,nodescheduler,4298,0.37,0.9641255004207819,67364,67668
39.05925180400004,nodecontroller,4291,1.32,2.892376501262346,128772,129124
39.05925180400004,nodelet,4427,2.35,3.8565020016831277,110664,108174
39.05925180400004,nodeproxy,4636,0.04,0.0,50436,50744
39.05925180400004,containerd,3698,1.85,1.9282510008415639,100084,99065
39.05925180400004,flanneld,5274,0.13,0.0,48508,48516
39.05925180400004,coredns,4906,0.26,0.9641255004207819,65672,42024
39.05925180400004,coredns,4925,0.28,0.9641255004207819,65748,42400
40.08052627400002,nodestore,4284,3.79,11.75002445718655,68632,68904
40.08052627400002,nodeapiserver,4305,11.98,33.29173596202856,367116,367544
40.08052627400002,nodescheduler,4298,0.4,2.9375061142966374,67364,67684
40.08052627400002,nodecontroller,4291,1.38,5.875012228593275,128772,129132
40.08052627400002,nodelet,4427,2.49,13.708361866717643,110092,107602
40.08052627400002,nodeproxy,4636,0.04,0.0,50436,50744
40.08052627400002,containerd,3698,1.9,4.895843523827729,100212,99170
40.08052627400002,flanneld,5274,0.14,0.9791687047655458,48508,48532
40.08052627400002,coredns,4906,0.27,0.9791687047655458,65672,42028
40.08052627400002,coredns,4925,0.28,0.0,65748,42400
41.171002757,nodestore,4284,3.93,12.83842450364913,68772,69104
41.171002757,nodeapiserver,4305,12.48,45.851516084461174,373852,374040
41.171002757,nodescheduler,4298,0.41,0.9170303216892235,67364,67688
41.171002757,nodecontroller,4291,1.43,4.585151608446117,128772,129136
41.171002757,nodelet,4427,2.65,14.672485147027576,110092,107622
41.171002757,nodeproxy,4636,0.04,0.0,50564,50860
41.171002757,containerd,3698,2.12,20.174667077162916,100748,99753
41.171002757,flanneld,5274,0.14,0.0,48508,48532
41.171002757,coredns,4906,0.28,0.9170303216892235,65672,42036
41.171002757,coredns,4925,0.29,0.9170303216892235,65748,42404
42.19263187800004,nodestore,4284,4.01,7.830630348681728,68772,69156
42.19263187800004,nodeapiserver,4305,12.76,27.40720622038605,373980,374048
42.19263187800004,nodescheduler,4298,0.43,1.957657587170432,67364,67688
42.19263187800004,nodecontroller,4291,1.46,2.936486380755648,128772,129140
42.19263187800004,nodelet,4427,2.69,3.915315174340864,110092,107622
42.19263187800004,nodeproxy,4636,0.04,0.0,50564,50860
42.19263187800004,containerd,3698,2.15,2.936486380755648,100748,99753
42.19263187800004,flanneld,5274,0.14,0.0,48508,48532
42.19263187800004,coredns,4906,0.28,0.0,65672,42036
42.19263187800004,coredns,4925,0.3,0.978828793585216,65748,42404
43.21201764900002,nodestore,4284,4.08,6.866880232331764,68772,69176
43.21201764900002,nodeapiserver,4305,13.0,23.543589367994617,373980,374052
43.21201764900002,nodescheduler,4298,0.43,0.0,67364,67688
43.21201764900002,nodecontroller,4291,1.48,1.961965780666218,128772,129140
43.21201764900002,nodelet,4427,2.75,5.885897341998654,110860,108510
43.21201764900002,nodeproxy,4636,0.04,0.0,50564,50860
43.21201764900002,containerd,3698,2.18,2.942948670999327,101132,99753
43.21201764900002,flanneld,5274,0.15,0.980982890333109,48508,48532
43.21201764900002,coredns,4906,0.3,1.961965780666218,65672,42036
43.21201764900002,coredns,4925,0.3,0.0,65748,42404
44.22442055800002,nodestore,4284,4.19,10.86523942415892,68772,69208
44.22442055800002,nodeapiserver,4305,13.31,30.620220195356957,373980,374052
44.22442055800002,nodescheduler,4298,0.44,0.9877490385599019,67364,67692
44.22442055800002,nodecontroller,4291,1.52,3.9509961542396077,128772,129140
44.22442055800002,nodelet,4427,2.84,8.889741347039116,110860,108522
44.22442055800002,nodeproxy,4636,0.04,0.0,50564,50860
44.22442055800002,containerd,3698,2.22,3.9509961542396077,101132,99761
44.22442055800002,flanneld,5274,0.15,0.0,48508,48532
44.22442055800002,coredns,4906,0.3,0.0,65672,42036
44.22442055800002,coredns,4925,0.3,0.0,65748,42408
45.24289737000004,nodestore,4284,4.27,7.854867097357014,68772,69236
45.24289737000004,nodeapiserver,4305,13.58,26.510176453579923,373980,374056
45.24289737000004,nodescheduler,4298,0.45,0.9818583871696267,67364,67692
45.24289737000004,nodecontroller,4291,1.55,2.9455751615088803,128772,129140
45.24289737000004,nodelet,4427,2.88,3.927433548678507,110860,108524
45.24289737000004,nodeproxy,4636,0.04,0.0,50564,50860
45.24289737000004,containerd,3698,2.24,1.9637167743392534,101132,99803
45.24289737000004,flanneld,5274,0.16,0.9818583871696267,48508,48532
45.24289737000004,coredns,4906,0.3,0.0,65672,42036
45.24289737000004,coredns,4925,0.32,1.9637167743392534,65748,42408
46.259375223000006,nodestore,4284,4.37,9.837892651066252,68900,69292
46.259375223000006,nodeapiserver,4305,13.88,29.51367795319875,373980,374068
46.259375223000006,nodescheduler,4298,0.46,0.9837892651066251,67364,67696
46.259375223000006,nodecontroller,4291,1.59,3.9351570604265005,128772,129144
46.259375223000006,nodelet,4427,2.96,7.870314120853001,110860,110694
46.259375223000006,nodeproxy,4636,0.04,0.0,50692,50920
46.259375223000006,containerd,3698,2.34,9.837892651066252,101132,99865
46.259375223000006,flanneld,5274,0.16,0.0,48508,48532
46.259375223000006,coredns,4906,0.32,1.9675785302132502,65672,42036
46.259375223000006,coredns,4925,0.32,0.0,65748,42412
47.309004442,nodestore,4284,4.47,9.527173804791,68900,69392
47.309004442,nodeapiserver,4305,14.18,28.581521414373,373980,374068
47.309004442,nodescheduler,4298,0.48,1.9054347609581999,67364,67712
47.309004442,nodecontroller,4291,1.63,3.8108695219163997,128772,129148
47.309004442,nodelet,4427,3.01,4.7635869023955,115140,112794
47.309004442,nodeproxy,4636,0.05,0.9527173804790999,50820,50976
47.309004442,containerd,3698,2.36,1.9054347609581999,101132,99865
47.309004442,flanneld,5274,0.16,0.0,48508,48532
47.309004442,coredns,4906,0.33,0.9527173804790999,65672,42036
47.309004442,coredns,4925,0.32,0.0,65748,42412
48.33241510700003,nodestore,4284,4.57,9.771248573024907,68900,69456
48.33241510700003,nodeapiserver,4305,14.48,29.31374571907472,373980,374068
48.33241510700003,nodescheduler,4298,0.49,0.9771248573024907,67364,67712
48.33241510700003,nodecontroller,4291,1.65,1.9542497146049813,128772,129148
48.33241510700003,nodelet,4427,3.07,5.862749143814944,115140,112794
48.33241510700003,nodeproxy,4636,0.05,0.0,50820,50976
48.33241510700003,containerd,3698,2.4,3.9084994292099626,101132,99865
48.33241510700003,flanneld,5274,0.17,0.9771248573024907,48508,48532
48.33241510700003,coredns,4906,0.33,0.0,65672,42036
48.33241510700003,coredns,4925,0.34,1.9542497146049813,65748,42420
49.35499616300001,nodestore,4284,4.66,8.801258293601899,68900,69484
49.35499616300001,nodeapiserver,4305,14.75,26.4037748808057,373980,374136
49.35499616300001,nodescheduler,4298,0.49,0.0,67364,67720
49.35499616300001,nodecontroller,4291,1.69,3.911670352711955,128772,129148
49.35499616300001,nodelet,4427,3.12,4.889587940889944,115140,112802
49.35499616300001,nodeproxy,4636,0.05,0.0,50820,50976
49.35499616300001,containerd,3698,2.43,2.9337527645339665,101132,99865
49.35499616300001,flanneld,5274,0.17,0.0,48508,48532
49.35499616300001,coredns,4906,0.34,0.9779175881779888,65672,42044
49.35499616300001,coredns,4925,0.34,0.0,65748,42424
50.368005165,nodestore,4284,4.75,8.884422529544402,68900,69528
50.368005165,nodeapiserver,4305,15.01,25.66610952979494,373980,374148
50.368005165,nodescheduler,4298,0.5,0.9871580588382669,67364,67720
50.368005165,nodecontroller,4291,1.71,1.9743161176765338,128772,129148
50.368005165,nodelet,4427,3.17,4.935790294191335,115140,112810
50.368005165,nodeproxy,4636,0.05,0.0,50820,50976
50.368005165,containerd,3698,2.51,7.897264470706135,100560,99357
50.368005165,flanneld,5274,0.17,0.0,48508,48532
50.368005165,coredns,4906,0.34,0.0,65672,42044
50.368005165,coredns,4925,0.34,0.0,65748,42424
51.404152866000004,nodestore,4284,4.84,8.686020334083588,69028,69552
51.404152866000004,nodeapiserver,4305,15.27,25.09294763179703,373980,374148
51.404152866000004,nodescheduler,4298,0.51,0.965113370453732,67364,67724
51.404152866000004,nodecontroller,4291,1.74,2.895340111361196,128772,129148
51.404152866000004,nodelet,4427,3.2,2.895340111361196,115140,112814
51.404152866000004,nodeproxy,4636,0.05,0.0,50820,50976
51.404152866000004,containerd,3698,2.54,2.895340111361196,100560,99357
51.404152866000004,flanneld,5274,0.17,0.0,48508,48532
51.404152866000004,coredns,4906,0.36,1.930226740907464,65672,42052
51.404152866000004,coredns,4925,0.36,1.930226740907464,65748,42436
52.46188324900004,nodestore,4284,4.99,14.181307676400092,69424,69788
52.46188324900004,nodeapiserver,4305,15.82,51.99812814680034,374108,374192
52.46188324900004,nodescheduler,4298,0.54,2.8362615352800185,67364,67728
52.46188324900004,nodecontroller,4291,1.85,10.399625629360067,129088,129424
52.46188324900004,nodelet,4427,3.47,25.526353817520164,117228,114983
52.46188324900004,nodeproxy,4636,0.06,0.9454205117600061,50948,51128
52.46188324900004,containerd,3698,2.76,20.799251258720133,97952,96769
52.46188324900004,flanneld,5274,0.18,0.9454205117600061,48576,48660
52.46188324900004,coredns,4906,0.37,0.9454205117600061,65672,42148
52.46188324900004,coredns,4925,0.37,0.9454205117600061,65748,42436
53.517254724,nodestore,4284,5.17,17.055605941974797,69600,70028
53.517254724,nodeapiserver,4305,16.22,37.90134653772177,374108,374208
53.517254724,nodescheduler,4298,0.55,0.9475336634430443,67364,67728
53.517254724,nodecontroller,4291,1.94,8.527802970987398,129088,129460
53.517254724,nodelet,4427,3.65,17.055605941974797,117356,115118
53.517254724,nodeproxy,4636,0.06,0.0,51076,51284
53.517254724,containerd,3698,2.97,19.898206932303932,98484,97053
53.517254724,flanneld,5274,0.2,1.8950673268860887,48188,48276
53.517254724,coredns,4906,0.38,0.9475336634430443,65672,42160
53.517254724,coredns,4925,0.38,0.9475336634430443,65748,42440
54.53750910500003,nodestore,4284,5.25,7.841181717993299,69740,70096
54.53750910500003,nodeapiserver,4305,16.5,27.44413601297655,374108,374208
54.53750910500003,nodescheduler,4298,0.56,0.9801477147491624,67364,67728
54.53750910500003,nodecontroller,4291,1.96,1.9602954294983248,129088,129472
54.53750910500003,nodelet,4427,3.78,12.741920291739111,119448,117230
54.53750910500003,nodeproxy,4636,0.06,0.0,51204,51348
54.53750910500003,containerd,3698,3.06,8.821329432742463,98484,97125
54.53750910500003,flanneld,5274,0.2,0.0,48188,48276
54.53750910500003,coredns,4906,0.38,0.0,65672,42160
54.53750910500003,coredns,4925,0.38,0.0,65748,42440
55.55921643600004,nodestore,4284,5.34,8.808784792794894,69740,70128
55.55921643600004,nodeapiserver,4305,16.75,24.468846646652484,374108,374216
55.55921643600004,nodescheduler,4298,0.57,0.9787538658660994,67364,67728
55.55921643600004,nodecontroller,4291,1.99,2.936261597598298,129088,129472
55.55921643600004,nodelet,4427,3.81,2.936261597598298,119448,117234
55.55921643600004,nodeproxy,4636,0.06,0.0,51204,51348
55.55921643600004,containerd,3698,3.07,0.9787538658660994,98484,97169
55.55921643600004,flanneld,5274,0.2,0.0,48188,48276
55.55921643600004,coredns,4906,0.38,0.0,65672,42160
55.55921643600004,coredns,4925,0.38,0.0,65748,42440
56.596003709,nodestore,4284,5.41,6.751626087910396,69740,70172
56.596003709,nodeapiserver,4305,16.99,23.14843230140707,374108,374216
56.596003709,nodescheduler,4298,0.58,0.9645180125586279,67364,67728
56.596003709,nodecontroller,4291,2.01,1.9290360251172558,129088,129476
56.596003709,nodelet,4427,3.87,5.787108075351767,121552,119286
56.596003709,nodeproxy,4636,0.06,0.0,51204,51348
56.596003709,containerd,3698,3.13,5.787108075351767,98484,97169
56.596003709,flanneld,5274,0.2,0.0,48188,48276
56.596003709,coredns,4906,0.4,1.9290360251172558,65672,42160
56.596003709,coredns,4925,0.4,1.9290360251172558,65748,42440
57.61450885600004,nodestore,4284,5.52,10.800141788581016,71884,72276
57.61450885600004,nodeapiserver,4305,17.29,29.454932150675496,374108,374224
57.61450885600004,nodescheduler,4298,0.58,0.0,67364,67728
57.61450885600004,nodecontroller,4291,2.04,2.9454932150675495,129088,129480
57.61450885600004,nodelet,4427,3.91,3.9273242867567326,121552,119294
57.61450885600004,nodeproxy,4636,0.06,0.0,51204,51348
57.61450885600004,containerd,3698,3.15,1.9636621433783663,98484,97169
57.61450885600004,flanneld,5274,0.2,0.0,48188,48276
57.61450885600004,coredns,4906,0.4,0.0,65672,42160
57.61450885600004,coredns,4925,0.4,0.0,65748,42440
58.656374185000004,nodestore,4284,5.64,11.517803372455298,71884,72336
58.656374185000004,nodeapiserver,4305,17.65,34.55341011736589,374108,374240
58.656374185000004,nodescheduler,4298,0.59,0.9598169477046081,67364,67728
58.656374185000004,nodecontroller,4291,2.1,5.758901686227649,129088,129484
58.656374185000004,nodelet,4427,4.02,10.55798642475069,120364,118093
58.656374185000004,nodeproxy,4636,0.07,0.9598169477046081,51204,51488
58.656374185000004,containerd,3698,3.19,3.8392677908184325,98484,97196
58.656374185000004,flanneld,5274,0.21,0.9598169477046081,48188,48276
58.656374185000004,coredns,4906,0.41,0.9598169477046081,65672,42172
58.656374185000004,coredns,4925,0.41,0.9598169477046081,65748,42440
59.710045138,nodestore,4284,5.74,9.490628902247112,72160,72452
59.710045138,nodeapiserver,4305,17.98,31.31907537741547,374108,374240
59.710045138,nodescheduler,4298,0.6,0.9490628902247111,67364,67728
59.710045138,nodecontroller,4291,2.13,2.8471886706741336,129088,129492
59.710045138,nodelet,4427,4.09,6.643440231572979,120364,118094
59.710045138,nodeproxy,4636,0.07,0.0,51204,51516
59.710045138,containerd,3698,3.27,7.592503121797689,98484,97245
59.710045138,flanneld,5274,0.21,0.0,48188,48276
59.710045138,coredns,4906,0.42,0.9490628902247111,65672,42196
59.710045138,coredns,4925,0.42,0.9490628902247111,65748,42440
60.73295052899999,nodestore,4284,5.82,7.820860140525001,72160,72472
60.73295052899999,nodeapiserver,4305,18.26,27.373010491837505,374108,374244
60.73295052899999,nodescheduler,4298,0.61,0.9776075175656251,67364,67728
60.73295052899999,nodecontroller,4291,2.17,3.9104300702625006,129088,129492
60.73295052899999,nodelet,4427,4.12,2.932822552696875,120364,118094
60.73295052899999,nodeproxy,4636,0.07,0.0,51204,51516
60.73295052899999,containerd,3698,3.3,2.932822552696875,98484,97245
60.73295052899999,flanneld,5274,0.21,0.0,48052,48148
60.73295052899999,coredns,4906,0.43,0.9776075175656251,65672,42204
60.73295052899999,coredns,4925,0.42,0.0,65748,42440
61.75233804200002,nodestore,4284,5.93,10.790793353576928,72292,72524
61.75233804200002,nodeapiserver,4305,18.68,41.20121098638463,374108,374312
61.75233804200002,nodescheduler,4298,0.62,0.9809812139615389,67364,67728
61.75233804200002,nodecontroller,4291,2.19,1.9619624279230778,129088,129492
61.75233804200002,nodelet,4427,4.19,6.866868497730773,119580,117230
61.75233804200002,nodeproxy,4636,0.07,0.0,51204,51516
61.75233804200002,containerd,3698,3.31,0.9809812139615389,98484,97245
61.75233804200002,flanneld,5274,0.21,0.0,48052,48148
61.75233804200002,coredns,4906,0.44,0.9809812139615389,65672,42204
61.75233804200002,coredns,4925,0.43,0.9809812139615389,65748,42444
62.77300633499999,nodestore,4284,6.01,7.838001880597483,72292,72540
62.77300633499999,nodeapiserver,4305,18.94,25.47350611194182,374108,374316
62.77300633499999,nodescheduler,4298,0.64,1.9595004701493708,67364,67728
62.77300633499999,nodecontroller,4291,2.23,3.9190009402987416,129088,129492
62.77300633499999,nodelet,4427,4.29,9.797502350746853,119580,117234
62.77300633499999,nodeproxy,4636,0.07,0.0,51204,51516
62.77300633499999,containerd,3698,3.59,27.433006582091195,100276,99069
62.77300633499999,flanneld,5274,0.21,0.0,48052,48148
62.77300633499999,coredns,4906,0.44,0.0,65672,42204
62.77300633499999,coredns,4925,0.44,0.9797502350746854,65748,42448
63.81911503700002,nodestore,4284,6.1,8.603312430910046,72292,72604
63.81911503700002,nodeapiserver,4305,19.22,26.765860896164593,374108,374320
63.81911503700002,nodescheduler,4298,0.65,0.9559236034344496,67364,67732
63.81911503700002,nodecontroller,4291,2.26,2.8677708103033486,129088,129492
63.81911503700002,nodelet,4427,4.38,8.603312430910046,119580,117234
63.81911503700002,nodeproxy,4636,0.07,0.0,51204,51516
63.81911503700002,containerd,3698,3.82,21.98624287899234,100736,99417
63.81911503700002,flanneld,5274,0.22,0.9559236034344496,48052,48148
63.81911503700002,coredns,4906,0.45,0.9559236034344496,65672,42236
63.81911503700002,coredns,4925,0.45,0.9559236034344496,65748,42448
64.84120897000003,nodestore,4284,6.2,9.783836570332056,72292,72728
64.84120897000003,nodeapiserver,4305,19.52,29.351509710996172,374108,374328
64.84120897000003,nodescheduler,4298,0.67,1.9567673140664115,67364,67736
64.84120897000003,nodecontroller,4291,2.3,3.913534628132823,129088,129492
64.84120897000003,nodelet,4427,4.54,15.654138512531292,119580,117230
64.84120897000003,nodeproxy,4636,0.07,0.0,51204,51516
64.84120897000003,containerd,3698,3.96,13.697371198464882,100752,99248
64.84120897000003,flanneld,5274,0.24,1.9567673140664115,48052,48148
64.84120897000003,coredns,4906,0.46,0.9783836570332057,65672,42260
64.84120897000003,coredns,4925,0.45,0.0,65748,42448
65.87048366900001,nodestore,4284,6.33,12.630253141003518,72420,72960
65.87048366900001,nodeapiserver,4305,19.89,35.94764355516386,374108,374344
65.87048366900001,nodescheduler,4298,0.68,0.9715579339233475,67364,67736
65.87048366900001,nodecontroller,4291,2.37,6.800905537463434,133296,133640
65.87048366900001,nodelet,4427,4.72,17.488042810620254,119836,117702
65.87048366900001,nodeproxy,4636,0.07,0.0,51460,51780
65.87048366900001,containerd,3698,4.18,21.374274546313647,100880,99373
65.87048366900001,flanneld,5274,0.24,0.0,48052,48148
65.87048366900001,coredns,4906,0.47,0.9715579339233475,65800,42348
65.87048366900001,coredns,4925,0.46,0.9715579339233475,65748,42452
66.89990971600002,nodestore,4284,6.45,11.656981125522094,72876,73176
66.89990971600002,nodeapiserver,4305,20.2,30.113867907598745,374108,374344
66.89990971600002,nodescheduler,4298,0.69,0.9714150937935079,67364,67736
66.89990971600002,nodecontroller,4291,2.44,6.799905656554556,133296,133660
66.89990971600002,nodelet,4427,4.87,14.571226406902618,120092,117902
66.89990971600002,nodeproxy,4636,0.09,1.9428301875870158,51588,51912
66.89990971600002,containerd,3698,4.26,7.771320750348063,96564,95109
66.89990971600002,flanneld,5274,0.24,0.0,48052,48148
66.89990971600002,coredns,4906,0.48,0.9714150937935079,65800,42348
66.89990971600002,coredns,4925,0.47,0.9714150937935079,65748,42452
67.91569299700001,nodestore,4284,6.54,8.860157642228558,72876,73208
67.91569299700001,nodeapiserver,4305,20.48,27.564934886933298,374108,374360
67.91569299700001,nodescheduler,4298,0.71,1.9689239204952351,67364,67736
67.91569299700001,nodecontroller,4291,2.48,3.9378478409904702,133296,133668
67.91569299700001,nodelet,4427,4.92,4.922309801238088,114132,111838
67.91569299700001,nodeproxy,4636,0.09,0.0,51588,51912
67.91569299700001,containerd,3698,4.27,0.9844619602476176,96564,95145
67.91569299700001,flanneld,5274,0.24,0.0,48052,48148
67.91569299700001,coredns,4906,0.48,0.0,65800,42348
67.91569299700001,coredns,4925,0.47,0.0,65748,42452
68.929500071,nodestore,4284,6.62,7.891047720189817,72876,73244
68.929500071,nodeapiserver,4305,20.76,27.61866702066436,374108,374360
68.929500071,nodescheduler,4298,0.72,0.9863809650237271,67364,67744
68.929500071,nodecontroller,4291,2.51,2.959142895071181,133296,133672
68.929500071,nodelet,4427,4.97,4.931904825118635,114132,111874
68.929500071,nodeproxy,4636,0.09,0.0,51588,51912
68.929500071,containerd,3698,4.32,4.931904825118635,97460,96133
68.929500071,flanneld,5274,0.25,0.9863809650237271,48052,48148
68.929500071,coredns,4906,0.49,0.9863809650237271,65800,42348
68.929500071,coredns,4925,0.48,0.9863809650237271,65748,42452
69.94685104900003,nodestore,4284,6.71,8.846504495127917,72876,73292
69.94685104900003,nodeapiserver,4305,21.02,25.55656854148065,374108,374368
69.94685104900003,nodescheduler,4298,0.72,0.0,67364,67744
69.94685104900003,nodecontroller,4291,2.54,2.948834831709306,133296,133680
69.94685104900003,nodelet,4427,5.0,2.948834831709306,114132,111874
69.94685104900003,nodeproxy,4636,0.09,0.0,51588,51912
69.94685104900003,containerd,3698,4.36,3.9317797756124078,97588,96173
69.94685104900003,flanneld,5274,0.25,0.0,48052,48148
69.94685104900003,coredns,4906,0.5,0.9829449439031019,65800,42352
69.94685104900003,coredns,4925,0.49,0.9829449439031019,65876,42460
70.95915760100002,nodestore,4284,6.79,7.902744464307414,72876,73324
70.95915760100002,nodeapiserver,4305,21.27,24.69607645096067,374108,374372
70.95915760100002,nodescheduler,4298,0.73,0.9878430580384268,67364,67748
70.95915760100002,nodecontroller,4291,2.57,2.9635291741152803,133296,133680
70.95915760100002,nodelet,4427,5.05,4.939215290192134,114132,111874
70.95915760100002,nodeproxy,4636,0.09,0.0,51716,51924
70.95915760100002,containerd,3698,4.39,2.9635291741152803,97588,96177
70.95915760100002,flanneld,5274,0.25,0.0,48052,48148
70.95915760100002,coredns,4906,0.5,0.0,65800,42352
70.95915760100002,coredns,4925,0.49,0.0,65876,42460
71.97764665300002,nodestore,4284,6.91,11.782159048676668,75116,75552
71.97764665300002,nodeapiserver,4305,21.76,48.11048278209639,374108,374444
71.97764665300002,nodescheduler,4298,0.74,0.9818465873897223,67364,67748
71.97764665300002,nodecontroller,4291,2.62,4.909232936948611,133296,133696
71.97764665300002,nodelet,4427,5.14,8.836619286507501,114132,111910
71.97764665300002,nodeproxy,4636,0.1,0.9818465873897223,51844,52172
71.97764665300002,containerd,3698,4.41,1.9636931747794446,97588,96177
71.97764665300002,flanneld,5274,0.25,0.0,48052,48148
71.97764665300002,coredns,4906,0.52,1.9636931747794446,65800,42352
71.97764665300002,coredns,4925,0.5,0.9818465873897223,65876,42464
72.99026178500003,nodestore,4284,7.0,8.887878242767492,75252,75584
72.99026178500003,nodeapiserver,4305,22.03,26.663634728302476,374108,374448
72.99026178500003,nodescheduler,4298,0.75,0.9875420269741658,67364,67760
72.99026178500003,nodecontroller,4291,2.66,3.9501681078966633,133296,133700
72.99026178500003,nodelet,4427,5.2,5.925252161844995,117148,114850
72.99026178500003,nodeproxy,4636,0.1,0.0,51844,52176
72.99026178500003,containerd,3698,4.47,5.925252161844995,95668,94193
72.99026178500003,flanneld,5274,0.25,0.0,48052,48148
72.99026178500003,coredns,4906,0.52,0.0,65800,42352
72.99026178500003,coredns,4925,0.51,0.9875420269741658,65876,42464
74.01500682,nodestore,4284,7.08,7.806819966685918,75252,75624
74.01500682,nodeapiserver,4305,22.3,26.348017387564973,374108,374448
74.01500682,nodescheduler,4298,0.75,0.0,67364,67760
74.01500682,nodecontroller,4291,2.67,0.9758524958357397,133296,133700
74.01500682,nodelet,4427,5.31,10.734377454193137,117148,114958
74.01500682,nodeproxy,4636,0.1,0.0,51844,52176
74.01500682,containerd,3698,4.54,6.830967470850179,96308,94937
74.01500682,flanneld,5274,0.26,0.9758524958357397,48052,48148
74.01500682,coredns,4906,0.53,0.9758524958357397,65800,42352
74.01500682,coredns,4925,0.52,0.9758524958357397,65876,42464
75.05069130100003,nodestore,4284,7.15,6.758815187846559,75252,75644
75.05069130100003,nodeapiserver,4305,22.54,23.173080644045342,374108,374448
75.05069130100003,nodescheduler,4298,0.77,1.9310900536704452,67364,67760
75.05069130100003,nodecontroller,4291,2.7,2.8966350805056678,133296,133704
75.05069130100003,nodelet,4427,5.35,3.8621801073408903,117148,114962
75.05069130100003,nodeproxy,4636,0.1,0.0,51844,52176
75.05069130100003,containerd,3698,4.58,3.8621801073408903,96308,94937
75.05069130100003,flanneld,5274,0.26,0.0,48052,48148
75.05069130100003,coredns,4906,0.53,0.0,65800,42352
75.05069130100003,coredns,4925,0.53,0.9655450268352226,65876,42464
76.06800474600004,nodestore,4284,7.24,8.846830880132407,75252,75680
76.06800474600004,nodeapiserver,4305,22.81,26.540492640397222,374108,374460
76.06800474600004,nodescheduler,4298,0.78,0.9829812089036009,67364,67760
76.06800474600004,nodecontroller,4291,2.73,2.9489436267108022,133296,133704
76.06800474600004,nodelet,4427,5.39,3.9319248356144034,117148,114962
76.06800474600004,nodeproxy,4636,0.1,0.0,51844,52176
76.06800474600004,containerd,3698,4.62,3.9319248356144034,96308,94977
76.06800474600004,flanneld,5274,0.26,0.0,48052,48148
76.06800474600004,coredns,4906,0.54,0.9829812089036009,65800,42352
76.06800474600004,coredns,4925,0.54,0.9829812089036009,65876,42464
77.08489082700004,nodestore,4284,7.38,13.767520533108824,75384,75880
77.08489082700004,nodeapiserver,4305,23.18,36.38558998035903,374236,374468
77.08489082700004,nodescheduler,4298,0.79,0.9833943237934873,67364,67764
77.08489082700004,nodecontroller,4291,2.8,6.883760266554412,133296,133720
77.08489082700004,nodelet,4427,5.55,15.734309180695798,117148,114967
77.08489082700004,nodeproxy,4636,0.11,0.9833943237934873,51844,52212
77.08489082700004,containerd,3698,4.75,12.784126209315335,96308,95123
77.08489082700004,flanneld,5274,0.27,0.9833943237934873,48052,48148
77.08489082700004,coredns,4906,0.55,0.9833943237934873,65800,42352
77.08489082700004,coredns,4925,0.54,0.0,65876,42464
78.12766405900004,nodestore,4284,7.53,14.38471907380144,75672,76108
78.12766405900004,nodeapiserver,4305,23.56,36.441288320296984,374236,374492
78.12766405900004,nodescheduler,4298,0.82,2.876943814760288,67364,67768
78.12766405900004,nodecontroller,4291,2.87,6.712868901107339,133296,133736
78.12766405900004,nodelet,4427,5.81,24.93351306125583,115540,113324
78.12766405900004,nodeproxy,4636,0.11,0.0,51972,52260
78.12766405900004,containerd,3698,4.99,23.015550518082303,94308,93217
78.12766405900004,flanneld,5274,0.28,0.9589812715867626,48052,48216
78.12766405900004,coredns,4906,0.56,0.9589812715867626,65800,42352
78.12766405900004,coredns,4925,0.56,1.9179625431735252,65876,42468
79.17569869100004,nodestore,4284,7.6,6.6791685944973835,75940,76188
79.17569869100004,nodeapiserver,4305,23.96,38.16667768284219,374236,374500
79.17569869100004,nodescheduler,4298,0.83,0.9541669420710547,67364,67768
79.17569869100004,nodecontroller,4291,2.89,1.9083338841421094,133296,133736
79.17569869100004,nodelet,4427,5.85,3.8166677682842187,116564,114258
79.17569869100004,nodeproxy,4636,0.11,0.0,51972,52260
79.17569869100004,containerd,3698,5.05,5.725001652426329,94308,93261
79.17569869100004,flanneld,5274,0.29,0.9541669420710547,48052,48216
79.17569869100004,coredns,4906,0.56,0.0,65800,42352
79.17569869100004,coredns,4925,0.56,0.0,65876,42468
80.19680224000001,nodestore,4284,7.7,9.793326063545246,75940,76204
80.19680224000001,nodeapiserver,4305,24.24,27.421312977926693,374364,374632
80.19680224000001,nodescheduler,4298,0.83,0.0,67364,67768
80.19680224000001,nodecontroller,4291,2.92,2.9379978190635736,133296,133736
80.19680224000001,nodelet,4427,5.9,4.896663031772623,116564,114310
80.19680224000001,nodeproxy,4636,0.11,0.0,51972,52260
80.19680224000001,containerd,3698,5.07,1.9586652127090491,95460,94253
80.19680224000001,flanneld,5274,0.3,0.9793326063545246,48052,48216
80.19680224000001,coredns,4906,0.56,0.0,65800,42352
80.19680224000001,coredns,4925,0.57,0.9793326063545246,65876,42468
81.21900629100003,nodestore,4284,7.8,9.782782596309467,75940,76244
81.21900629100003,nodeapiserver,4305,24.54,29.348347788928397,374364,374648
81.21900629100003,nodescheduler,4298,0.84,0.9782782596309466,67364,67768
81.21900629100003,nodecontroller,4291,2.96,3.9131130385237864,133296,133740
81.21900629100003,nodelet,4427,5.95,4.891391298154733,116564,114374
81.21900629100003,nodeproxy,4636,0.11,0.0,51972,52260
81.21900629100003,containerd,3698,5.09,1.9565565192618932,95460,94297
81.21900629100003,flanneld,5274,0.3,0.0,48052,48216
81.21900629100003,coredns,4906,0.58,1.9565565192618932,65800,42352
81.21900629100003,coredns,4925,0.57,0.0,65876,42472
82.23794892800004,nodestore,4284,7.88,7.8512761263516815,75940,76272
82.23794892800004,nodeapiserver,4305,24.83,28.460875958024843,374364,374652
82.23794892800004,nodescheduler,4298,0.84,0.0,67364,67768
82.23794892800004,nodecontroller,4291,2.99,2.9442285473818806,133296,133740
82.23794892800004,nodelet,4427,6.03,7.8512761263516815,117056,114810
82.23794892800004,nodeproxy,4636,0.11,0.0,51972,52260
82.23794892800004,containerd,3698,5.15,5.888457094763761,95460,94341
82.23794892800004,flanneld,5274,0.3,0.0,48052,48216
82.23794892800004,coredns,4906,0.59,0.9814095157939602,65800,42352
82.23794892800004,coredns,4925,0.58,0.9814095157939602,65876,42472
83.26416845400001,nodestore,4284,7.99,10.718954104173072,75940,76384
83.26416845400001,nodeapiserver,4305,25.17,33.13131268562586,374364,374656
83.26416845400001,nodescheduler,4298,0.86,1.948900746213286,67364,67772
83.26416845400001,nodecontroller,4291,3.03,3.897801492426572,135432,135824
83.26416845400001,nodelet,4427,6.11,7.795602984853144,117056,114810
83.26416845400001,nodeproxy,4636,0.11,0.0,51972,52264
83.26416845400001,containerd,3698,5.21,5.846702238639858,95460,94345
83.26416845400001,flanneld,5274,0.3,0.0,48052,48216
83.26416845400001,coredns,4906,0.59,0.0,65800,42352
83.26416845400001,coredns,4925,0.59,0.974450373106643,65876,42472
84.296928466,nodestore,4284,8.07,7.746233304006093,75940,76448
84.296928466,nodeapiserver,4305,25.43,25.175258238019804,374364,374660
84.296928466,nodescheduler,4298,0.87,0.9682791630007617,67364,67776
84.296928466,nodecontroller,4291,3.05,1.9365583260015233,135432,135836
84.296928466,nodelet,4427,6.21,9.682791630007616,117184,114878
84.296928466,nodeproxy,4636,0.11,0.0,51972,52276
84.296928466,containerd,3698,5.26,4.841395815003808,95460,94345
84.296928466,flanneld,5274,0.3,0.0,48052,48216
84.296928466,coredns,4906,0.6,0.9682791630007617,65800,42352
84.296928466,coredns,4925,0.59,0.0,65876,42472
85.31283296600003,nodestore,4284,8.16,8.859100437097881,78056,78540
85.31283296600003,nodeapiserver,4305,25.72,28.54599029731539,374364,374664
85.31283296600003,nodescheduler,4298,0.88,0.9843444930108758,67364,67776
85.31283296600003,nodecontroller,4291,3.09,3.937377972043503,137492,137900
85.31283296600003,nodelet,4427,6.26,4.921722465054379,117184,114878
85.31283296600003,nodeproxy,4636,0.11,0.0,51972,52276
85.31283296600003,containerd,3698,5.27,0.9843444930108758,95460,94345
85.31283296600003,flanneld,5274,0.3,0.0,48052,48216
85.31283296600003,coredns,4906,0.6,0.0,65800,42352
85.31283296600003,coredns,4925,0.6,0.9843444930108758,65876,42476
86.332206337,nodestore,4284,8.24,7.847958586707304,78056,78548
86.332206337,nodeapiserver,4305,25.97,24.524870583460324,374364,374664
86.332206337,nodescheduler,4298,0.89,0.980994823338413,67364,67776
86.332206337,nodecontroller,4291,3.15,5.8859689400304775,137492,137944
86.332206337,nodelet,4427,6.29,2.9429844700152388,117184,114878
86.332206337,nodeproxy,4636,0.11,0.0,51972,52276
86.332206337,containerd,3698,5.32,4.904974116692065,95588,94433
86.332206337,flanneld,5274,0.3,0.0,48052,48216
86.332206337,coredns,4906,0.61,0.980994823338413,65800,42352
86.332206337,coredns,4925,0.61,0.980994823338413,65876,42476
87.35677116100004,nodestore,4284,8.33,8.784217249293022,78188,78612
87.35677116100004,nodeapiserver,4305,26.27,29.28072416431007,374364,374664
87.35677116100004,nodescheduler,4298,0.89,0.0,67364,67776
87.35677116100004,nodecontroller,4291,3.18,2.928072416431007,137492,137948
87.35677116100004,nodelet,4427,6.36,6.832168971672351,117696,115418
87.35677116100004,nodeproxy,4636,0.11,0.0,51972,52276
87.35677116100004,containerd,3698,5.4,7.808193110482685,95588,94449
87.35677116100004,flanneld,5274,0.3,0.0,48052,48216
87.35677116100004,coredns,4906,0.62,0.9760241388103357,65800,42352
87.35677116100004,coredns,4925,0.62,0.9760241388103357,65876,42476
88.37165256900005,nodestore,4284,8.41,7.8826944083696695,78188,78640
88.37165256900005,nodeapiserver,4305,26.53,25.618756827201427,374364,374668
88.37165256900005,nodescheduler,4298,0.9,0.9853368010462087,67364,67776
88.37165256900005,nodecontroller,4291,3.2,1.9706736020924174,137492,137948
88.37165256900005,nodelet,4427,6.39,2.956010403138626,117824,115466
88.37165256900005,nodeproxy,4636,0.11,0.0,51972,52276
88.37165256900005,containerd,3698,5.41,0.9853368010462087,96612,95429
88.37165256900005,flanneld,5274,0.3,0.0,48180,48216
88.37165256900005,coredns,4906,0.62,0.0,65800,42352
88.37165256900005,coredns,4925,0.62,0.0,65876,42476
89.41004319000001,nodestore,4284,8.5,8.667258561458373,78188,78752
89.41004319000001,nodeapiserver,4305,26.81,26.964804413426055,374364,374672
89.41004319000001,nodescheduler,4298,0.93,2.8890861871527913,67364,67780
89.41004319000001,nodecontroller,4291,3.24,3.8521149162037216,137492,137952
89.41004319000001,nodelet,4427,6.53,13.482402206713028,118208,116028
89.41004319000001,nodeproxy,4636,0.11,0.0,51972,52276
89.41004319000001,containerd,3698,5.55,13.482402206713028,97636,96423
89.41004319000001,flanneld,5274,0.33,2.8890861871527913,48436,48600
89.41004319000001,coredns,4906,0.63,0.9630287290509304,65800,42352
89.41004319000001,coredns,4925,0.63,0.9630287290509304,65876,42480
90.45426524300001,nodestore,4284,8.65,14.364760787138845,78444,78956
90.45426524300001,nodeapiserver,4305,27.3,46.92488523798689,374492,374696
90.45426524300001,nodescheduler,4298,0.94,0.9576507191425896,67364,67784
90.45426524300001,nodecontroller,4291,3.3,5.7459043148555375,137620,137972
90.45426524300001,nodelet,4427,6.75,21.068315821136974,114856,112595
90.45426524300001,nodeproxy,4636,0.12,0.9576507191425896,51972,52296
90.45426524300001,containerd,3698,5.78,22.025966540279562,98800,97614
90.45426524300001,flanneld,5274,0.33,0.0,48436,48600
90.45426524300001,coredns,4906,0.63,0.0,65928,42364
90.45426524300001,coredns,4925,0.64,0.9576507191425896,65876,42484
91.54883788699999,nodestore,4284,8.8,13.70397851821359,79012,79132
91.54883788699999,nodeapiserver,4305,27.71,37.457541283117145,374492,374712
91.54883788699999,nodescheduler,4298,0.95,0.913598567880906,67364,67784
91.54883788699999,nodecontroller,4291,3.37,6.395189975166343,137620,137992
91.54883788699999,nodelet,4427,6.87,10.963182814570873,112260,110058
91.54883788699999,nodeproxy,4636,0.13,0.913598567880906,52100,52392
91.54883788699999,containerd,3698,5.82,3.654394271523624,98800,97629
91.54883788699999,flanneld,5274,0.33,0.0,48436,48600
91.54883788699999,coredns,4906,0.64,0.913598567880906,65928,42372
91.54883788699999,coredns,4925,0.65,0.913598567880906,65876,42484
92.57079259400007,nodestore,4284,8.88,7.828135577049009,79012,79168
92.57079259400007,nodeapiserver,4305,27.99,27.398474519671534,374492,374716
92.57079259400007,nodescheduler,4298,0.96,0.9785169471311261,67364,67784
92.57079259400007,nodecontroller,4291,3.4,2.935550841393378,137620,137992
92.57079259400007,nodelet,4427,6.92,4.892584735655631,112900,110670
92.57079259400007,nodeproxy,4636,0.13,0.0,52100,52396
92.57079259400007,containerd,3698,5.86,3.9140677885245045,99696,98609
92.57079259400007,flanneld,5274,0.34,0.9785169471311261,48436,48600
92.57079259400007,coredns,4906,0.64,0.0,65928,42376
92.57079259400007,coredns,4925,0.66,0.9785169471311261,65876,42484
93.59938578399999,nodestore,4284,8.97,8.749814880653316,79012,79224
93.59938578399999,nodeapiserver,4305,28.27,27.221646295365876,374492,374716
93.59938578399999,nodescheduler,4298,0.96,0.0,67364,67784
93.59938578399999,nodecontroller,4291,3.42,1.944403306811848,137620,137992
93.59938578399999,nodelet,4427,6.98,5.833209920435544,112900,110718
93.59938578399999,nodeproxy,4636,0.13,0.0,52100,52396
93.59938578399999,containerd,3698,5.95,8.749814880653316,99696,98665
93.59938578399999,flanneld,5274,0.34,0.0,48436,48600
93.59938578399999,coredns,4906,0.65,0.972201653405924,65928,42376
93.59938578399999,coredns,4925,0.67,0.972201653405924,65876,42484
94.62050224699999,nodestore,4284,9.05,7.834561766339881,79012,79244
94.62050224699999,nodeapiserver,4305,28.51,23.503685299019644,374492,374720
94.62050224699999,nodescheduler,4298,0.98,1.9586404415849703,67364,67784
94.62050224699999,nodecontroller,4291,3.44,1.9586404415849703,137620,137992
94.62050224699999,nodelet,4427,7.09,10.772522428717336,112872,110598
94.62050224699999,nodeproxy,4636,0.13,0.0,52100,52396
94.62050224699999,containerd,3698,5.99,3.9172808831699406,99696,98665
94.62050224699999,flanneld,5274,0.34,0.0,48436,48600
94.62050224699999,coredns,4906,0.66,0.9793202207924852,65928,42380
94.62050224699999,coredns,4925,0.67,0.0,65876,42484
95.64200145799998,nodestore,4284,9.15,9.789532769399354,79012,79280
95.64200145799998,nodeapiserver,4305,28.81,29.368598308198067,374492,374724
95.64200145799998,nodescheduler,4298,0.99,0.9789532769399355,67364,67784
95.64200145799998,nodecontroller,4291,3.48,3.915813107759742,137620,138000
95.64200145799998,nodelet,4427,7.13,3.915813107759742,113768,111574
95.64200145799998,nodeproxy,4636,0.13,0.0,52100,52396
95.64200145799998,containerd,3698,6.01,1.957906553879871,99696,98665
95.64200145799998,flanneld,5274,0.34,0.0,48436,48600
95.64200145799998,coredns,4906,0.67,0.9789532769399355,66056,42392
95.64200145799998,coredns,4925,0.68,0.9789532769399355,65876,42484
96.668270205,nodestore,4284,9.25,9.744036373739277,79144,79460
96.668270205,nodeapiserver,4305,29.15,33.12972367071354,374492,374736
96.668270205,nodescheduler,4298,0.99,0.0,67364,67784
96.668270205,nodecontroller,4291,3.53,4.872018186869639,137620,138004
96.668270205,nodelet,4427,7.21,7.795229098991421,113768,111622
96.668270205,nodeproxy,4636,0.13,0.0,52100,52400
96.668270205,containerd,3698,6.05,3.8976145494957106,99696,98669
96.668270205,flanneld,5274,0.34,0.0,48436,48600
96.668270205,coredns,4906,0.68,0.9744036373739277,66056,42468
96.668270205,coredns,4925,0.69,0.9744036373739277,65876,42488
97.68485124400001,nodestore,4284,9.34,8.853204668122732,79144,79512
97.68485124400001,nodeapiserver,4305,29.43,27.543303411937394,374492,374736
97.68485124400001,nodescheduler,4298,1.0,0.9836894075691925,67364,67784
97.68485124400001,nodecontroller,4291,3.56,2.9510682227075775,137620,138008
97.68485124400001,nodelet,4427,7.27,5.902136445415155,113768,111622
97.68485124400001,nodeproxy,4636,0.13,0.0,52100,52400
97.68485124400001,containerd,3698,6.14,8.853204668122732,99824,98869
97.68485124400001,flanneld,5274,0.35,0.9836894075691925,48436,48600
97.68485124400001,coredns,4906,0.69,0.9836894075691925,66056,42492
97.68485124400001,coredns,4925,0.69,0.0,65876,42488
98.70449025699997,nodestore,4284,9.43,8.826653242229712,79144,79540
98.70449025699997,nodeapiserver,4305,29.69,25.4992204775525,374492,374736
98.70449025699997,nodescheduler,4298,1.02,1.9614784982732694,67364,67784
98.70449025699997,nodecontroller,4291,3.59,2.942217747409904,137620,138012
98.70449025699997,nodelet,4427,7.31,3.9229569965465387,114792,112598
98.70449025699997,nodeproxy,4636,0.13,0.0,52100,52400
98.70449025699997,containerd,3698,6.16,1.9614784982732694,99824,98869
98.70449025699997,flanneld,5274,0.35,0.0,48436,48600
98.70449025699997,coredns,4906,0.7,0.9807392491366347,66056,42508
98.70449025699997,coredns,4925,0.7,0.9807392491366347,65876,42488
99.72148754400007,nodestore,4284,9.51,7.866294337517987,79144,79568
99.72148754400007,nodeapiserver,4305,29.96,26.548743389123207,382852,383056
99.72148754400007,nodescheduler,4298,1.02,0.0,67364,67784
99.72148754400007,nodecontroller,4291,3.62,2.949860376569245,137620,138012
99.72148754400007,nodelet,4427,7.34,2.949860376569245,114792,112598
99.72148754400007,nodeproxy,4636,0.13,0.0,52100,52400
99.72148754400007,containerd,3698,6.19,2.949860376569245,99824,98869
99.72148754400007,flanneld,5274,0.35,0.0,48436,48600
99.72148754400007,coredns,4906,0.7,0.0,66056,42508
99.72148754400007,coredns,4925,0.7,0.0,65876,42488
100.73992512799998,nodestore,4284,9.6,8.837065855967838,79144,79600
100.73992512799998,nodeapiserver,4305,30.25,28.47498998034081,393316,393516
100.73992512799998,nodescheduler,4298,1.03,0.9818962062186487,67364,67784
100.73992512799998,nodecontroller,4291,3.64,1.9637924124372974,137620,138012
100.73992512799998,nodelet,4427,7.41,6.873273443530542,114484,112186
100.73992512799998,nodeproxy,4636,0.13,0.0,52100,52400
100.73992512799998,containerd,3698,6.22,2.945688618655946,99824,98873
100.73992512799998,flanneld,5274,0.35,0.0,48436,48600
100.73992512799998,coredns,4906,0.71,0.9818962062186487,66056,42508
100.73992512799998,coredns,4925,0.71,0.9818962062186487,65876,42496
101.76531903800003,nodestore,4284,9.73,12.678054621954397,79300,79748
101.76531903800003,nodeapiserver,4305,30.74,47.78651357505888,393316,393548
101.76531903800003,nodescheduler,4298,1.05,1.950469941839138,67364,67784
101.76531903800003,nodecontroller,4291,3.7,5.851409825517415,137620,138024
101.76531903800003,nodelet,4427,7.54,12.678054621954397,114484,112185
101.76531903800003,nodeproxy,4636,0.14,0.975234970919569,52100,52404
101.76531903800003,containerd,3698,6.34,11.70281965103483,99952,98880
101.76531903800003,flanneld,5274,0.37,1.950469941839138,48300,48472
101.76531903800003,coredns,4906,0.72,0.975234970919569,66056,42508
101.76531903800003,coredns,4925,0.72,0.975234970919569,65876,42496
102.82613263500002,nodestore,4284,9.86,12.2547448833276,79580,79952
102.82613263500002,nodeapiserver,4305,31.08,32.05087123331834,393316,393564
102.82613263500002,nodescheduler,4298,1.06,0.9426726833328923,67364,67784
102.82613263500002,nodecontroller,4291,3.8,9.426726833328923,137620,138044
102.82613263500002,nodelet,4427,7.76,20.73879903332363,114996,112588
102.82613263500002,nodeproxy,4636,0.14,0.0,52100,52404
102.82613263500002,containerd,3698,6.58,22.624144399989415,104000,103072
102.82613263500002,flanneld,5274,0.37,0.0,48300,48472
102.82613263500002,coredns,4906,0.73,0.9426726833328923,66056,42508
102.82613263500002,coredns,4925,0.73,0.9426726833328923,65876,42500
103.86303913500001,nodestore,4284,9.98,11.572885308366914,79864,80096
103.86303913500001,nodeapiserver,4305,31.45,35.683063034131315,393316,393576
103.86303913500001,nodescheduler,4298,1.07,0.9644071090305761,67364,67784
103.86303913500001,nodecontroller,4291,3.85,4.822035545152881,137620,138048
103.86303913500001,nodelet,4427,7.9,13.501699526428068,115380,113129
103.86303913500001,nodeproxy,4636,0.15,0.9644071090305761,52100,52412
103.86303913500001,containerd,3698,6.7,11.572885308366914,103060,101820
103.86303913500001,flanneld,5274,0.38,0.9644071090305761,48428,48536
103.86303913500001,coredns,4906,0.74,0.9644071090305761,66056,42516
103.86303913500001,coredns,4925,0.74,0.9644071090305761,65876,42500
104.87652198299998,nodestore,4284,10.06,7.893572166304941,79864,80128
104.87652198299998,nodeapiserver,4305,31.7,24.66741301970294,393316,393576
104.87652198299998,nodescheduler,4298,1.08,0.9866965207881176,67364,67784
104.87652198299998,nodecontroller,4291,3.88,2.960089562364353,137620,138048
104.87652198299998,nodelet,4427,8.01,10.853661728669294,117044,114801
104.87652198299998,nodeproxy,4636,0.15,0.0,52100,52412
104.87652198299998,containerd,3698,6.75,4.933482603940588,104212,103104
104.87652198299998,flanneld,5274,0.38,0.0,48428,48536
104.87652198299998,coredns,4906,0.74,0.0,66056,42528
104.87652198299998,coredns,4925,0.74,0.0,65876,42508
105.88947807600005,nodestore,4284,10.15,8.884886583133838,79864,80168
105.88947807600005,nodeapiserver,4305,31.97,26.654659749401514,393316,393576
105.88947807600005,nodescheduler,4298,1.09,0.9872096203482041,67364,67784
105.88947807600005,nodecontroller,4291,3.91,2.9616288610446126,137620,138048
105.88947807600005,nodelet,4427,8.05,3.9488384813928166,117044,114801
105.88947807600005,nodeproxy,4636,0.15,0.0,52100,52412
105.88947807600005,containerd,3698,6.76,0.9872096203482041,104212,103104
105.88947807600005,flanneld,5274,0.38,0.0,48428,48536
105.88947807600005,coredns,4906,0.75,0.9872096203482041,66056,42544
105.88947807600005,coredns,4925,0.75,0.9872096203482041,65876,42508
106.90913636200003,nodestore,4284,10.22,6.865044982334536,79864,80180
106.90913636200003,nodeapiserver,4305,32.21,23.537297082289832,393316,393580
106.90913636200003,nodescheduler,4298,1.09,0.0,67364,67784
106.90913636200003,nodecontroller,4291,3.93,1.9614414235241528,137620,138048
106.90913636200003,nodelet,4427,8.08,2.942162135286229,117556,115265
106.90913636200003,nodeproxy,4636,0.15,0.0,52100,52412
106.90913636200003,containerd,3698,6.82,5.884324270572458,103128,101996
106.90913636200003,flanneld,5274,0.38,0.0,48428,48536
106.90913636200003,coredns,4906,0.76,0.9807207117620764,66056,42560
106.90913636200003,coredns,4925,0.75,0.0,65876,42508
107.94876705000001,nodestore,4284,10.31,8.65692029283393,79864,80232
107.94876705000001,nodeapiserver,4305,32.49,26.9326409110389,393316,393584
107.94876705000001,nodescheduler,4298,1.1,0.9618800325371034,67364,67784
107.94876705000001,nodecontroller,4291,3.97,3.8475201301484137,137620,138048
107.94876705000001,nodelet,4427,8.14,5.77128019522262,117556,115265
107.94876705000001,nodeproxy,4636,0.15,0.0,52100,52412
107.94876705000001,containerd,3698,6.88,5.77128019522262,103128,102072
107.94876705000001,flanneld,5274,0.38,0.0,48428,48472
107.94876705000001,coredns,4906,0.76,0.0,66056,42576
107.94876705000001,coredns,4925,0.76,0.9618800325371034,65876,42508
108.97139842700005,nodestore,4284,10.42,10.756564141684441,79992,80404
108.97139842700005,nodeapiserver,4305,32.83,33.24756189247918,393316,393588
108.97139842700005,nodescheduler,4298,1.13,2.933608402277575,67492,67792
108.97139842700005,nodecontroller,4291,4.01,3.911477869703433,137620,138068
108.97139842700005,nodelet,4427,8.23,8.800825206832725,117556,115265
108.97139842700005,nodeproxy,4636,0.15,0.0,52100,52412
108.97139842700005,containerd,3698,6.91,2.933608402277575,103128,102072
108.97139842700005,flanneld,5274,0.4,1.9557389348517165,48428,48472
108.97139842700005,coredns,4906,0.77,0.9778694674258582,66056,42592
108.97139842700005,coredns,4925,0.77,0.9778694674258582,65876,42508
109.99508537999998,nodestore,4284,10.5,7.814889089438844,80120,80436
109.99508537999998,nodeapiserver,4305,33.1,26.375250676856098,393316,393592
109.99508537999998,nodescheduler,4298,1.14,0.9768611361798555,67492,67792
109.99508537999998,nodecontroller,4291,4.03,1.953722272359711,137620,138072
109.99508537999998,nodelet,4427,8.26,2.930583408539566,117556,115265
109.99508537999998,nodeproxy,4636,0.15,0.0,52100,52412
109.99508537999998,containerd,3698,6.94,2.930583408539566,103128,102072
109.99508537999998,flanneld,5274,0.4,0.0,48428,48472
109.99508537999998,coredns,4906,0.78,0.9768611361798555,66056,42600
109.99508537999998,coredns,4925,0.78,0.9768611361798555,65876,42508
111.01100386600001,nodestore,4284,10.61,10.82764035853921,82196,82512
111.01100386600001,nodeapiserver,4305,33.46,35.435913900673775,393316,393600
111.01100386600001,nodescheduler,4298,1.14,0.0,67492,67796
111.01100386600001,nodecontroller,4291,4.07,3.9373237667415304,137620,138072
111.01100386600001,nodelet,4427,8.3,3.9373237667415304,117556,115265
111.01100386600001,nodeproxy,4636,0.15,0.0,52100,52412
111.01100386600001,containerd,3698,6.96,1.9686618833707652,103128,102072
111.01100386600001,flanneld,5274,0.4,0.0,48428,48472
111.01100386600001,coredns,4906,0.78,0.0,66056,42600
111.01100386600001,coredns,4925,0.79,0.9843309416853826,65876,42508
112.04865655000003,nodestore,4284,10.69,7.709708771880194,82196,82552
112.04865655000003,nodeapiserver,4305,33.79,31.8025486840058,393316,393604
112.04865655000003,nodescheduler,4298,1.15,0.9637135964850243,67492,67796
112.04865655000003,nodecontroller,4291,4.09,1.9274271929700486,137620,138072
112.04865655000003,nodelet,4427,8.36,5.782281578910146,117556,115271
112.04865655000003,nodeproxy,4636,0.15,0.0,52100,52412
112.04865655000003,containerd,3698,7.01,4.8185679824251215,103276,102210
112.04865655000003,flanneld,5274,0.4,0.0,48428,48472
112.04865655000003,coredns,4906,0.78,0.0,66056,42608
112.04865655000003,coredns,4925,0.79,0.0,65876,42508
113.07294730600006,nodestore,4284,10.78,8.786567629630895,82196,82600
113.07294730600006,nodeapiserver,4305,34.07,27.335988181073898,393316,393616
113.07294730600006,nodescheduler,4298,1.17,1.952570584362421,67492,67796
113.07294730600006,nodecontroller,4291,4.11,1.952570584362421,137620,138072
113.07294730600006,nodelet,4427,8.43,6.833997045268474,118324,116045
113.07294730600006,nodeproxy,4636,0.15,0.0,52100,52412
113.07294730600006,containerd,3698,7.1,8.786567629630895,103896,102812
113.07294730600006,flanneld,5274,0.4,0.0,48428,48472
113.07294730600006,coredns,4906,0.79,0.9762852921812105,66056,42612
113.07294730600006,coredns,4925,0.81,1.952570584362421,65876,42508
114.09817226300004,nodestore,4284,10.89,10.729352543453778,82340,82800
114.09817226300004,nodeapiserver,4305,34.44,36.08964037343544,393316,393624
114.09817226300004,nodescheduler,4298,1.19,1.9507913715370506,67492,67804
114.09817226300004,nodecontroller,4291,4.18,6.827769800379678,137620,138080
114.09817226300004,nodelet,4427,8.63,19.507913715370506,118708,116333
114.09817226300004,nodeproxy,4636,0.16,0.9753956857685253,52100,52420
114.09817226300004,containerd,3698,7.23,12.680143914990829,103896,102824
114.09817226300004,flanneld,5274,0.41,0.9753956857685253,48428,48476
114.09817226300004,coredns,4906,0.8,0.9753956857685253,66056,42680
114.09817226300004,coredns,4925,0.81,0.0,65876,42516
115.20062974500001,nodestore,4284,11.02,11.791837973122188,82480,82920
115.20062974500001,nodeapiserver,4305,34.74,27.211933784128124,393316,393632
115.20062974500001,nodescheduler,4298,1.2,0.9070644594709375,67492,67804
115.20062974500001,nodecontroller,4291,4.23,4.535322297354687,137620,138084
115.20062974500001,nodelet,4427,8.84,19.048353648889687,116892,114564
115.20062974500001,nodeproxy,4636,0.16,0.0,52100,52424
115.20062974500001,containerd,3698,7.45,19.955418108360625,102708,101543
115.20062974500001,flanneld,5274,0.42,0.9070644594709375,48428,48540
115.20062974500001,coredns,4906,0.81,0.9070644594709375,66184,42704
115.20062974500001,coredns,4925,0.81,0.0,65876,42516
116.24224852600003,nodestore,4284,11.15,12.480573734969802,82748,83100
116.24224852600003,nodeapiserver,4305,35.12,36.48167707145019,393316,393640
116.24224852600003,nodescheduler,4298,1.22,1.9200882669184312,67492,67804
116.24224852600003,nodecontroller,4291,4.3,6.7203089342145095,137620,138096
116.24224852600003,nodelet,4427,8.96,11.520529601510587,117020,114593
116.24224852600003,nodeproxy,4636,0.17,0.9600441334592156,52100,52444
116.24224852600003,containerd,3698,7.55,9.600441334592155,102404,101264
116.24224852600003,flanneld,5274,0.42,0.0,48428,48540
116.24224852600003,coredns,4906,0.81,0.0,66312,42740
116.24224852600003,coredns,4925,0.83,1.9200882669184312,65876,42520
117.26267905200007,nodestore,4284,11.24,8.819806709702094,82748,83156
117.26267905200007,nodeapiserver,4305,35.37,24.49946308250582,393316,393644
117.26267905200007,nodescheduler,4298,1.23,0.9799785233002328,67492,67804
117.26267905200007,nodecontroller,4291,4.32,1.9599570466004657,137620,138160
117.26267905200007,nodelet,4427,9.01,4.899892616501164,117148,114681
117.26267905200007,nodeproxy,4636,0.17,0.0,52100,52444
117.26267905200007,containerd,3698,7.64,8.819806709702094,101240,99924
117.26267905200007,flanneld,5274,0.42,0.0,48428,48540
117.26267905200007,coredns,4906,0.82,0.9799785233002328,66312,42740
117.26267905200007,coredns,4925,0.84,0.9799785233002328,65876,42520
118.29428815200004,nodestore,4284,11.31,6.785515947852935,82748,83188
118.29428815200004,nodeapiserver,4305,35.63,25.20334494916804,393316,393648
118.29428815200004,nodescheduler,4298,1.23,0.0,67492,67804
118.29428815200004,nodecontroller,4291,4.35,2.9080782633655433,137620,138160
118.29428815200004,nodelet,4427,9.04,2.9080782633655433,117148,114681
118.29428815200004,nodeproxy,4636,0.17,0.0,52100,52444
118.29428815200004,containerd,3698,7.66,1.9387188422436954,101240,99924
118.29428815200004,flanneld,5274,0.42,0.0,48428,48540
118.29428815200004,coredns,4906,0.82,0.0,66312,42744
118.29428815200004,coredns,4925,0.84,0.0,65876,42520
119.31052623300002,nodestore,4284,11.38,6.8881496677549885,82748,83220
119.31052623300002,nodeapiserver,4305,35.91,27.552598671019954,393316,393652
119.31052623300002,nodescheduler,4298,1.24,0.9840213811078554,67492,67804
119.31052623300002,nodecontroller,4291,4.37,1.9680427622157108,137620,138160
119.31052623300002,nodelet,4427,9.08,3.9360855244314217,117148,114785
119.31052623300002,nodeproxy,4636,0.17,0.0,52100,52444
119.31052623300002,containerd,3698,7.7,3.9360855244314217,101240,99924
119.31052623300002,flanneld,5274,0.43,0.9840213811078554,48428,48540
119.31052623300002,coredns,4906,0.84,1.9680427622157108,66312,42744
119.31052623300002,coredns,4925,0.85,0.9840213811078554,65876,42524
120.34051143299996,nodestore,4284,11.47,8.737989633249592,82748,83244
120.34051143299996,nodeapiserver,4305,36.19,27.184856636776512,393316,393652
120.34051143299996,nodescheduler,4298,1.24,0.0,67492,67804
120.34051143299996,nodecontroller,4291,4.4,2.9126632110831974,137620,138160
120.34051143299996,nodelet,4427,9.14,5.825326422166395,117276,114953
120.34051143299996,nodeproxy,4636,0.17,0.0,52100,52444
120.34051143299996,containerd,3698,7.71,0.9708877370277325,101240,100068
120.34051143299996,flanneld,5274,0.43,0.0,48428,48540
120.34051143299996,coredns,4906,0.84,0.0,66312,42744
120.34051143299996,coredns,4925,0.86,0.9708877370277325,65876,42524
121.35614404700004,nodestore,4284,11.61,13.784512044036092,82880,83440
121.35614404700004,nodeapiserver,4305,36.68,48.24579215412631,395436,395756
121.35614404700004,nodescheduler,4298,1.26,1.9692160062908701,67492,67804
121.35614404700004,nodecontroller,4291,4.45,4.923040015727175,137620,138168
121.35614404700004,nodelet,4427,9.23,8.861472028308915,117404,115073
121.35614404700004,nodeproxy,4636,0.17,0.0,52100,52484
121.35614404700004,containerd,3698,7.79,7.8768640251634805,101512,100140
121.35614404700004,flanneld,5274,0.44,0.9846080031454351,48428,48540
121.35614404700004,coredns,4906,0.84,0.0,66312,42744
121.35614404700004,coredns,4925,0.86,0.0,65876,42524
122.373002584,nodestore,4284,11.69,7.867367690694128,83012,83472
122.373002584,nodeapiserver,4305,36.94,25.568944994755917,395436,395760
122.373002584,nodescheduler,4298,1.27,0.983420961336766,67492,67804
122.373002584,nodecontroller,4291,4.47,1.966841922673532,137620,138168
122.373002584,nodelet,4427,9.3,6.883946729357363,117404,115093
122.373002584,nodeproxy,4636,0.17,0.0,52228,52540
122.373002584,containerd,3698,7.85,5.9005257680205965,101512,100140
122.373002584,flanneld,5274,0.44,0.0,48428,48540
122.373002584,coredns,4906,0.86,1.966841922673532,66312,42744
122.373002584,coredns,4925,0.87,0.983420961336766,65876,42524
123.40527640000005,nodestore,4284,11.77,7.749881742616699,83012,83496
123.40527640000005,nodeapiserver,4305,37.2,25.187115663504272,395436,395760
123.40527640000005,nodescheduler,4298,1.28,0.9687352178270874,67492,67808
123.40527640000005,nodecontroller,4291,4.49,1.9374704356541748,137620,138168
123.40527640000005,nodelet,4427,9.36,5.812411306962524,117404,115093
123.40527640000005,nodeproxy,4636,0.17,0.0,52228,52540
123.40527640000005,containerd,3698,7.88,2.906205653481262,102408,101124
123.40527640000005,flanneld,5274,0.44,0.0,48428,48540
123.40527640000005,coredns,4906,0.86,0.0,66312,42744
123.40527640000005,coredns,4925,0.88,0.9687352178270874,65876,42524
124.423791069,nodestore,4284,11.84,6.872753248485915,83012,83532
124.423791069,nodeapiserver,4305,37.45,24.54554731602112,395436,395768
124.423791069,nodescheduler,4298,1.28,0.0,67492,67808
124.423791069,nodecontroller,4291,4.56,6.872753248485915,137620,138172
124.423791069,nodelet,4427,9.46,9.818218926408449,118428,116153
124.423791069,nodeproxy,4636,0.17,0.0,52228,52540
124.423791069,containerd,3698,8.28,39.272875705633794,104712,103436
124.423791069,flanneld,5274,0.44,0.0,48428,48540
124.423791069,coredns,4906,0.87,0.9818218926408449,66312,42744
124.423791069,coredns,4925,0.88,0.0,65876,42524
125.46404530500001,nodestore,4284,11.92,7.690427708097239,83144,83564
125.46404530500001,nodeapiserver,4305,37.69,23.071283124291718,395436,395776
125.46404530500001,nodescheduler,4298,1.29,0.9613034635121549,67492,67808
125.46404530500001,nodecontroller,4291,4.59,2.8839103905364647,137620,138172
125.46404530500001,nodelet,4427,9.56,9.613034635121549,119452,117149
125.46404530500001,nodeproxy,4636,0.17,0.0,52228,52540
125.46404530500001,containerd,3698,8.54,24.99389005131603,104036,102672
125.46404530500001,flanneld,5274,0.44,0.0,48428,48540
125.46404530500001,coredns,4906,0.87,0.0,66312,42756
125.46404530500001,coredns,4925,0.89,0.9613034635121549,65876,42524
126.48323455100001,nodestore,4284,12.02,9.811720481987932,83288,83684
126.48323455100001,nodeapiserver,4305,37.99,29.435161445963796,395436,395776
126.48323455100001,nodescheduler,4298,1.31,1.9623440963975862,67492,67824
126.48323455100001,nodecontroller,4291,4.64,4.905860240993966,137620,138180
126.48323455100001,nodelet,4427,9.7,13.736408674783107,119452,117151
126.48323455100001,nodeproxy,4636,0.17,0.0,52228,52540
126.48323455100001,containerd,3698,8.76,21.58578506037345,102800,101130
126.48323455100001,flanneld,5274,0.44,0.0,48428,48540
126.48323455100001,coredns,4906,0.88,0.9811720481987931,66312,42764
126.48323455100001,coredns,4925,0.9,0.9811720481987931,65876,42524
127.54112039000006,nodestore,4284,12.13,10.398097407559186,83424,83800
127.54112039000006,nodeapiserver,4305,38.29,28.358447475161416,395436,395784
127.54112039000006,nodescheduler,4298,1.33,1.890563165010761,67492,67824
127.54112039000006,nodecontroller,4291,4.69,4.726407912526903,137620,138188
127.54112039000006,nodelet,4427,9.85,14.179223737580708,115960,113655
127.54112039000006,nodeproxy,4636,0.18,0.9452815825053805,52228,52656
127.54112039000006,containerd,3698,8.96,18.905631650107612,99512,97842
127.54112039000006,flanneld,5274,0.47,2.8358447475161417,48428,48476
127.54112039000006,coredns,4906,0.89,0.9452815825053805,66312,42788
127.54112039000006,coredns,4925,0.91,0.9452815825053805,65876,42528
128.58215788500002,nodestore,4284,12.3,16.32986331582681,83596,84068
128.58215788500002,nodeapiserver,4305,38.74,43.226108777188614,395436,395800
128.58215788500002,nodescheduler,4298,1.35,1.9211603900972716,67492,67824
128.58215788500002,nodecontroller,4291,4.77,7.684641560389086,137620,138208
128.58215788500002,nodelet,4427,10.08,22.093344486118625,115228,112853
128.58215788500002,nodeproxy,4636,0.19,0.9605801950486358,52356,52684
128.58215788500002,containerd,3698,9.07,10.566382145534993,98552,96884
128.58215788500002,flanneld,5274,0.47,0.0,48428,48476
128.58215788500002,coredns,4906,0.91,1.9211603900972716,66312,42788
128.58215788500002,coredns,4925,0.92,0.9605801950486358,65876,42528
129.60532083099997,nodestore,4284,12.4,9.773614299750475,83596,84128
129.60532083099997,nodeapiserver,4305,39.04,29.320842899251424,395436,395804
129.60532083099997,nodescheduler,4298,1.36,0.9773614299750475,67492,67824
129.60532083099997,nodecontroller,4291,4.81,3.90944571990019,137620,138216
129.60532083099997,nodelet,4427,10.12,3.90944571990019,115228,112853
129.60532083099997,nodeproxy,4636,0.19,0.0,52356,52692
129.60532083099997,containerd,3698,9.09,1.954722859950095,98552,96884
129.60532083099997,flanneld,5274,0.48,0.9773614299750475,48428,48476
129.60532083099997,coredns,4906,0.91,0.0,66312,42788
129.60532083099997,coredns,4925,0.92,0.0,65876,42528
130.63242899700003,nodestore,4284,12.49,8.762465627207815,83596,84184
130.63242899700003,nodeapiserver,4305,39.31,26.287396881623444,395436,395812
130.63242899700003,nodescheduler,4298,1.37,0.9736072919119794,67492,67832
130.63242899700003,nodecontroller,4291,4.83,1.9472145838239587,137620,138216
130.63242899700003,nodelet,4427,10.18,5.841643751471876,115868,113513
130.63242899700003,nodeproxy,4636,0.2,0.9736072919119794,52484,52700
130.63242899700003,containerd,3698,9.16,6.8152510433838565,98552,96916
130.63242899700003,flanneld,5274,0.48,0.0,48428,48476
130.63242899700003,coredns,4906,0.92,0.9736072919119794,66312,42788
130.63242899700003,coredns,4925,0.94,1.9472145838239587,65876,42528
131.657409905,nodestore,4284,12.57,7.805023427812174,83596,84212
131.657409905,nodeapiserver,4305,39.58,26.34195406886609,395436,395816
131.657409905,nodescheduler,4298,1.38,0.9756279284765218,67492,67836
131.657409905,nodecontroller,4291,4.86,2.9268837854295655,137620,138216
131.657409905,nodelet,4427,10.21,2.9268837854295655,115868,113513
131.657409905,nodeproxy,4636,0.2,0.0,52484,52700
131.657409905,containerd,3698,9.17,0.9756279284765218,99448,97900
131.657409905,flanneld,5274,0.48,0.0,48428,48476
131.657409905,coredns,4906,0.93,0.9756279284765218,66312,42788
131.657409905,coredns,4925,0.94,0.0,65876,42528
132.67874652700004,nodestore,4284,12.65,7.8328729506771015,83724,84240
132.67874652700004,nodeapiserver,4305,39.99,40.14347387222015,399712,399976
132.67874652700004,nodescheduler,4298,1.38,0.0,67492,67836
132.67874652700004,nodecontroller,4291,4.88,1.9582182376692754,137620,138216
132.67874652700004,nodelet,4427,10.3,8.811982069511739,115868,113457
132.67874652700004,nodeproxy,4636,0.2,0.0,52484,52700
132.67874652700004,containerd,3698,9.25,7.8328729506771015,99448,97940
132.67874652700004,flanneld,5274,0.48,0.0,47984,48092
132.67874652700004,coredns,4906,0.93,0.0,66312,42788
132.67874652700004,coredns,4925,0.94,0.0,65876,42528
133.71186163699997,nodestore,4284,12.76,10.647409851551574,83852,84372
133.71186163699997,nodeapiserver,4305,40.34,33.87812225493683,399712,399992
133.71186163699997,nodescheduler,4298,1.39,0.9679463501410521,67492,67836
133.71186163699997,nodecontroller,4291,4.94,5.807678100846313,137620,138220
133.71186163699997,nodelet,4427,10.36,5.807678100846313,115868,113457
133.71186163699997,nodeproxy,4636,0.2,0.0,52484,52736
133.71186163699997,containerd,3698,9.26,0.9679463501410521,99448,97940
133.71186163699997,flanneld,5274,0.5,1.9358927002821043,47984,48092
133.71186163699997,coredns,4906,0.94,0.9679463501410521,66312,42788
133.71186163699997,coredns,4925,0.95,0.9679463501410521,65876,42528
134.731598105,nodestore,4284,12.85,8.82580968948914,83852,84420
134.731598105,nodeapiserver,4305,40.63,28.43872011057611,399712,399992
134.731598105,nodescheduler,4298,1.4,0.9806455210543488,67492,67836
134.731598105,nodecontroller,4291,4.97,2.941936563163046,137620,138220
134.731598105,nodelet,4427,10.46,9.806455210543488,116764,114481
134.731598105,nodeproxy,4636,0.21,0.9806455210543488,52484,52740
134.731598105,containerd,3698,9.34,7.84516416843479,100344,98964
134.731598105,flanneld,5274,0.5,0.0,47984,48092
134.731598105,coredns,4906,0.94,0.0,66312,42788
134.731598105,coredns,4925,0.96,0.9806455210543488,65876,42528
135.766455146,nodestore,4284,12.93,7.730536376569842,83852,84448
135.766455146,nodeapiserver,4305,40.89,25.124243223851984,399712,400000
135.766455146,nodescheduler,4298,1.42,1.9326340941424605,67492,67836
135.766455146,nodecontroller,4291,4.99,1.9326340941424605,137620,138220
135.766455146,nodelet,4427,10.52,5.797902282427382,116764,114481
135.766455146,nodeproxy,4636,0.21,0.0,52484,52740
135.766455146,containerd,3698,9.35,0.9663170470712302,102384,101012
135.766455146,flanneld,5274,0.5,0.0,47984,48092
135.766455146,coredns,4906,0.96,1.9326340941424605,66312,42788
135.766455146,coredns,4925,0.97,0.9663170470712302,65876,42528
136.79419960799999,nodestore,4284,13.02,8.757040619305341,83852,84472
136.79419960799999,nodeapiserver,4305,41.14,24.325112831403725,399712,400004
136.79419960799999,nodescheduler,4298,1.42,0.0,67492,67844
136.79419960799999,nodecontroller,4291,5.02,2.919013539768447,137620,138220
136.79419960799999,nodelet,4427,10.56,3.892018053024596,116764,114481
136.79419960799999,nodeproxy,4636,0.21,0.0,52484,52740
136.79419960799999,containerd,3698,9.42,6.811031592793044,102384,101012
136.79419960799999,flanneld,5274,0.5,0.0,47984,48092
136.79419960799999,coredns,4906,0.96,0.0,66312,42788
136.79419960799999,coredns,4925,0.97,0.0,65876,42528
137.812889982,nodestore,4284,13.11,8.834872920866392,83980,84500
137.812889982,nodeapiserver,4305,41.45,30.431228949650905,399712,400012
137.812889982,nodescheduler,4298,1.42,0.0,67492,67844
137.812889982,nodecontroller,4291,5.06,3.92661018705173,137620,138220
137.812889982,nodelet,4427,10.59,2.944957640288797,116764,114481
137.812889982,nodeproxy,4636,0.21,0.0,52484,52740
137.812889982,containerd,3698,9.44,1.963305093525865,102384,101012
137.812889982,flanneld,5274,0.5,0.0,47984,48092
137.812889982,coredns,4906,0.97,0.9816525467629325,66312,42788
137.812889982,coredns,4925,0.97,0.0,65876,42528
138.83804705,nodestore,4284,13.23,11.705523353032197,84384,84624
138.83804705,nodeapiserver,4305,41.78,32.19018922083854,399840,400020
138.83804705,nodescheduler,4298,1.45,2.926380838258049,67492,67848
138.83804705,nodecontroller,4291,5.1,3.901841117677399,137620,138224
138.83804705,nodelet,4427,10.72,12.680983632451547,117276,115015
138.83804705,nodeproxy,4636,0.21,0.0,52484,52740
138.83804705,containerd,3698,9.52,7.803682235354798,102384,101067
138.83804705,flanneld,5274,0.5,0.0,47984,48092
138.83804705,coredns,4906,0.98,0.9754602794193498,66312,42788
138.83804705,coredns,4925,0.97,0.0,65876,42528
139.87017016200002,nodestore,4284,13.31,7.751013330665372,84512,84764
139.87017016200002,nodeapiserver,4305,42.04,25.19079332466246,399840,400024
139.87017016200002,nodescheduler,4298,1.46,0.9688766663331715,67492,67856
139.87017016200002,nodecontroller,4291,5.18,7.751013330665372,137620,138224
139.87017016200002,nodelet,4427,10.86,13.564273328664404,117404,115130
139.87017016200002,nodeproxy,4636,0.21,0.0,52484,52744
139.87017016200002,containerd,3698,9.73,20.346409992996602,102748,101552
139.87017016200002,flanneld,5274,0.52,1.937753332666343,47976,48028
139.87017016200002,coredns,4906,0.98,0.0,66312,42792
139.87017016200002,coredns,4925,1.0,2.906629998999515,65876,42528
140.93629267799997,nodestore,4284,13.48,15.945634525929844,84652,84972
140.93629267799997,nodeapiserver,4305,42.47,40.33307556558725,399840,400104
140.93629267799997,nodescheduler,4298,1.47,0.937978501525285,67492,67856
140.93629267799997,nodecontroller,4291,5.26,7.50382801220228,137620,138228
140.93629267799997,nodelet,4427,11.06,18.7595700305057,119964,117793
140.93629267799997,nodeproxy,4636,0.21,0.0,52484,52744
140.93629267799997,containerd,3698,9.85,11.255742018303419,101296,99972
140.93629267799997,flanneld,5274,0.52,0.0,47976,48028
140.93629267799997,coredns,4906,0.98,0.0,66312,42796
140.93629267799997,coredns,4925,1.01,0.937978501525285,65876,42532
141.96213617800004,nodestore,4284,13.56,7.798460486418734,84652,84992
141.96213617800004,nodeapiserver,4305,42.73,25.344996580860887,399840,400112
141.96213617800004,nodescheduler,4298,1.48,0.9748075608023418,67492,67856
141.96213617800004,nodecontroller,4291,5.28,1.9496151216046835,137620,138228
141.96213617800004,nodelet,4427,11.09,2.9244226824070254,119964,117825
141.96213617800004,nodeproxy,4636,0.22,0.9748075608023418,52484,52744
141.96213617800004,containerd,3698,9.87,1.9496151216046835,102192,100976
141.96213617800004,flanneld,5274,0.53,0.9748075608023418,47976,48092
141.96213617800004,coredns,4906,1.0,1.9496151216046835,66312,42796
141.96213617800004,coredns,4925,1.01,0.0,65876,42532
143.02284449500007,nodestore,4284,13.64,7.542129982185984,84652,85032
143.02284449500007,nodeapiserver,4305,43.01,26.39745493765095,399840,400132
143.02284449500007,nodescheduler,4298,1.48,0.0,67492,67856
143.02284449500007,nodecontroller,4291,5.31,2.828298743319744,137620,138228
143.02284449500007,nodelet,4427,11.19,9.427662477732481,114580,112057
143.02284449500007,nodeproxy,4636,0.22,0.0,52484,52744
143.02284449500007,containerd,3698,9.94,6.599363734412737,102192,100988
143.02284449500007,flanneld,5274,0.53,0.0,47976,48092
143.02284449500007,coredns,4906,1.0,0.0,66312,42796
143.02284449500007,coredns,4925,1.02,0.942766247773248,65876,42532
144.077465823,nodestore,4284,13.73,8.533868755592357,84652,85056
144.077465823,nodeapiserver,4305,43.43,39.824720859431,401920,402208
144.077465823,nodescheduler,4298,1.49,0.9482076395102619,67492,67856
144.077465823,nodecontroller,4291,5.33,1.8964152790205238,137620,138228
144.077465823,nodelet,4427,11.21,1.8964152790205238,115092,112705
144.077465823,nodeproxy,4636,0.22,0.0,52484,52744
144.077465823,containerd,3698,9.95,0.9482076395102619,102192,100988
144.077465823,flanneld,5274,0.53,0.0,47976,48092
144.077465823,coredns,4906,1.01,0.9482076395102619,66312,42796
144.077465823,coredns,4925,1.03,0.9482076395102619,65876,42532
145.108184307,nodestore,4284,13.81,7.761576147304431,84652,85096
145.108184307,nodeapiserver,4305,43.69,25.2251224787394,401920,402212
145.108184307,nodescheduler,4298,1.51,1.9403940368261077,67492,67860
145.108184307,nodecontroller,4291,5.36,2.9105910552391614,137620,138228
145.108184307,nodelet,4427,11.35,13.582758257782755,113792,111381
145.108184307,nodeproxy,4636,0.22,0.0,52484,52744
145.108184307,containerd,3698,10.02,6.791379128891378,102192,101008
145.108184307,flanneld,5274,0.53,0.0,47976,48092
145.108184307,coredns,4906,1.01,0.0,66312,42796
145.108184307,coredns,4925,1.03,0.0,65876,42532
146.14416076200007,nodestore,4284,13.92,10.618001931326837,84936,85276
146.14416076200007,nodeapiserver,4305,44.03,32.819278696828405,401920,402224
146.14416076200007,nodescheduler,4298,1.52,0.9652729028478944,67492,67860
146.14416076200007,nodecontroller,4291,5.41,4.826364514239472,137620,138228
146.14416076200007,nodelet,4427,11.42,6.756910319935261,113792,111385
146.14416076200007,nodeproxy,4636,0.22,0.0,52484,52744
146.14416076200007,containerd,3698,10.06,3.8610916113915774,101480,100188
146.14416076200007,flanneld,5274,0.53,0.0,47976,48092
146.14416076200007,coredns,4906,1.02,0.9652729028478944,66312,42800
146.14416076200007,coredns,4925,1.05,1.9305458056957887,65876,42532
147.17114596600004,nodestore,4284,13.99,6.816067040436351,84936,85296
147.17114596600004,nodeapiserver,4305,44.26,22.395648847148006,401920,402224
147.17114596600004,nodescheduler,4298,1.53,0.9737238629194785,67492,67860
147.17114596600004,nodecontroller,4291,5.44,2.9211715887584355,137620,138228
147.17114596600004,nodelet,4427,11.46,3.894895451677914,113792,111405
147.17114596600004,nodeproxy,4636,0.23,0.9737238629194785,52484,52752
147.17114596600004,containerd,3698,10.11,4.868619314597392,101480,100232
147.17114596600004,flanneld,5274,0.53,0.0,47976,48092
147.17114596600004,coredns,4906,1.03,0.9737238629194785,66312,42800
147.17114596600004,coredns,4925,1.05,0.0,65876,42532
148.19741638000005,nodestore,4284,14.09,9.744020546226041,85064,85348
148.19741638000005,nodeapiserver,4305,44.56,29.232061638678125,401920,402228
148.19741638000005,nodescheduler,4298,1.53,0.0,67492,67860
148.19741638000005,nodecontroller,4291,5.47,2.9232061638678126,137620,138228
148.19741638000005,nodelet,4427,11.51,4.872010273113021,115456,113293
148.19741638000005,nodeproxy,4636,0.23,0.0,52484,52752
148.19741638000005,containerd,3698,10.13,1.9488041092452084,101480,100276
148.19741638000005,flanneld,5274,0.53,0.0,47976,48092
148.19741638000005,coredns,4906,1.03,0.0,66312,42804
148.19741638000005,coredns,4925,1.07,1.9488041092452084,65876,42532
149.22602098599998,nodestore,4284,14.17,7.777526907166639,85064,85396
149.22602098599998,nodeapiserver,4305,44.83,26.249153311687405,401920,402232
149.22602098599998,nodescheduler,4298,1.55,1.9443817267916597,67492,67860
149.22602098599998,nodecontroller,4291,5.5,2.9165725901874895,137620,138228
149.22602098599998,nodelet,4427,11.57,5.833145180374979,116480,114375
149.22602098599998,nodeproxy,4636,0.23,0.0,52484,52752
149.22602098599998,containerd,3698,10.16,2.9165725901874895,102504,101254
149.22602098599998,flanneld,5274,0.55,1.9443817267916597,47976,47964
149.22602098599998,coredns,4906,1.04,0.9721908633958298,66312,42804
149.22602098599998,coredns,4925,1.07,0.0,65876,42532
150.25567337899997,nodestore,4284,14.25,7.769612399667449,85064,85420
150.25567337899997,nodeapiserver,4305,45.1,26.22244184887764,401920,402236
150.25567337899997,nodescheduler,4298,1.55,0.0,67492,67860
150.25567337899997,nodecontroller,4291,5.52,1.9424030999168622,137620,138228
150.25567337899997,nodelet,4427,11.63,5.827209299750587,116864,114673
150.25567337899997,nodeproxy,4636,0.23,0.0,52484,52752
150.25567337899997,containerd,3698,10.21,4.856007749792155,102504,101256
150.25567337899997,flanneld,5274,0.55,0.0,47976,47964
150.25567337899997,coredns,4906,1.05,0.9712015499584311,66312,42804
150.25567337899997,coredns,4925,1.07,0.0,65876,42532
151.28841484400004,nodestore,4284,14.36,10.651262075546889,85064,85536
151.28841484400004,nodeapiserver,4305,45.42,30.98548967431822,401920,402244
151.28841484400004,nodescheduler,4298,1.58,2.9048896569673333,67492,67924
151.28841484400004,nodecontroller,4291,5.56,3.8731862092897775,137620,138232
151.28841484400004,nodelet,4427,11.73,9.682965523224444,116992,114787
151.28841484400004,nodeproxy,4636,0.23,0.0,52484,52752
151.28841484400004,containerd,3698,10.34,12.587855180191777,102760,101463
151.28841484400004,flanneld,5274,0.55,0.0,47976,47964
151.28841484400004,coredns,4906,1.06,0.9682965523224444,66312,42804
151.28841484400004,coredns,4925,1.08,0.9682965523224444,65876,42540
152.310694215,nodestore,4284,14.5,13.694886541929879,85364,85708
152.310694215,nodeapiserver,4305,45.75,32.280803991691855,401920,402252
152.310694215,nodescheduler,4298,1.59,0.9782061815664199,67492,67924
152.310694215,nodecontroller,4291,5.62,5.869237089398519,137620,138236
152.310694215,nodelet,4427,11.93,19.564123631328396,117376,115041
152.310694215,nodeproxy,4636,0.23,0.0,52484,52764
152.310694215,containerd,3698,10.55,20.542329812894817,102996,101739
152.310694215,flanneld,5274,0.56,0.9782061815664199,48048,48096
152.310694215,coredns,4906,1.07,0.9782061815664199,66312,42808
152.310694215,coredns,4925,1.09,0.9782061815664199,65876,42540
153.34027255,nodestore,4284,14.62,11.65525690670253,85532,85884
153.34027255,nodeapiserver,4305,46.13,36.908313537891345,401920,402260
153.34027255,nodescheduler,4298,1.6,0.9712714088918775,67492,67924
153.34027255,nodecontroller,4291,5.7,7.77017127113502,137620,138244
153.34027255,nodelet,4427,12.1,16.511613951161916,119040,116837
153.34027255,nodeproxy,4636,0.23,0.0,52484,52772
153.34027255,containerd,3698,10.64,8.741442680026896,103508,102336
153.34027255,flanneld,5274,0.56,0.0,48176,48096
153.34027255,coredns,4906,1.08,0.9712714088918775,66312,42808
153.34027255,coredns,4925,1.1,0.9712714088918775,65876,42540
154.35784893599998,nodestore,4284,14.71,8.844544865450755,85532,85940
154.35784893599998,nodeapiserver,4305,46.55,41.27454270543686,408256,408552
154.35784893599998,nodescheduler,4298,1.61,0.9827272072723061,67492,67932
154.35784893599998,nodecontroller,4291,5.72,1.9654544145446122,137620,138248
154.35784893599998,nodelet,4427,12.17,6.879090450906144,119296,117145
154.35784893599998,nodeproxy,4636,0.24,0.9827272072723061,52484,52772
154.35784893599998,containerd,3698,10.72,7.861817658178449,102980,101796
154.35784893599998,flanneld,5274,0.58,1.9654544145446122,48176,48096
154.35784893599998,coredns,4906,1.08,0.0,66312,42808
154.35784893599998,coredns,4925,1.1,0.0,65876,42540
155.37563133599997,nodestore,4284,14.79,7.860226311636063,85532,85972
155.37563133599997,nodeapiserver,4305,46.81,25.545735512817203,408256,408564
155.37563133599997,nodescheduler,4298,1.62,0.9825282889545078,67492,67932
155.37563133599997,nodecontroller,4291,5.75,2.9475848668635236,137620,138248
155.37563133599997,nodelet,4427,12.26,8.84275460059057,123056,120857
155.37563133599997,nodeproxy,4636,0.24,0.0,52484,52772
155.37563133599997,containerd,3698,10.75,2.9475848668635236,102980,101796
155.37563133599997,flanneld,5274,0.58,0.0,48176,48096
155.37563133599997,coredns,4906,1.1,1.9650565779090157,66312,42808
155.37563133599997,coredns,4925,1.11,0.9825282889545078,65876,42544
156.39500627899997,nodestore,4284,14.87,7.847946484201525,85532,85996
156.39500627899997,nodeapiserver,4305,47.07,25.50582607365496,408256,408568
156.39500627899997,nodescheduler,4298,1.63,0.9809933105251907,67492,67932
156.39500627899997,nodecontroller,4291,5.77,1.9619866210503814,137620,138248
156.39500627899997,nodelet,4427,12.31,4.904966552625953,123056,120861
156.39500627899997,nodeproxy,4636,0.24,0.0,52484,52772
156.39500627899997,containerd,3698,10.8,4.904966552625953,102980,101800
156.39500627899997,flanneld,5274,0.58,0.0,48176,48096
156.39500627899997,coredns,4906,1.1,0.0,66312,42816
156.39500627899997,coredns,4925,1.12,0.9809933105251907,65876,42544
157.42310510100003,nodestore,4284,14.97,9.7266914288901,85532,86036
157.42310510100003,nodeapiserver,4305,47.36,28.207405143781283,408256,408576
157.42310510100003,nodescheduler,4298,1.63,0.0,67492,67932
157.42310510100003,nodecontroller,4291,5.81,3.89067657155604,137620,138248
157.42310510100003,nodelet,4427,12.35,3.89067657155604,123056,120861
157.42310510100003,nodeproxy,4636,0.24,0.0,52484,52772
157.42310510100003,containerd,3698,10.82,1.94533828577802,102980,101800
157.42310510100003,flanneld,5274,0.58,0.0,48176,48096
157.42310510100003,coredns,4906,1.1,0.0,66312,42816
157.42310510100003,coredns,4925,1.12,0.0,65876,42544
158.44186762699997,nodestore,4284,15.08,10.797413253106575,85676,86196
158.44186762699997,nodeapiserver,4305,47.71,34.3554058053391,408256,408588
158.44186762699997,nodescheduler,4298,1.65,1.9631660460193774,67492,67936
158.44186762699997,nodecontroller,4291,5.89,7.8526641840775095,139776,140380
158.44186762699997,nodelet,4427,12.46,10.797413253106575,121244,118951
158.44186762699997,nodeproxy,4636,0.24,0.0,52484,52772
158.44186762699997,containerd,3698,10.85,2.944749069029066,102980,101846
158.44186762699997,flanneld,5274,0.58,0.0,47732,47712
158.44186762699997,coredns,4906,1.11,0.9815830230096887,66312,42820
158.44186762699997,coredns,4925,1.13,0.9815830230096887,65876,42548
159.48201453299998,nodestore,4284,15.17,8.652623920798206,85676,86236
159.48201453299998,nodeapiserver,4305,47.99,26.91927442026109,408256,408592
159.48201453299998,nodescheduler,4298,1.66,0.9614026578664674,67492,67936
159.48201453299998,nodecontroller,4291,5.92,2.884207973599402,139776,140388
159.48201453299998,nodelet,4427,12.5,3.8456106314658696,121244,118957
159.48201453299998,nodeproxy,4636,0.24,0.0,52484,52776
159.48201453299998,containerd,3698,10.92,6.729818605065272,102980,101848
159.48201453299998,flanneld,5274,0.58,0.0,47732,47712
159.48201453299998,coredns,4906,1.12,0.9614026578664674,66312,42820
159.48201453299998,coredns,4925,1.14,0.9614026578664674,65876,42548
160.50044319300002,nodestore,4284,15.24,6.873333670715554,85808,86268
160.50044319300002,nodeapiserver,4305,48.25,25.52952506265777,408256,408592
160.50044319300002,nodescheduler,4298,1.67,0.9819048101022219,67492,67936
160.50044319300002,nodecontroller,4291,5.94,1.9638096202044437,139776,140388
160.50044319300002,nodelet,4427,12.53,2.9457144303066656,121244,118957
160.50044319300002,nodeproxy,4636,0.24,0.0,52484,52776
160.50044319300002,containerd,3698,10.95,2.9457144303066656,104004,102824
160.50044319300002,flanneld,5274,0.58,0.0,47732,47712
160.50044319300002,coredns,4906,1.12,0.0,66312,42820
160.50044319300002,coredns,4925,1.15,0.9819048101022219,65876,42548
161.51555355200003,nodestore,4284,15.35,10.836260217890208,85808,86304
161.51555355200003,nodeapiserver,4305,48.55,29.553436957882386,408256,408604
161.51555355200003,nodescheduler,4298,1.67,0.0,67492,67936
161.51555355200003,nodecontroller,4291,5.98,3.940458261050985,139776,140388
161.51555355200003,nodelet,4427,12.58,4.925572826313731,121244,118957
161.51555355200003,nodeproxy,4636,0.24,0.0,52484,52776
161.51555355200003,containerd,3698,10.97,1.9702291305254924,104004,102824
161.51555355200003,flanneld,5274,0.58,0.0,47732,47712
161.51555355200003,coredns,4906,1.14,1.9702291305254924,66312,42820
161.51555355200003,coredns,4925,1.15,0.0,65876,42548
162.53242976499996,nodestore,4284,15.43,7.86723093502093,85940,86328
162.53242976499996,nodeapiserver,4305,48.83,27.53530827257326,408256,408604
162.53242976499996,nodescheduler,4298,1.68,0.9834038668776163,67492,67936
162.53242976499996,nodecontroller,4291,6.0,1.9668077337552325,139776,140388
162.53242976499996,nodelet,4427,12.65,6.883827068143315,116784,114577
162.53242976499996,nodeproxy,4636,0.24,0.0,52484,52776
162.53242976499996,containerd,3698,11.01,3.933615467510465,104004,102824
162.53242976499996,flanneld,5274,0.58,0.0,47732,47712
162.53242976499996,coredns,4906,1.14,0.0,66312,42820
162.53242976499996,coredns,4925,1.15,0.0,65876,42548
163.55165231700005,nodestore,4284,15.54,10.792539841680284,85940,86444
163.55165231700005,nodeapiserver,4305,49.13,29.434199568218958,408256,408612
163.55165231700005,nodescheduler,4298,1.7,1.9622799712145973,67492,67940
163.55165231700005,nodecontroller,4291,6.04,3.9245599424291946,139776,140388
163.55165231700005,nodelet,4427,12.79,13.735959798502183,115384,113105
163.55165231700005,nodeproxy,4636,0.24,0.0,52484,52776
163.55165231700005,containerd,3698,11.14,12.754819812894882,104388,103316
163.55165231700005,flanneld,5274,0.59,0.9811399856072986,47732,47712
163.55165231700005,coredns,4906,1.14,0.0,66312,42820
163.55165231700005,coredns,4925,1.17,1.9622799712145973,65876,42548
164.57500540600006,nodestore,4284,15.66,11.726157988858008,86200,86572
164.57500540600006,nodeapiserver,4305,49.43,29.315394972145018,408256,408620
164.57500540600006,nodescheduler,4298,1.71,0.977179832404834,67492,67940
164.57500540600006,nodecontroller,4291,6.1,5.863078994429004,139776,140404
164.57500540600006,nodelet,4427,12.98,18.566416815691845,116408,114252
164.57500540600006,nodeproxy,4636,0.25,0.977179832404834,52484,52776
164.57500540600006,containerd,3698,11.34,19.54359664809668,105156,103890
164.57500540600006,flanneld,5274,0.61,1.954359664809668,47860,47904
164.57500540600006,coredns,4906,1.15,0.977179832404834,66312,42824
164.57500540600006,coredns,4925,1.18,0.977179832404834,65876,42548
165.61638145300003,nodestore,4284,15.78,11.523214917963566,86468,86828
165.61638145300003,nodeapiserver,4305,49.98,52.81473504066635,408256,408668
165.61638145300003,nodescheduler,4298,1.73,1.9205358196605944,67492,67940
165.61638145300003,nodecontroller,4291,6.16,5.761607458981783,139776,140412
165.61638145300003,nodelet,4427,13.17,18.245090286775646,118584,116477
165.61638145300003,nodeproxy,4636,0.26,0.9602679098302972,52484,52776
165.61638145300003,containerd,3698,11.48,13.443750737624162,104224,102948
165.61638145300003,flanneld,5274,0.62,0.9602679098302972,47860,47904
165.61638145300003,coredns,4906,1.17,1.9205358196605944,66312,42824
165.61638145300003,coredns,4925,1.19,0.9602679098302972,65876,42552
166.634173101,nodestore,4284,15.86,7.860154890954991,86468,86864
166.634173101,nodeapiserver,4305,50.24,25.54550339560372,408256,408676
166.634173101,nodescheduler,4298,1.73,0.0,67492,67940
166.634173101,nodecontroller,4291,6.2,3.9300774454774956,139776,140416
166.634173101,nodelet,4427,13.21,3.9300774454774956,118968,116805
166.634173101,nodeproxy,4636,0.26,0.0,52484,52776
166.634173101,containerd,3698,11.53,4.912596806846869,104224,102996
166.634173101,flanneld,5274,0.62,0.0,47860,47904
166.634173101,coredns,4906,1.17,0.0,66312,42824
166.634173101,coredns,4925,1.2,0.9825193613693739,65876,42552
167.66925683800002,nodestore,4284,15.97,10.62715952999232,88620,88952
167.66925683800002,nodeapiserver,4305,50.51,26.084846119072058,408256,408684
167.66925683800002,nodescheduler,4298,1.74,0.9661054118174837,67492,67940
167.66925683800002,nodecontroller,4291,6.22,1.9322108236349673,139776,140416
167.66925683800002,nodelet,4427,13.26,4.8305270590874185,118968,116877
167.66925683800002,nodeproxy,4636,0.26,0.0,52484,52776
167.66925683800002,containerd,3698,11.55,1.9322108236349673,104224,102996
167.66925683800002,flanneld,5274,0.63,0.9661054118174837,47860,47904
167.66925683800002,coredns,4906,1.17,0.0,66312,42824
167.66925683800002,coredns,4925,1.21,0.9661054118174837,65876,42552
168.69106300099997,nodestore,4284,16.04,6.8506143860480275,88620,88988
168.69106300099997,nodeapiserver,4305,50.77,25.445139148178384,408256,408688
168.69106300099997,nodescheduler,4298,1.75,0.978659198006861,67492,67940
168.69106300099997,nodecontroller,4291,6.25,2.935977594020583,139776,140416
168.69106300099997,nodelet,4427,13.33,6.8506143860480275,118968,116877
168.69106300099997,nodeproxy,4636,0.26,0.0,52484,52776
168.69106300099997,containerd,3698,11.63,7.829273584054888,103320,102072
168.69106300099997,flanneld,5274,0.63,0.0,47860,47904
168.69106300099997,coredns,4906,1.18,0.978659198006861,66312,42824
168.69106300099997,coredns,4925,1.21,0.0,65876,42552
169.72109788,nodestore,4284,16.12,7.766727285746398,88620,89004
169.72109788,nodeapiserver,4305,51.03,25.241863678675795,408256,408688
169.72109788,nodescheduler,4298,1.76,0.9708409107182997,67492,67940
169.72109788,nodecontroller,4291,6.26,0.9708409107182997,139776,140416
169.72109788,nodelet,4427,13.36,2.9125227321548994,118968,116877
169.72109788,nodeproxy,4636,0.26,0.0,52484,52776
169.72109788,containerd,3698,11.66,2.9125227321548994,103320,102100
169.72109788,flanneld,5274,0.63,0.0,47860,47904
169.72109788,coredns,4906,1.19,0.9708409107182997,66312,42824
169.72109788,coredns,4925,1.22,0.9708409107182997,65876,42552
170.74906986400003,nodestore,4284,16.23,10.700680729835582,88952,89148
170.74906986400003,nodeapiserver,4305,51.37,33.074831346764526,408256,408700
170.74906986400003,nodescheduler,4298,1.78,1.9455783145155605,67492,67940
170.74906986400003,nodecontroller,4291,6.32,5.8367349435466815,139776,140416
170.74906986400003,nodelet,4427,13.43,6.809524100804462,118968,116913
170.74906986400003,nodeproxy,4636,0.26,0.0,52484,52780
170.74906986400003,containerd,3698,11.68,1.9455783145155605,103320,102104
170.74906986400003,flanneld,5274,0.63,0.0,47860,47904
170.74906986400003,coredns,4906,1.19,0.0,66312,42824
170.74906986400003,coredns,4925,1.23,0.9727891572577803,65876,42552
171.77031823100003,nodestore,4284,16.31,7.833549857710581,88952,89176
171.77031823100003,nodeapiserver,4305,51.62,24.479843305345565,408256,408700
171.77031823100003,nodescheduler,4298,1.79,0.9791937322138227,67492,67940
171.77031823100003,nodecontroller,4291,6.34,1.9583874644276453,139776,140416
171.77031823100003,nodelet,4427,13.47,3.9167749288552907,119608,117453
171.77031823100003,nodeproxy,4636,0.26,0.0,52484,52784
171.77031823100003,containerd,3698,11.69,0.9791937322138227,103320,102104
171.77031823100003,flanneld,5274,0.63,0.0,47860,47904
171.77031823100003,coredns,4906,1.19,0.0,66312,42824
171.77031823100003,coredns,4925,1.24,0.9791937322138227,65876,42552
172.79200480600002,nodestore,4284,16.39,7.830189997358124,88952,89224
172.79200480600002,nodeapiserver,4305,51.88,25.448117491413903,408256,408700
172.79200480600002,nodescheduler,4298,1.8,0.9787737496697655,67492,67944
172.79200480600002,nodecontroller,4291,6.37,2.9363212490092963,139776,140416
172.79200480600002,nodelet,4427,13.55,7.830189997358124,119992,117905
172.79200480600002,nodeproxy,4636,0.26,0.0,52484,52784
172.79200480600002,containerd,3698,11.78,8.808963747027889,103320,102140
172.79200480600002,flanneld,5274,0.63,0.0,47860,47840
172.79200480600002,coredns,4906,1.21,1.957547499339531,66312,42828
172.79200480600002,coredns,4925,1.25,0.9787737496697655,65876,42552
173.81490918999998,nodestore,4284,16.48,8.798476319757734,88952,89252
173.81490918999998,nodeapiserver,4305,52.14,25.417820479300122,408256,408704
173.81490918999998,nodescheduler,4298,1.8,0.0,67492,67944
173.81490918999998,nodecontroller,4291,6.39,1.9552169599461633,139776,140420
173.81490918999998,nodelet,4427,13.58,2.932825439919245,119992,117925
173.81490918999998,nodeproxy,4636,0.26,0.0,52484,52784
173.81490918999998,containerd,3698,11.8,1.9552169599461633,104088,102820
173.81490918999998,flanneld,5274,0.63,0.0,47860,47840
173.81490918999998,coredns,4906,1.21,0.0,66312,42828
173.81490918999998,coredns,4925,1.25,0.0,65876,42552
174.84856826400005,nodestore,4284,16.56,7.739495740158768,88952,89280
174.84856826400005,nodeapiserver,4305,52.4,25.153361155515995,408256,408708
174.84856826400005,nodescheduler,4298,1.81,0.967436967519846,67492,67944
174.84856826400005,nodecontroller,4291,6.41,1.934873935039692,139776,140420
174.84856826400005,nodelet,4427,13.62,3.869747870079384,119992,117929
174.84856826400005,nodeproxy,4636,0.26,0.0,52484,52784
174.84856826400005,containerd,3698,11.83,2.902310902559538,105240,103980
174.84856826400005,flanneld,5274,0.65,1.934873935039692,47860,47840
174.84856826400005,coredns,4906,1.21,0.0,66312,42828
174.84856826400005,coredns,4925,1.26,0.967436967519846,65876,42552
175.882240819,nodestore,4284,16.66,9.674243503543979,88952,89384
175.882240819,nodeapiserver,4305,52.72,30.957579211340732,408256,408712
175.882240819,nodescheduler,4298,1.83,1.9348487007087958,67620,67948
175.882240819,nodecontroller,4291,6.46,4.837121751771989,139776,140428
175.882240819,nodelet,4427,13.78,15.478789605670366,121656,119663
175.882240819,nodeproxy,4636,0.26,0.0,52484,52784
175.882240819,containerd,3698,11.95,11.609092204252775,106520,105211
175.882240819,flanneld,5274,0.65,0.0,47860,47840
175.882240819,coredns,4906,1.22,0.9674243503543979,66312,42828
175.882240819,coredns,4925,1.27,0.9674243503543979,65876,42552
176.93103380499997,nodestore,4284,16.78,11.441724115420792,89216,89560
176.93103380499997,nodeapiserver,4305,53.06,32.41821832702558,408256,408724
176.93103380499997,nodescheduler,4298,1.85,1.9069540192367986,67620,67956
176.93103380499997,nodecontroller,4291,6.56,9.534770096183992,139776,140432
176.93103380499997,nodelet,4427,14.01,21.929971221223184,119556,117349
176.93103380499997,nodeproxy,4636,0.28,1.9069540192367986,52484,52800
176.93103380499997,containerd,3698,12.17,20.976494211604784,106776,105588
176.93103380499997,flanneld,5274,0.67,1.9069540192367986,47860,47968
176.93103380499997,coredns,4906,1.23,0.9534770096183993,66312,42832
176.93103380499997,coredns,4925,1.28,0.9534770096183993,65876,42552
177.97675687599997,nodestore,4284,16.93,14.344141786654752,89516,89832
177.97675687599997,nodeapiserver,4305,53.6,51.63891043195711,412476,412928
177.97675687599997,nodescheduler,4298,1.86,0.9562761191103168,67620,67956
177.97675687599997,nodecontroller,4291,6.62,5.737656714661901,139776,140436
177.97675687599997,nodelet,4427,14.16,14.344141786654752,119812,117541
177.97675687599997,nodeproxy,4636,0.28,0.0,52484,52800
177.97675687599997,containerd,3698,12.36,18.16924626309602,104716,103328
177.97675687599997,flanneld,5274,0.68,0.9562761191103168,47860,47968
177.97675687599997,coredns,4906,1.24,0.9562761191103168,66312,42832
177.97675687599997,coredns,4925,1.29,0.9562761191103168,65876,42552
179.00641313699998,nodestore,4284,17.01,7.769583212391979,89516,89856
179.00641313699998,nodeapiserver,4305,53.87,26.222343341822928,412476,412940
179.00641313699998,nodescheduler,4298,1.86,0.0,67620,67956
179.00641313699998,nodecontroller,4291,6.64,1.9423958030979946,139776,140436
179.00641313699998,nodelet,4427,14.22,5.827187409293984,119812,117645
179.00641313699998,nodeproxy,4636,0.29,0.9711979015489973,52484,52804
179.00641313699998,containerd,3698,12.38,1.9423958030979946,104716,103328
179.00641313699998,flanneld,5274,0.68,0.0,47860,47968
179.00641313699998,coredns,4906,1.25,0.9711979015489973,66312,42832
179.00641313699998,coredns,4925,1.29,0.0,65876,42552
180.05720048900002,nodestore,4284,17.09,7.61333868814941,89652,89892
180.05720048900002,nodeapiserver,4305,54.16,27.598352744541607,412476,412948
180.05720048900002,nodescheduler,4298,1.88,1.9033346720373525,67620,67956
180.05720048900002,nodecontroller,4291,6.66,1.9033346720373525,139776,140436
180.05720048900002,nodelet,4427,14.27,4.7583366800933815,120708,118617
180.05720048900002,nodeproxy,4636,0.29,0.0,52484,52804
180.05720048900002,containerd,3698,12.43,4.7583366800933815,104716,103328
180.05720048900002,flanneld,5274,0.68,0.0,47860,47968
180.05720048900002,coredns,4906,1.26,0.9516673360186763,66312,42832
180.05720048900002,coredns,4925,1.3,0.9516673360186763,65876,42552
181.07768914100006,nodestore,4284,17.19,9.799227047161331,89652,89916
181.07768914100006,nodeapiserver,4305,54.45,28.41775843676786,412476,412956
181.07768914100006,nodescheduler,4298,1.89,0.9799227047161332,67620,67956
181.07768914100006,nodecontroller,4291,6.7,3.9196908188645327,139776,140436
181.07768914100006,nodelet,4427,14.31,3.9196908188645327,120836,118669
181.07768914100006,nodeproxy,4636,0.29,0.0,52484,52804
181.07768914100006,containerd,3698,12.45,1.9598454094322664,104844,103420
181.07768914100006,flanneld,5274,0.68,0.0,47860,47968
181.07768914100006,coredns,4906,1.27,0.9799227047161332,66312,42832
181.07768914100006,coredns,4925,1.31,0.9799227047161332,65876,42556
182.09789376100002,nodestore,4284,17.26,6.861368653672912,89652,89944
182.09789376100002,nodeapiserver,4305,54.69,23.524692526878553,412476,412956
182.09789376100002,nodescheduler,4298,1.89,0.0,67620,67956
182.09789376100002,nodecontroller,4291,6.72,1.9603910439065462,139776,140440
182.09789376100002,nodelet,4427,14.35,3.9207820878130923,120836,118673
182.09789376100002,nodeproxy,4636,0.29,0.0,52484,52804
182.09789376100002,containerd,3698,12.47,1.9603910439065462,104844,103420
182.09789376100002,flanneld,5274,0.68,0.0,47860,47968
182.09789376100002,coredns,4906,1.27,0.0,66312,42844
182.09789376100002,coredns,4925,1.31,0.0,65876,42556
183.125470007,nodestore,4284,17.35,8.758474161926365,89652,89992
183.125470007,nodeapiserver,4305,54.97,27.248586281548693,412476,412956
183.125470007,nodescheduler,4298,1.9,0.9731637957695961,67620,67956
183.125470007,nodecontroller,4291,6.75,2.9194913873087884,139776,140440
183.125470007,nodelet,4427,14.46,10.704801753465556,120836,118673
183.125470007,nodeproxy,4636,0.29,0.0,52484,52804
183.125470007,containerd,3698,12.59,11.677965549235154,104396,102820
183.125470007,flanneld,5274,0.68,0.0,48244,48544
183.125470007,coredns,4906,1.28,0.9731637957695961,66312,42844
183.125470007,coredns,4925,1.31,0.0,65876,42560
184.15571784100007,nodestore,4284,17.42,6.794481647024229,89652,90012
184.15571784100007,nodeapiserver,4305,55.22,24.266005882229386,412476,412960
184.15571784100007,nodescheduler,4298,1.91,0.9706402352891755,67620,67956
184.15571784100007,nodecontroller,4291,6.77,1.941280470578351,139776,140440
184.15571784100007,nodelet,4427,14.5,3.882560941156702,121092,118933
184.15571784100007,nodeproxy,4636,0.29,0.0,52484,52804
184.15571784100007,containerd,3698,12.6,0.9706402352891755,104396,102820
184.15571784100007,flanneld,5274,0.69,0.9706402352891755,48372,48560
184.15571784100007,coredns,4906,1.29,0.9706402352891755,66312,42844
184.15571784100007,coredns,4925,1.33,1.941280470578351,65876,42560
185.17477134,nodestore,4284,17.49,6.869119243366072,89652,90040
185.17477134,nodeapiserver,4305,55.47,24.532568726307396,412476,412960
185.17477134,nodescheduler,4298,1.92,0.9813027490522959,67620,67956
185.17477134,nodecontroller,4291,6.8,2.943908247156888,139776,140440
185.17477134,nodelet,4427,14.54,3.9252109962091835,121092,118933
185.17477134,nodeproxy,4636,0.29,0.0,52484,52804
185.17477134,containerd,3698,12.63,2.943908247156888,104396,102820
185.17477134,flanneld,5274,0.7,0.9813027490522959,48500,48756
185.17477134,coredns,4906,1.29,0.0,66312,42844
185.17477134,coredns,4925,1.33,0.0,65876,42560
186.21011883899996,nodestore,4284,17.59,9.658592897224397,89652,90128
186.21011883899996,nodeapiserver,4305,55.75,27.044060112228316,412476,412960
186.21011883899996,nodescheduler,4298,1.93,0.9658592897224397,67620,67956
186.21011883899996,nodecontroller,4291,6.84,3.863437158889759,139776,140440
186.21011883899996,nodelet,4427,14.66,11.590311476669276,121092,118933
186.21011883899996,nodeproxy,4636,0.29,0.0,52484,52804
186.21011883899996,containerd,3698,12.85,21.248904373893673,106956,105744
186.21011883899996,flanneld,5274,0.7,0.0,48500,48756
186.21011883899996,coredns,4906,1.29,0.0,66312,42848
186.21011883899996,coredns,4925,1.35,1.9317185794448795,65876,42560
187.24304852600005,nodestore,4284,17.67,7.744960862954934,89652,90164
187.24304852600005,nodeapiserver,4305,55.99,23.234882588864803,412476,412960
187.24304852600005,nodescheduler,4298,1.94,0.9681201078693668,67620,67956
187.24304852600005,nodecontroller,4291,6.86,1.9362402157387335,139776,140440
187.24304852600005,nodelet,4427,14.75,8.7130809708243,121092,118936
187.24304852600005,nodeproxy,4636,0.29,0.0,52484,52804
187.24304852600005,containerd,3698,13.14,28.075483128211633,104808,103519
187.24304852600005,flanneld,5274,0.7,0.0,48500,48776
187.24304852600005,coredns,4906,1.3,0.9681201078693668,66312,42848
187.24304852600005,coredns,4925,1.35,0.0,65876,42560
188.273222013,nodestore,4284,17.74,6.7949720006726375,89652,90224
188.273222013,nodeapiserver,4305,56.2,20.38491600201791,412476,412972
188.273222013,nodescheduler,4298,1.94,0.0,67620,67960
188.273222013,nodecontroller,4291,6.89,2.91213085743113,139776,140444
188.273222013,nodelet,4427,14.84,8.73639257229339,121092,118945
188.273222013,nodeproxy,4636,0.29,0.0,52484,52804
188.273222013,containerd,3698,13.43,28.15059828850092,104284,103104
188.273222013,flanneld,5274,0.7,0.0,48500,48776
188.273222013,coredns,4906,1.31,0.9707102858103767,66312,42848
188.273222013,coredns,4925,1.36,0.9707102858103767,65876,42560
189.31500623,nodestore,4284,17.86,11.518700134041447,89940,90388
189.31500623,nodeapiserver,4305,56.52,30.71653369077719,412604,412992
189.31500623,nodescheduler,4298,1.95,0.9598916778367872,67620,67960
189.31500623,nodecontroller,4291,6.96,6.719241744857511,139776,140452
189.31500623,nodelet,4427,15.0,15.358266845388595,121092,118945
189.31500623,nodeproxy,4636,0.29,0.0,52484,52808
189.31500623,containerd,3698,13.65,21.117616912409318,101288,100004
189.31500623,flanneld,5274,0.7,0.0,48500,48776
189.31500623,coredns,4906,1.32,0.9598916778367872,66312,42856
189.31500623,coredns,4925,1.37,0.9598916778367872,65876,42564
190.336065459,nodestore,4284,17.94,7.8350009213814005,89940,90408
190.336065459,nodeapiserver,4305,56.81,28.401878340007574,412604,412996
190.336065459,nodescheduler,4298,1.96,0.9793751151726751,67620,67960
190.336065459,nodecontroller,4291,7.0,3.9175004606907002,139776,140456
190.336065459,nodelet,4427,15.07,6.855625806208726,116948,114681
190.336065459,nodeproxy,4636,0.29,0.0,52484,52808
190.336065459,containerd,3698,13.67,1.9587502303453501,101288,100008
190.336065459,flanneld,5274,0.7,0.0,48500,48776
190.336065459,coredns,4906,1.33,0.9793751151726751,66312,42856
190.336065459,coredns,4925,1.38,0.9793751151726751,65876,42572
191.34996641400005,nodestore,4284,18.05,10.84918595426258,89940,90440
191.34996641400005,nodeapiserver,4305,57.23,41.42416455263894,412604,413056
191.34996641400005,nodescheduler,4298,1.97,0.9862896322056892,67620,67960
191.34996641400005,nodecontroller,4291,7.02,1.9725792644113784,139776,140456
191.34996641400005,nodelet,4427,15.09,1.9725792644113784,116948,114681
191.34996641400005,nodeproxy,4636,0.29,0.0,52484,52812
191.34996641400005,containerd,3698,13.69,1.9725792644113784,101288,100008
191.34996641400005,flanneld,5274,0.7,0.0,48500,48776
191.34996641400005,coredns,4906,1.33,0.0,66312,42864
191.34996641400005,coredns,4925,1.38,0.0,65876,42572
192.37382740600003,nodestore,4284,18.13,7.813560690863924,90196,90484
192.37382740600003,nodeapiserver,4305,57.5,26.370767331665746,412604,413064
192.37382740600003,nodescheduler,4298,1.98,0.9766950863579905,67620,67960
192.37382740600003,nodecontroller,4291,7.04,1.953390172715981,139776,140456
192.37382740600003,nodelet,4427,15.16,6.836865604505935,116948,114681
192.37382740600003,nodeproxy,4636,0.29,0.0,52484,52812
192.37382740600003,containerd,3698,13.77,7.813560690863924,101288,100000
192.37382740600003,flanneld,5274,0.71,0.9766950863579905,48500,48776
192.37382740600003,coredns,4906,1.33,0.0,66312,42864
192.37382740600003,coredns,4925,1.39,0.9766950863579905,65876,42572
193.39643778900006,nodestore,4284,18.23,9.778895429032351,90196,90612
193.39643778900006,nodeapiserver,4305,57.83,32.27035491580676,412604,413072
193.39643778900006,nodescheduler,4298,2.0,1.9557790858064703,67620,67960
193.39643778900006,nodecontroller,4291,7.09,4.889447714516176,139776,140456
193.39643778900006,nodelet,4427,15.2,3.9115581716129406,116948,114685
193.39643778900006,nodeproxy,4636,0.3,0.9778895429032352,52484,52816
193.39643778900006,containerd,3698,13.79,1.9557790858064703,101288,100000
193.39643778900006,flanneld,5274,0.71,0.0,48500,48776
193.39643778900006,coredns,4906,1.34,0.9778895429032352,66312,42864
193.39643778900006,coredns,4925,1.4,0.9778895429032352,65876,42572
194.417806046,nodestore,4284,18.32,8.811709134603003,90324,90672
194.417806046,nodeapiserver,4305,58.15,31.330521367477346,412604,413072
194.417806046,nodescheduler,4298,2.01,0.979078792733667,67620,67960
194.417806046,nodecontroller,4291,7.13,3.916315170934668,139776,140456
194.417806046,nodelet,4427,15.27,6.853551549135671,115144,112829
194.417806046,nodeproxy,4636,0.3,0.0,52484,52816
194.417806046,containerd,3698,13.82,2.937236378201001,101288,100000
194.417806046,flanneld,5274,0.73,1.958157585467334,48500,48776
194.417806046,coredns,4906,1.35,0.979078792733667,66312,42864
194.417806046,coredns,4925,1.41,0.979078792733667,65876,42572
195.435578503,nodestore,4284,18.41,8.842840988769451,90324,90684
195.435578503,nodeapiserver,4305,58.41,25.5459850786673,412604,413076
195.435578503,nodescheduler,4298,2.02,0.98253788764105,67620,67964
195.435578503,nodecontroller,4291,7.14,0.98253788764105,139776,140456
195.435578503,nodelet,4427,15.32,4.91268943820525,115144,112833
195.435578503,nodeproxy,4636,0.3,0.0,52484,52816
195.435578503,containerd,3698,13.84,1.9650757752821,101288,100000
195.435578503,flanneld,5274,0.73,0.0,48500,48776
195.435578503,coredns,4906,1.35,0.0,66312,42864
195.435578503,coredns,4925,1.41,0.0,65876,42572
196.467449418,nodestore,4284,18.49,7.752907736526228,90324,90740
196.467449418,nodeapiserver,4305,58.69,27.135177077841803,412604,413076
196.467449418,nodescheduler,4298,2.03,0.9691134670657785,67620,67968
196.467449418,nodecontroller,4291,7.17,2.9073404011973354,139776,140456
196.467449418,nodelet,4427,15.42,9.691134670657785,115144,112833
196.467449418,nodeproxy,4636,0.3,0.0,52484,52816
196.467449418,containerd,3698,13.94,9.691134670657785,99252,97884
196.467449418,flanneld,5274,0.73,0.0,48500,48776
196.467449418,coredns,4906,1.36,0.9691134670657785,66312,42864
196.467449418,coredns,4925,1.43,1.938226934131557,65876,42572
197.49384352599998,nodestore,4284,18.58,8.768561637144748,90324,90760
197.49384352599998,nodeapiserver,4305,58.96,26.305684911434245,412604,413088
197.49384352599998,nodescheduler,4298,2.03,0.0,67620,67968
197.49384352599998,nodecontroller,4291,7.2,2.9228538790482497,139776,140456
197.49384352599998,nodelet,4427,15.46,3.897138505397666,115144,112833
197.49384352599998,nodeproxy,4636,0.3,0.0,52484,52816
197.49384352599998,containerd,3698,13.96,1.948569252698833,99252,97884
197.49384352599998,flanneld,5274,0.73,0.0,48500,48776
197.49384352599998,coredns,4906,1.36,0.0,66312,42864
197.49384352599998,coredns,4925,1.43,0.0,65876,42572
198.51008251300004,nodestore,4284,18.68,9.840205038304989,90480,90864
198.51008251300004,nodeapiserver,4305,59.24,27.552574107253974,412604,413088
198.51008251300004,nodescheduler,4298,2.05,1.9680410076609978,67620,67968
198.51008251300004,nodecontroller,4291,7.28,7.872164030643991,139776,140456
198.51008251300004,nodelet,4427,15.59,12.792266549796485,115144,112829
198.51008251300004,nodeproxy,4636,0.3,0.0,52484,52816
198.51008251300004,containerd,3698,14.08,11.808246045965987,99252,97856
198.51008251300004,flanneld,5274,0.74,0.9840205038304989,48628,48924
198.51008251300004,coredns,4906,1.37,0.9840205038304989,66312,42868
198.51008251300004,coredns,4925,1.43,0.0,65876,42572
199.57607843799997,nodestore,4284,18.81,12.195168569711857,90620,91056
199.57607843799997,nodeapiserver,4305,59.62,35.647415819157736,412604,413100
199.57607843799997,nodescheduler,4298,2.06,0.9380898899778352,67620,67968
199.57607843799997,nodecontroller,4291,7.34,5.628539339867011,139776,140456
199.57607843799997,nodelet,4427,15.73,13.133258459689694,115144,112869
199.57607843799997,nodeproxy,4636,0.31,0.9380898899778352,52484,52816
199.57607843799997,containerd,3698,14.19,10.318988789756187,99508,97996
199.57607843799997,flanneld,5274,0.74,0.0,48628,48924
199.57607843799997,coredns,4906,1.37,0.0,66312,42868
199.57607843799997,coredns,4925,1.45,1.8761797799556703,65876,42572
200.598574934,nodestore,4284,18.89,7.823987692178615,90620,91152
200.598574934,nodeapiserver,4305,59.91,28.361955384147475,412604,413104
200.598574934,nodescheduler,4298,2.08,1.9559969230446537,67620,67968
200.598574934,nodecontroller,4291,7.37,2.9339953845669804,139776,140460
200.598574934,nodelet,4427,15.79,5.867990769133961,116040,113858
200.598574934,nodeproxy,4636,0.31,0.0,52484,52820
200.598574934,containerd,3698,14.29,9.779984615223269,99508,98033
200.598574934,flanneld,5274,0.75,0.9779984615223268,48156,48352
200.598574934,coredns,4906,1.39,1.9559969230446537,66312,42868
200.598574934,coredns,4925,1.46,0.9779984615223268,66192,42704
201.61980330100005,nodestore,4284,19.02,12.729767816956242,90888,91320
201.61980330100005,nodeapiserver,4305,60.4,47.981432540835065,412920,413236
201.61980330100005,nodescheduler,4298,2.09,0.979212908996634,67620,67968
201.61980330100005,nodecontroller,4291,7.43,5.8752774539798045,139776,140464
201.61980330100005,nodelet,4427,15.94,14.68819363494951,116040,113897
201.61980330100005,nodeproxy,4636,0.31,0.0,52484,52820
201.61980330100005,containerd,3698,14.44,14.68819363494951,99508,98080
201.61980330100005,flanneld,5274,0.75,0.0,48156,48352
201.61980330100005,coredns,4906,1.4,0.979212908996634,66312,42868
201.61980330100005,coredns,4925,1.46,0.0,66192,42704
202.6408973,nodestore,4284,19.12,9.793417657721838,90888,91344
202.6408973,nodeapiserver,4305,60.69,28.400911207393325,412920,413236
202.6408973,nodescheduler,4298,2.09,0.0,67620,67968
202.6408973,nodecontroller,4291,7.46,2.938025297316551,139776,140464
202.6408973,nodelet,4427,16.03,8.814075891949653,116936,114893
202.6408973,nodeproxy,4636,0.31,0.0,52484,52820
202.6408973,containerd,3698,14.48,3.9173670630887347,100404,99068
202.6408973,flanneld,5274,0.75,0.0,48156,48352
202.6408973,coredns,4906,1.41,0.9793417657721837,66312,42868
202.6408973,coredns,4925,1.46,0.0,66192,42704
203.66524897500005,nodestore,4284,19.2,7.80981785381434,90888,91372
203.66524897500005,nodeapiserver,4305,60.92,22.453226329716227,412920,413236
203.66524897500005,nodescheduler,4298,2.1,0.9762272317267925,67620,67968
203.66524897500005,nodecontroller,4291,7.48,1.952454463453585,139776,140464
203.66524897500005,nodelet,4427,16.06,2.9286816951803774,117064,114929
203.66524897500005,nodeproxy,4636,0.31,0.0,52484,52820
203.66524897500005,containerd,3698,14.51,2.9286816951803774,100404,99068
203.66524897500005,flanneld,5274,0.75,0.0,48156,48352
203.66524897500005,coredns,4906,1.41,0.0,66312,42868
203.66524897500005,coredns,4925,1.47,0.9762272317267925,66192,42704
204.69824343900007,nodestore,4284,19.28,7.7444751920760595,91016,91404
204.69824343900007,nodeapiserver,4305,61.21,28.07372257127571,412920,413236
204.69824343900007,nodescheduler,4298,2.1,0.0,67620,67968
204.69824343900007,nodecontroller,4291,7.52,3.8722375960380297,139776,140464
204.69824343900007,nodelet,4427,16.11,4.840296995047537,117064,114929
204.69824343900007,nodeproxy,4636,0.31,0.0,52484,52820
204.69824343900007,containerd,3698,14.52,0.9680593990095074,101300,100056
204.69824343900007,flanneld,5274,0.76,0.9680593990095074,48156,48352
204.69824343900007,coredns,4906,1.41,0.0,66312,42868
204.69824343900007,coredns,4925,1.48,0.9680593990095074,66192,42704
205.71546054700002,nodestore,4284,19.38,9.830743035439047,91288,91536
205.71546054700002,nodeapiserver,4305,61.53,31.45837771340495,412920,413240
205.71546054700002,nodescheduler,4298,2.12,1.9661486070878094,67620,67968
205.71546054700002,nodecontroller,4291,7.56,3.9322972141756187,139776,140464
205.71546054700002,nodelet,4427,16.24,12.77996594607076,118088,115917
205.71546054700002,nodeproxy,4636,0.32,0.9830743035439047,52484,52820
205.71546054700002,containerd,3698,14.55,2.9492229106317143,102324,101044
205.71546054700002,flanneld,5274,0.76,0.0,48156,48352
205.71546054700002,coredns,4906,1.43,1.9661486070878094,66312,42872
205.71546054700002,coredns,4925,1.49,0.9830743035439047,66192,42704
206.73639477799998,nodestore,4284,19.46,7.835960199085878,91416,91576
206.73639477799998,nodeapiserver,4305,61.78,24.487375622143368,412920,413244
206.73639477799998,nodescheduler,4298,2.13,0.9794950248857347,67620,67968
206.73639477799998,nodecontroller,4291,7.59,2.9384850746572044,139776,140468
206.73639477799998,nodelet,4427,16.29,4.897475124428674,118088,115917
206.73639477799998,nodeproxy,4636,0.32,0.0,52484,52820
206.73639477799998,containerd,3698,14.65,9.794950248857347,102324,101104
206.73639477799998,flanneld,5274,0.77,0.9794950248857347,48156,48356
206.73639477799998,coredns,4906,1.43,0.0,66312,42872
206.73639477799998,coredns,4925,1.49,0.0,66192,42704
207.755978066,nodestore,4284,19.54,7.84634280902388,91416,91608
207.755978066,nodeapiserver,4305,62.05,26.481406980455592,412920,413244
207.755978066,nodescheduler,4298,2.14,0.980792851127985,67620,67968
207.755978066,nodecontroller,4291,7.62,2.942378553383955,139776,140468
207.755978066,nodelet,4427,16.33,3.92317140451194,118088,115917
207.755978066,nodeproxy,4636,0.32,0.0,52484,52820
207.755978066,containerd,3698,14.67,1.96158570225597,102324,101104
207.755978066,flanneld,5274,0.77,0.0,48156,48356
207.755978066,coredns,4906,1.44,0.980792851127985,66312,42872
207.755978066,coredns,4925,1.5,0.980792851127985,66192,42704
208.774422158,nodestore,4284,19.64,9.818899317646768,91544,91660
208.774422158,nodeapiserver,4305,62.33,27.492918089410953,412920,413248
208.774422158,nodescheduler,4298,2.15,0.9818899317646768,67620,67968
208.774422158,nodecontroller,4291,7.65,2.9456697952940303,139776,140468
208.774422158,nodelet,4427,16.37,3.927559727058707,118088,115917
208.774422158,nodeproxy,4636,0.33,0.9818899317646768,52484,52820
208.774422158,containerd,3698,14.69,1.9637798635293535,102324,101104
208.774422158,flanneld,5274,0.77,0.0,48156,48356
208.774422158,coredns,4906,1.44,0.0,66312,42872
208.774422158,coredns,4925,1.51,0.9818899317646768,66192,42704
209.80223904700006,nodestore,4284,19.71,6.810551640973826,91544,91664
209.80223904700006,nodeapiserver,4305,62.59,25.29633466647421,412920,413248
209.80223904700006,nodescheduler,4298,2.15,0.0,67620,67968
209.80223904700006,nodecontroller,4291,7.67,1.945871897421093,139776,140468
209.80223904700006,nodelet,4427,16.41,3.891743794842186,118344,116101
209.80223904700006,nodeproxy,4636,0.33,0.0,52484,52820
209.80223904700006,containerd,3698,14.7,0.9729359487105464,102324,101104
209.80223904700006,flanneld,5274,0.77,0.0,48156,48356
209.80223904700006,coredns,4906,1.46,1.945871897421093,66440,42876
209.80223904700006,coredns,4925,1.51,0.0,66192,42704
210.81960224500006,nodestore,4284,19.82,10.812264510476247,91544,91812
210.81960224500006,nodeapiserver,4305,62.94,34.40265980606079,413048,413260
210.81960224500006,nodescheduler,4298,2.17,1.965866274632045,67620,67972
210.81960224500006,nodecontroller,4291,7.72,4.914665686580112,139776,140472
210.81960224500006,nodelet,4427,16.54,12.778130785108292,118600,116605
210.81960224500006,nodeproxy,4636,0.33,0.0,52484,52820
210.81960224500006,containerd,3698,14.77,6.880531961212158,103348,102088
210.81960224500006,flanneld,5274,0.77,0.0,48156,48356
210.81960224500006,coredns,4906,1.46,0.0,66440,42884
210.81960224500006,coredns,4925,1.52,0.9829331373160225,66192,42704
211.84947406800006,nodestore,4284,19.93,10.680940826167179,91700,91912
211.84947406800006,nodeapiserver,4305,63.25,30.10083323738023,413048,413260
211.84947406800006,nodescheduler,4298,2.19,1.941989241121305,67620,67972
211.84947406800006,nodecontroller,4291,7.76,3.88397848224261,139776,140476
211.84947406800006,nodelet,4427,16.7,15.53591392897044,118600,116613
211.84947406800006,nodeproxy,4636,0.33,0.0,52484,52828
211.84947406800006,containerd,3698,14.99,21.361881652334358,103732,102560
211.84947406800006,flanneld,5274,0.78,0.9709946205606526,48156,48356
211.84947406800006,coredns,4906,1.48,1.941989241121305,66440,42884
211.84947406800006,coredns,4925,1.53,0.9709946205606526,66192,42704
212.88675362200001,nodestore,4284,20.04,10.604662896884319,91700,92052
212.88675362200001,nodeapiserver,4305,63.7,43.382711850890395,413048,413284
212.88675362200001,nodescheduler,4298,2.2,0.9640602633531199,67620,67972
212.88675362200001,nodecontroller,4291,7.8,3.8562410534124796,139776,140480
212.88675362200001,nodelet,4427,16.77,6.74842184347184,118600,116613
212.88675362200001,nodeproxy,4636,0.33,0.0,52484,52828
212.88675362200001,containerd,3698,15.04,4.820301316765599,103732,102592
212.88675362200001,flanneld,5274,0.78,0.0,48156,48356
212.88675362200001,coredns,4906,1.48,0.0,66440,42884
212.88675362200001,coredns,4925,1.54,0.9640602633531199,66192,42704
213.917538906,nodestore,4284,20.13,8.731207303499,91700,92100
213.917538906,nodeapiserver,4305,63.99,28.133890200163442,413048,413288
213.917538906,nodescheduler,4298,2.21,0.9701341448332222,67620,67972
213.917538906,nodecontroller,4291,7.83,2.910402434499667,139776,140480
213.917538906,nodelet,4427,16.81,3.880536579332889,118600,116613
213.917538906,nodeproxy,4636,0.33,0.0,52484,52828
213.917538906,containerd,3698,15.06,1.9402682896664445,103732,102592
213.917538906,flanneld,5274,0.78,0.0,48156,48356
213.917538906,coredns,4906,1.48,0.0,66440,42884
213.917538906,coredns,4925,1.54,0.0,66192,42704
214.93401135600004,nodestore,4284,20.22,8.854150449428971,91700,92136
214.93401135600004,nodeapiserver,4305,64.25,25.57865685390592,413176,413292
214.93401135600004,nodescheduler,4298,2.22,0.9837944943809969,67620,67972
214.93401135600004,nodecontroller,4291,7.86,2.9513834831429904,139776,140480
214.93401135600004,nodelet,4427,16.9,8.854150449428971,118600,116617
214.93401135600004,nodeproxy,4636,0.33,0.0,52484,52828
214.93401135600004,containerd,3698,15.14,7.870355955047975,103732,102608
214.93401135600004,flanneld,5274,0.8,1.9675889887619937,48156,48228
214.93401135600004,coredns,4906,1.49,0.9837944943809969,66440,42884
214.93401135600004,coredns,4925,1.54,0.0,66192,42704
215.95104888100002,nodestore,4284,20.29,6.882735226510106,91828,92172
215.95104888100002,nodeapiserver,4305,64.52,26.54769301653898,413176,413292
215.95104888100002,nodescheduler,4298,2.23,0.9832478895014436,67620,67972
215.95104888100002,nodecontroller,4291,7.92,5.899487337008662,139776,140480
215.95104888100002,nodelet,4427,16.97,6.882735226510106,118600,116617
215.95104888100002,nodeproxy,4636,0.33,0.0,52484,52828
215.95104888100002,containerd,3698,15.18,3.9329915580057744,103732,102608
215.95104888100002,flanneld,5274,0.8,0.0,48156,48228
215.95104888100002,coredns,4906,1.5,0.9832478895014436,66440,42884
215.95104888100002,coredns,4925,1.55,0.9832478895014436,66192,42704
216.981308528,nodestore,4284,20.37,7.765032847103402,91828,92192
216.981308528,nodeapiserver,4305,64.76,23.295098541310207,413176,413296
216.981308528,nodescheduler,4298,2.23,0.0,67620,67972
216.981308528,nodecontroller,4291,7.94,1.9412582117758506,139776,140480
216.981308528,nodelet,4427,17.01,3.882516423551701,118600,116617
216.981308528,nodeproxy,4636,0.33,0.0,52484,52828
216.981308528,containerd,3698,15.22,3.882516423551701,103732,102608
216.981308528,flanneld,5274,0.8,0.0,48156,48228
216.981308528,coredns,4906,1.51,0.9706291058879253,66440,42884
216.981308528,coredns,4925,1.56,0.9706291058879253,66192,42704
217.99472495200007,nodestore,4284,20.46,8.880850740977706,91964,92224
217.99472495200007,nodeapiserver,4305,65.05,28.61607460981705,413176,413300
217.99472495200007,nodescheduler,4298,2.24,0.9867611934419674,67620,67972
217.99472495200007,nodecontroller,4291,7.97,2.9602835803259024,139776,140480
217.99472495200007,nodelet,4427,17.06,4.933805967209837,118600,116617
217.99472495200007,nodeproxy,4636,0.33,0.0,52484,52828
217.99472495200007,containerd,3698,15.24,1.9735223868839349,103860,102648
217.99472495200007,flanneld,5274,0.8,0.0,48156,48228
217.99472495200007,coredns,4906,1.51,0.0,66440,42884
217.99472495200007,coredns,4925,1.56,0.0,66192,42704
219.01729838899996,nodestore,4284,20.54,7.823398995646752,91964,92260
219.01729838899996,nodeapiserver,4305,65.33,27.381896484763633,413176,413304
219.01729838899996,nodescheduler,4298,2.24,0.0,67620,67976
219.01729838899996,nodecontroller,4291,8.0,2.933774623367532,139776,140480
219.01729838899996,nodelet,4427,17.12,5.867549246735064,118600,116616
219.01729838899996,nodeproxy,4636,0.33,0.0,52484,52828
219.01729838899996,containerd,3698,15.28,3.911699497823376,104756,103631
219.01729838899996,flanneld,5274,0.8,0.0,48156,48228
219.01729838899996,coredns,4906,1.52,0.977924874455844,66440,42888
219.01729838899996,coredns,4925,1.57,0.977924874455844,66192,42704
220.06640147200005,nodestore,4284,20.63,8.578756602509403,92100,92300
220.06640147200005,nodeapiserver,4305,65.6,25.73626980752821,413176,413304
220.06640147200005,nodescheduler,4298,2.25,0.9531951780566004,67620,67976
220.06640147200005,nodecontroller,4291,8.02,1.9063903561132007,139776,140480
220.06640147200005,nodelet,4427,17.16,3.8127807122264015,118600,116617
220.06640147200005,nodeproxy,4636,0.33,0.0,52484,52828
220.06640147200005,containerd,3698,15.36,7.625561424452803,104756,103632
220.06640147200005,flanneld,5274,0.81,0.9531951780566004,48156,48228
220.06640147200005,coredns,4906,1.52,0.0,66440,42888
220.06640147200005,coredns,4925,1.57,0.0,66192,42704
221.08819256000004,nodestore,4284,20.72,8.808062729942424,92100,92324
221.08819256000004,nodeapiserver,4305,65.87,26.424188189827277,413176,413304
221.08819256000004,nodescheduler,4298,2.26,0.9786736366602694,67620,67976
221.08819256000004,nodecontroller,4291,8.04,1.9573472733205388,139776,140480
221.08819256000004,nodelet,4427,17.18,1.9573472733205388,118600,116621
221.08819256000004,nodeproxy,4636,0.33,0.0,52484,52828
221.08819256000004,containerd,3698,15.37,0.9786736366602694,104756,103632
221.08819256000004,flanneld,5274,0.81,0.0,48156,48228
221.08819256000004,coredns,4906,1.53,0.9786736366602694,66440,42888
221.08819256000004,coredns,4925,1.58,0.9786736366602694,66192,42708
222.10547405800003,nodestore,4284,20.81,8.847108708547555,92240,92392
222.10547405800003,nodeapiserver,4305,66.17,29.490362361825184,413176,413308
222.10547405800003,nodescheduler,4298,2.28,1.9660241574550121,67620,67976
222.10547405800003,nodecontroller,4291,8.08,3.9320483149100243,139776,140480
222.10547405800003,nodelet,4427,17.28,9.83012078727506,119496,117453
222.10547405800003,nodeproxy,4636,0.33,0.0,52484,52828
222.10547405800003,containerd,3698,15.4,2.9490362361825184,104756,103636
222.10547405800003,flanneld,5274,0.81,0.0,48156,48228
222.10547405800003,coredns,4906,1.54,0.9830120787275061,66440,42888
222.10547405800003,coredns,4925,1.6,1.9660241574550121,66192,42708
223.18909536700005,nodestore,4284,20.89,7.382652900562175,92240,92420
223.18909536700005,nodeapiserver,4305,66.46,26.762116764537883,413176,413312
223.18909536700005,nodescheduler,4298,2.29,0.9228316125702719,67620,67980
223.18909536700005,nodecontroller,4291,8.12,3.6913264502810876,139776,140480
223.18909536700005,nodelet,4427,17.37,8.305484513132447,119496,117453
223.18909536700005,nodeproxy,4636,0.34,0.9228316125702719,52484,52828
223.18909536700005,containerd,3698,15.56,14.76530580112435,106420,105360
223.18909536700005,flanneld,5274,0.82,0.9228316125702719,47988,48036
223.18909536700005,coredns,4906,1.55,0.9228316125702719,66440,42896
223.18909536700005,coredns,4925,1.61,0.9228316125702719,66192,42708
224.28758979400004,nodestore,4284,21.01,10.924042676094608,92240,92548
224.28758979400004,nodeapiserver,4305,66.81,31.861791138609274,413176,413320
224.28758979400004,nodescheduler,4298,2.3,0.9103368896745507,67620,67980
224.28758979400004,nodecontroller,4291,8.17,4.551684448372754,139776,140492
224.28758979400004,nodelet,4427,17.51,12.744716455443712,119496,117457
224.28758979400004,nodeproxy,4636,0.34,0.0,52484,52828
224.28758979400004,containerd,3698,15.66,9.103368896745508,106548,105360
224.28758979400004,flanneld,5274,0.82,0.0,47988,48036
224.28758979400004,coredns,4906,1.56,0.9103368896745507,66440,42896
224.28758979400004,coredns,4925,1.61,0.0,66192,42708
225.31619853400002,nodestore,4284,21.11,9.721869561404057,92240,92596
225.31619853400002,nodeapiserver,4305,67.1,28.193421728071762,413176,413320
225.31619853400002,nodescheduler,4298,2.31,0.9721869561404057,67620,67980
225.31619853400002,nodecontroller,4291,8.2,2.916560868421217,139776,140492
225.31619853400002,nodelet,4427,17.56,4.860934780702029,116988,114805
225.31619853400002,nodeproxy,4636,0.34,0.0,52484,52828
225.31619853400002,containerd,3698,15.71,4.860934780702029,102364,101036
225.31619853400002,flanneld,5274,0.82,0.0,47988,48036
225.31619853400002,coredns,4906,1.57,0.9721869561404057,66440,42896
225.31619853400002,coredns,4925,1.62,0.9721869561404057,66192,42708
226.34002677800004,nodestore,4284,21.2,8.79053694088153,92380,92664
226.34002677800004,nodeapiserver,4305,67.51,40.0457793973492,413176,413320
226.34002677800004,nodescheduler,4298,2.31,0.0,67620,67980
226.34002677800004,nodecontroller,4291,8.24,3.9069053070584583,139776,140492
226.34002677800004,nodelet,4427,17.66,9.767263267646145,116988,114805
226.34002677800004,nodeproxy,4636,0.34,0.0,52484,52828
226.34002677800004,containerd,3698,15.77,5.860357960587687,102364,101116
226.34002677800004,flanneld,5274,0.82,0.0,47988,48036
226.34002677800004,coredns,4906,1.57,0.0,66440,42896
226.34002677800004,coredns,4925,1.63,0.9767263267646146,66192,42708
227.361638901,nodestore,4284,21.31,10.767295877126637,92512,92780
227.361638901,nodeapiserver,4305,67.84,32.30188763137991,413176,413324
227.361638901,nodescheduler,4298,2.33,1.9576901594775704,67620,67980
227.361638901,nodecontroller,4291,8.28,3.915380318955141,139776,140496
227.361638901,nodelet,4427,17.72,5.8730704784327115,117372,115285
227.361638901,nodeproxy,4636,0.34,0.0,52484,52828
227.361638901,containerd,3698,15.78,0.9788450797387852,102364,101116
227.361638901,flanneld,5274,0.82,0.0,47988,48036
227.361638901,coredns,4906,1.58,0.9788450797387852,66440,42896
227.361638901,coredns,4925,1.64,0.9788450797387852,66192,42708
228.38092445300003,nodestore,4284,21.4,8.829714089776118,92512,92836
228.38092445300003,nodeapiserver,4305,68.13,28.451300955945268,413176,413332
228.38092445300003,nodescheduler,4298,2.34,0.9810793433084576,67620,67980
228.38092445300003,nodecontroller,4291,8.31,2.943238029925373,139776,140500
228.38092445300003,nodelet,4427,17.81,8.829714089776118,117372,115325
228.38092445300003,nodeproxy,4636,0.34,0.0,52484,52828
228.38092445300003,containerd,3698,15.84,5.886476059850746,103260,102092
228.38092445300003,flanneld,5274,0.83,0.9810793433084576,48116,48204
228.38092445300003,coredns,4906,1.58,0.0,66440,42896
228.38092445300003,coredns,4925,1.64,0.0,66192,42708
229.405212108,nodestore,4284,21.48,7.810305982844499,92512,92852
229.405212108,nodeapiserver,4305,68.36,22.454629700677934,413176,413332
229.405212108,nodescheduler,4298,2.34,0.0,67620,67980
229.405212108,nodecontroller,4291,8.33,1.9525764957111247,139776,140500
229.405212108,nodelet,4427,17.83,1.9525764957111247,117372,115325
229.405212108,nodeproxy,4636,0.34,0.0,52484,52828
229.405212108,containerd,3698,15.88,3.9051529914222494,104156,103076
229.405212108,flanneld,5274,0.84,0.9762882478555623,48116,48204
229.405212108,coredns,4906,1.59,0.9762882478555623,66440,42896
229.405212108,coredns,4925,1.65,0.9762882478555623,66192,42708
230.45102704600004,nodestore,4284,21.55,6.693344821968652,92512,92876
230.45102704600004,nodeapiserver,4305,68.65,27.729571405298692,413176,413332
230.45102704600004,nodescheduler,4298,2.35,0.956192117424093,67620,67980
230.45102704600004,nodecontroller,4291,8.36,2.868576352272279,139776,140500
230.45102704600004,nodelet,4427,17.88,4.780960587120465,117500,115365
230.45102704600004,nodeproxy,4636,0.34,0.0,52484,52828
230.45102704600004,containerd,3698,15.89,0.956192117424093,104156,103076
230.45102704600004,flanneld,5274,0.84,0.0,48116,48204
230.45102704600004,coredns,4906,1.59,0.0,66440,42896
230.45102704600004,coredns,4925,1.66,0.956192117424093,66192,42708
231.47512005300007,nodestore,4284,21.65,9.764738096683123,92644,92912
231.47512005300007,nodeapiserver,4305,68.92,26.36479286104443,413176,413332
231.47512005300007,nodescheduler,4298,2.35,0.0,67620,67980
231.47512005300007,nodecontroller,4291,8.38,1.9529476193366246,139776,140504
231.47512005300007,nodelet,4427,17.9,1.9529476193366246,118396,116349
231.47512005300007,nodeproxy,4636,0.34,0.0,52484,52828
231.47512005300007,containerd,3698,15.9,0.9764738096683123,104156,103076
231.47512005300007,flanneld,5274,0.84,0.0,48116,48204
231.47512005300007,coredns,4906,1.59,0.0,66440,42896
231.47512005300007,coredns,4925,1.66,0.0,66192,42708
232.512258846,nodestore,4284,21.77,11.570293273178812,92928,93028
232.512258846,nodeapiserver,4305,69.26,32.78249760733997,413176,413344
232.512258846,nodescheduler,4298,2.37,1.9283822121964689,67620,67980
232.512258846,nodecontroller,4291,8.44,5.785146636589406,139776,140504
232.512258846,nodelet,4427,18.03,12.534484379277048,119420,117337
232.512258846,nodeproxy,4636,0.34,0.0,52484,52828
232.512258846,containerd,3698,16.0,9.641911060982345,103336,102155
232.512258846,flanneld,5274,0.84,0.0,48116,48204
232.512258846,coredns,4906,1.61,1.9283822121964689,66440,42896
232.512258846,coredns,4925,1.67,0.9641911060982344,66192,42720
233.57413711599997,nodestore,4284,21.88,10.359002826190572,92928,93148
233.57413711599997,nodeapiserver,4305,69.56,28.251825889610654,413176,413360
233.57413711599997,nodescheduler,4298,2.38,0.9417275296536884,67620,67980
233.57413711599997,nodecontroller,4291,8.48,3.7669101186147538,139776,140508
233.57413711599997,nodelet,4427,18.15,11.300730355844262,119420,117339
233.57413711599997,nodeproxy,4636,0.35,0.9417275296536884,52484,52828
233.57413711599997,containerd,3698,16.2,18.834550593073768,104616,103598
233.57413711599997,flanneld,5274,0.85,0.9417275296536884,48116,48204
233.57413711599997,coredns,4906,1.61,0.0,66440,42896
233.57413711599997,coredns,4925,1.68,0.9417275296536884,66192,42720
234.63022598099997,nodestore,4284,21.99,10.415790152280488,93064,93312
234.63022598099997,nodeapiserver,4305,69.92,34.08804049837251,413176,413360
234.63022598099997,nodescheduler,4298,2.41,2.8406700415310424,67620,67980
234.63022598099997,nodecontroller,4291,8.52,3.787560055374723,139776,140508
234.63022598099997,nodelet,4427,18.23,7.575120110749446,119420,117345
234.63022598099997,nodeproxy,4636,0.36,0.9468900138436808,52612,52916
234.63022598099997,containerd,3698,16.25,4.734450069218404,105128,104064
234.63022598099997,flanneld,5274,0.85,0.0,48116,48204
234.63022598099997,coredns,4906,1.62,0.9468900138436808,66440,42896
234.63022598099997,coredns,4925,1.68,0.0,66192,42720
235.65434199599997,nodestore,4284,22.08,8.788066848070883,93064,93360
235.65434199599997,nodeapiserver,4305,70.18,25.387748672204776,413176,413368
235.65434199599997,nodescheduler,4298,2.41,0.0,67620,67980
235.65434199599997,nodecontroller,4291,8.57,4.88225936003938,139776,140508
235.65434199599997,nodelet,4427,18.32,8.788066848070883,119548,117413
235.65434199599997,nodeproxy,4636,0.37,0.976451872007876,52612,52916
235.65434199599997,containerd,3698,16.34,8.788066848070883,106408,105236
235.65434199599997,flanneld,5274,0.85,0.0,48116,48204
235.65434199599997,coredns,4906,1.63,0.976451872007876,66440,42896
235.65434199599997,coredns,4925,1.7,1.952903744015752,66192,42720
236.67899654200005,nodestore,4284,22.21,12.687202775557685,93208,93532
236.67899654200005,nodeapiserver,4305,70.66,46.84505640205914,413176,413372
236.67899654200005,nodescheduler,4298,2.43,1.9518773500857975,67620,67980
236.67899654200005,nodecontroller,4291,8.65,7.80750940034319,139904,140512
236.67899654200005,nodelet,4427,18.54,21.470650850943773,119548,117416
236.67899654200005,nodeproxy,4636,0.37,0.0,52612,52920
236.67899654200005,containerd,3698,16.5,15.61501880068638,106408,105246
236.67899654200005,flanneld,5274,0.87,1.9518773500857975,48116,48204
236.67899654200005,coredns,4906,1.64,0.9759386750428988,66440,42896
236.67899654200005,coredns,4925,1.71,0.9759386750428988,66192,42728
237.69737371100007,nodestore,4284,22.29,7.855635655948071,93208,93576
237.69737371100007,nodeapiserver,4305,70.92,25.53081588183123,413176,413376
237.69737371100007,nodescheduler,4298,2.44,0.9819544569935089,67620,67980
237.69737371100007,nodecontroller,4291,8.68,2.9458633709805264,139904,140512
237.69737371100007,nodelet,4427,18.58,3.9278178279740357,119548,117417
237.69737371100007,nodeproxy,4636,0.37,0.0,52612,52920
237.69737371100007,containerd,3698,16.55,4.909772284967544,106408,105252
237.69737371100007,flanneld,5274,0.87,0.0,48116,48204
237.69737371100007,coredns,4906,1.65,0.9819544569935089,66440,42896
237.69737371100007,coredns,4925,1.71,0.0,66192,42728
238.71287951099998,nodestore,4284,22.37,7.877847669605308,93208,93592
238.71287951099998,nodeapiserver,4305,71.19,26.587735884917915,413176,413376
238.71287951099998,nodescheduler,4298,2.44,0.0,67620,67980
238.71287951099998,nodecontroller,4291,8.7,1.969461917401327,139904,140512
238.71287951099998,nodelet,4427,18.62,3.938923834802654,119548,117417
238.71287951099998,nodeproxy,4636,0.37,0.0,52612,52920
238.71287951099998,containerd,3698,16.57,1.969461917401327,106408,105252
238.71287951099998,flanneld,5274,0.87,0.0,48116,48204
238.71287951099998,coredns,4906,1.66,0.9847309587006635,66440,42896
238.71287951099998,coredns,4925,1.71,0.0,66192,42728
239.73003057900007,nodestore,4284,22.49,11.797657572728367,93516,93720
239.73003057900007,nodeapiserver,4305,71.55,35.392972718185106,413176,413384
239.73003057900007,nodescheduler,4298,2.45,0.9831381310606974,67620,67980
239.73003057900007,nodecontroller,4291,8.76,5.8988287863641835,139904,140520
239.73003057900007,nodelet,4427,18.7,7.865105048485579,119548,117421
239.73003057900007,nodeproxy,4636,0.37,0.0,52612,52920
239.73003057900007,containerd,3698,16.6,2.9494143931820918,106408,105308
239.73003057900007,flanneld,5274,0.87,0.0,48116,48204
239.73003057900007,coredns,4906,1.66,0.0,66440,42900
239.73003057900007,coredns,4925,1.72,0.9831381310606974,66192,42728
240.749197365,nodestore,4284,22.58,8.830743037970977,93516,93720
240.749197365,nodeapiserver,4305,71.82,26.49222911391293,413176,413388
240.749197365,nodescheduler,4298,2.46,0.9811936708856641,67620,67980
240.749197365,nodecontroller,4291,8.79,2.9435810126569923,139904,140520
240.749197365,nodelet,4427,18.74,3.9247746835426565,119548,117421
240.749197365,nodeproxy,4636,0.38,0.9811936708856641,52612,52920
240.749197365,containerd,3698,16.62,1.9623873417713282,106408,105343
240.749197365,flanneld,5274,0.87,0.0,48116,48204
240.749197365,coredns,4906,1.67,0.9811936708856641,66440,42900
240.749197365,coredns,4925,1.73,0.9811936708856641,66192,42728
241.77092370599996,nodestore,4284,22.67,8.80862089861713,93676,93848
241.77092370599996,nodeapiserver,4305,72.09,26.42586269585139,413176,413388
241.77092370599996,nodescheduler,4298,2.47,0.9787356554019033,67620,67980
241.77092370599996,nodecontroller,4291,8.81,1.9574713108038067,139904,140524
241.77092370599996,nodelet,4427,18.8,5.87241393241142,119548,117421
241.77092370599996,nodeproxy,4636,0.38,0.0,52612,52920
241.77092370599996,containerd,3698,16.69,6.851149587813324,106408,105364
241.77092370599996,flanneld,5274,0.88,0.9787356554019033,48116,48204
241.77092370599996,coredns,4906,1.68,0.9787356554019033,66440,42900
241.77092370599996,coredns,4925,1.74,0.9787356554019033,66192,42728
242.802264615,nodestore,4284,22.74,6.787280460722671,93676,93848
242.802264615,nodeapiserver,4305,72.33,23.27067586533487,413176,413392
242.802264615,nodescheduler,4298,2.47,0.0,67620,67980
242.802264615,nodecontroller,4291,8.83,1.9392229887779058,139904,140524
242.802264615,nodelet,4427,18.9,9.696114943889528,119548,117421
242.802264615,nodeproxy,4636,0.38,0.0,52612,52920
242.802264615,containerd,3698,16.79,9.696114943889528,106408,105364
242.802264615,flanneld,5274,0.89,0.9696114943889529,48116,48204
242.802264615,coredns,4906,1.68,0.0,66440,42900
242.802264615,coredns,4925,1.74,0.0,66192,42728
243.822693416,nodestore,4284,22.83,8.819821619284319,93676,93852
243.822693416,nodeapiserver,4305,72.63,29.399405397614398,413176,413400
243.822693416,nodescheduler,4298,2.48,0.9799801799204799,67620,67980
243.822693416,nodecontroller,4291,8.86,2.9399405397614395,139904,140532
243.822693416,nodelet,4427,18.93,2.9399405397614395,119548,117421
243.822693416,nodeproxy,4636,0.38,0.0,52612,52920
243.822693416,containerd,3698,16.8,0.9799801799204799,106408,105364
243.822693416,flanneld,5274,0.89,0.0,48116,48204
243.822693416,coredns,4906,1.69,0.9799801799204799,66440,42900
243.822693416,coredns,4925,1.75,0.9799801799204799,66192,42728
244.84193762000007,nodestore,4284,22.92,8.830072287562741,93676,93856
244.84193762000007,nodeapiserver,4305,72.9,26.49021686268822,413176,413400
244.84193762000007,nodescheduler,4298,2.49,0.9811191430625268,67620,67984
244.84193762000007,nodecontroller,4291,8.9,3.924476572250107,139904,140532
244.84193762000007,nodelet,4427,18.97,3.924476572250107,119548,117421
244.84193762000007,nodeproxy,4636,0.38,0.0,52612,52920
244.84193762000007,containerd,3698,16.81,0.9811191430625268,106408,105364
244.84193762000007,flanneld,5274,0.89,0.0,48116,48204
244.84193762000007,coredns,4906,1.69,0.0,66440,42900
244.84193762000007,coredns,4925,1.76,0.9811191430625268,66192,42728
245.906568385,nodestore,4284,23.03,10.332220673709863,93676,93856
245.906568385,nodeapiserver,4305,73.23,30.996662021129588,413176,413404
245.906568385,nodescheduler,4298,2.52,2.817878365557235,67620,67988
245.906568385,nodecontroller,4291,8.95,4.6964639425953925,139904,140532
245.906568385,nodelet,4427,19.15,16.90727019334341,119548,117427
245.906568385,nodeproxy,4636,0.38,0.0,52612,52920
245.906568385,containerd,3698,17.02,19.725148558900646,106536,105535
245.906568385,flanneld,5274,0.9,0.9392927885190784,48116,48204
245.906568385,coredns,4906,1.7,0.9392927885190784,66440,42900
245.906568385,coredns,4925,1.76,0.0,66192,42728
246.95070820600006,nodestore,4284,23.18,14.365892094445236,93676,93860
246.95070820600006,nodeapiserver,4305,73.62,37.351319445557614,413176,413408
246.95070820600006,nodescheduler,4298,2.53,0.9577261396296823,67620,67988
246.95070820600006,nodecontroller,4291,9.01,5.7463568377780945,139904,140536
246.95070820600006,nodelet,4427,19.29,13.408165954815555,119548,117437
246.95070820600006,nodeproxy,4636,0.38,0.0,52612,52932
246.95070820600006,containerd,3698,17.16,13.408165954815555,107816,106692
246.95070820600006,flanneld,5274,0.9,0.0,48116,48204
246.95070820600006,coredns,4906,1.72,1.9154522792593647,66440,42900
246.95070820600006,coredns,4925,1.78,1.9154522792593647,66192,42736
247.96754464499998,nodestore,4284,23.26,7.8675386651841395,93676,93864
247.96754464499998,nodeapiserver,4305,74.05,42.28802032536475,415272,415488
247.96754464499998,nodescheduler,4298,2.54,0.9834423331480174,67620,67988
247.96754464499998,nodecontroller,4291,9.04,2.9503269994440524,139904,140536
247.96754464499998,nodelet,4427,19.36,6.884096332036123,119676,117449
247.96754464499998,nodeproxy,4636,0.38,0.0,52612,52932
247.96754464499998,containerd,3698,17.18,1.9668846662960349,107944,106752
247.96754464499998,flanneld,5274,0.9,0.0,48116,48204
247.96754464499998,coredns,4906,1.72,0.0,66440,42900
247.96754464499998,coredns,4925,1.79,0.9834423331480174,66192,42736
248.99585849300001,nodestore,4284,23.34,7.779726019988109,93676,93864
248.99585849300001,nodeapiserver,4305,74.35,29.17397257495541,415272,415500
248.99585849300001,nodescheduler,4298,2.55,0.9724657524985136,67620,67988
248.99585849300001,nodecontroller,4291,9.07,2.917397257495541,139904,140540
248.99585849300001,nodelet,4427,19.41,4.862328762492568,119676,117449
248.99585849300001,nodeproxy,4636,0.38,0.0,52612,52932
248.99585849300001,containerd,3698,17.21,2.917397257495541,107944,106760
248.99585849300001,flanneld,5274,0.9,0.0,48116,48204
248.99585849300001,coredns,4906,1.73,0.9724657524985136,66440,42900
248.99585849300001,coredns,4925,1.79,0.0,66192,42736
250.05217530599998,nodestore,4284,23.42,7.573485436892551,93676,93864
250.05217530599998,nodeapiserver,4305,74.58,21.773770631066085,415272,415500
250.05217530599998,nodescheduler,4298,2.55,0.0,67620,67988
250.05217530599998,nodecontroller,4291,9.1,2.840057038834707,139904,140540
250.05217530599998,nodelet,4427,19.49,7.573485436892551,119676,117449
250.05217530599998,nodeproxy,4636,0.38,0.0,52612,52932
250.05217530599998,containerd,3698,17.58,35.02737014562805,109480,108276
250.05217530599998,flanneld,5274,0.92,1.8933713592231378,48116,48204
250.05217530599998,coredns,4906,1.73,0.0,66440,42904
250.05217530599998,coredns,4925,1.8,0.9466856796115689,66192,42736
251.10121595500004,nodestore,4284,23.5,7.6260152622546515,93676,93864
251.10121595500004,nodeapiserver,4305,74.81,21.924793878982122,415272,415500
251.10121595500004,nodescheduler,4298,2.56,0.9532519077818314,67620,67988
251.10121595500004,nodecontroller,4291,9.13,2.8597557233454944,139904,140540
251.10121595500004,nodelet,4427,19.54,4.766259538909157,119676,117449
251.10121595500004,nodeproxy,4636,0.38,0.0,52612,52932
251.10121595500004,containerd,3698,17.88,28.597557233454943,105264,104104
251.10121595500004,flanneld,5274,0.92,0.0,48116,48204
251.10121595500004,coredns,4906,1.75,1.9065038155636629,66440,42904
251.10121595500004,coredns,4925,1.81,0.9532519077818314,66192,42736
252.1415048,nodestore,4284,23.59,8.651443340239137,93676,93864
252.1415048,nodeapiserver,4305,75.11,28.838144467463792,415272,415504
252.1415048,nodescheduler,4298,2.57,0.9612714822487931,67620,67988
252.1415048,nodecontroller,4291,9.18,4.806357411243965,139904,140540
252.1415048,nodelet,4427,19.64,9.61271482248793,119676,117453
252.1415048,nodeproxy,4636,0.39,0.9612714822487931,52612,52932
252.1415048,containerd,3698,17.96,7.690171857990345,105264,104120
252.1415048,flanneld,5274,0.92,0.0,48116,48204
252.1415048,coredns,4906,1.75,0.0,66440,42904
252.1415048,coredns,4925,1.81,0.0,66192,42736
253.16603792700005,nodestore,4284,23.69,9.760543350395348,93676,93864
253.16603792700005,nodeapiserver,4305,75.41,29.281630051186045,415272,415504
253.16603792700005,nodescheduler,4298,2.59,1.9521086700790697,67620,67988
253.16603792700005,nodecontroller,4291,9.21,2.9281630051186047,139904,140540
253.16603792700005,nodelet,4427,19.69,4.880271675197674,119676,117453
253.16603792700005,nodeproxy,4636,0.39,0.0,52612,52932
253.16603792700005,containerd,3698,17.99,2.9281630051186047,107408,106204
253.16603792700005,flanneld,5274,0.93,0.9760543350395349,48116,48204
253.16603792700005,coredns,4906,1.75,0.0,66440,42904
253.16603792700005,coredns,4925,1.81,0.0,66192,42736
254.18974347900007,nodestore,4284,23.76,6.837903717845458,93676,93864
254.18974347900007,nodeapiserver,4305,75.67,25.397928094854556,415272,415512
254.18974347900007,nodescheduler,4298,2.59,0.0,67620,67988
254.18974347900007,nodecontroller,4291,9.23,1.9536867765272734,139904,140540
254.18974347900007,nodelet,4427,19.72,2.9305301647909103,119676,117453
254.18974347900007,nodeproxy,4636,0.39,0.0,52612,52932
254.18974347900007,containerd,3698,18.03,3.907373553054547,107408,105984
254.18974347900007,flanneld,5274,0.93,0.0,48116,48204
254.18974347900007,coredns,4906,1.77,1.9536867765272734,66440,42904
254.18974347900007,coredns,4925,1.83,1.9536867765272734,66192,42736
255.21138004,nodestore,4284,23.84,7.830573322640324,93676,93864
255.21138004,nodeapiserver,4305,75.94,26.42818496391109,415272,415516
255.21138004,nodescheduler,4298,2.61,1.957643330660081,67620,67992
255.21138004,nodecontroller,4291,9.25,1.957643330660081,139904,140540
255.21138004,nodelet,4427,19.77,4.894108326650202,119676,117453
255.21138004,nodeproxy,4636,0.39,0.0,52612,52932
255.21138004,containerd,3698,18.1,6.851751657310284,107408,105984
255.21138004,flanneld,5274,0.93,0.0,48116,48204
255.21138004,coredns,4906,1.77,0.0,66440,42904
255.21138004,coredns,4925,1.83,0.0,66192,42736
256.23470232500006,nodestore,4284,23.93,8.794883226841334,93676,93864
256.23470232500006,nodeapiserver,4305,76.21,26.384649680524,415272,415516
256.23470232500006,nodescheduler,4298,2.63,1.9544184948536296,67620,67992
256.23470232500006,nodecontroller,4291,9.29,3.9088369897072592,139904,140540
256.23470232500006,nodelet,4427,19.83,5.863255484560889,119676,117489
256.23470232500006,nodeproxy,4636,0.39,0.0,52612,52932
256.23470232500006,containerd,3698,18.13,2.9316277422804444,107408,105984
256.23470232500006,flanneld,5274,0.93,0.0,48116,48204
256.23470232500006,coredns,4906,1.77,0.0,66440,42904
256.23470232500006,coredns,4925,1.84,0.9772092474268148,66192,42736
257.258226765,nodestore,4284,24.02,8.793146160731004,93676,93872
257.258226765,nodeapiserver,4305,76.5,28.333470962355452,415272,415520
257.258226765,nodescheduler,4298,2.64,0.9770162400812227,67620,67992
257.258226765,nodecontroller,4291,9.37,7.816129920649781,139904,140540
257.258226765,nodelet,4427,19.96,12.701211121055895,120700,118481
257.258226765,nodeproxy,4636,0.39,0.0,52612,52932
257.258226765,containerd,3698,18.21,7.816129920649781,107792,106458
257.258226765,flanneld,5274,0.93,0.0,48116,48204
257.258226765,coredns,4906,1.78,0.9770162400812227,66440,42904
257.258226765,coredns,4925,1.85,0.9770162400812227,66192,42736
258.326198612,nodestore,4284,24.15,12.172605520003376,93676,93876
258.326198612,nodeapiserver,4305,76.8,28.090628123084713,415272,415528
258.326198612,nodescheduler,4298,2.65,0.9363542707694905,67620,67992
258.326198612,nodecontroller,4291,9.42,4.681771353847452,139904,140544
258.326198612,nodelet,4427,20.21,23.40885676923726,120828,118833
258.326198612,nodeproxy,4636,0.39,0.0,52612,52932
258.326198612,containerd,3698,18.44,21.53614822769828,107400,106068
258.326198612,flanneld,5274,0.95,1.872708541538981,48116,48204
258.326198612,coredns,4906,1.79,0.9363542707694905,66440,42908
258.326198612,coredns,4925,1.86,0.9363542707694905,66192,42736
259.359999735,nodestore,4284,24.3,14.509560558873716,93676,93876
259.359999735,nodeapiserver,4305,77.38,56.103634160978366,415272,415540
259.359999735,nodescheduler,4298,2.67,1.9346080745164955,67620,68060
259.359999735,nodecontroller,4291,9.5,7.738432298065982,139904,140556
259.359999735,nodelet,4427,20.36,14.509560558873716,115344,112957
259.359999735,nodeproxy,4636,0.4,0.9673040372582478,52612,52932
259.359999735,containerd,3698,18.51,6.771128260807735,103932,102624
259.359999735,flanneld,5274,0.95,0.0,48116,48204
259.359999735,coredns,4906,1.79,0.0,66568,42980
259.359999735,coredns,4925,1.87,0.9673040372582478,66192,42672
260.39500027400004,nodestore,4284,24.39,8.69564764545444,93676,93876
260.39500027400004,nodeapiserver,4305,77.65,26.086942936363318,415272,415544
260.39500027400004,nodescheduler,4298,2.67,0.0,67620,68060
260.39500027400004,nodecontroller,4291,9.53,2.89854921515148,139904,140560
260.39500027400004,nodelet,4427,20.43,6.763281502020121,115344,112957
260.39500027400004,nodeproxy,4636,0.4,0.0,52612,52932
260.39500027400004,containerd,3698,18.57,5.79709843030296,104828,103608
260.39500027400004,flanneld,5274,0.95,0.0,48116,48204
260.39500027400004,coredns,4906,1.8,0.9661830717171599,66568,42980
260.39500027400004,coredns,4925,1.87,0.0,66192,42672
261.41518379499996,nodestore,4284,24.47,7.841726351508685,93676,93876
261.41518379499996,nodeapiserver,4305,77.92,26.46582643634181,415272,415544
261.41518379499996,nodescheduler,4298,2.68,0.9802157939385856,67620,68064
261.41518379499996,nodecontroller,4291,9.55,1.9604315878771712,139904,140560
261.41518379499996,nodelet,4427,20.46,2.940647381815757,115344,112957
261.41518379499996,nodeproxy,4636,0.4,0.0,52612,52932
261.41518379499996,containerd,3698,18.61,3.9208631757543424,104828,103648
261.41518379499996,flanneld,5274,0.96,0.9802157939385856,48116,48204
261.41518379499996,coredns,4906,1.81,0.9802157939385856,66568,42980
261.41518379499996,coredns,4925,1.88,0.9802157939385856,66192,42672
262.439236089,nodestore,4284,24.57,9.76512631101966,93676,93876
262.439236089,nodeapiserver,4305,78.19,26.365841039753082,415272,415544
262.439236089,nodescheduler,4298,2.68,0.0,67620,68064
262.439236089,nodecontroller,4291,9.58,2.929537893305898,139904,140560
262.439236089,nodelet,4427,20.54,7.812101048815728,115344,113053
262.439236089,nodeproxy,4636,0.4,0.0,52612,52932
262.439236089,containerd,3698,18.64,2.929537893305898,104828,103648
262.439236089,flanneld,5274,0.96,0.0,48116,48204
262.439236089,coredns,4906,1.82,0.976512631101966,66568,42980
262.439236089,coredns,4925,1.88,0.0,66192,42672
263.45576711399997,nodestore,4284,24.64,6.886164640179428,93676,93880
263.45576711399997,nodeapiserver,4305,78.47,27.54465856071771,415272,415548
263.45576711399997,nodescheduler,4298,2.69,0.9837378057399182,67620,68064
263.45576711399997,nodecontroller,4291,9.6,1.9674756114798364,139904,140560
263.45576711399997,nodelet,4427,20.57,2.9512134172197544,117500,115101
263.45576711399997,nodeproxy,4636,0.4,0.0,52612,52932
263.45576711399997,containerd,3698,18.66,1.9674756114798364,105852,104632
263.45576711399997,flanneld,5274,0.96,0.0,48116,48204
263.45576711399997,coredns,4906,1.83,0.9837378057399182,66568,42980
263.45576711399997,coredns,4925,1.9,1.9674756114798364,66192,42672
264.476265947,nodestore,4284,24.76,11.75895514228345,93676,93936
264.476265947,nodeapiserver,4305,78.8,32.33712664127948,415272,415556
264.476265947,nodescheduler,4298,2.71,1.9598258570472415,67620,68064
264.476265947,nodecontroller,4291,9.66,5.879477571141725,139904,140560
264.476265947,nodelet,4427,20.69,11.75895514228345,117688,115229
264.476265947,nodeproxy,4636,0.41,0.9799129285236208,52612,52936
264.476265947,containerd,3698,18.75,8.819216356712587,105852,104444
264.476265947,flanneld,5274,0.96,0.0,48116,48204
264.476265947,coredns,4906,1.84,0.9799129285236208,66568,42980
264.476265947,coredns,4925,1.9,0.0,66192,42672
265.497353523,nodestore,4284,24.84,7.834783409410413,93676,93948
265.497353523,nodeapiserver,4305,79.03,22.525002302054936,415272,415560
265.497353523,nodescheduler,4298,2.72,0.9793479261763016,67620,68064
265.497353523,nodecontroller,4291,9.67,0.9793479261763016,139904,140560
265.497353523,nodelet,4427,20.71,1.9586958523526032,117688,115229
265.497353523,nodeproxy,4636,0.41,0.0,52612,52936
265.497353523,containerd,3698,18.77,1.9586958523526032,105852,104444
265.497353523,flanneld,5274,0.96,0.0,48116,48204
265.497353523,coredns,4906,1.84,0.0,66568,42980
265.497353523,coredns,4925,1.9,0.0,66192,42672
266.537322928,nodestore,4284,24.93,8.654100742512036,93676,94000
266.537322928,nodeapiserver,4305,79.31,26.923868976704117,415272,415564
266.537322928,nodescheduler,4298,2.72,0.0,67620,68064
266.537322928,nodecontroller,4291,9.71,3.846266996672016,139904,140560
266.537322928,nodelet,4427,20.82,10.577234240848044,117944,115541
266.537322928,nodeproxy,4636,0.41,0.0,52612,52936
266.537322928,containerd,3698,18.83,5.769400495008024,105852,104448
266.537322928,flanneld,5274,0.96,0.0,48116,48204
266.537322928,coredns,4906,1.84,0.0,66568,42980
266.537322928,coredns,4925,1.92,1.923133498336008,66192,42672
267.559123095,nodestore,4284,25.0,6.85065458596636,93676,94000
267.559123095,nodeapiserver,4305,79.55,23.48795858045609,415272,415564
267.559123095,nodescheduler,4298,2.73,0.9786649408523371,67620,68064
267.559123095,nodecontroller,4291,9.73,1.9573298817046743,139904,140560
267.559123095,nodelet,4427,20.84,1.9573298817046743,117944,115545
267.559123095,nodeproxy,4636,0.41,0.0,52612,52936
267.559123095,containerd,3698,18.85,1.9573298817046743,105852,104448
267.559123095,flanneld,5274,0.96,0.0,48116,48204
267.559123095,coredns,4906,1.85,0.9786649408523371,66568,42980
267.559123095,coredns,4925,1.92,0.0,66192,42672
268.577867482,nodestore,4284,25.08,7.852804002737772,93676,94060
268.577867482,nodeapiserver,4305,79.8,24.540012508555538,415272,415564
268.577867482,nodescheduler,4298,2.74,0.9816005003422215,67620,68064
268.577867482,nodecontroller,4291,9.76,2.9448015010266646,139904,140560
268.577867482,nodelet,4427,20.93,8.834404503079993,118200,115817
268.577867482,nodeproxy,4636,0.41,0.0,52612,52936
268.577867482,containerd,3698,18.91,5.889603002053329,105852,104452
268.577867482,flanneld,5274,0.98,1.963201000684443,48116,48204
268.577867482,coredns,4906,1.86,0.9816005003422215,66568,42980
268.577867482,coredns,4925,1.92,0.0,66192,42672
269.602746581,nodestore,4284,25.18,9.75724844984832,93808,94164
269.602746581,nodeapiserver,4305,80.12,31.22319503951462,415272,415564
269.602746581,nodescheduler,4298,2.75,0.9757248449848319,67620,68064
269.602746581,nodecontroller,4291,9.8,3.9028993799393277,139904,140560
269.602746581,nodelet,4427,21.01,7.805798759878655,118200,115815
269.602746581,nodeproxy,4636,0.41,0.0,52612,52936
269.602746581,containerd,3698,18.96,4.87862422492416,105852,104650
269.602746581,flanneld,5274,0.98,0.0,48116,48204
269.602746581,coredns,4906,1.86,0.0,66568,42980
269.602746581,coredns,4925,1.93,0.9757248449848319,66192,42676
270.649114855,nodestore,4284,25.27,8.601178211945887,93940,94216
270.649114855,nodeapiserver,4305,80.35,21.98078876386171,415272,415572
270.649114855,nodescheduler,4298,2.77,1.9113729359879748,67620,68064
270.649114855,nodecontroller,4291,9.84,3.8227458719759495,139904,140564
270.649114855,nodelet,4427,21.14,12.423924083921836,116828,114482
270.649114855,nodeproxy,4636,0.42,0.9556864679939874,52612,52936
270.649114855,containerd,3698,19.17,20.069415827873737,106108,104865
270.649114855,flanneld,5274,1.0,1.9113729359879748,48244,48420
270.649114855,coredns,4906,1.88,1.9113729359879748,66568,42984
270.649114855,coredns,4925,1.94,0.9556864679939874,66192,42676
271.73006062600007,nodestore,4284,25.43,14.801852626887145,94080,94504
271.73006062600007,nodeapiserver,4305,80.9,50.881368404924565,415272,415580
271.73006062600007,nodescheduler,4298,2.78,0.9251157891804466,67620,68064
271.73006062600007,nodecontroller,4291,9.95,10.176273680984913,140092,140628
271.73006062600007,nodelet,4427,21.36,20.352547361969826,117468,115433
271.73006062600007,nodeproxy,4636,0.42,0.0,52612,52936
271.73006062600007,containerd,3698,19.33,14.801852626887145,104948,103816
271.73006062600007,flanneld,5274,1.0,0.0,48244,48420
271.73006062600007,coredns,4906,1.89,0.9251157891804466,66568,42988
271.73006062600007,coredns,4925,1.95,0.9251157891804466,66192,42676
272.746132631,nodestore,4284,25.51,7.8734577477118375,94080,94536
272.746132631,nodeapiserver,4305,81.17,26.572919898527452,415272,415580
272.746132631,nodescheduler,4298,2.78,0.0,67620,68064
272.746132631,nodecontroller,4291,9.98,2.9525466553919393,140092,140628
272.746132631,nodelet,4427,21.42,5.905093310783879,117468,115433
272.746132631,nodeproxy,4636,0.42,0.0,52612,52936
272.746132631,containerd,3698,19.37,3.9367288738559187,105460,104400
272.746132631,flanneld,5274,1.0,0.0,48244,48420
272.746132631,coredns,4906,1.9,0.9841822184639797,66568,42988
272.746132631,coredns,4925,1.96,0.9841822184639797,66192,42676
273.767699633,nodestore,4284,25.58,6.852218196452781,94080,94572
273.767699633,nodeapiserver,4305,81.42,24.472207844474216,415272,415580
273.767699633,nodescheduler,4298,2.8,1.9577766275579371,67620,68064
273.767699633,nodecontroller,4291,10.01,2.9366649413369057,140092,140628
273.767699633,nodelet,4427,21.47,4.894441568894843,117468,115439
273.767699633,nodeproxy,4636,0.43,0.9788883137789686,52612,52936
273.767699633,containerd,3698,19.43,5.873329882673811,105460,104398
273.767699633,flanneld,5274,1.01,0.9788883137789686,48244,48228
273.767699633,coredns,4906,1.9,0.0,66568,42992
273.767699633,coredns,4925,1.96,0.0,66192,42676
274.789011287,nodestore,4284,25.66,7.833064440876437,94212,94612
274.789011287,nodeapiserver,4305,81.68,25.45745943284842,415272,415584
274.789011287,nodescheduler,4298,2.82,1.9582661102191092,67620,68064
274.789011287,nodecontroller,4291,10.03,1.9582661102191092,140092,140628
274.789011287,nodelet,4427,21.53,5.8747983306573275,117468,115441
274.789011287,nodeproxy,4636,0.43,0.0,52612,52936
274.789011287,containerd,3698,19.47,3.9165322204382185,105460,104400
274.789011287,flanneld,5274,1.02,0.9791330551095546,48244,48228
274.789011287,coredns,4906,1.92,1.9582661102191092,66568,43000
274.789011287,coredns,4925,1.98,1.9582661102191092,66192,42676
275.814124377,nodestore,4284,25.76,9.755021272823752,94340,94632
275.814124377,nodeapiserver,4305,81.92,23.412051054777006,415272,415584
275.814124377,nodescheduler,4298,2.82,0.0,67620,68064
275.814124377,nodecontroller,4291,10.05,1.9510042545647506,140092,140628
275.814124377,nodelet,4427,21.56,2.9265063818471257,117468,115441
275.814124377,nodeproxy,4636,0.43,0.0,52612,52936
275.814124377,containerd,3698,19.49,1.9510042545647506,105460,104400
275.814124377,flanneld,5274,1.02,0.0,48244,48228
275.814124377,coredns,4906,1.92,0.0,66568,43000
275.814124377,coredns,4925,1.98,0.0,66192,42676
276.83020858500004,nodestore,4284,25.85,8.857533587412608,94340,94664
276.83020858500004,nodeapiserver,4305,82.2,27.55677116083923,415272,415592
276.83020858500004,nodescheduler,4298,2.83,0.9841703986014009,67620,68064
276.83020858500004,nodecontroller,4291,10.09,3.9366815944056035,140092,140628
276.83020858500004,nodelet,4427,21.65,8.857533587412608,117468,115441
276.83020858500004,nodeproxy,4636,0.43,0.0,52612,52936
276.83020858500004,containerd,3698,19.54,4.9208519930070045,106484,105428
276.83020858500004,flanneld,5274,1.02,0.0,48244,48228
276.83020858500004,coredns,4906,1.92,0.0,66568,43000
276.83020858500004,coredns,4925,2.0,1.9683407972028018,66192,42676
277.85451209200005,nodestore,4284,25.92,6.83391197253795,94340,94696
277.85451209200005,nodeapiserver,4305,82.47,26.359374751217803,415272,415592
277.85451209200005,nodescheduler,4298,2.83,0.0,67620,68064
277.85451209200005,nodecontroller,4291,10.11,1.9525462778679856,140092,140628
277.85451209200005,nodelet,4427,21.68,2.9288194168019785,119612,117489
277.85451209200005,nodeproxy,4636,0.43,0.0,52612,52936
277.85451209200005,containerd,3698,19.56,1.9525462778679856,106484,105428
277.85451209200005,flanneld,5274,1.02,0.0,48244,48228
277.85451209200005,coredns,4906,1.93,0.9762731389339928,66568,43000
277.85451209200005,coredns,4925,2.0,0.0,66192,42676
278.872219643,nodestore,4284,26.0,7.860804405096175,94340,94728
278.872219643,nodeapiserver,4305,82.72,24.565013765925546,415272,415592
278.872219643,nodescheduler,4298,2.84,0.9826005506370219,67620,68064
278.872219643,nodecontroller,4291,10.15,3.9304022025480876,140092,140628
278.872219643,nodelet,4427,21.77,8.843404955733197,120124,117929
278.872219643,nodeproxy,4636,0.43,0.0,52612,52936
278.872219643,containerd,3698,19.64,7.860804405096175,106740,105616
278.872219643,flanneld,5274,1.02,0.0,48244,48228
278.872219643,coredns,4906,1.94,0.9826005506370219,66568,43000
278.872219643,coredns,4925,2.01,0.9826005506370219,66192,42676
279.89639591900004,nodestore,4284,26.07,6.834760933282612,94468,94768
279.89639591900004,nodeapiserver,4305,82.98,25.3862548950497,415272,415592
279.89639591900004,nodescheduler,4298,2.85,0.976394419040373,67620,68064
279.89639591900004,nodecontroller,4291,10.18,2.929183257121119,140092,140628
279.89639591900004,nodelet,4427,21.79,1.952788838080746,120124,117969
279.89639591900004,nodeproxy,4636,0.43,0.0,52612,52936
279.89639591900004,containerd,3698,19.66,1.952788838080746,106740,105616
279.89639591900004,flanneld,5274,1.03,0.976394419040373,48244,48228
279.89639591900004,coredns,4906,1.94,0.0,66568,43000
279.89639591900004,coredns,4925,2.01,0.0,66192,42676
280.91760084099997,nodestore,4284,26.17,9.79235389936824,94468,94800
280.91760084099997,nodeapiserver,4305,83.27,28.397826308167893,415272,415600
280.91760084099997,nodescheduler,4298,2.85,0.0,67620,68064
280.91760084099997,nodecontroller,4291,10.21,2.9377061698104723,140092,140628
280.91760084099997,nodelet,4427,21.84,4.89617694968412,120124,118005
280.91760084099997,nodeproxy,4636,0.43,0.0,52612,52936
280.91760084099997,containerd,3698,19.69,2.9377061698104723,106740,105616
280.91760084099997,flanneld,5274,1.03,0.0,48244,48228
280.91760084099997,coredns,4906,1.94,0.0,66568,43000
280.91760084099997,coredns,4925,2.02,0.9792353899368241,66192,42676
281.961054979,nodestore,4284,26.26,8.62519939520319,94468,94824
281.961054979,nodeapiserver,4305,83.53,24.91724269725366,415272,415600
281.961054979,nodescheduler,4298,2.87,1.91671097671182,67620,68064
281.961054979,nodecontroller,4291,10.23,1.91671097671182,140092,140628
281.961054979,nodelet,4427,21.88,3.83342195342364,120124,118005
281.961054979,nodeproxy,4636,0.43,0.0,52612,52936
281.961054979,containerd,3698,19.75,5.75013293013546,106740,105614
281.961054979,flanneld,5274,1.03,0.0,48244,48228
281.961054979,coredns,4906,1.95,0.95835548835591,66568,43000
281.961054979,coredns,4925,2.03,0.95835548835591,66192,42680
283.027145699,nodestore,4284,26.36,9.380064765970088,94596,94960
283.027145699,nodeapiserver,4305,83.84,29.078200774507273,415272,415608
283.027145699,nodescheduler,4298,2.88,0.9380064765970089,67620,68068
283.027145699,nodecontroller,4291,10.28,4.690032382985044,140092,140628
283.027145699,nodelet,4427,21.99,10.318071242567097,120252,118057
283.027145699,nodeproxy,4636,0.43,0.0,52612,52948
283.027145699,containerd,3698,19.88,12.194084195761114,106996,105812
283.027145699,flanneld,5274,1.04,0.9380064765970089,48244,48228
283.027145699,coredns,4906,1.96,0.9380064765970089,66568,43000
283.027145699,coredns,4925,2.03,0.0,66192,42680
284.04454634700005,nodestore,4284,26.46,9.82896956047512,94868,95012
284.04454634700005,nodeapiserver,4305,84.14,29.48690868142536,415272,415608
284.04454634700005,nodescheduler,4298,2.88,0.0,67620,68068
284.04454634700005,nodecontroller,4291,10.31,2.948690868142536,140220,140632
284.04454634700005,nodelet,4427,22.11,11.794763472570144,121916,119841
284.04454634700005,nodeproxy,4636,0.43,0.0,52612,52948
284.04454634700005,containerd,3698,19.93,4.91448478023756,107252,106220
284.04454634700005,flanneld,5274,1.04,0.0,48244,48228
284.04454634700005,coredns,4906,1.96,0.0,66568,43000
284.04454634700005,coredns,4925,2.04,0.9828969560475119,66192,42680
285.076009442,nodestore,4284,26.53,6.786476446838303,94868,95040
285.076009442,nodeapiserver,4305,84.53,37.81036877524197,415272,415628
285.076009442,nodescheduler,4298,2.89,0.9694966352626145,67620,68068
285.076009442,nodecontroller,4291,10.34,2.9084899057878437,140220,140632
285.076009442,nodelet,4427,22.15,3.877986541050458,121916,119861
285.076009442,nodeproxy,4636,0.43,0.0,52612,52948
285.076009442,containerd,3698,19.97,3.877986541050458,107252,106236
285.076009442,flanneld,5274,1.04,0.0,48244,48228
285.076009442,coredns,4906,1.97,0.9694966352626145,66568,43000
285.076009442,coredns,4925,2.04,0.0,66192,42680
286.09299675500006,nodestore,4284,26.66,12.78285366377926,94868,95124
286.09299675500006,nodeapiserver,4305,84.88,34.415375248636465,415272,415644
286.09299675500006,nodescheduler,4298,2.9,0.9832964356753277,67620,68068
286.09299675500006,nodecontroller,4291,10.4,5.899778614051966,140220,140632
286.09299675500006,nodelet,4427,22.23,7.866371485402621,121916,119865
286.09299675500006,nodeproxy,4636,0.44,0.9832964356753277,52612,52948
286.09299675500006,containerd,3698,19.98,0.9832964356753277,107380,106316
286.09299675500006,flanneld,5274,1.04,0.0,48244,48228
286.09299675500006,coredns,4906,1.98,0.9832964356753277,66568,43000
286.09299675500006,coredns,4925,2.06,1.9665928713506553,66192,42680
287.121364837,nodestore,4284,26.76,9.724144666715445,94868,95216
287.121364837,nodeapiserver,4305,85.15,26.255190600131698,415272,415648
287.121364837,nodescheduler,4298,2.92,1.9448289333430888,67620,68068
287.121364837,nodecontroller,4291,10.42,1.9448289333430888,140220,140632
287.121364837,nodelet,4427,22.33,9.724144666715445,120920,118671
287.121364837,nodeproxy,4636,0.44,0.0,52612,52948
287.121364837,containerd,3698,20.06,7.779315733372355,107508,106458
287.121364837,flanneld,5274,1.04,0.0,48244,48228
287.121364837,coredns,4906,1.99,0.9724144666715444,66568,43000
287.121364837,coredns,4925,2.06,0.0,66192,42680
288.156951099,nodestore,4284,26.83,6.759456219978075,94868,95244
288.156951099,nodeapiserver,4305,85.4,24.140915071350264,415272,415648
288.156951099,nodescheduler,4298,2.93,0.9656366028540105,67620,68068
288.156951099,nodecontroller,4291,10.44,1.931273205708021,140220,140632
288.156951099,nodelet,4427,22.37,3.862546411416042,120920,118673
288.156951099,nodeproxy,4636,0.44,0.0,52612,52948
288.156951099,containerd,3698,20.1,3.862546411416042,107508,106480
288.156951099,flanneld,5274,1.05,0.9656366028540105,48244,48228
288.156951099,coredns,4906,1.99,0.0,66568,43000
288.156951099,coredns,4925,2.07,0.9656366028540105,66192,42680
289.19076473100006,nodestore,4284,26.9,6.771046331104848,94868,95268
289.19076473100006,nodeapiserver,4305,85.66,25.14960065838943,415272,415648
289.19076473100006,nodescheduler,4298,2.93,0.0,67620,68068
289.19076473100006,nodecontroller,4291,10.47,2.9018769990449345,140220,140632
289.19076473100006,nodelet,4427,22.41,3.8691693320599123,120920,118677
289.19076473100006,nodeproxy,4636,0.44,0.0,52612,52948
289.19076473100006,containerd,3698,20.14,3.8691693320599123,107508,106484
289.19076473100006,flanneld,5274,1.05,0.0,48244,48228
289.19076473100006,coredns,4906,2.0,0.9672923330149781,66568,43000
289.19076473100006,coredns,4925,2.08,0.9672923330149781,66192,42680
290.22162643800004,nodestore,4284,26.99,8.730560014875135,95000,95328
290.22162643800004,nodeapiserver,4305,85.95,28.13180449237543,415272,415648
290.22162643800004,nodescheduler,4298,2.94,0.970062223875015,67620,68068
290.22162643800004,nodecontroller,4291,10.5,2.910186671625045,140220,140632
290.22162643800004,nodelet,4427,22.46,4.850311119375075,121688,119385
290.22162643800004,nodeproxy,4636,0.44,0.0,52612,52948
290.22162643800004,containerd,3698,20.17,2.910186671625045,108020,106996
290.22162643800004,flanneld,5274,1.06,0.970062223875015,48244,48228
290.22162643800004,coredns,4906,2.01,0.970062223875015,66568,43000
290.22162643800004,coredns,4925,2.08,0.0,66192,42680
291.26269193200005,nodestore,4284,27.09,9.605543606654125,95000,95364
291.26269193200005,nodeapiserver,4305,86.23,26.895522098631552,415272,415652
291.26269193200005,nodescheduler,4298,2.94,0.0,67620,68068
291.26269193200005,nodecontroller,4291,10.53,2.8816630819962374,140220,140632
291.26269193200005,nodelet,4427,22.52,5.763326163992475,121688,119389
291.26269193200005,nodeproxy,4636,0.44,0.0,52612,52948
291.26269193200005,containerd,3698,20.19,1.9211087213308249,108020,106996
291.26269193200005,flanneld,5274,1.06,0.0,48244,48228
291.26269193200005,coredns,4906,2.02,0.9605543606654124,66568,43000
291.26269193200005,coredns,4925,2.08,0.0,66192,42680
292.281002255,nodestore,4284,27.18,8.838170248030254,95136,95468
292.281002255,nodeapiserver,4305,86.52,28.47854857698637,415272,415660
292.281002255,nodescheduler,4298,2.97,2.946056749343418,67620,68068
292.281002255,nodecontroller,4291,10.57,3.928075665791224,140220,140632
292.281002255,nodelet,4427,22.65,12.766245913821479,121688,119385
292.281002255,nodeproxy,4636,0.44,0.0,52612,52948
292.281002255,containerd,3698,20.37,17.676340496060508,106556,105508
292.281002255,flanneld,5274,1.07,0.982018916447806,48244,48228
292.281002255,coredns,4906,2.02,0.0,66568,43000
292.281002255,coredns,4925,2.09,0.982018916447806,66192,42680
293.29692345700005,nodestore,4284,27.3,11.81193972167848,95276,95644
293.29692345700005,nodeapiserver,4305,86.87,34.45149085489557,415272,415672
293.29692345700005,nodescheduler,4298,2.97,0.0,67620,68068
293.29692345700005,nodecontroller,4291,10.61,3.9373132405594933,140220,140636
293.29692345700005,nodelet,4427,22.76,10.827611411538605,118424,116041
293.29692345700005,nodeproxy,4636,0.44,0.0,52612,52948
293.29692345700005,containerd,3698,20.48,10.827611411538605,106556,105551
293.29692345700005,flanneld,5274,1.07,0.0,48244,48228
293.29692345700005,coredns,4906,2.04,1.9686566202797466,66568,42808
293.29692345700005,coredns,4925,2.1,0.9843283101398733,66192,42684
294.360309711,nodestore,4284,27.4,9.403920694277025,95408,95736
294.360309711,nodeapiserver,4305,87.18,29.152154152258777,415272,415680
294.360309711,nodescheduler,4298,2.98,0.9403920694277025,67620,68072
294.360309711,nodecontroller,4291,10.66,4.701960347138512,140220,140636
294.360309711,nodelet,4427,22.84,7.52313655542162,118424,116044
294.360309711,nodeproxy,4636,0.45,0.9403920694277025,52612,52948
294.360309711,containerd,3698,20.57,8.463528624849323,106556,105550
294.360309711,flanneld,5274,1.07,0.0,48244,48228
294.360309711,coredns,4906,2.05,0.9403920694277025,66568,42808
294.360309711,coredns,4925,2.1,0.0,66192,42684
295.45170218400006,nodestore,4284,27.52,10.99512805600918,95544,95860
295.45170218400006,nodeapiserver,4305,87.59,37.56668752469803,415272,415684
295.45170218400006,nodescheduler,4298,3.0,1.8325213426681966,67620,68072
295.45170218400006,nodecontroller,4291,10.75,8.246346042006884,140220,140640
295.45170218400006,nodelet,4427,23.01,15.576431412679671,123032,120757
295.45170218400006,nodeproxy,4636,0.45,0.0,52612,52948
295.45170218400006,containerd,3698,20.68,10.078867384675082,107068,106000
295.45170218400006,flanneld,5274,1.09,1.8325213426681966,48372,48396
295.45170218400006,coredns,4906,2.06,0.9162606713340983,66568,42808
295.45170218400006,coredns,4925,2.11,0.9162606713340983,66192,42684
296.46999806100007,nodestore,4284,27.62,9.820328478065576,95544,95944
296.46999806100007,nodeapiserver,4305,87.95,35.353182521036075,415272,415688
296.46999806100007,nodescheduler,4298,3.01,0.9820328478065576,67620,68076
296.46999806100007,nodecontroller,4291,10.78,2.946098543419673,140220,140640
296.46999806100007,nodelet,4427,23.1,8.838295630259019,123032,120757
296.46999806100007,nodeproxy,4636,0.46,0.9820328478065576,52612,52948
296.46999806100007,containerd,3698,20.81,12.76642702148525,105176,103928
296.46999806100007,flanneld,5274,1.09,0.0,48372,48396
296.46999806100007,coredns,4906,2.06,0.0,66568,42808
296.46999806100007,coredns,4925,2.12,0.9820328478065576,66192,42684
297.49181465800007,nodestore,4284,27.7,7.829193637574103,95676,95964
297.49181465800007,nodeapiserver,4305,88.21,25.444879322115835,415272,415692
297.49181465800007,nodescheduler,4298,3.01,0.0,67620,68076
297.49181465800007,nodecontroller,4291,10.81,2.9359476140902885,140220,140640
297.49181465800007,nodelet,4427,23.19,8.807842842270865,123032,120756
297.49181465800007,nodeproxy,4636,0.46,0.0,52612,52948
297.49181465800007,containerd,3698,20.85,3.9145968187870515,105176,103928
297.49181465800007,flanneld,5274,1.09,0.0,48372,48396
297.49181465800007,coredns,4906,2.07,0.9786492046967629,66568,42808
297.49181465800007,coredns,4925,2.12,0.0,66192,42684
298.52673262999997,nodestore,4284,27.81,10.628861704607669,95676,95992
298.52673262999997,nodeapiserver,4305,88.54,31.88658511382301,415272,415692
298.52673262999997,nodescheduler,4298,3.04,2.898780464893001,67620,68076
298.52673262999997,nodecontroller,4291,10.86,4.831300774821668,140220,140640
298.52673262999997,nodelet,4427,23.26,6.763821084750336,123032,120757
298.52673262999997,nodeproxy,4636,0.46,0.0,54720,55000
298.52673262999997,containerd,3698,20.88,2.898780464893001,106072,104952
298.52673262999997,flanneld,5274,1.09,0.0,48372,48396
298.52673262999997,coredns,4906,2.08,0.9662601549643336,66568,42808
298.52673262999997,coredns,4925,2.13,0.9662601549643336,66192,42684
299.57821459800005,nodestore,4284,27.91,9.510386582301601,95828,96108
299.57821459800005,nodeapiserver,4305,88.85,29.482198405134962,415272,415696
299.57821459800005,nodescheduler,4298,3.05,0.9510386582301601,67620,68076
299.57821459800005,nodecontroller,4291,10.89,2.85311597469048,140220,140640
299.57821459800005,nodelet,4427,23.29,2.85311597469048,123160,120825
299.57821459800005,nodeproxy,4636,0.46,0.0,54720,55000
299.57821459800005,containerd,3698,20.89,0.9510386582301601,106072,104952
299.57821459800005,flanneld,5274,1.09,0.0,48372,48396
299.57821459800005,coredns,4906,2.09,0.9510386582301601,66568,42808
299.57821459800005,coredns,4925,2.14,0.9510386582301601,66192,42684
300.60185294999997,nodestore,4284,27.99,7.815260130074355,95828,96148
300.60185294999997,nodeapiserver,4305,89.12,26.37650293900095,415272,415700
300.60185294999997,nodescheduler,4298,3.05,0.0,67620,68076
300.60185294999997,nodecontroller,4291,10.92,2.9307225487778834,140220,140640
300.60185294999997,nodelet,4427,23.34,4.884537581296472,123160,120829
300.60185294999997,nodeproxy,4636,0.46,0.0,54720,55000
300.60185294999997,containerd,3698,20.95,5.861445097555767,106072,104956
300.60185294999997,flanneld,5274,1.1,0.9769075162592944,48372,48396
300.60185294999997,coredns,4906,2.09,0.0,66568,42808
300.60185294999997,coredns,4925,2.15,0.9769075162592944,66192,42684
