elapsed_seconds,component,pid,cpu_seconds,cpu_pct_one_core,rss_kib,pss_kib
1.0001683300000082,nodestore,4306,0.03,2.999495094990636,60760,61144
1.0001683300000082,nodeapiserver,4263,0.04,3.9993267933208476,373984,374376
1.0001683300000082,nodescheduler,4298,0.0,0.0,62808,63256
1.0001683300000082,nodecontroller,4271,0.01,0.9998316983302119,124380,124808
1.0001683300000082,nodelet,4427,0.03,2.999495094990636,94776,92699
1.0001683300000082,nodeproxy,4640,0.0,0.0,51744,52008
1.0001683300000082,containerd,3718,0.01,0.9998316983302119,73808,72607
1.0001683300000082,flanneld,5270,0.0,0.0,47668,47892
1.0001683300000082,coredns,4939,0.0,0.0,64076,40226
1.0001683300000082,coredns,4948,0.0,0.0,64424,40786
2.0102013019999845,nodestore,4306,0.05,1.9801333772696352,60760,61144
2.0102013019999845,nodeapiserver,4263,0.06,1.9801333772696352,373984,374380
2.0102013019999845,nodescheduler,4298,0.0,0.0,62808,63256
2.0102013019999845,nodecontroller,4271,0.02,0.9900666886348176,124380,124812
2.0102013019999845,nodelet,4427,0.08,4.950333443174088,94776,92716
2.0102013019999845,nodeproxy,4640,0.0,0.0,51744,52008
2.0102013019999845,containerd,3718,0.03,1.9801333772696352,73808,72621
2.0102013019999845,flanneld,5270,0.0,0.0,47668,47892
2.0102013019999845,coredns,4939,0.0,0.0,64076,40226
2.0102013019999845,coredns,4948,0.0,0.0,64424,40786
3.020062462999988,nodestore,4306,0.05,0.0,60760,61144
3.020062462999988,nodeapiserver,4263,0.08,1.9804702638722365,373984,374380
3.020062462999988,nodescheduler,4298,0.01,0.9902351319361182,62808,63256
3.020062462999988,nodecontroller,4271,0.03,0.9902351319361182,124380,124812
3.020062462999988,nodelet,4427,0.1,1.9804702638722365,94776,92716
3.020062462999988,nodeproxy,4640,0.0,0.0,51744,52008
3.020062462999988,containerd,3718,0.04,0.9902351319361182,73808,72621
3.020062462999988,flanneld,5270,0.01,0.9902351319361182,47668,47892
3.020062462999988,coredns,4939,0.0,0.0,64076,40226
3.020062462999988,coredns,4948,0.0,0.0,64424,40786
4.030623359999993,nodestore,4306,0.08,2.9686484099136736,60760,61148
4.030623359999993,nodeapiserver,4263,0.11,2.9686484099136736,373984,374380
4.030623359999993,nodescheduler,4298,0.02,0.9895494699712245,62808,63256
4.030623359999993,nodecontroller,4271,0.03,0.0,124380,124812
4.030623359999993,nodelet,4427,0.11,0.9895494699712245,94776,92716
4.030623359999993,nodeproxy,4640,0.0,0.0,51744,52008
4.030623359999993,containerd,3718,0.04,0.0,73808,72625
4.030623359999993,flanneld,5270,0.02,0.9895494699712245,47540,47708
4.030623359999993,coredns,4939,0.0,0.0,64076,40230
4.030623359999993,coredns,4948,0.0,0.0,64424,40790
5.041012924999961,nodestore,4306,0.08,0.0,60760,61148
5.041012924999961,nodeapiserver,4263,0.13,1.9794345362227312,373984,374380
5.041012924999961,nodescheduler,4298,0.02,0.0,62808,63256
5.041012924999961,nodecontroller,4271,0.05,1.9794345362227312,124380,124816
5.041012924999961,nodelet,4427,0.13,1.9794345362227312,94776,92716
5.041012924999961,nodeproxy,4640,0.0,0.0,51744,52008
5.041012924999961,containerd,3718,0.05,0.9897172681113656,73808,72625
5.041012924999961,flanneld,5270,0.02,0.0,47540,47708
5.041012924999961,coredns,4939,0.0,0.0,64076,40230
5.041012924999961,coredns,4948,0.0,0.0,64424,40790
6.051595354999961,nodestore,4306,0.09,0.9895283851313351,60760,61148
6.051595354999961,nodeapiserver,4263,0.15,1.9790567702626702,373984,374380
6.051595354999961,nodescheduler,4298,0.03,0.9895283851313351,62808,63264
6.051595354999961,nodecontroller,4271,0.05,0.0,124380,124816
6.051595354999961,nodelet,4427,0.14,0.9895283851313351,94776,92724
6.051595354999961,nodeproxy,4640,0.0,0.0,51744,52008
6.051595354999961,containerd,3718,0.06,0.9895283851313351,73808,72729
6.051595354999961,flanneld,5270,0.02,0.0,47540,47708
6.051595354999961,coredns,4939,0.0,0.0,64076,40230
6.051595354999961,coredns,4948,0.0,0.0,64424,40790
7.0614675819999775,nodestore,4306,0.11,1.980448562231791,60760,61148
7.0614675819999775,nodeapiserver,4263,0.17,1.980448562231791,373984,374380
7.0614675819999775,nodescheduler,4298,0.04,0.9902242811158956,62808,63264
7.0614675819999775,nodecontroller,4271,0.06,0.9902242811158956,124380,124816
7.0614675819999775,nodelet,4427,0.16,1.980448562231791,94776,92728
7.0614675819999775,nodeproxy,4640,0.0,0.0,51744,52008
7.0614675819999775,containerd,3718,0.06,0.0,74064,72989
7.0614675819999775,flanneld,5270,0.02,0.0,47540,47708
7.0614675819999775,coredns,4939,0.01,0.9902242811158956,64076,40246
7.0614675819999775,coredns,4948,0.0,0.0,64424,40794
8.071397138999998,nodestore,4306,0.13,1.9803361394243844,60760,61148
8.071397138999998,nodeapiserver,4263,0.19,1.9803361394243844,373984,374380
8.071397138999998,nodescheduler,4298,0.04,0.0,62808,63264
8.071397138999998,nodecontroller,4271,0.07,0.9901680697121922,124380,124816
8.071397138999998,nodelet,4427,0.16,0.0,94904,92736
8.071397138999998,nodeproxy,4640,0.0,0.0,51744,52008
8.071397138999998,containerd,3718,0.08,1.9803361394243844,74576,73309
8.071397138999998,flanneld,5270,0.02,0.0,47540,47708
8.071397138999998,coredns,4939,0.01,0.0,64076,40246
8.071397138999998,coredns,4948,0.0,0.0,64424,40794
9.081379278999975,nodestore,4306,0.14,0.9901165182980591,60760,61148
9.081379278999975,nodeapiserver,4263,0.22,2.9703495548941774,373984,374380
9.081379278999975,nodescheduler,4298,0.04,0.0,62808,63264
9.081379278999975,nodecontroller,4271,0.07,0.0,124380,124816
9.081379278999975,nodelet,4427,0.18,1.9802330365961183,94904,92736
9.081379278999975,nodeproxy,4640,0.0,0.0,51744,52008
9.081379278999975,containerd,3718,0.09,0.9901165182980591,74576,73317
9.081379278999975,flanneld,5270,0.02,0.0,47540,47708
9.081379278999975,coredns,4939,0.01,0.0,64076,40246
9.081379278999975,coredns,4948,0.0,0.0,64424,40798
10.091714288999981,nodestore,4306,0.15,0.9897707098163354,60760,61148
10.091714288999981,nodeapiserver,4263,0.24,1.9795414196326708,374112,374444
10.091714288999981,nodescheduler,4298,0.05,0.9897707098163354,62808,63264
10.091714288999981,nodecontroller,4271,0.08,0.9897707098163354,124380,124816
10.091714288999981,nodelet,4427,0.2,1.9795414196326708,96960,94792
10.091714288999981,nodeproxy,4640,0.0,0.0,51744,52008
10.091714288999981,containerd,3718,0.1,0.9897707098163354,74576,73329
10.091714288999981,flanneld,5270,0.02,0.0,47540,47708
10.091714288999981,coredns,4939,0.01,0.0,64076,40246
10.091714288999981,coredns,4948,0.0,0.0,64424,40798
11.10184862899996,nodestore,4306,0.18,2.9699020033316184,60760,61148
11.10184862899996,nodeapiserver,4263,0.29,4.949836672219364,374112,374444
11.10184862899996,nodescheduler,4298,0.06,0.9899673344438727,62808,63264
11.10184862899996,nodecontroller,4271,0.09,0.9899673344438727,124380,124816
11.10184862899996,nodelet,4427,0.23,2.9699020033316184,96960,94808
11.10184862899996,nodeproxy,4640,0.0,0.0,51744,52008
11.10184862899996,containerd,3718,0.11,0.9899673344438727,74576,73349
11.10184862899996,flanneld,5270,0.02,0.0,47540,47708
11.10184862899996,coredns,4939,0.01,0.0,64076,40246
11.10184862899996,coredns,4948,0.0,0.0,64424,40798
12.112624648999997,nodestore,4306,0.2,1.978677729216337,60760,61152
12.112624648999997,nodeapiserver,4263,0.32,2.968016593824505,374112,374444
12.112624648999997,nodescheduler,4298,0.07,0.9893388646081684,62808,63268
12.112624648999997,nodecontroller,4271,0.1,0.9893388646081684,124380,124820
12.112624648999997,nodelet,4427,0.29,5.93603318764901,96960,94840
12.112624648999997,nodeproxy,4640,0.0,0.0,51744,52008
12.112624648999997,containerd,3718,0.13,1.978677729216337,74960,73689
12.112624648999997,flanneld,5270,0.02,0.0,47540,47708
12.112624648999997,coredns,4939,0.01,0.0,64076,40246
12.112624648999997,coredns,4948,0.01,0.9893388646081684,64424,40798
13.123964102999992,nodestore,4306,0.21,0.9887876875018123,60760,61152
13.123964102999992,nodeapiserver,4263,0.35,2.9663630625054367,374112,374444
13.123964102999992,nodescheduler,4298,0.07,0.0,62808,63272
13.123964102999992,nodecontroller,4271,0.11,0.9887876875018123,124380,124820
13.123964102999992,nodelet,4427,0.31,1.9775753750036247,96960,94848
13.123964102999992,nodeproxy,4640,0.0,0.0,51744,52008
13.123964102999992,containerd,3718,0.14,0.9887876875018123,74960,73689
13.123964102999992,flanneld,5270,0.03,0.9887876875018123,47540,47772
13.123964102999992,coredns,4939,0.01,0.0,64076,40254
13.123964102999992,coredns,4948,0.01,0.0,64424,40798
14.134350665999989,nodestore,4306,0.24,2.969160626099902,60760,61160
14.134350665999989,nodeapiserver,4263,0.39,3.9588808347998694,374112,374448
14.134350665999989,nodescheduler,4298,0.09,1.9794404173999347,62808,63276
14.134350665999989,nodecontroller,4271,0.12,0.9897202086999674,124380,124820
14.134350665999989,nodelet,4427,0.32,0.9897202086999674,96960,94852
14.134350665999989,nodeproxy,4640,0.0,0.0,51744,52008
14.134350665999989,containerd,3718,0.15,0.9897202086999674,74960,73693
14.134350665999989,flanneld,5270,0.03,0.0,47540,47772
14.134350665999989,coredns,4939,0.02,0.9897202086999674,64076,40254
14.134350665999989,coredns,4948,0.01,0.0,64424,40798
15.144706563,nodestore,4306,0.25,0.9897502483721231,60760,61160
15.144706563,nodeapiserver,4263,0.41,1.9795004967442462,374112,374448
15.144706563,nodescheduler,4298,0.09,0.0,62808,63276
15.144706563,nodecontroller,4271,0.13,0.9897502483721231,124380,124820
15.144706563,nodelet,4427,0.35,2.9692507451163697,96960,94860
15.144706563,nodeproxy,4640,0.0,0.0,51744,52008
15.144706563,containerd,3718,0.15,0.0,74960,73697
15.144706563,flanneld,5270,0.03,0.0,47540,47772
15.144706563,coredns,4939,0.02,0.0,64076,40254
15.144706563,coredns,4948,0.01,0.0,64424,40798
16.15475361299997,nodestore,4306,0.26,0.9900528891203939,60760,61176
16.15475361299997,nodeapiserver,4263,0.44,2.9701586673611815,374112,374448
16.15475361299997,nodescheduler,4298,0.09,0.0,62808,63276
16.15475361299997,nodecontroller,4271,0.14,0.9900528891203939,124380,124820
16.15475361299997,nodelet,4427,0.37,1.9801057782407878,96960,94862
16.15475361299997,nodeproxy,4640,0.0,0.0,51744,52008
16.15475361299997,containerd,3718,0.16,0.9900528891203939,74960,73712
16.15475361299997,flanneld,5270,0.03,0.0,47540,47772
16.15475361299997,coredns,4939,0.02,0.0,64076,40254
16.15475361299997,coredns,4948,0.01,0.0,64424,40798
17.165004804999967,nodestore,4306,0.28,1.9797056572045135,60760,61176
17.165004804999967,nodeapiserver,4263,0.46,1.9797056572045135,374112,374448
17.165004804999967,nodescheduler,4298,0.09,0.0,62808,63276
17.165004804999967,nodecontroller,4271,0.15,0.9898528286022568,124380,124832
17.165004804999967,nodelet,4427,0.39,1.9797056572045135,96960,94866
17.165004804999967,nodeproxy,4640,0.0,0.0,51744,52008
17.165004804999967,containerd,3718,0.17,0.9898528286022568,74960,73720
17.165004804999967,flanneld,5270,0.03,0.0,47540,47772
17.165004804999967,coredns,4939,0.02,0.0,64076,40254
17.165004804999967,coredns,4948,0.01,0.0,64424,40798
18.174883677999958,nodestore,4306,0.3,1.980435528925079,60760,61176
18.174883677999958,nodeapiserver,4263,0.5,3.960871057850158,374112,374448
18.174883677999958,nodescheduler,4298,0.1,0.9902177644625395,62808,63276
18.174883677999958,nodecontroller,4271,0.17,1.980435528925079,124380,124832
18.174883677999958,nodelet,4427,0.4,0.9902177644625395,96960,94863
18.174883677999958,nodeproxy,4640,0.0,0.0,51744,52008
18.174883677999958,containerd,3718,0.17,0.0,74960,73721
18.174883677999958,flanneld,5270,0.03,0.0,47540,47772
18.174883677999958,coredns,4939,0.02,0.0,64076,40254
18.174883677999958,coredns,4948,0.01,0.0,64424,40798
19.18501347199998,nodestore,4306,0.32,1.979943579408921,60760,61180
19.18501347199998,nodeapiserver,4263,0.52,1.979943579408921,374112,374448
19.18501347199998,nodescheduler,4298,0.11,0.9899717897044605,62808,63276
19.18501347199998,nodecontroller,4271,0.18,0.9899717897044605,124380,124832
19.18501347199998,nodelet,4427,0.42,1.979943579408921,96960,94870
19.18501347199998,nodeproxy,4640,0.0,0.0,51744,52008
19.18501347199998,containerd,3718,0.18,0.9899717897044605,74960,73724
19.18501347199998,flanneld,5270,0.03,0.0,47540,47772
19.18501347199998,coredns,4939,0.02,0.0,64076,40254
19.18501347199998,coredns,4948,0.02,0.9899717897044605,64424,40798
20.195325695999998,nodestore,4306,0.33,0.9897930325348441,60760,61180
20.195325695999998,nodeapiserver,4263,0.55,2.969379097604532,374112,374448
20.195325695999998,nodescheduler,4298,0.12,0.9897930325348441,62808,63276
20.195325695999998,nodecontroller,4271,0.2,1.9795860650696881,124380,124832
20.195325695999998,nodelet,4427,0.44,1.9795860650696881,96960,94882
20.195325695999998,nodeproxy,4640,0.0,0.0,51744,52008
20.195325695999998,containerd,3718,0.2,1.9795860650696881,75088,73756
20.195325695999998,flanneld,5270,0.03,0.0,47540,47772
20.195325695999998,coredns,4939,0.02,0.0,64076,40254
20.195325695999998,coredns,4948,0.02,0.0,64424,40798
21.20544083799996,nodestore,4306,0.36,2.9699584485588435,60760,61180
21.20544083799996,nodeapiserver,4263,0.57,1.979972299039229,374112,374448
21.20544083799996,nodescheduler,4298,0.12,0.0,62808,63276
21.20544083799996,nodecontroller,4271,0.2,0.0,124380,124832
21.20544083799996,nodelet,4427,0.46,1.979972299039229,96960,94886
21.20544083799996,nodeproxy,4640,0.0,0.0,51744,52008
21.20544083799996,containerd,3718,0.2,0.0,79440,78184
21.20544083799996,flanneld,5270,0.03,0.0,47540,47772
21.20544083799996,coredns,4939,0.02,0.0,64076,40254
21.20544083799996,coredns,4948,0.02,0.0,64424,40798
22.21530099399996,nodestore,4306,0.37,0.9902361174055451,60760,61180
22.21530099399996,nodeapiserver,4263,0.6,2.970708352216635,374112,374448
22.21530099399996,nodescheduler,4298,0.13,0.9902361174055451,62808,63280
22.21530099399996,nodecontroller,4271,0.21,0.9902361174055451,124380,124832
22.21530099399996,nodelet,4427,0.52,5.94141670443327,96960,94902
22.21530099399996,nodeproxy,4640,0.0,0.0,51744,52008
22.21530099399996,containerd,3718,0.24,3.9609444696221803,79440,78192
22.21530099399996,flanneld,5270,0.03,0.0,47540,47772
22.21530099399996,coredns,4939,0.02,0.0,64076,40258
22.21530099399996,coredns,4948,0.02,0.0,64424,40798
23.225094108999997,nodestore,4306,0.38,0.9903018600002675,60760,61180
23.225094108999997,nodeapiserver,4263,0.63,2.9709055800008026,374112,374448
23.225094108999997,nodescheduler,4298,0.13,0.0,62808,63280
23.225094108999997,nodecontroller,4271,0.22,0.9903018600002675,124380,124832
23.225094108999997,nodelet,4427,0.54,1.980603720000535,96960,94902
23.225094108999997,nodeproxy,4640,0.0,0.0,51744,52008
23.225094108999997,containerd,3718,0.24,0.0,79440,78192
23.225094108999997,flanneld,5270,0.04,0.9903018600002675,47540,47776
23.225094108999997,coredns,4939,0.02,0.0,64076,40258
23.225094108999997,coredns,4948,0.02,0.0,64424,40798
24.23507587299997,nodestore,4306,0.4,1.9802337738050992,60760,61180
24.23507587299997,nodeapiserver,4263,0.66,2.970350660707649,374112,374448
24.23507587299997,nodescheduler,4298,0.14,0.9901168869025496,62808,63280
24.23507587299997,nodecontroller,4271,0.23,0.9901168869025496,124380,124832
24.23507587299997,nodelet,4427,0.55,0.9901168869025496,96960,94902
24.23507587299997,nodeproxy,4640,0.01,0.9901168869025496,51744,52008
24.23507587299997,containerd,3718,0.25,0.9901168869025496,79440,78192
24.23507587299997,flanneld,5270,0.04,0.0,47540,47776
24.23507587299997,coredns,4939,0.02,0.0,64076,40258
24.23507587299997,coredns,4948,0.02,0.0,64424,40798
25.24506575999999,nodestore,4306,0.43,2.9703267712025596,60760,61180
25.24506575999999,nodeapiserver,4263,0.69,2.9703267712025596,374112,374448
25.24506575999999,nodescheduler,4298,0.14,0.0,62808,63280
25.24506575999999,nodecontroller,4271,0.24,0.9901089237341866,124380,124832
25.24506575999999,nodelet,4427,0.57,1.9802178474683731,96960,94906
25.24506575999999,nodeproxy,4640,0.01,0.0,51744,52008
25.24506575999999,containerd,3718,0.25,0.0,79440,78192
25.24506575999999,flanneld,5270,0.04,0.0,47540,47776
25.24506575999999,coredns,4939,0.02,0.0,64076,40258
25.24506575999999,coredns,4948,0.02,0.0,64424,40798
26.255024077999963,nodestore,4306,0.45,1.9802797445746185,60760,61184
26.255024077999963,nodeapiserver,4263,0.71,1.9802797445746185,374112,374448
26.255024077999963,nodescheduler,4298,0.15,0.9901398722873093,62808,63280
26.255024077999963,nodecontroller,4271,0.25,0.9901398722873093,124380,124832
26.255024077999963,nodelet,4427,0.58,0.9901398722873093,96960,94910
26.255024077999963,nodeproxy,4640,0.01,0.0,51744,52008
26.255024077999963,containerd,3718,0.26,0.9901398722873093,79440,78192
26.255024077999963,flanneld,5270,0.04,0.0,47540,47776
26.255024077999963,coredns,4939,0.03,0.9901398722873093,64076,40258
26.255024077999963,coredns,4948,0.02,0.0,64424,40798
27.266124416999958,nodestore,4306,0.46,0.9890215257854887,60760,61188
27.266124416999958,nodeapiserver,4263,0.73,1.9780430515709775,374112,374448
27.266124416999958,nodescheduler,4298,0.16,0.9890215257854887,62808,63280
27.266124416999958,nodecontroller,4271,0.25,0.0,126488,126884
27.266124416999958,nodelet,4427,0.6,1.9780430515709775,96960,94912
27.266124416999958,nodeproxy,4640,0.01,0.0,51744,52008
27.266124416999958,containerd,3718,0.27,0.9890215257854887,79440,78193
27.266124416999958,flanneld,5270,0.04,0.0,47540,47776
27.266124416999958,coredns,4939,0.03,0.0,64076,40258
27.266124416999958,coredns,4948,0.02,0.0,64424,40798
28.27578277599997,nodestore,4306,0.47,0.9904340325478219,60760,61188
28.27578277599997,nodeapiserver,4263,0.76,2.971302097643466,374112,374448
28.27578277599997,nodescheduler,4298,0.16,0.0,62808,63280
28.27578277599997,nodecontroller,4271,0.26,0.9904340325478219,126488,126884
28.27578277599997,nodelet,4427,0.61,0.9904340325478219,96960,94916
28.27578277599997,nodeproxy,4640,0.01,0.0,51744,52008
28.27578277599997,containerd,3718,0.28,0.9904340325478219,79440,78193
28.27578277599997,flanneld,5270,0.04,0.0,47540,47776
28.27578277599997,coredns,4939,0.03,0.0,64076,40262
28.27578277599997,coredns,4948,0.02,0.0,64424,40798
29.28566738899997,nodestore,4306,0.49,1.9804242724906296,60760,61188
29.28566738899997,nodeapiserver,4263,0.78,1.9804242724906296,374112,374448
29.28566738899997,nodescheduler,4298,0.17,0.9902121362453148,62808,63280
29.28566738899997,nodecontroller,4271,0.27,0.9902121362453148,126488,126884
29.28566738899997,nodelet,4427,0.63,1.9804242724906296,97088,94932
29.28566738899997,nodeproxy,4640,0.01,0.0,51744,52008
29.28566738899997,containerd,3718,0.28,0.0,79440,78193
29.28566738899997,flanneld,5270,0.04,0.0,47540,47776
29.28566738899997,coredns,4939,0.03,0.0,64076,40262
29.28566738899997,coredns,4948,0.02,0.0,64424,40798
30.295542417999968,nodestore,4306,0.51,1.9804430672777833,60760,61188
30.295542417999968,nodeapiserver,4263,0.81,2.970664600916675,374112,374448
30.295542417999968,nodescheduler,4298,0.17,0.0,62808,63280
30.295542417999968,nodecontroller,4271,0.27,0.0,126488,126884
30.295542417999968,nodelet,4427,0.66,2.970664600916675,99184,96988
30.295542417999968,nodeproxy,4640,0.01,0.0,51744,52008
30.295542417999968,containerd,3718,0.31,2.970664600916675,79440,78197
30.295542417999968,flanneld,5270,0.04,0.0,47540,47776
30.295542417999968,coredns,4939,0.03,0.0,64076,40262
30.295542417999968,coredns,4948,0.02,0.0,64424,40802
31.306682300999967,nodestore,4306,0.53,1.9779656935953371,60760,61192
31.306682300999967,nodeapiserver,4263,0.84,2.966948540393006,374112,374448
31.306682300999967,nodescheduler,4298,0.17,0.0,62808,63280
31.306682300999967,nodecontroller,4271,0.29,1.9779656935953371,126488,126888
31.306682300999967,nodelet,4427,0.68,1.9779656935953371,99184,97068
31.306682300999967,nodeproxy,4640,0.01,0.0,51744,52008
31.306682300999967,containerd,3718,0.31,0.0,89808,88541
31.306682300999967,flanneld,5270,0.04,0.0,47540,47776
31.306682300999967,coredns,4939,0.03,0.0,64076,40262
31.306682300999967,coredns,4948,0.02,0.0,64424,40810
32.316382800999975,nodestore,4306,0.56,2.971178086967349,60760,61220
32.316382800999975,nodeapiserver,4263,0.87,2.971178086967349,374112,374452
32.316382800999975,nodescheduler,4298,0.18,0.990392695655783,62808,63280
32.316382800999975,nodecontroller,4271,0.29,0.0,126488,126892
32.316382800999975,nodelet,4427,0.73,4.951963478278915,99312,97100
32.316382800999975,nodeproxy,4640,0.01,0.0,51744,52008
32.316382800999975,containerd,3718,0.33,1.980785391311566,89808,88545
32.316382800999975,flanneld,5270,0.04,0.0,47540,47776
32.316382800999975,coredns,4939,0.03,0.0,64076,40262
32.316382800999975,coredns,4948,0.02,0.0,64424,40810
33.32798087699996,nodestore,4306,0.57,0.9885348971343986,60760,61220
33.32798087699996,nodeapiserver,4263,0.9,2.965604691403196,374112,374452
33.32798087699996,nodescheduler,4298,0.19,0.9885348971343986,62808,63280
33.32798087699996,nodecontroller,4271,0.31,1.9770697942687971,126488,126892
33.32798087699996,nodelet,4427,0.75,1.9770697942687971,99312,97100
33.32798087699996,nodeproxy,4640,0.01,0.0,51744,52008
33.32798087699996,containerd,3718,0.34,0.9885348971343986,89808,88549
33.32798087699996,flanneld,5270,0.04,0.0,47540,47780
33.32798087699996,coredns,4939,0.04,0.9885348971343986,64076,40262
33.32798087699996,coredns,4948,0.03,0.9885348971343986,64424,40810
34.34058993499997,nodestore,4306,0.59,1.975095901225862,60760,61224
34.34058993499997,nodeapiserver,4263,0.92,1.975095901225862,374112,374452
34.34058993499997,nodescheduler,4298,0.2,0.987547950612931,62808,63284
34.34058993499997,nodecontroller,4271,0.31,0.0,126488,126892
34.34058993499997,nodelet,4427,0.76,0.987547950612931,99312,97112
34.34058993499997,nodeproxy,4640,0.01,0.0,51744,52008
34.34058993499997,containerd,3718,0.35,0.987547950612931,89808,88549
34.34058993499997,flanneld,5270,0.04,0.0,47540,47780
34.34058993499997,coredns,4939,0.04,0.0,64076,40262
34.34058993499997,coredns,4948,0.03,0.0,64424,40810
35.35042861299996,nodestore,4306,0.6,0.990257178483716,60760,61224
35.35042861299996,nodeapiserver,4263,0.95,2.970771535451148,374112,374452
35.35042861299996,nodescheduler,4298,0.2,0.0,62808,63284
35.35042861299996,nodecontroller,4271,0.32,0.990257178483716,126488,126892
35.35042861299996,nodelet,4427,0.78,1.980514356967432,99312,97112
35.35042861299996,nodeproxy,4640,0.01,0.0,51744,52008
35.35042861299996,containerd,3718,0.36,0.990257178483716,89808,88549
35.35042861299996,flanneld,5270,0.04,0.0,47540,47780
35.35042861299996,coredns,4939,0.04,0.0,64076,40264
35.35042861299996,coredns,4948,0.03,0.0,64424,40812
36.36030606700001,nodestore,4306,0.63,2.9706574675147253,60760,61224
36.36030606700001,nodeapiserver,4263,0.97,1.9804383116764834,374112,374452
36.36030606700001,nodescheduler,4298,0.21,0.9902191558382417,62808,63284
36.36030606700001,nodecontroller,4271,0.33,0.9902191558382417,126488,126900
36.36030606700001,nodelet,4427,0.8,1.9804383116764834,99312,97116
36.36030606700001,nodeproxy,4640,0.01,0.0,51744,52008
36.36030606700001,containerd,3718,0.36,0.0,89808,88549
36.36030606700001,flanneld,5270,0.04,0.0,47540,47780
36.36030606700001,coredns,4939,0.04,0.0,64076,40264
36.36030606700001,coredns,4948,0.03,0.0,64424,40812
37.37010476399996,nodestore,4306,0.64,0.9902963857756378,60760,61224
37.37010476399996,nodeapiserver,4263,1.0,2.970889157326914,374112,374452
37.37010476399996,nodescheduler,4298,0.21,0.0,62808,63284
37.37010476399996,nodecontroller,4271,0.33,0.0,126488,126900
37.37010476399996,nodelet,4427,0.82,1.9805927715512757,99312,97120
37.37010476399996,nodeproxy,4640,0.01,0.0,51744,52008
37.37010476399996,containerd,3718,0.36,0.0,89808,88549
37.37010476399996,flanneld,5270,0.04,0.0,47540,47780
37.37010476399996,coredns,4939,0.04,0.0,64076,40264
37.37010476399996,coredns,4948,0.03,0.0,64424,40812
38.38021345999999,nodestore,4306,0.65,0.9899924671076871,60760,61228
38.38021345999999,nodeapiserver,4263,1.02,1.9799849342153741,374112,374452
38.38021345999999,nodescheduler,4298,0.21,0.0,62808,63284
38.38021345999999,nodecontroller,4271,0.35,1.9799849342153741,126488,126900
38.38021345999999,nodelet,4427,0.84,1.9799849342153741,99312,97120
38.38021345999999,nodeproxy,4640,0.01,0.0,51744,52008
38.38021345999999,containerd,3718,0.38,1.9799849342153741,89808,88553
38.38021345999999,flanneld,5270,0.06,1.9799849342153741,47540,47780
38.38021345999999,coredns,4939,0.04,0.0,64076,40264
38.38021345999999,coredns,4948,0.03,0.0,64424,40812
39.393312987,nodestore,4306,0.67,1.9741397036502448,60760,61236
39.393312987,nodeapiserver,4263,1.04,1.9741397036502448,374112,374452
39.393312987,nodescheduler,4298,0.21,0.0,62808,63284
39.393312987,nodecontroller,4271,0.35,0.0,126488,126900
39.393312987,nodelet,4427,0.85,0.9870698518251224,99312,97120
39.393312987,nodeproxy,4640,0.01,0.0,51744,52008
39.393312987,containerd,3718,0.41,2.9612095554753672,89808,88557
39.393312987,flanneld,5270,0.06,0.0,47540,47780
39.393312987,coredns,4939,0.04,0.0,64076,40264
39.393312987,coredns,4948,0.03,0.0,64424,40812
40.40314020699998,nodestore,4306,0.68,0.990268414432345,60760,61236
40.40314020699998,nodeapiserver,4263,1.07,2.970805243297035,374112,374452
40.40314020699998,nodescheduler,4298,0.23,1.98053682886469,62808,63284
40.40314020699998,nodecontroller,4271,0.36,0.990268414432345,126488,126900
40.40314020699998,nodelet,4427,0.88,2.970805243297035,99312,97124
40.40314020699998,nodeproxy,4640,0.01,0.0,51744,52008
40.40314020699998,containerd,3718,0.41,0.0,89808,88557
40.40314020699998,flanneld,5270,0.06,0.0,47540,47780
40.40314020699998,coredns,4939,0.04,0.0,64076,40264
40.40314020699998,coredns,4948,0.04,0.990268414432345,64424,40812
41.41307868199999,nodestore,4306,0.7,1.980318652579282,60760,61240
41.41307868199999,nodeapiserver,4263,1.09,1.980318652579282,374112,374452
41.41307868199999,nodescheduler,4298,0.24,0.990159326289641,62808,63284
41.41307868199999,nodecontroller,4271,0.37,0.990159326289641,126488,126900
41.41307868199999,nodelet,4427,0.89,0.990159326289641,99312,97124
41.41307868199999,nodeproxy,4640,0.01,0.0,51744,52008
41.41307868199999,containerd,3718,0.41,0.0,89808,88557
41.41307868199999,flanneld,5270,0.06,0.0,47540,47780
41.41307868199999,coredns,4939,0.04,0.0,64076,40264
41.41307868199999,coredns,4948,0.04,0.0,64424,40812
42.42278975400001,nodestore,4306,0.72,1.9807646518507904,60760,61240
42.42278975400001,nodeapiserver,4263,1.12,2.9711469777761854,374112,374452
42.42278975400001,nodescheduler,4298,0.24,0.0,62808,63284
42.42278975400001,nodecontroller,4271,0.38,0.9903823259253952,126488,126912
42.42278975400001,nodelet,4427,0.94,4.951911629626976,99312,97132
42.42278975400001,nodeproxy,4640,0.01,0.0,51744,52008
42.42278975400001,containerd,3718,0.43,1.9807646518507904,89808,88557
42.42278975400001,flanneld,5270,0.06,0.0,47540,47780
42.42278975400001,coredns,4939,0.05,0.9903823259253952,64076,40264
42.42278975400001,coredns,4948,0.04,0.0,64424,40812
43.43250708299996,nodestore,4306,0.74,1.9807523774805789,60920,61304
43.43250708299996,nodeapiserver,4263,1.14,1.9807523774805789,374112,374452
43.43250708299996,nodescheduler,4298,0.24,0.0,64928,65332
43.43250708299996,nodecontroller,4271,0.39,0.9903761887402894,126488,126912
43.43250708299996,nodelet,4427,0.95,0.9903761887402894,99312,97132
43.43250708299996,nodeproxy,4640,0.01,0.0,51744,52008
43.43250708299996,containerd,3718,0.45,1.9807523774805789,89808,88557
43.43250708299996,flanneld,5270,0.06,0.0,47540,47784
43.43250708299996,coredns,4939,0.05,0.0,64076,40264
43.43250708299996,coredns,4948,0.04,0.0,64424,40816
44.44213305699998,nodestore,4306,0.76,1.9809316038851903,60920,61304
44.44213305699998,nodeapiserver,4263,1.17,2.9713974058277857,374112,374452
44.44213305699998,nodescheduler,4298,0.25,0.9904658019425951,64928,65332
44.44213305699998,nodecontroller,4271,0.4,0.9904658019425951,126488,126912
44.44213305699998,nodelet,4427,0.98,2.9713974058277857,99312,97132
44.44213305699998,nodeproxy,4640,0.01,0.0,51744,52008
44.44213305699998,containerd,3718,0.45,0.0,89808,88557
44.44213305699998,flanneld,5270,0.06,0.0,47540,47784
44.44213305699998,coredns,4939,0.05,0.0,64076,40264
44.44213305699998,coredns,4948,0.04,0.0,64424,40816
45.45202284099997,nodestore,4306,0.76,0.0,60920,61304
45.45202284099997,nodeapiserver,4263,1.2,2.970621198005915,374112,374452
45.45202284099997,nodescheduler,4298,0.26,0.9902070660019717,65116,65400
45.45202284099997,nodecontroller,4271,0.4,0.0,126488,126912
45.45202284099997,nodelet,4427,0.99,0.9902070660019717,99312,97132
45.45202284099997,nodeproxy,4640,0.01,0.0,51744,52008
45.45202284099997,containerd,3718,0.45,0.0,89808,88557
45.45202284099997,flanneld,5270,0.06,0.0,47540,47784
45.45202284099997,coredns,4939,0.05,0.0,64076,40264
45.45202284099997,coredns,4948,0.04,0.0,64424,40816
46.46157023799998,nodestore,4306,0.78,1.9810857874957095,60920,61316
46.46157023799998,nodeapiserver,4263,1.23,2.971628681243564,374112,374452
46.46157023799998,nodescheduler,4298,0.28,1.9810857874957095,65116,65400
46.46157023799998,nodecontroller,4271,0.42,1.9810857874957095,126488,126912
46.46157023799998,nodelet,4427,1.01,1.9810857874957095,99312,97132
46.46157023799998,nodeproxy,4640,0.01,0.0,51744,52008
46.46157023799998,containerd,3718,0.47,1.9810857874957095,89808,88557
46.46157023799998,flanneld,5270,0.06,0.0,47540,47784
46.46157023799998,coredns,4939,0.05,0.0,64076,40264
46.46157023799998,coredns,4948,0.04,0.0,64424,40820
47.471316969999975,nodestore,4306,0.8,1.9806946995892898,60920,61316
47.471316969999975,nodeapiserver,4263,1.24,0.9903473497946449,374112,374452
47.471316969999975,nodescheduler,4298,0.28,0.0,65116,65400
47.471316969999975,nodecontroller,4271,0.42,0.0,126616,126936
47.471316969999975,nodelet,4427,1.03,1.9806946995892898,99312,97132
47.471316969999975,nodeproxy,4640,0.01,0.0,51744,52008
47.471316969999975,containerd,3718,0.47,0.0,89808,88557
47.471316969999975,flanneld,5270,0.06,0.0,47540,47784
47.471316969999975,coredns,4939,0.05,0.0,64076,40264
47.471316969999975,coredns,4948,0.04,0.0,64424,40820
48.48098762999996,nodestore,4306,0.81,0.990421965911158,60920,61316
48.48098762999996,nodeapiserver,4263,1.27,2.971265897733474,374112,374456
48.48098762999996,nodescheduler,4298,0.28,0.0,65116,65400
48.48098762999996,nodecontroller,4271,0.43,0.990421965911158,126616,126936
48.48098762999996,nodelet,4427,1.04,0.990421965911158,99312,97144
48.48098762999996,nodeproxy,4640,0.01,0.0,51744,52008
48.48098762999996,containerd,3718,0.48,0.990421965911158,89808,88557
48.48098762999996,flanneld,5270,0.06,0.0,47540,47784
48.48098762999996,coredns,4939,0.05,0.0,64076,40264
48.48098762999996,coredns,4948,0.04,0.0,64424,40820
49.490668674999995,nodestore,4306,0.83,1.9808235579978906,60920,61316
49.490668674999995,nodeapiserver,4263,1.29,1.9808235579978906,374112,374456
49.490668674999995,nodescheduler,4298,0.29,0.9904117789989453,65116,65400
49.490668674999995,nodecontroller,4271,0.44,0.9904117789989453,126616,126936
49.490668674999995,nodelet,4427,1.06,1.9808235579978906,99312,97144
49.490668674999995,nodeproxy,4640,0.01,0.0,51744,52008
49.490668674999995,containerd,3718,0.5,1.9808235579978906,89808,88561
49.490668674999995,flanneld,5270,0.06,0.0,47540,47784
49.490668674999995,coredns,4939,0.06,0.9904117789989453,64076,40264
49.490668674999995,coredns,4948,0.04,0.0,64424,40820
50.50056883599996,nodestore,4306,0.84,0.9901968913539343,60920,61316
50.50056883599996,nodeapiserver,4263,1.32,2.970590674061803,374112,374456
50.50056883599996,nodescheduler,4298,0.3,0.9901968913539343,65116,65400
50.50056883599996,nodecontroller,4271,0.45,0.9901968913539343,126616,126936
50.50056883599996,nodelet,4427,1.08,1.9803937827078686,99312,97152
50.50056883599996,nodeproxy,4640,0.01,0.0,51744,52012
50.50056883599996,containerd,3718,0.5,0.0,89808,88561
50.50056883599996,flanneld,5270,0.06,0.0,47540,47784
50.50056883599996,coredns,4939,0.06,0.0,64076,40264
50.50056883599996,coredns,4948,0.05,0.9901968913539343,64424,40820
51.510600839000006,nodestore,4306,0.87,2.9702029154415364,60920,61316
51.510600839000006,nodeapiserver,4263,1.34,1.9801352769610243,374112,374456
51.510600839000006,nodescheduler,4298,0.3,0.0,65116,65400
51.510600839000006,nodecontroller,4271,0.45,0.0,126616,126936
51.510600839000006,nodelet,4427,1.09,0.9900676384805122,99312,97152
51.510600839000006,nodeproxy,4640,0.01,0.0,51744,52012
51.510600839000006,containerd,3718,0.5,0.0,89808,88565
51.510600839000006,flanneld,5270,0.06,0.0,47540,47784
51.510600839000006,coredns,4939,0.06,0.0,64076,40264
51.510600839000006,coredns,4948,0.05,0.0,64424,40824
52.520215804999964,nodestore,4306,0.89,1.9809532023122591,60920,61320
52.520215804999964,nodeapiserver,4263,1.37,2.971429803468389,374112,374460
52.520215804999964,nodescheduler,4298,0.3,0.0,65116,65408
52.520215804999964,nodecontroller,4271,0.47,1.9809532023122591,126616,126936
52.520215804999964,nodelet,4427,1.15,5.942859606936778,99312,97164
52.520215804999964,nodeproxy,4640,0.01,0.0,51744,52012
52.520215804999964,containerd,3718,0.53,2.971429803468389,89808,88569
52.520215804999964,flanneld,5270,0.06,0.0,47540,47784
52.520215804999964,coredns,4939,0.06,0.0,64076,40264
52.520215804999964,coredns,4948,0.05,0.0,64424,40824
53.53016765899997,nodestore,4306,0.9,0.9901462094845488,60920,61320
53.53016765899997,nodeapiserver,4263,1.4,2.970438628453646,374112,374460
53.53016765899997,nodescheduler,4298,0.31,0.9901462094845488,65116,65408
53.53016765899997,nodecontroller,4271,0.47,0.0,126616,126936
53.53016765899997,nodelet,4427,1.17,1.9802924189690976,99312,97164
53.53016765899997,nodeproxy,4640,0.01,0.0,51744,52012
53.53016765899997,containerd,3718,0.55,1.9802924189690976,89808,88569
53.53016765899997,flanneld,5270,0.07,0.9901462094845488,47540,47788
53.53016765899997,coredns,4939,0.06,0.0,64076,40264
53.53016765899997,coredns,4948,0.05,0.0,64424,40824
54.539901391,nodestore,4306,0.92,1.9807202004022404,60920,61320
54.539901391,nodeapiserver,4263,1.43,2.9710803006033606,374112,374460
54.539901391,nodescheduler,4298,0.31,0.0,65116,65408
54.539901391,nodecontroller,4271,0.48,0.9903601002011202,126616,126936
54.539901391,nodelet,4427,1.19,1.9807202004022404,99312,97164
54.539901391,nodeproxy,4640,0.01,0.0,51744,52012
54.539901391,containerd,3718,0.55,0.0,89808,88577
54.539901391,flanneld,5270,0.07,0.0,47540,47788
54.539901391,coredns,4939,0.06,0.0,64076,40332
54.539901391,coredns,4948,0.05,0.0,64424,40824
55.54984720499999,nodestore,4306,0.93,0.9901521310726565,60920,61320
55.54984720499999,nodeapiserver,4263,1.44,0.9901521310726565,374112,374460
55.54984720499999,nodescheduler,4298,0.32,0.9901521310726565,65116,65408
55.54984720499999,nodecontroller,4271,0.49,0.9901521310726565,126616,126936
55.54984720499999,nodelet,4427,1.19,0.0,99312,97164
55.54984720499999,nodeproxy,4640,0.01,0.0,51744,52012
55.54984720499999,containerd,3718,0.56,0.9901521310726565,89808,88577
55.54984720499999,flanneld,5270,0.07,0.0,47540,47788
55.54984720499999,coredns,4939,0.06,0.0,64076,40332
55.54984720499999,coredns,4948,0.05,0.0,64424,40824
56.559639292999975,nodestore,4306,0.95,1.9806057343559154,60920,61324
56.559639292999975,nodeapiserver,4263,1.47,2.970908601533873,374112,374460
56.559639292999975,nodescheduler,4298,0.33,0.9903028671779577,65116,65408
56.559639292999975,nodecontroller,4271,0.5,0.9903028671779577,126616,126936
56.559639292999975,nodelet,4427,1.21,1.9806057343559154,99312,97168
56.559639292999975,nodeproxy,4640,0.01,0.0,51744,52012
56.559639292999975,containerd,3718,0.57,0.9903028671779577,89808,88577
56.559639292999975,flanneld,5270,0.07,0.0,47540,47788
56.559639292999975,coredns,4939,0.07,0.9903028671779577,64076,40332
56.559639292999975,coredns,4948,0.05,0.0,64424,40824
57.569465756,nodestore,4306,0.96,0.9902691567709251,60920,61324
57.569465756,nodeapiserver,4263,1.49,1.9805383135418502,374112,374460
57.569465756,nodescheduler,4298,0.34,0.9902691567709251,65116,65408
57.569465756,nodecontroller,4271,0.5,0.0,126616,126936
57.569465756,nodelet,4427,1.23,1.9805383135418502,99312,97168
57.569465756,nodeproxy,4640,0.01,0.0,51744,52012
57.569465756,containerd,3718,0.57,0.0,89808,88577
57.569465756,flanneld,5270,0.07,0.0,47540,47788
57.569465756,coredns,4939,0.07,0.0,64076,40332
57.569465756,coredns,4948,0.05,0.0,64424,40824
58.579237594000006,nodestore,4306,0.98,1.9806454534930178,60920,61328
58.579237594000006,nodeapiserver,4263,1.52,2.9709681802395265,374112,374460
58.579237594000006,nodescheduler,4298,0.34,0.0,65116,65408
58.579237594000006,nodecontroller,4271,0.51,0.9903227267465089,126616,126936
58.579237594000006,nodelet,4427,1.24,0.9903227267465089,99312,97168
58.579237594000006,nodeproxy,4640,0.01,0.0,51744,52012
58.579237594000006,containerd,3718,0.58,0.9903227267465089,89808,88577
58.579237594000006,flanneld,5270,0.07,0.0,47540,47792
58.579237594000006,coredns,4939,0.07,0.0,64076,40332
58.579237594000006,coredns,4948,0.05,0.0,64424,40824
59.589068639999994,nodestore,4306,0.98,0.0,60920,61328
59.589068639999994,nodeapiserver,4263,1.54,1.9805293251006109,374112,374460
59.589068639999994,nodescheduler,4298,0.35,0.9902646625503054,65116,65408
59.589068639999994,nodecontroller,4271,0.52,0.9902646625503054,126616,126936
59.589068639999994,nodelet,4427,1.26,1.9805293251006109,99312,97168
59.589068639999994,nodeproxy,4640,0.01,0.0,51744,52012
59.589068639999994,containerd,3718,0.59,0.9902646625503054,89808,88581
59.589068639999994,flanneld,5270,0.07,0.0,47540,47792
59.589068639999994,coredns,4939,0.07,0.0,64076,40332
59.589068639999994,coredns,4948,0.05,0.0,64424,40824
60.599781605999965,nodestore,4306,1.0,1.9788011703414286,60920,61336
60.599781605999965,nodeapiserver,4263,1.57,2.968201755512143,374112,374460
60.599781605999965,nodescheduler,4298,0.35,0.0,65116,65408
60.599781605999965,nodecontroller,4271,0.52,0.0,126616,126936
60.599781605999965,nodelet,4427,1.3,3.957602340682857,99312,97168
60.599781605999965,nodeproxy,4640,0.01,0.0,51744,52012
60.599781605999965,containerd,3718,0.61,1.9788011703414286,89808,88581
60.599781605999965,flanneld,5270,0.07,0.0,47540,47792
60.599781605999965,coredns,4939,0.07,0.0,64076,40332
60.599781605999965,coredns,4948,0.06,0.9894005851707143,64424,40824
61.609705448,nodestore,4306,1.02,1.9803473458347478,60920,61336
61.609705448,nodeapiserver,4263,1.59,1.9803473458347478,374112,374460
61.609705448,nodescheduler,4298,0.36,0.9901736729173739,65116,65408
61.609705448,nodecontroller,4271,0.54,1.9803473458347478,126616,126944
61.609705448,nodelet,4427,1.31,0.9901736729173739,99312,97168
61.609705448,nodeproxy,4640,0.01,0.0,51744,52012
61.609705448,containerd,3718,0.61,0.0,89808,88581
61.609705448,flanneld,5270,0.07,0.0,47540,47792
61.609705448,coredns,4939,0.07,0.0,64076,40332
61.609705448,coredns,4948,0.06,0.0,64424,40824
62.61960489399996,nodestore,4306,1.04,1.9803951848093926,60920,61336
62.61960489399996,nodeapiserver,4263,1.63,3.960790369618785,374112,374460
62.61960489399996,nodescheduler,4298,0.36,0.0,65116,65408
62.61960489399996,nodecontroller,4271,0.54,0.0,126616,126944
62.61960489399996,nodelet,4427,1.36,4.950987962023482,99312,97180
62.61960489399996,nodeproxy,4640,0.01,0.0,51744,52012
62.61960489399996,containerd,3718,0.63,1.9803951848093926,89808,88581
62.61960489399996,flanneld,5270,0.07,0.0,47540,47792
62.61960489399996,coredns,4939,0.07,0.0,64076,40332
62.61960489399996,coredns,4948,0.06,0.0,64424,40828
63.63054338899997,nodestore,4306,1.06,1.9783597220719054,60920,61348
63.63054338899997,nodeapiserver,4263,1.66,2.967539583107858,374240,374464
63.63054338899997,nodescheduler,4298,0.37,0.9891798610359527,65116,65408
63.63054338899997,nodecontroller,4271,0.56,1.9783597220719054,126616,126944
63.63054338899997,nodelet,4427,1.39,2.967539583107858,99312,97180
63.63054338899997,nodeproxy,4640,0.01,0.0,51744,52012
63.63054338899997,containerd,3718,0.63,0.0,89808,88581
63.63054338899997,flanneld,5270,0.08,0.9891798610359527,47540,47792
63.63054338899997,coredns,4939,0.07,0.0,64076,40332
63.63054338899997,coredns,4948,0.06,0.0,64424,40828
64.64047104599996,nodestore,4306,1.08,1.9803398650761148,61060,61368
64.64047104599996,nodeapiserver,4263,1.69,2.9705097976141723,374240,374464
64.64047104599996,nodescheduler,4298,0.37,0.0,65116,65408
64.64047104599996,nodecontroller,4271,0.56,0.0,126616,126944
64.64047104599996,nodelet,4427,1.4,0.9901699325380574,99312,97180
64.64047104599996,nodeproxy,4640,0.01,0.0,51744,52012
64.64047104599996,containerd,3718,0.64,0.9901699325380574,89808,88581
64.64047104599996,flanneld,5270,0.08,0.0,47540,47792
64.64047104599996,coredns,4939,0.07,0.0,64076,40332
64.64047104599996,coredns,4948,0.06,0.0,64424,40828
65.65031160000001,nodestore,4306,1.1,1.9805106777281407,61060,61368
65.65031160000001,nodeapiserver,4263,1.71,1.9805106777281407,374240,374464
65.65031160000001,nodescheduler,4298,0.38,0.9902553388640704,65116,65408
65.65031160000001,nodecontroller,4271,0.57,0.9902553388640704,126616,126944
65.65031160000001,nodelet,4427,1.42,1.9805106777281407,99312,97180
65.65031160000001,nodeproxy,4640,0.01,0.0,51744,52012
65.65031160000001,containerd,3718,0.65,0.9902553388640704,89808,88581
65.65031160000001,flanneld,5270,0.08,0.0,47540,47792
65.65031160000001,coredns,4939,0.07,0.0,64076,40336
65.65031160000001,coredns,4948,0.06,0.0,64424,40828
66.66020752700001,nodestore,4306,1.1,0.0,61060,61368
66.66020752700001,nodeapiserver,4263,1.72,0.9902010427654668,374240,374464
66.66020752700001,nodescheduler,4298,0.39,0.9902010427654668,65116,65408
66.66020752700001,nodecontroller,4271,0.58,0.9902010427654668,126616,126944
66.66020752700001,nodelet,4427,1.45,2.9706031282964003,99312,97188
66.66020752700001,nodeproxy,4640,0.01,0.0,51744,52012
66.66020752700001,containerd,3718,0.67,1.9804020855309337,89808,88581
66.66020752700001,flanneld,5270,0.08,0.0,47540,47792
66.66020752700001,coredns,4939,0.09,1.9804020855309337,64076,40336
66.66020752700001,coredns,4948,0.06,0.0,64424,40828
67.66998428900001,nodestore,4306,1.11,0.9903178976107183,61060,61368
67.66998428900001,nodeapiserver,4263,1.75,2.970953692832155,374240,374464
67.66998428900001,nodescheduler,4298,0.39,0.0,65116,65408
67.66998428900001,nodecontroller,4271,0.59,0.9903178976107183,126616,126944
67.66998428900001,nodelet,4427,1.47,1.9806357952214366,99312,97192
67.66998428900001,nodeproxy,4640,0.01,0.0,51744,52012
67.66998428900001,containerd,3718,0.67,0.0,89808,88581
67.66998428900001,flanneld,5270,0.08,0.0,47540,47792
67.66998428900001,coredns,4939,0.09,0.0,64076,40336
67.66998428900001,coredns,4948,0.06,0.0,64424,40828
68.680300967,nodestore,4306,1.14,2.9693660070412657,61060,61372
68.680300967,nodeapiserver,4263,1.78,2.9693660070412657,374240,374464
68.680300967,nodescheduler,4298,0.4,0.9897886690137553,65116,65408
68.680300967,nodecontroller,4271,0.6,0.9897886690137553,126616,126944
68.680300967,nodelet,4427,1.48,0.9897886690137553,99312,97192
68.680300967,nodeproxy,4640,0.01,0.0,51744,52012
68.680300967,containerd,3718,0.68,0.9897886690137553,89808,88581
68.680300967,flanneld,5270,0.08,0.0,47540,47800
68.680300967,coredns,4939,0.09,0.0,64076,40336
68.680300967,coredns,4948,0.06,0.0,64424,40828
69.68992795599996,nodestore,4306,1.15,0.9904648062058004,61060,61380
69.68992795599996,nodeapiserver,4263,1.82,3.9618592248232014,374240,374468
69.68992795599996,nodescheduler,4298,0.4,0.0,65116,65408
69.68992795599996,nodecontroller,4271,0.6,0.0,126616,126944
69.68992795599996,nodelet,4427,1.51,2.9713944186174013,99312,97196
69.68992795599996,nodeproxy,4640,0.01,0.0,51744,52012
69.68992795599996,containerd,3718,0.7,1.9809296124116007,89808,88585
69.68992795599996,flanneld,5270,0.08,0.0,47540,47800
69.68992795599996,coredns,4939,0.09,0.0,64076,40336
69.68992795599996,coredns,4948,0.06,0.0,64424,40828
70.699587866,nodestore,4306,1.17,1.9808650221636737,61060,61384
70.699587866,nodeapiserver,4263,1.85,2.9712975332455107,374240,374468
70.699587866,nodescheduler,4298,0.41,0.9904325110818368,65116,65408
70.699587866,nodecontroller,4271,0.61,0.9904325110818368,126616,126944
70.699587866,nodelet,4427,1.53,1.9808650221636737,99312,97204
70.699587866,nodeproxy,4640,0.01,0.0,51744,52012
70.699587866,containerd,3718,0.7,0.0,89808,88585
70.699587866,flanneld,5270,0.08,0.0,47540,47800
70.699587866,coredns,4939,0.09,0.0,64076,40336
70.699587866,coredns,4948,0.06,0.0,64424,40832
71.70924491,nodestore,4306,1.19,1.9808706450227198,61060,61388
71.70924491,nodeapiserver,4263,1.88,2.9713059675340796,374240,374468
71.70924491,nodescheduler,4298,0.41,0.0,65116,65408
71.70924491,nodecontroller,4271,0.63,1.9808706450227198,126616,126948
71.70924491,nodelet,4427,1.56,2.9713059675340796,99312,97212
71.70924491,nodeproxy,4640,0.01,0.0,51744,52012
71.70924491,containerd,3718,0.73,2.9713059675340796,89808,88589
71.70924491,flanneld,5270,0.08,0.0,47540,47800
71.70924491,coredns,4939,0.09,0.0,64076,40336
71.70924491,coredns,4948,0.06,0.0,64424,40832
72.718946211,nodestore,4306,1.19,0.0,61060,61392
72.718946211,nodeapiserver,4263,1.9,1.9807838199467531,374240,374468
72.718946211,nodescheduler,4298,0.43,1.9807838199467531,65116,65408
72.718946211,nodecontroller,4271,0.63,0.0,126616,126952
72.718946211,nodelet,4427,1.61,4.951959549866883,99312,97216
72.718946211,nodeproxy,4640,0.01,0.0,51744,52012
72.718946211,containerd,3718,0.73,0.0,89808,88601
72.718946211,flanneld,5270,0.08,0.0,47540,47800
72.718946211,coredns,4939,0.09,0.0,64076,40336
72.718946211,coredns,4948,0.06,0.0,64424,40832
73.72870082099996,nodestore,4306,1.21,1.9806792464161973,61060,61392
73.72870082099996,nodeapiserver,4263,1.93,2.971018869624296,374240,374468
73.72870082099996,nodescheduler,4298,0.43,0.0,65116,65408
73.72870082099996,nodecontroller,4271,0.64,0.9903396232080987,126616,126952
73.72870082099996,nodelet,4427,1.62,0.9903396232080987,99312,97216
73.72870082099996,nodeproxy,4640,0.01,0.0,51744,52012
73.72870082099996,containerd,3718,0.74,0.9903396232080987,89808,88601
73.72870082099996,flanneld,5270,0.09,0.9903396232080987,47540,47864
73.72870082099996,coredns,4939,0.09,0.0,64076,40336
73.72870082099996,coredns,4948,0.06,0.0,64424,40832
74.73845424999996,nodestore,4306,1.23,1.9806815630036352,61060,61392
74.73845424999996,nodeapiserver,4263,1.95,1.9806815630036352,374240,374468
74.73845424999996,nodescheduler,4298,0.44,0.9903407815018176,65116,65408
74.73845424999996,nodecontroller,4271,0.65,0.9903407815018176,126616,126952
74.73845424999996,nodelet,4427,1.64,1.9806815630036352,99312,97216
74.73845424999996,nodeproxy,4640,0.01,0.0,51744,52012
74.73845424999996,containerd,3718,0.75,0.9903407815018176,89808,88601
74.73845424999996,flanneld,5270,0.09,0.0,47540,47864
74.73845424999996,coredns,4939,0.09,0.0,64076,40336
74.73845424999996,coredns,4948,0.06,0.0,64424,40832
75.748264624,nodestore,4306,1.25,1.980569868853339,61060,61392
75.748264624,nodeapiserver,4263,1.98,2.970854803280009,374240,374468
75.748264624,nodescheduler,4298,0.44,0.0,65116,65408
75.748264624,nodecontroller,4271,0.66,0.9902849344266695,126616,126952
75.748264624,nodelet,4427,1.66,1.980569868853339,99312,97216
75.748264624,nodeproxy,4640,0.01,0.0,51744,52012
75.748264624,containerd,3718,0.75,0.0,89808,88601
75.748264624,flanneld,5270,0.09,0.0,47540,47864
75.748264624,coredns,4939,0.09,0.0,64076,40336
75.748264624,coredns,4948,0.07,0.9902849344266695,64424,40832
76.75838696599999,nodestore,4306,1.26,0.9899790930473367,61060,61392
76.75838696599999,nodeapiserver,4263,2.0,1.9799581860946733,374240,374468
76.75838696599999,nodescheduler,4298,0.44,0.0,65116,65408
76.75838696599999,nodecontroller,4271,0.66,0.0,126616,126952
76.75838696599999,nodelet,4427,1.68,1.9799581860946733,99312,97216
76.75838696599999,nodeproxy,4640,0.01,0.0,51744,52012
76.75838696599999,containerd,3718,0.76,0.9899790930473367,89808,88601
76.75838696599999,flanneld,5270,0.09,0.0,47540,47864
76.75838696599999,coredns,4939,0.09,0.0,64076,40336
76.75838696599999,coredns,4948,0.07,0.0,64424,40832
77.76867561,nodestore,4306,1.28,1.9796322683401095,61060,61392
77.76867561,nodeapiserver,4263,2.03,2.9694484025101646,374240,374472
77.76867561,nodescheduler,4298,0.45,0.9898161341700548,65116,65408
77.76867561,nodecontroller,4271,0.69,2.9694484025101646,128756,129008
77.76867561,nodelet,4427,1.68,0.0,99312,97224
77.76867561,nodeproxy,4640,0.01,0.0,51744,52012
77.76867561,containerd,3718,0.77,0.9898161341700548,89808,88601
77.76867561,flanneld,5270,0.09,0.0,47540,47864
77.76867561,coredns,4939,0.09,0.0,64076,40336
77.76867561,coredns,4948,0.07,0.0,64424,40832
78.77881719499999,nodestore,4306,1.28,0.0,61060,61392
78.77881719499999,nodeapiserver,4263,2.06,2.9698807024166256,374240,374472
78.77881719499999,nodescheduler,4298,0.46,0.9899602341388752,65116,65408
78.77881719499999,nodecontroller,4271,0.7,0.9899602341388752,128756,129008
78.77881719499999,nodelet,4427,1.7,1.9799204682777505,99312,97224
78.77881719499999,nodeproxy,4640,0.01,0.0,51744,52012
78.77881719499999,containerd,3718,0.78,0.9899602341388752,89808,88601
78.77881719499999,flanneld,5270,0.09,0.0,47368,47744
78.77881719499999,coredns,4939,0.09,0.0,64076,40336
78.77881719499999,coredns,4948,0.07,0.0,64424,40832
79.78872955099996,nodestore,4306,1.3,1.9803698688483562,61060,61396
79.78872955099996,nodeapiserver,4263,2.09,2.970554803272534,374240,374472
79.78872955099996,nodescheduler,4298,0.47,0.9901849344241781,65116,65408
79.78872955099996,nodecontroller,4271,0.71,0.9901849344241781,128756,129008
79.78872955099996,nodelet,4427,1.73,2.970554803272534,99312,97228
79.78872955099996,nodeproxy,4640,0.01,0.0,51744,52020
79.78872955099996,containerd,3718,0.79,0.9901849344241781,89808,88609
79.78872955099996,flanneld,5270,0.09,0.0,47368,47744
79.78872955099996,coredns,4939,0.09,0.0,64076,40336
79.78872955099996,coredns,4948,0.07,0.0,64424,40832
80.79889117599998,nodestore,4306,1.32,1.9798811898046056,61060,61400
80.79889117599998,nodeapiserver,4263,2.12,2.9698217847069084,374240,374472
80.79889117599998,nodescheduler,4298,0.47,0.0,65116,65408
80.79889117599998,nodecontroller,4271,0.72,0.9899405949023028,128756,129008
80.79889117599998,nodelet,4427,1.76,2.9698217847069084,101392,99292
80.79889117599998,nodeproxy,4640,0.01,0.0,51744,52020
80.79889117599998,containerd,3718,0.81,1.9798811898046056,89808,88609
80.79889117599998,flanneld,5270,0.09,0.0,47368,47744
80.79889117599998,coredns,4939,0.09,0.0,64076,40336
80.79889117599998,coredns,4948,0.08,0.9899405949023028,64424,40832
81.808895716,nodestore,4306,1.34,1.98018911875384,61060,61400
81.808895716,nodeapiserver,4263,2.14,1.98018911875384,374240,374472
81.808895716,nodescheduler,4298,0.48,0.99009455937692,65116,65408
81.808895716,nodecontroller,4271,0.74,1.98018911875384,128756,129024
81.808895716,nodelet,4427,1.78,1.98018911875384,101392,99304
81.808895716,nodeproxy,4640,0.01,0.0,51744,52020
81.808895716,containerd,3718,0.83,1.98018911875384,89808,88609
81.808895716,flanneld,5270,0.09,0.0,47368,47744
81.808895716,coredns,4939,0.09,0.0,64076,40336
81.808895716,coredns,4948,0.08,0.0,64424,40832
82.818797303,nodestore,4306,1.36,1.980390986354591,61060,61408
82.818797303,nodeapiserver,4263,2.18,3.960781972709182,374240,374472
82.818797303,nodescheduler,4298,0.48,0.0,65116,65408
82.818797303,nodecontroller,4271,0.76,1.980390986354591,128756,129032
82.818797303,nodelet,4427,1.83,4.950977465886477,101392,99316
82.818797303,nodeproxy,4640,0.01,0.0,51744,52020
82.818797303,containerd,3718,0.84,0.9901954931772955,89808,88613
82.818797303,flanneld,5270,0.09,0.0,47368,47744
82.818797303,coredns,4939,0.1,0.9901954931772955,64076,40336
82.818797303,coredns,4948,0.08,0.0,64424,40832
83.828504856,nodestore,4306,1.38,1.9807715551475162,61200,61436
83.828504856,nodeapiserver,4263,2.21,2.9711573327212744,374240,374472
83.828504856,nodescheduler,4298,0.49,0.9903857775737581,65116,65408
83.828504856,nodecontroller,4271,0.77,0.9903857775737581,128756,129032
83.828504856,nodelet,4427,1.84,0.9903857775737581,101392,99316
83.828504856,nodeproxy,4640,0.01,0.0,51744,52020
83.828504856,containerd,3718,0.84,0.0,89808,88613
83.828504856,flanneld,5270,0.11,1.9807715551475162,47368,47744
83.828504856,coredns,4939,0.11,0.9903857775737581,64076,40336
83.828504856,coredns,4948,0.08,0.0,64424,40832
84.83830184099997,nodestore,4306,1.38,0.0,61200,61456
84.83830184099997,nodeapiserver,4263,2.24,2.9708941941434492,374240,374472
84.83830184099997,nodescheduler,4298,0.49,0.0,65116,65408
84.83830184099997,nodecontroller,4271,0.78,0.990298064714483,128756,129032
84.83830184099997,nodelet,4427,1.86,1.980596129428966,101392,99316
84.83830184099997,nodeproxy,4640,0.01,0.0,51744,52020
84.83830184099997,containerd,3718,0.85,0.990298064714483,89808,88613
84.83830184099997,flanneld,5270,0.11,0.0,47368,47744
84.83830184099997,coredns,4939,0.11,0.0,64076,40336
84.83830184099997,coredns,4948,0.08,0.0,64424,40832
85.84838526599998,nodestore,4306,1.41,2.970051706372655,61200,61464
85.84838526599998,nodeapiserver,4263,2.26,1.9800344709151034,374240,374472
85.84838526599998,nodescheduler,4298,0.5,0.9900172354575517,65116,65416
85.84838526599998,nodecontroller,4271,0.79,0.9900172354575517,128756,129032
85.84838526599998,nodelet,4427,1.88,1.9800344709151034,101392,99324
85.84838526599998,nodeproxy,4640,0.01,0.0,51744,52020
85.84838526599998,containerd,3718,0.86,0.9900172354575517,89808,88613
85.84838526599998,flanneld,5270,0.11,0.0,47368,47744
85.84838526599998,coredns,4939,0.11,0.0,64076,40336
85.84838526599998,coredns,4948,0.08,0.0,64424,40832
86.85839239500001,nodestore,4306,1.42,0.9900920214197519,61200,61464
86.85839239500001,nodeapiserver,4263,2.29,2.970276064259256,374240,374472
86.85839239500001,nodescheduler,4298,0.51,0.9900920214197519,65116,65420
86.85839239500001,nodecontroller,4271,0.79,0.0,128756,129032
86.85839239500001,nodelet,4427,1.91,2.970276064259256,101392,99332
86.85839239500001,nodeproxy,4640,0.01,0.0,51744,52020
86.85839239500001,containerd,3718,0.86,0.0,89808,88613
86.85839239500001,flanneld,5270,0.11,0.0,47368,47744
86.85839239500001,coredns,4939,0.11,0.0,64076,40336
86.85839239500001,coredns,4948,0.08,0.0,64424,40832
87.868413455,nodestore,4306,1.43,0.9900783652966745,61200,61476
87.868413455,nodeapiserver,4263,2.32,2.9702350958900237,374240,374476
87.868413455,nodescheduler,4298,0.51,0.0,65116,65420
87.868413455,nodecontroller,4271,0.8,0.9900783652966745,128756,129032
87.868413455,nodelet,4427,1.93,1.980156730593349,101392,99332
87.868413455,nodeproxy,4640,0.01,0.0,51744,52020
87.868413455,containerd,3718,0.87,0.9900783652966745,89808,88613
87.868413455,flanneld,5270,0.11,0.0,47368,47744
87.868413455,coredns,4939,0.11,0.0,64076,40336
87.868413455,coredns,4948,0.08,0.0,64424,40832
88.878604247,nodestore,4306,1.44,0.9899120125814778,61200,61476
88.878604247,nodeapiserver,4263,2.34,1.9798240251629555,374240,374476
88.878604247,nodescheduler,4298,0.52,0.9899120125814778,65116,65420
88.878604247,nodecontroller,4271,0.81,0.9899120125814778,128756,129032
88.878604247,nodelet,4427,1.94,0.9899120125814778,101392,99332
88.878604247,nodeproxy,4640,0.01,0.0,51744,52020
88.878604247,containerd,3718,0.88,0.9899120125814778,89808,88613
88.878604247,flanneld,5270,0.11,0.0,47368,47744
88.878604247,coredns,4939,0.11,0.0,64076,40336
88.878604247,coredns,4948,0.08,0.0,64424,40832
89.88848130999997,nodestore,4306,1.46,1.98043907845449,61200,61484
89.88848130999997,nodeapiserver,4263,2.36,1.98043907845449,374240,374480
89.88848130999997,nodescheduler,4298,0.52,0.0,65116,65420
89.88848130999997,nodecontroller,4271,0.82,0.990219539227245,128756,129032
89.88848130999997,nodelet,4427,1.96,1.98043907845449,101392,99336
89.88848130999997,nodeproxy,4640,0.01,0.0,51744,52020
89.88848130999997,containerd,3718,0.89,0.990219539227245,89808,88617
89.88848130999997,flanneld,5270,0.11,0.0,47368,47744
89.88848130999997,coredns,4939,0.11,0.0,64076,40336
89.88848130999997,coredns,4948,0.08,0.0,64424,40840
90.89809587100001,nodestore,4306,1.49,2.9714309954369766,61200,61484
90.89809587100001,nodeapiserver,4263,2.39,2.9714309954369766,374240,374480
90.89809587100001,nodescheduler,4298,0.53,0.9904769984789923,65116,65420
90.89809587100001,nodecontroller,4271,0.83,0.9904769984789923,128756,129032
90.89809587100001,nodelet,4427,1.98,1.9809539969579846,101392,99336
90.89809587100001,nodeproxy,4640,0.01,0.0,51744,52020
90.89809587100001,containerd,3718,0.9,0.9904769984789923,89808,88617
90.89809587100001,flanneld,5270,0.11,0.0,47368,47744
90.89809587100001,coredns,4939,0.11,0.0,64076,40336
90.89809587100001,coredns,4948,0.09,0.9904769984789923,64424,40840
91.907964951,nodestore,4306,1.51,1.9804547337958158,61200,61492
91.907964951,nodeapiserver,4263,2.42,2.9706821006937236,374240,374480
91.907964951,nodescheduler,4298,0.53,0.0,65116,65420
91.907964951,nodecontroller,4271,0.84,0.9902273668979079,128756,129032
91.907964951,nodelet,4427,2.0,1.9804547337958158,101392,99344
91.907964951,nodeproxy,4640,0.01,0.0,51744,52020
91.907964951,containerd,3718,0.92,1.9804547337958158,89808,88617
91.907964951,flanneld,5270,0.11,0.0,47368,47744
91.907964951,coredns,4939,0.11,0.0,64076,40336
91.907964951,coredns,4948,0.09,0.0,64424,40840
92.917860126,nodestore,4306,1.51,0.0,61200,61492
92.917860126,nodeapiserver,4263,2.44,1.9804035602011922,374240,374480
92.917860126,nodescheduler,4298,0.54,0.9902017801005961,65116,65420
92.917860126,nodecontroller,4271,0.85,0.9902017801005961,128756,129032
92.917860126,nodelet,4427,2.04,3.9608071204023845,101392,99348
92.917860126,nodeproxy,4640,0.01,0.0,51744,52020
92.917860126,containerd,3718,0.93,0.9902017801005961,89808,88621
92.917860126,flanneld,5270,0.11,0.0,47368,47744
92.917860126,coredns,4939,0.11,0.0,64076,40340
92.917860126,coredns,4948,0.09,0.0,64424,40840
93.92769201699997,nodestore,4306,1.53,1.9805276678472885,61200,61492
93.92769201699997,nodeapiserver,4263,2.47,2.9707915017709325,374240,374480
93.92769201699997,nodescheduler,4298,0.54,0.0,65116,65420
93.92769201699997,nodecontroller,4271,0.85,0.0,128756,129032
93.92769201699997,nodelet,4427,2.07,2.9707915017709325,101392,99348
93.92769201699997,nodeproxy,4640,0.01,0.0,51744,52020
93.92769201699997,containerd,3718,0.94,0.9902638339236443,89808,88621
93.92769201699997,flanneld,5270,0.11,0.0,47368,47752
93.92769201699997,coredns,4939,0.11,0.0,64076,40340
93.92769201699997,coredns,4948,0.09,0.0,64424,40840
94.937908387,nodestore,4306,1.54,0.9898869486741508,61200,61492
94.937908387,nodeapiserver,4263,2.49,1.9797738973483017,374240,374480
94.937908387,nodescheduler,4298,0.55,0.9898869486741508,65116,65420
94.937908387,nodecontroller,4271,0.87,1.9797738973483017,128756,129032
94.937908387,nodelet,4427,2.09,1.9797738973483017,101392,99348
94.937908387,nodeproxy,4640,0.01,0.0,51744,52020
94.937908387,containerd,3718,0.94,0.0,89808,88621
94.937908387,flanneld,5270,0.11,0.0,47368,47752
94.937908387,coredns,4939,0.11,0.0,64076,40340
94.937908387,coredns,4948,0.09,0.0,64424,40844
95.94774759899997,nodestore,4306,1.57,2.970769964515971,61200,61496
95.94774759899997,nodeapiserver,4263,2.52,2.970769964515971,374240,374480
95.94774759899997,nodescheduler,4298,0.56,0.990256654838657,65116,65420
95.94774759899997,nodecontroller,4271,0.87,0.0,128756,129032
95.94774759899997,nodelet,4427,2.1,0.990256654838657,101392,99348
95.94774759899997,nodeproxy,4640,0.01,0.0,51744,52020
95.94774759899997,containerd,3718,0.97,2.970769964515971,89808,88625
95.94774759899997,flanneld,5270,0.11,0.0,47368,47752
95.94774759899997,coredns,4939,0.11,0.0,64076,40340
95.94774759899997,coredns,4948,0.09,0.0,64424,40852
96.95784418199997,nodestore,4306,1.58,0.9900043390207109,61200,61496
96.95784418199997,nodeapiserver,4263,2.54,1.9800086780414219,374240,374480
96.95784418199997,nodescheduler,4298,0.56,0.0,65116,65420
96.95784418199997,nodecontroller,4271,0.88,0.9900043390207109,128756,129032
96.95784418199997,nodelet,4427,2.12,1.9800086780414219,101392,99348
96.95784418199997,nodeproxy,4640,0.01,0.0,51744,52020
96.95784418199997,containerd,3718,0.97,0.0,89808,88625
96.95784418199997,flanneld,5270,0.11,0.0,47368,47752
96.95784418199997,coredns,4939,0.12,0.9900043390207109,64076,40340
96.95784418199997,coredns,4948,0.09,0.0,64424,40916
97.96775342299998,nodestore,4306,1.6,1.9803759771715912,61200,61496
97.96775342299998,nodeapiserver,4263,2.57,2.970563965757387,374240,374480
97.96775342299998,nodescheduler,4298,0.56,0.0,65116,65420
97.96775342299998,nodecontroller,4271,0.9,1.9803759771715912,128756,129032
97.96775342299998,nodelet,4427,2.14,1.9803759771715912,101392,99348
97.96775342299998,nodeproxy,4640,0.01,0.0,51744,52020
97.96775342299998,containerd,3718,0.98,0.9901879885857956,89808,88625
97.96775342299998,flanneld,5270,0.11,0.0,47368,47752
97.96775342299998,coredns,4939,0.12,0.0,64076,40340
97.96775342299998,coredns,4948,0.1,0.9901879885857956,64424,40916
98.97816820999998,nodestore,4306,1.61,0.9896925627633338,61200,61496
98.97816820999998,nodeapiserver,4263,2.58,0.9896925627633338,374240,374480
98.97816820999998,nodescheduler,4298,0.57,0.9896925627633338,65116,65420
98.97816820999998,nodecontroller,4271,0.9,0.0,128756,129032
98.97816820999998,nodelet,4427,2.16,1.9793851255266677,101392,99352
98.97816820999998,nodeproxy,4640,0.01,0.0,51744,52020
98.97816820999998,containerd,3718,0.98,0.0,89808,88625
98.97816820999998,flanneld,5270,0.12,0.9896925627633338,47368,47756
98.97816820999998,coredns,4939,0.12,0.0,64076,40340
98.97816820999998,coredns,4948,0.1,0.0,64424,40916
99.98825750599997,nodestore,4306,1.64,2.9700344433706687,61200,61496
99.98825750599997,nodeapiserver,4263,2.61,2.9700344433706687,374240,374480
99.98825750599997,nodescheduler,4298,0.57,0.0,65116,65420
99.98825750599997,nodecontroller,4271,0.9,0.0,128756,129032
99.98825750599997,nodelet,4427,2.18,1.9800229622471126,101392,99352
99.98825750599997,nodeproxy,4640,0.01,0.0,51744,52020
99.98825750599997,containerd,3718,1.0,1.9800229622471126,89808,88629
99.98825750599997,flanneld,5270,0.12,0.0,47368,47756
99.98825750599997,coredns,4939,0.12,0.0,64076,40348
99.98825750599997,coredns,4948,0.1,0.0,64424,40916
100.998644592,nodestore,4306,1.66,1.9794393927951754,61200,61500
100.998644592,nodeapiserver,4263,2.64,2.9691590891927633,374240,374480
100.998644592,nodescheduler,4298,0.58,0.9897196963975877,65116,65420
100.998644592,nodecontroller,4271,0.92,1.9794393927951754,128756,129032
100.998644592,nodelet,4427,2.19,0.9897196963975877,101392,99356
100.998644592,nodeproxy,4640,0.01,0.0,51744,52020
100.998644592,containerd,3718,1.01,0.9897196963975877,89808,88629
100.998644592,flanneld,5270,0.12,0.0,47368,47756
100.998644592,coredns,4939,0.13,0.9897196963975877,64076,40356
100.998644592,coredns,4948,0.1,0.0,64424,40916
102.00863211699999,nodestore,4306,1.67,0.9901112392452712,61200,61500
102.00863211699999,nodeapiserver,4263,2.66,1.9802224784905424,374240,374484
102.00863211699999,nodescheduler,4298,0.59,0.9901112392452712,65116,65420
102.00863211699999,nodecontroller,4271,0.92,0.0,128756,129032
102.00863211699999,nodelet,4427,2.24,4.950556196226357,101392,99360
102.00863211699999,nodeproxy,4640,0.01,0.0,51744,52020
102.00863211699999,containerd,3718,1.02,0.9901112392452712,89808,88637
102.00863211699999,flanneld,5270,0.12,0.0,47368,47756
102.00863211699999,coredns,4939,0.13,0.0,64076,40356
102.00863211699999,coredns,4948,0.1,0.0,64424,40916
103.018663737,nodestore,4306,1.69,1.9801360278205815,61200,61500
103.018663737,nodeapiserver,4263,2.69,2.9702040417308724,374240,374484
103.018663737,nodescheduler,4298,0.6,0.9900680139102908,65116,65424
103.018663737,nodecontroller,4271,0.93,0.9900680139102908,128756,129032
103.018663737,nodelet,4427,2.28,3.960272055641163,101392,99360
103.018663737,nodeproxy,4640,0.01,0.0,51744,52020
103.018663737,containerd,3718,1.04,1.9801360278205815,89808,88637
103.018663737,flanneld,5270,0.12,0.0,47368,47756
103.018663737,coredns,4939,0.13,0.0,64076,40356
103.018663737,coredns,4948,0.1,0.0,64424,40916
104.02845444999997,nodestore,4306,1.7,0.9903042156419863,61200,61504
104.02845444999997,nodeapiserver,4263,2.72,2.9709126469259592,374240,374484
104.02845444999997,nodescheduler,4298,0.6,0.0,65116,65428
104.02845444999997,nodecontroller,4271,0.95,1.9806084312839727,128756,129032
104.02845444999997,nodelet,4427,2.3,1.9806084312839727,101392,99364
104.02845444999997,nodeproxy,4640,0.01,0.0,51744,52032
104.02845444999997,containerd,3718,1.05,0.9903042156419863,89808,88641
104.02845444999997,flanneld,5270,0.12,0.0,47368,47764
104.02845444999997,coredns,4939,0.13,0.0,64076,40360
104.02845444999997,coredns,4948,0.1,0.0,64424,40916
105.03835792000001,nodestore,4306,1.72,1.9803872938469262,61200,61504
105.03835792000001,nodeapiserver,4263,2.73,0.9901936469234631,374240,374484
105.03835792000001,nodescheduler,4298,0.61,0.9901936469234631,65116,65428
105.03835792000001,nodecontroller,4271,0.95,0.0,128756,129032
105.03835792000001,nodelet,4427,2.31,0.9901936469234631,101576,99432
105.03835792000001,nodeproxy,4640,0.01,0.0,51744,52032
105.03835792000001,containerd,3718,1.05,0.0,89808,88641
105.03835792000001,flanneld,5270,0.12,0.0,47368,47764
105.03835792000001,coredns,4939,0.13,0.0,64076,40360
105.03835792000001,coredns,4948,0.1,0.0,64424,40916
106.04899950499998,nodestore,4306,1.73,0.9894704659318232,61200,61504
106.04899950499998,nodeapiserver,4263,2.76,2.9684113977954696,374240,374484
106.04899950499998,nodescheduler,4298,0.61,0.0,65116,65428
106.04899950499998,nodecontroller,4271,0.96,0.9894704659318232,128756,129032
106.04899950499998,nodelet,4427,2.32,0.9894704659318232,101576,99436
106.04899950499998,nodeproxy,4640,0.01,0.0,51744,52032
106.04899950499998,containerd,3718,1.06,0.9894704659318232,89808,88641
106.04899950499998,flanneld,5270,0.12,0.0,47368,47764
106.04899950499998,coredns,4939,0.13,0.0,64076,40360
106.04899950499998,coredns,4948,0.1,0.0,64424,40916
107.05904264700001,nodestore,4306,1.75,1.980113439550429,61200,61508
107.05904264700001,nodeapiserver,4263,2.79,2.9701701593256433,374240,374484
107.05904264700001,nodescheduler,4298,0.63,1.980113439550429,65116,65428
107.05904264700001,nodecontroller,4271,0.97,0.9900567197752145,128756,129032
107.05904264700001,nodelet,4427,2.34,1.980113439550429,101576,99436
107.05904264700001,nodeproxy,4640,0.01,0.0,51744,52032
107.05904264700001,containerd,3718,1.06,0.0,89808,88641
107.05904264700001,flanneld,5270,0.12,0.0,47368,47764
107.05904264700001,coredns,4939,0.13,0.0,64076,40360
107.05904264700001,coredns,4948,0.1,0.0,64424,40916
108.06918156299997,nodestore,4306,1.77,1.9799256996451362,61200,61512
108.06918156299997,nodeapiserver,4263,2.82,2.9698885494677043,374240,374488
108.06918156299997,nodescheduler,4298,0.63,0.0,65116,65428
108.06918156299997,nodecontroller,4271,0.98,0.9899628498225681,128756,129040
108.06918156299997,nodelet,4427,2.35,0.9899628498225681,101576,99436
108.06918156299997,nodeproxy,4640,0.01,0.0,51744,52032
108.06918156299997,containerd,3718,1.08,1.9799256996451362,89808,88645
108.06918156299997,flanneld,5270,0.12,0.0,47368,47764
108.06918156299997,coredns,4939,0.13,0.0,64076,40360
108.06918156299997,coredns,4948,0.11,0.9899628498225681,64424,40916
109.07911893799997,nodestore,4306,1.77,0.0,61200,61512
109.07911893799997,nodeapiserver,4263,2.83,0.9901604047478758,374240,374488
109.07911893799997,nodescheduler,4298,0.63,0.0,65116,65432
109.07911893799997,nodecontroller,4271,0.98,0.0,128756,129040
109.07911893799997,nodelet,4427,2.36,0.9901604047478758,101576,99436
109.07911893799997,nodeproxy,4640,0.02,0.9901604047478758,51216,51392
109.07911893799997,containerd,3718,1.08,0.0,89808,88645
109.07911893799997,flanneld,5270,0.13,0.9901604047478758,47368,47768
109.07911893799997,coredns,4939,0.14,0.9901604047478758,64076,40360
109.07911893799997,coredns,4948,0.11,0.0,64424,40916
110.08936658199997,nodestore,4306,1.79,1.979712609950906,61200,61512
110.08936658199997,nodeapiserver,4263,2.87,3.959425219901812,374240,374492
110.08936658199997,nodescheduler,4298,0.64,0.989856304975453,67232,67492
110.08936658199997,nodecontroller,4271,1.0,1.979712609950906,128756,129040
110.08936658199997,nodelet,4427,2.4,3.959425219901812,101576,99440
110.08936658199997,nodeproxy,4640,0.02,0.0,51216,51392
110.08936658199997,containerd,3718,1.11,2.969568914926359,89808,88653
110.08936658199997,flanneld,5270,0.13,0.0,47368,47768
110.08936658199997,coredns,4939,0.14,0.0,64076,40360
110.08936658199997,coredns,4948,0.11,0.0,64424,40916
111.09929936599997,nodestore,4306,1.81,1.980329811731312,61200,61512
111.09929936599997,nodeapiserver,4263,2.88,0.990164905865656,374240,374492
111.09929936599997,nodescheduler,4298,0.65,0.990164905865656,67232,67492
111.09929936599997,nodecontroller,4271,1.0,0.0,128756,129040
111.09929936599997,nodelet,4427,2.42,1.980329811731312,101576,99440
111.09929936599997,nodeproxy,4640,0.02,0.0,51216,51392
111.09929936599997,containerd,3718,1.11,0.0,89808,88653
111.09929936599997,flanneld,5270,0.13,0.0,47368,47768
111.09929936599997,coredns,4939,0.14,0.0,64076,40360
111.09929936599997,coredns,4948,0.11,0.0,64424,40916
112.10912020999996,nodestore,4306,1.83,1.9805493339569262,61200,61512
112.10912020999996,nodeapiserver,4263,2.91,2.970824000935389,374240,374492
112.10912020999996,nodescheduler,4298,0.66,0.9902746669784631,67232,67492
112.10912020999996,nodecontroller,4271,1.01,0.9902746669784631,128756,129040
112.10912020999996,nodelet,4427,2.45,2.970824000935389,101576,99440
112.10912020999996,nodeproxy,4640,0.02,0.0,51216,51392
112.10912020999996,containerd,3718,1.13,1.9805493339569262,89936,88657
112.10912020999996,flanneld,5270,0.13,0.0,47368,47768
112.10912020999996,coredns,4939,0.14,0.0,64076,40360
112.10912020999996,coredns,4948,0.11,0.0,64552,40924
113.11883129099999,nodestore,4306,1.84,0.9903823170976628,61200,61516
113.11883129099999,nodeapiserver,4263,2.94,2.9711469512929884,374240,374492
113.11883129099999,nodescheduler,4298,0.66,0.0,67232,67492
113.11883129099999,nodecontroller,4271,1.02,0.9903823170976628,128756,129040
113.11883129099999,nodelet,4427,2.48,2.9711469512929884,101576,99440
113.11883129099999,nodeproxy,4640,0.02,0.0,51216,51392
113.11883129099999,containerd,3718,1.14,0.9903823170976628,89936,88657
113.11883129099999,flanneld,5270,0.13,0.0,47368,47768
113.11883129099999,coredns,4939,0.14,0.0,64076,40360
113.11883129099999,coredns,4948,0.11,0.0,64552,40924
114.12936476799996,nodestore,4306,1.85,0.9895763205873807,61200,61516
114.12936476799996,nodeapiserver,4263,2.97,2.968728961762142,374240,374492
114.12936476799996,nodescheduler,4298,0.67,0.9895763205873807,67232,67496
114.12936476799996,nodecontroller,4271,1.03,0.9895763205873807,128756,129040
114.12936476799996,nodelet,4427,2.5,1.9791526411747613,101576,99448
114.12936476799996,nodeproxy,4640,0.02,0.0,51216,51392
114.12936476799996,containerd,3718,1.15,0.9895763205873807,89936,88657
114.12936476799996,flanneld,5270,0.13,0.0,47368,47772
114.12936476799996,coredns,4939,0.14,0.0,64076,40364
114.12936476799996,coredns,4948,0.11,0.0,64552,40924
115.13945307299997,nodestore,4306,1.87,1.9800249048522336,61200,61516
115.13945307299997,nodeapiserver,4263,2.99,1.9800249048522336,374240,374492
115.13945307299997,nodescheduler,4298,0.67,0.0,67232,67496
115.13945307299997,nodecontroller,4271,1.03,0.0,128756,129040
115.13945307299997,nodelet,4427,2.52,1.9800249048522336,101576,99448
115.13945307299997,nodeproxy,4640,0.02,0.0,51216,51392
115.13945307299997,containerd,3718,1.15,0.0,89936,88657
115.13945307299997,flanneld,5270,0.13,0.0,47368,47772
115.13945307299997,coredns,4939,0.14,0.0,64076,40364
115.13945307299997,coredns,4948,0.11,0.0,64552,40924
116.14959903299996,nodestore,4306,1.88,0.9899559465644068,61200,61588
116.14959903299996,nodeapiserver,4263,3.02,2.9698678396932205,374240,374492
116.14959903299996,nodescheduler,4298,0.68,0.9899559465644068,67232,67496
116.14959903299996,nodecontroller,4271,1.05,1.9799118931288135,128756,129040
116.14959903299996,nodelet,4427,2.53,0.9899559465644068,101576,99448
116.14959903299996,nodeproxy,4640,0.02,0.0,51216,51392
116.14959903299996,containerd,3718,1.16,0.9899559465644068,89936,88657
116.14959903299996,flanneld,5270,0.13,0.0,47368,47772
116.14959903299996,coredns,4939,0.14,0.0,64076,40364
116.14959903299996,coredns,4948,0.11,0.0,64552,40928
117.15954570899999,nodestore,4306,1.9,1.9803025719349432,61200,61592
117.15954570899999,nodeapiserver,4263,3.04,1.9803025719349432,374240,374492
117.15954570899999,nodescheduler,4298,0.69,0.9901512859674716,67232,67496
117.15954570899999,nodecontroller,4271,1.05,0.0,128756,129040
117.15954570899999,nodelet,4427,2.57,3.9606051438698864,101576,99448
117.15954570899999,nodeproxy,4640,0.02,0.0,51216,51392
117.15954570899999,containerd,3718,1.17,0.9901512859674716,89936,88657
117.15954570899999,flanneld,5270,0.13,0.0,47368,47772
117.15954570899999,coredns,4939,0.14,0.0,64076,40364
117.15954570899999,coredns,4948,0.11,0.0,64552,40928
118.16968546499999,nodestore,4306,1.91,0.9899620266009994,61200,61592
118.16968546499999,nodeapiserver,4263,3.07,2.9698860798029982,374240,374496
118.16968546499999,nodescheduler,4298,0.69,0.0,67232,67496
118.16968546499999,nodecontroller,4271,1.06,0.9899620266009994,128756,129040
118.16968546499999,nodelet,4427,2.58,0.9899620266009994,101576,99448
118.16968546499999,nodeproxy,4640,0.02,0.0,51216,51392
118.16968546499999,containerd,3718,1.17,0.0,89936,88657
118.16968546499999,flanneld,5270,0.13,0.0,47368,47776
118.16968546499999,coredns,4939,0.14,0.0,64076,40364
118.16968546499999,coredns,4948,0.11,0.0,64552,40928
119.18005050900001,nodestore,4306,1.94,2.9692238640036774,61200,61592
119.18005050900001,nodeapiserver,4263,3.1,2.9692238640036774,374240,374496
119.18005050900001,nodescheduler,4298,0.69,0.0,67232,67496
119.18005050900001,nodecontroller,4271,1.07,0.9897412880012257,128756,129040
119.18005050900001,nodelet,4427,2.6,1.9794825760024515,101576,99448
119.18005050900001,nodeproxy,4640,0.02,0.0,51216,51392
119.18005050900001,containerd,3718,1.19,1.9794825760024515,89936,88657
119.18005050900001,flanneld,5270,0.14,0.9897412880012257,47368,47832
119.18005050900001,coredns,4939,0.14,0.0,64076,40364
119.18005050900001,coredns,4948,0.11,0.0,64552,40928
120.19031470599998,nodestore,4306,1.95,0.9898400863551836,61200,61592
120.19031470599998,nodeapiserver,4263,3.21,10.888240949907019,368592,368808
120.19031470599998,nodescheduler,4298,0.7,0.9898400863551836,67232,67500
120.19031470599998,nodecontroller,4271,1.08,0.9898400863551836,128756,129040
120.19031470599998,nodelet,4427,2.62,1.9796801727103672,101576,99452
120.19031470599998,nodeproxy,4640,0.02,0.0,51216,51392
120.19031470599998,containerd,3718,1.2,0.9898400863551836,89936,88661
120.19031470599998,flanneld,5270,0.14,0.0,47368,47832
120.19031470599998,coredns,4939,0.15,0.9898400863551836,64076,40364
120.19031470599998,coredns,4948,0.11,0.0,64552,40928
121.20044086799999,nodestore,4306,1.98,2.9699260477128226,61200,61600
121.20044086799999,nodeapiserver,4263,3.24,2.9699260477128226,364708,364776
121.20044086799999,nodescheduler,4298,0.71,0.9899753492376075,67232,67500
121.20044086799999,nodecontroller,4271,1.08,0.0,128756,129040
121.20044086799999,nodelet,4427,2.64,1.979950698475215,101576,99452
121.20044086799999,nodeproxy,4640,0.02,0.0,51216,51392
121.20044086799999,containerd,3718,1.2,0.0,89936,88661
121.20044086799999,flanneld,5270,0.14,0.0,47368,47832
121.20044086799999,coredns,4939,0.15,0.0,64204,40368
121.20044086799999,coredns,4948,0.12,0.9899753492376075,64552,40928
122.21054549299998,nodestore,4306,1.99,0.9899964570501825,61200,61600
122.21054549299998,nodeapiserver,4263,3.27,2.9699893711505476,342280,342144
122.21054549299998,nodescheduler,4298,0.72,0.9899964570501825,67232,67500
122.21054549299998,nodecontroller,4271,1.1,1.979992914100365,128756,129040
122.21054549299998,nodelet,4427,2.67,2.9699893711505476,101576,99460
122.21054549299998,nodeproxy,4640,0.02,0.0,51216,51392
122.21054549299998,containerd,3718,1.23,2.9699893711505476,89936,88661
122.21054549299998,flanneld,5270,0.14,0.0,47368,47832
122.21054549299998,coredns,4939,0.15,0.0,64204,40368
122.21054549299998,coredns,4948,0.12,0.0,64552,40928
123.225055984,nodestore,4306,2.0,0.9856970518011037,61200,61600
123.225055984,nodeapiserver,4263,3.29,1.9713941036022073,342280,342144
123.225055984,nodescheduler,4298,0.72,0.0,67232,67500
123.225055984,nodecontroller,4271,1.1,0.0,128756,129040
123.225055984,nodelet,4427,2.69,1.9713941036022073,101576,99460
123.225055984,nodeproxy,4640,0.02,0.0,51216,51392
123.225055984,containerd,3718,1.24,0.9856970518011037,89936,88661
123.225055984,flanneld,5270,0.14,0.0,47368,47860
123.225055984,coredns,4939,0.16,0.9856970518011037,64204,40368
123.225055984,coredns,4948,0.12,0.0,64552,40928
124.23650620999996,nodestore,4306,2.02,1.9773587949152018,61200,61604
124.23650620999996,nodeapiserver,4263,3.32,2.9660381923728028,342280,342144
124.23650620999996,nodescheduler,4298,0.73,0.9886793974576009,67232,67500
124.23650620999996,nodecontroller,4271,1.11,0.9886793974576009,128756,129040
124.23650620999996,nodelet,4427,2.73,3.9547175898304037,101576,99460
124.23650620999996,nodeproxy,4640,0.02,0.0,51216,51392
124.23650620999996,containerd,3718,1.24,0.0,89936,88661
124.23650620999996,flanneld,5270,0.14,0.0,47368,47864
124.23650620999996,coredns,4939,0.16,0.0,64204,40368
124.23650620999996,coredns,4948,0.13,0.9886793974576009,64552,40932
125.24653284199997,nodestore,4306,2.04,1.9801458066899646,61200,61604
125.24653284199997,nodeapiserver,4263,3.35,2.9702187100349473,342280,342144
125.24653284199997,nodescheduler,4298,0.73,0.0,67232,67500
125.24653284199997,nodecontroller,4271,1.12,0.9900729033449823,128756,129040
125.24653284199997,nodelet,4427,2.74,0.9900729033449823,101576,99460
125.24653284199997,nodeproxy,4640,0.02,0.0,51216,51392
125.24653284199997,containerd,3718,1.26,1.9801458066899646,89936,88661
125.24653284199997,flanneld,5270,0.14,0.0,47368,47864
125.24653284199997,coredns,4939,0.16,0.0,64204,40368
125.24653284199997,coredns,4948,0.13,0.0,64552,40932
126.25667232,nodestore,4306,2.06,1.9799245980958653,61200,61604
126.25667232,nodeapiserver,4263,3.38,2.9698868971437977,342280,342144
126.25667232,nodescheduler,4298,0.74,0.9899622990479326,67232,67500
126.25667232,nodecontroller,4271,1.13,0.9899622990479326,128756,129040
126.25667232,nodelet,4427,2.76,1.9799245980958653,101576,99464
126.25667232,nodeproxy,4640,0.02,0.0,51216,51392
126.25667232,containerd,3718,1.26,0.0,89936,88661
126.25667232,flanneld,5270,0.14,0.0,47368,47864
126.25667232,coredns,4939,0.16,0.0,64204,40368
126.25667232,coredns,4948,0.13,0.0,64552,40940
127.26695226499999,nodestore,4306,2.06,0.0,61200,61604
127.26695226499999,nodeapiserver,4263,3.39,0.9898246569667584,342280,342144
127.26695226499999,nodescheduler,4298,0.75,0.9898246569667584,67232,67500
127.26695226499999,nodecontroller,4271,1.14,0.9898246569667584,128756,129040
127.26695226499999,nodelet,4427,2.78,1.9796493139335167,101576,99468
127.26695226499999,nodeproxy,4640,0.02,0.0,51216,51392
127.26695226499999,containerd,3718,1.27,0.9898246569667584,89936,88661
127.26695226499999,flanneld,5270,0.14,0.0,47368,47864
127.26695226499999,coredns,4939,0.16,0.0,64204,40436
127.26695226499999,coredns,4948,0.13,0.0,64552,40940
128.28005313199998,nodestore,4306,2.08,1.9741370925112602,61200,61608
128.28005313199998,nodeapiserver,4263,3.43,3.9482741850225205,342280,342144
128.28005313199998,nodescheduler,4298,0.75,0.0,67232,67500
128.28005313199998,nodecontroller,4271,1.15,0.9870685462556301,128756,129040
128.28005313199998,nodelet,4427,2.79,0.9870685462556301,101576,99472
128.28005313199998,nodeproxy,4640,0.02,0.0,51216,51392
128.28005313199998,containerd,3718,1.29,1.9741370925112602,89936,88661
128.28005313199998,flanneld,5270,0.15,0.9870685462556301,47368,47868
128.28005313199998,coredns,4939,0.16,0.0,64204,40440
128.28005313199998,coredns,4948,0.13,0.0,64552,40940
129.29074511699997,nodestore,4306,2.1,1.9788422483631467,61200,61608
129.29074511699997,nodeapiserver,4263,3.45,1.9788422483631467,342280,342148
129.29074511699997,nodescheduler,4298,0.75,0.0,67232,67500
129.29074511699997,nodecontroller,4271,1.15,0.0,128756,129040
129.29074511699997,nodelet,4427,2.8,0.9894211241815734,101576,99476
129.29074511699997,nodeproxy,4640,0.02,0.0,51216,51392
129.29074511699997,containerd,3718,1.29,0.0,89936,88661
129.29074511699997,flanneld,5270,0.15,0.0,47368,47868
129.29074511699997,coredns,4939,0.16,0.0,64204,40440
129.29074511699997,coredns,4948,0.13,0.0,64552,40940
130.30137119199998,nodestore,4306,2.11,0.9894856512583008,61200,61608
130.30137119199998,nodeapiserver,4263,3.48,2.9684569537749024,342280,342148
130.30137119199998,nodescheduler,4298,0.76,0.9894856512583008,67232,67504
130.30137119199998,nodecontroller,4271,1.17,1.9789713025166016,128756,129040
130.30137119199998,nodelet,4427,2.83,2.9684569537749024,101704,99480
130.30137119199998,nodeproxy,4640,0.02,0.0,51216,51392
130.30137119199998,containerd,3718,1.31,1.9789713025166016,89936,88673
130.30137119199998,flanneld,5270,0.15,0.0,47368,47868
130.30137119199998,coredns,4939,0.16,0.0,64204,40440
130.30137119199998,coredns,4948,0.13,0.0,64552,40940
131.311737638,nodestore,4306,2.13,1.979479829242005,61200,61612
131.311737638,nodeapiserver,4263,3.51,2.969219743863008,342280,342148
131.311737638,nodescheduler,4298,0.76,0.0,67232,67504
131.311737638,nodecontroller,4271,1.17,0.0,128756,129040
131.311737638,nodelet,4427,2.84,0.9897399146210025,101704,99480
131.311737638,nodeproxy,4640,0.02,0.0,51216,51392
131.311737638,containerd,3718,1.31,0.0,89936,88673
131.311737638,flanneld,5270,0.15,0.0,47368,47868
131.311737638,coredns,4939,0.16,0.0,64204,40440
131.311737638,coredns,4948,0.13,0.0,64552,40940
132.32252382399997,nodestore,4306,2.14,0.9893289143150577,61200,61612
132.32252382399997,nodeapiserver,4263,3.54,2.967986742945173,342280,342148
132.32252382399997,nodescheduler,4298,0.78,1.9786578286301153,67232,67504
132.32252382399997,nodecontroller,4271,1.19,1.9786578286301153,128756,129044
132.32252382399997,nodelet,4427,2.92,7.914631314520461,101704,99492
132.32252382399997,nodeproxy,4640,0.02,0.0,51216,51392
132.32252382399997,containerd,3718,1.33,1.9786578286301153,89936,88673
132.32252382399997,flanneld,5270,0.15,0.0,47368,47868
132.32252382399997,coredns,4939,0.16,0.0,64204,40440
132.32252382399997,coredns,4948,0.13,0.0,64552,40940
133.336694561,nodestore,4306,2.16,1.9720545338510815,61200,61616
133.336694561,nodeapiserver,4263,3.57,2.9580818007766223,342280,342148
133.336694561,nodescheduler,4298,0.78,0.0,67232,67508
133.336694561,nodecontroller,4271,1.19,0.0,128756,129044
133.336694561,nodelet,4427,2.94,1.9720545338510815,101704,99496
133.336694561,nodeproxy,4640,0.02,0.0,51216,51392
133.336694561,containerd,3718,1.34,0.9860272669255408,89936,88673
133.336694561,flanneld,5270,0.15,0.0,47368,47872
133.336694561,coredns,4939,0.17,0.9860272669255408,64204,40440
133.336694561,coredns,4948,0.13,0.0,64552,40940
134.347034355,nodestore,4306,2.18,1.9795320464235746,61200,61616
134.347034355,nodeapiserver,4263,3.59,1.9795320464235746,342280,342148
134.347034355,nodescheduler,4298,0.79,0.9897660232117873,67232,67508
134.347034355,nodecontroller,4271,1.2,0.9897660232117873,128756,129048
134.347034355,nodelet,4427,2.95,0.9897660232117873,101704,99496
134.347034355,nodeproxy,4640,0.02,0.0,51216,51392
134.347034355,containerd,3718,1.35,0.9897660232117873,89936,88673
134.347034355,flanneld,5270,0.16,0.9897660232117873,47368,47876
134.347034355,coredns,4939,0.17,0.0,64204,40440
134.347034355,coredns,4948,0.13,0.0,64552,40940
135.35730513699997,nodestore,4306,2.19,0.9898336345235766,61200,61616
135.35730513699997,nodeapiserver,4263,3.62,2.96950090357073,342280,342152
135.35730513699997,nodescheduler,4298,0.8,0.9898336345235766,67232,67508
135.35730513699997,nodecontroller,4271,1.2,0.0,128756,129048
135.35730513699997,nodelet,4427,2.97,1.9796672690471533,101704,99496
135.35730513699997,nodeproxy,4640,0.02,0.0,51216,51392
135.35730513699997,containerd,3718,1.36,0.9898336345235766,89936,88673
135.35730513699997,flanneld,5270,0.16,0.0,47368,47876
135.35730513699997,coredns,4939,0.17,0.0,64204,40440
135.35730513699997,coredns,4948,0.13,0.0,64552,40940
136.368326867,nodestore,4306,2.21,1.9781968484494628,61200,61620
136.368326867,nodeapiserver,4263,3.65,2.9672952726741944,342280,342152
136.368326867,nodescheduler,4298,0.8,0.0,67232,67508
136.368326867,nodecontroller,4271,1.22,1.9781968484494628,128756,129048
136.368326867,nodelet,4427,2.99,1.9781968484494628,101704,99500
136.368326867,nodeproxy,4640,0.02,0.0,51216,51392
136.368326867,containerd,3718,1.36,0.0,89936,88673
136.368326867,flanneld,5270,0.16,0.0,47368,47876
136.368326867,coredns,4939,0.17,0.0,64204,40440
136.368326867,coredns,4948,0.13,0.0,64552,40940
137.378771138,nodestore,4306,2.22,0.9896636842825118,61200,61620
137.378771138,nodeapiserver,4263,3.67,1.9793273685650237,342280,342152
137.378771138,nodescheduler,4298,0.81,0.9896636842825118,67232,67512
137.378771138,nodecontroller,4271,1.24,1.9793273685650237,128756,129048
137.378771138,nodelet,4427,3.0,0.9896636842825118,101704,99508
137.378771138,nodeproxy,4640,0.02,0.0,51216,51392
137.378771138,containerd,3718,1.37,0.9896636842825118,89936,88673
137.378771138,flanneld,5270,0.16,0.0,47368,47876
137.378771138,coredns,4939,0.17,0.0,64204,40440
137.378771138,coredns,4948,0.13,0.0,64552,40940
138.38916511599996,nodestore,4306,2.24,1.9794258908380626,61200,61620
138.38916511599996,nodeapiserver,4263,3.71,3.9588517816761253,342280,342152
138.38916511599996,nodescheduler,4298,0.81,0.0,67232,67512
138.38916511599996,nodecontroller,4271,1.25,0.9897129454190313,128756,129048
138.38916511599996,nodelet,4427,3.02,1.9794258908380626,101704,99516
138.38916511599996,nodeproxy,4640,0.02,0.0,51216,51392
138.38916511599996,containerd,3718,1.38,0.9897129454190313,89936,88673
138.38916511599996,flanneld,5270,0.16,0.0,47368,47880
138.38916511599996,coredns,4939,0.17,0.0,64204,40440
138.38916511599996,coredns,4948,0.14,0.9897129454190313,64552,40940
139.39925666699997,nodestore,4306,2.25,0.9900092709517019,61200,61620
139.39925666699997,nodeapiserver,4263,3.73,1.9800185419034038,342280,342152
139.39925666699997,nodescheduler,4298,0.81,0.0,67232,67512
139.39925666699997,nodecontroller,4271,1.26,0.9900092709517019,128756,129048
139.39925666699997,nodelet,4427,3.06,3.9600370838068075,101704,99520
139.39925666699997,nodeproxy,4640,0.02,0.0,51216,51392
139.39925666699997,containerd,3718,1.39,0.9900092709517019,89936,88677
139.39925666699997,flanneld,5270,0.16,0.0,47368,47892
139.39925666699997,coredns,4939,0.17,0.0,64204,40440
139.39925666699997,coredns,4948,0.14,0.0,64552,40940
140.40945493499999,nodestore,4306,2.27,1.9798093734209206,61200,61620
140.40945493499999,nodeapiserver,4263,3.76,2.9697140601313805,342280,342152
140.40945493499999,nodescheduler,4298,0.82,0.9899046867104603,67232,67512
140.40945493499999,nodecontroller,4271,1.28,1.9798093734209206,128756,129048
140.40945493499999,nodelet,4427,3.08,1.9798093734209206,101704,99528
140.40945493499999,nodeproxy,4640,0.02,0.0,51216,51392
140.40945493499999,containerd,3718,1.41,1.9798093734209206,89936,88677
140.40945493499999,flanneld,5270,0.16,0.0,47368,47892
140.40945493499999,coredns,4939,0.18,0.9899046867104603,64204,40448
140.40945493499999,coredns,4948,0.14,0.0,64552,40940
141.41968752499997,nodestore,4306,2.29,1.9797421106757465,61200,61620
141.41968752499997,nodeapiserver,4263,3.79,2.9696131660136196,342280,342152
141.41968752499997,nodescheduler,4298,0.83,0.9898710553378732,67232,67512
141.41968752499997,nodecontroller,4271,1.28,0.0,128756,129048
141.41968752499997,nodelet,4427,3.09,0.9898710553378732,101704,99536
141.41968752499997,nodeproxy,4640,0.02,0.0,51216,51392
141.41968752499997,containerd,3718,1.42,0.9898710553378732,89936,88677
141.41968752499997,flanneld,5270,0.16,0.0,47368,47892
141.41968752499997,coredns,4939,0.18,0.0,64204,40452
141.41968752499997,coredns,4948,0.14,0.0,64552,40940
142.429696815,nodestore,4306,2.3,0.9900899030344291,61200,61624
142.429696815,nodeapiserver,4263,3.81,1.9801798060688582,342280,342152
142.429696815,nodescheduler,4298,0.84,0.9900899030344291,67232,67512
142.429696815,nodecontroller,4271,1.3,1.9801798060688582,128756,129048
142.429696815,nodelet,4427,3.14,4.950449515172146,101704,99544
142.429696815,nodeproxy,4640,0.02,0.0,51216,51392
142.429696815,containerd,3718,1.44,1.9801798060688582,89936,88685
142.429696815,flanneld,5270,0.16,0.0,47368,47892
142.429696815,coredns,4939,0.18,0.0,64204,40452
142.429696815,coredns,4948,0.14,0.0,64552,40940
143.439824589,nodestore,4306,2.32,1.9799475387952032,61200,61624
143.439824589,nodeapiserver,4263,3.84,2.969921308192805,342280,342152
143.439824589,nodescheduler,4298,0.84,0.0,67232,67512
143.439824589,nodecontroller,4271,1.3,0.0,128756,129048
143.439824589,nodelet,4427,3.15,0.9899737693976016,101704,99548
143.439824589,nodeproxy,4640,0.02,0.0,51216,51392
143.439824589,containerd,3718,1.45,0.9899737693976016,89936,88685
143.439824589,flanneld,5270,0.16,0.0,47368,47908
143.439824589,coredns,4939,0.18,0.0,64204,40452
143.439824589,coredns,4948,0.14,0.0,64552,40940
144.44997428599999,nodestore,4306,2.33,0.9899522842702247,61200,61624
144.44997428599999,nodeapiserver,4263,3.87,2.969856852810674,342280,342156
144.44997428599999,nodescheduler,4298,0.84,0.0,67232,67512
144.44997428599999,nodecontroller,4271,1.31,0.9899522842702247,128756,129052
144.44997428599999,nodelet,4427,3.17,1.9799045685404495,101704,99548
144.44997428599999,nodeproxy,4640,0.02,0.0,51216,51392
144.44997428599999,containerd,3718,1.45,0.0,89936,88685
144.44997428599999,flanneld,5270,0.17,0.9899522842702247,47496,47960
144.44997428599999,coredns,4939,0.18,0.0,64204,40452
144.44997428599999,coredns,4948,0.14,0.0,64552,40940
145.460545181,nodestore,4306,2.35,1.9790793598899348,61200,61624
145.460545181,nodeapiserver,4263,3.89,1.9790793598899348,342280,342156
145.460545181,nodescheduler,4298,0.85,0.9895396799449674,67232,67512
145.460545181,nodecontroller,4271,1.32,0.9895396799449674,128756,129052
145.460545181,nodelet,4427,3.19,1.9790793598899348,101704,99548
145.460545181,nodeproxy,4640,0.02,0.0,51216,51392
145.460545181,containerd,3718,1.46,0.9895396799449674,89936,88685
145.460545181,flanneld,5270,0.17,0.0,47496,47960
145.460545181,coredns,4939,0.18,0.0,64204,40452
145.460545181,coredns,4948,0.14,0.0,64552,40940
146.470753162,nodestore,4306,2.38,2.9696855067708845,61200,61628
146.470753162,nodeapiserver,4263,3.93,3.9595806756945127,342280,342156
146.470753162,nodescheduler,4298,0.85,0.0,67232,67512
146.470753162,nodecontroller,4271,1.33,0.9898951689236282,128756,129052
146.470753162,nodelet,4427,3.21,1.9797903378472563,101704,99548
146.470753162,nodeproxy,4640,0.02,0.0,51216,51392
146.470753162,containerd,3718,1.47,0.9898951689236282,89936,88685
146.470753162,flanneld,5270,0.17,0.0,47496,47960
146.470753162,coredns,4939,0.18,0.0,64204,40452
146.470753162,coredns,4948,0.14,0.0,64552,40940
147.48086259299998,nodestore,4306,2.38,0.0,61200,61628
147.48086259299998,nodeapiserver,4263,3.94,0.9899917467457152,342280,342156
147.48086259299998,nodescheduler,4298,0.87,1.9799834934914304,67232,67512
147.48086259299998,nodecontroller,4271,1.33,0.0,128756,129052
147.48086259299998,nodelet,4427,3.23,1.9799834934914304,101704,99548
147.48086259299998,nodeproxy,4640,0.02,0.0,51216,51392
147.48086259299998,containerd,3718,1.48,0.9899917467457152,89936,88685
147.48086259299998,flanneld,5270,0.17,0.0,47496,47960
147.48086259299998,coredns,4939,0.18,0.0,64204,40452
147.48086259299998,coredns,4948,0.14,0.0,64552,40940
148.49103659899998,nodestore,4306,2.4,1.979856923778338,61200,61636
148.49103659899998,nodeapiserver,4263,3.97,2.969785385667507,342280,342156
148.49103659899998,nodescheduler,4298,0.87,0.0,67232,67512
148.49103659899998,nodecontroller,4271,1.34,0.989928461889169,128756,129052
148.49103659899998,nodelet,4427,3.25,1.979856923778338,101704,99548
148.49103659899998,nodeproxy,4640,0.02,0.0,51216,51392
148.49103659899998,containerd,3718,1.48,0.0,89936,88685
148.49103659899998,flanneld,5270,0.17,0.0,47496,47980
148.49103659899998,coredns,4939,0.18,0.0,64204,40452
148.49103659899998,coredns,4948,0.14,0.0,64552,40940
149.501417742,nodestore,4306,2.41,0.9897255178682431,61200,61636
149.501417742,nodeapiserver,4263,3.99,1.9794510357364863,342280,342156
149.501417742,nodescheduler,4298,0.87,0.0,67232,67512
149.501417742,nodecontroller,4271,1.35,0.9897255178682431,128756,129052
149.501417742,nodelet,4427,3.27,1.9794510357364863,101704,99548
149.501417742,nodeproxy,4640,0.02,0.0,51216,51392
149.501417742,containerd,3718,1.5,1.9794510357364863,89936,88685
149.501417742,flanneld,5270,0.17,0.0,47496,47988
149.501417742,coredns,4939,0.18,0.0,64204,40452
149.501417742,coredns,4948,0.14,0.0,64552,40940
150.511600161,nodestore,4306,2.44,2.9697606527044824,61200,61644
150.511600161,nodeapiserver,4263,4.02,2.9697606527044824,342280,342160
150.511600161,nodescheduler,4298,0.88,0.9899202175681608,67232,67512
150.511600161,nodecontroller,4271,1.36,0.9899202175681608,128756,129052
150.511600161,nodelet,4427,3.29,1.9798404351363217,101704,99548
150.511600161,nodeproxy,4640,0.02,0.0,51216,51392
150.511600161,containerd,3718,1.5,0.0,89936,88685
150.511600161,flanneld,5270,0.17,0.0,47496,47988
150.511600161,coredns,4939,0.19,0.9899202175681608,64204,40452
150.511600161,coredns,4948,0.14,0.0,64552,40940
151.521608873,nodestore,4306,2.46,1.9801809392709453,61200,61648
151.521608873,nodeapiserver,4263,4.05,2.970271408906418,342280,342160
151.521608873,nodescheduler,4298,0.88,0.0,67232,67512
151.521608873,nodecontroller,4271,1.37,0.9900904696354726,128756,129052
151.521608873,nodelet,4427,3.3,0.9900904696354726,101704,99552
151.521608873,nodeproxy,4640,0.02,0.0,51216,51392
151.521608873,containerd,3718,1.51,0.9900904696354726,89936,88685
151.521608873,flanneld,5270,0.17,0.0,47496,47988
151.521608873,coredns,4939,0.19,0.0,64204,40452
151.521608873,coredns,4948,0.14,0.0,64552,40940
152.531807415,nodestore,4306,2.47,0.9899044182148387,61200,61648
152.531807415,nodeapiserver,4263,4.07,1.9798088364296773,342280,342160
152.531807415,nodescheduler,4298,0.89,0.9899044182148387,67232,67512
152.531807415,nodecontroller,4271,1.38,0.9899044182148387,128756,129052
152.531807415,nodelet,4427,3.36,5.9394265092890315,101704,99556
152.531807415,nodeproxy,4640,0.02,0.0,51216,51392
152.531807415,containerd,3718,1.53,1.9798088364296773,89936,88693
152.531807415,flanneld,5270,0.17,0.0,47496,47988
152.531807415,coredns,4939,0.19,0.0,64204,40452
152.531807415,coredns,4948,0.14,0.0,64552,40940
153.54199918799998,nodestore,4306,2.48,0.989911051275237,61200,61648
153.54199918799998,nodeapiserver,4263,4.1,2.969733153825711,342280,342160
153.54199918799998,nodescheduler,4298,0.89,0.0,67232,67512
153.54199918799998,nodecontroller,4271,1.39,0.989911051275237,128756,129052
153.54199918799998,nodelet,4427,3.39,2.969733153825711,101704,99556
153.54199918799998,nodeproxy,4640,0.02,0.0,51216,51392
153.54199918799998,containerd,3718,1.54,0.989911051275237,89936,88693
153.54199918799998,flanneld,5270,0.17,0.0,47496,47992
153.54199918799998,coredns,4939,0.19,0.0,64204,40452
153.54199918799998,coredns,4948,0.16,1.979822102550474,64552,40940
154.552002814,nodestore,4306,2.51,2.9702863660807877,61200,61652
154.552002814,nodeapiserver,4263,4.12,1.980190910720525,342280,342160
154.552002814,nodescheduler,4298,0.9,0.9900954553602626,67232,67512
154.552002814,nodecontroller,4271,1.39,0.0,128756,129052
154.552002814,nodelet,4427,3.4,0.9900954553602626,101704,99560
154.552002814,nodeproxy,4640,0.02,0.0,51216,51392
154.552002814,containerd,3718,1.55,0.9900954553602626,89936,88693
154.552002814,flanneld,5270,0.17,0.0,47496,47996
154.552002814,coredns,4939,0.19,0.0,64204,40452
154.552002814,coredns,4948,0.16,0.0,64552,40940
155.56226723099996,nodestore,4306,2.52,0.9898398708028794,61200,61652
155.56226723099996,nodeapiserver,4263,4.15,2.969519612408638,342280,342160
155.56226723099996,nodescheduler,4298,0.91,0.9898398708028794,67232,67512
155.56226723099996,nodecontroller,4271,1.4,0.9898398708028794,128756,129052
155.56226723099996,nodelet,4427,3.42,1.9796797416057588,101704,99564
155.56226723099996,nodeproxy,4640,0.02,0.0,51216,51392
155.56226723099996,containerd,3718,1.55,0.0,89936,88693
155.56226723099996,flanneld,5270,0.17,0.0,47496,47996
155.56226723099996,coredns,4939,0.19,0.0,64204,40456
155.56226723099996,coredns,4948,0.16,0.0,64552,40940
156.57220488499996,nodestore,4306,2.55,2.9704803936342845,61200,61656
156.57220488499996,nodeapiserver,4263,4.17,1.9803202624228564,342280,342160
156.57220488499996,nodescheduler,4298,0.91,0.0,67232,67512
156.57220488499996,nodecontroller,4271,1.41,0.9901601312114282,128756,129052
156.57220488499996,nodelet,4427,3.43,0.9901601312114282,101704,99564
156.57220488499996,nodeproxy,4640,0.02,0.0,51216,51392
156.57220488499996,containerd,3718,1.57,1.9803202624228564,89936,88693
156.57220488499996,flanneld,5270,0.17,0.0,47496,47996
156.57220488499996,coredns,4939,0.19,0.0,64204,40456
156.57220488499996,coredns,4948,0.16,0.0,64552,40940
157.58230455,nodestore,4306,2.56,0.9900013183352153,61200,61656
157.58230455,nodeapiserver,4263,4.19,1.9800026366704306,342280,342160
157.58230455,nodescheduler,4298,0.92,0.9900013183352153,67232,67512
157.58230455,nodecontroller,4271,1.42,0.9900013183352153,128756,129060
157.58230455,nodelet,4427,3.44,0.9900013183352153,101704,99564
157.58230455,nodeproxy,4640,0.02,0.0,51216,51392
157.58230455,containerd,3718,1.58,0.9900013183352153,89936,88693
157.58230455,flanneld,5270,0.17,0.0,47496,47996
157.58230455,coredns,4939,0.19,0.0,64204,40460
157.58230455,coredns,4948,0.16,0.0,64552,40940
158.59273630399997,nodestore,4306,2.58,1.9793518880247556,61200,61660
158.59273630399997,nodeapiserver,4263,4.22,2.9690278320371335,342280,342160
158.59273630399997,nodescheduler,4298,0.92,0.0,67232,67512
158.59273630399997,nodecontroller,4271,1.43,0.9896759440123778,128756,129060
158.59273630399997,nodelet,4427,3.45,0.9896759440123778,101704,99568
158.59273630399997,nodeproxy,4640,0.02,0.0,51216,51392
158.59273630399997,containerd,3718,1.58,0.0,89936,88693
158.59273630399997,flanneld,5270,0.17,0.0,47496,47996
158.59273630399997,coredns,4939,0.19,0.0,64204,40460
158.59273630399997,coredns,4948,0.16,0.0,64552,40940
159.602939101,nodestore,4306,2.59,0.9899002487121076,61200,61660
159.602939101,nodeapiserver,4263,4.24,1.9798004974242152,342280,342160
159.602939101,nodescheduler,4298,0.92,0.0,67232,67512
159.602939101,nodecontroller,4271,1.43,0.0,128756,129060
159.602939101,nodelet,4427,3.47,1.9798004974242152,101704,99568
159.602939101,nodeproxy,4640,0.02,0.0,51216,51392
159.602939101,containerd,3718,1.6,1.9798004974242152,89936,88697
159.602939101,flanneld,5270,0.18,0.9899002487121076,47496,48008
159.602939101,coredns,4939,0.2,0.9899002487121076,64204,40464
159.602939101,coredns,4948,0.16,0.0,64552,40940
160.613099224,nodestore,4306,2.62,2.9698262005141784,61200,61660
160.613099224,nodeapiserver,4263,4.29,4.949710334190297,342280,342160
160.613099224,nodescheduler,4298,0.94,1.979884133676119,67232,67512
160.613099224,nodecontroller,4271,1.44,0.9899420668380595,128756,129060
160.613099224,nodelet,4427,3.49,1.979884133676119,101704,99568
160.613099224,nodeproxy,4640,0.02,0.0,51216,51392
160.613099224,containerd,3718,1.61,0.9899420668380595,89936,88697
160.613099224,flanneld,5270,0.18,0.0,47496,48008
160.613099224,coredns,4939,0.2,0.0,64204,40464
160.613099224,coredns,4948,0.16,0.0,64552,40940
161.623222253,nodestore,4306,2.63,0.9899784197475227,61200,61660
161.623222253,nodeapiserver,4263,4.3,0.9899784197475227,342280,342160
161.623222253,nodescheduler,4298,0.94,0.0,67232,67512
161.623222253,nodecontroller,4271,1.46,1.9799568394950453,128756,129060
161.623222253,nodelet,4427,3.51,1.9799568394950453,101704,99568
161.623222253,nodeproxy,4640,0.02,0.0,51216,51392
161.623222253,containerd,3718,1.62,0.9899784197475227,89936,88697
161.623222253,flanneld,5270,0.18,0.0,47496,48008
161.623222253,coredns,4939,0.21,0.9899784197475227,64204,40464
161.623222253,coredns,4948,0.16,0.0,64552,40940
162.634247739,nodestore,4306,2.65,1.9781894993693676,61200,61660
162.634247739,nodeapiserver,4263,4.34,3.956378998738735,342280,342160
162.634247739,nodescheduler,4298,0.95,0.9890947496846838,67232,67512
162.634247739,nodecontroller,4271,1.46,0.0,128756,129060
162.634247739,nodelet,4427,3.58,6.9236632477927875,101704,99576
162.634247739,nodeproxy,4640,0.02,0.0,51216,51392
162.634247739,containerd,3718,1.64,1.9781894993693676,89936,88705
162.634247739,flanneld,5270,0.18,0.0,47496,48008
162.634247739,coredns,4939,0.21,0.0,64204,40464
162.634247739,coredns,4948,0.16,0.0,64552,40940
163.644245382,nodestore,4306,2.66,0.9901013204641513,61200,61660
163.644245382,nodeapiserver,4263,4.35,0.9901013204641513,342280,342160
163.644245382,nodescheduler,4298,0.95,0.0,67232,67512
163.644245382,nodecontroller,4271,1.47,0.9901013204641513,128756,129060
163.644245382,nodelet,4427,3.6,1.9802026409283027,101704,99576
163.644245382,nodeproxy,4640,0.02,0.0,51216,51392
163.644245382,containerd,3718,1.64,0.0,89936,88705
163.644245382,flanneld,5270,0.18,0.0,47496,48012
163.644245382,coredns,4939,0.21,0.0,66308,42516
163.644245382,coredns,4948,0.16,0.0,64552,40940
164.654667051,nodestore,4306,2.67,0.9896858219496658,61200,61668
164.654667051,nodeapiserver,4263,4.39,3.9587432877986632,342280,342160
164.654667051,nodescheduler,4298,0.96,0.9896858219496658,67232,67512
164.654667051,nodecontroller,4271,1.48,0.9896858219496658,128756,129060
164.654667051,nodelet,4427,3.6,0.0,101704,99580
164.654667051,nodeproxy,4640,0.02,0.0,51216,51392
164.654667051,containerd,3718,1.66,1.9793716438993316,89936,88713
164.654667051,flanneld,5270,0.19,0.9896858219496658,47624,48016
164.654667051,coredns,4939,0.21,0.0,66308,42516
164.654667051,coredns,4948,0.16,0.0,64552,40940
165.66480195499997,nodestore,4306,2.69,1.9799335634085102,61200,61668
165.66480195499997,nodeapiserver,4263,4.41,1.9799335634085102,342280,342160
165.66480195499997,nodescheduler,4298,0.96,0.0,67232,67512
165.66480195499997,nodecontroller,4271,1.48,0.0,128756,129060
165.66480195499997,nodelet,4427,3.63,2.969900345112765,101704,99580
165.66480195499997,nodeproxy,4640,0.02,0.0,51216,51392
165.66480195499997,containerd,3718,1.66,0.0,89936,88713
165.66480195499997,flanneld,5270,0.19,0.0,47624,48016
165.66480195499997,coredns,4939,0.21,0.0,66308,42516
165.66480195499997,coredns,4948,0.16,0.0,64552,40940
166.67501037799997,nodestore,4306,2.72,2.969684207434109,61200,61676
166.67501037799997,nodeapiserver,4263,4.44,2.969684207434109,342280,342164
166.67501037799997,nodescheduler,4298,0.97,0.9898947358113697,67232,67512
166.67501037799997,nodecontroller,4271,1.5,1.9797894716227393,128756,129060
166.67501037799997,nodelet,4427,3.64,0.9898947358113697,101704,99584
166.67501037799997,nodeproxy,4640,0.02,0.0,51216,51392
166.67501037799997,containerd,3718,1.66,0.0,89936,88713
166.67501037799997,flanneld,5270,0.19,0.0,47624,48016
166.67501037799997,coredns,4939,0.21,0.0,66308,42516
166.67501037799997,coredns,4948,0.16,0.0,64552,40940
167.685537415,nodestore,4306,2.72,0.0,61200,61680
167.685537415,nodeapiserver,4263,4.46,1.979165254140487,342280,342168
167.685537415,nodescheduler,4298,0.97,0.0,67232,67512
167.685537415,nodecontroller,4271,1.5,0.0,128756,129076
167.685537415,nodelet,4427,3.66,1.979165254140487,101704,99584
167.685537415,nodeproxy,4640,0.02,0.0,51216,51392
167.685537415,containerd,3718,1.68,1.979165254140487,89936,88713
167.685537415,flanneld,5270,0.19,0.0,47624,48016
167.685537415,coredns,4939,0.21,0.0,66308,42516
167.685537415,coredns,4948,0.16,0.0,64552,40940
168.695678709,nodestore,4306,2.74,1.9799210386502757,61200,61680
168.695678709,nodeapiserver,4263,4.49,2.9698815579754134,342280,342168
168.695678709,nodescheduler,4298,0.98,0.9899605193251378,67232,67512
168.695678709,nodecontroller,4271,1.52,1.9799210386502757,128756,129076
168.695678709,nodelet,4427,3.68,1.9799210386502757,101704,99584
168.695678709,nodeproxy,4640,0.02,0.0,51216,51392
168.695678709,containerd,3718,1.68,0.0,89936,88713
168.695678709,flanneld,5270,0.19,0.0,47624,48016
168.695678709,coredns,4939,0.21,0.0,66308,42516
168.695678709,coredns,4948,0.16,0.0,64552,40940
169.705787671,nodestore,4306,2.76,1.9799844128103006,61200,61680
169.705787671,nodeapiserver,4263,4.51,1.9799844128103006,342280,342168
169.705787671,nodescheduler,4298,0.98,0.0,67232,67512
169.705787671,nodecontroller,4271,1.52,0.0,128756,129076
169.705787671,nodelet,4427,3.7,1.9799844128103006,101832,99588
169.705787671,nodeproxy,4640,0.02,0.0,51216,51392
169.705787671,containerd,3718,1.7,1.9799844128103006,89936,88713
169.705787671,flanneld,5270,0.19,0.0,47624,48020
169.705787671,coredns,4939,0.21,0.0,66308,42516
169.705787671,coredns,4948,0.16,0.0,64552,40944
170.71573284799996,nodestore,4306,2.78,1.9803055111773387,61200,61684
170.71573284799996,nodeapiserver,4263,4.55,3.9606110223546773,342280,342168
170.71573284799996,nodescheduler,4298,0.99,0.9901527555886693,67232,67512
170.71573284799996,nodecontroller,4271,1.53,0.9901527555886693,128756,129076
170.71573284799996,nodelet,4427,3.72,1.9803055111773387,101832,99588
170.71573284799996,nodeproxy,4640,0.02,0.0,51216,51392
170.71573284799996,containerd,3718,1.7,0.0,89936,88713
170.71573284799996,flanneld,5270,0.19,0.0,47624,48020
170.71573284799996,coredns,4939,0.22,0.9901527555886693,66308,42516
170.71573284799996,coredns,4948,0.17,0.9901527555886693,64552,40944
171.72581446699996,nodestore,4306,2.8,1.9800380111658986,61200,61684
171.72581446699996,nodeapiserver,4263,4.57,1.9800380111658986,342280,342168
171.72581446699996,nodescheduler,4298,0.99,0.0,67232,67512
171.72581446699996,nodecontroller,4271,1.54,0.9900190055829493,128756,129076
171.72581446699996,nodelet,4427,3.75,2.970057016748848,101832,99596
171.72581446699996,nodeproxy,4640,0.02,0.0,51216,51392
171.72581446699996,containerd,3718,1.73,2.970057016748848,89936,88713
171.72581446699996,flanneld,5270,0.19,0.0,47624,48020
171.72581446699996,coredns,4939,0.22,0.0,66308,42516
171.72581446699996,coredns,4948,0.17,0.0,64552,40944
172.736284108,nodestore,4306,2.81,0.9896388366604648,61200,61684
172.736284108,nodeapiserver,4263,4.59,1.9792776733209296,342280,342168
172.736284108,nodescheduler,4298,1.01,1.9792776733209296,67232,67512
172.736284108,nodecontroller,4271,1.55,0.9896388366604648,128756,129076
172.736284108,nodelet,4427,3.79,3.9585553466418593,101832,99604
172.736284108,nodeproxy,4640,0.02,0.0,51216,51392
172.736284108,containerd,3718,1.74,0.9896388366604648,89936,88713
172.736284108,flanneld,5270,0.19,0.0,47624,48020
172.736284108,coredns,4939,0.22,0.0,66308,42516
172.736284108,coredns,4948,0.17,0.0,64552,40944
173.74643995599996,nodestore,4306,2.83,1.9798925125859304,61200,61684
173.74643995599996,nodeapiserver,4263,4.62,2.9698387688788954,342280,342168
173.74643995599996,nodescheduler,4298,1.01,0.0,67232,67512
173.74643995599996,nodecontroller,4271,1.56,0.9899462562929652,128756,129076
173.74643995599996,nodelet,4427,3.8,0.9899462562929652,101832,99604
173.74643995599996,nodeproxy,4640,0.02,0.0,51216,51392
173.74643995599996,containerd,3718,1.75,0.9899462562929652,89936,88717
173.74643995599996,flanneld,5270,0.19,0.0,47624,48044
173.74643995599996,coredns,4939,0.22,0.0,66308,42516
173.74643995599996,coredns,4948,0.17,0.0,64552,40944
174.75652786399996,nodestore,4306,2.84,0.990012841535766,61200,61684
174.75652786399996,nodeapiserver,4263,4.64,1.980025683071532,342280,342168
174.75652786399996,nodescheduler,4298,1.02,0.990012841535766,67232,67512
174.75652786399996,nodecontroller,4271,1.56,0.0,128756,129076
174.75652786399996,nodelet,4427,3.82,1.980025683071532,101832,99608
174.75652786399996,nodeproxy,4640,0.02,0.0,51216,51392
174.75652786399996,containerd,3718,1.75,0.0,89936,88717
174.75652786399996,flanneld,5270,0.2,0.990012841535766,47624,48100
174.75652786399996,coredns,4939,0.22,0.0,66308,42516
174.75652786399996,coredns,4948,0.18,0.990012841535766,64552,40944
175.766829357,nodestore,4306,2.86,1.9796070914050559,61200,61688
175.766829357,nodeapiserver,4263,4.67,2.969410637107584,342280,342168
175.766829357,nodescheduler,4298,1.02,0.0,67232,67512
175.766829357,nodecontroller,4271,1.58,1.9796070914050559,128756,129076
175.766829357,nodelet,4427,3.84,1.9796070914050559,101832,99612
175.766829357,nodeproxy,4640,0.02,0.0,51216,51392
175.766829357,containerd,3718,1.76,0.9898035457025279,89936,88717
175.766829357,flanneld,5270,0.2,0.0,47624,48100
175.766829357,coredns,4939,0.22,0.0,66308,42516
175.766829357,coredns,4948,0.18,0.0,64552,40944
176.776915072,nodestore,4306,2.88,1.980029981910986,61200,61688
176.776915072,nodeapiserver,4263,4.7,2.9700449728664786,342280,342168
176.776915072,nodescheduler,4298,1.02,0.0,67232,67512
176.776915072,nodecontroller,4271,1.58,0.0,128756,129076
176.776915072,nodelet,4427,3.85,0.990014990955493,101832,99612
176.776915072,nodeproxy,4640,0.02,0.0,51216,51392
176.776915072,containerd,3718,1.77,0.990014990955493,89936,88717
176.776915072,flanneld,5270,0.2,0.0,47624,48100
176.776915072,coredns,4939,0.22,0.0,66308,42516
176.776915072,coredns,4948,0.18,0.0,64552,40944
177.787174091,nodestore,4306,2.89,0.989845159699595,61200,61688
177.787174091,nodeapiserver,4263,4.72,1.97969031939919,342280,342168
177.787174091,nodescheduler,4298,1.03,0.989845159699595,67232,67512
177.787174091,nodecontroller,4271,1.59,0.989845159699595,128756,129076
177.787174091,nodelet,4427,3.88,2.969535479098785,101832,99620
177.787174091,nodeproxy,4640,0.02,0.0,51216,51392
177.787174091,containerd,3718,1.78,0.989845159699595,89936,88717
177.787174091,flanneld,5270,0.2,0.0,47624,48100
177.787174091,coredns,4939,0.22,0.0,66308,42516
177.787174091,coredns,4948,0.18,0.0,64552,40944
178.797218478,nodestore,4306,2.91,1.9801109988248593,61200,61688
178.797218478,nodeapiserver,4263,4.74,1.9801109988248593,342280,342168
178.797218478,nodescheduler,4298,1.03,0.0,67232,67512
178.797218478,nodecontroller,4271,1.6,0.9900554994124297,128756,129076
178.797218478,nodelet,4427,3.89,0.9900554994124297,101832,99624
178.797218478,nodeproxy,4640,0.02,0.0,51216,51392
178.797218478,containerd,3718,1.78,0.0,89936,88717
178.797218478,flanneld,5270,0.2,0.0,47624,48100
178.797218478,coredns,4939,0.22,0.0,66308,42516
178.797218478,coredns,4948,0.18,0.0,64552,40944
179.81064666499998,nodestore,4306,2.92,0.9867497399694999,61200,61692
179.81064666499998,nodeapiserver,4263,4.76,1.9734994799389998,342280,342168
179.81064666499998,nodescheduler,4298,1.04,0.9867497399694999,67232,67512
179.81064666499998,nodecontroller,4271,1.6,0.0,128756,129076
179.81064666499998,nodelet,4427,3.91,1.9734994799389998,101832,99624
179.81064666499998,nodeproxy,4640,0.02,0.0,51216,51392
179.81064666499998,containerd,3718,1.8,1.9734994799389998,89936,88725
179.81064666499998,flanneld,5270,0.2,0.0,47624,48104
179.81064666499998,coredns,4939,0.23,0.9867497399694999,66308,42516
179.81064666499998,coredns,4948,0.18,0.0,64552,40944
180.821471428,nodestore,4306,2.94,1.978582315360202,61200,61696
180.821471428,nodeapiserver,4263,4.8,3.957164630720404,342280,342172
180.821471428,nodescheduler,4298,1.05,0.989291157680101,67232,67516
180.821471428,nodecontroller,4271,1.61,0.989291157680101,128756,129076
180.821471428,nodelet,4427,3.93,1.978582315360202,101832,99624
180.821471428,nodeproxy,4640,0.02,0.0,51216,51392
180.821471428,containerd,3718,1.81,0.989291157680101,89936,88725
180.821471428,flanneld,5270,0.2,0.0,47624,48104
180.821471428,coredns,4939,0.23,0.0,66308,42516
180.821471428,coredns,4948,0.18,0.0,64552,40944
181.83156577899996,nodestore,4306,2.96,1.9800130532559246,61200,61696
181.83156577899996,nodeapiserver,4263,4.81,0.9900065266279623,342280,342172
181.83156577899996,nodescheduler,4298,1.05,0.0,67232,67516
181.83156577899996,nodecontroller,4271,1.62,0.9900065266279623,128756,129076
181.83156577899996,nodelet,4427,3.95,1.9800130532559246,101832,99624
181.83156577899996,nodeproxy,4640,0.02,0.0,51216,51392
181.83156577899996,containerd,3718,1.82,0.9900065266279623,89936,88725
181.83156577899996,flanneld,5270,0.2,0.0,47624,48104
181.83156577899996,coredns,4939,0.23,0.0,66308,42516
181.83156577899996,coredns,4948,0.18,0.0,64552,40944
182.84166508799996,nodestore,4306,2.98,1.9800033345038206,61200,61696
182.84166508799996,nodeapiserver,4263,4.84,2.970005001755731,342280,342172
182.84166508799996,nodescheduler,4298,1.07,1.9800033345038206,67232,67520
182.84166508799996,nodecontroller,4271,1.64,1.9800033345038206,128756,129076
182.84166508799996,nodelet,4427,3.98,2.970005001755731,101832,99628
182.84166508799996,nodeproxy,4640,0.02,0.0,51216,51392
182.84166508799996,containerd,3718,1.84,1.9800033345038206,89936,88725
182.84166508799996,flanneld,5270,0.2,0.0,47624,48104
182.84166508799996,coredns,4939,0.23,0.0,66308,42516
182.84166508799996,coredns,4948,0.18,0.0,64552,40944
183.85187739399998,nodestore,4306,2.98,0.0,61200,61700
183.85187739399998,nodeapiserver,4263,4.86,1.9797818618138516,342280,342172
183.85187739399998,nodescheduler,4298,1.07,0.0,67232,67520
183.85187739399998,nodecontroller,4271,1.64,0.0,128756,129076
183.85187739399998,nodelet,4427,4.01,2.9696727927207776,101832,99628
183.85187739399998,nodeproxy,4640,0.02,0.0,51216,51392
183.85187739399998,containerd,3718,1.84,0.0,89936,88725
183.85187739399998,flanneld,5270,0.2,0.0,47624,48104
183.85187739399998,coredns,4939,0.23,0.0,66308,42516
183.85187739399998,coredns,4948,0.18,0.0,64552,40944
184.86264686599998,nodestore,4306,3.01,2.968035821327241,61200,61700
184.86264686599998,nodeapiserver,4263,4.88,1.978690547551494,342280,342172
184.86264686599998,nodescheduler,4298,1.07,0.0,67232,67520
184.86264686599998,nodecontroller,4271,1.65,0.989345273775747,128756,129076
184.86264686599998,nodelet,4427,4.02,0.989345273775747,101832,99628
184.86264686599998,nodeproxy,4640,0.02,0.0,51216,51392
184.86264686599998,containerd,3718,1.85,0.989345273775747,89936,88725
184.86264686599998,flanneld,5270,0.2,0.0,47624,48104
184.86264686599998,coredns,4939,0.24,0.989345273775747,66308,42516
184.86264686599998,coredns,4948,0.18,0.0,64552,40944
185.872668309,nodestore,4306,3.01,0.0,61200,61700
185.872668309,nodeapiserver,4263,4.91,2.9702339695771363,342280,342172
185.872668309,nodescheduler,4298,1.09,1.980155979718091,67232,67524
185.872668309,nodecontroller,4271,1.66,0.9900779898590455,128756,129076
185.872668309,nodelet,4427,4.05,2.9702339695771363,101832,99632
185.872668309,nodeproxy,4640,0.02,0.0,51216,51392
185.872668309,containerd,3718,1.85,0.0,89936,88729
185.872668309,flanneld,5270,0.2,0.0,47624,48104
185.872668309,coredns,4939,0.24,0.0,66308,42516
185.872668309,coredns,4948,0.18,0.0,64552,40944
186.88251057499997,nodestore,4306,3.03,1.980507320140303,61200,61704
186.88251057499997,nodeapiserver,4263,4.93,1.980507320140303,342280,342172
186.88251057499997,nodescheduler,4298,1.09,0.0,67232,67524
186.88251057499997,nodecontroller,4271,1.67,0.9902536600701515,128756,129076
186.88251057499997,nodelet,4427,4.06,0.9902536600701515,101832,99632
186.88251057499997,nodeproxy,4640,0.02,0.0,51216,51392
186.88251057499997,containerd,3718,1.87,1.980507320140303,89936,88729
186.88251057499997,flanneld,5270,0.2,0.0,47624,48104
186.88251057499997,coredns,4939,0.24,0.0,66308,42516
186.88251057499997,coredns,4948,0.18,0.0,64552,40944
187.892873807,nodestore,4306,3.05,1.9794861260350551,61200,61704
187.892873807,nodeapiserver,4263,4.96,2.969229189052583,342280,342172
187.892873807,nodescheduler,4298,1.09,0.0,67232,67524
187.892873807,nodecontroller,4271,1.67,0.0,128756,129076
187.892873807,nodelet,4427,4.08,1.9794861260350551,101832,99632
187.892873807,nodeproxy,4640,0.02,0.0,51216,51392
187.892873807,containerd,3718,1.87,0.0,89936,88729
187.892873807,flanneld,5270,0.2,0.0,47624,48104
187.892873807,coredns,4939,0.24,0.0,66308,42516
187.892873807,coredns,4948,0.18,0.0,64552,40944
188.90332951299996,nodestore,4306,3.07,1.9793049691582232,61200,61704
188.90332951299996,nodeapiserver,4263,4.99,2.968957453737335,342280,342172
188.90332951299996,nodescheduler,4298,1.1,0.9896524845791116,67232,67524
188.90332951299996,nodecontroller,4271,1.68,0.9896524845791116,128756,129076
188.90332951299996,nodelet,4427,4.09,0.9896524845791116,101832,99632
188.90332951299996,nodeproxy,4640,0.02,0.0,51216,51392
188.90332951299996,containerd,3718,1.89,1.9793049691582232,89936,88729
188.90332951299996,flanneld,5270,0.21,0.9896524845791116,47624,48104
188.90332951299996,coredns,4939,0.24,0.0,66308,42516
188.90332951299996,coredns,4948,0.19,0.9896524845791116,64552,40944
189.913394047,nodestore,4306,3.08,0.990035751517599,61200,61704
189.913394047,nodeapiserver,4263,5.01,1.980071503035198,342280,342172
189.913394047,nodescheduler,4298,1.1,0.0,67232,67524
189.913394047,nodecontroller,4271,1.68,0.0,128756,129076
189.913394047,nodelet,4427,4.11,1.980071503035198,101832,99632
189.913394047,nodeproxy,4640,0.02,0.0,51216,51392
189.913394047,containerd,3718,1.91,1.980071503035198,89936,88729
189.913394047,flanneld,5270,0.21,0.0,47624,48104
189.913394047,coredns,4939,0.24,0.0,66308,42516
189.913394047,coredns,4948,0.19,0.0,64552,40944
190.92362438599997,nodestore,4306,3.1,1.9797465219464667,61200,61708
190.92362438599997,nodeapiserver,4263,5.04,2.9696197829197,342280,342172
190.92362438599997,nodescheduler,4298,1.11,0.9898732609732334,67232,67524
190.92362438599997,nodecontroller,4271,1.69,0.9898732609732334,128756,129076
190.92362438599997,nodelet,4427,4.13,1.9797465219464667,101832,99632
190.92362438599997,nodeproxy,4640,0.02,0.0,51216,51392
190.92362438599997,containerd,3718,1.91,0.0,89936,88729
190.92362438599997,flanneld,5270,0.21,0.0,47624,48104
190.92362438599997,coredns,4939,0.24,0.0,66308,42524
190.92362438599997,coredns,4948,0.19,0.0,64552,40944
191.93362409499997,nodestore,4306,3.12,1.9801985903344477,61200,61708
191.93362409499997,nodeapiserver,4263,5.08,3.9603971806688953,342280,342172
191.93362409499997,nodescheduler,4298,1.12,0.9900992951672238,67232,67524
191.93362409499997,nodecontroller,4271,1.7,0.9900992951672238,128756,129076
191.93362409499997,nodelet,4427,4.16,2.9702978855016715,101832,99632
191.93362409499997,nodeproxy,4640,0.02,0.0,51216,51392
191.93362409499997,containerd,3718,1.93,1.9801985903344477,89936,88741
191.93362409499997,flanneld,5270,0.21,0.0,47624,48104
191.93362409499997,coredns,4939,0.24,0.0,66308,42524
191.93362409499997,coredns,4948,0.19,0.0,64552,40944
192.943488785,nodestore,4306,3.13,0.9902316715321251,61200,61708
192.943488785,nodeapiserver,4263,5.1,1.9804633430642502,342280,342172
192.943488785,nodescheduler,4298,1.12,0.0,67232,67524
192.943488785,nodecontroller,4271,1.71,0.9902316715321251,128756,129076
192.943488785,nodelet,4427,4.22,5.941390029192751,101832,99644
192.943488785,nodeproxy,4640,0.02,0.0,51216,51392
192.943488785,containerd,3718,1.95,1.9804633430642502,89936,88741
192.943488785,flanneld,5270,0.21,0.0,47624,48104
192.943488785,coredns,4939,0.24,0.0,66308,42524
192.943488785,coredns,4948,0.19,0.0,64552,40944
193.953890872,nodestore,4306,3.14,0.9897050024600863,61200,61712
193.953890872,nodeapiserver,4263,5.13,2.969115007380259,342280,342176
193.953890872,nodescheduler,4298,1.13,0.9897050024600863,67232,67524
193.953890872,nodecontroller,4271,1.72,0.9897050024600863,128756,129076
193.953890872,nodelet,4427,4.24,1.9794100049201726,101832,99644
193.953890872,nodeproxy,4640,0.02,0.0,51216,51392
193.953890872,containerd,3718,1.95,0.0,89936,88741
193.953890872,flanneld,5270,0.22,0.9897050024600863,47484,47792
193.953890872,coredns,4939,0.24,0.0,66308,42524
193.953890872,coredns,4948,0.19,0.0,64552,40944
194.96384344299997,nodestore,4306,3.16,1.9802910130915734,61200,61720
194.96384344299997,nodeapiserver,4263,5.15,1.9802910130915734,342280,342176
194.96384344299997,nodescheduler,4298,1.13,0.0,67232,67524
194.96384344299997,nodecontroller,4271,1.73,0.9901455065457867,128756,129076
194.96384344299997,nodelet,4427,4.26,1.9802910130915734,101832,99644
194.96384344299997,nodeproxy,4640,0.02,0.0,51216,51392
194.96384344299997,containerd,3718,1.96,0.9901455065457867,89936,88741
194.96384344299997,flanneld,5270,0.22,0.0,47484,47792
194.96384344299997,coredns,4939,0.24,0.0,66308,42524
194.96384344299997,coredns,4948,0.19,0.0,64552,40944
195.97421853999998,nodestore,4306,3.17,0.9897314403029,61200,61724
195.97421853999998,nodeapiserver,4263,5.18,2.9691943209087,342280,342180
195.97421853999998,nodescheduler,4298,1.15,1.9794628806058,67232,67524
195.97421853999998,nodecontroller,4271,1.74,0.9897314403029,128756,129076
195.97421853999998,nodelet,4427,4.27,0.9897314403029,101832,99664
195.97421853999998,nodeproxy,4640,0.02,0.0,51216,51392
195.97421853999998,containerd,3718,1.96,0.0,89936,88741
195.97421853999998,flanneld,5270,0.22,0.0,47484,47792
195.97421853999998,coredns,4939,0.24,0.0,66308,42524
195.97421853999998,coredns,4948,0.19,0.0,64552,40944
196.98481138899996,nodestore,4306,3.19,1.9790363666031103,61200,61724
196.98481138899996,nodeapiserver,4263,5.2,1.9790363666031103,342280,342180
196.98481138899996,nodescheduler,4298,1.15,0.0,67232,67524
196.98481138899996,nodecontroller,4271,1.74,0.0,128756,129076
196.98481138899996,nodelet,4427,4.29,1.9790363666031103,101832,99664
196.98481138899996,nodeproxy,4640,0.02,0.0,51216,51392
196.98481138899996,containerd,3718,1.97,0.9895181833015552,89936,88741
196.98481138899996,flanneld,5270,0.22,0.0,47484,47792
196.98481138899996,coredns,4939,0.24,0.0,66308,42524
196.98481138899996,coredns,4948,0.19,0.0,64552,40944
197.995623992,nodestore,4306,3.2,0.9893030587787071,61200,61724
197.995623992,nodeapiserver,4263,5.24,3.9572122351148282,342280,342180
197.995623992,nodescheduler,4298,1.15,0.0,67232,67524
197.995623992,nodecontroller,4271,1.77,2.967909176336121,128884,129084
197.995623992,nodelet,4427,4.3,0.9893030587787071,101832,99668
197.995623992,nodeproxy,4640,0.02,0.0,51216,51392
197.995623992,containerd,3718,1.98,0.9893030587787071,89936,88741
197.995623992,flanneld,5270,0.22,0.0,47484,47792
197.995623992,coredns,4939,0.25,0.9893030587787071,66308,42524
197.995623992,coredns,4948,0.19,0.0,64552,40944
199.005864659,nodestore,4306,3.21,0.9898631411954385,61200,61724
199.005864659,nodeapiserver,4263,5.26,1.979726282390877,342280,342180
199.005864659,nodescheduler,4298,1.16,0.9898631411954385,67232,67524
199.005864659,nodecontroller,4271,1.78,0.9898631411954385,128884,129084
199.005864659,nodelet,4427,4.31,0.9898631411954385,101832,99668
199.005864659,nodeproxy,4640,0.02,0.0,51216,51392
199.005864659,containerd,3718,1.99,0.9898631411954385,89936,88741
199.005864659,flanneld,5270,0.23,0.9898631411954385,47356,47792
199.005864659,coredns,4939,0.26,0.9898631411954385,66308,42524
199.005864659,coredns,4948,0.19,0.0,64552,40944
200.01750999399997,nodestore,4306,3.23,1.976977435476497,61200,61732
200.01750999399997,nodeapiserver,4263,5.28,1.976977435476497,342280,342180
200.01750999399997,nodescheduler,4298,1.16,0.0,67232,67528
200.01750999399997,nodecontroller,4271,1.8,1.976977435476497,128884,129084
200.01750999399997,nodelet,4427,4.33,1.976977435476497,101832,99672
200.01750999399997,nodeproxy,4640,0.02,0.0,51216,51392
200.01750999399997,containerd,3718,2.0,0.9884887177382485,89936,88749
200.01750999399997,flanneld,5270,0.23,0.0,47356,47792
200.01750999399997,coredns,4939,0.26,0.0,66308,42524
200.01750999399997,coredns,4948,0.19,0.0,64552,40944
201.027578495,nodestore,4306,3.25,1.9800637263907026,61200,61732
201.027578495,nodeapiserver,4263,5.31,2.970095589586054,342280,342180
201.027578495,nodescheduler,4298,1.17,0.9900318631953513,67232,67528
201.027578495,nodecontroller,4271,1.81,0.9900318631953513,128884,129084
201.027578495,nodelet,4427,4.35,1.9800637263907026,101832,99672
201.027578495,nodeproxy,4640,0.02,0.0,51216,51392
201.027578495,containerd,3718,2.01,0.9900318631953513,89936,88749
201.027578495,flanneld,5270,0.23,0.0,47356,47792
201.027578495,coredns,4939,0.26,0.0,66308,42524
201.027578495,coredns,4948,0.2,0.9900318631953513,64552,40944
202.03805057899996,nodestore,4306,3.27,1.9792728880574246,61200,61732
202.03805057899996,nodeapiserver,4263,5.34,2.968909332086137,342280,342180
202.03805057899996,nodescheduler,4298,1.18,0.9896364440287123,67232,67528
202.03805057899996,nodecontroller,4271,1.84,2.968909332086137,124632,124720
202.03805057899996,nodelet,4427,4.39,3.9585457761148493,103952,101724
202.03805057899996,nodeproxy,4640,0.02,0.0,51216,51392
202.03805057899996,containerd,3718,2.03,1.9792728880574246,89936,88757
202.03805057899996,flanneld,5270,0.23,0.0,47356,47792
202.03805057899996,coredns,4939,0.26,0.0,66308,42524
202.03805057899996,coredns,4948,0.2,0.0,64552,40944
203.049760552,nodestore,4306,3.28,0.9884255633407192,61200,61732
203.049760552,nodeapiserver,4263,5.37,2.9652766900221574,342280,342180
203.049760552,nodescheduler,4298,1.19,0.9884255633407192,67232,67528
203.049760552,nodecontroller,4271,1.84,0.0,124632,124720
203.049760552,nodelet,4427,4.44,4.942127816703596,103952,101728
203.049760552,nodeproxy,4640,0.02,0.0,51216,51392
203.049760552,containerd,3718,2.05,1.9768511266814384,89936,88757
203.049760552,flanneld,5270,0.23,0.0,47356,47792
203.049760552,coredns,4939,0.26,0.0,66308,42524
203.049760552,coredns,4948,0.2,0.0,64552,40944
204.05972574499998,nodestore,4306,3.3,1.9802662644830946,61200,61736
204.05972574499998,nodeapiserver,4263,5.39,1.9802662644830946,342280,342180
204.05972574499998,nodescheduler,4298,1.19,0.0,67232,67528
204.05972574499998,nodecontroller,4271,1.85,0.9901331322415473,124632,124720
204.05972574499998,nodelet,4427,4.45,0.9901331322415473,103952,101728
204.05972574499998,nodeproxy,4640,0.02,0.0,51216,51392
204.05972574499998,containerd,3718,2.06,0.9901331322415473,89936,88757
204.05972574499998,flanneld,5270,0.23,0.0,47356,47792
204.05972574499998,coredns,4939,0.26,0.0,66308,42528
204.05972574499998,coredns,4948,0.2,0.0,64552,40944
205.069833948,nodestore,4306,3.3,0.0,61200,61740
205.069833948,nodeapiserver,4263,5.41,1.9799859005797709,342280,342180
205.069833948,nodescheduler,4298,1.2,0.9899929502898854,67232,67528
205.069833948,nodecontroller,4271,1.86,0.9899929502898854,126552,126720
205.069833948,nodelet,4427,4.47,1.9799859005797709,103952,101728
205.069833948,nodeproxy,4640,0.02,0.0,51216,51392
205.069833948,containerd,3718,2.06,0.0,89936,88757
205.069833948,flanneld,5270,0.23,0.0,47356,47792
205.069833948,coredns,4939,0.26,0.0,66308,42528
205.069833948,coredns,4948,0.21,0.9899929502898854,64552,40944
206.080128236,nodestore,4306,3.32,1.9796212091421597,61200,61740
206.080128236,nodeapiserver,4263,5.44,2.9694318137132396,342280,342180
206.080128236,nodescheduler,4298,1.2,0.0,67232,67528
206.080128236,nodecontroller,4271,1.86,0.0,126552,126728
206.080128236,nodelet,4427,4.48,0.9898106045710798,103952,101732
206.080128236,nodeproxy,4640,0.02,0.0,51216,51392
206.080128236,containerd,3718,2.06,0.0,89936,88757
206.080128236,flanneld,5270,0.23,0.0,47356,47792
206.080128236,coredns,4939,0.26,0.0,66308,42528
206.080128236,coredns,4948,0.21,0.0,64552,40944
207.09032723499996,nodestore,4306,3.34,1.9798079407917641,61200,61748
207.09032723499996,nodeapiserver,4263,5.46,1.9798079407917641,342280,342180
207.09032723499996,nodescheduler,4298,1.21,0.9899039703958821,67232,67528
207.09032723499996,nodecontroller,4271,1.88,1.9798079407917641,126552,126728
207.09032723499996,nodelet,4427,4.5,1.9798079407917641,103952,101732
207.09032723499996,nodeproxy,4640,0.02,0.0,51216,51392
207.09032723499996,containerd,3718,2.08,1.9798079407917641,89936,88757
207.09032723499996,flanneld,5270,0.23,0.0,47356,47792
207.09032723499996,coredns,4939,0.26,0.0,66308,42528
207.09032723499996,coredns,4948,0.21,0.0,64552,40944
208.10036263999996,nodestore,4306,3.35,0.9900643037359701,61200,61752
208.10036263999996,nodeapiserver,4263,5.49,2.97019291120791,342280,342180
208.10036263999996,nodescheduler,4298,1.21,0.0,67232,67528
208.10036263999996,nodecontroller,4271,1.88,0.0,126552,126728
208.10036263999996,nodelet,4427,4.52,1.9801286074719402,103952,101732
208.10036263999996,nodeproxy,4640,0.02,0.0,51216,51392
208.10036263999996,containerd,3718,2.08,0.0,89936,88757
208.10036263999996,flanneld,5270,0.23,0.0,47356,47792
208.10036263999996,coredns,4939,0.26,0.0,66308,42528
208.10036263999996,coredns,4948,0.21,0.0,64552,40944
209.110590752,nodestore,4306,3.37,1.9797508862037105,61200,61752
209.110590752,nodeapiserver,4263,5.51,1.9797508862037105,342280,342180
209.110590752,nodescheduler,4298,1.21,0.0,67232,67528
209.110590752,nodecontroller,4271,1.89,0.9898754431018553,126552,126728
209.110590752,nodelet,4427,4.53,0.9898754431018553,103952,101736
209.110590752,nodeproxy,4640,0.02,0.0,51216,51392
209.110590752,containerd,3718,2.09,0.9898754431018553,89936,88757
209.110590752,flanneld,5270,0.23,0.0,47356,47792
209.110590752,coredns,4939,0.26,0.0,66308,42528
209.110590752,coredns,4948,0.21,0.0,64552,40944
210.121295787,nodestore,4306,3.38,0.9894083489947185,61200,61752
210.121295787,nodeapiserver,4263,5.54,2.9682250469841556,342280,342180
210.121295787,nodescheduler,4298,1.23,1.978816697989437,67232,67528
210.121295787,nodecontroller,4271,1.9,0.9894083489947185,126552,126728
210.121295787,nodelet,4427,4.58,4.947041744973593,103952,101736
210.121295787,nodeproxy,4640,0.02,0.0,51216,51392
210.121295787,containerd,3718,2.11,1.978816697989437,89936,88757
210.121295787,flanneld,5270,0.23,0.0,47356,47792
210.121295787,coredns,4939,0.27,0.9894083489947185,66308,42528
210.121295787,coredns,4948,0.21,0.0,64552,40944
211.132109115,nodestore,4306,3.41,2.967907047620616,61200,61756
211.132109115,nodeapiserver,4263,5.57,2.967907047620616,342280,342180
211.132109115,nodescheduler,4298,1.23,0.0,67232,67528
211.132109115,nodecontroller,4271,1.91,0.989302349206872,126552,126728
211.132109115,nodelet,4427,4.59,0.989302349206872,103952,101736
211.132109115,nodeproxy,4640,0.02,0.0,51216,51392
211.132109115,containerd,3718,2.11,0.0,89936,88757
211.132109115,flanneld,5270,0.23,0.0,47356,47792
211.132109115,coredns,4939,0.27,0.0,66308,42528
211.132109115,coredns,4948,0.21,0.0,64552,40944
212.142248549,nodestore,4306,3.42,0.9899623421690954,61200,61756
212.142248549,nodeapiserver,4263,5.6,2.969887026507286,342280,342180
212.142248549,nodescheduler,4298,1.24,0.9899623421690954,67232,67528
212.142248549,nodecontroller,4271,1.92,0.9899623421690954,126552,126728
212.142248549,nodelet,4427,4.62,2.969887026507286,103952,101736
212.142248549,nodeproxy,4640,0.02,0.0,51216,51392
212.142248549,containerd,3718,2.13,1.9799246843381908,89936,88757
212.142248549,flanneld,5270,0.23,0.0,47356,47792
212.142248549,coredns,4939,0.27,0.0,66308,42528
212.142248549,coredns,4948,0.21,0.0,64552,40944
213.152661175,nodestore,4306,3.44,1.9793893588974127,61200,61756
213.152661175,nodeapiserver,4263,5.61,0.9896946794487064,342280,342180
213.152661175,nodescheduler,4298,1.24,0.0,67232,67528
213.152661175,nodecontroller,4271,1.92,0.0,126552,126728
213.152661175,nodelet,4427,4.66,3.9587787177948255,103952,101740
213.152661175,nodeproxy,4640,0.02,0.0,51216,51392
213.152661175,containerd,3718,2.14,0.9896946794487064,89936,88757
213.152661175,flanneld,5270,0.23,0.0,47356,47792
213.152661175,coredns,4939,0.27,0.0,66308,42528
213.152661175,coredns,4948,0.21,0.0,64552,40944
214.16324741800003,nodestore,4306,3.45,0.9895246515838095,61200,61760
214.16324741800003,nodeapiserver,4263,5.64,2.9685739547514287,342280,342180
214.16324741800003,nodescheduler,4298,1.25,0.9895246515838095,67232,67528
214.16324741800003,nodecontroller,4271,1.94,1.979049303167619,126552,126728
214.16324741800003,nodelet,4427,4.67,0.9895246515838095,103952,101740
214.16324741800003,nodeproxy,4640,0.02,0.0,51216,51392
214.16324741800003,containerd,3718,2.14,0.0,89936,88757
214.16324741800003,flanneld,5270,0.24,0.9895246515838095,47356,47792
214.16324741800003,coredns,4939,0.27,0.0,66308,42528
214.16324741800003,coredns,4948,0.21,0.0,64552,40944
215.17332275500002,nodestore,4306,3.46,0.9900251628458587,61200,61760
215.17332275500002,nodeapiserver,4263,5.67,2.970075488537576,342280,342180
215.17332275500002,nodescheduler,4298,1.26,0.9900251628458587,67232,67528
215.17332275500002,nodecontroller,4271,1.94,0.0,128984,129144
215.17332275500002,nodelet,4427,4.69,1.9800503256917175,103952,101740
215.17332275500002,nodeproxy,4640,0.02,0.0,51216,51392
215.17332275500002,containerd,3718,2.16,1.9800503256917175,89936,88757
215.17332275500002,flanneld,5270,0.24,0.0,47356,47792
215.17332275500002,coredns,4939,0.27,0.0,66308,42528
215.17332275500002,coredns,4948,0.21,0.0,64552,40944
216.18343722000003,nodestore,4306,3.48,1.9799736260582805,61200,61764
216.18343722000003,nodeapiserver,4263,5.7,2.9699604390874206,342280,342184
216.18343722000003,nodescheduler,4298,1.26,0.0,67232,67528
216.18343722000003,nodecontroller,4271,1.96,1.9799736260582805,128984,129144
216.18343722000003,nodelet,4427,4.71,1.9799736260582805,103952,101740
216.18343722000003,nodeproxy,4640,0.02,0.0,51216,51392
216.18343722000003,containerd,3718,2.17,0.9899868130291403,89936,88757
216.18343722000003,flanneld,5270,0.24,0.0,47356,47792
216.18343722000003,coredns,4939,0.27,0.0,66308,42528
216.18343722000003,coredns,4948,0.21,0.0,64552,40992
217.19421608700003,nodestore,4306,3.49,0.98933607799697,61200,61764
217.19421608700003,nodeapiserver,4263,5.72,1.97867215599394,342280,342184
217.19421608700003,nodescheduler,4298,1.26,0.0,67232,67528
217.19421608700003,nodecontroller,4271,1.96,0.0,128984,129144
217.19421608700003,nodelet,4427,4.72,0.98933607799697,103952,101740
217.19421608700003,nodeproxy,4640,0.02,0.0,51216,51392
217.19421608700003,containerd,3718,2.17,0.0,89936,88757
217.19421608700003,flanneld,5270,0.24,0.0,47356,47792
217.19421608700003,coredns,4939,0.28,0.98933607799697,66308,42528
217.19421608700003,coredns,4948,0.21,0.0,64552,40996
218.204421587,nodestore,4306,3.51,1.9797952000855592,61200,61764
218.204421587,nodeapiserver,4263,5.75,2.969692800128339,342280,342184
218.204421587,nodescheduler,4298,1.27,0.9898976000427796,67232,67528
218.204421587,nodecontroller,4271,1.97,0.9898976000427796,128984,129144
218.204421587,nodelet,4427,4.75,2.969692800128339,103952,101744
218.204421587,nodeproxy,4640,0.02,0.0,51216,51392
218.204421587,containerd,3718,2.17,0.0,89936,88757
218.204421587,flanneld,5270,0.24,0.0,47356,47792
218.204421587,coredns,4939,0.28,0.0,66308,42528
218.204421587,coredns,4948,0.22,0.9898976000427796,64552,40996
219.21597779799998,nodestore,4306,3.53,1.977151618715195,61200,61764
219.21597779799998,nodeapiserver,4263,5.77,1.977151618715195,342280,342184
219.21597779799998,nodescheduler,4298,1.27,0.0,67232,67528
219.21597779799998,nodecontroller,4271,1.98,0.9885758093575975,128984,129144
219.21597779799998,nodelet,4427,4.77,1.977151618715195,103952,101744
219.21597779799998,nodeproxy,4640,0.02,0.0,51216,51392
219.21597779799998,containerd,3718,2.2,2.965727428072792,89936,88757
219.21597779799998,flanneld,5270,0.25,0.9885758093575975,47356,47792
219.21597779799998,coredns,4939,0.28,0.0,66308,42528
219.21597779799998,coredns,4948,0.22,0.0,64552,40996
220.22669766099995,nodestore,4306,3.55,1.978787667300522,61200,61768
220.22669766099995,nodeapiserver,4263,5.8,2.968181500950783,342280,342184
220.22669766099995,nodescheduler,4298,1.29,1.978787667300522,67232,67528
220.22669766099995,nodecontroller,4271,1.99,0.989393833650261,128984,129144
220.22669766099995,nodelet,4427,4.79,1.978787667300522,103952,101744
220.22669766099995,nodeproxy,4640,0.02,0.0,51216,51392
220.22669766099995,containerd,3718,2.21,0.989393833650261,89936,88761
220.22669766099995,flanneld,5270,0.25,0.0,47356,47792
220.22669766099995,coredns,4939,0.28,0.0,66308,42528
220.22669766099995,coredns,4948,0.22,0.0,64552,40996
221.23774862499994,nodestore,4306,3.57,1.9781396499415396,61200,61772
221.23774862499994,nodeapiserver,4263,5.83,2.9672094749123095,342280,342184
221.23774862499994,nodescheduler,4298,1.29,0.0,67232,67528
221.23774862499994,nodecontroller,4271,1.99,0.0,128984,129144
221.23774862499994,nodelet,4427,4.81,1.9781396499415396,103952,101744
221.23774862499994,nodeproxy,4640,0.02,0.0,51216,51392
221.23774862499994,containerd,3718,2.22,0.9890698249707698,89936,88761
221.23774862499994,flanneld,5270,0.25,0.0,47356,47792
221.23774862499994,coredns,4939,0.28,0.0,66308,42528
221.23774862499994,coredns,4948,0.22,0.0,64552,40996
222.248498643,nodestore,4306,3.59,1.9787286315931258,61200,61772
222.248498643,nodeapiserver,4263,5.85,1.9787286315931258,342280,342184
222.248498643,nodescheduler,4298,1.3,0.9893643157965629,67232,67528
222.248498643,nodecontroller,4271,2.0,0.9893643157965629,128984,129144
222.248498643,nodelet,4427,4.84,2.968092947389689,103952,101744
222.248498643,nodeproxy,4640,0.02,0.0,51216,51392
222.248498643,containerd,3718,2.24,1.9787286315931258,89936,88761
222.248498643,flanneld,5270,0.25,0.0,47356,47792
222.248498643,coredns,4939,0.28,0.0,66308,42528
222.248498643,coredns,4948,0.22,0.0,64552,40996
223.259022152,nodestore,4306,3.6,0.9895860819602217,61200,61772
223.259022152,nodeapiserver,4263,5.88,2.968758245880665,342280,342184
223.259022152,nodescheduler,4298,1.3,0.0,67232,67528
223.259022152,nodecontroller,4271,2.01,0.9895860819602217,128984,129144
223.259022152,nodelet,4427,4.87,2.968758245880665,103952,101744
223.259022152,nodeproxy,4640,0.02,0.0,51216,51392
223.259022152,containerd,3718,2.25,0.9895860819602217,89936,88761
223.259022152,flanneld,5270,0.25,0.0,47356,47792
223.259022152,coredns,4939,0.28,0.0,66308,42528
223.259022152,coredns,4948,0.22,0.0,64552,40996
224.26917830999997,nodestore,4306,3.62,1.9798919049900545,61200,61776
224.26917830999997,nodeapiserver,4263,5.9,1.9798919049900545,342280,342188
224.26917830999997,nodescheduler,4298,1.3,0.0,67232,67528
224.26917830999997,nodecontroller,4271,2.02,0.9899459524950273,128984,129148
224.26917830999997,nodelet,4427,4.89,1.9798919049900545,103952,101744
224.26917830999997,nodeproxy,4640,0.02,0.0,51216,51392
224.26917830999997,containerd,3718,2.26,0.9899459524950273,89936,88761
224.26917830999997,flanneld,5270,0.25,0.0,47356,47792
224.26917830999997,coredns,4939,0.28,0.0,66308,42528
224.26917830999997,coredns,4948,0.23,0.9899459524950273,64552,40996
225.279178017,nodestore,4306,3.63,0.9900992971277963,61200,61776
225.279178017,nodeapiserver,4263,5.93,2.970297891383389,342280,342188
225.279178017,nodescheduler,4298,1.31,0.9900992971277963,67232,67528
225.279178017,nodecontroller,4271,2.03,0.9900992971277963,128984,129148
225.279178017,nodelet,4427,4.91,1.9801985942555926,103952,101748
225.279178017,nodeproxy,4640,0.02,0.0,51216,51392
225.279178017,containerd,3718,2.27,0.9900992971277963,89936,88761
225.279178017,flanneld,5270,0.25,0.0,47356,47792
225.279178017,coredns,4939,0.29,0.9900992971277963,66308,42528
225.279178017,coredns,4948,0.23,0.0,64552,40996
226.28948000400004,nodestore,4306,3.65,1.9796061234509923,61200,61776
226.28948000400004,nodeapiserver,4263,5.95,1.9796061234509923,342280,342192
226.28948000400004,nodescheduler,4298,1.32,0.9898030617254961,67232,67528
226.28948000400004,nodecontroller,4271,2.03,0.0,128984,129148
226.28948000400004,nodelet,4427,4.93,1.9796061234509923,103952,101752
226.28948000400004,nodeproxy,4640,0.02,0.0,51216,51392
226.28948000400004,containerd,3718,2.27,0.0,89936,88761
226.28948000400004,flanneld,5270,0.25,0.0,47356,47792
226.28948000400004,coredns,4939,0.29,0.0,66308,42528
226.28948000400004,coredns,4948,0.23,0.0,64552,40996
227.30004376799997,nodestore,4306,3.66,0.9895466625894903,61200,61780
227.30004376799997,nodeapiserver,4263,5.98,2.968639987768471,342280,342192
227.30004376799997,nodescheduler,4298,1.32,0.0,67232,67532
227.30004376799997,nodecontroller,4271,2.05,1.9790933251789806,128984,129148
227.30004376799997,nodelet,4427,4.94,0.9895466625894903,103952,101752
227.30004376799997,nodeproxy,4640,0.02,0.0,51216,51392
227.30004376799997,containerd,3718,2.28,0.9895466625894903,89936,88761
227.30004376799997,flanneld,5270,0.25,0.0,47356,47792
227.30004376799997,coredns,4939,0.29,0.0,66308,42528
227.30004376799997,coredns,4948,0.23,0.0,64552,40996
228.31057272100003,nodestore,4306,3.68,1.9791615015704331,61200,61780
228.31057272100003,nodeapiserver,4263,6.01,2.9687422523556495,342280,342192
228.31057272100003,nodescheduler,4298,1.33,0.9895807507852166,67232,67532
228.31057272100003,nodecontroller,4271,2.06,0.9895807507852166,128984,129148
228.31057272100003,nodelet,4427,4.96,1.9791615015704331,103952,101756
228.31057272100003,nodeproxy,4640,0.02,0.0,51216,51392
228.31057272100003,containerd,3718,2.29,0.9895807507852166,89936,88761
228.31057272100003,flanneld,5270,0.25,0.0,47356,47792
228.31057272100003,coredns,4939,0.29,0.0,66308,42540
228.31057272100003,coredns,4948,0.23,0.0,64552,40996
229.320742703,nodestore,4306,3.69,0.9899324052573365,61200,61780
229.320742703,nodeapiserver,4263,6.03,1.979864810514673,342280,342192
229.320742703,nodescheduler,4298,1.33,0.0,67232,67532
229.320742703,nodecontroller,4271,2.06,0.0,128984,129148
229.320742703,nodelet,4427,4.97,0.9899324052573365,103952,101756
229.320742703,nodeproxy,4640,0.03,0.9899324052573365,50268,50372
229.320742703,containerd,3718,2.29,0.0,89936,88765
229.320742703,flanneld,5270,0.26,0.9899324052573365,47356,47792
229.320742703,coredns,4939,0.29,0.0,66308,42540
229.320742703,coredns,4948,0.23,0.0,64552,40996
230.33463209199994,nodestore,4306,3.7,0.9863008833600397,61200,61780
230.33463209199994,nodeapiserver,4263,6.07,3.945203533440159,342280,342192
230.33463209199994,nodescheduler,4298,1.34,0.9863008833600397,67232,67532
230.33463209199994,nodecontroller,4271,2.08,1.9726017667200795,128984,129148
230.33463209199994,nodelet,4427,5.0,2.958902650080119,103952,101760
230.33463209199994,nodeproxy,4640,0.03,0.0,50268,50372
230.33463209199994,containerd,3718,2.31,1.9726017667200795,89936,88773
230.33463209199994,flanneld,5270,0.26,0.0,47356,47792
230.33463209199994,coredns,4939,0.3,0.9863008833600397,66308,42540
230.33463209199994,coredns,4948,0.24,0.9863008833600397,64552,40996
231.346149788,nodestore,4306,3.73,2.965840352435946,61200,61784
231.346149788,nodeapiserver,4263,6.1,2.965840352435946,342280,342192
231.346149788,nodescheduler,4298,1.35,0.9886134508119819,67232,67536
231.346149788,nodecontroller,4271,2.08,0.0,128984,129148
231.346149788,nodelet,4427,5.02,1.9772269016239639,103952,101760
231.346149788,nodeproxy,4640,0.03,0.0,50268,50372
231.346149788,containerd,3718,2.32,0.9886134508119819,89936,88773
231.346149788,flanneld,5270,0.26,0.0,47356,47792
231.346149788,coredns,4939,0.3,0.0,66308,42540
231.346149788,coredns,4948,0.24,0.0,64552,40996
232.35675607399997,nodestore,4306,3.74,0.9895050266885199,61200,61784
232.35675607399997,nodeapiserver,4263,6.13,2.96851508006556,342280,342192
232.35675607399997,nodescheduler,4298,1.35,0.0,67232,67536
232.35675607399997,nodecontroller,4271,2.09,0.9895050266885199,128984,129148
232.35675607399997,nodelet,4427,5.05,2.96851508006556,103952,101764
232.35675607399997,nodeproxy,4640,0.03,0.0,50268,50372
232.35675607399997,containerd,3718,2.35,2.96851508006556,89936,88773
232.35675607399997,flanneld,5270,0.26,0.0,47356,47792
232.35675607399997,coredns,4939,0.3,0.0,66308,42540
232.35675607399997,coredns,4948,0.24,0.0,64552,40996
233.367141324,nodestore,4306,3.76,1.9794429896912829,61200,61784
233.367141324,nodeapiserver,4263,6.16,2.9691644845369245,342280,342196
233.367141324,nodescheduler,4298,1.36,0.9897214948456414,67232,67536
233.367141324,nodecontroller,4271,2.1,0.9897214948456414,128984,129148
233.367141324,nodelet,4427,5.1,4.948607474228207,103952,101768
233.367141324,nodeproxy,4640,0.03,0.0,50268,50372
233.367141324,containerd,3718,2.36,0.9897214948456414,89936,88773
233.367141324,flanneld,5270,0.26,0.0,47356,47792
233.367141324,coredns,4939,0.3,0.0,66308,42540
233.367141324,coredns,4948,0.24,0.0,64552,40996
234.37756446199995,nodestore,4306,3.78,1.9793687661971078,61200,61784
234.37756446199995,nodeapiserver,4263,6.17,0.9896843830985539,342280,342196
234.37756446199995,nodescheduler,4298,1.36,0.0,67232,67536
234.37756446199995,nodecontroller,4271,2.11,0.9896843830985539,128984,129148
234.37756446199995,nodelet,4427,5.11,0.9896843830985539,103952,101776
234.37756446199995,nodeproxy,4640,0.03,0.0,50268,50372
234.37756446199995,containerd,3718,2.37,0.9896843830985539,89936,88773
234.37756446199995,flanneld,5270,0.26,0.0,47356,47792
234.37756446199995,coredns,4939,0.3,0.0,66308,42540
234.37756446199995,coredns,4948,0.24,0.0,64552,40996
235.38765111599997,nodestore,4306,3.78,0.0,61200,61784
235.38765111599997,nodeapiserver,4263,6.19,1.9800281412291196,342280,342196
235.38765111599997,nodescheduler,4298,1.36,0.0,67232,67536
235.38765111599997,nodecontroller,4271,2.11,0.0,128984,129148
235.38765111599997,nodelet,4427,5.13,1.9800281412291196,103952,101776
235.38765111599997,nodeproxy,4640,0.03,0.0,50268,50372
235.38765111599997,containerd,3718,2.38,0.9900140706145598,89936,88773
235.38765111599997,flanneld,5270,0.26,0.0,47356,47792
235.38765111599997,coredns,4939,0.3,0.0,66308,42540
235.38765111599997,coredns,4948,0.24,0.0,64552,40996
236.39785483399993,nodestore,4306,3.81,2.969698038668402,61200,61788
236.39785483399993,nodeapiserver,4263,6.23,3.959597384891203,342280,342196
236.39785483399993,nodescheduler,4298,1.37,0.9898993462228007,67232,67536
236.39785483399993,nodecontroller,4271,2.13,1.9797986924456015,128984,129148
236.39785483399993,nodelet,4427,5.15,1.9797986924456015,103952,101776
236.39785483399993,nodeproxy,4640,0.03,0.0,50268,50372
236.39785483399993,containerd,3718,2.38,0.0,89936,88773
236.39785483399993,flanneld,5270,0.26,0.0,47356,47792
236.39785483399993,coredns,4939,0.3,0.0,66308,42540
236.39785483399993,coredns,4948,0.24,0.0,64552,40996
237.40820302599997,nodestore,4306,3.83,1.9795155925809045,61200,61788
237.40820302599997,nodeapiserver,4263,6.25,1.9795155925809045,342280,342196
237.40820302599997,nodescheduler,4298,1.37,0.0,67232,67536
237.40820302599997,nodecontroller,4271,2.13,0.0,128984,129148
237.40820302599997,nodelet,4427,5.16,0.9897577962904522,103952,101776
237.40820302599997,nodeproxy,4640,0.03,0.0,50268,50372
237.40820302599997,containerd,3718,2.39,0.9897577962904522,89936,88773
237.40820302599997,flanneld,5270,0.26,0.0,47356,47792
237.40820302599997,coredns,4939,0.3,0.0,66308,42540
237.40820302599997,coredns,4948,0.24,0.0,64552,40996
238.41828725599993,nodestore,4306,3.84,0.9900164464502513,61200,61788
238.41828725599993,nodeapiserver,4263,6.28,2.970049339350754,342280,342196
238.41828725599993,nodescheduler,4298,1.39,1.9800328929005027,67232,67536
238.41828725599993,nodecontroller,4271,2.15,1.9800328929005027,128984,129148
238.41828725599993,nodelet,4427,5.18,1.9800328929005027,103952,101776
238.41828725599993,nodeproxy,4640,0.03,0.0,50268,50372
238.41828725599993,containerd,3718,2.4,0.9900164464502513,89936,88773
238.41828725599993,flanneld,5270,0.26,0.0,47356,47792
238.41828725599993,coredns,4939,0.31,0.9900164464502513,66308,42540
238.41828725599993,coredns,4948,0.24,0.0,64552,40996
239.42923786900002,nodestore,4306,3.86,1.9783360079923311,61200,61788
239.42923786900002,nodeapiserver,4263,6.31,2.967504011988497,342280,342196
239.42923786900002,nodescheduler,4298,1.39,0.0,67232,67536
239.42923786900002,nodecontroller,4271,2.16,0.9891680039961656,128984,129148
239.42923786900002,nodelet,4427,5.2,1.9783360079923311,103952,101776
239.42923786900002,nodeproxy,4640,0.03,0.0,50268,50372
239.42923786900002,containerd,3718,2.41,0.9891680039961656,89936,88773
239.42923786900002,flanneld,5270,0.27,0.9891680039961656,47356,47792
239.42923786900002,coredns,4939,0.31,0.0,66308,42540
239.42923786900002,coredns,4948,0.24,0.0,64552,40996
240.439644483,nodestore,4306,3.88,1.979401136422141,61200,61792
240.439644483,nodeapiserver,4263,6.43,11.876406818532846,337132,337128
240.439644483,nodescheduler,4298,1.39,0.0,67232,67536
240.439644483,nodecontroller,4271,2.16,0.0,128984,129148
240.439644483,nodelet,4427,5.22,1.979401136422141,103952,101780
240.439644483,nodeproxy,4640,0.03,0.0,50268,50372
240.439644483,containerd,3718,2.42,0.9897005682110706,89936,88773
240.439644483,flanneld,5270,0.27,0.0,47356,47792
240.439644483,coredns,4939,0.31,0.0,66308,42540
240.439644483,coredns,4948,0.24,0.0,64552,40996
241.45006110799994,nodestore,4306,3.9,1.9793815249230513,61200,61792
241.45006110799994,nodeapiserver,4263,6.45,1.9793815249230513,337132,337128
241.45006110799994,nodescheduler,4298,1.41,1.9793815249230513,67232,67536
241.45006110799994,nodecontroller,4271,2.17,0.9896907624615257,128984,129148
241.45006110799994,nodelet,4427,5.23,0.9896907624615257,103952,101780
241.45006110799994,nodeproxy,4640,0.03,0.0,50268,50372
241.45006110799994,containerd,3718,2.42,0.0,89936,88773
241.45006110799994,flanneld,5270,0.27,0.0,47356,47792
241.45006110799994,coredns,4939,0.31,0.0,66308,42540
241.45006110799994,coredns,4948,0.24,0.0,64552,40996
242.46041938399998,nodestore,4306,3.91,0.9897479178959749,61200,61792
242.46041938399998,nodeapiserver,4263,6.49,3.9589916715838998,337132,337128
242.46041938399998,nodescheduler,4298,1.41,0.0,67232,67536
242.46041938399998,nodecontroller,4271,2.18,0.9897479178959749,128984,129148
242.46041938399998,nodelet,4427,5.27,3.9589916715838998,103952,101780
242.46041938399998,nodeproxy,4640,0.03,0.0,50268,50372
242.46041938399998,containerd,3718,2.45,2.9692437536879246,89936,88773
242.46041938399998,flanneld,5270,0.27,0.0,47356,47792
242.46041938399998,coredns,4939,0.31,0.0,66308,42540
242.46041938399998,coredns,4948,0.25,0.9897479178959749,64552,40996
243.470975044,nodestore,4306,3.94,2.968663794332647,61200,61792
243.470975044,nodeapiserver,4263,6.52,2.968663794332647,337132,337128
243.470975044,nodescheduler,4298,1.41,0.0,67232,67536
243.470975044,nodecontroller,4271,2.19,0.9895545981108824,128984,129148
243.470975044,nodelet,4427,5.31,3.9582183924435297,103952,101789
243.470975044,nodeproxy,4640,0.03,0.0,50268,50372
243.470975044,containerd,3718,2.46,0.9895545981108824,89936,88775
243.470975044,flanneld,5270,0.28,0.9895545981108824,47356,47792
243.470975044,coredns,4939,0.31,0.0,66308,42540
243.470975044,coredns,4948,0.25,0.0,64552,40996
244.48152141500003,nodestore,4306,3.96,1.9791273883065938,61200,61796
244.48152141500003,nodeapiserver,4263,6.54,1.9791273883065938,337132,337128
244.48152141500003,nodescheduler,4298,1.42,0.9895636941532969,67232,67536
244.48152141500003,nodecontroller,4271,2.21,1.9791273883065938,128984,129148
244.48152141500003,nodelet,4427,5.33,1.9791273883065938,103952,101789
244.48152141500003,nodeproxy,4640,0.03,0.0,50268,50372
244.48152141500003,containerd,3718,2.46,0.0,89936,88775
244.48152141500003,flanneld,5270,0.28,0.0,47356,47792
244.48152141500003,coredns,4939,0.31,0.0,66308,42540
244.48152141500003,coredns,4948,0.25,0.0,64552,40996
245.49176566499995,nodestore,4306,3.96,0.0,61200,61796
245.49176566499995,nodeapiserver,4263,6.57,2.969578891441604,337132,337128
245.49176566499995,nodescheduler,4298,1.42,0.0,67232,67536
245.49176566499995,nodecontroller,4271,2.21,0.0,128984,129148
245.49176566499995,nodelet,4427,5.34,0.9898596304805347,103952,101793
245.49176566499995,nodeproxy,4640,0.03,0.0,50268,50372
245.49176566499995,containerd,3718,2.47,0.9898596304805347,89936,88775
245.49176566499995,flanneld,5270,0.28,0.0,47356,47792
245.49176566499995,coredns,4939,0.31,0.0,66308,42540
245.49176566499995,coredns,4948,0.25,0.0,64552,40996
246.50236186599994,nodestore,4306,3.98,1.9790298024284805,61200,61796
246.50236186599994,nodeapiserver,4263,6.59,1.9790298024284805,337132,337128
246.50236186599994,nodescheduler,4298,1.43,0.9895149012142402,67232,67536
246.50236186599994,nodecontroller,4271,2.22,0.9895149012142402,128984,129148
246.50236186599994,nodelet,4427,5.36,1.9790298024284805,103952,101793
246.50236186599994,nodeproxy,4640,0.03,0.0,50268,50372
246.50236186599994,containerd,3718,2.48,0.9895149012142402,89936,88775
246.50236186599994,flanneld,5270,0.28,0.0,47356,47792
246.50236186599994,coredns,4939,0.31,0.0,66308,42540
246.50236186599994,coredns,4948,0.25,0.0,64552,40996
247.51262947000004,nodestore,4306,4.0,1.9796734964885787,61200,61800
247.51262947000004,nodeapiserver,4263,6.62,2.969510244732868,337132,337128
247.51262947000004,nodescheduler,4298,1.44,0.9898367482442894,67232,67536
247.51262947000004,nodecontroller,4271,2.22,0.0,128984,129148
247.51262947000004,nodelet,4427,5.37,0.9898367482442894,103952,101793
247.51262947000004,nodeproxy,4640,0.03,0.0,50268,50372
247.51262947000004,containerd,3718,2.48,0.0,89936,88775
247.51262947000004,flanneld,5270,0.28,0.0,47356,47792
247.51262947000004,coredns,4939,0.31,0.0,66308,42540
247.51262947000004,coredns,4948,0.25,0.0,64552,40996
248.52316986199997,nodestore,4306,4.02,1.9791390980837913,61200,61800
248.52316986199997,nodeapiserver,4263,6.66,3.9582781961675826,337132,337128
248.52316986199997,nodescheduler,4298,1.44,0.0,67232,67536
248.52316986199997,nodecontroller,4271,2.24,1.9791390980837913,128984,129148
248.52316986199997,nodelet,4427,5.39,1.9791390980837913,103952,101793
248.52316986199997,nodeproxy,4640,0.03,0.0,50268,50372
248.52316986199997,containerd,3718,2.5,1.9791390980837913,89936,88775
248.52316986199997,flanneld,5270,0.28,0.0,47356,47792
248.52316986199997,coredns,4939,0.31,0.0,66308,42540
248.52316986199997,coredns,4948,0.25,0.0,64552,40996
249.53372322799993,nodestore,4306,4.03,0.9895568444428355,61200,61800
249.53372322799993,nodeapiserver,4263,6.68,1.979113688885671,337132,337128
249.53372322799993,nodescheduler,4298,1.45,0.9895568444428355,67232,67536
249.53372322799993,nodecontroller,4271,2.24,0.0,128984,129148
249.53372322799993,nodelet,4427,5.41,1.979113688885671,103952,101797
249.53372322799993,nodeproxy,4640,0.03,0.0,50268,50372
249.53372322799993,containerd,3718,2.52,1.979113688885671,89936,88775
249.53372322799993,flanneld,5270,0.28,0.0,47356,47792
249.53372322799993,coredns,4939,0.32,0.9895568444428355,66308,42540
249.53372322799993,coredns,4948,0.25,0.0,64552,40996
250.54421772799998,nodestore,4306,4.06,2.968843472181048,61200,61808
250.54421772799998,nodeapiserver,4263,6.72,3.958457962908064,337132,337128
250.54421772799998,nodescheduler,4298,1.45,0.0,67232,67536
250.54421772799998,nodecontroller,4271,2.26,1.979228981454032,128984,129148
250.54421772799998,nodelet,4427,5.45,3.958457962908064,103952,101805
250.54421772799998,nodeproxy,4640,0.03,0.0,50268,50372
250.54421772799998,containerd,3718,2.53,0.989614490727016,89936,88775
250.54421772799998,flanneld,5270,0.28,0.0,47356,47792
250.54421772799998,coredns,4939,0.32,0.0,66308,42540
250.54421772799998,coredns,4948,0.25,0.0,64552,40996
251.554831654,nodestore,4306,4.08,1.978995092533449,61200,61808
251.554831654,nodeapiserver,4263,6.76,3.957990185066898,337132,337128
251.554831654,nodescheduler,4298,1.46,0.9894975462667245,67232,67536
251.554831654,nodecontroller,4271,2.27,0.9894975462667245,128984,129148
251.554831654,nodelet,4427,5.46,0.9894975462667245,103952,101805
251.554831654,nodeproxy,4640,0.03,0.0,50268,50372
251.554831654,containerd,3718,2.53,0.0,89936,88775
251.554831654,flanneld,5270,0.28,0.0,47356,47792
251.554831654,coredns,4939,0.32,0.0,66308,42540
251.554831654,coredns,4948,0.25,0.0,64680,41004
252.56696135399994,nodestore,4306,4.11,2.9640469991149954,61200,61812
252.56696135399994,nodeapiserver,4263,6.82,5.928093998229991,337132,337128
252.56696135399994,nodescheduler,4298,1.47,0.9880156663716652,67232,67536
252.56696135399994,nodecontroller,4271,2.28,0.9880156663716652,128984,129148
252.56696135399994,nodelet,4427,5.54,7.904125330973321,103952,101873
252.56696135399994,nodeproxy,4640,0.03,0.0,50268,50372
252.56696135399994,containerd,3718,2.58,4.9400783318583255,89936,88779
252.56696135399994,flanneld,5270,0.28,0.0,47356,47792
252.56696135399994,coredns,4939,0.32,0.0,66308,42540
252.56696135399994,coredns,4948,0.26,0.9880156663716652,64680,41004
253.57728310800002,nodestore,4306,4.13,1.979567392349599,61200,61812
253.57728310800002,nodeapiserver,4263,6.83,0.9897836961747996,337132,337128
253.57728310800002,nodescheduler,4298,1.49,1.979567392349599,67232,67540
253.57728310800002,nodecontroller,4271,2.29,0.9897836961747996,128984,129148
253.57728310800002,nodelet,4427,5.57,2.9693510885243986,103952,101877
253.57728310800002,nodeproxy,4640,0.03,0.0,50268,50372
253.57728310800002,containerd,3718,2.6,1.979567392349599,89936,88779
253.57728310800002,flanneld,5270,0.28,0.0,47356,47792
253.57728310800002,coredns,4939,0.33,0.9897836961747996,66308,42540
253.57728310800002,coredns,4948,0.26,0.0,64680,41004
254.58779022100003,nodestore,4306,4.15,1.9792042770113252,61200,61812
254.58779022100003,nodeapiserver,4263,6.87,3.9584085540226503,337132,337128
254.58779022100003,nodescheduler,4298,1.5,0.9896021385056626,67232,67540
254.58779022100003,nodecontroller,4271,2.3,0.9896021385056626,128984,129148
254.58779022100003,nodelet,4427,5.6,2.9688064155169878,103952,101877
254.58779022100003,nodeproxy,4640,0.03,0.0,50268,50372
254.58779022100003,containerd,3718,2.6,0.0,89936,88779
254.58779022100003,flanneld,5270,0.29,0.9896021385056626,47356,47792
254.58779022100003,coredns,4939,0.33,0.0,66308,42540
254.58779022100003,coredns,4948,0.26,0.0,64680,41004
255.59814054199995,nodestore,4306,4.17,1.9795114213658576,61200,61812
255.59814054199995,nodeapiserver,4263,6.91,3.959022842731715,337132,337128
255.59814054199995,nodescheduler,4298,1.5,0.0,67232,67544
255.59814054199995,nodecontroller,4271,2.32,1.9795114213658576,128984,129148
255.59814054199995,nodelet,4427,5.61,0.9897557106829288,103952,101877
255.59814054199995,nodeproxy,4640,0.03,0.0,50268,50372
255.59814054199995,containerd,3718,2.62,1.9795114213658576,89936,88779
255.59814054199995,flanneld,5270,0.29,0.0,47356,47792
255.59814054199995,coredns,4939,0.33,0.0,66308,42540
255.59814054199995,coredns,4948,0.26,0.0,64680,41004
256.608463236,nodestore,4306,4.2,2.9693483258527387,61200,61816
256.608463236,nodeapiserver,4263,6.95,3.9591311011369847,337132,337128
256.608463236,nodescheduler,4298,1.51,0.9897827752842462,67232,67548
256.608463236,nodecontroller,4271,2.33,0.9897827752842462,128984,129148
256.608463236,nodelet,4427,5.64,2.9693483258527387,103952,101881
256.608463236,nodeproxy,4640,0.03,0.0,50268,50372
256.608463236,containerd,3718,2.62,0.0,89936,88779
256.608463236,flanneld,5270,0.29,0.0,47356,47792
256.608463236,coredns,4939,0.33,0.0,66308,42540
256.608463236,coredns,4948,0.26,0.0,64680,41004
257.61869526799995,nodestore,4306,4.21,0.9898716020915317,61200,61816
257.61869526799995,nodeapiserver,4263,6.98,2.969614806274595,337132,337128
257.61869526799995,nodescheduler,4298,1.51,0.0,67232,67548
257.61869526799995,nodecontroller,4271,2.35,1.9797432041830634,128984,129152
257.61869526799995,nodelet,4427,5.66,1.9797432041830634,103952,101881
257.61869526799995,nodeproxy,4640,0.03,0.0,50268,50372
257.61869526799995,containerd,3718,2.62,0.0,89936,88783
257.61869526799995,flanneld,5270,0.29,0.0,47356,47792
257.61869526799995,coredns,4939,0.33,0.0,66308,42544
257.61869526799995,coredns,4948,0.26,0.0,64680,41004
258.630976695,nodestore,4306,4.23,1.975735152947618,61200,61820
258.630976695,nodeapiserver,4263,7.02,3.951470305895236,337132,337128
258.630976695,nodescheduler,4298,1.52,0.987867576473809,67232,67548
258.630976695,nodecontroller,4271,2.37,1.975735152947618,128984,129152
258.630976695,nodelet,4427,5.68,1.975735152947618,103952,101881
258.630976695,nodeproxy,4640,0.03,0.0,50268,50372
258.630976695,containerd,3718,2.64,1.975735152947618,89936,88783
258.630976695,flanneld,5270,0.29,0.0,47356,47792
258.630976695,coredns,4939,0.33,0.0,66308,42544
258.630976695,coredns,4948,0.26,0.0,64680,41004
259.64115794599996,nodestore,4306,4.24,0.9899213621418227,61200,61820
259.64115794599996,nodeapiserver,4263,7.04,1.9798427242836454,337132,337128
259.64115794599996,nodescheduler,4298,1.52,0.0,67232,67548
259.64115794599996,nodecontroller,4271,2.39,1.9798427242836454,128984,129152
259.64115794599996,nodelet,4427,5.7,1.9798427242836454,103952,101881
259.64115794599996,nodeproxy,4640,0.03,0.0,50268,50372
259.64115794599996,containerd,3718,2.66,1.9798427242836454,89936,88783
259.64115794599996,flanneld,5270,0.3,0.9899213621418227,47356,47792
259.64115794599996,coredns,4939,0.33,0.0,66308,42544
259.64115794599996,coredns,4948,0.26,0.0,64680,41004
260.65363544099995,nodestore,4306,4.27,2.9630288226801973,61200,61828
260.65363544099995,nodeapiserver,4263,7.08,3.95070509690693,337132,337128
260.65363544099995,nodescheduler,4298,1.53,0.9876762742267325,67232,67548
260.65363544099995,nodecontroller,4271,2.39,0.0,128984,129152
260.65363544099995,nodelet,4427,5.72,1.975352548453465,103952,101885
260.65363544099995,nodeproxy,4640,0.03,0.0,50268,50372
260.65363544099995,containerd,3718,2.67,0.9876762742267325,89936,88783
260.65363544099995,flanneld,5270,0.3,0.0,47356,47792
260.65363544099995,coredns,4939,0.33,0.0,66308,42544
260.65363544099995,coredns,4948,0.26,0.0,64680,41004
261.665272279,nodestore,4306,4.28,0.9884970203110858,61384,61892
261.665272279,nodeapiserver,4263,7.1,1.9769940406221715,337132,337128
261.665272279,nodescheduler,4298,1.54,0.9884970203110858,67232,67548
261.665272279,nodecontroller,4271,2.41,1.9769940406221715,128984,129152
261.665272279,nodelet,4427,5.74,1.9769940406221715,103952,101885
261.665272279,nodeproxy,4640,0.04,0.9884970203110858,50268,50372
261.665272279,containerd,3718,2.68,0.9884970203110858,89936,88787
261.665272279,flanneld,5270,0.3,0.0,47356,47792
261.665272279,coredns,4939,0.33,0.0,66308,42544
261.665272279,coredns,4948,0.26,0.0,64680,41004
262.675714508,nodestore,4306,4.3,1.9793313685824234,61384,61892
262.675714508,nodeapiserver,4263,7.14,3.958662737164847,337132,337128
262.675714508,nodescheduler,4298,1.54,0.0,67232,67548
262.675714508,nodecontroller,4271,2.42,0.9896656842912117,128984,129152
262.675714508,nodelet,4427,5.76,1.9793313685824234,103952,101885
262.675714508,nodeproxy,4640,0.04,0.0,50268,50372
262.675714508,containerd,3718,2.7,1.9793313685824234,89936,88787
262.675714508,flanneld,5270,0.3,0.0,47356,47792
262.675714508,coredns,4939,0.33,0.0,66308,42544
262.675714508,coredns,4948,0.27,0.9896656842912117,64680,41004
263.68638537499993,nodestore,4306,4.32,1.978883596335163,61384,61892
263.68638537499993,nodeapiserver,4263,7.17,2.9683253945027444,337132,337128
263.68638537499993,nodescheduler,4298,1.55,0.9894417981675815,67232,67548
263.68638537499993,nodecontroller,4271,2.43,0.9894417981675815,128984,129152
263.68638537499993,nodelet,4427,5.82,5.936650789005489,103952,101889
263.68638537499993,nodeproxy,4640,0.04,0.0,50268,50372
263.68638537499993,containerd,3718,2.72,1.978883596335163,89936,88787
263.68638537499993,flanneld,5270,0.3,0.0,47356,47792
263.68638537499993,coredns,4939,0.33,0.0,66308,42544
263.68638537499993,coredns,4948,0.27,0.0,64680,41004
264.697968053,nodestore,4306,4.34,1.9770998886161617,61384,61900
264.697968053,nodeapiserver,4263,7.2,2.9656498329242424,337132,337128
264.697968053,nodescheduler,4298,1.55,0.0,67232,67548
264.697968053,nodecontroller,4271,2.44,0.9885499443080809,128984,129152
264.697968053,nodelet,4427,5.83,0.9885499443080809,104080,101893
264.697968053,nodeproxy,4640,0.04,0.0,50268,50372
264.697968053,containerd,3718,2.72,0.0,89936,88787
264.697968053,flanneld,5270,0.3,0.0,47356,47792
264.697968053,coredns,4939,0.34,0.9885499443080809,66308,42544
264.697968053,coredns,4948,0.27,0.0,64680,41004
265.70842890299997,nodestore,4306,4.36,1.97929489301845,61384,61904
265.70842890299997,nodeapiserver,4263,7.23,2.968942339527675,337132,337128
265.70842890299997,nodescheduler,4298,1.56,0.989647446509225,67232,67548
265.70842890299997,nodecontroller,4271,2.45,0.989647446509225,128984,129152
265.70842890299997,nodelet,4427,5.84,0.989647446509225,104080,101893
265.70842890299997,nodeproxy,4640,0.04,0.0,50268,50372
265.70842890299997,containerd,3718,2.72,0.0,89936,88787
265.70842890299997,flanneld,5270,0.3,0.0,47356,47792
265.70842890299997,coredns,4939,0.34,0.0,66308,42544
265.70842890299997,coredns,4948,0.27,0.0,64680,41004
266.720023215,nodestore,4306,4.39,2.9656157260004763,61384,61908
266.720023215,nodeapiserver,4263,7.27,3.9541543013339684,337132,337128
266.720023215,nodescheduler,4298,1.56,0.0,67232,67548
266.720023215,nodecontroller,4271,2.46,0.9885385753334921,128984,129152
266.720023215,nodelet,4427,5.86,1.9770771506669842,104080,101893
266.720023215,nodeproxy,4640,0.04,0.0,50268,50372
266.720023215,containerd,3718,2.73,0.9885385753334921,89936,88791
266.720023215,flanneld,5270,0.3,0.0,47356,47792
266.720023215,coredns,4939,0.34,0.0,66308,42544
266.720023215,coredns,4948,0.27,0.0,64680,41004
267.732412354,nodestore,4306,4.39,0.0,61384,61908
267.732412354,nodeapiserver,4263,7.29,1.9755249468356995,337132,337128
267.732412354,nodescheduler,4298,1.56,0.0,67232,67548
267.732412354,nodecontroller,4271,2.47,0.9877624734178497,128984,129152
267.732412354,nodelet,4427,5.88,1.9755249468356995,104080,101893
267.732412354,nodeproxy,4640,0.04,0.0,50268,50372
267.732412354,containerd,3718,2.74,0.9877624734178497,89936,88791
267.732412354,flanneld,5270,0.3,0.0,47356,47792
267.732412354,coredns,4939,0.35,0.9877624734178497,66308,42544
267.732412354,coredns,4948,0.27,0.0,64680,41004
268.742533725,nodestore,4306,4.41,1.9799600893703522,61384,61908
268.742533725,nodeapiserver,4263,7.32,2.9699401340555283,337132,337128
268.742533725,nodescheduler,4298,1.57,0.9899800446851761,67232,67548
268.742533725,nodecontroller,4271,2.48,0.9899800446851761,128984,129152
268.742533725,nodelet,4427,5.9,1.9799600893703522,104080,101893
268.742533725,nodeproxy,4640,0.04,0.0,50268,50372
268.742533725,containerd,3718,2.75,0.9899800446851761,89936,88791
268.742533725,flanneld,5270,0.31,0.9899800446851761,47356,47792
268.742533725,coredns,4939,0.35,0.0,66308,42544
268.742533725,coredns,4948,0.28,0.9899800446851761,64680,41004
269.75339671699993,nodestore,4306,4.43,1.9785074889754326,61384,61908
269.75339671699993,nodeapiserver,4263,7.34,1.9785074889754326,337132,337128
269.75339671699993,nodescheduler,4298,1.58,0.9892537444877163,67232,67548
269.75339671699993,nodecontroller,4271,2.48,0.0,128984,129152
269.75339671699993,nodelet,4427,5.92,1.9785074889754326,104080,101893
269.75339671699993,nodeproxy,4640,0.04,0.0,50268,50372
269.75339671699993,containerd,3718,2.76,0.9892537444877163,89936,88795
269.75339671699993,flanneld,5270,0.31,0.0,47356,47792
269.75339671699993,coredns,4939,0.35,0.0,66308,42544
269.75339671699993,coredns,4948,0.28,0.0,64680,41004
270.76397202999993,nodestore,4306,4.46,2.9686060617235643,61384,61912
270.76397202999993,nodeapiserver,4263,7.38,3.958141415631419,337132,337128
270.76397202999993,nodescheduler,4298,1.59,0.9895353539078547,67232,67548
270.76397202999993,nodecontroller,4271,2.5,1.9790707078157095,128984,129152
270.76397202999993,nodelet,4427,5.94,1.9790707078157095,104080,101893
270.76397202999993,nodeproxy,4640,0.04,0.0,50268,50372
270.76397202999993,containerd,3718,2.77,0.9895353539078547,89936,88795
270.76397202999993,flanneld,5270,0.31,0.0,47356,47792
270.76397202999993,coredns,4939,0.35,0.0,66308,42544
270.76397202999993,coredns,4948,0.28,0.0,64680,41004
271.774105236,nodestore,4306,4.46,0.0,61384,61912
271.774105236,nodeapiserver,4263,7.4,1.9799368916101339,337132,337132
271.774105236,nodescheduler,4298,1.59,0.0,67232,67548
271.774105236,nodecontroller,4271,2.51,0.9899684458050669,128984,129152
271.774105236,nodelet,4427,5.99,4.949842229025335,104080,101901
271.774105236,nodeproxy,4640,0.04,0.0,50268,50372
271.774105236,containerd,3718,2.79,1.9799368916101339,89936,88795
271.774105236,flanneld,5270,0.31,0.0,47356,47792
271.774105236,coredns,4939,0.35,0.0,66308,42544
271.774105236,coredns,4948,0.28,0.0,64680,41004
272.78456593899995,nodestore,4306,4.48,1.9792951809627726,61384,61912
272.78456593899995,nodeapiserver,4263,7.43,2.968942771444159,337132,337136
272.78456593899995,nodescheduler,4298,1.6,0.9896475904813863,67232,67548
272.78456593899995,nodecontroller,4271,2.51,0.0,128984,129152
272.78456593899995,nodelet,4427,6.03,3.958590361925545,104080,101901
272.78456593899995,nodeproxy,4640,0.04,0.0,50268,50372
272.78456593899995,containerd,3718,2.8,0.9896475904813863,89936,88795
272.78456593899995,flanneld,5270,0.31,0.0,47356,47792
272.78456593899995,coredns,4939,0.35,0.0,66308,42544
272.78456593899995,coredns,4948,0.28,0.0,64680,41004
273.795658683,nodestore,4306,4.5,1.978057909987233,61384,61912
273.795658683,nodeapiserver,4263,7.45,1.978057909987233,337132,337136
273.795658683,nodescheduler,4298,1.6,0.0,67232,67548
273.795658683,nodecontroller,4271,2.53,1.978057909987233,128984,129152
273.795658683,nodelet,4427,6.04,0.9890289549936165,104080,101901
273.795658683,nodeproxy,4640,0.04,0.0,50268,50372
273.795658683,containerd,3718,2.81,0.9890289549936165,89936,88795
273.795658683,flanneld,5270,0.31,0.0,47356,47792
273.795658683,coredns,4939,0.35,0.0,66308,42544
273.795658683,coredns,4948,0.28,0.0,64680,41004
274.80616376300003,nodestore,4306,4.52,1.9792082589034987,61384,61912
274.80616376300003,nodeapiserver,4263,7.48,2.968812388355248,337132,337136
274.80616376300003,nodescheduler,4298,1.61,0.9896041294517494,67232,67548
274.80616376300003,nodecontroller,4271,2.54,0.9896041294517494,128984,129152
274.80616376300003,nodelet,4427,6.05,0.9896041294517494,104080,101901
274.80616376300003,nodeproxy,4640,0.04,0.0,50268,50372
274.80616376300003,containerd,3718,2.82,0.9896041294517494,89936,88795
274.80616376300003,flanneld,5270,0.31,0.0,47356,47792
274.80616376300003,coredns,4939,0.35,0.0,66308,42544
274.80616376300003,coredns,4948,0.28,0.0,64680,41004
275.816624148,nodestore,4306,4.52,0.0,61384,61912
275.816624148,nodeapiserver,4263,7.5,1.979295803862736,337132,337136
275.816624148,nodescheduler,4298,1.62,0.989647901931368,67232,67548
275.816624148,nodecontroller,4271,2.54,0.0,128984,129152
275.816624148,nodelet,4427,6.07,1.979295803862736,104080,101901
275.816624148,nodeproxy,4640,0.04,0.0,50268,50372
275.816624148,containerd,3718,2.83,0.989647901931368,89936,88799
275.816624148,flanneld,5270,0.31,0.0,47356,47792
275.816624148,coredns,4939,0.35,0.0,66308,42544
275.816624148,coredns,4948,0.28,0.0,64680,41004
276.82675043499995,nodestore,4306,4.55,2.9699256801938807,61384,61916
276.82675043499995,nodeapiserver,4263,7.53,2.9699256801938807,337132,337144
276.82675043499995,nodescheduler,4298,1.62,0.0,67232,67548
276.82675043499995,nodecontroller,4271,2.55,0.9899752267312937,128984,129152
276.82675043499995,nodelet,4427,6.08,0.9899752267312937,104080,101901
276.82675043499995,nodeproxy,4640,0.04,0.0,50268,50372
276.82675043499995,containerd,3718,2.84,0.9899752267312937,89936,88799
276.82675043499995,flanneld,5270,0.31,0.0,47356,47792
276.82675043499995,coredns,4939,0.35,0.0,66308,42544
276.82675043499995,coredns,4948,0.28,0.0,64680,41004
277.83721941799996,nodestore,4306,4.55,0.0,61384,61916
277.83721941799996,nodeapiserver,4263,7.54,0.9896394810962648,337132,337144
277.83721941799996,nodescheduler,4298,1.63,0.9896394810962648,67232,67548
277.83721941799996,nodecontroller,4271,2.55,0.0,128984,129152
277.83721941799996,nodelet,4427,6.09,0.9896394810962648,104080,101905
277.83721941799996,nodeproxy,4640,0.04,0.0,50268,50372
277.83721941799996,containerd,3718,2.85,0.9896394810962648,89936,88799
277.83721941799996,flanneld,5270,0.31,0.0,47356,47792
277.83721941799996,coredns,4939,0.35,0.0,66308,42544
277.83721941799996,coredns,4948,0.29,0.9896394810962648,64680,41004
278.84824296100004,nodestore,4306,4.58,2.967289951624566,61384,61916
278.84824296100004,nodeapiserver,4263,7.58,3.956386602166088,337132,337144
278.84824296100004,nodescheduler,4298,1.63,0.0,67232,67552
278.84824296100004,nodecontroller,4271,2.57,1.978193301083044,128984,129152
278.84824296100004,nodelet,4427,6.11,1.978193301083044,104080,101905
278.84824296100004,nodeproxy,4640,0.04,0.0,50268,50372
278.84824296100004,containerd,3718,2.85,0.0,89936,88799
278.84824296100004,flanneld,5270,0.31,0.0,47356,47792
278.84824296100004,coredns,4939,0.35,0.0,66308,42548
278.84824296100004,coredns,4948,0.29,0.0,64680,41004
279.858667785,nodestore,4306,4.59,0.9896827317061407,61384,61916
279.858667785,nodeapiserver,4263,7.61,2.969048195118422,337132,337144
279.858667785,nodescheduler,4298,1.64,0.9896827317061407,67232,67552
279.858667785,nodecontroller,4271,2.57,0.0,128984,129152
279.858667785,nodelet,4427,6.13,1.9793654634122815,104080,101909
279.858667785,nodeproxy,4640,0.04,0.0,50268,50372
279.858667785,containerd,3718,2.87,1.9793654634122815,89936,88799
279.858667785,flanneld,5270,0.32,0.9896827317061407,47356,47792
279.858667785,coredns,4939,0.35,0.0,66308,42548
279.858667785,coredns,4948,0.29,0.0,64680,41004
280.869624741,nodestore,4306,4.61,1.9783235954113698,61384,61924
280.869624741,nodeapiserver,4263,7.65,3.9566471908227396,337132,337144
280.869624741,nodescheduler,4298,1.65,0.9891617977056849,67232,67552
280.869624741,nodecontroller,4271,2.58,0.9891617977056849,128984,129152
280.869624741,nodelet,4427,6.17,3.9566471908227396,104080,101909
280.869624741,nodeproxy,4640,0.04,0.0,50268,50372
280.869624741,containerd,3718,2.88,0.9891617977056849,89936,88799
280.869624741,flanneld,5270,0.32,0.0,47356,47792
280.869624741,coredns,4939,0.36,0.9891617977056849,66308,42548
280.869624741,coredns,4948,0.29,0.0,64680,41004
281.879787206,nodestore,4306,4.62,0.9899397717178023,61384,61924
281.879787206,nodeapiserver,4263,7.66,0.9899397717178023,337132,337148
281.879787206,nodescheduler,4298,1.65,0.0,67232,67552
281.879787206,nodecontroller,4271,2.6,1.9798795434356047,128984,129152
281.879787206,nodelet,4427,6.19,1.9798795434356047,104080,101909
281.879787206,nodeproxy,4640,0.04,0.0,50268,50372
281.879787206,containerd,3718,2.89,0.9899397717178023,89936,88803
281.879787206,flanneld,5270,0.32,0.0,47356,47792
281.879787206,coredns,4939,0.36,0.0,66308,42548
281.879787206,coredns,4948,0.29,0.0,64680,41004
282.889967754,nodestore,4306,4.64,1.9798441020862065,61384,61924
282.889967754,nodeapiserver,4263,7.69,2.96976615312931,337132,337148
282.889967754,nodescheduler,4298,1.66,0.9899220510431033,67232,67552
282.889967754,nodecontroller,4271,2.6,0.0,128984,129152
282.889967754,nodelet,4427,6.23,3.959688204172413,104080,101909
282.889967754,nodeproxy,4640,0.04,0.0,50268,50372
282.889967754,containerd,3718,2.91,1.9798441020862065,89936,88803
282.889967754,flanneld,5270,0.32,0.0,47356,47792
282.889967754,coredns,4939,0.37,0.9899220510431033,66308,42548
282.889967754,coredns,4948,0.29,0.0,64680,41004
283.900325873,nodestore,4306,4.65,0.9897480716933906,61384,61924
283.900325873,nodeapiserver,4263,7.71,1.9794961433867813,337132,337152
283.900325873,nodescheduler,4298,1.66,0.0,67232,67552
283.900325873,nodecontroller,4271,2.62,1.9794961433867813,128984,129152
283.900325873,nodelet,4427,6.24,0.9897480716933906,104080,101909
283.900325873,nodeproxy,4640,0.04,0.0,50268,50372
283.900325873,containerd,3718,2.91,0.0,89936,88803
283.900325873,flanneld,5270,0.32,0.0,47356,47792
283.900325873,coredns,4939,0.37,0.0,66308,42548
283.900325873,coredns,4948,0.29,0.0,64680,41004
284.91039370899995,nodestore,4306,4.67,1.9800650300086136,61384,61928
284.91039370899995,nodeapiserver,4263,7.74,2.97009754501292,337132,337152
284.91039370899995,nodescheduler,4298,1.67,0.9900325150043068,67232,67552
284.91039370899995,nodecontroller,4271,2.62,0.0,128984,129152
284.91039370899995,nodelet,4427,6.26,1.9800650300086136,104080,101909
284.91039370899995,nodeproxy,4640,0.04,0.0,50268,50372
284.91039370899995,containerd,3718,2.92,0.9900325150043068,89936,88803
284.91039370899995,flanneld,5270,0.33,0.9900325150043068,47356,47792
284.91039370899995,coredns,4939,0.37,0.0,66308,42548
284.91039370899995,coredns,4948,0.29,0.0,64680,41004
285.92053042599997,nodestore,4306,4.68,0.989965004905348,61384,61928
285.92053042599997,nodeapiserver,4263,7.76,1.979930009810696,337132,337152
285.92053042599997,nodescheduler,4298,1.67,0.0,67232,67552
285.92053042599997,nodecontroller,4271,2.63,0.989965004905348,128984,129152
285.92053042599997,nodelet,4427,6.28,1.979930009810696,104080,101913
285.92053042599997,nodeproxy,4640,0.04,0.0,50268,50372
285.92053042599997,containerd,3718,2.93,0.989965004905348,89936,88807
285.92053042599997,flanneld,5270,0.33,0.0,47356,47792
285.92053042599997,coredns,4939,0.37,0.0,66308,42548
285.92053042599997,coredns,4948,0.29,0.0,64680,41004
286.93121664099993,nodestore,4306,4.7,1.978853545558718,61384,61928
286.93121664099993,nodeapiserver,4263,7.8,3.957707091117436,337132,337160
286.93121664099993,nodescheduler,4298,1.69,1.978853545558718,67232,67552
286.93121664099993,nodecontroller,4271,2.64,0.989426772779359,128984,129152
286.93121664099993,nodelet,4427,6.29,0.989426772779359,104080,101913
286.93121664099993,nodeproxy,4640,0.04,0.0,50268,50372
286.93121664099993,containerd,3718,2.94,0.989426772779359,89936,88807
286.93121664099993,flanneld,5270,0.33,0.0,47356,47792
286.93121664099993,coredns,4939,0.37,0.0,66308,42548
286.93121664099993,coredns,4948,0.29,0.0,64680,41004
287.94151996,nodestore,4306,4.72,1.9796035135067034,61384,61928
287.94151996,nodeapiserver,4263,7.82,1.9796035135067034,337132,337160
287.94151996,nodescheduler,4298,1.69,0.0,67232,67552
287.94151996,nodecontroller,4271,2.66,1.9796035135067034,128984,129160
287.94151996,nodelet,4427,6.33,3.9592070270134068,104080,101913
287.94151996,nodeproxy,4640,0.04,0.0,50268,50372
287.94151996,containerd,3718,2.94,0.0,89936,88807
287.94151996,flanneld,5270,0.33,0.0,47356,47792
287.94151996,coredns,4939,0.37,0.0,66308,42548
287.94151996,coredns,4948,0.29,0.0,64680,41004
288.95176169300004,nodestore,4306,4.73,0.9898620966987481,61384,61932
288.95176169300004,nodeapiserver,4263,7.85,2.9695862900962444,337132,337160
288.95176169300004,nodescheduler,4298,1.7,0.9898620966987481,67232,67552
288.95176169300004,nodecontroller,4271,2.67,0.9898620966987481,128984,129160
288.95176169300004,nodelet,4427,6.34,0.9898620966987481,104080,101913
288.95176169300004,nodeproxy,4640,0.04,0.0,50268,50372
288.95176169300004,containerd,3718,2.94,0.0,89936,88807
288.95176169300004,flanneld,5270,0.33,0.0,47356,47792
288.95176169300004,coredns,4939,0.37,0.0,66308,42548
288.95176169300004,coredns,4948,0.29,0.0,64680,41004
289.96212173600003,nodestore,4306,4.75,1.9794923738883614,61384,61932
289.96212173600003,nodeapiserver,4263,7.88,2.969238560832542,337132,337160
289.96212173600003,nodescheduler,4298,1.7,0.0,67232,67552
289.96212173600003,nodecontroller,4271,2.67,0.0,128984,129160
289.96212173600003,nodelet,4427,6.36,1.9794923738883614,104080,101913
289.96212173600003,nodeproxy,4640,0.04,0.0,50268,50372
289.96212173600003,containerd,3718,2.97,2.969238560832542,89936,88811
289.96212173600003,flanneld,5270,0.33,0.0,47356,47792
289.96212173600003,coredns,4939,0.37,0.0,66308,42548
289.96212173600003,coredns,4948,0.29,0.0,64680,41004
290.973340352,nodestore,4306,4.78,2.966717535192356,61384,61936
290.973340352,nodeapiserver,4263,7.92,3.9556233802564744,337132,337160
290.973340352,nodescheduler,4298,1.71,0.9889058450641186,67232,67552
290.973340352,nodecontroller,4271,2.69,1.9778116901282372,128984,129160
290.973340352,nodelet,4427,6.38,1.9778116901282372,104080,101913
290.973340352,nodeproxy,4640,0.04,0.0,50268,50372
290.973340352,containerd,3718,2.98,0.9889058450641186,89936,88815
290.973340352,flanneld,5270,0.33,0.0,47356,47792
290.973340352,coredns,4939,0.37,0.0,66308,42548
290.973340352,coredns,4948,0.29,0.0,64680,41004
291.984676212,nodestore,4306,4.79,0.9887912013719846,61384,61936
291.984676212,nodeapiserver,4263,7.93,0.9887912013719846,337132,337160
291.984676212,nodescheduler,4298,1.72,0.9887912013719846,67232,67552
291.984676212,nodecontroller,4271,2.69,0.0,128984,129160
291.984676212,nodelet,4427,6.41,2.966373604115954,104080,101921
291.984676212,nodeproxy,4640,0.04,0.0,50268,50372
291.984676212,containerd,3718,3.0,1.9775824027439692,89936,88815
291.984676212,flanneld,5270,0.33,0.0,47356,47792
291.984676212,coredns,4939,0.37,0.0,66308,42548
291.984676212,coredns,4948,0.29,0.0,64680,41004
292.994957059,nodestore,4306,4.81,1.9796475464609296,61384,61940
292.994957059,nodeapiserver,4263,7.96,2.969471319691394,337132,337160
292.994957059,nodescheduler,4298,1.72,0.0,67232,67552
292.994957059,nodecontroller,4271,2.71,1.9796475464609296,128984,129160
292.994957059,nodelet,4427,6.44,2.969471319691394,104080,101921
292.994957059,nodeproxy,4640,0.04,0.0,50268,50372
292.994957059,containerd,3718,3.01,0.9898237732304648,89936,88815
292.994957059,flanneld,5270,0.33,0.0,47356,47792
292.994957059,coredns,4939,0.37,0.0,66308,42548
292.994957059,coredns,4948,0.3,0.9898237732304648,64680,41004
294.005136964,nodestore,4306,4.81,0.0,61384,61940
294.005136964,nodeapiserver,4263,7.98,1.9798453622971783,337132,337160
294.005136964,nodescheduler,4298,1.73,0.9899226811485892,67232,67552
294.005136964,nodecontroller,4271,2.71,0.0,128984,129160
294.005136964,nodelet,4427,6.46,1.9798453622971783,104080,101921
294.005136964,nodeproxy,4640,0.04,0.0,50268,50372
294.005136964,containerd,3718,3.01,0.0,89936,88815
294.005136964,flanneld,5270,0.33,0.0,47356,47792
294.005136964,coredns,4939,0.37,0.0,66308,42548
294.005136964,coredns,4948,0.31,0.9899226811485892,64680,41004
295.015513679,nodestore,4306,4.84,2.969189566091673,61384,61944
295.015513679,nodeapiserver,4263,8.02,3.958919421455564,337132,337160
295.015513679,nodescheduler,4298,1.73,0.0,67232,67552
295.015513679,nodecontroller,4271,2.72,0.989729855363891,128984,129160
295.015513679,nodelet,4427,6.47,0.989729855363891,104080,101921
295.015513679,nodeproxy,4640,0.04,0.0,50268,50372
295.015513679,containerd,3718,3.02,0.989729855363891,89936,88815
295.015513679,flanneld,5270,0.34,0.989729855363891,47356,47792
295.015513679,coredns,4939,0.39,1.979459710727782,66308,42548
295.015513679,coredns,4948,0.31,0.0,64680,41004
296.025767188,nodestore,4306,4.86,1.9797011167817786,61384,61944
296.025767188,nodeapiserver,4263,8.05,2.9695516751726676,337132,337160
296.025767188,nodescheduler,4298,1.74,0.9898505583908893,67232,67552
296.025767188,nodecontroller,4271,2.73,0.9898505583908893,128984,129160
296.025767188,nodelet,4427,6.5,2.9695516751726676,104080,101921
296.025767188,nodeproxy,4640,0.04,0.0,50268,50372
296.025767188,containerd,3718,3.03,0.9898505583908893,89936,88815
296.025767188,flanneld,5270,0.34,0.0,47356,47792
296.025767188,coredns,4939,0.39,0.0,66308,42548
296.025767188,coredns,4948,0.31,0.0,64680,41004
297.036465672,nodestore,4306,4.86,0.0,61384,61944
297.036465672,nodeapiserver,4263,8.08,2.968244285998025,337132,337160
297.036465672,nodescheduler,4298,1.74,0.0,67232,67556
297.036465672,nodecontroller,4271,2.74,0.9894147619993416,128984,129160
297.036465672,nodelet,4427,6.53,2.968244285998025,104080,101921
297.036465672,nodeproxy,4640,0.04,0.0,50268,50372
297.036465672,containerd,3718,3.03,0.0,89936,88815
297.036465672,flanneld,5270,0.34,0.0,47356,47792
297.036465672,coredns,4939,0.39,0.0,66308,42548
297.036465672,coredns,4948,0.31,0.0,64680,41004
298.04717442099997,nodestore,4306,4.88,1.9788094265325364,61384,61944
298.04717442099997,nodeapiserver,4263,8.1,1.9788094265325364,337132,337160
298.04717442099997,nodescheduler,4298,1.75,0.9894047132662682,67232,67556
298.04717442099997,nodecontroller,4271,2.75,0.9894047132662682,128984,129160
298.04717442099997,nodelet,4427,6.55,1.9788094265325364,104080,101921
298.04717442099997,nodeproxy,4640,0.04,0.0,50268,50372
298.04717442099997,containerd,3718,3.05,1.9788094265325364,89936,88815
298.04717442099997,flanneld,5270,0.34,0.0,47356,47792
298.04717442099997,coredns,4939,0.39,0.0,66308,42548
298.04717442099997,coredns,4948,0.31,0.0,64680,41004
299.0595569,nodestore,4306,4.9,1.9755379429081328,61384,61948
299.0595569,nodeapiserver,4263,8.13,2.9633069143621995,337132,337160
299.0595569,nodescheduler,4298,1.75,0.0,67232,67556
299.0595569,nodecontroller,4271,2.75,0.0,128984,129160
299.0595569,nodelet,4427,6.57,1.9755379429081328,104080,101921
299.0595569,nodeproxy,4640,0.04,0.0,50268,50372
299.0595569,containerd,3718,3.05,0.0,89936,88815
299.0595569,flanneld,5270,0.35,0.9877689714540664,47356,47792
299.0595569,coredns,4939,0.39,0.0,66308,42548
299.0595569,coredns,4948,0.31,0.0,64680,41004
300.06980263099996,nodestore,4306,4.92,1.979716358732247,61384,61948
300.06980263099996,nodeapiserver,4263,8.16,2.9695745380983705,337132,337160
300.06980263099996,nodescheduler,4298,1.75,0.0,67232,67556
300.06980263099996,nodecontroller,4271,2.77,1.979716358732247,128984,129160
300.06980263099996,nodelet,4427,6.58,0.9898581793661235,104080,101921
300.06980263099996,nodeproxy,4640,0.04,0.0,50268,50372
300.06980263099996,containerd,3718,3.07,1.979716358732247,89936,88815
300.06980263099996,flanneld,5270,0.35,0.0,47356,47792
300.06980263099996,coredns,4939,0.39,0.0,66308,42548
300.06980263099996,coredns,4948,0.31,0.0,64680,41004
