elapsed_seconds,component,pid,cpu_seconds,cpu_pct_one_core,rss_kib,pss_kib
1.0002144699999889,nodestore,4244,0.0,0.0,58864,59260
1.0002144699999889,nodeapiserver,4272,0.03,2.9993567279625872,350656,351040
1.0002144699999889,nodescheduler,4266,0.01,0.999785575987529,63136,63632
1.0002144699999889,nodecontroller,4248,0.02,1.999571151975058,130144,130400
1.0002144699999889,nodelet,4396,0.03,2.9993567279625872,94932,92848
1.0002144699999889,nodeproxy,4615,0.0,0.0,51740,51916
1.0002144699999889,containerd,3680,0.01,0.999785575987529,77900,76878
1.0002144699999889,flanneld,5191,0.0,0.0,48480,48720
1.0002144699999889,coredns,4884,0.0,0.0,64304,40470
1.0002144699999889,coredns,4888,0.0,0.0,65336,41622
2.0099137240000005,nodestore,4244,0.02,1.9807878356617832,58864,59272
2.0099137240000005,nodeapiserver,4272,0.06,2.9711817534926745,350656,351040
2.0099137240000005,nodescheduler,4266,0.01,0.0,63136,63632
2.0099137240000005,nodecontroller,4248,0.03,0.9903939178308916,130144,130408
2.0099137240000005,nodelet,4396,0.05,1.9807878356617832,94932,92858
2.0099137240000005,nodeproxy,4615,0.0,0.0,51740,51916
2.0099137240000005,containerd,3680,0.02,0.9903939178308916,77900,76885
2.0099137240000005,flanneld,5191,0.01,0.9903939178308916,48324,48500
2.0099137240000005,coredns,4884,0.0,0.0,64304,40470
2.0099137240000005,coredns,4888,0.0,0.0,65336,41626
3.019365021999988,nodestore,4244,0.03,0.9906371926820904,58864,59272
3.019365021999988,nodeapiserver,4272,0.08,1.9812743853641808,350656,351040
3.019365021999988,nodescheduler,4266,0.02,0.9906371926820904,63136,63632
3.019365021999988,nodecontroller,4248,0.03,0.0,130144,130408
3.019365021999988,nodelet,4396,0.07,1.9812743853641808,94932,92866
3.019365021999988,nodeproxy,4615,0.0,0.0,51740,51916
3.019365021999988,containerd,3680,0.02,0.0,77900,76889
3.019365021999988,flanneld,5191,0.01,0.0,48324,48500
3.019365021999988,coredns,4884,0.0,0.0,64304,40470
3.019365021999988,coredns,4888,0.0,0.0,65336,41626
4.028635847999993,nodestore,4244,0.04,0.9908143327230137,58864,59276
4.028635847999993,nodeapiserver,4272,0.1,1.9816286654460273,350656,351040
4.028635847999993,nodescheduler,4266,0.02,0.0,63136,63632
4.028635847999993,nodecontroller,4248,0.04,0.9908143327230137,130144,130408
4.028635847999993,nodelet,4396,0.08,0.9908143327230137,94932,92866
4.028635847999993,nodeproxy,4615,0.0,0.0,51740,51916
4.028635847999993,containerd,3680,0.02,0.0,78156,77061
4.028635847999993,flanneld,5191,0.01,0.0,48324,48500
4.028635847999993,coredns,4884,0.0,0.0,64304,40470
4.028635847999993,coredns,4888,0.0,0.0,65336,41626
5.038172016999994,nodestore,4244,0.06,1.9811078210116106,58864,59276
5.038172016999994,nodeapiserver,4272,0.12,1.9811078210116106,350656,351040
5.038172016999994,nodescheduler,4266,0.03,0.9905539105058053,63136,63632
5.038172016999994,nodecontroller,4248,0.05,0.9905539105058053,130144,130408
5.038172016999994,nodelet,4396,0.1,1.9811078210116106,94932,92866
5.038172016999994,nodeproxy,4615,0.0,0.0,51740,51916
5.038172016999994,containerd,3680,0.04,1.9811078210116106,78156,77077
5.038172016999994,flanneld,5191,0.01,0.0,48324,48500
5.038172016999994,coredns,4884,0.0,0.0,64304,40470
5.038172016999994,coredns,4888,0.0,0.0,65336,41626
6.047708714999999,nodestore,4244,0.07,0.9905533914528335,58864,59276
6.047708714999999,nodeapiserver,4272,0.14,1.981106782905667,350656,351040
6.047708714999999,nodescheduler,4266,0.03,0.0,63136,63632
6.047708714999999,nodecontroller,4248,0.06,0.9905533914528335,130144,130408
6.047708714999999,nodelet,4396,0.1,0.0,94932,92866
6.047708714999999,nodeproxy,4615,0.0,0.0,51740,51916
6.047708714999999,containerd,3680,0.04,0.0,78156,77077
6.047708714999999,flanneld,5191,0.01,0.0,48324,48500
6.047708714999999,coredns,4884,0.0,0.0,64304,40470
6.047708714999999,coredns,4888,0.0,0.0,65336,41626
7.0575074289999975,nodestore,4244,0.09,1.9805927382078272,58864,59276
7.0575074289999975,nodeapiserver,4272,0.18,3.9611854764156544,350656,351040
7.0575074289999975,nodescheduler,4266,0.04,0.9902963691039136,63136,63636
7.0575074289999975,nodecontroller,4248,0.07,0.9902963691039136,130144,130408
7.0575074289999975,nodelet,4396,0.12,1.9805927382078272,94932,92874
7.0575074289999975,nodeproxy,4615,0.0,0.0,51740,51916
7.0575074289999975,containerd,3680,0.05,0.9902963691039136,78284,77101
7.0575074289999975,flanneld,5191,0.01,0.0,48324,48500
7.0575074289999975,coredns,4884,0.0,0.0,64304,40470
7.0575074289999975,coredns,4888,0.0,0.0,65336,41626
8.067033389999992,nodestore,4244,0.12,2.9716917799997193,58864,59276
8.067033389999992,nodeapiserver,4272,0.22,3.962255706666292,350656,351040
8.067033389999992,nodescheduler,4266,0.04,0.0,63136,63636
8.067033389999992,nodecontroller,4248,0.08,0.990563926666573,130144,130412
8.067033389999992,nodelet,4396,0.13,0.990563926666573,94932,92882
8.067033389999992,nodeproxy,4615,0.0,0.0,51740,51916
8.067033389999992,containerd,3680,0.06,0.990563926666573,78412,77233
8.067033389999992,flanneld,5191,0.01,0.0,48324,48500
8.067033389999992,coredns,4884,0.0,0.0,64304,40470
8.067033389999992,coredns,4888,0.0,0.0,65336,41626
9.07643002799999,nodestore,4244,0.13,0.9906908368363335,58864,59276
9.07643002799999,nodeapiserver,4272,0.25,2.9720725105090007,350656,351040
9.07643002799999,nodescheduler,4266,0.06,1.981381673672667,63136,63636
9.07643002799999,nodecontroller,4248,0.08,0.0,130144,130412
9.07643002799999,nodelet,4396,0.17,3.962763347345334,97040,94958
9.07643002799999,nodeproxy,4615,0.0,0.0,51740,51916
9.07643002799999,containerd,3680,0.09,2.9720725105090007,78540,77381
9.07643002799999,flanneld,5191,0.01,0.0,48324,48500
9.07643002799999,coredns,4884,0.0,0.0,64304,40470
9.07643002799999,coredns,4888,0.0,0.0,65336,41626
10.085795015000002,nodestore,4244,0.15,1.9814438045293283,58864,59276
10.085795015000002,nodeapiserver,4272,0.28,2.9721657067939926,350656,351040
10.085795015000002,nodescheduler,4266,0.06,0.0,63136,63636
10.085795015000002,nodecontroller,4248,0.09,0.9907219022646642,130144,130412
10.085795015000002,nodelet,4396,0.23,5.944331413587985,97040,94990
10.085795015000002,nodeproxy,4615,0.0,0.0,51740,51916
10.085795015000002,containerd,3680,0.09,0.0,78796,77649
10.085795015000002,flanneld,5191,0.01,0.0,48324,48564
10.085795015000002,coredns,4884,0.01,0.9907219022646642,64304,40470
10.085795015000002,coredns,4888,0.0,0.0,65336,41626
11.095276462000001,nodestore,4244,0.17,1.9812152129627028,58864,59280
11.095276462000001,nodeapiserver,4272,0.31,2.971822819444054,350656,351040
11.095276462000001,nodescheduler,4266,0.06,0.0,63136,63636
11.095276462000001,nodecontroller,4248,0.1,0.9906076064813514,130144,130416
11.095276462000001,nodelet,4396,0.25,1.9812152129627028,97040,94994
11.095276462000001,nodeproxy,4615,0.0,0.0,51740,51920
11.095276462000001,containerd,3680,0.11,1.9812152129627028,78796,77701
11.095276462000001,flanneld,5191,0.02,0.9906076064813514,48324,48564
11.095276462000001,coredns,4884,0.01,0.0,64304,40470
11.095276462000001,coredns,4888,0.0,0.0,65336,41626
12.105157311999989,nodestore,4244,0.19,1.9804316519122276,58864,59292
12.105157311999989,nodeapiserver,4272,0.34,2.9706474778683414,350656,351040
12.105157311999989,nodescheduler,4266,0.07,0.9902158259561138,63136,63636
12.105157311999989,nodecontroller,4248,0.1,0.0,130144,130416
12.105157311999989,nodelet,4396,0.27,1.9804316519122276,97040,95002
12.105157311999989,nodeproxy,4615,0.0,0.0,51740,51920
12.105157311999989,containerd,3680,0.11,0.0,79052,77937
12.105157311999989,flanneld,5191,0.02,0.0,48324,48564
12.105157311999989,coredns,4884,0.01,0.0,64304,40470
12.105157311999989,coredns,4888,0.0,0.0,65336,41630
13.11517074199999,nodestore,4244,0.2,0.9900858447001039,58864,59304
13.11517074199999,nodeapiserver,4272,0.36,1.9801716894002077,350656,351040
13.11517074199999,nodescheduler,4266,0.07,0.0,63136,63640
13.11517074199999,nodecontroller,4248,0.11,0.9900858447001039,130144,130416
13.11517074199999,nodelet,4396,0.29,1.9801716894002077,97040,95010
13.11517074199999,nodeproxy,4615,0.0,0.0,51740,51920
13.11517074199999,containerd,3680,0.12,0.9900858447001039,79308,78193
13.11517074199999,flanneld,5191,0.02,0.0,48324,48564
13.11517074199999,coredns,4884,0.01,0.0,64304,40470
13.11517074199999,coredns,4888,0.0,0.0,65336,41630
14.125690125999995,nodestore,4244,0.21,0.9895901215092323,58864,59304
14.125690125999995,nodeapiserver,4272,0.39,2.9687703645276966,350656,351040
14.125690125999995,nodescheduler,4266,0.08,0.9895901215092323,63136,63640
14.125690125999995,nodecontroller,4248,0.12,0.9895901215092323,130144,130416
14.125690125999995,nodelet,4396,0.3,0.9895901215092323,97040,95014
14.125690125999995,nodeproxy,4615,0.0,0.0,51740,51920
14.125690125999995,containerd,3680,0.13,0.9895901215092323,79692,78549
14.125690125999995,flanneld,5191,0.02,0.0,48324,48568
14.125690125999995,coredns,4884,0.01,0.0,64304,40470
14.125690125999995,coredns,4888,0.0,0.0,65336,41630
15.135083686999991,nodestore,4244,0.23,1.9813877136472122,58864,59312
15.135083686999991,nodeapiserver,4272,0.41,1.9813877136472122,350656,351040
15.135083686999991,nodescheduler,4266,0.09,0.9906938568236061,63136,63640
15.135083686999991,nodecontroller,4248,0.13,0.9906938568236061,130144,130416
15.135083686999991,nodelet,4396,0.32,1.9813877136472122,97040,95014
15.135083686999991,nodeproxy,4615,0.0,0.0,51740,51920
15.135083686999991,containerd,3680,0.13,0.0,80204,78985
15.135083686999991,flanneld,5191,0.02,0.0,48324,48568
15.135083686999991,coredns,4884,0.02,0.9906938568236061,64304,40470
15.135083686999991,coredns,4888,0.0,0.0,65336,41630
16.144648605,nodestore,4244,0.26,2.971577108625294,58864,59316
16.144648605,nodeapiserver,4272,0.45,3.9621028115003916,350656,351044
16.144648605,nodescheduler,4266,0.1,0.9905257028750979,63136,63640
16.144648605,nodecontroller,4248,0.15,1.9810514057501958,130144,130420
16.144648605,nodelet,4396,0.34,1.9810514057501958,97040,95022
16.144648605,nodeproxy,4615,0.0,0.0,51740,51920
16.144648605,containerd,3680,0.15,1.9810514057501958,80460,79333
16.144648605,flanneld,5191,0.02,0.0,48324,48568
16.144648605,coredns,4884,0.02,0.0,64304,40470
16.144648605,coredns,4888,0.01,0.9905257028750979,65336,41630
17.154323962999996,nodestore,4244,0.26,0.0,58864,59316
17.154323962999996,nodeapiserver,4272,0.49,3.9616694299872353,350656,351044
17.154323962999996,nodescheduler,4266,0.1,0.0,63136,63640
17.154323962999996,nodecontroller,4248,0.17,1.9808347149936176,130144,130420
17.154323962999996,nodelet,4396,0.37,2.9712520724904263,99116,97078
17.154323962999996,nodeproxy,4615,0.0,0.0,51740,51924
17.154323962999996,containerd,3680,0.15,0.0,80844,79749
17.154323962999996,flanneld,5191,0.03,0.9904173574968088,48324,48596
17.154323962999996,coredns,4884,0.02,0.0,64304,40470
17.154323962999996,coredns,4888,0.02,0.9904173574968088,65336,41630
18.16416819999999,nodestore,4244,0.29,2.970755181920212,58864,59320
18.16416819999999,nodeapiserver,4272,0.51,1.9805034546134745,350784,351048
18.16416819999999,nodescheduler,4266,0.11,0.9902517273067373,63136,63640
18.16416819999999,nodecontroller,4248,0.18,0.9902517273067373,130144,130420
18.16416819999999,nodelet,4396,0.38,0.9902517273067373,99116,97078
18.16416819999999,nodeproxy,4615,0.01,0.9902517273067373,51740,51924
18.16416819999999,containerd,3680,0.17,1.9805034546134745,81100,79977
18.16416819999999,flanneld,5191,0.03,0.0,48324,48596
18.16416819999999,coredns,4884,0.02,0.0,64304,40470
18.16416819999999,coredns,4888,0.02,0.0,65336,41630
19.173475573999994,nodestore,4244,0.31,1.981556908747994,58864,59320
19.173475573999994,nodeapiserver,4272,0.54,2.9723353631219913,350784,351048
19.173475573999994,nodescheduler,4266,0.11,0.0,63136,63640
19.173475573999994,nodecontroller,4248,0.19,0.990778454373997,130144,130420
19.173475573999994,nodelet,4396,0.4,1.981556908747994,99116,97082
19.173475573999994,nodeproxy,4615,0.01,0.0,51740,51924
19.173475573999994,containerd,3680,0.19,1.981556908747994,81356,80289
19.173475573999994,flanneld,5191,0.03,0.0,48324,48596
19.173475573999994,coredns,4884,0.02,0.0,64304,40470
19.173475573999994,coredns,4888,0.02,0.0,65336,41630
20.182989567999996,nodestore,4244,0.32,0.9905756690283162,58864,59324
20.182989567999996,nodeapiserver,4272,0.57,2.9717270070849486,350784,351048
20.182989567999996,nodescheduler,4266,0.12,0.9905756690283162,63136,63640
20.182989567999996,nodecontroller,4248,0.2,0.9905756690283162,130144,130420
20.182989567999996,nodelet,4396,0.44,3.9623026761132647,99116,97094
20.182989567999996,nodeproxy,4615,0.01,0.0,51740,51924
20.182989567999996,containerd,3680,0.21,1.9811513380566323,81356,80325
20.182989567999996,flanneld,5191,0.03,0.0,48324,48596
20.182989567999996,coredns,4884,0.02,0.0,64304,40470
20.182989567999996,coredns,4888,0.02,0.0,65336,41630
21.192790633,nodestore,4244,0.34,1.9805881270287533,58864,59324
21.192790633,nodeapiserver,4272,0.6,2.9708821905431297,350784,351048
21.192790633,nodescheduler,4266,0.12,0.0,63136,63644
21.192790633,nodecontroller,4248,0.2,0.0,130144,130428
21.192790633,nodelet,4396,0.46,1.9805881270287533,99116,97098
21.192790633,nodeproxy,4615,0.01,0.0,51740,51924
21.192790633,containerd,3680,0.21,0.0,81356,80325
21.192790633,flanneld,5191,0.03,0.0,48324,48596
21.192790633,coredns,4884,0.02,0.0,64304,40470
21.192790633,coredns,4888,0.02,0.0,65336,41630
22.202263228999996,nodestore,4244,0.36,1.981232584148337,58864,59324
22.202263228999996,nodeapiserver,4272,0.63,2.9718488762225057,350784,351048
22.202263228999996,nodescheduler,4266,0.12,0.0,63136,63644
22.202263228999996,nodecontroller,4248,0.21,0.9906162920741685,130144,130428
22.202263228999996,nodelet,4396,0.47,0.9906162920741685,99116,97102
22.202263228999996,nodeproxy,4615,0.01,0.0,51740,51924
22.202263228999996,containerd,3680,0.22,0.9906162920741685,81484,80381
22.202263228999996,flanneld,5191,0.04,0.9906162920741685,48324,48660
22.202263228999996,coredns,4884,0.02,0.0,64304,40474
22.202263228999996,coredns,4888,0.02,0.0,65336,41630
23.211718102000006,nodestore,4244,0.37,0.9906336843251736,58864,59328
23.211718102000006,nodeapiserver,4272,0.65,1.9812673686503472,350784,351052
23.211718102000006,nodescheduler,4266,0.13,0.9906336843251736,63136,63644
23.211718102000006,nodecontroller,4248,0.22,0.9906336843251736,130144,130428
23.211718102000006,nodelet,4396,0.47,0.0,99116,97106
23.211718102000006,nodeproxy,4615,0.01,0.0,51740,51924
23.211718102000006,containerd,3680,0.23,0.9906336843251736,81484,80389
23.211718102000006,flanneld,5191,0.04,0.0,48324,48660
23.211718102000006,coredns,4884,0.02,0.0,64304,40474
23.211718102000006,coredns,4888,0.02,0.0,65336,41630
24.22105118399999,nodestore,4244,0.39,1.981506437931292,58864,59328
24.22105118399999,nodeapiserver,4272,0.67,1.981506437931292,350784,351052
24.22105118399999,nodescheduler,4266,0.13,0.0,63136,63644
24.22105118399999,nodecontroller,4248,0.22,0.0,130144,130428
24.22105118399999,nodelet,4396,0.51,3.963012875862584,99116,97106
24.22105118399999,nodeproxy,4615,0.01,0.0,51740,51924
24.22105118399999,containerd,3680,0.24,0.990753218965646,81484,80393
24.22105118399999,flanneld,5191,0.04,0.0,48324,48660
24.22105118399999,coredns,4884,0.02,0.0,64304,40474
24.22105118399999,coredns,4888,0.02,0.0,65336,41630
25.230731114999983,nodestore,4244,0.4,0.9904128717400507,58864,59328
25.230731114999983,nodeapiserver,4272,0.69,1.9808257434801013,350784,351052
25.230731114999983,nodescheduler,4266,0.14,0.9904128717400507,63136,63644
25.230731114999983,nodecontroller,4248,0.23,0.9904128717400507,130144,130428
25.230731114999983,nodelet,4396,0.52,0.9904128717400507,99116,97110
25.230731114999983,nodeproxy,4615,0.01,0.0,51740,51924
25.230731114999983,containerd,3680,0.24,0.0,81484,80445
25.230731114999983,flanneld,5191,0.04,0.0,48324,48660
25.230731114999983,coredns,4884,0.02,0.0,64304,40474
25.230731114999983,coredns,4888,0.02,0.0,65336,41630
26.240603079999985,nodestore,4244,0.42,1.9804490760370754,58864,59332
26.240603079999985,nodeapiserver,4272,0.72,2.970673614055613,350784,351052
26.240603079999985,nodescheduler,4266,0.14,0.0,63136,63644
26.240603079999985,nodecontroller,4248,0.24,0.9902245380185377,130144,130428
26.240603079999985,nodelet,4396,0.53,0.9902245380185377,99116,97110
26.240603079999985,nodeproxy,4615,0.01,0.0,51740,51924
26.240603079999985,containerd,3680,0.25,0.9902245380185377,81484,80445
26.240603079999985,flanneld,5191,0.04,0.0,48324,48660
26.240603079999985,coredns,4884,0.03,0.9902245380185377,64304,40478
26.240603079999985,coredns,4888,0.02,0.0,65336,41634
27.250051674999995,nodestore,4244,0.44,1.9812796906215733,58864,59332
27.250051674999995,nodeapiserver,4272,0.75,2.97191953593236,350784,351052
27.250051674999995,nodescheduler,4266,0.15,0.9906398453107866,63136,63644
27.250051674999995,nodecontroller,4248,0.25,0.9906398453107866,130144,130428
27.250051674999995,nodelet,4396,0.55,1.9812796906215733,99116,97110
27.250051674999995,nodeproxy,4615,0.02,0.9906398453107866,51740,51924
27.250051674999995,containerd,3680,0.25,0.0,81484,80445
27.250051674999995,flanneld,5191,0.04,0.0,48452,48732
27.250051674999995,coredns,4884,0.03,0.0,64304,40480
27.250051674999995,coredns,4888,0.02,0.0,65336,41636
28.259828017000004,nodestore,4244,0.45,0.990318309517288,58864,59336
28.259828017000004,nodeapiserver,4272,0.78,2.970954928551864,350784,351052
28.259828017000004,nodescheduler,4266,0.15,0.0,63136,63644
28.259828017000004,nodecontroller,4248,0.26,0.990318309517288,130144,130428
28.259828017000004,nodelet,4396,0.57,1.980636619034576,99116,97110
28.259828017000004,nodeproxy,4615,0.02,0.0,51740,51924
28.259828017000004,containerd,3680,0.27,1.980636619034576,81484,80461
28.259828017000004,flanneld,5191,0.04,0.0,48452,48732
28.259828017000004,coredns,4884,0.03,0.0,64304,40484
28.259828017000004,coredns,4888,0.02,0.0,65336,41640
29.269549787999992,nodestore,4244,0.47,1.9807436636919096,58864,59336
29.269549787999992,nodeapiserver,4272,0.8,1.9807436636919096,350784,351052
29.269549787999992,nodescheduler,4266,0.17,1.9807436636919096,63136,63644
29.269549787999992,nodecontroller,4248,0.27,0.9903718318459548,130144,130428
29.269549787999992,nodelet,4396,0.62,4.951859159229774,99116,97142
29.269549787999992,nodeproxy,4615,0.02,0.0,51740,51924
29.269549787999992,containerd,3680,0.3,2.9711154955378647,81740,80581
29.269549787999992,flanneld,5191,0.04,0.0,48452,48732
29.269549787999992,coredns,4884,0.03,0.0,64304,40484
29.269549787999992,coredns,4888,0.02,0.0,65336,41644
30.279275478000002,nodestore,4244,0.49,1.9807359759262728,58864,59340
30.279275478000002,nodeapiserver,4272,0.84,3.9614719518525456,350784,351052
30.279275478000002,nodescheduler,4266,0.17,0.0,63136,63644
30.279275478000002,nodecontroller,4248,0.27,0.0,130144,130428
30.279275478000002,nodelet,4396,0.66,3.9614719518525456,99116,97146
30.279275478000002,nodeproxy,4615,0.02,0.0,51740,51924
30.279275478000002,containerd,3680,0.31,0.9903679879631364,81740,80581
30.279275478000002,flanneld,5191,0.04,0.0,48452,48732
30.279275478000002,coredns,4884,0.03,0.0,64304,40484
30.279275478000002,coredns,4888,0.02,0.0,65336,41644
31.28902733599999,nodestore,4244,0.51,1.980684644603076,58864,59340
31.28902733599999,nodeapiserver,4272,0.87,2.971026966904614,350784,351052
31.28902733599999,nodescheduler,4266,0.18,0.990342322301538,63136,63652
31.28902733599999,nodecontroller,4248,0.28,0.990342322301538,130144,130428
31.28902733599999,nodelet,4396,0.67,0.990342322301538,99116,97150
31.28902733599999,nodeproxy,4615,0.02,0.0,51740,51924
31.28902733599999,containerd,3680,0.31,0.0,81740,80597
31.28902733599999,flanneld,5191,0.04,0.0,48452,48732
31.28902733599999,coredns,4884,0.03,0.0,64304,40484
31.28902733599999,coredns,4888,0.02,0.0,65336,41644
32.29878030900001,nodestore,4244,0.53,1.9806824574706772,58864,59340
32.29878030900001,nodeapiserver,4272,0.89,1.9806824574706772,350784,351052
32.29878030900001,nodescheduler,4266,0.18,0.0,63136,63652
32.29878030900001,nodecontroller,4248,0.29,0.9903412287353386,130144,130432
32.29878030900001,nodelet,4396,0.69,1.9806824574706772,99116,97154
32.29878030900001,nodeproxy,4615,0.02,0.0,51740,51924
32.29878030900001,containerd,3680,0.33,1.9806824574706772,80940,79749
32.29878030900001,flanneld,5191,0.05,0.9903412287353386,48452,48792
32.29878030900001,coredns,4884,0.03,0.0,64304,40484
32.29878030900001,coredns,4888,0.02,0.0,65336,41644
33.30830102899999,nodestore,4244,0.55,1.981138138502034,58864,59340
33.30830102899999,nodeapiserver,4272,0.91,1.981138138502034,350784,351052
33.30830102899999,nodescheduler,4266,0.19,0.990569069251017,63136,63652
33.30830102899999,nodecontroller,4248,0.29,0.0,130144,130432
33.30830102899999,nodelet,4396,0.7,0.990569069251017,99116,97154
33.30830102899999,nodeproxy,4615,0.02,0.0,51740,51924
33.30830102899999,containerd,3680,0.34,0.990569069251017,80940,79753
33.30830102899999,flanneld,5191,0.05,0.0,48452,48792
33.30830102899999,coredns,4884,0.03,0.0,64304,40484
33.30830102899999,coredns,4888,0.03,0.990569069251017,65336,41652
34.31790727099998,nodestore,4244,0.56,0.9904851598570151,58864,59340
34.31790727099998,nodeapiserver,4272,0.94,2.9714554795710453,350784,351052
34.31790727099998,nodescheduler,4266,0.19,0.0,63136,63660
34.31790727099998,nodecontroller,4248,0.3,0.9904851598570151,130144,130432
34.31790727099998,nodelet,4396,0.72,1.9809703197140303,99116,97158
34.31790727099998,nodeproxy,4615,0.02,0.0,51740,51924
34.31790727099998,containerd,3680,0.35,0.9904851598570151,80940,79805
34.31790727099998,flanneld,5191,0.05,0.0,48452,48792
34.31790727099998,coredns,4884,0.03,0.0,64304,40484
34.31790727099998,coredns,4888,0.03,0.0,65336,41652
35.32733695999998,nodestore,4244,0.57,0.9906583993885274,58864,59340
35.32733695999998,nodeapiserver,4272,0.96,1.9813167987770548,350784,351052
35.32733695999998,nodescheduler,4266,0.2,0.9906583993885274,63136,63660
35.32733695999998,nodecontroller,4248,0.31,0.9906583993885274,130144,130432
35.32733695999998,nodelet,4396,0.73,0.9906583993885274,99116,97158
35.32733695999998,nodeproxy,4615,0.02,0.0,51740,51924
35.32733695999998,containerd,3680,0.35,0.0,80940,79817
35.32733695999998,flanneld,5191,0.05,0.0,48452,48792
35.32733695999998,coredns,4884,0.03,0.0,64304,40484
35.32733695999998,coredns,4888,0.03,0.0,65336,41652
36.336880714,nodestore,4244,0.6,2.9716394045462433,58864,59344
36.336880714,nodeapiserver,4272,1.0,3.962185872728324,350784,351052
36.336880714,nodescheduler,4266,0.21,0.990546468182081,65276,65724
36.336880714,nodecontroller,4248,0.33,1.981092936364162,130144,130432
36.336880714,nodelet,4396,0.74,0.990546468182081,99300,97222
36.336880714,nodeproxy,4615,0.02,0.0,51740,51924
36.336880714,containerd,3680,0.36,0.990546468182081,80940,79817
36.336880714,flanneld,5191,0.05,0.0,48452,48792
36.336880714,coredns,4884,0.03,0.0,64304,40484
36.336880714,coredns,4888,0.03,0.0,65592,41740
37.34649433899999,nodestore,4244,0.62,1.9809558334754327,58864,59356
37.34649433899999,nodeapiserver,4272,1.03,2.971433750213149,350784,351052
37.34649433899999,nodescheduler,4266,0.21,0.0,65276,65724
37.34649433899999,nodecontroller,4248,0.33,0.0,130144,130432
37.34649433899999,nodelet,4396,0.76,1.9809558334754327,99300,97222
37.34649433899999,nodeproxy,4615,0.02,0.0,51740,51924
37.34649433899999,containerd,3680,0.37,0.9904779167377163,80940,79817
37.34649433899999,flanneld,5191,0.05,0.0,48452,48800
37.34649433899999,coredns,4884,0.03,0.0,64304,40484
37.34649433899999,coredns,4888,0.04,0.9904779167377163,65592,41740
38.35618674300001,nodestore,4244,0.65,2.971201910715711,58864,59372
38.35618674300001,nodeapiserver,4272,1.06,2.971201910715711,350784,351052
38.35618674300001,nodescheduler,4266,0.22,0.9904006369052369,65276,65724
38.35618674300001,nodecontroller,4248,0.34,0.9904006369052369,130144,130432
38.35618674300001,nodelet,4396,0.78,1.9808012738104739,99300,97222
38.35618674300001,nodeproxy,4615,0.02,0.0,51740,51924
38.35618674300001,containerd,3680,0.38,0.9904006369052369,81068,79825
38.35618674300001,flanneld,5191,0.05,0.0,48452,48800
38.35618674300001,coredns,4884,0.04,0.9904006369052369,64304,40484
38.35618674300001,coredns,4888,0.04,0.0,65592,41740
39.36593027400001,nodestore,4244,0.65,0.0,58864,59380
39.36593027400001,nodeapiserver,4272,1.08,1.9807009786131562,350784,351052
39.36593027400001,nodescheduler,4266,0.23,0.9903504893065781,65276,65724
39.36593027400001,nodecontroller,4248,0.35,0.9903504893065781,130144,130432
39.36593027400001,nodelet,4396,0.84,5.942102935839469,99300,97238
39.36593027400001,nodeproxy,4615,0.02,0.0,51740,51924
39.36593027400001,containerd,3680,0.4,1.9807009786131562,81068,79825
39.36593027400001,flanneld,5191,0.05,0.0,48452,48800
39.36593027400001,coredns,4884,0.04,0.0,64304,40484
39.36593027400001,coredns,4888,0.04,0.0,65592,41740
40.37585949599999,nodestore,4244,0.67,1.9803367963146576,58864,59380
40.37585949599999,nodeapiserver,4272,1.12,3.9606735926293153,350784,351052
40.37585949599999,nodescheduler,4266,0.23,0.0,65276,65724
40.37585949599999,nodecontroller,4248,0.35,0.0,130144,130432
40.37585949599999,nodelet,4396,0.87,2.9705051944719867,99300,97238
40.37585949599999,nodeproxy,4615,0.02,0.0,51740,51924
40.37585949599999,containerd,3680,0.41,0.9901683981573288,81068,79829
40.37585949599999,flanneld,5191,0.05,0.0,48452,48800
40.37585949599999,coredns,4884,0.04,0.0,64304,40484
40.37585949599999,coredns,4888,0.04,0.0,65592,41740
41.385713128999996,nodestore,4244,0.69,1.9804850273782086,58864,59380
41.385713128999996,nodeapiserver,4272,1.14,1.9804850273782086,350784,351056
41.385713128999996,nodescheduler,4266,0.24,0.9902425136891043,65276,65724
41.385713128999996,nodecontroller,4248,0.36,0.9902425136891043,130144,130432
41.385713128999996,nodelet,4396,0.89,1.9804850273782086,99428,97242
41.385713128999996,nodeproxy,4615,0.02,0.0,51740,51924
41.385713128999996,containerd,3680,0.42,0.9902425136891043,81068,79829
41.385713128999996,flanneld,5191,0.05,0.0,48452,48800
41.385713128999996,coredns,4884,0.04,0.0,64304,40484
41.385713128999996,coredns,4888,0.04,0.0,65592,41740
42.39572084300001,nodestore,4244,0.7,0.9900914479550095,58864,59384
42.39572084300001,nodeapiserver,4272,1.17,2.9702743438650283,350784,351056
42.39572084300001,nodescheduler,4266,0.24,0.0,65276,65724
42.39572084300001,nodecontroller,4248,0.38,1.980182895910019,130144,130432
42.39572084300001,nodelet,4396,0.91,1.980182895910019,99428,97242
42.39572084300001,nodeproxy,4615,0.02,0.0,51740,51924
42.39572084300001,containerd,3680,0.42,0.0,81068,79829
42.39572084300001,flanneld,5191,0.05,0.0,48452,48804
42.39572084300001,coredns,4884,0.04,0.0,64304,40488
42.39572084300001,coredns,4888,0.05,0.9900914479550095,65592,41740
43.40529001899999,nodestore,4244,0.72,1.9810430503872964,58864,59384
43.40529001899999,nodeapiserver,4272,1.19,1.9810430503872964,350784,351056
43.40529001899999,nodescheduler,4266,0.25,0.9905215251936482,65276,65724
43.40529001899999,nodecontroller,4248,0.38,0.0,130144,130432
43.40529001899999,nodelet,4396,0.91,0.0,99428,97242
43.40529001899999,nodeproxy,4615,0.02,0.0,51740,51924
43.40529001899999,containerd,3680,0.43,0.9905215251936482,81068,79837
43.40529001899999,flanneld,5191,0.05,0.0,48452,48804
43.40529001899999,coredns,4884,0.04,0.0,64304,40488
43.40529001899999,coredns,4888,0.05,0.0,65592,41740
44.415081704,nodestore,4244,0.73,0.9903032624000957,58864,59384
44.415081704,nodeapiserver,4272,1.21,1.9806065248001914,350784,351056
44.415081704,nodescheduler,4266,0.25,0.0,65276,65724
44.415081704,nodecontroller,4248,0.39,0.9903032624000957,130144,130432
44.415081704,nodelet,4396,0.93,1.9806065248001914,99428,97246
44.415081704,nodeproxy,4615,0.02,0.0,51740,51924
44.415081704,containerd,3680,0.44,0.9903032624000957,81068,79837
44.415081704,flanneld,5191,0.05,0.0,48452,48804
44.415081704,coredns,4884,0.04,0.0,64304,40488
44.415081704,coredns,4888,0.05,0.0,65592,41740
45.42463736499998,nodestore,4244,0.74,0.9905347853822007,58864,59384
45.42463736499998,nodeapiserver,4272,1.24,2.971604356146602,350784,351056
45.42463736499998,nodescheduler,4266,0.26,0.9905347853822007,65276,65724
45.42463736499998,nodecontroller,4248,0.4,0.9905347853822007,130144,130432
45.42463736499998,nodelet,4396,0.96,2.971604356146602,99428,97246
45.42463736499998,nodeproxy,4615,0.02,0.0,51740,51924
45.42463736499998,containerd,3680,0.45,0.9905347853822007,81068,79853
45.42463736499998,flanneld,5191,0.05,0.0,48452,48804
45.42463736499998,coredns,4884,0.04,0.0,64304,40488
45.42463736499998,coredns,4888,0.05,0.0,65592,41740
46.43688453200001,nodestore,4244,0.76,1.9758020226693778,58864,59388
46.43688453200001,nodeapiserver,4272,1.27,2.963703034004067,350784,351056
46.43688453200001,nodescheduler,4266,0.26,0.0,65276,65728
46.43688453200001,nodecontroller,4248,0.41,0.9879010113346889,130144,130444
46.43688453200001,nodelet,4396,0.98,1.9758020226693778,99428,97250
46.43688453200001,nodeproxy,4615,0.02,0.0,51740,51924
46.43688453200001,containerd,3680,0.45,0.0,81068,79853
46.43688453200001,flanneld,5191,0.07,1.9758020226693778,48452,48808
46.43688453200001,coredns,4884,0.05,0.9879010113346889,64304,40488
46.43688453200001,coredns,4888,0.05,0.0,65592,41740
47.448081617,nodestore,4244,0.77,0.9889269014259549,58864,59388
47.448081617,nodeapiserver,4272,1.29,1.9778538028519097,350784,351056
47.448081617,nodescheduler,4266,0.27,0.9889269014259549,65276,65728
47.448081617,nodecontroller,4248,0.42,0.9889269014259549,130144,130444
47.448081617,nodelet,4396,1.0,1.9778538028519097,99428,97250
47.448081617,nodeproxy,4615,0.02,0.0,51740,51924
47.448081617,containerd,3680,0.49,3.9557076057038194,81068,79857
47.448081617,flanneld,5191,0.07,0.0,48452,48812
47.448081617,coredns,4884,0.05,0.0,64304,40488
47.448081617,coredns,4888,0.05,0.0,65592,41740
48.45741838400001,nodestore,4244,0.79,1.981499203625052,58864,59392
48.45741838400001,nodeapiserver,4272,1.32,2.972248805437578,350784,351056
48.45741838400001,nodescheduler,4266,0.28,0.990749601812526,65276,65728
48.45741838400001,nodecontroller,4248,0.43,0.990749601812526,130144,130444
48.45741838400001,nodelet,4396,1.0,0.0,99428,97250
48.45741838400001,nodeproxy,4615,0.02,0.0,51740,51928
48.45741838400001,containerd,3680,0.49,0.0,81068,79857
48.45741838400001,flanneld,5191,0.07,0.0,48452,48812
48.45741838400001,coredns,4884,0.05,0.0,64304,40492
48.45741838400001,coredns,4888,0.05,0.0,65592,41740
49.467124115000004,nodestore,4244,0.81,1.9807751294223428,58864,59392
49.467124115000004,nodeapiserver,4272,1.34,1.9807751294223428,350784,351056
49.467124115000004,nodescheduler,4266,0.28,0.0,65276,65728
49.467124115000004,nodecontroller,4248,0.43,0.0,130144,130444
49.467124115000004,nodelet,4396,1.05,4.951937823555857,99556,97282
49.467124115000004,nodeproxy,4615,0.02,0.0,51740,51928
49.467124115000004,containerd,3680,0.51,1.9807751294223428,81068,79857
49.467124115000004,flanneld,5191,0.07,0.0,48452,48812
49.467124115000004,coredns,4884,0.05,0.0,64304,40492
49.467124115000004,coredns,4888,0.05,0.0,65592,41740
50.476538668,nodestore,4244,0.83,1.9813465082863746,58864,59396
50.476538668,nodeapiserver,4272,1.38,3.962693016572749,350784,351056
50.476538668,nodescheduler,4266,0.29,0.9906732541431873,65276,65728
50.476538668,nodecontroller,4248,0.44,0.9906732541431873,130144,130444
50.476538668,nodelet,4396,1.07,1.9813465082863746,99556,97286
50.476538668,nodeproxy,4615,0.02,0.0,51740,51928
50.476538668,containerd,3680,0.53,1.9813465082863746,81068,79857
50.476538668,flanneld,5191,0.07,0.0,48452,48812
50.476538668,coredns,4884,0.05,0.0,64304,40492
50.476538668,coredns,4888,0.05,0.0,65592,41740
51.486130956,nodestore,4244,0.84,0.9904988497693503,58864,59396
51.486130956,nodeapiserver,4272,1.4,1.9809976995387006,350784,351056
51.486130956,nodescheduler,4266,0.29,0.0,65276,65728
51.486130956,nodecontroller,4248,0.45,0.9904988497693503,130144,130444
51.486130956,nodelet,4396,1.1,2.971496549308051,99556,97290
51.486130956,nodeproxy,4615,0.02,0.0,51740,51928
51.486130956,containerd,3680,0.53,0.0,81068,79857
51.486130956,flanneld,5191,0.07,0.0,48580,48812
51.486130956,coredns,4884,0.05,0.0,64304,40496
51.486130956,coredns,4888,0.05,0.0,65592,41740
52.49568013399998,nodestore,4244,0.87,2.971623438833647,58864,59396
52.49568013399998,nodeapiserver,4272,1.43,2.971623438833647,350784,351056
52.49568013399998,nodescheduler,4266,0.3,0.9905411462778823,65276,65728
52.49568013399998,nodecontroller,4248,0.46,0.9905411462778823,130144,130444
52.49568013399998,nodelet,4396,1.11,0.9905411462778823,99556,97290
52.49568013399998,nodeproxy,4615,0.02,0.0,51740,51928
52.49568013399998,containerd,3680,0.53,0.0,81068,79857
52.49568013399998,flanneld,5191,0.07,0.0,48580,48816
52.49568013399998,coredns,4884,0.05,0.0,64304,40496
52.49568013399998,coredns,4888,0.05,0.0,65592,41740
53.505286690000005,nodestore,4244,0.88,0.990484851803971,58864,59396
53.505286690000005,nodeapiserver,4272,1.45,1.980969703607942,350784,351056
53.505286690000005,nodescheduler,4266,0.3,0.0,65276,65728
53.505286690000005,nodecontroller,4248,0.47,0.990484851803971,130144,130444
53.505286690000005,nodelet,4396,1.13,1.980969703607942,99556,97294
53.505286690000005,nodeproxy,4615,0.02,0.0,51740,51928
53.505286690000005,containerd,3680,0.54,0.990484851803971,81068,79865
53.505286690000005,flanneld,5191,0.07,0.0,48580,48816
53.505286690000005,coredns,4884,0.05,0.0,64304,40500
53.505286690000005,coredns,4888,0.05,0.0,65592,41740
54.51503024399999,nodestore,4244,0.9,1.98070093349666,58864,59404
54.51503024399999,nodeapiserver,4272,1.48,2.97105140024499,350784,351060
54.51503024399999,nodescheduler,4266,0.31,0.99035046674833,65276,65728
54.51503024399999,nodecontroller,4248,0.48,0.99035046674833,130144,130444
54.51503024399999,nodelet,4396,1.14,0.99035046674833,99556,97294
54.51503024399999,nodeproxy,4615,0.02,0.0,51740,51928
54.51503024399999,containerd,3680,0.55,0.99035046674833,81068,79865
54.51503024399999,flanneld,5191,0.07,0.0,48580,48816
54.51503024399999,coredns,4884,0.05,0.0,64304,40500
54.51503024399999,coredns,4888,0.06,0.99035046674833,65592,41740
55.52472044700001,nodestore,4244,0.92,1.98080559171273,58864,59404
55.52472044700001,nodeapiserver,4272,1.5,1.98080559171273,350784,351060
55.52472044700001,nodescheduler,4266,0.31,0.0,65276,65728
55.52472044700001,nodecontroller,4248,0.49,0.990402795856365,130144,130448
55.52472044700001,nodelet,4396,1.17,2.971208387569095,99556,97298
55.52472044700001,nodeproxy,4615,0.02,0.0,51740,51928
55.52472044700001,containerd,3680,0.56,0.990402795856365,81068,79869
55.52472044700001,flanneld,5191,0.07,0.0,48580,48816
55.52472044700001,coredns,4884,0.06,0.990402795856365,64304,40500
55.52472044700001,coredns,4888,0.06,0.0,65592,41740
56.534273088000006,nodestore,4244,0.93,0.9905377484917113,58864,59404
56.534273088000006,nodeapiserver,4272,1.53,2.971613245475134,350784,351060
56.534273088000006,nodescheduler,4266,0.32,0.9905377484917113,65276,65728
56.534273088000006,nodecontroller,4248,0.5,0.9905377484917113,130144,130452
56.534273088000006,nodelet,4396,1.17,0.0,99556,97302
56.534273088000006,nodeproxy,4615,0.02,0.0,51740,51928
56.534273088000006,containerd,3680,0.56,0.0,81068,79869
56.534273088000006,flanneld,5191,0.07,0.0,48580,48832
56.534273088000006,coredns,4884,0.06,0.0,64304,40500
56.534273088000006,coredns,4888,0.06,0.0,65592,41740
57.543848493,nodestore,4244,0.94,0.9905154137545649,58864,59408
57.543848493,nodeapiserver,4272,1.55,1.9810308275091297,350784,351064
57.543848493,nodescheduler,4266,0.32,0.0,65276,65732
57.543848493,nodecontroller,4248,0.5,0.0,130144,130452
57.543848493,nodelet,4396,1.19,1.9810308275091297,99556,97302
57.543848493,nodeproxy,4615,0.02,0.0,51740,51928
57.543848493,containerd,3680,0.58,1.9810308275091297,81068,79869
57.543848493,flanneld,5191,0.07,0.0,48580,48860
57.543848493,coredns,4884,0.06,0.0,64304,40500
57.543848493,coredns,4888,0.07,0.9905154137545649,65592,41740
58.553486471,nodestore,4244,0.97,2.9713620776654244,58864,59408
58.553486471,nodeapiserver,4272,1.59,3.961816103553899,350784,351068
58.553486471,nodescheduler,4266,0.33,0.9904540258884748,65276,65732
58.553486471,nodecontroller,4248,0.51,0.9904540258884748,130144,130452
58.553486471,nodelet,4396,1.2,0.9904540258884748,99556,97306
58.553486471,nodeproxy,4615,0.02,0.0,51740,51928
58.553486471,containerd,3680,0.58,0.0,81068,79869
58.553486471,flanneld,5191,0.07,0.0,48580,48860
58.553486471,coredns,4884,0.06,0.0,64304,40500
58.553486471,coredns,4888,0.07,0.0,65592,41740
59.56368259,nodestore,4244,0.99,1.9798135850886203,58864,59412
59.56368259,nodeapiserver,4272,1.61,1.9798135850886203,350784,351068
59.56368259,nodescheduler,4266,0.33,0.0,65276,65732
59.56368259,nodecontroller,4248,0.52,0.9899067925443101,130144,130452
59.56368259,nodelet,4396,1.27,6.929347547810172,99556,97318
59.56368259,nodeproxy,4615,0.02,0.0,51740,51928
59.56368259,containerd,3680,0.61,2.9697203776329304,81068,79873
59.56368259,flanneld,5191,0.07,0.0,48580,48860
59.56368259,coredns,4884,0.07,0.9899067925443101,64304,40500
59.56368259,coredns,4888,0.07,0.0,65592,41740
60.57309745799999,nodestore,4244,1.0,0.9906729449917382,58864,59416
60.57309745799999,nodeapiserver,4272,1.63,1.9813458899834764,350784,351068
60.57309745799999,nodescheduler,4266,0.33,0.0,65276,65732
60.57309745799999,nodecontroller,4248,0.53,0.9906729449917382,130144,130452
60.57309745799999,nodelet,4396,1.29,1.9813458899834764,99556,97318
60.57309745799999,nodeproxy,4615,0.02,0.0,51740,51928
60.57309745799999,containerd,3680,0.61,0.0,81068,79873
60.57309745799999,flanneld,5191,0.07,0.0,48580,48860
60.57309745799999,coredns,4884,0.07,0.0,64304,40500
60.57309745799999,coredns,4888,0.07,0.0,65592,41740
61.58277093299999,nodestore,4244,1.02,1.9808384091698563,58864,59428
61.58277093299999,nodeapiserver,4272,1.67,3.9616768183397126,350784,351068
61.58277093299999,nodescheduler,4266,0.34,0.9904192045849282,65276,65748
61.58277093299999,nodecontroller,4248,0.54,0.9904192045849282,130144,130452
61.58277093299999,nodelet,4396,1.31,1.9808384091698563,99556,97318
61.58277093299999,nodeproxy,4615,0.02,0.0,51740,51928
61.58277093299999,containerd,3680,0.63,1.9808384091698563,81068,79873
61.58277093299999,flanneld,5191,0.08,0.9904192045849282,48580,48896
61.58277093299999,coredns,4884,0.07,0.0,64304,40500
61.58277093299999,coredns,4888,0.07,0.0,65592,41744
62.593776522,nodestore,4244,1.03,0.9891142154704677,58864,59440
62.593776522,nodeapiserver,4272,1.69,1.9782284309409355,350784,351068
62.593776522,nodescheduler,4266,0.34,0.0,65276,65748
62.593776522,nodecontroller,4248,0.55,0.9891142154704677,130144,130452
62.593776522,nodelet,4396,1.32,0.9891142154704677,99556,97318
62.593776522,nodeproxy,4615,0.02,0.0,51740,51928
62.593776522,containerd,3680,0.64,0.9891142154704677,81068,79873
62.593776522,flanneld,5191,0.08,0.0,48580,48896
62.593776522,coredns,4884,0.07,0.0,64304,40500
62.593776522,coredns,4888,0.07,0.0,65592,41744
63.603535608,nodestore,4244,1.05,1.9806704665789905,58864,59444
63.603535608,nodeapiserver,4272,1.72,2.9710056998684857,350784,351068
63.603535608,nodescheduler,4266,0.36,1.9806704665789905,65276,65748
63.603535608,nodecontroller,4248,0.55,0.0,130144,130452
63.603535608,nodelet,4396,1.33,0.9903352332894952,99556,97318
63.603535608,nodeproxy,4615,0.02,0.0,51740,51928
63.603535608,containerd,3680,0.65,0.9903352332894952,81068,79885
63.603535608,flanneld,5191,0.08,0.0,48580,48896
63.603535608,coredns,4884,0.07,0.0,64304,40500
63.603535608,coredns,4888,0.07,0.0,65592,41744
64.613380047,nodestore,4244,1.07,1.9805030584517476,58864,59444
64.613380047,nodeapiserver,4272,1.74,1.9805030584517476,350784,351068
64.613380047,nodescheduler,4266,0.37,0.9902515292258738,65276,65748
64.613380047,nodecontroller,4248,0.56,0.9902515292258738,130144,130452
64.613380047,nodelet,4396,1.35,1.9805030584517476,99556,97322
64.613380047,nodeproxy,4615,0.02,0.0,51740,51928
64.613380047,containerd,3680,0.65,0.0,81068,79885
64.613380047,flanneld,5191,0.08,0.0,48580,48896
64.613380047,coredns,4884,0.07,0.0,64304,40500
64.613380047,coredns,4888,0.07,0.0,65592,41744
65.62323004599999,nodestore,4244,1.08,0.9902460771305279,58864,59448
65.62323004599999,nodeapiserver,4272,1.76,1.9804921542610558,350784,351068
65.62323004599999,nodescheduler,4266,0.37,0.0,65276,65748
65.62323004599999,nodecontroller,4248,0.57,0.9902460771305279,130144,130452
65.62323004599999,nodelet,4396,1.37,1.9804921542610558,99556,97322
65.62323004599999,nodeproxy,4615,0.02,0.0,51740,51928
65.62323004599999,containerd,3680,0.67,1.9804921542610558,81068,79885
65.62323004599999,flanneld,5191,0.08,0.0,48580,48896
65.62323004599999,coredns,4884,0.07,0.0,64304,40500
65.62323004599999,coredns,4888,0.07,0.0,65592,41744
66.6329799,nodestore,4244,1.1,1.980688575568725,58864,59456
66.6329799,nodeapiserver,4272,1.8,3.96137715113745,350784,351068
66.6329799,nodescheduler,4266,0.37,0.0,65276,65748
66.6329799,nodecontroller,4248,0.58,0.9903442877843625,130144,130452
66.6329799,nodelet,4396,1.39,1.980688575568725,99684,97330
66.6329799,nodeproxy,4615,0.02,0.0,51740,51928
66.6329799,containerd,3680,0.67,0.0,81068,79885
66.6329799,flanneld,5191,0.08,0.0,48580,48912
66.6329799,coredns,4884,0.07,0.0,64304,40500
66.6329799,coredns,4888,0.07,0.0,65592,41752
67.642503948,nodestore,4244,1.12,1.9811316074760748,58864,59456
67.642503948,nodeapiserver,4272,1.83,2.9716974112141123,350784,351068
67.642503948,nodescheduler,4266,0.38,0.9905658037380374,65276,65748
67.642503948,nodecontroller,4248,0.59,0.9905658037380374,130144,130452
67.642503948,nodelet,4396,1.42,2.9716974112141123,99684,97334
67.642503948,nodeproxy,4615,0.02,0.0,51740,51928
67.642503948,containerd,3680,0.68,0.9905658037380374,81196,79925
67.642503948,flanneld,5191,0.08,0.0,48580,48912
67.642503948,coredns,4884,0.07,0.0,64304,40500
67.642503948,coredns,4888,0.07,0.0,65592,41752
68.65237174299999,nodestore,4244,1.14,1.9804572538131269,58864,59468
68.65237174299999,nodeapiserver,4272,1.87,3.9609145076262537,350784,351068
68.65237174299999,nodescheduler,4266,0.38,0.0,65276,65748
68.65237174299999,nodecontroller,4248,0.6,0.9902286269065634,130144,130452
68.65237174299999,nodelet,4396,1.44,1.9804572538131269,99684,97338
68.65237174299999,nodeproxy,4615,0.02,0.0,51740,51928
68.65237174299999,containerd,3680,0.69,0.9902286269065634,81196,79925
68.65237174299999,flanneld,5191,0.08,0.0,48580,48912
68.65237174299999,coredns,4884,0.07,0.0,64304,40500
68.65237174299999,coredns,4888,0.07,0.0,65592,41752
69.662740433,nodestore,4244,1.16,1.9794754328739008,58864,59468
69.662740433,nodeapiserver,4272,1.89,1.9794754328739008,350784,351068
69.662740433,nodescheduler,4266,0.39,0.9897377164369504,65276,65748
69.662740433,nodecontroller,4248,0.61,0.9897377164369504,130144,130452
69.662740433,nodelet,4396,1.5,5.938426298621702,99684,97358
69.662740433,nodeproxy,4615,0.02,0.0,51740,51928
69.662740433,containerd,3680,0.71,1.9794754328739008,81196,79933
69.662740433,flanneld,5191,0.08,0.0,48580,48912
69.662740433,coredns,4884,0.07,0.0,64304,40500
69.662740433,coredns,4888,0.08,0.9897377164369504,65592,41752
70.67276800999998,nodestore,4244,1.18,1.980143954029904,58864,59468
70.67276800999998,nodeapiserver,4272,1.93,3.960287908059808,350784,351068
70.67276800999998,nodescheduler,4266,0.4,0.990071977014952,65276,65748
70.67276800999998,nodecontroller,4248,0.61,0.0,130144,130452
70.67276800999998,nodelet,4396,1.52,1.980143954029904,99684,97366
70.67276800999998,nodeproxy,4615,0.02,0.0,51740,51928
70.67276800999998,containerd,3680,0.73,1.980143954029904,81196,79933
70.67276800999998,flanneld,5191,0.08,0.0,48580,48912
70.67276800999998,coredns,4884,0.07,0.0,64304,40500
70.67276800999998,coredns,4888,0.08,0.0,65592,41752
71.68258192500001,nodestore,4244,1.18,0.0,58864,59468
71.68258192500001,nodeapiserver,4272,1.94,0.990281461906748,350784,351076
71.68258192500001,nodescheduler,4266,0.4,0.0,65276,65748
71.68258192500001,nodecontroller,4248,0.62,0.990281461906748,130144,130452
71.68258192500001,nodelet,4396,1.53,0.990281461906748,99684,97366
71.68258192500001,nodeproxy,4615,0.02,0.0,51740,51928
71.68258192500001,containerd,3680,0.73,0.0,81196,79937
71.68258192500001,flanneld,5191,0.09,0.990281461906748,48580,48916
71.68258192500001,coredns,4884,0.07,0.0,64304,40500
71.68258192500001,coredns,4888,0.08,0.0,65592,41752
72.692151124,nodestore,4244,1.21,2.9715645078827397,58864,59472
72.692151124,nodeapiserver,4272,1.98,3.9620860105103195,350784,351076
72.692151124,nodescheduler,4266,0.41,0.9905215026275799,65276,65748
72.692151124,nodecontroller,4248,0.64,1.9810430052551598,130144,130452
72.692151124,nodelet,4396,1.55,1.9810430052551598,99684,97366
72.692151124,nodeproxy,4615,0.02,0.0,51740,51928
72.692151124,containerd,3680,0.74,0.9905215026275799,81196,79937
72.692151124,flanneld,5191,0.09,0.0,48580,48916
72.692151124,coredns,4884,0.08,0.9905215026275799,64304,40500
72.692151124,coredns,4888,0.08,0.0,65592,41752
73.701734105,nodestore,4244,1.23,1.9810159616785494,58864,59480
73.701734105,nodeapiserver,4272,2.0,1.9810159616785494,350912,351204
73.701734105,nodescheduler,4266,0.42,0.9905079808392747,65276,65748
73.701734105,nodecontroller,4248,0.64,0.0,130144,130452
73.701734105,nodelet,4396,1.59,3.962031923357099,99684,97366
73.701734105,nodeproxy,4615,0.02,0.0,51740,51928
73.701734105,containerd,3680,0.74,0.0,81196,79937
73.701734105,flanneld,5191,0.09,0.0,48580,48916
73.701734105,coredns,4884,0.08,0.0,64304,40500
73.701734105,coredns,4888,0.08,0.0,65592,41752
74.711402447,nodestore,4244,1.25,1.9808484794504972,58996,59496
74.711402447,nodeapiserver,4272,2.04,3.9616969589009945,350912,351204
74.711402447,nodescheduler,4266,0.43,0.9904242397252486,65276,65748
74.711402447,nodecontroller,4248,0.65,0.9904242397252486,130144,130452
74.711402447,nodelet,4396,1.61,1.9808484794504972,99684,97378
74.711402447,nodeproxy,4615,0.02,0.0,51740,51928
74.711402447,containerd,3680,0.75,0.9904242397252486,81196,79937
74.711402447,flanneld,5191,0.09,0.0,48580,48916
74.711402447,coredns,4884,0.08,0.0,64304,40500
74.711402447,coredns,4888,0.09,0.9904242397252486,65592,41752
75.720768979,nodestore,4244,1.25,0.0,58996,59500
75.720768979,nodeapiserver,4272,2.06,1.9814407716066391,350912,351204
75.720768979,nodescheduler,4266,0.43,0.0,65276,65752
75.720768979,nodecontroller,4248,0.67,1.9814407716066391,130144,130456
75.720768979,nodelet,4396,1.63,1.9814407716066391,99684,97378
75.720768979,nodeproxy,4615,0.02,0.0,51740,51928
75.720768979,containerd,3680,0.76,0.9907203858033196,81196,79937
75.720768979,flanneld,5191,0.09,0.0,48580,48916
75.720768979,coredns,4884,0.08,0.0,64304,40500
75.720768979,coredns,4888,0.09,0.0,65592,41752
76.730902057,nodestore,4244,1.27,1.9799371424999597,59124,59508
76.730902057,nodeapiserver,4272,2.1,3.9598742849999193,350912,351204
76.730902057,nodescheduler,4266,0.44,0.9899685712499798,65276,65752
76.730902057,nodecontroller,4248,0.68,0.9899685712499798,130144,130456
76.730902057,nodelet,4396,1.64,0.9899685712499798,99684,97382
76.730902057,nodeproxy,4615,0.02,0.0,51740,51928
76.730902057,containerd,3680,0.76,0.0,81196,79937
76.730902057,flanneld,5191,0.1,0.9899685712499798,48580,48924
76.730902057,coredns,4884,0.08,0.0,64304,40500
76.730902057,coredns,4888,0.09,0.0,65592,41752
77.74056559899999,nodestore,4244,1.29,1.9808578965209414,59124,59508
77.74056559899999,nodeapiserver,4272,2.12,1.9808578965209414,350912,351204
77.74056559899999,nodescheduler,4266,0.44,0.0,65276,65752
77.74056559899999,nodecontroller,4248,0.7,1.9808578965209414,130144,130456
77.74056559899999,nodelet,4396,1.65,0.9904289482604707,99684,97386
77.74056559899999,nodeproxy,4615,0.02,0.0,51740,51928
77.74056559899999,containerd,3680,0.79,2.971286844781412,81196,79941
77.74056559899999,flanneld,5191,0.1,0.0,48580,48924
77.74056559899999,coredns,4884,0.08,0.0,64304,40500
77.74056559899999,coredns,4888,0.09,0.0,65592,41752
78.75022150599999,nodestore,4244,1.31,1.9808728757331073,59124,59520
78.75022150599999,nodeapiserver,4272,2.16,3.9617457514662147,350912,351212
78.75022150599999,nodescheduler,4266,0.45,0.9904364378665537,65276,65752
78.75022150599999,nodecontroller,4248,0.71,0.9904364378665537,130144,130456
78.75022150599999,nodelet,4396,1.66,0.9904364378665537,99684,97386
78.75022150599999,nodeproxy,4615,0.02,0.0,51740,51936
78.75022150599999,containerd,3680,0.8,0.9904364378665537,81196,79941
78.75022150599999,flanneld,5191,0.1,0.0,48580,48924
78.75022150599999,coredns,4884,0.09,0.9904364378665537,64304,40500
78.75022150599999,coredns,4888,0.09,0.0,65592,41752
79.763220196,nodestore,4244,1.32,0.9871681077889475,59124,59524
79.763220196,nodeapiserver,4272,2.18,1.974336215577895,350912,351212
79.763220196,nodescheduler,4266,0.45,0.0,65276,65752
79.763220196,nodecontroller,4248,0.72,0.9871681077889475,130144,130456
79.763220196,nodelet,4396,1.73,6.910176754522634,99684,97410
79.763220196,nodeproxy,4615,0.02,0.0,51740,51936
79.763220196,containerd,3680,0.82,1.974336215577895,86828,85633
79.763220196,flanneld,5191,0.1,0.0,48580,48924
79.763220196,coredns,4884,0.09,0.0,64304,40500
79.763220196,coredns,4888,0.09,0.0,65592,41756
80.772816502,nodestore,4244,1.34,1.9809898155471424,59124,59524
80.772816502,nodeapiserver,4272,2.22,3.9619796310942847,350912,351212
80.772816502,nodescheduler,4266,0.46,0.9904949077735712,65276,65752
80.772816502,nodecontroller,4248,0.72,0.0,130144,130456
80.772816502,nodelet,4396,1.75,1.9809898155471424,99684,97410
80.772816502,nodeproxy,4615,0.02,0.0,51740,51936
80.772816502,containerd,3680,0.83,0.9904949077735712,86828,85637
80.772816502,flanneld,5191,0.1,0.0,48580,48924
80.772816502,coredns,4884,0.09,0.0,64304,40500
80.772816502,coredns,4888,0.09,0.0,65592,41756
81.78212778799998,nodestore,4244,1.35,0.9907746142056069,59124,59528
81.78212778799998,nodeapiserver,4272,2.24,1.9815492284112137,350912,351212
81.78212778799998,nodescheduler,4266,0.46,0.0,65276,65752
81.78212778799998,nodecontroller,4248,0.73,0.9907746142056069,130144,130456
81.78212778799998,nodelet,4396,1.77,1.9815492284112137,99684,97414
81.78212778799998,nodeproxy,4615,0.02,0.0,51740,51936
81.78212778799998,containerd,3680,0.84,0.9907746142056069,86828,85645
81.78212778799998,flanneld,5191,0.1,0.0,48580,48928
81.78212778799998,coredns,4884,0.09,0.0,64304,40500
81.78212778799998,coredns,4888,0.09,0.0,65592,41756
82.791554522,nodestore,4244,1.37,1.9813225988920249,59124,59532
82.791554522,nodeapiserver,4272,2.37,12.878596892798162,346004,346272
82.791554522,nodescheduler,4266,0.47,0.9906612994460124,65276,65752
82.791554522,nodecontroller,4248,0.74,0.9906612994460124,130144,130456
82.791554522,nodelet,4396,1.79,1.9813225988920249,99684,97414
82.791554522,nodeproxy,4615,0.02,0.0,51740,51936
82.791554522,containerd,3680,0.84,0.0,86828,85645
82.791554522,flanneld,5191,0.1,0.0,48580,48928
82.791554522,coredns,4884,0.09,0.0,64304,40500
82.791554522,coredns,4888,0.09,0.0,65592,41756
83.80118039099999,nodestore,4244,1.37,0.0,59124,59536
83.80118039099999,nodeapiserver,4272,2.39,1.9809318098999897,338324,338528
83.80118039099999,nodescheduler,4266,0.48,0.9904659049499949,65276,65760
83.80118039099999,nodecontroller,4248,0.75,0.9904659049499949,130144,130456
83.80118039099999,nodelet,4396,1.81,1.9809318098999897,99684,97418
83.80118039099999,nodeproxy,4615,0.02,0.0,51740,51936
83.80118039099999,containerd,3680,0.85,0.9904659049499949,86828,85645
83.80118039099999,flanneld,5191,0.1,0.0,48580,48928
83.80118039099999,coredns,4884,0.09,0.0,64304,40504
83.80118039099999,coredns,4888,0.09,0.0,65592,41756
84.810862557,nodestore,4244,1.39,1.9808213587878614,59124,59536
84.810862557,nodeapiserver,4272,2.42,2.971232038181792,338324,338528
84.810862557,nodescheduler,4266,0.49,0.9904106793939307,65276,65760
84.810862557,nodecontroller,4248,0.76,0.9904106793939307,130144,130456
84.810862557,nodelet,4396,1.82,0.9904106793939307,99684,97418
84.810862557,nodeproxy,4615,0.02,0.0,51740,51936
84.810862557,containerd,3680,0.86,0.9904106793939307,86828,85645
84.810862557,flanneld,5191,0.1,0.0,48580,48928
84.810862557,coredns,4884,0.09,0.0,64304,40504
84.810862557,coredns,4888,0.09,0.0,65592,41756
85.820285594,nodestore,4244,1.41,1.9813298554627603,59124,59540
85.820285594,nodeapiserver,4272,2.44,1.9813298554627603,338324,338528
85.820285594,nodescheduler,4266,0.49,0.0,65276,65760
85.820285594,nodecontroller,4248,0.76,0.0,130144,130456
85.820285594,nodelet,4396,1.84,1.9813298554627603,99684,97418
85.820285594,nodeproxy,4615,0.02,0.0,51740,51936
85.820285594,containerd,3680,0.86,0.0,86828,85645
85.820285594,flanneld,5191,0.1,0.0,48580,48928
85.820285594,coredns,4884,0.09,0.0,64304,40504
85.820285594,coredns,4888,0.09,0.0,65592,41756
86.829803401,nodestore,4244,1.42,0.9905719275737266,59124,59540
86.829803401,nodeapiserver,4272,2.46,1.9811438551474532,338324,338532
86.829803401,nodescheduler,4266,0.5,0.9905719275737266,65276,65760
86.829803401,nodecontroller,4248,0.77,0.9905719275737266,130144,130456
86.829803401,nodelet,4396,1.85,0.9905719275737266,99684,97418
86.829803401,nodeproxy,4615,0.02,0.0,51740,51936
86.829803401,containerd,3680,0.87,0.9905719275737266,86828,85645
86.829803401,flanneld,5191,0.1,0.0,48580,48936
86.829803401,coredns,4884,0.09,0.0,64304,40504
86.829803401,coredns,4888,0.09,0.0,65592,41756
87.839445021,nodestore,4244,1.43,0.9904504531023627,59124,59540
87.839445021,nodeapiserver,4272,2.49,2.971351359307088,338452,338596
87.839445021,nodescheduler,4266,0.5,0.0,65276,65760
87.839445021,nodecontroller,4248,0.78,0.9904504531023627,130144,130456
87.839445021,nodelet,4396,1.88,2.971351359307088,99684,97422
87.839445021,nodeproxy,4615,0.02,0.0,51740,51936
87.839445021,containerd,3680,0.88,0.9904504531023627,86828,85649
87.839445021,flanneld,5191,0.1,0.0,48580,48936
87.839445021,coredns,4884,0.09,0.0,64304,40504
87.839445021,coredns,4888,0.1,0.9904504531023627,65592,41756
88.84902272000001,nodestore,4244,1.46,2.9715394892057594,59124,59544
88.84902272000001,nodeapiserver,4272,2.51,1.981026326137173,338452,338596
88.84902272000001,nodescheduler,4266,0.5,0.0,65276,65760
88.84902272000001,nodecontroller,4248,0.79,0.9905131630685865,130144,130456
88.84902272000001,nodelet,4396,1.9,1.981026326137173,99684,97426
88.84902272000001,nodeproxy,4615,0.02,0.0,51740,51936
88.84902272000001,containerd,3680,0.89,0.9905131630685865,86828,85649
88.84902272000001,flanneld,5191,0.1,0.0,48580,48936
88.84902272000001,coredns,4884,0.1,0.9905131630685865,64304,40504
88.84902272000001,coredns,4888,0.1,0.0,65592,41756
89.858641711,nodestore,4244,1.48,1.980945304940294,59124,59556
89.858641711,nodeapiserver,4272,2.55,3.961890609880588,338452,338596
89.858641711,nodescheduler,4266,0.52,1.980945304940294,65276,65760
89.858641711,nodecontroller,4248,0.8,0.990472652470147,130144,130456
89.858641711,nodelet,4396,1.97,6.93330856729103,99684,97446
89.858641711,nodeproxy,4615,0.02,0.0,51740,51936
89.858641711,containerd,3680,0.92,2.9714179574104413,94380,93193
89.858641711,flanneld,5191,0.1,0.0,48580,48936
89.858641711,coredns,4884,0.1,0.0,64304,40504
89.858641711,coredns,4888,0.1,0.0,65592,41756
90.86895321799999,nodestore,4244,1.5,1.9795874699465672,59124,59580
90.86895321799999,nodeapiserver,4272,2.59,3.9591749398931344,338452,338600
90.86895321799999,nodescheduler,4266,0.53,0.9897937349732836,65276,65760
90.86895321799999,nodecontroller,4248,0.8,0.0,130144,130456
90.86895321799999,nodelet,4396,1.99,1.9795874699465672,99684,97450
90.86895321799999,nodeproxy,4615,0.02,0.0,51740,51936
90.86895321799999,containerd,3680,0.93,0.9897937349732836,93084,91849
90.86895321799999,flanneld,5191,0.1,0.0,48580,48936
90.86895321799999,coredns,4884,0.1,0.0,64304,40504
90.86895321799999,coredns,4888,0.1,0.0,65592,41756
91.878341134,nodestore,4244,1.51,0.9906993972771034,59124,59580
91.878341134,nodeapiserver,4272,2.6,0.9906993972771034,338452,338600
91.878341134,nodescheduler,4266,0.53,0.0,65276,65760
91.878341134,nodecontroller,4248,0.82,1.9813987945542069,130144,130456
91.878341134,nodelet,4396,2.01,1.9813987945542069,99684,97454
91.878341134,nodeproxy,4615,0.02,0.0,51740,51936
91.878341134,containerd,3680,0.94,0.9906993972771034,93084,91849
91.878341134,flanneld,5191,0.11,0.9906993972771034,48580,48940
91.878341134,coredns,4884,0.1,0.0,64304,40504
91.878341134,coredns,4888,0.1,0.0,65592,41756
92.88766369700001,nodestore,4244,1.52,0.9907635444388536,59124,59580
92.88766369700001,nodeapiserver,4272,2.63,2.9722906333165606,338452,338600
92.88766369700001,nodescheduler,4266,0.54,0.9907635444388536,65276,65760
92.88766369700001,nodecontroller,4248,0.83,0.9907635444388536,130144,130456
92.88766369700001,nodelet,4396,2.01,0.0,99684,97454
92.88766369700001,nodeproxy,4615,0.02,0.0,51740,51936
92.88766369700001,containerd,3680,0.95,0.9907635444388536,93084,91849
92.88766369700001,flanneld,5191,0.11,0.0,48580,48940
92.88766369700001,coredns,4884,0.1,0.0,64304,40504
92.88766369700001,coredns,4888,0.1,0.0,65592,41756
93.89690778199999,nodestore,4244,1.54,1.981681170814139,59124,59580
93.89690778199999,nodeapiserver,4272,2.65,1.981681170814139,338452,338600
93.89690778199999,nodescheduler,4266,0.54,0.0,65276,65760
93.89690778199999,nodecontroller,4248,0.83,0.0,130144,130456
93.89690778199999,nodelet,4396,2.03,1.981681170814139,99684,97458
93.89690778199999,nodeproxy,4615,0.02,0.0,51740,51936
93.89690778199999,containerd,3680,0.95,0.0,93084,91849
93.89690778199999,flanneld,5191,0.11,0.0,48580,48940
93.89690778199999,coredns,4884,0.1,0.0,64304,40504
93.89690778199999,coredns,4888,0.1,0.0,65592,41756
94.90640644700001,nodestore,4244,1.55,0.9905907106870483,59124,59584
94.90640644700001,nodeapiserver,4272,2.68,2.9717721320611448,338452,338600
94.90640644700001,nodescheduler,4266,0.55,0.9905907106870483,65276,65760
94.90640644700001,nodecontroller,4248,0.84,0.9905907106870483,130144,130456
94.90640644700001,nodelet,4396,2.06,2.9717721320611448,99684,97458
94.90640644700001,nodeproxy,4615,0.02,0.0,51740,51936
94.90640644700001,containerd,3680,0.97,1.9811814213740966,93084,91849
94.90640644700001,flanneld,5191,0.11,0.0,48580,48940
94.90640644700001,coredns,4884,0.1,0.0,64304,40504
94.90640644700001,coredns,4888,0.1,0.0,65592,41756
95.916220938,nodestore,4244,1.56,0.9902808970484598,59124,59584
95.916220938,nodeapiserver,4272,2.7,1.9805617940969196,338452,338600
95.916220938,nodescheduler,4266,0.55,0.0,65276,65760
95.916220938,nodecontroller,4248,0.85,0.9902808970484598,130144,130456
95.916220938,nodelet,4396,2.08,1.9805617940969196,99684,97462
95.916220938,nodeproxy,4615,0.02,0.0,51740,51936
95.916220938,containerd,3680,0.97,0.0,93084,91849
95.916220938,flanneld,5191,0.11,0.0,48580,48940
95.916220938,coredns,4884,0.1,0.0,64304,40504
95.916220938,coredns,4888,0.1,0.0,65592,41756
96.925896227,nodestore,4244,1.58,1.9808348503614799,59124,59584
96.925896227,nodeapiserver,4272,2.73,2.97125227554222,338452,338600
96.925896227,nodescheduler,4266,0.56,0.9904174251807399,65276,65760
96.925896227,nodecontroller,4248,0.86,0.9904174251807399,130144,130460
96.925896227,nodelet,4396,2.1,1.9808348503614799,99684,97466
96.925896227,nodeproxy,4615,0.02,0.0,51740,51936
96.925896227,containerd,3680,0.97,0.0,93084,91849
96.925896227,flanneld,5191,0.12,0.9904174251807399,48436,48688
96.925896227,coredns,4884,0.1,0.0,64304,40504
96.925896227,coredns,4888,0.11,0.9904174251807399,65592,41756
97.93566713099999,nodestore,4244,1.61,2.9709709282730747,59124,59588
97.93566713099999,nodeapiserver,4272,2.76,2.9709709282730747,338452,338600
97.93566713099999,nodescheduler,4266,0.56,0.0,65276,65760
97.93566713099999,nodecontroller,4248,0.87,0.9903236427576916,130144,130460
97.93566713099999,nodelet,4396,2.11,0.9903236427576916,99684,97466
97.93566713099999,nodeproxy,4615,0.02,0.0,51740,51936
97.93566713099999,containerd,3680,0.99,1.9806472855153832,93084,91857
97.93566713099999,flanneld,5191,0.12,0.0,48436,48688
97.93566713099999,coredns,4884,0.1,0.0,64304,40508
97.93566713099999,coredns,4888,0.11,0.0,65592,41756
98.94513202899999,nodestore,4244,1.61,0.0,61228,61640
98.94513202899999,nodeapiserver,4272,2.78,1.9812476926760767,338452,338600
98.94513202899999,nodescheduler,4266,0.56,0.0,65276,65760
98.94513202899999,nodecontroller,4248,0.87,0.0,130144,130460
98.94513202899999,nodelet,4396,2.12,0.9906238463380383,99684,97466
98.94513202899999,nodeproxy,4615,0.02,0.0,51740,51936
98.94513202899999,containerd,3680,1.0,0.9906238463380383,93084,91857
98.94513202899999,flanneld,5191,0.12,0.0,48436,48688
98.94513202899999,coredns,4884,0.1,0.0,64304,40508
98.94513202899999,coredns,4888,0.11,0.0,65592,41756
99.954975089,nodestore,4244,1.64,2.970758644417455,61228,61640
99.954975089,nodeapiserver,4272,2.81,2.970758644417455,338452,338600
99.954975089,nodescheduler,4266,0.57,0.9902528814724849,65276,65760
99.954975089,nodecontroller,4248,0.88,0.9902528814724849,130144,130460
99.954975089,nodelet,4396,2.18,5.94151728883491,99684,97466
99.954975089,nodeproxy,4615,0.02,0.0,51740,51936
99.954975089,containerd,3680,1.02,1.9805057629449698,93084,91861
99.954975089,flanneld,5191,0.12,0.0,48436,48688
99.954975089,coredns,4884,0.1,0.0,64304,40508
99.954975089,coredns,4888,0.12,0.9902528814724849,65592,41756
100.96462579699998,nodestore,4244,1.66,1.98088307585284,61228,61640
100.96462579699998,nodeapiserver,4272,2.84,2.97132461377926,338452,338600
100.96462579699998,nodescheduler,4266,0.58,0.99044153792642,65276,65760
100.96462579699998,nodecontroller,4248,0.89,0.99044153792642,130144,130460
100.96462579699998,nodelet,4396,2.21,2.97132461377926,99684,97466
100.96462579699998,nodeproxy,4615,0.02,0.0,51740,51936
100.96462579699998,containerd,3680,1.03,0.99044153792642,93084,91861
100.96462579699998,flanneld,5191,0.12,0.0,48436,48688
100.96462579699998,coredns,4884,0.1,0.0,64304,40508
100.96462579699998,coredns,4888,0.12,0.0,65592,41756
101.97579865600001,nodestore,4244,1.68,1.97790118890043,61228,61648
101.97579865600001,nodeapiserver,4272,2.87,2.966851783350645,338452,338600
101.97579865600001,nodescheduler,4266,0.58,0.0,65276,65760
101.97579865600001,nodecontroller,4248,0.89,0.0,130144,130460
101.97579865600001,nodelet,4396,2.22,0.988950594450215,99684,97466
101.97579865600001,nodeproxy,4615,0.02,0.0,51740,51936
101.97579865600001,containerd,3680,1.04,0.988950594450215,93084,91861
101.97579865600001,flanneld,5191,0.12,0.0,48436,48700
101.97579865600001,coredns,4884,0.1,0.0,64304,40508
101.97579865600001,coredns,4888,0.12,0.0,65592,41756
102.98534780199999,nodestore,4244,1.69,0.9905411776753822,61228,61648
102.98534780199999,nodeapiserver,4272,2.89,1.9810823553507644,338452,338600
102.98534780199999,nodescheduler,4266,0.58,0.0,65276,65760
102.98534780199999,nodecontroller,4248,0.9,0.9905411776753822,130144,130460
102.98534780199999,nodelet,4396,2.24,1.9810823553507644,99684,97466
102.98534780199999,nodeproxy,4615,0.02,0.0,51740,51936
102.98534780199999,containerd,3680,1.04,0.0,93084,91861
102.98534780199999,flanneld,5191,0.12,0.0,48436,48700
102.98534780199999,coredns,4884,0.11,0.9905411776753822,64304,40508
102.98534780199999,coredns,4888,0.12,0.0,65592,41756
103.99506794899999,nodestore,4244,1.71,1.980746849453533,61228,61648
103.99506794899999,nodeapiserver,4272,2.91,1.980746849453533,338452,338600
103.99506794899999,nodescheduler,4266,0.59,0.9903734247267665,65276,65764
103.99506794899999,nodecontroller,4248,0.92,1.980746849453533,130144,130460
103.99506794899999,nodelet,4396,2.25,0.9903734247267665,99684,97470
103.99506794899999,nodeproxy,4615,0.02,0.0,51740,51936
103.99506794899999,containerd,3680,1.05,0.9903734247267665,93084,91861
103.99506794899999,flanneld,5191,0.12,0.0,48436,48700
103.99506794899999,coredns,4884,0.11,0.0,64304,40508
103.99506794899999,coredns,4888,0.12,0.0,65592,41756
105.004403235,nodestore,4244,1.73,1.9815021110834137,61228,61648
105.004403235,nodeapiserver,4272,2.94,2.9722531666251206,338452,338600
105.004403235,nodescheduler,4266,0.6,0.9907510555417068,65276,65764
105.004403235,nodecontroller,4248,0.93,0.9907510555417068,130144,130460
105.004403235,nodelet,4396,2.27,1.9815021110834137,99684,97474
105.004403235,nodeproxy,4615,0.02,0.0,51740,51936
105.004403235,containerd,3680,1.07,1.9815021110834137,93084,91861
105.004403235,flanneld,5191,0.12,0.0,48436,48700
105.004403235,coredns,4884,0.11,0.0,64304,40508
105.004403235,coredns,4888,0.12,0.0,65592,41764
106.014114381,nodestore,4244,1.73,0.0,61228,61648
106.014114381,nodeapiserver,4272,2.96,1.9807645066839725,338452,338600
106.014114381,nodescheduler,4266,0.61,0.9903822533419863,65276,65764
106.014114381,nodecontroller,4248,0.93,0.0,130144,130464
106.014114381,nodelet,4396,2.28,0.9903822533419863,99684,97474
106.014114381,nodeproxy,4615,0.02,0.0,51740,51936
106.014114381,containerd,3680,1.07,0.0,93084,91861
106.014114381,flanneld,5191,0.12,0.0,48436,48700
106.014114381,coredns,4884,0.11,0.0,64304,40508
106.014114381,coredns,4888,0.12,0.0,65592,41768
107.02366884199999,nodestore,4244,1.75,1.981071925549159,61228,61652
107.02366884199999,nodeapiserver,4272,2.99,2.9716078883237382,338452,338600
107.02366884199999,nodescheduler,4266,0.61,0.0,65276,65764
107.02366884199999,nodecontroller,4248,0.94,0.9905359627745794,130144,130464
107.02366884199999,nodelet,4396,2.3,1.981071925549159,99684,97474
107.02366884199999,nodeproxy,4615,0.02,0.0,51740,51936
107.02366884199999,containerd,3680,1.08,0.9905359627745794,93084,91861
107.02366884199999,flanneld,5191,0.14,1.981071925549159,48436,48700
107.02366884199999,coredns,4884,0.11,0.0,64304,40508
107.02366884199999,coredns,4888,0.12,0.0,65592,41768
108.03310858799999,nodestore,4244,1.78,2.9719455885185697,61228,61656
108.03310858799999,nodeapiserver,4272,3.01,1.9812970590123797,338452,338600
108.03310858799999,nodescheduler,4266,0.62,0.9906485295061899,65276,65764
108.03310858799999,nodecontroller,4248,0.95,0.9906485295061899,130144,130464
108.03310858799999,nodelet,4396,2.31,0.9906485295061899,99684,97482
108.03310858799999,nodeproxy,4615,0.02,0.0,51740,51936
108.03310858799999,containerd,3680,1.09,0.9906485295061899,93084,91865
108.03310858799999,flanneld,5191,0.14,0.0,48436,48700
108.03310858799999,coredns,4884,0.11,0.0,64304,40516
108.03310858799999,coredns,4888,0.12,0.0,65592,41768
109.04275423699998,nodestore,4244,1.79,0.9904465007009678,61228,61656
109.04275423699998,nodeapiserver,4272,3.05,3.9617860028038714,338452,338600
109.04275423699998,nodescheduler,4266,0.62,0.0,65276,65764
109.04275423699998,nodecontroller,4248,0.96,0.9904465007009678,130144,130464
109.04275423699998,nodelet,4396,2.34,2.9713395021029037,99684,97486
109.04275423699998,nodeproxy,4615,0.02,0.0,51740,51936
109.04275423699998,containerd,3680,1.11,1.9808930014019357,93084,91865
109.04275423699998,flanneld,5191,0.14,0.0,48436,48700
109.04275423699998,coredns,4884,0.11,0.0,64304,40516
109.04275423699998,coredns,4888,0.12,0.0,65592,41768
110.052123122,nodestore,4244,1.8,0.9907180762759348,61228,61660
110.052123122,nodeapiserver,4272,3.08,2.9721542288278044,338452,338600
110.052123122,nodescheduler,4266,0.63,0.9907180762759348,65276,65764
110.052123122,nodecontroller,4248,0.97,0.9907180762759348,130144,130464
110.052123122,nodelet,4396,2.4,5.944308457655609,99684,97494
110.052123122,nodeproxy,4615,0.02,0.0,51740,51936
110.052123122,containerd,3680,1.13,1.9814361525518696,93084,91869
110.052123122,flanneld,5191,0.14,0.0,48436,48700
110.052123122,coredns,4884,0.12,0.9907180762759348,64304,40524
110.052123122,coredns,4888,0.12,0.0,65592,41772
111.06154758999999,nodestore,4244,1.82,1.9813270466513164,61228,61660
111.06154758999999,nodeapiserver,4272,3.11,2.971990569976975,338452,338600
111.06154758999999,nodescheduler,4266,0.63,0.0,65276,65764
111.06154758999999,nodecontroller,4248,0.98,0.9906635233256582,130144,130464
111.06154758999999,nodelet,4396,2.41,0.9906635233256582,99684,97494
111.06154758999999,nodeproxy,4615,0.02,0.0,51740,51936
111.06154758999999,containerd,3680,1.13,0.0,93084,91869
111.06154758999999,flanneld,5191,0.14,0.0,48436,48700
111.06154758999999,coredns,4884,0.12,0.0,64304,40524
111.06154758999999,coredns,4888,0.12,0.0,65592,41772
112.07095565799999,nodestore,4244,1.84,1.9813592375606035,61228,61660
112.07095565799999,nodeapiserver,4272,3.13,1.9813592375606035,338452,338600
112.07095565799999,nodescheduler,4266,0.64,0.9906796187803018,65276,65764
112.07095565799999,nodecontroller,4248,0.98,0.0,130144,130464
112.07095565799999,nodelet,4396,2.43,1.9813592375606035,99684,97502
112.07095565799999,nodeproxy,4615,0.02,0.0,51740,51936
112.07095565799999,containerd,3680,1.14,0.9906796187803018,93084,91869
112.07095565799999,flanneld,5191,0.14,0.0,48436,48704
112.07095565799999,coredns,4884,0.12,0.0,64304,40528
112.07095565799999,coredns,4888,0.12,0.0,65592,41772
113.08035490599998,nodestore,4244,1.86,1.9813765504212182,61228,61664
113.08035490599998,nodeapiserver,4272,3.15,1.9813765504212182,338452,338600
113.08035490599998,nodescheduler,4266,0.64,0.0,65276,65764
113.08035490599998,nodecontroller,4248,0.99,0.9906882752106091,130144,130464
113.08035490599998,nodelet,4396,2.44,0.9906882752106091,99684,97506
113.08035490599998,nodeproxy,4615,0.02,0.0,51740,51936
113.08035490599998,containerd,3680,1.15,0.9906882752106091,93084,91869
113.08035490599998,flanneld,5191,0.14,0.0,48436,48704
113.08035490599998,coredns,4884,0.12,0.0,64304,40532
113.08035490599998,coredns,4888,0.13,0.9906882752106091,65592,41772
114.08978009100001,nodestore,4244,1.86,0.0,61228,61664
114.08978009100001,nodeapiserver,4272,3.17,1.9813256393042622,338452,338600
114.08978009100001,nodescheduler,4266,0.65,0.9906628196521311,65276,65764
114.08978009100001,nodecontroller,4248,1.0,0.9906628196521311,130144,130464
114.08978009100001,nodelet,4396,2.46,1.9813256393042622,99684,97506
114.08978009100001,nodeproxy,4615,0.02,0.0,51740,51936
114.08978009100001,containerd,3680,1.15,0.0,93084,91869
114.08978009100001,flanneld,5191,0.14,0.0,48436,48704
114.08978009100001,coredns,4884,0.13,0.9906628196521311,64304,40532
114.08978009100001,coredns,4888,0.13,0.0,65592,41776
115.099377179,nodestore,4244,1.87,0.9904941405694778,61228,61664
115.099377179,nodeapiserver,4272,3.2,2.9714824217084335,338452,338600
115.099377179,nodescheduler,4266,0.65,0.0,65276,65764
115.099377179,nodecontroller,4248,1.01,0.9904941405694778,130144,130464
115.099377179,nodelet,4396,2.47,0.9904941405694778,99684,97506
115.099377179,nodeproxy,4615,0.02,0.0,51740,51936
115.099377179,containerd,3680,1.16,0.9904941405694778,93084,91869
115.099377179,flanneld,5191,0.14,0.0,48436,48704
115.099377179,coredns,4884,0.13,0.0,64304,40532
115.099377179,coredns,4888,0.13,0.0,65592,41776
116.10909756,nodestore,4244,1.9,2.971119585631121,61228,61664
116.10909756,nodeapiserver,4272,3.22,1.9807463904207476,338452,338600
116.10909756,nodescheduler,4266,0.66,0.9903731952103738,65276,65764
116.10909756,nodecontroller,4248,1.01,0.0,130144,130464
116.10909756,nodelet,4396,2.49,1.9807463904207476,99684,97510
116.10909756,nodeproxy,4615,0.02,0.0,51740,51936
116.10909756,containerd,3680,1.17,0.9903731952103738,93084,91869
116.10909756,flanneld,5191,0.14,0.0,48436,48704
116.10909756,coredns,4884,0.13,0.0,64304,40532
116.10909756,coredns,4888,0.13,0.0,65592,41776
117.118911176,nodestore,4244,1.91,0.9902817551234104,61228,61664
117.118911176,nodeapiserver,4272,3.25,2.9708452653702313,338452,338600
117.118911176,nodescheduler,4266,0.66,0.0,65276,65768
117.118911176,nodecontroller,4248,1.03,1.9805635102468209,130144,130464
117.118911176,nodelet,4396,2.52,2.9708452653702313,99684,97510
117.118911176,nodeproxy,4615,0.02,0.0,51740,51936
117.118911176,containerd,3680,1.18,0.9902817551234104,93084,91869
117.118911176,flanneld,5191,0.15,0.9902817551234104,48436,48704
117.118911176,coredns,4884,0.13,0.0,64304,40532
117.118911176,coredns,4888,0.14,0.9902817551234104,65592,41776
118.12994217499998,nodestore,4244,1.94,2.967268068899285,61228,61668
118.12994217499998,nodeapiserver,4272,3.29,3.9563574251990468,338452,338600
118.12994217499998,nodescheduler,4266,0.67,0.9890893562997617,65276,65768
118.12994217499998,nodecontroller,4248,1.03,0.0,130144,130464
118.12994217499998,nodelet,4396,2.53,0.9890893562997617,99812,97514
118.12994217499998,nodeproxy,4615,0.02,0.0,51740,51936
118.12994217499998,containerd,3680,1.2,1.9781787125995234,93084,91869
118.12994217499998,flanneld,5191,0.15,0.0,48436,48704
118.12994217499998,coredns,4884,0.13,0.0,64304,40532
118.12994217499998,coredns,4888,0.14,0.0,65592,41776
119.13931912700001,nodestore,4244,1.96,1.9814203167975153,61228,61668
119.13931912700001,nodeapiserver,4272,3.32,2.972130475196273,338452,338600
119.13931912700001,nodescheduler,4266,0.68,0.9907101583987576,65276,65768
119.13931912700001,nodecontroller,4248,1.04,0.9907101583987576,130144,130464
119.13931912700001,nodelet,4396,2.56,2.972130475196273,99812,97518
119.13931912700001,nodeproxy,4615,0.02,0.0,51740,51936
119.13931912700001,containerd,3680,1.22,1.9814203167975153,93084,91869
119.13931912700001,flanneld,5191,0.15,0.0,48436,48704
119.13931912700001,coredns,4884,0.13,0.0,64304,40532
119.13931912700001,coredns,4888,0.14,0.0,65592,41776
120.148860538,nodestore,4244,1.97,0.990548767097592,61228,61668
120.148860538,nodeapiserver,4272,3.34,1.981097534195184,338452,338600
120.148860538,nodescheduler,4266,0.68,0.0,65276,65772
120.148860538,nodecontroller,4248,1.07,2.971646301292776,124512,124776
120.148860538,nodelet,4396,2.6,3.962195068390368,99812,97526
120.148860538,nodeproxy,4615,0.02,0.0,51740,51936
120.148860538,containerd,3680,1.24,1.981097534195184,93084,91873
120.148860538,flanneld,5191,0.15,0.0,48436,48704
120.148860538,coredns,4884,0.13,0.0,64304,40532
120.148860538,coredns,4888,0.14,0.0,65592,41780
121.158768265,nodestore,4244,1.99,1.9803789460460042,61228,61672
121.158768265,nodeapiserver,4272,3.37,2.9705684190690063,338452,338600
121.158768265,nodescheduler,4266,0.69,0.9901894730230021,65276,65772
121.158768265,nodecontroller,4248,1.07,0.0,124372,124584
121.158768265,nodelet,4396,2.62,1.9803789460460042,99812,97530
121.158768265,nodeproxy,4615,0.02,0.0,51740,51936
121.158768265,containerd,3680,1.24,0.0,93084,91873
121.158768265,flanneld,5191,0.15,0.0,48436,48704
121.158768265,coredns,4884,0.14,0.9901894730230021,64304,40592
121.158768265,coredns,4888,0.14,0.0,65592,41780
122.168319109,nodestore,4244,2.01,1.9810790232968414,61228,61672
122.168319109,nodeapiserver,4272,3.4,2.971618534945262,338452,338600
122.168319109,nodescheduler,4266,0.69,0.0,65276,65772
122.168319109,nodecontroller,4248,1.08,0.9905395116484207,124372,124584
122.168319109,nodelet,4396,2.63,0.9905395116484207,99812,97530
122.168319109,nodeproxy,4615,0.02,0.0,51740,51936
122.168319109,containerd,3680,1.25,0.9905395116484207,93084,91873
122.168319109,flanneld,5191,0.15,0.0,48436,48704
122.168319109,coredns,4884,0.14,0.0,64304,40592
122.168319109,coredns,4888,0.14,0.0,65592,41780
123.17798161399999,nodestore,4244,2.03,1.9808599310123052,61228,61672
123.17798161399999,nodeapiserver,4272,3.43,2.9712898965184578,338452,338600
123.17798161399999,nodescheduler,4266,0.7,0.9904299655061526,65276,65772
123.17798161399999,nodecontroller,4248,1.1,1.9808599310123052,124372,124584
123.17798161399999,nodelet,4396,2.66,2.9712898965184578,99812,97530
123.17798161399999,nodeproxy,4615,0.02,0.0,51740,51936
123.17798161399999,containerd,3680,1.25,0.0,93084,91873
123.17798161399999,flanneld,5191,0.15,0.0,48436,48704
123.17798161399999,coredns,4884,0.14,0.0,64304,40592
123.17798161399999,coredns,4888,0.14,0.0,65592,41780
124.187698661,nodestore,4244,2.05,1.9807529306772031,61228,61672
124.187698661,nodeapiserver,4272,3.45,1.9807529306772031,338452,338600
124.187698661,nodescheduler,4266,0.7,0.0,65276,65772
124.187698661,nodecontroller,4248,1.1,0.0,124372,124584
124.187698661,nodelet,4396,2.68,1.9807529306772031,99812,97530
124.187698661,nodeproxy,4615,0.02,0.0,51740,51936
124.187698661,containerd,3680,1.27,1.9807529306772031,93084,91873
124.187698661,flanneld,5191,0.15,0.0,48436,48704
124.187698661,coredns,4884,0.14,0.0,64304,40592
124.187698661,coredns,4888,0.14,0.0,65592,41780
125.19752787999998,nodestore,4244,2.05,0.0,61228,61676
125.19752787999998,nodeapiserver,4272,3.48,2.970799362461359,338452,338600
125.19752787999998,nodescheduler,4266,0.71,0.9902664541537863,65276,65772
125.19752787999998,nodecontroller,4248,1.11,0.9902664541537863,124372,124592
125.19752787999998,nodelet,4396,2.69,0.9902664541537863,99812,97534
125.19752787999998,nodeproxy,4615,0.02,0.0,51740,51936
125.19752787999998,containerd,3680,1.27,0.0,93084,91873
125.19752787999998,flanneld,5191,0.15,0.0,48436,48704
125.19752787999998,coredns,4884,0.14,0.0,64304,40592
125.19752787999998,coredns,4888,0.14,0.0,65592,41780
126.207142553,nodestore,4244,2.07,1.980953777204037,61228,61676
126.207142553,nodeapiserver,4272,3.5,1.980953777204037,338452,338604
126.207142553,nodescheduler,4266,0.71,0.0,65276,65772
126.207142553,nodecontroller,4248,1.12,0.9904768886020185,124372,124592
126.207142553,nodelet,4396,2.7,0.9904768886020185,99812,97534
126.207142553,nodeproxy,4615,0.02,0.0,51740,51936
126.207142553,containerd,3680,1.28,0.9904768886020185,93084,91873
126.207142553,flanneld,5191,0.15,0.0,48436,48704
126.207142553,coredns,4884,0.14,0.0,64304,40592
126.207142553,coredns,4888,0.14,0.0,65592,41780
127.21663670299999,nodestore,4244,2.08,0.9905951411407438,61228,61680
127.21663670299999,nodeapiserver,4272,3.53,2.971785423422231,338452,338604
127.21663670299999,nodescheduler,4266,0.71,0.0,65276,65772
127.21663670299999,nodecontroller,4248,1.12,0.0,124372,124592
127.21663670299999,nodelet,4396,2.72,1.9811902822814875,99812,97542
127.21663670299999,nodeproxy,4615,0.02,0.0,51740,51936
127.21663670299999,containerd,3680,1.28,0.0,93084,91873
127.21663670299999,flanneld,5191,0.16,0.9905951411407438,48436,48708
127.21663670299999,coredns,4884,0.14,0.0,64304,40592
127.21663670299999,coredns,4888,0.14,0.0,65592,41784
128.226465991,nodestore,4244,2.11,2.9707991594714223,61228,61684
128.226465991,nodeapiserver,4272,3.57,3.961065545961896,338452,338604
128.226465991,nodescheduler,4266,0.73,1.980532772980948,65276,65776
128.226465991,nodecontroller,4248,1.13,0.990266386490474,124372,124592
128.226465991,nodelet,4396,2.73,0.990266386490474,99812,97542
128.226465991,nodeproxy,4615,0.02,0.0,51740,51936
128.226465991,containerd,3680,1.3,1.980532772980948,93084,91877
128.226465991,flanneld,5191,0.16,0.0,48436,48708
128.226465991,coredns,4884,0.14,0.0,64304,40592
128.226465991,coredns,4888,0.14,0.0,65592,41792
129.23588795299997,nodestore,4244,2.12,0.9906659827557778,61228,61684
129.23588795299997,nodeapiserver,4272,3.6,2.9719979482673335,338452,338604
129.23588795299997,nodescheduler,4266,0.73,0.0,65276,65776
129.23588795299997,nodecontroller,4248,1.15,1.9813319655115555,124372,124592
129.23588795299997,nodelet,4396,2.77,3.962663931023111,99812,97550
129.23588795299997,nodeproxy,4615,0.02,0.0,51740,51936
129.23588795299997,containerd,3680,1.31,0.9906659827557778,93084,91877
129.23588795299997,flanneld,5191,0.16,0.0,48436,48708
129.23588795299997,coredns,4884,0.14,0.0,64304,40592
129.23588795299997,coredns,4888,0.14,0.0,65592,41792
130.24565681500002,nodestore,4244,2.14,1.9806512908693445,61228,61688
130.24565681500002,nodeapiserver,4272,3.62,1.9806512908693445,338452,338604
130.24565681500002,nodescheduler,4266,0.74,0.9903256454346723,65276,65780
130.24565681500002,nodecontroller,4248,1.15,0.0,124372,124592
130.24565681500002,nodelet,4396,2.82,4.951628227173361,99812,97550
130.24565681500002,nodeproxy,4615,0.02,0.0,51740,51936
130.24565681500002,containerd,3680,1.34,2.970976936304017,93212,92021
130.24565681500002,flanneld,5191,0.16,0.0,48436,48708
130.24565681500002,coredns,4884,0.14,0.0,64304,40592
130.24565681500002,coredns,4888,0.14,0.0,65592,41792
131.25529322,nodestore,4244,2.15,0.9904555690026047,61228,61688
131.25529322,nodeapiserver,4272,3.65,2.971366707007814,338452,338604
131.25529322,nodescheduler,4266,0.75,0.9904555690026047,65276,65780
131.25529322,nodecontroller,4248,1.16,0.9904555690026047,124372,124592
131.25529322,nodelet,4396,2.85,2.971366707007814,99812,97550
131.25529322,nodeproxy,4615,0.02,0.0,51740,51936
131.25529322,containerd,3680,1.35,0.9904555690026047,93212,92053
131.25529322,flanneld,5191,0.16,0.0,48436,48708
131.25529322,coredns,4884,0.14,0.0,64304,40592
131.25529322,coredns,4888,0.15,0.9904555690026047,65592,41792
132.264984277,nodestore,4244,2.16,0.9904019581704607,61228,61688
132.264984277,nodeapiserver,4272,3.67,1.9808039163409215,338452,338604
132.264984277,nodescheduler,4266,0.75,0.0,65276,65780
132.264984277,nodecontroller,4248,1.17,0.9904019581704607,124372,124592
132.264984277,nodelet,4396,2.87,1.9808039163409215,99812,97550
132.264984277,nodeproxy,4615,0.02,0.0,51740,51936
132.264984277,containerd,3680,1.35,0.0,93212,92053
132.264984277,flanneld,5191,0.16,0.0,48436,48708
132.264984277,coredns,4884,0.15,0.9904019581704607,64304,40592
132.264984277,coredns,4888,0.15,0.0,65592,41792
133.274755164,nodestore,4244,2.18,1.9806473188605567,61228,61692
133.274755164,nodeapiserver,4272,3.7,2.970970978290835,338452,338604
133.274755164,nodescheduler,4266,0.76,0.9903236594302783,65276,65784
133.274755164,nodecontroller,4248,1.17,0.0,124372,124592
133.274755164,nodelet,4396,2.87,0.0,99812,97550
133.274755164,nodeproxy,4615,0.02,0.0,51740,51936
133.274755164,containerd,3680,1.36,0.9903236594302783,93340,92213
133.274755164,flanneld,5191,0.16,0.0,48436,48708
133.274755164,coredns,4884,0.15,0.0,64304,40592
133.274755164,coredns,4888,0.15,0.0,65592,41792
134.284439748,nodestore,4244,2.19,0.9904083075512098,61228,61692
134.284439748,nodeapiserver,4272,3.72,1.9808166151024196,338452,338604
134.284439748,nodescheduler,4266,0.76,0.0,65276,65788
134.284439748,nodecontroller,4248,1.18,0.9904083075512098,124372,124592
134.284439748,nodelet,4396,2.89,1.9808166151024196,99812,97550
134.284439748,nodeproxy,4615,0.02,0.0,51740,51936
134.284439748,containerd,3680,1.37,0.9904083075512098,93468,92269
134.284439748,flanneld,5191,0.16,0.0,48436,48708
134.284439748,coredns,4884,0.15,0.0,64304,40592
134.284439748,coredns,4888,0.15,0.0,65592,41792
135.293971705,nodestore,4244,2.21,1.9811160866500295,61228,61696
135.293971705,nodeapiserver,4272,3.75,2.971674129975044,338452,338604
135.293971705,nodescheduler,4266,0.77,0.9905580433250147,65276,65788
135.293971705,nodecontroller,4248,1.2,1.9811160866500295,124372,124592
135.293971705,nodelet,4396,2.9,0.9905580433250147,99812,97550
135.293971705,nodeproxy,4615,0.02,0.0,51740,51936
135.293971705,containerd,3680,1.37,0.0,93468,92269
135.293971705,flanneld,5191,0.16,0.0,48436,48708
135.293971705,coredns,4884,0.15,0.0,64304,40592
135.293971705,coredns,4888,0.15,0.0,65720,41796
136.303419465,nodestore,4244,2.23,1.9812813295063423,61228,61696
136.303419465,nodeapiserver,4272,3.78,2.9719219942595134,338452,338604
136.303419465,nodescheduler,4266,0.77,0.0,65276,65788
136.303419465,nodecontroller,4248,1.21,0.9906406647531711,124372,124604
136.303419465,nodelet,4396,2.92,1.9812813295063423,99812,97550
136.303419465,nodeproxy,4615,0.02,0.0,51740,51936
136.303419465,containerd,3680,1.39,1.9812813295063423,93596,92281
136.303419465,flanneld,5191,0.16,0.0,48436,48708
136.303419465,coredns,4884,0.15,0.0,64304,40592
136.303419465,coredns,4888,0.15,0.0,65720,41796
137.313114563,nodestore,4244,2.24,0.9903979943854491,61228,61696
137.313114563,nodeapiserver,4272,3.81,2.9711939831563474,338452,338604
137.313114563,nodescheduler,4266,0.78,0.9903979943854491,65276,65788
137.313114563,nodecontroller,4248,1.22,0.9903979943854491,124372,124604
137.313114563,nodelet,4396,2.94,1.9807959887708981,99812,97554
137.313114563,nodeproxy,4615,0.02,0.0,51740,51936
137.313114563,containerd,3680,1.39,0.0,93596,92293
137.313114563,flanneld,5191,0.17,0.9903979943854491,48436,48708
137.313114563,coredns,4884,0.15,0.0,64304,40592
137.313114563,coredns,4888,0.15,0.0,65720,41796
138.32267536799998,nodestore,4244,2.26,1.9810594766503309,61228,61696
138.32267536799998,nodeapiserver,4272,3.84,2.9715892149754963,338452,338604
138.32267536799998,nodescheduler,4266,0.78,0.0,65276,65788
138.32267536799998,nodecontroller,4248,1.24,1.9810594766503309,124372,124608
138.32267536799998,nodelet,4396,2.94,0.0,99812,97554
138.32267536799998,nodeproxy,4615,0.02,0.0,51740,51936
138.32267536799998,containerd,3680,1.41,1.9810594766503309,93596,92293
138.32267536799998,flanneld,5191,0.17,0.0,48436,48708
138.32267536799998,coredns,4884,0.15,0.0,64304,40592
138.32267536799998,coredns,4888,0.15,0.0,65720,41796
139.332318478,nodestore,4244,2.28,1.9808979828525486,61228,61696
139.332318478,nodeapiserver,4272,3.87,2.971346974278823,338452,338604
139.332318478,nodescheduler,4266,0.79,0.9904489914262743,65276,65788
139.332318478,nodecontroller,4248,1.25,0.9904489914262743,124372,124608
139.332318478,nodelet,4396,2.98,3.961795965705097,99812,97554
139.332318478,nodeproxy,4615,0.02,0.0,51740,51936
139.332318478,containerd,3680,1.42,0.9904489914262743,93596,92305
139.332318478,flanneld,5191,0.17,0.0,48436,48708
139.332318478,coredns,4884,0.15,0.0,64304,40592
139.332318478,coredns,4888,0.15,0.0,65720,41796
140.34221622799998,nodestore,4244,2.29,0.9901992553206567,61228,61696
140.34221622799998,nodeapiserver,4272,3.89,1.9803985106413133,338452,338604
140.34221622799998,nodescheduler,4266,0.8,0.9901992553206567,65276,65788
140.34221622799998,nodecontroller,4248,1.26,0.9901992553206567,124372,124608
140.34221622799998,nodelet,4396,3.03,4.950996276603283,99812,97554
140.34221622799998,nodeproxy,4615,0.02,0.0,51740,51936
140.34221622799998,containerd,3680,1.44,1.9803985106413133,93596,92317
140.34221622799998,flanneld,5191,0.17,0.0,48436,48708
140.34221622799998,coredns,4884,0.15,0.0,64304,40592
140.34221622799998,coredns,4888,0.15,0.0,65720,41796
141.35188064,nodestore,4244,2.31,1.9808561896702637,61228,61700
141.35188064,nodeapiserver,4272,3.92,2.9712842845053955,338452,338604
141.35188064,nodescheduler,4266,0.8,0.0,65276,65792
141.35188064,nodecontroller,4248,1.26,0.0,124372,124608
141.35188064,nodelet,4396,3.03,0.0,99812,97558
141.35188064,nodeproxy,4615,0.02,0.0,51740,51936
141.35188064,containerd,3680,1.44,0.0,93596,92317
141.35188064,flanneld,5191,0.17,0.0,48436,48708
141.35188064,coredns,4884,0.15,0.0,64304,40596
141.35188064,coredns,4888,0.15,0.0,65720,41796
142.361833472,nodestore,4244,2.33,1.9802905013291112,61228,61704
142.361833472,nodeapiserver,4272,3.95,2.970435751993667,338452,338604
142.361833472,nodescheduler,4266,0.81,0.9901452506645556,65276,65792
142.361833472,nodecontroller,4248,1.28,1.9802905013291112,124372,124608
142.361833472,nodelet,4396,3.06,2.970435751993667,99812,97558
142.361833472,nodeproxy,4615,0.02,0.0,51740,51936
142.361833472,containerd,3680,1.45,0.9901452506645556,93596,92317
142.361833472,flanneld,5191,0.18,0.9901452506645556,48436,48708
142.361833472,coredns,4884,0.16,0.9901452506645556,64304,40596
142.361833472,coredns,4888,0.16,0.9901452506645556,65720,41796
143.371473176,nodestore,4244,2.34,0.9904523326867676,61228,61704
143.371473176,nodeapiserver,4272,3.97,1.9809046653735352,338452,338604
143.371473176,nodescheduler,4266,0.81,0.0,65276,65792
143.371473176,nodecontroller,4248,1.28,0.0,124372,124608
143.371473176,nodelet,4396,3.08,1.9809046653735352,99812,97558
143.371473176,nodeproxy,4615,0.02,0.0,51740,51936
143.371473176,containerd,3680,1.46,0.9904523326867676,93596,92317
143.371473176,flanneld,5191,0.18,0.0,48436,48708
143.371473176,coredns,4884,0.16,0.0,64304,40596
143.371473176,coredns,4888,0.17,0.9904523326867676,65720,41796
144.381773545,nodestore,4244,2.36,1.9796092937980658,61228,61704
144.381773545,nodeapiserver,4272,3.99,1.9796092937980658,338452,338604
144.381773545,nodescheduler,4266,0.82,0.9898046468990329,65276,65796
144.381773545,nodecontroller,4248,1.29,0.9898046468990329,124372,124608
144.381773545,nodelet,4396,3.1,1.9796092937980658,99812,97558
144.381773545,nodeproxy,4615,0.02,0.0,51740,51936
144.381773545,containerd,3680,1.47,0.9898046468990329,93596,92317
144.381773545,flanneld,5191,0.18,0.0,48436,48708
144.381773545,coredns,4884,0.16,0.0,64304,40596
144.381773545,coredns,4888,0.17,0.0,65720,41808
145.39176431599998,nodestore,4244,2.37,0.990108057135909,61228,61708
145.39176431599998,nodeapiserver,4272,4.02,2.970324171407727,338452,338604
145.39176431599998,nodescheduler,4266,0.82,0.0,65276,65796
145.39176431599998,nodecontroller,4248,1.3,0.990108057135909,124372,124608
145.39176431599998,nodelet,4396,3.14,3.960432228543636,99812,97562
145.39176431599998,nodeproxy,4615,0.02,0.0,51740,51936
145.39176431599998,containerd,3680,1.48,0.990108057135909,93596,92317
145.39176431599998,flanneld,5191,0.18,0.0,48436,48708
145.39176431599998,coredns,4884,0.16,0.0,64304,40596
145.39176431599998,coredns,4888,0.17,0.0,65720,41808
146.401449464,nodestore,4244,2.38,0.9904077543190835,61228,61708
146.401449464,nodeapiserver,4272,4.04,1.980815508638167,338452,338604
146.401449464,nodescheduler,4266,0.83,0.9904077543190835,65276,65796
146.401449464,nodecontroller,4248,1.31,0.9904077543190835,124372,124608
146.401449464,nodelet,4396,3.14,0.0,99812,97562
146.401449464,nodeproxy,4615,0.02,0.0,51740,51936
146.401449464,containerd,3680,1.49,0.9904077543190835,93596,92317
146.401449464,flanneld,5191,0.18,0.0,48436,48708
146.401449464,coredns,4884,0.17,0.9904077543190835,64304,40596
146.401449464,coredns,4888,0.17,0.0,65720,41808
147.411017911,nodestore,4244,2.4,1.9810444808800158,61228,61708
147.411017911,nodeapiserver,4272,4.07,2.971566721320024,338452,338608
147.411017911,nodescheduler,4266,0.83,0.0,65276,65796
147.411017911,nodecontroller,4248,1.32,0.9905222404400079,124372,124608
147.411017911,nodelet,4396,3.16,1.9810444808800158,99812,97562
147.411017911,nodeproxy,4615,0.02,0.0,51740,51936
147.411017911,containerd,3680,1.5,0.9905222404400079,93596,92317
147.411017911,flanneld,5191,0.18,0.0,48436,48708
147.411017911,coredns,4884,0.17,0.0,64304,40596
147.411017911,coredns,4888,0.17,0.0,65720,41808
148.420663253,nodestore,4244,2.42,1.9808936037264482,61228,61708
148.420663253,nodeapiserver,4272,4.1,2.971340405589672,338452,338608
148.420663253,nodescheduler,4266,0.84,0.9904468018632241,65276,65796
148.420663253,nodecontroller,4248,1.32,0.0,124372,124608
148.420663253,nodelet,4396,3.17,0.9904468018632241,99812,97562
148.420663253,nodeproxy,4615,0.02,0.0,51740,51936
148.420663253,containerd,3680,1.51,0.9904468018632241,93596,92317
148.420663253,flanneld,5191,0.18,0.0,48436,48708
148.420663253,coredns,4884,0.17,0.0,64304,40596
148.420663253,coredns,4888,0.17,0.0,65720,41808
149.43189612499998,nodestore,4244,2.45,2.966675711467594,61228,61712
149.43189612499998,nodeapiserver,4272,4.13,2.966675711467594,338452,338608
149.43189612499998,nodescheduler,4266,0.84,0.0,65276,65796
149.43189612499998,nodecontroller,4248,1.34,1.977783807645063,124372,124608
149.43189612499998,nodelet,4396,3.21,3.955567615290126,99812,97566
149.43189612499998,nodeproxy,4615,0.02,0.0,51740,51936
149.43189612499998,containerd,3680,1.53,1.977783807645063,93596,92317
149.43189612499998,flanneld,5191,0.18,0.0,48436,48708
149.43189612499998,coredns,4884,0.17,0.0,64304,40600
149.43189612499998,coredns,4888,0.17,0.0,65720,41808
150.444549564,nodestore,4244,2.45,0.0,61228,61716
150.444549564,nodeapiserver,4272,4.16,2.9625140096916653,338452,338608
150.444549564,nodescheduler,4266,0.85,0.9875046698972217,65276,65796
150.444549564,nodecontroller,4248,1.34,0.0,124372,124608
150.444549564,nodelet,4396,3.24,2.9625140096916653,99812,97566
150.444549564,nodeproxy,4615,0.02,0.0,51740,51936
150.444549564,containerd,3680,1.54,0.9875046698972217,93596,92317
150.444549564,flanneld,5191,0.18,0.0,48436,48708
150.444549564,coredns,4884,0.17,0.0,64304,40600
150.444549564,coredns,4888,0.17,0.0,65720,41808
151.45420192899996,nodestore,4244,2.48,2.9713197373633675,61228,61716
151.45420192899996,nodeapiserver,4272,4.18,1.9808798249089117,338452,338608
151.45420192899996,nodescheduler,4266,0.87,1.9808798249089117,65276,65796
151.45420192899996,nodecontroller,4248,1.35,0.9904399124544558,124372,124608
151.45420192899996,nodelet,4396,3.25,0.9904399124544558,99812,97574
151.45420192899996,nodeproxy,4615,0.02,0.0,51740,51936
151.45420192899996,containerd,3680,1.56,1.9808798249089117,93596,92317
151.45420192899996,flanneld,5191,0.18,0.0,48436,48708
151.45420192899996,coredns,4884,0.17,0.0,64304,40604
151.45420192899996,coredns,4888,0.17,0.0,65720,41808
152.46404643699998,nodestore,4244,2.49,0.9902514615646011,61228,61716
152.46404643699998,nodeapiserver,4272,4.21,2.9707543846938034,338452,338608
152.46404643699998,nodescheduler,4266,0.87,0.0,65276,65796
152.46404643699998,nodecontroller,4248,1.36,0.9902514615646011,124372,124608
152.46404643699998,nodelet,4396,3.28,2.9707543846938034,99812,97574
152.46404643699998,nodeproxy,4615,0.02,0.0,51740,51936
152.46404643699998,containerd,3680,1.56,0.0,93596,92317
152.46404643699998,flanneld,5191,0.18,0.0,48436,48708
152.46404643699998,coredns,4884,0.17,0.0,64304,40612
152.46404643699998,coredns,4888,0.17,0.0,65720,41812
153.47359315,nodestore,4244,2.51,1.9810871297442973,61228,61724
153.47359315,nodeapiserver,4272,4.23,1.9810871297442973,338452,338612
153.47359315,nodescheduler,4266,0.88,0.9905435648721487,65276,65796
153.47359315,nodecontroller,4248,1.37,0.9905435648721487,124372,124608
153.47359315,nodelet,4396,3.3,1.9810871297442973,99812,97578
153.47359315,nodeproxy,4615,0.02,0.0,51740,51936
153.47359315,containerd,3680,1.57,0.9905435648721487,93596,92317
153.47359315,flanneld,5191,0.18,0.0,48436,48708
153.47359315,coredns,4884,0.18,0.9905435648721487,64304,40612
153.47359315,coredns,4888,0.17,0.0,65720,41812
154.483105077,nodestore,4244,2.52,0.9905776972558686,61228,61728
154.483105077,nodeapiserver,4272,4.26,2.971733091767606,338452,338612
154.483105077,nodescheduler,4266,0.88,0.0,65276,65796
154.483105077,nodecontroller,4248,1.37,0.0,124372,124608
154.483105077,nodelet,4396,3.32,1.9811553945117373,99812,97582
154.483105077,nodeproxy,4615,0.02,0.0,51740,51936
154.483105077,containerd,3680,1.57,0.0,93596,92317
154.483105077,flanneld,5191,0.18,0.0,48436,48708
154.483105077,coredns,4884,0.18,0.0,64304,40616
154.483105077,coredns,4888,0.17,0.0,65720,41812
155.49311378099998,nodestore,4244,2.54,1.9801809549554685,61228,61728
155.49311378099998,nodeapiserver,4272,4.28,1.9801809549554685,338452,338612
155.49311378099998,nodescheduler,4266,0.89,0.9900904774777343,65276,65800
155.49311378099998,nodecontroller,4248,1.38,0.9900904774777343,124372,124608
155.49311378099998,nodelet,4396,3.33,0.9900904774777343,99812,97582
155.49311378099998,nodeproxy,4615,0.02,0.0,51740,51936
155.49311378099998,containerd,3680,1.58,0.9900904774777343,93596,92317
155.49311378099998,flanneld,5191,0.18,0.0,48436,48708
155.49311378099998,coredns,4884,0.18,0.0,64304,40616
155.49311378099998,coredns,4888,0.17,0.0,65720,41812
156.502832447,nodestore,4244,2.55,0.9903748773521972,61228,61728
156.502832447,nodeapiserver,4272,4.3,1.9807497547043944,338452,338616
156.502832447,nodescheduler,4266,0.89,0.0,65276,65800
156.502832447,nodecontroller,4248,1.4,1.9807497547043944,124372,124608
156.502832447,nodelet,4396,3.35,1.9807497547043944,99812,97586
156.502832447,nodeproxy,4615,0.02,0.0,51740,51936
156.502832447,containerd,3680,1.59,0.9903748773521972,93596,92317
156.502832447,flanneld,5191,0.18,0.0,48436,48708
156.502832447,coredns,4884,0.18,0.0,64304,40616
156.502832447,coredns,4888,0.18,0.9903748773521972,65720,41872
157.51274325599996,nodestore,4244,2.56,0.9901864512077302,61228,61728
157.51274325599996,nodeapiserver,4272,4.33,2.9705593536231905,338452,338616
157.51274325599996,nodescheduler,4266,0.9,0.9901864512077302,65276,65800
157.51274325599996,nodecontroller,4248,1.4,0.0,124372,124608
157.51274325599996,nodelet,4396,3.37,1.9803729024154604,99812,97586
157.51274325599996,nodeproxy,4615,0.02,0.0,51740,51936
157.51274325599996,containerd,3680,1.61,1.9803729024154604,93596,92321
157.51274325599996,flanneld,5191,0.19,0.9901864512077302,48436,48708
157.51274325599996,coredns,4884,0.18,0.0,64304,40616
157.51274325599996,coredns,4888,0.18,0.0,65720,41872
158.52269049399996,nodestore,4244,2.6,3.960602939933006,61228,61736
158.52269049399996,nodeapiserver,4272,4.36,2.9704522049497544,338452,338616
158.52269049399996,nodescheduler,4266,0.9,0.0,65276,65800
158.52269049399996,nodecontroller,4248,1.41,0.9901507349832515,124372,124608
158.52269049399996,nodelet,4396,3.38,0.9901507349832515,99812,97586
158.52269049399996,nodeproxy,4615,0.02,0.0,51740,51936
158.52269049399996,containerd,3680,1.62,0.9901507349832515,93596,92321
158.52269049399996,flanneld,5191,0.19,0.0,48436,48708
158.52269049399996,coredns,4884,0.18,0.0,64304,40616
158.52269049399996,coredns,4888,0.18,0.0,65720,41872
159.53266381099996,nodestore,4244,2.62,1.9802503356630687,61228,61736
159.53266381099996,nodeapiserver,4272,4.38,1.9802503356630687,338452,338616
159.53266381099996,nodescheduler,4266,0.91,0.9901251678315344,65276,65800
159.53266381099996,nodecontroller,4248,1.42,0.9901251678315344,124372,124608
159.53266381099996,nodelet,4396,3.41,2.970375503494603,99812,97586
159.53266381099996,nodeproxy,4615,0.02,0.0,51740,51936
159.53266381099996,containerd,3680,1.64,1.9802503356630687,93596,92321
159.53266381099996,flanneld,5191,0.19,0.0,48436,48708
159.53266381099996,coredns,4884,0.18,0.0,64304,40616
159.53266381099996,coredns,4888,0.18,0.0,65720,41872
160.54241328799998,nodestore,4244,2.63,0.9903446575392345,61228,61740
160.54241328799998,nodeapiserver,4272,4.42,3.961378630156938,338452,338616
160.54241328799998,nodescheduler,4266,0.91,0.0,65276,65800
160.54241328799998,nodecontroller,4248,1.42,0.0,124372,124608
160.54241328799998,nodelet,4396,3.47,5.942067945235407,99812,97586
160.54241328799998,nodeproxy,4615,0.02,0.0,51740,51936
160.54241328799998,containerd,3680,1.65,0.9903446575392345,93596,92321
160.54241328799998,flanneld,5191,0.19,0.0,48436,48708
160.54241328799998,coredns,4884,0.18,0.0,64304,40616
160.54241328799998,coredns,4888,0.18,0.0,65720,41880
161.55212045499997,nodestore,4244,2.65,1.9807723123748258,61228,61744
161.55212045499997,nodeapiserver,4272,4.45,2.9711584685622383,338452,338616
161.55212045499997,nodescheduler,4266,0.92,0.9903861561874129,65276,65800
161.55212045499997,nodecontroller,4248,1.43,0.9903861561874129,124372,124608
161.55212045499997,nodelet,4396,3.48,0.9903861561874129,99812,97590
161.55212045499997,nodeproxy,4615,0.02,0.0,51740,51936
161.55212045499997,containerd,3680,1.66,0.9903861561874129,93596,92321
161.55212045499997,flanneld,5191,0.19,0.0,48436,48708
161.55212045499997,coredns,4884,0.18,0.0,64304,40616
161.55212045499997,coredns,4888,0.18,0.0,65720,41880
162.561738855,nodestore,4244,2.67,1.9809464645255634,61228,61744
162.561738855,nodeapiserver,4272,4.46,0.9904732322627817,338452,338616
162.561738855,nodescheduler,4266,0.93,0.9904732322627817,65276,65800
162.561738855,nodecontroller,4248,1.44,0.9904732322627817,124372,124612
162.561738855,nodelet,4396,3.5,1.9809464645255634,99812,97590
162.561738855,nodeproxy,4615,0.02,0.0,51740,51936
162.561738855,containerd,3680,1.66,0.0,93596,92321
162.561738855,flanneld,5191,0.19,0.0,48436,48708
162.561738855,coredns,4884,0.18,0.0,64304,40616
162.561738855,coredns,4888,0.18,0.0,65720,41880
163.571454888,nodestore,4244,2.68,0.9903774599169728,61228,61744
163.571454888,nodeapiserver,4272,4.49,2.9711323797509186,338452,338616
163.571454888,nodescheduler,4266,0.93,0.0,65276,65800
163.571454888,nodecontroller,4248,1.45,0.9903774599169728,124372,124612
163.571454888,nodelet,4396,3.51,0.9903774599169728,99812,97590
163.571454888,nodeproxy,4615,0.02,0.0,51740,51936
163.571454888,containerd,3680,1.68,1.9807549198339456,93596,92321
163.571454888,flanneld,5191,0.19,0.0,48436,48708
163.571454888,coredns,4884,0.18,0.0,64304,40616
163.571454888,coredns,4888,0.18,0.0,65720,41880
164.58122828,nodestore,4244,2.69,0.9903212026802944,61228,61744
164.58122828,nodeapiserver,4272,4.51,1.9806424053605889,338452,338616
164.58122828,nodescheduler,4266,0.94,0.9903212026802944,65276,65800
164.58122828,nodecontroller,4248,1.46,0.9903212026802944,124372,124612
164.58122828,nodelet,4396,3.53,1.9806424053605889,99812,97590
164.58122828,nodeproxy,4615,0.02,0.0,51740,51936
164.58122828,containerd,3680,1.68,0.0,93596,92321
164.58122828,flanneld,5191,0.19,0.0,48436,48708
164.58122828,coredns,4884,0.18,0.0,64304,40616
164.58122828,coredns,4888,0.19,0.9903212026802944,65720,41880
165.591950128,nodestore,4244,2.7,0.9893918905372244,61228,61748
165.591950128,nodeapiserver,4272,4.55,3.9575675621488977,338452,338616
165.591950128,nodescheduler,4266,0.94,0.0,65276,65800
165.591950128,nodecontroller,4248,1.48,1.9787837810744489,124372,124620
165.591950128,nodelet,4396,3.54,0.9893918905372244,99812,97594
165.591950128,nodeproxy,4615,0.02,0.0,51740,51936
165.591950128,containerd,3680,1.68,0.0,93596,92321
165.591950128,flanneld,5191,0.19,0.0,48436,48708
165.591950128,coredns,4884,0.18,0.0,64304,40616
165.591950128,coredns,4888,0.19,0.0,65720,41880
166.601574369,nodestore,4244,2.72,1.9809350041150937,61228,61752
166.601574369,nodeapiserver,4272,4.57,1.9809350041150937,338452,338620
166.601574369,nodescheduler,4266,0.95,0.9904675020575469,65276,65800
166.601574369,nodecontroller,4248,1.48,0.0,124372,124620
166.601574369,nodelet,4396,3.55,0.9904675020575469,99812,97594
166.601574369,nodeproxy,4615,0.02,0.0,51740,51936
166.601574369,containerd,3680,1.7,1.9809350041150937,93596,92321
166.601574369,flanneld,5191,0.19,0.0,48436,48708
166.601574369,coredns,4884,0.19,0.9904675020575469,64304,40616
166.601574369,coredns,4888,0.19,0.0,65720,41880
167.61196757799996,nodestore,4244,2.74,1.9794273973589782,61228,61752
167.61196757799996,nodeapiserver,4272,4.6,2.9691410960384674,338452,338620
167.61196757799996,nodescheduler,4266,0.95,0.0,65276,65800
167.61196757799996,nodecontroller,4248,1.49,0.9897136986794891,124372,124620
167.61196757799996,nodelet,4396,3.57,1.9794273973589782,99812,97594
167.61196757799996,nodeproxy,4615,0.02,0.0,51740,51936
167.61196757799996,containerd,3680,1.71,0.9897136986794891,93596,92321
167.61196757799996,flanneld,5191,0.2,0.9897136986794891,48436,48708
167.61196757799996,coredns,4884,0.19,0.0,64304,40616
167.61196757799996,coredns,4888,0.19,0.0,65720,41880
168.62165472099997,nodestore,4244,2.76,1.980811594824858,61228,61756
168.62165472099997,nodeapiserver,4272,4.63,2.971217392237287,338452,338620
168.62165472099997,nodescheduler,4266,0.96,0.990405797412429,65276,65800
168.62165472099997,nodecontroller,4248,1.5,0.990405797412429,124372,124620
168.62165472099997,nodelet,4396,3.59,1.980811594824858,99812,97598
168.62165472099997,nodeproxy,4615,0.02,0.0,51740,51936
168.62165472099997,containerd,3680,1.71,0.0,93596,92321
168.62165472099997,flanneld,5191,0.2,0.0,48436,48708
168.62165472099997,coredns,4884,0.19,0.0,64304,40616
168.62165472099997,coredns,4888,0.19,0.0,65720,41880
169.63153211599996,nodestore,4244,2.77,0.9902192136898067,61228,61756
169.63153211599996,nodeapiserver,4272,4.65,1.9804384273796134,338452,338620
169.63153211599996,nodescheduler,4266,0.96,0.0,65276,65800
169.63153211599996,nodecontroller,4248,1.5,0.0,124372,124620
169.63153211599996,nodelet,4396,3.64,4.951096068449034,101920,99662
169.63153211599996,nodeproxy,4615,0.02,0.0,51740,51936
169.63153211599996,containerd,3680,1.73,1.9804384273796134,93596,92325
169.63153211599996,flanneld,5191,0.2,0.0,48436,48708
169.63153211599996,coredns,4884,0.19,0.0,64304,40616
169.63153211599996,coredns,4888,0.19,0.0,65720,41880
170.64135867699997,nodestore,4244,2.78,0.9902690606689131,61356,61764
170.64135867699997,nodeapiserver,4272,4.69,3.9610762426756523,338452,338620
170.64135867699997,nodescheduler,4266,0.97,0.9902690606689131,65276,65808
170.64135867699997,nodecontroller,4248,1.51,0.9902690606689131,124372,124620
170.64135867699997,nodelet,4396,3.69,4.951345303344565,101920,99666
170.64135867699997,nodeproxy,4615,0.02,0.0,51740,51936
170.64135867699997,containerd,3680,1.75,1.9805381213378261,93596,92329
170.64135867699997,flanneld,5191,0.2,0.0,48436,48708
170.64135867699997,coredns,4884,0.2,0.9902690606689131,64304,40616
170.64135867699997,coredns,4888,0.19,0.0,65720,41880
171.65134134,nodestore,4244,2.82,3.960464022341277,61356,61764
171.65134134,nodeapiserver,4272,4.72,2.9703480167559575,338452,338620
171.65134134,nodescheduler,4266,0.97,0.0,65276,65808
171.65134134,nodecontroller,4248,1.53,1.9802320111706384,124372,124620
171.65134134,nodelet,4396,3.7,0.9901160055853192,101920,99666
171.65134134,nodeproxy,4615,0.02,0.0,51740,51936
171.65134134,containerd,3680,1.77,1.9802320111706384,93724,92493
171.65134134,flanneld,5191,0.21,0.9901160055853192,48436,48708
171.65134134,coredns,4884,0.2,0.0,64304,40616
171.65134134,coredns,4888,0.19,0.0,65720,41880
172.66112927799998,nodestore,4244,2.83,0.9903069370987196,61356,61764
172.66112927799998,nodeapiserver,4272,4.74,1.9806138741974393,338452,338620
172.66112927799998,nodescheduler,4266,0.99,1.9806138741974393,65276,65808
172.66112927799998,nodecontroller,4248,1.53,0.0,124372,124620
172.66112927799998,nodelet,4396,3.72,1.9806138741974393,101920,99666
172.66112927799998,nodeproxy,4615,0.02,0.0,51740,51936
172.66112927799998,containerd,3680,1.77,0.0,93724,92509
172.66112927799998,flanneld,5191,0.21,0.0,48436,48708
172.66112927799998,coredns,4884,0.2,0.0,64304,40616
172.66112927799998,coredns,4888,0.2,0.9903069370987196,65720,41880
173.67113353399998,nodestore,4244,2.84,0.9900948377785826,61356,61768
173.67113353399998,nodeapiserver,4272,4.77,2.970284513335748,338452,338620
173.67113353399998,nodescheduler,4266,0.99,0.0,65276,65808
173.67113353399998,nodecontroller,4248,1.54,0.9900948377785826,124372,124620
173.67113353399998,nodelet,4396,3.74,1.9801896755571653,101920,99670
173.67113353399998,nodeproxy,4615,0.02,0.0,51740,51936
173.67113353399998,containerd,3680,1.78,0.9900948377785826,93724,92613
173.67113353399998,flanneld,5191,0.21,0.0,48436,48708
173.67113353399998,coredns,4884,0.2,0.0,64304,40616
173.67113353399998,coredns,4888,0.2,0.0,65720,41880
174.68135703299998,nodestore,4244,2.86,1.9797599263724797,61356,61768
174.68135703299998,nodeapiserver,4272,4.8,2.9696398895587195,338452,338620
174.68135703299998,nodescheduler,4266,1.0,0.9898799631862398,65276,65808
174.68135703299998,nodecontroller,4248,1.55,0.9898799631862398,124372,124620
174.68135703299998,nodelet,4396,3.75,0.9898799631862398,101920,99670
174.68135703299998,nodeproxy,4615,0.02,0.0,51740,51936
174.68135703299998,containerd,3680,1.79,0.9898799631862398,93724,92717
174.68135703299998,flanneld,5191,0.21,0.0,48436,48708
174.68135703299998,coredns,4884,0.2,0.0,64304,40616
174.68135703299998,coredns,4888,0.2,0.0,65720,41880
175.691063698,nodestore,4244,2.89,2.971159945745203,61356,61768
175.691063698,nodeapiserver,4272,4.83,2.971159945745203,338452,338620
175.691063698,nodescheduler,4266,1.0,0.0,65276,65808
175.691063698,nodecontroller,4248,1.56,0.9903866485817343,124372,124620
175.691063698,nodelet,4396,3.77,1.9807732971634686,101920,99670
175.691063698,nodeproxy,4615,0.02,0.0,51740,51936
175.691063698,containerd,3680,1.8,0.9903866485817343,93724,92733
175.691063698,flanneld,5191,0.21,0.0,48436,48708
175.691063698,coredns,4884,0.2,0.0,64304,40616
175.691063698,coredns,4888,0.2,0.0,65720,41880
176.70098721699998,nodestore,4244,2.91,1.9803479792018126,61356,61768
176.70098721699998,nodeapiserver,4272,4.85,1.9803479792018126,338452,338620
176.70098721699998,nodescheduler,4266,1.01,0.9901739896009063,65276,65812
176.70098721699998,nodecontroller,4248,1.57,0.9901739896009063,124372,124620
176.70098721699998,nodelet,4396,3.79,1.9803479792018126,101920,99674
176.70098721699998,nodeproxy,4615,0.02,0.0,51740,51936
176.70098721699998,containerd,3680,1.8,0.0,93852,92745
176.70098721699998,flanneld,5191,0.21,0.0,48436,48708
176.70098721699998,coredns,4884,0.2,0.0,64304,40616
176.70098721699998,coredns,4888,0.2,0.0,65720,41880
177.710851967,nodestore,4244,2.92,0.9902316126986118,61356,61768
177.710851967,nodeapiserver,4272,4.88,2.9706948380958353,338452,338620
177.710851967,nodescheduler,4266,1.01,0.0,65276,65812
177.710851967,nodecontroller,4248,1.58,0.9902316126986118,124372,124620
177.710851967,nodelet,4396,3.8,0.9902316126986118,101920,99674
177.710851967,nodeproxy,4615,0.02,0.0,51740,51936
177.710851967,containerd,3680,1.82,1.9804632253972236,93852,92753
177.710851967,flanneld,5191,0.22,0.9902316126986118,48436,48712
177.710851967,coredns,4884,0.2,0.0,64304,40616
177.710851967,coredns,4888,0.2,0.0,65720,41880
178.72033312399998,nodestore,4244,2.95,2.971823673178333,61356,61772
178.72033312399998,nodeapiserver,4272,4.91,2.971823673178333,338452,338620
178.72033312399998,nodescheduler,4266,1.02,0.9906078910594444,65276,65812
178.72033312399998,nodecontroller,4248,1.58,0.0,124372,124620
178.72033312399998,nodelet,4396,3.82,1.9812157821188887,101920,99674
178.72033312399998,nodeproxy,4615,0.02,0.0,51740,51936
178.72033312399998,containerd,3680,1.82,0.0,93852,92761
178.72033312399998,flanneld,5191,0.22,0.0,48436,48712
178.72033312399998,coredns,4884,0.2,0.0,64304,40616
178.72033312399998,coredns,4888,0.2,0.0,65720,41880
179.73025873899996,nodestore,4244,2.95,0.0,61356,61772
179.73025873899996,nodeapiserver,4272,4.93,1.9803438691868684,338452,338620
179.73025873899996,nodescheduler,4266,1.02,0.0,65276,65812
179.73025873899996,nodecontroller,4248,1.59,0.9901719345934342,124372,124620
179.73025873899996,nodelet,4396,3.85,2.9705158037803026,101920,99678
179.73025873899996,nodeproxy,4615,0.02,0.0,51740,51936
179.73025873899996,containerd,3680,1.85,2.9705158037803026,93852,92761
179.73025873899996,flanneld,5191,0.22,0.0,48436,48712
179.73025873899996,coredns,4884,0.2,0.0,64304,40616
179.73025873899996,coredns,4888,0.21,0.9901719345934342,65720,41880
180.74015506799998,nodestore,4244,2.97,1.9804012972107474,61356,61772
180.74015506799998,nodeapiserver,4272,4.97,3.960802594421495,338452,338620
180.74015506799998,nodescheduler,4266,1.02,0.0,65276,65812
180.74015506799998,nodecontroller,4248,1.6,0.9902006486053737,124372,124620
180.74015506799998,nodelet,4396,3.88,2.9706019458161212,101920,99682
180.74015506799998,nodeproxy,4615,0.02,0.0,51740,51936
180.74015506799998,containerd,3680,1.85,0.0,93852,92761
180.74015506799998,flanneld,5191,0.22,0.0,48436,48712
180.74015506799998,coredns,4884,0.2,0.0,64304,40616
180.74015506799998,coredns,4888,0.21,0.0,65720,41880
181.74969227099996,nodestore,4244,3.0,2.971658687847347,61356,61776
181.74969227099996,nodeapiserver,4272,4.99,1.9811057918982315,338452,338620
181.74969227099996,nodescheduler,4266,1.04,1.9811057918982315,65276,65812
181.74969227099996,nodecontroller,4248,1.6,0.0,124372,124620
181.74969227099996,nodelet,4396,3.9,1.9811057918982315,101920,99686
181.74969227099996,nodeproxy,4615,0.02,0.0,51740,51936
181.74969227099996,containerd,3680,1.86,0.9905528959491158,93852,92761
181.74969227099996,flanneld,5191,0.22,0.0,48436,48712
181.74969227099996,coredns,4884,0.2,0.0,64304,40618
181.74969227099996,coredns,4888,0.22,0.9905528959491158,65720,41882
182.759558954,nodestore,4244,3.01,0.9902297172823546,61356,61776
182.759558954,nodeapiserver,4272,5.01,1.9804594345647093,338452,338620
182.759558954,nodescheduler,4266,1.04,0.0,65276,65812
182.759558954,nodecontroller,4248,1.62,1.9804594345647093,124372,124620
182.759558954,nodelet,4396,3.91,0.9902297172823546,101920,99690
182.759558954,nodeproxy,4615,0.02,0.0,51740,51936
182.759558954,containerd,3680,1.87,0.9902297172823546,93852,92761
182.759558954,flanneld,5191,0.22,0.0,48436,48712
182.759558954,coredns,4884,0.2,0.0,64304,40618
182.759558954,coredns,4888,0.22,0.0,65720,41882
183.769429795,nodestore,4244,3.02,0.9902256401519286,61356,61780
183.769429795,nodeapiserver,4272,5.04,2.970676920455786,338452,338620
183.769429795,nodescheduler,4266,1.05,0.9902256401519286,65276,65812
183.769429795,nodecontroller,4248,1.62,0.0,124372,124620
183.769429795,nodelet,4396,3.92,0.9902256401519286,101920,99690
183.769429795,nodeproxy,4615,0.02,0.0,51740,51936
183.769429795,containerd,3680,1.88,0.9902256401519286,93852,92761
183.769429795,flanneld,5191,0.22,0.0,48436,48712
183.769429795,coredns,4884,0.21,0.9902256401519286,64304,40618
183.769429795,coredns,4888,0.22,0.0,65720,41882
184.77944329599995,nodestore,4244,3.04,1.9801715502019872,61356,61780
184.77944329599995,nodeapiserver,4272,5.07,2.970257325302981,338452,338620
184.77944329599995,nodescheduler,4266,1.05,0.0,65276,65812
184.77944329599995,nodecontroller,4248,1.63,0.9900857751009936,124372,124624
184.77944329599995,nodelet,4396,3.96,3.9603431004039744,101920,99690
184.77944329599995,nodeproxy,4615,0.02,0.0,51740,51936
184.77944329599995,containerd,3680,1.88,0.0,93852,92761
184.77944329599995,flanneld,5191,0.22,0.0,48436,48712
184.77944329599995,coredns,4884,0.21,0.0,64304,40618
184.77944329599995,coredns,4888,0.22,0.0,65720,41882
185.78979219899998,nodestore,4244,3.06,1.9795141995615713,61356,61784
185.78979219899998,nodeapiserver,4272,5.09,1.9795141995615713,338452,338620
185.78979219899998,nodescheduler,4266,1.06,0.9897570997807856,65276,65812
185.78979219899998,nodecontroller,4248,1.64,0.9897570997807856,124372,124624
185.78979219899998,nodelet,4396,3.98,1.9795141995615713,101920,99690
185.78979219899998,nodeproxy,4615,0.02,0.0,51740,51936
185.78979219899998,containerd,3680,1.9,1.9795141995615713,93852,92761
185.78979219899998,flanneld,5191,0.22,0.0,48436,48712
185.78979219899998,coredns,4884,0.21,0.0,64304,40618
185.78979219899998,coredns,4888,0.22,0.0,65720,41882
186.79947053899997,nodestore,4244,3.07,0.9904144323825015,61356,61784
186.79947053899997,nodeapiserver,4272,5.12,2.9712432971475047,338452,338620
186.79947053899997,nodescheduler,4266,1.06,0.0,65276,65812
186.79947053899997,nodecontroller,4248,1.65,0.9904144323825015,124372,124624
186.79947053899997,nodelet,4396,4.0,1.980828864765003,101920,99690
186.79947053899997,nodeproxy,4615,0.02,0.0,51740,51936
186.79947053899997,containerd,3680,1.9,0.0,93852,92761
186.79947053899997,flanneld,5191,0.22,0.0,48436,48712
186.79947053899997,coredns,4884,0.21,0.0,64304,40618
186.79947053899997,coredns,4888,0.22,0.0,65720,41882
187.809234952,nodestore,4244,3.09,1.9806600175757485,61356,61784
187.809234952,nodeapiserver,4272,5.16,3.961320035151497,338452,338620
187.809234952,nodescheduler,4266,1.07,0.9903300087878742,65276,65812
187.809234952,nodecontroller,4248,1.66,0.9903300087878742,124372,124624
187.809234952,nodelet,4396,4.01,0.9903300087878742,101920,99690
187.809234952,nodeproxy,4615,0.02,0.0,51740,51936
187.809234952,containerd,3680,1.92,1.9806600175757485,93852,92761
187.809234952,flanneld,5191,0.23,0.9903300087878742,48436,48712
187.809234952,coredns,4884,0.21,0.0,64304,40618
187.809234952,coredns,4888,0.22,0.0,65720,41882
188.818949852,nodestore,4244,3.12,2.971135713655392,61356,61784
188.818949852,nodeapiserver,4272,5.19,2.971135713655392,338452,338620
188.818949852,nodescheduler,4266,1.07,0.0,65276,65812
188.818949852,nodecontroller,4248,1.67,0.990378571218464,124372,124624
188.818949852,nodelet,4396,4.03,1.980757142436928,101920,99690
188.818949852,nodeproxy,4615,0.02,0.0,51740,51936
188.818949852,containerd,3680,1.94,1.980757142436928,93852,92765
188.818949852,flanneld,5191,0.23,0.0,48436,48712
188.818949852,coredns,4884,0.22,0.990378571218464,64304,40618
188.818949852,coredns,4888,0.22,0.0,65720,41882
189.828484172,nodestore,4244,3.13,0.9905557247424731,61356,61788
189.828484172,nodeapiserver,4272,5.21,1.9811114494849462,338452,338620
189.828484172,nodescheduler,4266,1.08,0.9905557247424731,65276,65812
189.828484172,nodecontroller,4248,1.68,0.9905557247424731,124372,124624
189.828484172,nodelet,4396,4.11,7.924445797939785,101920,99694
189.828484172,nodeproxy,4615,0.02,0.0,51740,51936
189.828484172,containerd,3680,1.96,1.9811114494849462,93852,92765
189.828484172,flanneld,5191,0.23,0.0,48436,48712
189.828484172,coredns,4884,0.22,0.0,64304,40618
189.828484172,coredns,4888,0.22,0.0,65720,41882
190.83800761099997,nodestore,4244,3.14,0.9905664013017893,61356,61788
190.83800761099997,nodeapiserver,4272,5.25,3.962265605207157,338452,338620
190.83800761099997,nodescheduler,4266,1.09,0.9905664013017893,65404,65820
190.83800761099997,nodecontroller,4248,1.68,0.0,124372,124624
190.83800761099997,nodelet,4396,4.12,0.9905664013017893,101920,99694
190.83800761099997,nodeproxy,4615,0.02,0.0,51740,51936
190.83800761099997,containerd,3680,1.97,0.9905664013017893,93852,92765
190.83800761099997,flanneld,5191,0.23,0.0,48436,48712
190.83800761099997,coredns,4884,0.22,0.0,64304,40618
190.83800761099997,coredns,4888,0.22,0.0,65720,41882
191.84754462,nodestore,4244,3.16,1.9811061726018584,61356,61788
191.84754462,nodeapiserver,4272,5.27,1.9811061726018584,338452,338620
191.84754462,nodescheduler,4266,1.09,0.0,65404,65820
191.84754462,nodecontroller,4248,1.69,0.9905530863009292,124372,124624
191.84754462,nodelet,4396,4.14,1.9811061726018584,101920,99694
191.84754462,nodeproxy,4615,0.02,0.0,51740,51936
191.84754462,containerd,3680,1.97,0.0,93852,92765
191.84754462,flanneld,5191,0.23,0.0,48436,48712
191.84754462,coredns,4884,0.22,0.0,64304,40618
191.84754462,coredns,4888,0.23,0.9905530863009292,65720,41882
192.857457318,nodestore,4244,3.17,0.9901845991048289,61356,61788
192.857457318,nodeapiserver,4272,5.3,2.970553797314487,338452,338620
192.857457318,nodescheduler,4266,1.1,0.9901845991048289,65404,65820
192.857457318,nodecontroller,4248,1.7,0.9901845991048289,124372,124624
192.857457318,nodelet,4396,4.15,0.9901845991048289,101920,99694
192.857457318,nodeproxy,4615,0.02,0.0,51740,51936
192.857457318,containerd,3680,1.98,0.9901845991048289,93852,92765
192.857457318,flanneld,5191,0.23,0.0,48436,48712
192.857457318,coredns,4884,0.22,0.0,64304,40618
192.857457318,coredns,4888,0.23,0.0,65720,41882
193.86834253499995,nodestore,4244,3.2,2.96769598521109,61356,61792
193.86834253499995,nodeapiserver,4272,5.33,2.96769598521109,338452,338624
193.86834253499995,nodescheduler,4266,1.11,0.9892319950703634,65404,65820
193.86834253499995,nodecontroller,4248,1.7,0.0,124372,124624
193.86834253499995,nodelet,4396,4.18,2.96769598521109,101920,99694
193.86834253499995,nodeproxy,4615,0.02,0.0,51740,51936
193.86834253499995,containerd,3680,1.99,0.9892319950703634,93852,92765
193.86834253499995,flanneld,5191,0.23,0.0,48436,48712
193.86834253499995,coredns,4884,0.22,0.0,64304,40618
193.86834253499995,coredns,4888,0.23,0.0,65720,41882
194.87810384299996,nodestore,4244,3.2,0.0,61356,61792
194.87810384299996,nodeapiserver,4272,5.35,1.9806661080739119,338452,338624
194.87810384299996,nodescheduler,4266,1.12,0.9903330540369559,65404,65820
194.87810384299996,nodecontroller,4248,1.72,1.9806661080739119,124372,124624
194.87810384299996,nodelet,4396,4.2,1.9806661080739119,101920,99694
194.87810384299996,nodeproxy,4615,0.02,0.0,51740,51936
194.87810384299996,containerd,3680,1.99,0.0,93852,92765
194.87810384299996,flanneld,5191,0.23,0.0,48436,48712
194.87810384299996,coredns,4884,0.22,0.0,64304,40618
194.87810384299996,coredns,4888,0.23,0.0,65720,41882
195.88787911999998,nodestore,4244,3.22,1.9806387079924184,61356,61792
195.88787911999998,nodeapiserver,4272,5.38,2.9709580619886276,338452,338624
195.88787911999998,nodescheduler,4266,1.12,0.0,65404,65820
195.88787911999998,nodecontroller,4248,1.74,1.9806387079924184,124372,124624
195.88787911999998,nodelet,4396,4.22,1.9806387079924184,101920,99694
195.88787911999998,nodeproxy,4615,0.02,0.0,51740,51936
195.88787911999998,containerd,3680,2.0,0.9903193539962092,93852,92765
195.88787911999998,flanneld,5191,0.23,0.0,48436,48712
195.88787911999998,coredns,4884,0.22,0.0,64304,40618
195.88787911999998,coredns,4888,0.23,0.0,65720,41882
196.897447667,nodestore,4244,3.23,0.9905221423265926,61356,61792
196.897447667,nodeapiserver,4272,5.41,2.971566426979778,338452,338624
196.897447667,nodescheduler,4266,1.13,0.9905221423265926,65404,65820
196.897447667,nodecontroller,4248,1.76,1.9810442846531853,124372,124624
196.897447667,nodelet,4396,4.24,1.9810442846531853,101920,99694
196.897447667,nodeproxy,4615,0.02,0.0,51740,51936
196.897447667,containerd,3680,2.01,0.9905221423265926,93852,92765
196.897447667,flanneld,5191,0.23,0.0,48436,48716
196.897447667,coredns,4884,0.22,0.0,64304,40622
196.897447667,coredns,4888,0.23,0.0,65720,41882
197.90684620499997,nodestore,4244,3.25,1.9813779441000714,61356,61796
197.90684620499997,nodeapiserver,4272,5.44,2.972066916150107,338452,338624
197.90684620499997,nodescheduler,4266,1.13,0.0,65404,65820
197.90684620499997,nodecontroller,4248,1.77,0.9906889720500357,124372,124624
197.90684620499997,nodelet,4396,4.26,1.9813779441000714,101920,99698
197.90684620499997,nodeproxy,4615,0.03,0.9906889720500357,51740,51936
197.90684620499997,containerd,3680,2.02,0.9906889720500357,93852,92765
197.90684620499997,flanneld,5191,0.23,0.0,48436,48716
197.90684620499997,coredns,4884,0.23,0.9906889720500357,64304,40622
197.90684620499997,coredns,4888,0.23,0.0,65720,41882
198.91674715,nodestore,4244,3.27,1.9803922453007974,61356,61800
198.91674715,nodeapiserver,4272,5.47,2.970588367951196,338452,338624
198.91674715,nodescheduler,4266,1.13,0.0,65404,65820
198.91674715,nodecontroller,4248,1.78,0.9901961226503987,124372,124624
198.91674715,nodelet,4396,4.27,0.9901961226503987,101920,99702
198.91674715,nodeproxy,4615,0.04,0.9901961226503987,49524,49700
198.91674715,containerd,3680,2.03,0.9901961226503987,93852,92765
198.91674715,flanneld,5191,0.23,0.0,48436,48716
198.91674715,coredns,4884,0.23,0.0,64304,40622
198.91674715,coredns,4888,0.23,0.0,65720,41886
199.92649316199999,nodestore,4244,3.29,1.9806961119248396,61356,61800
199.92649316199999,nodeapiserver,4272,5.49,1.9806961119248396,338452,338624
199.92649316199999,nodescheduler,4266,1.14,0.9903480559624198,65404,65820
199.92649316199999,nodecontroller,4248,1.79,0.9903480559624198,124372,124624
199.92649316199999,nodelet,4396,4.33,5.942088335774519,101920,99706
199.92649316199999,nodeproxy,4615,0.04,0.0,49524,49700
199.92649316199999,containerd,3680,2.07,3.9613922238496793,93852,92641
199.92649316199999,flanneld,5191,0.23,0.0,48436,48716
199.92649316199999,coredns,4884,0.23,0.0,64304,40622
199.92649316199999,coredns,4888,0.23,0.0,65720,41886
200.93601108399997,nodestore,4244,3.31,1.981143629463992,61356,61800
200.93601108399997,nodeapiserver,4272,5.52,2.9717154441959877,338452,338628
200.93601108399997,nodescheduler,4266,1.15,0.990571814731996,65404,65820
200.93601108399997,nodecontroller,4248,1.8,0.990571814731996,124372,124624
200.93601108399997,nodelet,4396,4.35,1.981143629463992,101920,99706
200.93601108399997,nodeproxy,4615,0.04,0.0,49524,49700
200.93601108399997,containerd,3680,2.07,0.0,93852,92641
200.93601108399997,flanneld,5191,0.23,0.0,48436,48716
200.93601108399997,coredns,4884,0.23,0.0,64304,40622
200.93601108399997,coredns,4888,0.24,0.990571814731996,65720,41886
201.94618757999996,nodestore,4244,3.31,0.0,61356,61804
201.94618757999996,nodeapiserver,4272,5.54,1.9798520435977642,338452,338628
201.94618757999996,nodescheduler,4266,1.15,0.0,65404,65820
201.94618757999996,nodecontroller,4248,1.8,0.0,124372,124624
201.94618757999996,nodelet,4396,4.37,1.9798520435977642,101920,99706
201.94618757999996,nodeproxy,4615,0.04,0.0,49524,49700
201.94618757999996,containerd,3680,2.08,0.9899260217988821,93852,92641
201.94618757999996,flanneld,5191,0.24,0.9899260217988821,48436,48720
201.94618757999996,coredns,4884,0.23,0.0,64304,40622
201.94618757999996,coredns,4888,0.24,0.0,65720,41886
202.95578920399998,nodestore,4244,3.33,1.9809793808334317,61356,61808
202.95578920399998,nodeapiserver,4272,5.64,9.904896904167158,330732,330824
202.95578920399998,nodescheduler,4266,1.16,0.9904896904167159,65404,65820
202.95578920399998,nodecontroller,4248,1.81,0.9904896904167159,124372,124624
202.95578920399998,nodelet,4396,4.39,1.9809793808334317,101920,99706
202.95578920399998,nodeproxy,4615,0.04,0.0,49524,49700
202.95578920399998,containerd,3680,2.08,0.0,93852,92641
202.95578920399998,flanneld,5191,0.24,0.0,48436,48724
202.95578920399998,coredns,4884,0.23,0.0,64304,40622
202.95578920399998,coredns,4888,0.24,0.0,65720,41886
203.96611906699997,nodestore,4244,3.34,0.989775752080307,61356,61808
203.96611906699997,nodeapiserver,4272,5.68,3.959103008321228,330732,330824
203.96611906699997,nodescheduler,4266,1.16,0.0,65404,65820
203.96611906699997,nodecontroller,4248,1.82,0.989775752080307,124372,124624
203.96611906699997,nodelet,4396,4.4,0.989775752080307,101920,99714
203.96611906699997,nodeproxy,4615,0.04,0.0,49524,49700
203.96611906699997,containerd,3680,2.1,1.979551504160614,93852,92641
203.96611906699997,flanneld,5191,0.24,0.0,48436,48724
203.96611906699997,coredns,4884,0.23,0.0,64304,40622
203.96611906699997,coredns,4888,0.24,0.0,65720,41886
204.975733735,nodestore,4244,3.36,1.9809537870144338,61356,61808
204.975733735,nodeapiserver,4272,5.7,1.9809537870144338,330732,330824
204.975733735,nodescheduler,4266,1.17,0.9904768935072169,65404,65820
204.975733735,nodecontroller,4248,1.82,0.0,124372,124628
204.975733735,nodelet,4396,4.42,1.9809537870144338,101920,99718
204.975733735,nodeproxy,4615,0.04,0.0,49524,49700
204.975733735,containerd,3680,2.1,0.0,93852,92641
204.975733735,flanneld,5191,0.24,0.0,48436,48724
204.975733735,coredns,4884,0.23,0.0,64304,40622
204.975733735,coredns,4888,0.24,0.0,65720,41890
205.98543995399996,nodestore,4244,3.37,0.990387086048093,61356,61812
205.98543995399996,nodeapiserver,4272,5.72,1.980774172096186,330732,330824
205.98543995399996,nodescheduler,4266,1.18,0.990387086048093,65404,65820
205.98543995399996,nodecontroller,4248,1.84,1.980774172096186,124372,124628
205.98543995399996,nodelet,4396,4.44,1.980774172096186,101920,99716
205.98543995399996,nodeproxy,4615,0.04,0.0,49524,49700
205.98543995399996,containerd,3680,2.11,0.990387086048093,93852,92640
205.98543995399996,flanneld,5191,0.24,0.0,48436,48724
205.98543995399996,coredns,4884,0.23,0.0,64304,40622
205.98543995399996,coredns,4888,0.24,0.0,65720,41890
206.99516887699997,nodestore,4244,3.39,1.9807296339078695,61356,61812
206.99516887699997,nodeapiserver,4272,5.74,1.9807296339078695,330732,330824
206.99516887699997,nodescheduler,4266,1.18,0.0,65404,65820
206.99516887699997,nodecontroller,4248,1.85,0.9903648169539347,124372,124628
206.99516887699997,nodelet,4396,4.48,3.961459267815739,101920,99716
206.99516887699997,nodeproxy,4615,0.04,0.0,49524,49700
206.99516887699997,containerd,3680,2.11,0.0,93852,92640
206.99516887699997,flanneld,5191,0.25,0.9903648169539347,48436,48724
206.99516887699997,coredns,4884,0.23,0.0,64304,40622
206.99516887699997,coredns,4888,0.24,0.0,65720,41890
208.0049406,nodestore,4244,3.4,0.9903228395314966,61356,61812
208.0049406,nodeapiserver,4272,5.77,2.9709685185944896,330732,330824
208.0049406,nodescheduler,4266,1.19,0.9903228395314966,65404,65820
208.0049406,nodecontroller,4248,1.85,0.0,124372,124628
208.0049406,nodelet,4396,4.49,0.9903228395314966,101920,99716
208.0049406,nodeproxy,4615,0.04,0.0,49524,49700
208.0049406,containerd,3680,2.13,1.9806456790629932,93852,92652
208.0049406,flanneld,5191,0.25,0.0,48436,48724
208.0049406,coredns,4884,0.23,0.0,64304,40622
208.0049406,coredns,4888,0.24,0.0,65720,41890
209.01455134999998,nodestore,4244,3.43,2.971442211763358,61356,61812
209.01455134999998,nodeapiserver,4272,5.79,1.9809614745089053,330732,330824
209.01455134999998,nodescheduler,4266,1.19,0.0,65404,65820
209.01455134999998,nodecontroller,4248,1.86,0.9904807372544526,124372,124628
209.01455134999998,nodelet,4396,4.51,1.9809614745089053,101920,99716
209.01455134999998,nodeproxy,4615,0.04,0.0,49524,49700
209.01455134999998,containerd,3680,2.13,0.0,93852,92652
209.01455134999998,flanneld,5191,0.25,0.0,48436,48724
209.01455134999998,coredns,4884,0.23,0.0,64304,40622
209.01455134999998,coredns,4888,0.24,0.0,65720,41890
210.024343913,nodestore,4244,3.44,0.9903024013457515,61356,61816
210.024343913,nodeapiserver,4272,5.82,2.9709072040372546,330732,330824
210.024343913,nodescheduler,4266,1.2,0.9903024013457515,65404,65820
210.024343913,nodecontroller,4248,1.87,0.9903024013457515,124372,124628
210.024343913,nodelet,4396,4.56,4.951512006728758,101920,99716
210.024343913,nodeproxy,4615,0.04,0.0,49524,49700
210.024343913,containerd,3680,2.16,2.9709072040372546,93852,92660
210.024343913,flanneld,5191,0.25,0.0,48436,48724
210.024343913,coredns,4884,0.24,0.9903024013457515,64304,40622
210.024343913,coredns,4888,0.24,0.0,65720,41890
211.034808801,nodestore,4244,3.46,1.9792869833988702,61356,61820
211.034808801,nodeapiserver,4272,5.86,3.9585739667977404,330732,330824
211.034808801,nodescheduler,4266,1.21,0.9896434916994351,65404,65820
211.034808801,nodecontroller,4248,1.87,0.0,124372,124628
211.034808801,nodelet,4396,4.58,1.9792869833988702,101920,99720
211.034808801,nodeproxy,4615,0.04,0.0,49524,49700
211.034808801,containerd,3680,2.17,0.9896434916994351,93852,92660
211.034808801,flanneld,5191,0.25,0.0,48436,48724
211.034808801,coredns,4884,0.25,0.9896434916994351,64304,40622
211.034808801,coredns,4888,0.24,0.0,65720,41890
212.04447800099996,nodestore,4244,3.47,0.9904233980793289,61356,61824
212.04447800099996,nodeapiserver,4272,5.87,0.9904233980793289,330732,330824
212.04447800099996,nodescheduler,4266,1.22,0.9904233980793289,65404,65820
212.04447800099996,nodecontroller,4248,1.88,0.9904233980793289,124372,124628
212.04447800099996,nodelet,4396,4.59,0.9904233980793289,101920,99720
212.04447800099996,nodeproxy,4615,0.04,0.0,49524,49700
212.04447800099996,containerd,3680,2.17,0.0,93852,92660
212.04447800099996,flanneld,5191,0.25,0.0,48436,48724
212.04447800099996,coredns,4884,0.25,0.0,64304,40622
212.04447800099996,coredns,4888,0.24,0.0,65720,41890
213.05429058199996,nodestore,4244,3.5,2.9708483103162915,61356,61828
213.05429058199996,nodeapiserver,4272,5.9,2.9708483103162915,330732,330824
213.05429058199996,nodescheduler,4266,1.22,0.0,65404,65820
213.05429058199996,nodecontroller,4248,1.89,0.9902827701054305,124372,124628
213.05429058199996,nodelet,4396,4.62,2.9708483103162915,101920,99720
213.05429058199996,nodeproxy,4615,0.04,0.0,49524,49700
213.05429058199996,containerd,3680,2.18,0.9902827701054305,93852,92660
213.05429058199996,flanneld,5191,0.26,0.9902827701054305,48436,48724
213.05429058199996,coredns,4884,0.25,0.0,64304,40622
213.05429058199996,coredns,4888,0.25,0.9902827701054305,65720,41890
214.064131916,nodestore,4244,3.52,1.9805091479845427,61356,61832
214.064131916,nodeapiserver,4272,5.93,2.970763721976814,330732,330824
214.064131916,nodescheduler,4266,1.23,0.9902545739922713,65404,65820
214.064131916,nodecontroller,4248,1.9,0.9902545739922713,124372,124628
214.064131916,nodelet,4396,4.63,0.9902545739922713,101920,99720
214.064131916,nodeproxy,4615,0.04,0.0,49524,49700
214.064131916,containerd,3680,2.2,1.9805091479845427,93852,92660
214.064131916,flanneld,5191,0.26,0.0,48436,48724
214.064131916,coredns,4884,0.25,0.0,64304,40622
214.064131916,coredns,4888,0.25,0.0,65720,41890
215.07379623699995,nodestore,4244,3.53,0.9904281841014503,61356,61832
215.07379623699995,nodeapiserver,4272,5.96,2.971284552304351,330732,330824
215.07379623699995,nodescheduler,4266,1.23,0.0,65404,65820
215.07379623699995,nodecontroller,4248,1.92,1.9808563682029006,124372,124628
215.07379623699995,nodelet,4396,4.67,3.961712736405801,101920,99720
215.07379623699995,nodeproxy,4615,0.04,0.0,49524,49700
215.07379623699995,containerd,3680,2.21,0.9904281841014503,93852,92660
215.07379623699995,flanneld,5191,0.26,0.0,48436,48724
215.07379623699995,coredns,4884,0.25,0.0,64304,40622
215.07379623699995,coredns,4888,0.25,0.0,65720,41890
216.083294675,nodestore,4244,3.55,1.981181866870731,61356,61832
216.083294675,nodeapiserver,4272,5.98,1.981181866870731,330732,330824
216.083294675,nodescheduler,4266,1.24,0.9905909334353655,65404,65820
216.083294675,nodecontroller,4248,1.92,0.0,124372,124628
216.083294675,nodelet,4396,4.68,0.9905909334353655,101920,99720
216.083294675,nodeproxy,4615,0.04,0.0,49524,49700
216.083294675,containerd,3680,2.22,0.9905909334353655,93852,92660
216.083294675,flanneld,5191,0.26,0.0,48436,48724
216.083294675,coredns,4884,0.25,0.0,64304,40622
216.083294675,coredns,4888,0.25,0.0,65720,41890
217.093128041,nodestore,4244,3.56,0.9902623875075947,61356,61832
217.093128041,nodeapiserver,4272,6.01,2.970787162522784,330732,330824
217.093128041,nodescheduler,4266,1.24,0.0,65404,65820
217.093128041,nodecontroller,4248,1.93,0.9902623875075947,124372,124628
217.093128041,nodelet,4396,4.71,2.970787162522784,101920,99720
217.093128041,nodeproxy,4615,0.04,0.0,49524,49700
217.093128041,containerd,3680,2.22,0.0,93852,92660
217.093128041,flanneld,5191,0.26,0.0,48436,48724
217.093128041,coredns,4884,0.25,0.0,64304,40622
217.093128041,coredns,4888,0.25,0.0,65720,41890
218.102845925,nodestore,4244,3.58,1.9807512887431495,61536,61900
218.102845925,nodeapiserver,4272,6.03,1.9807512887431495,330732,330824
218.102845925,nodescheduler,4266,1.25,0.9903756443715748,65404,65820
218.102845925,nodecontroller,4248,1.94,0.9903756443715748,124372,124628
218.102845925,nodelet,4396,4.72,0.9903756443715748,101920,99722
218.102845925,nodeproxy,4615,0.04,0.0,49524,49700
218.102845925,containerd,3680,2.24,1.9807512887431495,93852,92661
218.102845925,flanneld,5191,0.26,0.0,48268,48468
218.102845925,coredns,4884,0.25,0.0,64304,40622
218.102845925,coredns,4888,0.26,0.9903756443715748,65720,41890
219.11294620899997,nodestore,4244,3.6,1.980001423304272,61536,61900
219.11294620899997,nodeapiserver,4272,6.07,3.960002846608544,330732,330824
219.11294620899997,nodescheduler,4266,1.25,0.0,67580,67872
219.11294620899997,nodecontroller,4248,1.94,0.0,124372,124628
219.11294620899997,nodelet,4396,4.76,3.960002846608544,101920,99722
219.11294620899997,nodeproxy,4615,0.04,0.0,49524,49700
219.11294620899997,containerd,3680,2.26,1.980001423304272,93852,92669
219.11294620899997,flanneld,5191,0.26,0.0,48268,48468
219.11294620899997,coredns,4884,0.25,0.0,64304,40622
219.11294620899997,coredns,4888,0.26,0.0,65720,41890
220.12298654,nodestore,4244,3.6,0.0,61536,61900
220.12298654,nodeapiserver,4272,6.09,1.9801189503193666,330732,330824
220.12298654,nodescheduler,4266,1.26,0.9900594751596833,67580,67872
220.12298654,nodecontroller,4248,1.95,0.9900594751596833,124372,124628
220.12298654,nodelet,4396,4.8,3.960237900638733,101920,99722
220.12298654,nodeproxy,4615,0.04,0.0,49524,49700
220.12298654,containerd,3680,2.27,0.9900594751596833,93852,92673
220.12298654,flanneld,5191,0.26,0.0,48268,48468
220.12298654,coredns,4884,0.25,0.0,64304,40622
220.12298654,coredns,4888,0.26,0.0,65720,41890
221.13308435099998,nodestore,4244,3.62,1.9800062708976998,61536,61904
221.13308435099998,nodeapiserver,4272,6.12,2.9700094063465494,330732,330824
221.13308435099998,nodescheduler,4266,1.26,0.0,67580,67872
221.13308435099998,nodecontroller,4248,1.96,0.9900031354488499,124372,124628
221.13308435099998,nodelet,4396,4.81,0.9900031354488499,101920,99726
221.13308435099998,nodeproxy,4615,0.04,0.0,49524,49700
221.13308435099998,containerd,3680,2.28,0.9900031354488499,93852,92673
221.13308435099998,flanneld,5191,0.26,0.0,48268,48468
221.13308435099998,coredns,4884,0.25,0.0,64304,40622
221.13308435099998,coredns,4888,0.26,0.0,65720,41890
222.142976412,nodestore,4244,3.64,1.9804096667712765,61536,61908
222.142976412,nodeapiserver,4272,6.15,2.9706145001569144,330732,330824
222.142976412,nodescheduler,4266,1.26,0.0,67580,67872
222.142976412,nodecontroller,4248,1.96,0.0,124372,124628
222.142976412,nodelet,4396,4.84,2.9706145001569144,101920,99726
222.142976412,nodeproxy,4615,0.04,0.0,49524,49700
222.142976412,containerd,3680,2.28,0.0,93852,92673
222.142976412,flanneld,5191,0.26,0.0,48268,48468
222.142976412,coredns,4884,0.25,0.0,64304,40622
222.142976412,coredns,4888,0.26,0.0,65720,41890
223.152781651,nodestore,4244,3.66,1.980579940326489,61536,61908
223.152781651,nodeapiserver,4272,6.17,1.980579940326489,330732,330824
223.152781651,nodescheduler,4266,1.28,1.980579940326489,67580,67872
223.152781651,nodecontroller,4248,1.97,0.9902899701632445,124372,124628
223.152781651,nodelet,4396,4.86,1.980579940326489,101920,99726
223.152781651,nodeproxy,4615,0.04,0.0,49524,49700
223.152781651,containerd,3680,2.28,0.0,93852,92673
223.152781651,flanneld,5191,0.26,0.0,48268,48468
223.152781651,coredns,4884,0.25,0.0,64304,40622
223.152781651,coredns,4888,0.26,0.0,65720,41890
224.16257853399998,nodestore,4244,3.68,1.9805963294898012,61536,61908
224.16257853399998,nodeapiserver,4272,6.19,1.9805963294898012,330732,330824
224.16257853399998,nodescheduler,4266,1.29,0.9902981647449006,67580,67872
224.16257853399998,nodecontroller,4248,1.98,0.9902981647449006,124372,124628
224.16257853399998,nodelet,4396,4.87,0.9902981647449006,101920,99730
224.16257853399998,nodeproxy,4615,0.04,0.0,49524,49700
224.16257853399998,containerd,3680,2.3,1.9805963294898012,93852,92673
224.16257853399998,flanneld,5191,0.26,0.0,48268,48468
224.16257853399998,coredns,4884,0.26,0.9902981647449006,64304,40622
224.16257853399998,coredns,4888,0.26,0.0,65720,41890
225.17201579299996,nodestore,4244,3.68,0.0,61536,61908
225.17201579299996,nodeapiserver,4272,6.22,2.9719529106464826,330732,330824
225.17201579299996,nodescheduler,4266,1.3,0.9906509702154942,67580,67872
225.17201579299996,nodecontroller,4248,2.0,1.9813019404309884,124372,124628
225.17201579299996,nodelet,4396,4.89,1.9813019404309884,101920,99730
225.17201579299996,nodeproxy,4615,0.04,0.0,49524,49700
225.17201579299996,containerd,3680,2.3,0.0,93852,92673
225.17201579299996,flanneld,5191,0.26,0.0,48268,48468
225.17201579299996,coredns,4884,0.26,0.0,64304,40622
225.17201579299996,coredns,4888,0.26,0.0,65720,41890
226.181463039,nodestore,4244,3.7,1.9812823383540425,61536,61912
226.181463039,nodeapiserver,4272,6.25,2.9719235075310637,330732,330824
226.181463039,nodescheduler,4266,1.3,0.0,67580,67872
226.181463039,nodecontroller,4248,2.01,0.9906411691770213,124372,124628
226.181463039,nodelet,4396,4.9,0.9906411691770213,101920,99734
226.181463039,nodeproxy,4615,0.04,0.0,49524,49700
226.181463039,containerd,3680,2.31,0.9906411691770213,93852,92673
226.181463039,flanneld,5191,0.26,0.0,48268,48468
226.181463039,coredns,4884,0.26,0.0,64304,40622
226.181463039,coredns,4888,0.26,0.0,65720,41890
227.190983836,nodestore,4244,3.71,0.9905689936965277,61536,61912
227.190983836,nodeapiserver,4272,6.27,1.9811379873930555,330732,330824
227.190983836,nodescheduler,4266,1.31,0.9905689936965277,67580,67872
227.190983836,nodecontroller,4248,2.01,0.0,124372,124628
227.190983836,nodelet,4396,4.92,1.9811379873930555,101920,99742
227.190983836,nodeproxy,4615,0.04,0.0,49524,49700
227.190983836,containerd,3680,2.31,0.0,93852,92673
227.190983836,flanneld,5191,0.26,0.0,48268,48468
227.190983836,coredns,4884,0.26,0.0,64304,40622
227.190983836,coredns,4888,0.26,0.0,65720,41890
228.20193526999998,nodestore,4244,3.73,1.9783344013734452,61536,61912
228.20193526999998,nodeapiserver,4272,6.3,2.967501602060168,330732,330824
228.20193526999998,nodescheduler,4266,1.31,0.0,67580,67876
228.20193526999998,nodecontroller,4248,2.02,0.9891672006867226,124372,124628
228.20193526999998,nodelet,4396,4.94,1.9783344013734452,101920,99742
228.20193526999998,nodeproxy,4615,0.04,0.0,49524,49700
228.20193526999998,containerd,3680,2.34,2.967501602060168,93852,92677
228.20193526999998,flanneld,5191,0.27,0.9891672006867226,48268,48468
228.20193526999998,coredns,4884,0.26,0.0,64304,40622
228.20193526999998,coredns,4888,0.26,0.0,65720,41890
229.21143791099996,nodestore,4244,3.75,1.981173618346218,61536,61912
229.21143791099996,nodeapiserver,4272,6.33,2.9717604275193272,330732,330824
229.21143791099996,nodescheduler,4266,1.32,0.990586809173109,67580,67876
229.21143791099996,nodecontroller,4248,2.02,0.0,124372,124628
229.21143791099996,nodelet,4396,4.97,2.9717604275193272,101920,99742
229.21143791099996,nodeproxy,4615,0.04,0.0,49524,49700
229.21143791099996,containerd,3680,2.36,1.981173618346218,93852,92681
229.21143791099996,flanneld,5191,0.27,0.0,48268,48468
229.21143791099996,coredns,4884,0.26,0.0,64304,40622
229.21143791099996,coredns,4888,0.26,0.0,65720,41890
230.221339522,nodestore,4244,3.77,1.980390939291151,61536,61916
230.221339522,nodeapiserver,4272,6.36,2.970586408936726,330732,330824
230.221339522,nodescheduler,4266,1.32,0.0,67580,67876
230.221339522,nodecontroller,4248,2.04,1.980390939291151,124372,124628
230.221339522,nodelet,4396,5.02,4.950977348227878,101920,99826
230.221339522,nodeproxy,4615,0.04,0.0,49524,49700
230.221339522,containerd,3680,2.37,0.9901954696455755,93852,92685
230.221339522,flanneld,5191,0.27,0.0,48268,48468
230.221339522,coredns,4884,0.26,0.0,64304,40622
230.221339522,coredns,4888,0.26,0.0,65720,41890
231.231043119,nodestore,4244,3.77,0.0,61536,61916
231.231043119,nodeapiserver,4272,6.39,2.971168973660699,330732,330824
231.231043119,nodescheduler,4266,1.33,0.9903896578868997,67580,67876
231.231043119,nodecontroller,4248,2.04,0.0,124372,124628
231.231043119,nodelet,4396,5.03,0.9903896578868997,101920,99826
231.231043119,nodeproxy,4615,0.04,0.0,49524,49700
231.231043119,containerd,3680,2.38,0.9903896578868997,93852,92685
231.231043119,flanneld,5191,0.27,0.0,48268,48468
231.231043119,coredns,4884,0.26,0.0,64304,40622
231.231043119,coredns,4888,0.26,0.0,65720,41890
232.240513707,nodestore,4244,3.8,2.9718547877097756,61536,61916
232.240513707,nodeapiserver,4272,6.41,1.9812365251398503,330732,330824
232.240513707,nodescheduler,4266,1.33,0.0,67580,67876
232.240513707,nodecontroller,4248,2.05,0.9906182625699251,124372,124628
232.240513707,nodelet,4396,5.05,1.9812365251398503,101920,99826
232.240513707,nodeproxy,4615,0.04,0.0,49524,49700
232.240513707,containerd,3680,2.39,0.9906182625699251,93852,92685
232.240513707,flanneld,5191,0.27,0.0,48268,48468
232.240513707,coredns,4884,0.26,0.0,64304,40622
232.240513707,coredns,4888,0.27,0.9906182625699251,65720,41890
233.250290194,nodestore,4244,3.82,1.9806363346228115,61536,61920
233.250290194,nodeapiserver,4272,6.44,2.970954501934217,330732,330828
233.250290194,nodescheduler,4266,1.33,0.0,67580,67876
233.250290194,nodecontroller,4248,2.06,0.9903181673114058,124372,124628
233.250290194,nodelet,4396,5.06,0.9903181673114058,101920,99826
233.250290194,nodeproxy,4615,0.04,0.0,49524,49700
233.250290194,containerd,3680,2.39,0.0,93852,92685
233.250290194,flanneld,5191,0.28,0.9903181673114058,48268,48468
233.250290194,coredns,4884,0.26,0.0,64304,40622
233.250290194,coredns,4888,0.28,0.9903181673114058,65720,41890
234.260053046,nodestore,4244,3.83,0.9903315397465281,61536,61920
234.260053046,nodeapiserver,4272,6.46,1.9806630794930562,330732,330828
234.260053046,nodescheduler,4266,1.34,0.9903315397465281,67580,67876
234.260053046,nodecontroller,4248,2.07,0.9903315397465281,124372,124628
234.260053046,nodelet,4396,5.07,0.9903315397465281,101920,99826
234.260053046,nodeproxy,4615,0.04,0.0,49524,49700
234.260053046,containerd,3680,2.41,1.9806630794930562,93852,92685
234.260053046,flanneld,5191,0.28,0.0,48268,48468
234.260053046,coredns,4884,0.26,0.0,64304,40622
234.260053046,coredns,4888,0.28,0.0,65720,41890
235.27005233199998,nodestore,4244,3.85,1.9801994196657644,61536,61920
235.27005233199998,nodeapiserver,4272,6.49,2.9702991294986467,330732,330828
235.27005233199998,nodescheduler,4266,1.35,0.9900997098328822,67580,67876
235.27005233199998,nodecontroller,4248,2.08,0.9900997098328822,124372,124628
235.27005233199998,nodelet,4396,5.1,2.9702991294986467,101920,99826
235.27005233199998,nodeproxy,4615,0.04,0.0,49524,49700
235.27005233199998,containerd,3680,2.41,0.0,93852,92685
235.27005233199998,flanneld,5191,0.28,0.0,48268,48468
235.27005233199998,coredns,4884,0.26,0.0,64304,40622
235.27005233199998,coredns,4888,0.28,0.0,65720,41890
236.28018538999999,nodestore,4244,3.87,1.9799371817014466,61536,61924
236.28018538999999,nodeapiserver,4272,6.52,2.96990577255217,330732,330828
236.28018538999999,nodescheduler,4266,1.35,0.0,67580,67876
236.28018538999999,nodecontroller,4248,2.09,0.9899685908507233,124372,124628
236.28018538999999,nodelet,4396,5.11,0.9899685908507233,101920,99826
236.28018538999999,nodeproxy,4615,0.04,0.0,49524,49700
236.28018538999999,containerd,3680,2.42,0.9899685908507233,93852,92685
236.28018538999999,flanneld,5191,0.28,0.0,48268,48468
236.28018538999999,coredns,4884,0.27,0.9899685908507233,64304,40622
236.28018538999999,coredns,4888,0.28,0.0,65720,41890
237.28982845499996,nodestore,4244,3.88,0.9904490355708255,61536,61924
237.28982845499996,nodeapiserver,4272,6.54,1.980898071141651,330732,330828
237.28982845499996,nodescheduler,4266,1.37,1.980898071141651,67580,67876
237.28982845499996,nodecontroller,4248,2.09,0.0,124372,124628
237.28982845499996,nodelet,4396,5.13,1.980898071141651,101920,99826
237.28982845499996,nodeproxy,4615,0.04,0.0,49524,49700
237.28982845499996,containerd,3680,2.42,0.0,93852,92685
237.28982845499996,flanneld,5191,0.28,0.0,48268,48468
237.28982845499996,coredns,4884,0.27,0.0,64304,40622
237.28982845499996,coredns,4888,0.28,0.0,65720,41890
238.299655518,nodestore,4244,3.9,1.9805371367829043,61536,61932
238.299655518,nodeapiserver,4272,6.57,2.9708057051743566,330732,330828
238.299655518,nodescheduler,4266,1.37,0.0,67580,67876
238.299655518,nodecontroller,4248,2.1,0.9902685683914522,124372,124628
238.299655518,nodelet,4396,5.15,1.9805371367829043,101920,99826
238.299655518,nodeproxy,4615,0.04,0.0,49524,49700
238.299655518,containerd,3680,2.43,0.9902685683914522,93852,92685
238.299655518,flanneld,5191,0.28,0.0,48268,48468
238.299655518,coredns,4884,0.27,0.0,64304,40622
238.299655518,coredns,4888,0.28,0.0,65720,41890
239.309429249,nodestore,4244,3.92,1.9806417404217544,61536,61936
239.309429249,nodeapiserver,4272,6.6,2.9709626106326317,330732,330828
239.309429249,nodescheduler,4266,1.37,0.0,67580,67876
239.309429249,nodecontroller,4248,2.11,0.9903208702108772,124372,124628
239.309429249,nodelet,4396,5.2,4.951604351054386,101920,99826
239.309429249,nodeproxy,4615,0.04,0.0,49524,49700
239.309429249,containerd,3680,2.45,1.9806417404217544,93852,92685
239.309429249,flanneld,5191,0.28,0.0,48268,48468
239.309429249,coredns,4884,0.27,0.0,64304,40622
239.309429249,coredns,4888,0.28,0.0,65720,41890
240.318957162,nodestore,4244,3.93,0.9905620113348966,61536,61936
240.318957162,nodeapiserver,4272,6.62,1.9811240226697933,330732,330828
240.318957162,nodescheduler,4266,1.38,0.9905620113348966,67580,67876
240.318957162,nodecontroller,4248,2.13,1.9811240226697933,122048,122232
240.318957162,nodelet,4396,5.24,3.9622480453395865,101920,99826
240.318957162,nodeproxy,4615,0.04,0.0,49524,49700
240.318957162,containerd,3680,2.48,2.97168603400469,93320,91981
240.318957162,flanneld,5191,0.28,0.0,48268,48468
240.318957162,coredns,4884,0.27,0.0,64304,40622
240.318957162,coredns,4888,0.28,0.0,65720,41890
241.328482334,nodestore,4244,3.94,0.9905647008473044,61536,61936
241.328482334,nodeapiserver,4272,6.64,1.9811294016946088,330732,330832
241.328482334,nodescheduler,4266,1.38,0.0,67580,67876
241.328482334,nodecontroller,4248,2.14,0.9905647008473044,122048,122232
241.328482334,nodelet,4396,5.26,1.9811294016946088,101920,99826
241.328482334,nodeproxy,4615,0.04,0.0,49524,49700
241.328482334,containerd,3680,2.48,0.0,93320,91981
241.328482334,flanneld,5191,0.28,0.0,48268,48468
241.328482334,coredns,4884,0.28,0.9905647008473044,64304,40622
241.328482334,coredns,4888,0.28,0.0,65720,41890
242.33812728199996,nodestore,4244,3.96,1.980894376742903,61536,61944
242.33812728199996,nodeapiserver,4272,6.67,2.9713415651143547,330732,330832
242.33812728199996,nodescheduler,4266,1.39,0.9904471883714515,67580,67876
242.33812728199996,nodecontroller,4248,2.15,0.9904471883714515,122048,122232
242.33812728199996,nodelet,4396,5.27,0.9904471883714515,101920,99837
242.33812728199996,nodeproxy,4615,0.04,0.0,49524,49700
242.33812728199996,containerd,3680,2.49,0.9904471883714515,93320,91983
242.33812728199996,flanneld,5191,0.29,0.9904471883714515,48268,48468
242.33812728199996,coredns,4884,0.28,0.0,64304,40622
242.33812728199996,coredns,4888,0.28,0.0,65720,41890
243.348337685,nodestore,4244,3.99,2.969678386889379,61536,61948
243.348337685,nodeapiserver,4272,6.71,3.9595711825191717,330732,330832
243.348337685,nodescheduler,4266,1.39,0.0,67580,67876
243.348337685,nodecontroller,4248,2.16,0.9898927956297929,122048,122232
243.348337685,nodelet,4396,5.3,2.969678386889379,101920,99837
243.348337685,nodeproxy,4615,0.04,0.0,49524,49700
243.348337685,containerd,3680,2.5,0.9898927956297929,93320,91983
243.348337685,flanneld,5191,0.29,0.0,48268,48468
243.348337685,coredns,4884,0.28,0.0,64304,40622
243.348337685,coredns,4888,0.28,0.0,65720,41890
244.357786293,nodestore,4244,4.0,0.9906398325530074,61536,61948
244.357786293,nodeapiserver,4272,6.73,1.9812796651060147,330732,330832
244.357786293,nodescheduler,4266,1.4,0.9906398325530074,67580,67876
244.357786293,nodecontroller,4248,2.17,0.9906398325530074,122048,122232
244.357786293,nodelet,4396,5.32,1.9812796651060147,101920,99841
244.357786293,nodeproxy,4615,0.04,0.0,49524,49700
244.357786293,containerd,3680,2.51,0.9906398325530074,93320,91983
244.357786293,flanneld,5191,0.29,0.0,48268,48468
244.357786293,coredns,4884,0.28,0.0,64304,40622
244.357786293,coredns,4888,0.28,0.0,65720,41890
245.36754883099997,nodestore,4244,4.01,0.9903318477042157,61536,61948
245.36754883099997,nodeapiserver,4272,6.75,1.9806636954084313,330732,330832
245.36754883099997,nodescheduler,4266,1.41,0.9903318477042157,67580,67876
245.36754883099997,nodecontroller,4248,2.18,0.9903318477042157,122048,122232
245.36754883099997,nodelet,4396,5.33,0.9903318477042157,101920,99845
245.36754883099997,nodeproxy,4615,0.04,0.0,49524,49700
245.36754883099997,containerd,3680,2.51,0.0,93320,91983
245.36754883099997,flanneld,5191,0.29,0.0,48268,48468
245.36754883099997,coredns,4884,0.28,0.0,64304,40622
245.36754883099997,coredns,4888,0.28,0.0,65720,41890
246.377226813,nodestore,4244,4.03,1.9808295671044402,61536,61952
246.377226813,nodeapiserver,4272,6.78,2.97124435065666,330732,330832
246.377226813,nodescheduler,4266,1.41,0.0,67580,67876
246.377226813,nodecontroller,4248,2.19,0.9904147835522201,122048,122232
246.377226813,nodelet,4396,5.35,1.9808295671044402,101920,99849
246.377226813,nodeproxy,4615,0.04,0.0,49524,49700
246.377226813,containerd,3680,2.52,0.9904147835522201,93320,91983
246.377226813,flanneld,5191,0.29,0.0,48268,48468
246.377226813,coredns,4884,0.28,0.0,64304,40622
246.377226813,coredns,4888,0.29,0.9904147835522201,65720,41894
247.38698757699996,nodestore,4244,4.04,0.9903335875704871,61536,61956
247.38698757699996,nodeapiserver,4272,6.81,2.971000762711461,330732,330832
247.38698757699996,nodescheduler,4266,1.41,0.0,67580,67876
247.38698757699996,nodecontroller,4248,2.2,0.9903335875704871,122048,122232
247.38698757699996,nodelet,4396,5.38,2.971000762711461,101920,99865
247.38698757699996,nodeproxy,4615,0.04,0.0,49524,49700
247.38698757699996,containerd,3680,2.54,1.9806671751409741,93320,91983
247.38698757699996,flanneld,5191,0.29,0.0,48268,48468
247.38698757699996,coredns,4884,0.28,0.0,64304,40622
247.38698757699996,coredns,4888,0.29,0.0,65720,41894
248.39694840799996,nodestore,4244,4.08,3.960549634424384,61664,61960
248.39694840799996,nodeapiserver,4272,6.85,3.960549634424384,330732,330832
248.39694840799996,nodescheduler,4266,1.42,0.990137408606096,67580,67876
248.39694840799996,nodecontroller,4248,2.2,0.0,122048,122232
248.39694840799996,nodelet,4396,5.4,1.980274817212192,101920,99865
248.39694840799996,nodeproxy,4615,0.04,0.0,49524,49700
248.39694840799996,containerd,3680,2.54,0.0,93320,91983
248.39694840799996,flanneld,5191,0.29,0.0,48268,48468
248.39694840799996,coredns,4884,0.28,0.0,64304,40622
248.39694840799996,coredns,4888,0.29,0.0,65720,41894
249.40657188299997,nodestore,4244,4.08,0.0,61664,61960
249.40657188299997,nodeapiserver,4272,6.87,1.980936507047814,330732,330832
249.40657188299997,nodescheduler,4266,1.43,0.990468253523907,67580,67876
249.40657188299997,nodecontroller,4248,2.21,0.990468253523907,122048,122232
249.40657188299997,nodelet,4396,5.45,4.952341267619535,101920,99881
249.40657188299997,nodeproxy,4615,0.04,0.0,49524,49700
249.40657188299997,containerd,3680,2.6,5.942809521143442,93320,91987
249.40657188299997,flanneld,5191,0.29,0.0,48268,48468
249.40657188299997,coredns,4884,0.28,0.0,64304,40622
249.40657188299997,coredns,4888,0.29,0.0,65720,41894
250.41668868699998,nodestore,4244,4.1,1.9799690412832571,61664,61964
250.41668868699998,nodeapiserver,4272,6.91,3.9599380825665143,330732,330832
250.41668868699998,nodescheduler,4266,1.43,0.0,67580,67880
250.41668868699998,nodecontroller,4248,2.22,0.9899845206416286,122048,122232
250.41668868699998,nodelet,4396,5.5,4.949922603208143,101920,99881
250.41668868699998,nodeproxy,4615,0.04,0.0,49524,49700
250.41668868699998,containerd,3680,2.61,0.9899845206416286,93320,91987
250.41668868699998,flanneld,5191,0.29,0.0,48268,48468
250.41668868699998,coredns,4884,0.28,0.0,64304,40622
250.41668868699998,coredns,4888,0.29,0.0,65720,41894
251.42710160899998,nodestore,4244,4.11,0.9896943895181098,61664,61964
251.42710160899998,nodeapiserver,4272,6.93,1.9793887790362197,330732,330836
251.42710160899998,nodescheduler,4266,1.45,1.9793887790362197,67580,67884
251.42710160899998,nodecontroller,4248,2.23,0.9896943895181098,122048,122232
251.42710160899998,nodelet,4396,5.52,1.9793887790362197,102048,99885
251.42710160899998,nodeproxy,4615,0.04,0.0,49524,49700
251.42710160899998,containerd,3680,2.62,0.9896943895181098,93448,91999
251.42710160899998,flanneld,5191,0.29,0.0,48268,48468
251.42710160899998,coredns,4884,0.3,1.9793887790362197,64304,40622
251.42710160899998,coredns,4888,0.29,0.0,65720,41894
252.439976269,nodestore,4244,4.13,1.9745779798656975,61664,61964
252.439976269,nodeapiserver,4272,6.97,3.949155959731395,330732,330836
252.439976269,nodescheduler,4266,1.45,0.0,67580,67884
252.439976269,nodecontroller,4248,2.24,0.9872889899328487,122048,122232
252.439976269,nodelet,4396,5.54,1.9745779798656975,101280,99053
252.439976269,nodeproxy,4615,0.04,0.0,49524,49700
252.439976269,containerd,3680,2.62,0.0,93448,91999
252.439976269,flanneld,5191,0.3,0.9872889899328487,48268,48476
252.439976269,coredns,4884,0.3,0.0,64304,40622
252.439976269,coredns,4888,0.29,0.0,65720,41894
253.450582515,nodestore,4244,4.16,2.9685151975599147,61664,61968
253.450582515,nodeapiserver,4272,7.0,2.9685151975599147,330732,330836
253.450582515,nodescheduler,4266,1.46,0.9895050658533048,67580,67884
253.450582515,nodecontroller,4248,2.25,0.9895050658533048,122048,122232
253.450582515,nodelet,4396,5.57,2.9685151975599147,101280,99053
253.450582515,nodeproxy,4615,0.04,0.0,49524,49700
253.450582515,containerd,3680,2.64,1.9790101317066096,93448,91999
253.450582515,flanneld,5191,0.3,0.0,48268,48476
253.450582515,coredns,4884,0.3,0.0,64304,40622
253.450582515,coredns,4888,0.29,0.0,65720,41894
254.46030548799996,nodestore,4244,4.18,1.980741305764164,61664,61968
254.46030548799996,nodeapiserver,4272,7.03,2.971111958646246,330732,330836
254.46030548799996,nodescheduler,4266,1.46,0.0,67580,67888
254.46030548799996,nodecontroller,4248,2.26,0.990370652882082,122048,122232
254.46030548799996,nodelet,4396,5.58,0.990370652882082,101280,99057
254.46030548799996,nodeproxy,4615,0.04,0.0,49524,49700
254.46030548799996,containerd,3680,2.64,0.0,93448,91999
254.46030548799996,flanneld,5191,0.3,0.0,48268,48476
254.46030548799996,coredns,4884,0.3,0.0,64304,40622
254.46030548799996,coredns,4888,0.29,0.0,65720,41894
255.47080122699998,nodestore,4244,4.19,0.9896132773301871,61664,61968
255.47080122699998,nodeapiserver,4272,7.06,2.9688398319905613,330732,330836
255.47080122699998,nodescheduler,4266,1.47,0.9896132773301871,67580,67896
255.47080122699998,nodecontroller,4248,2.27,0.9896132773301871,122048,122232
255.47080122699998,nodelet,4396,5.61,2.9688398319905613,101280,99057
255.47080122699998,nodeproxy,4615,0.04,0.0,49524,49700
255.47080122699998,containerd,3680,2.65,0.9896132773301871,93448,91999
255.47080122699998,flanneld,5191,0.3,0.0,48268,48476
255.47080122699998,coredns,4884,0.3,0.0,64304,40622
255.47080122699998,coredns,4888,0.29,0.0,65720,41894
256.480673252,nodestore,4244,4.21,1.9804489583717444,61664,61968
256.480673252,nodeapiserver,4272,7.1,3.960897916743489,330732,330836
256.480673252,nodescheduler,4266,1.47,0.0,67580,67896
256.480673252,nodecontroller,4248,2.29,1.9804489583717444,122048,122232
256.480673252,nodelet,4396,5.63,1.9804489583717444,101280,99057
256.480673252,nodeproxy,4615,0.04,0.0,49524,49700
256.480673252,containerd,3680,2.66,0.9902244791858722,93448,91999
256.480673252,flanneld,5191,0.3,0.0,48268,48476
256.480673252,coredns,4884,0.3,0.0,64304,40622
256.480673252,coredns,4888,0.3,0.9902244791858722,65720,41894
257.49027295999997,nodestore,4244,4.22,0.9904915701501014,61664,61968
257.49027295999997,nodeapiserver,4272,7.13,2.971474710450304,330732,330836
257.49027295999997,nodescheduler,4266,1.48,0.9904915701501014,67580,67896
257.49027295999997,nodecontroller,4248,2.3,0.9904915701501014,122048,122232
257.49027295999997,nodelet,4396,5.63,0.0,101280,99057
257.49027295999997,nodeproxy,4615,0.04,0.0,49524,49700
257.49027295999997,containerd,3680,2.67,0.9904915701501014,93448,91999
257.49027295999997,flanneld,5191,0.3,0.0,48268,48476
257.49027295999997,coredns,4884,0.3,0.0,64304,40622
257.49027295999997,coredns,4888,0.3,0.0,65720,41894
258.500028139,nodestore,4244,4.25,2.9710171954462727,61664,61972
258.500028139,nodeapiserver,4272,7.16,2.9710171954462727,330732,330836
258.500028139,nodescheduler,4266,1.48,0.0,67580,67896
258.500028139,nodecontroller,4248,2.32,1.9806781302975152,122048,122232
258.500028139,nodelet,4396,5.65,1.9806781302975152,101280,99057
258.500028139,nodeproxy,4615,0.04,0.0,49524,49700
258.500028139,containerd,3680,2.69,1.9806781302975152,93448,91999
258.500028139,flanneld,5191,0.3,0.0,48268,48476
258.500028139,coredns,4884,0.3,0.0,64304,40622
258.500028139,coredns,4888,0.31,0.9903390651487576,65720,41894
259.509739337,nodestore,4244,4.27,1.9807644046748683,61664,61972
259.509739337,nodeapiserver,4272,7.18,1.9807644046748683,330732,330836
259.509739337,nodescheduler,4266,1.49,0.9903822023374341,67580,67896
259.509739337,nodecontroller,4248,2.33,0.9903822023374341,122048,122232
259.509739337,nodelet,4396,5.68,2.9711466070123023,101280,99057
259.509739337,nodeproxy,4615,0.04,0.0,49524,49700
259.509739337,containerd,3680,2.71,1.9807644046748683,93448,92003
259.509739337,flanneld,5191,0.3,0.0,48268,48476
259.509739337,coredns,4884,0.3,0.0,64304,40622
259.509739337,coredns,4888,0.31,0.0,65720,41894
260.51942473599996,nodestore,4244,4.29,1.9808150162227365,61664,61972
260.51942473599996,nodeapiserver,4272,7.22,3.961630032445473,330732,330836
260.51942473599996,nodescheduler,4266,1.49,0.0,67580,67896
260.51942473599996,nodecontroller,4248,2.34,0.9904075081113682,122048,122232
260.51942473599996,nodelet,4396,5.73,4.952037540556841,101280,99061
260.51942473599996,nodeproxy,4615,0.04,0.0,49524,49700
260.51942473599996,containerd,3680,2.71,0.0,93448,92003
260.51942473599996,flanneld,5191,0.31,0.9904075081113682,48268,48476
260.51942473599996,coredns,4884,0.31,0.9904075081113682,64304,40622
260.51942473599996,coredns,4888,0.31,0.0,65720,41894
261.528977545,nodestore,4244,4.3,0.9905375836559999,61664,61972
261.528977545,nodeapiserver,4272,7.25,2.9716127509679997,330732,330836
261.528977545,nodescheduler,4266,1.5,0.9905375836559999,67580,67896
261.528977545,nodecontroller,4248,2.35,0.9905375836559999,122048,122232
261.528977545,nodelet,4396,5.75,1.9810751673119997,101280,99061
261.528977545,nodeproxy,4615,0.04,0.0,49524,49700
261.528977545,containerd,3680,2.72,0.9905375836559999,93448,92003
261.528977545,flanneld,5191,0.31,0.0,48268,48476
261.528977545,coredns,4884,0.31,0.0,64304,40622
261.528977545,coredns,4888,0.31,0.0,65720,41894
262.53860239899996,nodestore,4244,4.31,0.9904669006890546,61664,61980
262.53860239899996,nodeapiserver,4272,7.27,1.9809338013781093,330732,330836
262.53860239899996,nodescheduler,4266,1.5,0.0,67580,67896
262.53860239899996,nodecontroller,4248,2.36,0.9904669006890546,122048,122232
262.53860239899996,nodelet,4396,5.77,1.9809338013781093,101280,99061
262.53860239899996,nodeproxy,4615,0.04,0.0,49524,49700
262.53860239899996,containerd,3680,2.73,0.9904669006890546,93448,92003
262.53860239899996,flanneld,5191,0.31,0.0,48268,48476
262.53860239899996,coredns,4884,0.31,0.0,64304,40622
262.53860239899996,coredns,4888,0.31,0.0,65720,41894
263.54863587399996,nodestore,4244,4.33,1.9801323911566393,61664,61980
263.54863587399996,nodeapiserver,4272,7.3,2.9701985867349587,330732,330836
263.54863587399996,nodescheduler,4266,1.51,0.9900661955783197,67580,67896
263.54863587399996,nodecontroller,4248,2.36,0.0,128064,128264
263.54863587399996,nodelet,4396,5.78,0.9900661955783197,101280,99061
263.54863587399996,nodeproxy,4615,0.04,0.0,49524,49700
263.54863587399996,containerd,3680,2.75,1.9801323911566393,93576,92195
263.54863587399996,flanneld,5191,0.31,0.0,48268,48476
263.54863587399996,coredns,4884,0.31,0.0,64304,40622
263.54863587399996,coredns,4888,0.31,0.0,65720,41894
264.558485321,nodestore,4244,4.34,0.9902466184149709,61664,61980
264.558485321,nodeapiserver,4272,7.33,2.9707398552449127,330732,330836
264.558485321,nodescheduler,4266,1.52,0.9902466184149709,67580,67900
264.558485321,nodecontroller,4248,2.38,1.9804932368299417,128064,128264
264.558485321,nodelet,4396,5.8,1.9804932368299417,101280,99065
264.558485321,nodeproxy,4615,0.04,0.0,49524,49700
264.558485321,containerd,3680,2.76,0.9902466184149709,93576,92203
264.558485321,flanneld,5191,0.31,0.0,48268,48476
264.558485321,coredns,4884,0.31,0.0,64304,40622
264.558485321,coredns,4888,0.31,0.0,65720,41894
265.568196925,nodestore,4244,4.37,2.9711454123289927,61664,61980
265.568196925,nodeapiserver,4272,7.35,1.9807636082193283,330732,330836
265.568196925,nodescheduler,4266,1.53,0.9903818041096641,67580,67900
265.568196925,nodecontroller,4248,2.38,0.0,128064,128264
265.568196925,nodelet,4396,5.82,1.9807636082193283,101280,99065
265.568196925,nodeproxy,4615,0.04,0.0,49524,49700
265.568196925,containerd,3680,2.76,0.0,93576,92283
265.568196925,flanneld,5191,0.31,0.0,48268,48476
265.568196925,coredns,4884,0.31,0.0,64304,40622
265.568196925,coredns,4888,0.31,0.0,65720,41894
266.57762821299997,nodestore,4244,4.38,0.9906568301259415,61664,61984
266.57762821299997,nodeapiserver,4272,7.38,2.971970490377825,330732,330836
266.57762821299997,nodescheduler,4266,1.53,0.0,67580,67900
266.57762821299997,nodecontroller,4248,2.4,1.981313660251883,128064,128264
266.57762821299997,nodelet,4396,5.83,0.9906568301259415,101280,99065
266.57762821299997,nodeproxy,4615,0.04,0.0,49524,49700
266.57762821299997,containerd,3680,2.77,0.9906568301259415,93704,92315
266.57762821299997,flanneld,5191,0.31,0.0,48268,48476
266.57762821299997,coredns,4884,0.31,0.0,64304,40622
266.57762821299997,coredns,4888,0.31,0.0,65720,41894
267.587272231,nodestore,4244,4.39,0.9904481006888736,61664,61984
267.587272231,nodeapiserver,4272,7.4,1.9808962013777471,330732,330836
267.587272231,nodescheduler,4266,1.54,0.9904481006888736,67580,67900
267.587272231,nodecontroller,4248,2.4,0.0,128064,128264
267.587272231,nodelet,4396,5.86,2.971344302066621,101280,99065
267.587272231,nodeproxy,4615,0.04,0.0,49524,49700
267.587272231,containerd,3680,2.78,0.9904481006888736,93704,92315
267.587272231,flanneld,5191,0.32,0.9904481006888736,48268,48480
267.587272231,coredns,4884,0.31,0.0,64304,40622
267.587272231,coredns,4888,0.32,0.9904481006888736,65720,41894
268.596893717,nodestore,4244,4.43,3.961880819164681,61664,61984
268.596893717,nodeapiserver,4272,7.43,2.9714106143735104,330732,330836
268.596893717,nodescheduler,4266,1.54,0.0,67580,67900
268.596893717,nodecontroller,4248,2.41,0.9904702047911702,128064,128264
268.596893717,nodelet,4396,5.86,0.0,101280,99065
268.596893717,nodeproxy,4615,0.04,0.0,49524,49700
268.596893717,containerd,3680,2.79,0.9904702047911702,93704,92315
268.596893717,flanneld,5191,0.32,0.0,48268,48480
268.596893717,coredns,4884,0.31,0.0,64304,40622
268.596893717,coredns,4888,0.32,0.0,65720,41894
269.606621232,nodestore,4244,4.44,0.9903661979539019,61664,61992
269.606621232,nodeapiserver,4272,7.46,2.9710985938617056,330732,330836
269.606621232,nodescheduler,4266,1.54,0.0,67580,67900
269.606621232,nodecontroller,4248,2.41,0.0,128064,128264
269.606621232,nodelet,4396,5.91,4.951830989769509,101280,99077
269.606621232,nodeproxy,4615,0.04,0.0,49524,49700
269.606621232,containerd,3680,2.81,1.9807323959078038,93704,92323
269.606621232,flanneld,5191,0.32,0.0,48268,48480
269.606621232,coredns,4884,0.31,0.0,64304,40622
269.606621232,coredns,4888,0.32,0.0,65720,41894
270.616372372,nodestore,4244,4.45,0.9903430265005774,61664,61992
270.616372372,nodeapiserver,4272,7.49,2.9710290795017325,330732,330836
270.616372372,nodescheduler,4266,1.55,0.9903430265005774,67580,67900
270.616372372,nodecontroller,4248,2.42,0.9903430265005774,128064,128264
270.616372372,nodelet,4396,5.96,4.951715132502887,101280,99081
270.616372372,nodeproxy,4615,0.04,0.0,49524,49700
270.616372372,containerd,3680,2.82,0.9903430265005774,93704,92323
270.616372372,flanneld,5191,0.32,0.0,48268,48480
270.616372372,coredns,4884,0.31,0.0,64304,40622
270.616372372,coredns,4888,0.32,0.0,65720,41894
271.625982827,nodestore,4244,4.47,1.9809620533298211,61664,61992
271.625982827,nodeapiserver,4272,7.51,1.9809620533298211,330732,330836
271.625982827,nodescheduler,4266,1.55,0.0,67580,67900
271.625982827,nodecontroller,4248,2.43,0.9904810266649106,128064,128264
271.625982827,nodelet,4396,5.98,1.9809620533298211,101280,99081
271.625982827,nodeproxy,4615,0.04,0.0,49524,49700
271.625982827,containerd,3680,2.83,0.9904810266649106,93704,92323
271.625982827,flanneld,5191,0.32,0.0,48268,48480
271.625982827,coredns,4884,0.31,0.0,64304,40622
271.625982827,coredns,4888,0.32,0.0,65720,41894
272.63814544499996,nodestore,4244,4.48,0.9879835336894541,61664,61992
272.63814544499996,nodeapiserver,4272,7.53,1.9759670673789083,330732,330836
272.63814544499996,nodescheduler,4266,1.56,0.9879835336894541,67580,67904
272.63814544499996,nodecontroller,4248,2.43,0.0,128064,128264
272.63814544499996,nodelet,4396,6.0,1.9759670673789083,101280,99081
272.63814544499996,nodeproxy,4615,0.04,0.0,49524,49700
272.63814544499996,containerd,3680,2.84,0.9879835336894541,93704,92323
272.63814544499996,flanneld,5191,0.32,0.0,48268,48480
272.63814544499996,coredns,4884,0.31,0.0,64304,40622
272.63814544499996,coredns,4888,0.32,0.0,65720,41894
273.647790161,nodestore,4244,4.5,1.9808948319202118,61664,62000
273.647790161,nodeapiserver,4272,7.55,1.9808948319202118,330732,330836
273.647790161,nodescheduler,4266,1.56,0.0,67580,67904
273.647790161,nodecontroller,4248,2.44,0.9904474159601059,130368,130588
273.647790161,nodelet,4396,6.01,0.9904474159601059,101280,99081
273.647790161,nodeproxy,4615,0.04,0.0,49524,49700
273.647790161,containerd,3680,2.85,0.9904474159601059,93704,92323
273.647790161,flanneld,5191,0.32,0.0,48268,48480
273.647790161,coredns,4884,0.32,0.9904474159601059,64304,40622
273.647790161,coredns,4888,0.32,0.0,65720,41894
274.65805518599996,nodestore,4244,4.51,0.9898392750951986,61664,62000
274.65805518599996,nodeapiserver,4272,7.58,2.969517825285596,330732,330836
274.65805518599996,nodescheduler,4266,1.57,0.9898392750951986,67580,67908
274.65805518599996,nodecontroller,4248,2.46,1.9796785501903973,130368,130588
274.65805518599996,nodelet,4396,6.03,1.9796785501903973,101280,99081
274.65805518599996,nodeproxy,4615,0.04,0.0,49524,49700
274.65805518599996,containerd,3680,2.85,0.0,93704,92323
274.65805518599996,flanneld,5191,0.32,0.0,48268,48480
274.65805518599996,coredns,4884,0.32,0.0,64304,40622
274.65805518599996,coredns,4888,0.32,0.0,65720,41894
275.66773243399996,nodestore,4244,4.54,2.9712465106473234,61664,62008
275.66773243399996,nodeapiserver,4272,7.61,2.9712465106473234,330732,330836
275.66773243399996,nodescheduler,4266,1.58,0.9904155035491078,67580,67908
275.66773243399996,nodecontroller,4248,2.47,0.9904155035491078,130368,130592
275.66773243399996,nodelet,4396,6.05,1.9808310070982156,101280,99085
275.66773243399996,nodeproxy,4615,0.04,0.0,49524,49700
275.66773243399996,containerd,3680,2.86,0.9904155035491078,93704,92323
275.66773243399996,flanneld,5191,0.32,0.0,48268,48480
275.66773243399996,coredns,4884,0.32,0.0,64304,40622
275.66773243399996,coredns,4888,0.32,0.0,65720,41894
276.677360571,nodestore,4244,4.55,0.9904636799954306,61664,62008
276.677360571,nodeapiserver,4272,7.63,1.9809273599908612,330732,330836
276.677360571,nodescheduler,4266,1.59,0.9904636799954306,67580,67908
276.677360571,nodecontroller,4248,2.47,0.0,130368,130592
276.677360571,nodelet,4396,6.08,2.9713910399862917,101408,99101
276.677360571,nodeproxy,4615,0.04,0.0,49524,49700
276.677360571,containerd,3680,2.87,0.9904636799954306,93704,92323
276.677360571,flanneld,5191,0.32,0.0,48268,48480
276.677360571,coredns,4884,0.32,0.0,64304,40622
276.677360571,coredns,4888,0.32,0.0,65720,41894
277.687016719,nodestore,4244,4.55,0.0,61664,62008
277.687016719,nodeapiserver,4272,7.65,1.9808724029084472,330732,330836
277.687016719,nodescheduler,4266,1.59,0.0,67580,67908
277.687016719,nodecontroller,4248,2.48,0.9904362014542236,130368,130592
277.687016719,nodelet,4396,6.09,0.9904362014542236,101408,99161
277.687016719,nodeproxy,4615,0.04,0.0,49524,49700
277.687016719,containerd,3680,2.9,2.9713086043626706,93704,92327
277.687016719,flanneld,5191,0.34,1.9808724029084472,48268,48484
277.687016719,coredns,4884,0.32,0.0,64304,40622
277.687016719,coredns,4888,0.32,0.0,65720,41894
278.696831686,nodestore,4244,4.58,2.9708412907688335,61664,62028
278.696831686,nodeapiserver,4272,7.68,2.9708412907688335,330732,330836
278.696831686,nodescheduler,4266,1.6,0.9902804302562778,67580,67908
278.696831686,nodecontroller,4248,2.48,0.0,130368,130592
278.696831686,nodelet,4396,6.1,0.9902804302562778,101408,99365
278.696831686,nodeproxy,4615,0.04,0.0,49524,49700
278.696831686,containerd,3680,2.9,0.0,93704,92327
278.696831686,flanneld,5191,0.34,0.0,48268,48484
278.696831686,coredns,4884,0.32,0.0,64304,40622
278.696831686,coredns,4888,0.32,0.0,65720,41894
279.706643686,nodestore,4244,4.59,0.9902833398691928,61664,62028
279.706643686,nodeapiserver,4272,7.71,2.970850019607578,330732,330840
279.706643686,nodescheduler,4266,1.6,0.0,67580,67908
279.706643686,nodecontroller,4248,2.49,0.9902833398691928,130368,130592
279.706643686,nodelet,4396,6.13,2.970850019607578,101536,99429
279.706643686,nodeproxy,4615,0.04,0.0,49524,49700
279.706643686,containerd,3680,2.92,1.9805666797383856,93704,92331
279.706643686,flanneld,5191,0.34,0.0,48268,48484
279.706643686,coredns,4884,0.32,0.0,64304,40622
279.706643686,coredns,4888,0.33,0.9902833398691928,65720,41894
280.71610191599996,nodestore,4244,4.61,1.9812607798542579,61664,62028
280.71610191599996,nodeapiserver,4272,7.74,2.9718911697813866,330732,330840
280.71610191599996,nodescheduler,4266,1.61,0.9906303899271289,67580,67912
280.71610191599996,nodecontroller,4248,2.51,1.9812607798542579,130368,130592
280.71610191599996,nodelet,4396,6.16,2.9718911697813866,101536,99437
280.71610191599996,nodeproxy,4615,0.04,0.0,49524,49700
280.71610191599996,containerd,3680,2.93,0.9906303899271289,93704,92331
280.71610191599996,flanneld,5191,0.34,0.0,48268,48484
280.71610191599996,coredns,4884,0.32,0.0,64304,40622
280.71610191599996,coredns,4888,0.33,0.0,65720,41902
281.725786008,nodestore,4244,4.62,0.9904087901584541,61664,62028
281.725786008,nodeapiserver,4272,7.78,3.9616351606338163,330732,330840
281.725786008,nodescheduler,4266,1.61,0.0,67580,67920
281.725786008,nodecontroller,4248,2.51,0.0,130368,130592
281.725786008,nodelet,4396,6.17,0.9904087901584541,101536,99437
281.725786008,nodeproxy,4615,0.04,0.0,49524,49700
281.725786008,containerd,3680,2.93,0.0,93704,92331
281.725786008,flanneld,5191,0.34,0.0,48268,48484
281.725786008,coredns,4884,0.32,0.0,64304,40622
281.725786008,coredns,4888,0.33,0.0,65720,41902
282.73534798099996,nodestore,4244,4.64,1.9810571846886282,61664,62028
282.73534798099996,nodeapiserver,4272,7.8,1.9810571846886282,330732,330840
282.73534798099996,nodescheduler,4266,1.62,0.9905285923443141,67580,67920
282.73534798099996,nodecontroller,4248,2.52,0.9905285923443141,130368,130600
282.73534798099996,nodelet,4396,6.19,1.9810571846886282,101536,99437
282.73534798099996,nodeproxy,4615,0.04,0.0,49524,49700
282.73534798099996,containerd,3680,2.95,1.9810571846886282,93704,92335
282.73534798099996,flanneld,5191,0.34,0.0,48268,48484
282.73534798099996,coredns,4884,0.32,0.0,64304,40622
282.73534798099996,coredns,4888,0.33,0.0,65720,41902
283.74502885799996,nodestore,4244,4.66,1.9808238875856339,61664,62032
283.74502885799996,nodeapiserver,4272,7.82,1.9808238875856339,330732,330840
283.74502885799996,nodescheduler,4266,1.63,0.9904119437928169,67580,67924
283.74502885799996,nodecontroller,4248,2.53,0.9904119437928169,130368,130600
283.74502885799996,nodelet,4396,6.21,1.9808238875856339,101536,99441
283.74502885799996,nodeproxy,4615,0.04,0.0,49524,49700
283.74502885799996,containerd,3680,2.95,0.0,93704,92335
283.74502885799996,flanneld,5191,0.34,0.0,48268,48484
283.74502885799996,coredns,4884,0.32,0.0,64304,40622
283.74502885799996,coredns,4888,0.33,0.0,65720,41902
284.754787531,nodestore,4244,4.67,0.9903356383451223,61664,62032
284.754787531,nodeapiserver,4272,7.85,2.9710069150353666,330732,330840
284.754787531,nodescheduler,4266,1.63,0.0,67580,67924
284.754787531,nodecontroller,4248,2.53,0.0,130368,130600
284.754787531,nodelet,4396,6.22,0.9903356383451223,101536,99441
284.754787531,nodeproxy,4615,0.04,0.0,49524,49700
284.754787531,containerd,3680,2.96,0.9903356383451223,93704,92335
284.754787531,flanneld,5191,0.34,0.0,48268,48484
284.754787531,coredns,4884,0.33,0.9903356383451223,64304,40626
284.754787531,coredns,4888,0.34,0.9903356383451223,65720,41902
285.76461897999997,nodestore,4244,4.69,1.9805285347178974,61664,62036
285.76461897999997,nodeapiserver,4272,7.88,2.970792802076846,330732,330840
285.76461897999997,nodescheduler,4266,1.63,0.0,67580,67924
285.76461897999997,nodecontroller,4248,2.55,1.9805285347178974,130368,130600
285.76461897999997,nodelet,4396,6.25,2.970792802076846,101536,99445
285.76461897999997,nodeproxy,4615,0.04,0.0,49524,49700
285.76461897999997,containerd,3680,2.97,0.9902642673589487,93704,92335
285.76461897999997,flanneld,5191,0.34,0.0,48268,48484
285.76461897999997,coredns,4884,0.33,0.0,64304,40626
285.76461897999997,coredns,4888,0.34,0.0,65720,41902
286.774203034,nodestore,4244,4.7,0.9905069281135702,61664,62036
286.774203034,nodeapiserver,4272,7.91,2.9715207843407105,330732,330840
286.774203034,nodescheduler,4266,1.64,0.9905069281135702,67580,67924
286.774203034,nodecontroller,4248,2.55,0.0,130368,130600
286.774203034,nodelet,4396,6.27,1.9810138562271404,101536,99445
286.774203034,nodeproxy,4615,0.04,0.0,49524,49700
286.774203034,containerd,3680,2.98,0.9905069281135702,93704,92335
286.774203034,flanneld,5191,0.34,0.0,48268,48484
286.774203034,coredns,4884,0.34,0.9905069281135702,64304,40626
286.774203034,coredns,4888,0.34,0.0,65720,41906
287.783844055,nodestore,4244,4.72,1.980902081433965,61664,62036
287.783844055,nodeapiserver,4272,7.93,1.980902081433965,330732,330840
287.783844055,nodescheduler,4266,1.65,0.9904510407169825,67580,67924
287.783844055,nodecontroller,4248,2.56,0.9904510407169825,130368,130600
287.783844055,nodelet,4396,6.27,0.0,101536,99445
287.783844055,nodeproxy,4615,0.04,0.0,49524,49700
287.783844055,containerd,3680,2.99,0.9904510407169825,93704,92339
287.783844055,flanneld,5191,0.34,0.0,48268,48484
287.783844055,coredns,4884,0.34,0.0,64304,40626
287.783844055,coredns,4888,0.34,0.0,65720,41906
288.793505305,nodestore,4244,4.74,1.980862393203618,61664,62036
288.793505305,nodeapiserver,4272,7.96,2.9712935898054273,330732,330844
288.793505305,nodescheduler,4266,1.66,0.990431196601809,67580,67924
288.793505305,nodecontroller,4248,2.57,0.990431196601809,130368,130600
288.793505305,nodelet,4396,6.29,1.980862393203618,101536,99445
288.793505305,nodeproxy,4615,0.04,0.0,49524,49700
288.793505305,containerd,3680,3.0,0.990431196601809,93704,92343
288.793505305,flanneld,5191,0.34,0.0,48268,48484
288.793505305,coredns,4884,0.34,0.0,64304,40626
288.793505305,coredns,4888,0.34,0.0,65720,41906
289.802945002,nodestore,4244,4.76,1.9812971551880534,61664,62040
289.802945002,nodeapiserver,4272,7.99,2.9719457327820797,330732,330844
289.802945002,nodescheduler,4266,1.66,0.0,67580,67924
289.802945002,nodecontroller,4248,2.58,0.9906485775940267,130368,130600
289.802945002,nodelet,4396,6.32,2.9719457327820797,101536,99445
289.802945002,nodeproxy,4615,0.04,0.0,49524,49700
289.802945002,containerd,3680,3.03,2.9719457327820797,93392,91963
289.802945002,flanneld,5191,0.34,0.0,48268,48484
289.802945002,coredns,4884,0.34,0.0,64304,40626
289.802945002,coredns,4888,0.34,0.0,65720,41906
290.812777277,nodestore,4244,4.78,1.9805269147294626,61664,62104
290.812777277,nodeapiserver,4272,8.03,3.9610538294589253,330732,330844
290.812777277,nodescheduler,4266,1.66,0.0,67580,67924
290.812777277,nodecontroller,4248,2.59,0.9902634573647313,130368,130600
290.812777277,nodelet,4396,6.37,4.951317286823657,101536,99449
290.812777277,nodeproxy,4615,0.04,0.0,49524,49700
290.812777277,containerd,3680,3.03,0.0,93392,91967
290.812777277,flanneld,5191,0.34,0.0,48268,48484
290.812777277,coredns,4884,0.34,0.0,64304,40626
290.812777277,coredns,4888,0.34,0.0,65720,41906
291.822313205,nodestore,4244,4.8,1.9811082939487197,61664,62104
291.822313205,nodeapiserver,4272,8.06,2.9716624409230796,330732,330844
291.822313205,nodescheduler,4266,1.67,0.9905541469743598,67580,67924
291.822313205,nodecontroller,4248,2.6,0.9905541469743598,130368,130600
291.822313205,nodelet,4396,6.4,2.9716624409230796,101536,99449
291.822313205,nodeproxy,4615,0.04,0.0,49524,49700
291.822313205,containerd,3680,3.04,0.9905541469743598,93392,91967
291.822313205,flanneld,5191,0.34,0.0,48268,48484
291.822313205,coredns,4884,0.34,0.0,64304,40626
291.822313205,coredns,4888,0.34,0.0,65720,41906
292.83218302,nodestore,4244,4.81,0.990226646193993,61664,62104
292.83218302,nodeapiserver,4272,8.09,2.970679938581979,330732,330844
292.83218302,nodescheduler,4266,1.67,0.0,67580,67924
292.83218302,nodecontroller,4248,2.61,0.990226646193993,130368,130600
292.83218302,nodelet,4396,6.42,1.980453292387986,101536,99449
292.83218302,nodeproxy,4615,0.04,0.0,49524,49700
292.83218302,containerd,3680,3.05,0.990226646193993,93392,91967
292.83218302,flanneld,5191,0.35,0.990226646193993,48268,48484
292.83218302,coredns,4884,0.34,0.0,64304,40626
292.83218302,coredns,4888,0.34,0.0,65720,41906
293.841927661,nodestore,4244,4.83,1.9806988012526674,61664,62112
293.841927661,nodeapiserver,4272,8.1,0.9903494006263337,330732,330848
293.841927661,nodescheduler,4266,1.69,1.9806988012526674,67580,67928
293.841927661,nodecontroller,4248,2.61,0.0,130368,130600
293.841927661,nodelet,4396,6.43,0.9903494006263337,101536,99449
293.841927661,nodeproxy,4615,0.04,0.0,49524,49700
293.841927661,containerd,3680,3.06,0.9903494006263337,93392,91967
293.841927661,flanneld,5191,0.35,0.0,48268,48484
293.841927661,coredns,4884,0.34,0.0,64304,40626
293.841927661,coredns,4888,0.35,0.9903494006263337,65720,41906
294.851437169,nodestore,4244,4.84,0.9905800708912117,61664,62112
294.851437169,nodeapiserver,4272,8.13,2.971740212673635,330732,330848
294.851437169,nodescheduler,4266,1.69,0.0,67580,67932
294.851437169,nodecontroller,4248,2.62,0.9905800708912117,130368,130600
294.851437169,nodelet,4396,6.45,1.9811601417824234,101536,99449
294.851437169,nodeproxy,4615,0.04,0.0,49524,49700
294.851437169,containerd,3680,3.06,0.0,93392,91967
294.851437169,flanneld,5191,0.35,0.0,48268,48484
294.851437169,coredns,4884,0.34,0.0,64304,40626
294.851437169,coredns,4888,0.35,0.0,65720,41906
295.86197891999996,nodestore,4244,4.86,1.9791364364915807,61664,62112
295.86197891999996,nodeapiserver,4272,8.16,2.9687046547373708,330732,330848
295.86197891999996,nodescheduler,4266,1.71,1.9791364364915807,67580,67932
295.86197891999996,nodecontroller,4248,2.63,0.9895682182457903,130368,130600
295.86197891999996,nodelet,4396,6.46,0.9895682182457903,101536,99449
295.86197891999996,nodeproxy,4615,0.04,0.0,49524,49700
295.86197891999996,containerd,3680,3.08,1.9791364364915807,93392,91967
295.86197891999996,flanneld,5191,0.35,0.0,48268,48484
295.86197891999996,coredns,4884,0.34,0.0,64304,40626
295.86197891999996,coredns,4888,0.35,0.0,65720,41906
296.87214957099997,nodestore,4244,4.88,1.9798634993207502,61664,62112
296.87214957099997,nodeapiserver,4272,8.19,2.9697952489811255,330732,330852
296.87214957099997,nodescheduler,4266,1.71,0.0,67580,67932
296.87214957099997,nodecontroller,4248,2.64,0.9899317496603751,130368,130604
296.87214957099997,nodelet,4396,6.48,1.9798634993207502,101536,99449
296.87214957099997,nodeproxy,4615,0.04,0.0,49524,49700
296.87214957099997,containerd,3680,3.08,0.0,93392,91967
296.87214957099997,flanneld,5191,0.35,0.0,48268,48484
296.87214957099997,coredns,4884,0.35,0.9899317496603751,64304,40626
296.87214957099997,coredns,4888,0.35,0.0,65720,41906
297.882767765,nodestore,4244,4.9,1.9789867349251051,61664,62116
297.882767765,nodeapiserver,4272,8.22,2.9684801023876575,330732,330852
297.882767765,nodescheduler,4266,1.72,0.9894933674625526,67580,67932
297.882767765,nodecontroller,4248,2.65,0.9894933674625526,130368,130604
297.882767765,nodelet,4396,6.49,0.9894933674625526,101536,99449
297.882767765,nodeproxy,4615,0.04,0.0,49524,49700
297.882767765,containerd,3680,3.1,1.9789867349251051,93392,91971
297.882767765,flanneld,5191,0.35,0.0,48268,48484
297.882767765,coredns,4884,0.35,0.0,64304,40626
297.882767765,coredns,4888,0.35,0.0,65720,41910
298.893830505,nodestore,4244,4.92,1.978116610251111,61664,62116
298.893830505,nodeapiserver,4272,8.24,1.978116610251111,330732,330852
298.893830505,nodescheduler,4266,1.72,0.0,67580,67932
298.893830505,nodecontroller,4248,2.65,0.0,130368,130604
298.893830505,nodelet,4396,6.5,0.9890583051255555,101536,99449
298.893830505,nodeproxy,4615,0.04,0.0,49524,49700
298.893830505,containerd,3680,3.1,0.0,93392,91971
298.893830505,flanneld,5191,0.35,0.0,48268,48484
298.893830505,coredns,4884,0.35,0.0,64304,40626
298.893830505,coredns,4888,0.35,0.0,65720,41910
299.90338033399996,nodestore,4244,4.93,0.9905405075354832,61664,62116
299.90338033399996,nodeapiserver,4272,8.27,2.9716215226064495,330732,330852
299.90338033399996,nodescheduler,4266,1.73,0.9905405075354832,67580,67932
299.90338033399996,nodecontroller,4248,2.66,0.9905405075354832,130368,130604
299.90338033399996,nodelet,4396,6.54,3.9621620301419327,101536,99453
299.90338033399996,nodeproxy,4615,0.04,0.0,49524,49700
299.90338033399996,containerd,3680,3.13,2.9716215226064495,93520,92031
299.90338033399996,flanneld,5191,0.35,0.0,48268,48484
299.90338033399996,coredns,4884,0.35,0.0,64304,40626
299.90338033399996,coredns,4888,0.35,0.0,65720,41910
300.91329144599996,nodestore,4244,4.96,2.9705584623768426,61664,62116
300.91329144599996,nodeapiserver,4272,8.3,2.9705584623768426,330732,330852
300.91329144599996,nodescheduler,4266,1.73,0.0,67580,67932
300.91329144599996,nodecontroller,4248,2.67,0.9901861541256143,130368,130604
300.91329144599996,nodelet,4396,6.58,3.960744616502457,101536,99469
300.91329144599996,nodeproxy,4615,0.04,0.0,49524,49700
300.91329144599996,containerd,3680,3.14,0.9901861541256143,93520,92031
300.91329144599996,flanneld,5191,0.35,0.0,48268,48484
300.91329144599996,coredns,4884,0.35,0.0,64304,40626
300.91329144599996,coredns,4888,0.35,0.0,65720,41910
