elapsed_seconds,component,pid,cpu_seconds,cpu_pct_one_core,rss_kib,pss_kib
1.0001838339999978,nodestore,4284,0.02,1.9996323995774605,58660,59220
1.0001838339999978,nodeapiserver,4305,0.04,3.999264799154921,350956,351188
1.0001838339999978,nodescheduler,4298,0.01,0.9998161997887303,62888,63104
1.0001838339999978,nodecontroller,4291,0.01,0.9998161997887303,124036,124380
1.0001838339999978,nodelet,4427,0.02,1.9996323995774605,93036,90829
1.0001838339999978,nodeproxy,4636,0.0,0.0,52148,52496
1.0001838339999978,containerd,3698,0.0,0.0,77520,76449
1.0001838339999978,flanneld,5274,0.0,0.0,48452,48508
1.0001838339999978,coredns,4906,0.01,0.9998161997887303,63804,40314
1.0001838339999978,coredns,4925,0.0,0.0,63416,40042
2.013087721000005,nodestore,4284,0.04,1.974521004084157,58660,59224
2.013087721000005,nodeapiserver,4305,0.07,2.9617815061262354,350956,351188
2.013087721000005,nodescheduler,4298,0.02,0.9872605020420785,62888,63108
2.013087721000005,nodecontroller,4291,0.02,0.9872605020420785,124036,124380
2.013087721000005,nodelet,4427,0.03,0.9872605020420785,93036,90837
2.013087721000005,nodeproxy,4636,0.0,0.0,52148,52496
2.013087721000005,containerd,3698,0.01,0.9872605020420785,77520,76449
2.013087721000005,flanneld,5274,0.0,0.0,48452,48508
2.013087721000005,coredns,4906,0.01,0.0,63804,40314
2.013087721000005,coredns,4925,0.0,0.0,63416,40042
3.0231401879999993,nodestore,4284,0.06,1.9800951587597198,58660,59232
3.0231401879999993,nodeapiserver,4305,0.11,3.9601903175194395,350956,351192
3.0231401879999993,nodescheduler,4298,0.02,0.0,62888,63108
3.0231401879999993,nodecontroller,4291,0.02,0.0,124036,124384
3.0231401879999993,nodelet,4427,0.04,0.9900475793798599,93036,90841
3.0231401879999993,nodeproxy,4636,0.0,0.0,52148,52496
3.0231401879999993,containerd,3698,0.02,0.9900475793798599,77520,76449
3.0231401879999993,flanneld,5274,0.0,0.0,48452,48508
3.0231401879999993,coredns,4906,0.01,0.0,63804,40314
3.0231401879999993,coredns,4925,0.0,0.0,63416,40046
4.032507843999994,nodestore,4284,0.07,0.9907192825683381,58660,59232
4.032507843999994,nodeapiserver,4305,0.14,2.9721578477050143,350956,351192
4.032507843999994,nodescheduler,4298,0.03,0.9907192825683381,62888,63116
4.032507843999994,nodecontroller,4291,0.03,0.9907192825683381,124036,124384
4.032507843999994,nodelet,4427,0.11,6.9350349779783675,93036,90861
4.032507843999994,nodeproxy,4636,0.0,0.0,52148,52496
4.032507843999994,containerd,3698,0.05,2.9721578477050143,77520,76449
4.032507843999994,flanneld,5274,0.01,0.9907192825683381,48452,48512
4.032507843999994,coredns,4906,0.01,0.0,63932,40326
4.032507843999994,coredns,4925,0.0,0.0,63416,40046
5.042499030000002,nodestore,4284,0.09,1.980215300611529,58660,59232
5.042499030000002,nodeapiserver,4305,0.17,2.9703229509172937,350956,351192
5.042499030000002,nodescheduler,4298,0.03,0.0,62888,63116
5.042499030000002,nodecontroller,4291,0.05,1.980215300611529,124036,124384
5.042499030000002,nodelet,4427,0.13,1.980215300611529,93036,90865
5.042499030000002,nodeproxy,4636,0.0,0.0,52148,52496
5.042499030000002,containerd,3698,0.05,0.0,77520,76449
5.042499030000002,flanneld,5274,0.01,0.0,48452,48576
5.042499030000002,coredns,4906,0.01,0.0,63932,40326
5.042499030000002,coredns,4925,0.0,0.0,63416,40046
6.052318065000009,nodestore,4284,0.1,0.9902764409664682,58788,59248
6.052318065000009,nodeapiserver,4305,0.2,2.9708293228994047,350956,351192
6.052318065000009,nodescheduler,4298,0.04,0.9902764409664682,62888,63120
6.052318065000009,nodecontroller,4291,0.06,0.9902764409664682,124036,124388
6.052318065000009,nodelet,4427,0.15,1.9805528819329363,93036,90865
6.052318065000009,nodeproxy,4636,0.0,0.0,52148,52496
6.052318065000009,containerd,3698,0.05,0.0,77520,76449
6.052318065000009,flanneld,5274,0.01,0.0,48452,48576
6.052318065000009,coredns,4906,0.01,0.0,63932,40326
6.052318065000009,coredns,4925,0.0,0.0,63416,40046
7.0627536169999985,nodestore,4284,0.12,1.9793444480861062,58788,59252
7.0627536169999985,nodeapiserver,4305,0.23,2.9690166721291593,350956,351196
7.0627536169999985,nodescheduler,4298,0.05,0.9896722240430531,62888,63120
7.0627536169999985,nodecontroller,4291,0.06,0.0,124036,124388
7.0627536169999985,nodelet,4427,0.18,2.9690166721291593,93036,90865
7.0627536169999985,nodeproxy,4636,0.0,0.0,52148,52496
7.0627536169999985,containerd,3698,0.07,1.9793444480861062,77520,76453
7.0627536169999985,flanneld,5274,0.01,0.0,48452,48576
7.0627536169999985,coredns,4906,0.01,0.0,63932,40330
7.0627536169999985,coredns,4925,0.0,0.0,63416,40046
8.072159395,nodestore,4284,0.14,1.981363732593967,58788,59256
8.072159395,nodeapiserver,4305,0.25,1.981363732593967,350956,351196
8.072159395,nodescheduler,4298,0.05,0.0,62888,63120
8.072159395,nodecontroller,4291,0.07,0.9906818662969835,124036,124388
8.072159395,nodelet,4427,0.2,1.981363732593967,93036,90869
8.072159395,nodeproxy,4636,0.0,0.0,52148,52496
8.072159395,containerd,3698,0.08,0.9906818662969835,77520,76505
8.072159395,flanneld,5274,0.01,0.0,48452,48576
8.072159395,coredns,4906,0.01,0.0,63932,40330
8.072159395,coredns,4925,0.0,0.0,63416,40046
9.081529214999989,nodestore,4284,0.15,0.9907171585534533,58788,59260
9.081529214999989,nodeapiserver,4305,0.27,1.9814343171069067,350956,351196
9.081529214999989,nodescheduler,4298,0.06,0.9907171585534533,62888,63120
9.081529214999989,nodecontroller,4291,0.08,0.9907171585534533,124036,124392
9.081529214999989,nodelet,4427,0.22,1.9814343171069067,93036,90869
9.081529214999989,nodeproxy,4636,0.0,0.0,52148,52496
9.081529214999989,containerd,3698,0.08,0.0,77520,76517
9.081529214999989,flanneld,5274,0.01,0.0,48452,48576
9.081529214999989,coredns,4906,0.02,0.9907171585534533,63932,40334
9.081529214999989,coredns,4925,0.0,0.0,63416,40046
10.090889586999992,nodestore,4284,0.17,1.9814528640916305,58788,59260
10.090889586999992,nodeapiserver,4305,0.3,2.972179296137446,350956,351196
10.090889586999992,nodescheduler,4298,0.06,0.0,62888,63120
10.090889586999992,nodecontroller,4291,0.1,1.9814528640916305,124036,124392
10.090889586999992,nodelet,4427,0.24,1.9814528640916305,93036,90873
10.090889586999992,nodeproxy,4636,0.0,0.0,52148,52496
10.090889586999992,containerd,3698,0.1,1.9814528640916305,77904,76797
10.090889586999992,flanneld,5274,0.02,0.9907264320458152,48452,48608
10.090889586999992,coredns,4906,0.02,0.0,63932,40334
10.090889586999992,coredns,4925,0.02,1.9814528640916305,63416,40046
11.100244438999994,nodestore,4284,0.19,1.981463700339945,58788,59260
11.100244438999994,nodeapiserver,4305,0.33,2.9721955505099174,350956,351196
11.100244438999994,nodescheduler,4298,0.06,0.0,62888,63120
11.100244438999994,nodecontroller,4291,0.12,1.981463700339945,124036,124400
11.100244438999994,nodelet,4427,0.26,1.981463700339945,93036,90873
11.100244438999994,nodeproxy,4636,0.0,0.0,52148,52496
11.100244438999994,containerd,3698,0.1,0.0,78160,77061
11.100244438999994,flanneld,5274,0.02,0.0,48452,48608
11.100244438999994,coredns,4906,0.02,0.0,63932,40334
11.100244438999994,coredns,4925,0.02,0.0,63416,40050
12.10999974500001,nodestore,4284,0.2,0.9903389405908044,58788,59260
12.10999974500001,nodeapiserver,4305,0.36,2.9710168217724133,350956,351196
12.10999974500001,nodescheduler,4298,0.07,0.9903389405908044,62888,63124
12.10999974500001,nodecontroller,4291,0.13,0.9903389405908044,124036,124404
12.10999974500001,nodelet,4427,0.28,1.9806778811816088,93036,90877
12.10999974500001,nodeproxy,4636,0.0,0.0,52148,52504
12.10999974500001,containerd,3698,0.11,0.9903389405908044,78544,77397
12.10999974500001,flanneld,5274,0.02,0.0,48452,48608
12.10999974500001,coredns,4906,0.02,0.0,63932,40338
12.10999974500001,coredns,4925,0.02,0.0,63416,40050
13.119263498999999,nodestore,4284,0.22,1.9816425508926212,58788,59268
13.119263498999999,nodeapiserver,4305,0.39,2.972463826338932,351084,351260
13.119263498999999,nodescheduler,4298,0.08,0.9908212754463106,62888,63124
13.119263498999999,nodecontroller,4291,0.13,0.0,124036,124408
13.119263498999999,nodelet,4427,0.28,0.0,95164,92929
13.119263498999999,nodeproxy,4636,0.0,0.0,52148,52504
13.119263498999999,containerd,3698,0.11,0.0,78928,77737
13.119263498999999,flanneld,5274,0.02,0.0,48452,48612
13.119263498999999,coredns,4906,0.02,0.0,63932,40338
13.119263498999999,coredns,4925,0.02,0.0,63416,40050
14.129284853999991,nodestore,4284,0.23,0.9900780761214775,58788,59268
14.129284853999991,nodeapiserver,4305,0.41,1.980156152242955,351084,351260
14.129284853999991,nodescheduler,4298,0.08,0.0,62888,63124
14.129284853999991,nodecontroller,4291,0.14,0.9900780761214775,124036,124408
14.129284853999991,nodelet,4427,0.34,5.940468456728865,97248,95033
14.129284853999991,nodeproxy,4636,0.0,0.0,52148,52504
14.129284853999991,containerd,3698,0.15,3.96031230448591,79312,78157
14.129284853999991,flanneld,5274,0.02,0.0,48452,48612
14.129284853999991,coredns,4906,0.02,0.0,63932,40338
14.129284853999991,coredns,4925,0.02,0.0,63416,40050
15.138930283999997,nodestore,4284,0.25,1.9808934310731123,58788,59268
15.138930283999997,nodeapiserver,4305,0.44,2.9713401466096685,351084,351260
15.138930283999997,nodescheduler,4298,0.09,0.9904467155365562,62888,63124
15.138930283999997,nodecontroller,4291,0.15,0.9904467155365562,124036,124408
15.138930283999997,nodelet,4427,0.35,0.9904467155365562,97248,95037
15.138930283999997,nodeproxy,4636,0.0,0.0,52148,52504
15.138930283999997,containerd,3698,0.15,0.0,79312,78157
15.138930283999997,flanneld,5274,0.02,0.0,48452,48612
15.138930283999997,coredns,4906,0.02,0.0,63932,40338
15.138930283999997,coredns,4925,0.02,0.0,63416,40050
16.148655835,nodestore,4284,0.27,1.980736248596719,58788,59280
16.148655835,nodeapiserver,4305,0.48,3.961472497193438,351084,351260
16.148655835,nodescheduler,4298,0.1,0.9903681242983595,62888,63124
16.148655835,nodecontroller,4291,0.15,0.0,124036,124408
16.148655835,nodelet,4427,0.36,0.9903681242983595,97248,95041
16.148655835,nodeproxy,4636,0.0,0.0,52148,52504
16.148655835,containerd,3698,0.16,0.9903681242983595,79312,78161
16.148655835,flanneld,5274,0.02,0.0,48452,48612
16.148655835,coredns,4906,0.02,0.0,63932,40338
16.148655835,coredns,4925,0.02,0.0,63416,40050
17.158159006999995,nodestore,4284,0.3,2.9717588643693875,58788,59280
17.158159006999995,nodeapiserver,4305,0.51,2.9717588643693875,351084,351260
17.158159006999995,nodescheduler,4298,0.11,0.9905862881231291,62888,63124
17.158159006999995,nodecontroller,4291,0.17,1.9811725762462582,124036,124408
17.158159006999995,nodelet,4427,0.38,1.9811725762462582,97248,95041
17.158159006999995,nodeproxy,4636,0.0,0.0,52148,52504
17.158159006999995,containerd,3698,0.16,0.0,79312,78165
17.158159006999995,flanneld,5274,0.02,0.0,48452,48612
17.158159006999995,coredns,4906,0.02,0.0,63932,40342
17.158159006999995,coredns,4925,0.02,0.0,63416,40050
18.169990584000004,nodestore,4284,0.31,0.9883067723236222,58788,59280
18.169990584000004,nodeapiserver,4305,0.54,2.9649203169708667,351084,351264
18.169990584000004,nodescheduler,4298,0.12,0.9883067723236222,62888,63124
18.169990584000004,nodecontroller,4291,0.18,0.9883067723236222,124036,124408
18.169990584000004,nodelet,4427,0.4,1.9766135446472444,97248,95041
18.169990584000004,nodeproxy,4636,0.0,0.0,52148,52504
18.169990584000004,containerd,3698,0.18,1.9766135446472444,79312,78173
18.169990584000004,flanneld,5274,0.03,0.9883067723236222,48452,48612
18.169990584000004,coredns,4906,0.02,0.0,63932,40342
18.169990584000004,coredns,4925,0.02,0.0,63416,40054
19.18083364200001,nodestore,4284,0.33,1.9785465054853135,58788,59280
19.18083364200001,nodeapiserver,4305,0.57,2.96781975822797,351084,351264
19.18083364200001,nodescheduler,4298,0.12,0.0,62888,63124
19.18083364200001,nodecontroller,4291,0.19,0.9892732527426568,124036,124408
19.18083364200001,nodelet,4427,0.42,1.9785465054853135,97248,95041
19.18083364200001,nodeproxy,4636,0.0,0.0,52148,52504
19.18083364200001,containerd,3698,0.19,0.9892732527426568,79312,78229
19.18083364200001,flanneld,5274,0.03,0.0,48452,48612
19.18083364200001,coredns,4906,0.02,0.0,63932,40342
19.18083364200001,coredns,4925,0.02,0.0,63416,40054
20.190248147999995,nodestore,4284,0.33,0.0,58788,59284
20.190248147999995,nodeapiserver,4305,0.58,0.9906733002705781,351084,351264
20.190248147999995,nodescheduler,4298,0.13,0.9906733002705781,62888,63124
20.190248147999995,nodecontroller,4291,0.2,0.9906733002705781,124036,124408
20.190248147999995,nodelet,4427,0.44,1.9813466005411562,97248,95045
20.190248147999995,nodeproxy,4636,0.0,0.0,52148,52504
20.190248147999995,containerd,3698,0.2,0.9906733002705781,79312,78229
20.190248147999995,flanneld,5274,0.03,0.0,48452,48612
20.190248147999995,coredns,4906,0.02,0.0,63932,40342
20.190248147999995,coredns,4925,0.02,0.0,63416,40054
21.200067794999995,nodestore,4284,0.36,2.9708275224318332,58788,59288
21.200067794999995,nodeapiserver,4305,0.61,2.9708275224318332,351084,351264
21.200067794999995,nodescheduler,4298,0.13,0.0,62888,63124
21.200067794999995,nodecontroller,4291,0.2,0.0,124036,124408
21.200067794999995,nodelet,4427,0.45,0.9902758408106112,97248,95045
21.200067794999995,nodeproxy,4636,0.0,0.0,52148,52504
21.200067794999995,containerd,3698,0.2,0.0,79312,78229
21.200067794999995,flanneld,5274,0.03,0.0,48452,48612
21.200067794999995,coredns,4906,0.02,0.0,63932,40342
21.200067794999995,coredns,4925,0.02,0.0,63544,40058
22.210126180999993,nodestore,4284,0.37,0.9900417776443299,58788,59288
22.210126180999993,nodeapiserver,4305,0.65,3.9601671105773195,351084,351268
22.210126180999993,nodescheduler,4298,0.14,0.9900417776443299,62888,63124
22.210126180999993,nodecontroller,4291,0.21,0.9900417776443299,124036,124408
22.210126180999993,nodelet,4427,0.46,0.9900417776443299,97248,95053
22.210126180999993,nodeproxy,4636,0.0,0.0,52148,52504
22.210126180999993,containerd,3698,0.21,0.9900417776443299,79312,78229
22.210126180999993,flanneld,5274,0.03,0.0,48452,48612
22.210126180999993,coredns,4906,0.02,0.0,63932,40342
22.210126180999993,coredns,4925,0.02,0.0,63544,40058
23.21987017500001,nodestore,4284,0.39,1.9807000703982036,58788,59292
23.21987017500001,nodeapiserver,4305,0.67,1.9807000703982036,351084,351268
23.21987017500001,nodescheduler,4298,0.14,0.0,62888,63128
23.21987017500001,nodecontroller,4291,0.21,0.0,124036,124408
23.21987017500001,nodelet,4427,0.48,1.9807000703982036,97248,95053
23.21987017500001,nodeproxy,4636,0.0,0.0,52148,52504
23.21987017500001,containerd,3698,0.22,0.9903500351991018,79440,78233
23.21987017500001,flanneld,5274,0.03,0.0,48452,48612
23.21987017500001,coredns,4906,0.03,0.9903500351991018,63932,40346
23.21987017500001,coredns,4925,0.03,0.9903500351991018,63544,40058
24.229604507999994,nodestore,4284,0.41,1.9807190214656527,58788,59296
24.229604507999994,nodeapiserver,4305,0.7,2.971078532198479,351084,351268
24.229604507999994,nodescheduler,4298,0.15,0.9903595107328264,62888,63128
24.229604507999994,nodecontroller,4291,0.22,0.9903595107328264,124036,124408
24.229604507999994,nodelet,4427,0.54,5.942157064396958,97248,95073
24.229604507999994,nodeproxy,4636,0.0,0.0,52148,52504
24.229604507999994,containerd,3698,0.24,1.9807190214656527,79440,78233
24.229604507999994,flanneld,5274,0.03,0.0,48452,48612
24.229604507999994,coredns,4906,0.03,0.0,63932,40346
24.229604507999994,coredns,4925,0.03,0.0,63544,40058
25.23947007199999,nodestore,4284,0.42,0.9902308145245412,58788,59296
25.23947007199999,nodeapiserver,4305,0.72,1.9804616290490824,351084,351268
25.23947007199999,nodescheduler,4298,0.15,0.0,62888,63128
25.23947007199999,nodecontroller,4291,0.23,0.9902308145245412,124036,124408
25.23947007199999,nodelet,4427,0.54,0.0,97248,95077
25.23947007199999,nodeproxy,4636,0.0,0.0,52148,52504
25.23947007199999,containerd,3698,0.25,0.9902308145245412,79440,78241
25.23947007199999,flanneld,5274,0.03,0.0,48452,48612
25.23947007199999,coredns,4906,0.04,0.9902308145245412,63932,40346
25.23947007199999,coredns,4925,0.03,0.0,63544,40062
26.249395437999993,nodestore,4284,0.44,1.9803443574463018,58788,59300
26.249395437999993,nodeapiserver,4305,0.76,3.9606887148926035,351084,351268
26.249395437999993,nodescheduler,4298,0.16,0.9901721787231509,62888,63128
26.249395437999993,nodecontroller,4291,0.24,0.9901721787231509,124036,124408
26.249395437999993,nodelet,4427,0.56,1.9803443574463018,97248,95077
26.249395437999993,nodeproxy,4636,0.0,0.0,52148,52504
26.249395437999993,containerd,3698,0.26,0.9901721787231509,79440,78257
26.249395437999993,flanneld,5274,0.03,0.0,48452,48612
26.249395437999993,coredns,4906,0.04,0.0,63932,40346
26.249395437999993,coredns,4925,0.03,0.0,63544,40062
27.25912010900001,nodestore,4284,0.46,1.980737974857277,58788,59300
27.25912010900001,nodeapiserver,4305,0.78,1.980737974857277,351084,351268
27.25912010900001,nodescheduler,4298,0.17,0.9903689874286385,62888,63128
27.25912010900001,nodecontroller,4291,0.25,0.9903689874286385,124036,124408
27.25912010900001,nodelet,4427,0.58,1.980737974857277,97248,95077
27.25912010900001,nodeproxy,4636,0.0,0.0,52148,52504
27.25912010900001,containerd,3698,0.27,0.9903689874286385,79440,78257
27.25912010900001,flanneld,5274,0.03,0.0,48452,48612
27.25912010900001,coredns,4906,0.04,0.0,63932,40346
27.25912010900001,coredns,4925,0.03,0.0,63544,40062
28.268699529000003,nodestore,4284,0.47,0.9905114745702776,58788,59304
28.268699529000003,nodeapiserver,4305,0.81,2.9715344237108328,351084,351268
28.268699529000003,nodescheduler,4298,0.17,0.0,62888,63128
28.268699529000003,nodecontroller,4291,0.26,0.9905114745702776,124036,124408
28.268699529000003,nodelet,4427,0.61,2.9715344237108328,97248,95093
28.268699529000003,nodeproxy,4636,0.0,0.0,52148,52504
28.268699529000003,containerd,3698,0.29,1.981022949140555,79568,78357
28.268699529000003,flanneld,5274,0.04,0.9905114745702776,48452,48612
28.268699529000003,coredns,4906,0.04,0.0,63932,40348
28.268699529000003,coredns,4925,0.03,0.0,63544,40064
29.278200430999988,nodestore,4284,0.48,0.9905885155910588,58788,59304
29.278200430999988,nodeapiserver,4305,0.82,0.9905885155910588,351084,351268
29.278200430999988,nodescheduler,4298,0.18,0.9905885155910588,62888,63128
29.278200430999988,nodecontroller,4291,0.26,0.0,124036,124408
29.278200430999988,nodelet,4427,0.63,1.9811770311821175,97248,95097
29.278200430999988,nodeproxy,4636,0.0,0.0,52148,52504
29.278200430999988,containerd,3698,0.3,0.9905885155910588,79568,78357
29.278200430999988,flanneld,5274,0.04,0.0,48452,48612
29.278200430999988,coredns,4906,0.04,0.0,63932,40348
29.278200430999988,coredns,4925,0.03,0.0,63544,40064
30.288021915,nodestore,4284,0.5,1.980548078733461,58788,59304
30.288021915,nodeapiserver,4305,0.85,2.9708221181001915,351084,351272
30.288021915,nodescheduler,4298,0.18,0.0,62888,63128
30.288021915,nodecontroller,4291,0.28,1.980548078733461,124036,124408
30.288021915,nodelet,4427,0.65,1.980548078733461,97248,95097
30.288021915,nodeproxy,4636,0.0,0.0,52148,52504
30.288021915,containerd,3698,0.3,0.0,79568,78357
30.288021915,flanneld,5274,0.04,0.0,48452,48612
30.288021915,coredns,4906,0.04,0.0,63932,40348
30.288021915,coredns,4925,0.03,0.0,63544,40064
31.297504172000004,nodestore,4284,0.51,0.9906068116262078,58788,59304
31.297504172000004,nodeapiserver,4305,0.88,2.9718204348786235,351084,351272
31.297504172000004,nodescheduler,4298,0.19,0.9906068116262078,62888,63128
31.297504172000004,nodecontroller,4291,0.29,0.9906068116262078,124036,124408
31.297504172000004,nodelet,4427,0.65,0.0,97248,95097
31.297504172000004,nodeproxy,4636,0.0,0.0,52148,52504
31.297504172000004,containerd,3698,0.31,0.9906068116262078,79568,78357
31.297504172000004,flanneld,5274,0.04,0.0,48452,48612
31.297504172000004,coredns,4906,0.04,0.0,63932,40348
31.297504172000004,coredns,4925,0.03,0.0,63544,40064
32.30682564700001,nodestore,4284,0.52,0.9907646124343018,58788,59304
32.30682564700001,nodeapiserver,4305,0.91,2.9722938373029053,351084,351272
32.30682564700001,nodescheduler,4298,0.19,0.0,62888,63128
32.30682564700001,nodecontroller,4291,0.29,0.0,124036,124408
32.30682564700001,nodelet,4427,0.67,1.9815292248686036,97248,95105
32.30682564700001,nodeproxy,4636,0.0,0.0,52148,52504
32.30682564700001,containerd,3698,0.32,0.9907646124343018,79568,78357
32.30682564700001,flanneld,5274,0.04,0.0,48452,48612
32.30682564700001,coredns,4906,0.04,0.0,63932,40348
32.30682564700001,coredns,4925,0.03,0.0,63544,40068
33.31617501299999,nodestore,4284,0.54,1.9814744699607192,58788,59308
33.31617501299999,nodeapiserver,4305,0.94,2.972211704941079,351084,351272
33.31617501299999,nodescheduler,4298,0.2,0.9907372349803596,62888,63128
33.31617501299999,nodecontroller,4291,0.3,0.9907372349803596,124036,124408
33.31617501299999,nodelet,4427,0.67,0.0,97248,95105
33.31617501299999,nodeproxy,4636,0.0,0.0,52148,52504
33.31617501299999,containerd,3698,0.32,0.0,79568,78361
33.31617501299999,flanneld,5274,0.04,0.0,48452,48612
33.31617501299999,coredns,4906,0.04,0.0,63932,40348
33.31617501299999,coredns,4925,0.04,0.9907372349803596,63544,40068
34.32611032,nodestore,4284,0.56,1.980324864511334,58788,59308
34.32611032,nodeapiserver,4305,0.95,0.990162432255667,351084,351272
34.32611032,nodescheduler,4298,0.2,0.0,62888,63128
34.32611032,nodecontroller,4291,0.31,0.990162432255667,124036,124408
34.32611032,nodelet,4427,0.73,5.940974593534002,97248,95129
34.32611032,nodeproxy,4636,0.0,0.0,52148,52504
34.32611032,containerd,3698,0.35,2.970487296767001,79568,78393
34.32611032,flanneld,5274,0.04,0.0,48452,48612
34.32611032,coredns,4906,0.04,0.0,63932,40348
34.32611032,coredns,4925,0.04,0.0,63544,40068
35.33575815500001,nodestore,4284,0.57,0.9904443562739778,58788,59308
35.33575815500001,nodeapiserver,4305,0.98,2.9713330688219335,351084,351272
35.33575815500001,nodescheduler,4298,0.21,0.9904443562739778,62888,63136
35.33575815500001,nodecontroller,4291,0.31,0.0,124036,124408
35.33575815500001,nodelet,4427,0.74,0.9904443562739778,97248,95129
35.33575815500001,nodeproxy,4636,0.0,0.0,52148,52504
35.33575815500001,containerd,3698,0.35,0.0,79568,78393
35.33575815500001,flanneld,5274,0.04,0.0,48452,48612
35.33575815500001,coredns,4906,0.04,0.0,63932,40348
35.33575815500001,coredns,4925,0.04,0.0,63544,40068
36.34531019100001,nodestore,4284,0.59,1.9810766841938154,58788,59312
36.34531019100001,nodeapiserver,4305,1.01,2.9716150262907233,351084,351272
36.34531019100001,nodescheduler,4298,0.22,0.9905383420969077,62888,63136
36.34531019100001,nodecontroller,4291,0.32,0.9905383420969077,124036,124408
36.34531019100001,nodelet,4427,0.77,2.9716150262907233,97376,95137
36.34531019100001,nodeproxy,4636,0.0,0.0,52148,52504
36.34531019100001,containerd,3698,0.36,0.9905383420969077,79568,78393
36.34531019100001,flanneld,5274,0.04,0.0,48452,48612
36.34531019100001,coredns,4906,0.04,0.0,63932,40352
36.34531019100001,coredns,4925,0.04,0.0,63544,40072
37.355655568,nodestore,4284,0.61,1.979521107859747,58788,59312
37.355655568,nodeapiserver,4305,1.03,1.979521107859747,351084,351276
37.355655568,nodescheduler,4298,0.23,0.9897605539298735,62888,63136
37.355655568,nodecontroller,4291,0.33,0.9897605539298735,124036,124408
37.355655568,nodelet,4427,0.78,0.9897605539298735,97376,95141
37.355655568,nodeproxy,4636,0.0,0.0,52148,52504
37.355655568,containerd,3698,0.37,0.9897605539298735,79568,78393
37.355655568,flanneld,5274,0.04,0.0,48452,48612
37.355655568,coredns,4906,0.04,0.0,63932,40352
37.355655568,coredns,4925,0.04,0.0,63544,40072
38.365123686000004,nodestore,4284,0.61,0.0,58788,59312
38.365123686000004,nodeapiserver,4305,1.05,1.9812413728949467,351084,351276
38.365123686000004,nodescheduler,4298,0.23,0.0,62888,63136
38.365123686000004,nodecontroller,4291,0.35,1.9812413728949467,124036,124408
38.365123686000004,nodelet,4427,0.8,1.9812413728949467,97376,95145
38.365123686000004,nodeproxy,4636,0.0,0.0,52148,52504
38.365123686000004,containerd,3698,0.38,0.9906206864474734,79568,78397
38.365123686000004,flanneld,5274,0.04,0.0,48452,48616
38.365123686000004,coredns,4906,0.04,0.0,63932,40352
38.365123686000004,coredns,4925,0.04,0.0,63544,40072
39.374713031,nodestore,4284,0.63,1.9810034742393305,58788,59312
39.374713031,nodeapiserver,4305,1.07,1.9810034742393305,351084,351276
39.374713031,nodescheduler,4298,0.24,0.9905017371196653,62888,63140
39.374713031,nodecontroller,4291,0.35,0.0,124036,124408
39.374713031,nodelet,4427,0.82,1.9810034742393305,97376,95149
39.374713031,nodeproxy,4636,0.0,0.0,52148,52504
39.374713031,containerd,3698,0.39,0.9905017371196653,79568,78397
39.374713031,flanneld,5274,0.04,0.0,48452,48616
39.374713031,coredns,4906,0.05,0.9905017371196653,63932,40352
39.374713031,coredns,4925,0.04,0.0,63544,40072
40.38432609200001,nodestore,4284,0.64,0.9904784700482295,58788,59312
40.38432609200001,nodeapiserver,4305,1.1,2.9714354101446885,351084,351276
40.38432609200001,nodescheduler,4298,0.24,0.0,62888,63140
40.38432609200001,nodecontroller,4291,0.36,0.9904784700482295,124164,124448
40.38432609200001,nodelet,4427,0.83,0.9904784700482295,97376,95157
40.38432609200001,nodeproxy,4636,0.0,0.0,52148,52504
40.38432609200001,containerd,3698,0.4,0.9904784700482295,79568,78397
40.38432609200001,flanneld,5274,0.04,0.0,48452,48616
40.38432609200001,coredns,4906,0.05,0.0,63932,40352
40.38432609200001,coredns,4925,0.04,0.0,63544,40072
41.393757029,nodestore,4284,0.65,0.9906571745977797,58788,59316
41.393757029,nodeapiserver,4305,1.13,2.9719715237933393,351084,351276
41.393757029,nodescheduler,4298,0.24,0.0,62888,63140
41.393757029,nodecontroller,4291,0.37,0.9906571745977797,124164,124448
41.393757029,nodelet,4427,0.85,1.9813143491955594,97376,95157
41.393757029,nodeproxy,4636,0.0,0.0,52148,52504
41.393757029,containerd,3698,0.41,0.9906571745977797,79568,78397
41.393757029,flanneld,5274,0.04,0.0,48452,48616
41.393757029,coredns,4906,0.05,0.0,63932,40352
41.393757029,coredns,4925,0.04,0.0,63544,40072
42.403135117000005,nodestore,4284,0.67,1.9814180868170277,58788,59316
42.403135117000005,nodeapiserver,4305,1.15,1.9814180868170277,351084,351280
42.403135117000005,nodescheduler,4298,0.25,0.9907090434085138,62888,63140
42.403135117000005,nodecontroller,4291,0.38,0.9907090434085138,124164,124448
42.403135117000005,nodelet,4427,0.87,1.9814180868170277,97376,95161
42.403135117000005,nodeproxy,4636,0.0,0.0,52148,52504
42.403135117000005,containerd,3698,0.41,0.0,79568,78405
42.403135117000005,flanneld,5274,0.04,0.0,48452,48616
42.403135117000005,coredns,4906,0.06,0.9907090434085138,63932,40352
42.403135117000005,coredns,4925,0.04,0.0,63544,40080
43.412629089999996,nodestore,4284,0.69,1.981190629654228,58788,59320
43.412629089999996,nodeapiserver,4305,1.17,1.981190629654228,351084,351280
43.412629089999996,nodescheduler,4298,0.25,0.0,62888,63144
43.412629089999996,nodecontroller,4291,0.38,0.0,124164,124448
43.412629089999996,nodelet,4427,0.88,0.990595314827114,97376,95161
43.412629089999996,nodeproxy,4636,0.0,0.0,52148,52504
43.412629089999996,containerd,3698,0.42,0.990595314827114,79568,78485
43.412629089999996,flanneld,5274,0.06,1.981190629654228,48452,48616
43.412629089999996,coredns,4906,0.06,0.0,63932,40352
43.412629089999996,coredns,4925,0.05,0.990595314827114,63544,40080
44.422444401999996,nodestore,4284,0.7,0.9902800919303146,58788,59320
44.422444401999996,nodeapiserver,4305,1.21,3.9611203677212585,351084,351344
44.422444401999996,nodescheduler,4298,0.27,1.9805601838606293,62888,63144
44.422444401999996,nodecontroller,4291,0.39,0.9902800919303146,124164,124448
44.422444401999996,nodelet,4427,0.93,4.951400459651573,97376,95181
44.422444401999996,nodeproxy,4636,0.0,0.0,52148,52504
44.422444401999996,containerd,3698,0.45,2.970840275790944,77848,76697
44.422444401999996,flanneld,5274,0.06,0.0,48452,48616
44.422444401999996,coredns,4906,0.06,0.0,63932,40352
44.422444401999996,coredns,4925,0.05,0.0,63544,40080
45.432255416000004,nodestore,4284,0.71,0.9902843068019782,58788,59324
45.432255416000004,nodeapiserver,4305,1.23,1.9805686136039564,351084,351344
45.432255416000004,nodescheduler,4298,0.27,0.0,62888,63148
45.432255416000004,nodecontroller,4291,0.41,1.9805686136039564,124164,124448
45.432255416000004,nodelet,4427,0.96,2.9708529204059344,97376,95181
45.432255416000004,nodeproxy,4636,0.0,0.0,52148,52504
45.432255416000004,containerd,3698,0.46,0.9902843068019782,77848,76705
45.432255416000004,flanneld,5274,0.06,0.0,48452,48616
45.432255416000004,coredns,4906,0.06,0.0,63932,40356
45.432255416000004,coredns,4925,0.05,0.0,63544,40080
46.44229912700001,nodestore,4284,0.73,1.9801123240694904,58788,59324
46.44229912700001,nodeapiserver,4305,1.25,1.9801123240694904,351084,351344
46.44229912700001,nodescheduler,4298,0.28,0.9900561620347452,62888,63148
46.44229912700001,nodecontroller,4291,0.41,0.0,124164,124448
46.44229912700001,nodelet,4427,0.97,0.9900561620347452,97376,95185
46.44229912700001,nodeproxy,4636,0.0,0.0,52148,52504
46.44229912700001,containerd,3698,0.47,0.9900561620347452,77848,76705
46.44229912700001,flanneld,5274,0.06,0.0,48452,48616
46.44229912700001,coredns,4906,0.06,0.0,63932,40356
46.44229912700001,coredns,4925,0.05,0.0,63544,40080
47.45207654800001,nodestore,4284,0.74,0.9903172513103801,58788,59324
47.45207654800001,nodeapiserver,4305,1.29,3.9612690052415203,351084,351344
47.45207654800001,nodescheduler,4298,0.29,0.9903172513103801,62888,63148
47.45207654800001,nodecontroller,4291,0.42,0.9903172513103801,124164,124448
47.45207654800001,nodelet,4427,0.99,1.9806345026207601,97376,95185
47.45207654800001,nodeproxy,4636,0.0,0.0,52148,52504
47.45207654800001,containerd,3698,0.47,0.0,77848,76705
47.45207654800001,flanneld,5274,0.06,0.0,48452,48616
47.45207654800001,coredns,4906,0.06,0.0,63932,40356
47.45207654800001,coredns,4925,0.05,0.0,63544,40080
48.46202166399999,nodestore,4284,0.75,0.9901528153932048,60896,61384
48.46202166399999,nodeapiserver,4305,1.32,2.9704584461796144,351084,351344
48.46202166399999,nodescheduler,4298,0.3,0.9901528153932048,62888,63148
48.46202166399999,nodecontroller,4291,0.43,0.9901528153932048,124164,124448
48.46202166399999,nodelet,4427,1.01,1.9803056307864095,97376,95185
48.46202166399999,nodeproxy,4636,0.0,0.0,52148,52504
48.46202166399999,containerd,3698,0.49,1.9803056307864095,77848,76737
48.46202166399999,flanneld,5274,0.06,0.0,48452,48620
48.46202166399999,coredns,4906,0.06,0.0,63932,40356
48.46202166399999,coredns,4925,0.05,0.0,63544,40080
49.471843097000004,nodestore,4284,0.76,0.99027408937951,60896,61392
49.471843097000004,nodeapiserver,4305,1.35,2.97082226813853,351084,351344
49.471843097000004,nodescheduler,4298,0.31,0.99027408937951,62888,63148
49.471843097000004,nodecontroller,4291,0.44,0.99027408937951,124164,124448
49.471843097000004,nodelet,4427,1.02,0.99027408937951,97376,95185
49.471843097000004,nodeproxy,4636,0.0,0.0,52148,52504
49.471843097000004,containerd,3698,0.49,0.0,77976,76937
49.471843097000004,flanneld,5274,0.06,0.0,48452,48620
49.471843097000004,coredns,4906,0.06,0.0,63932,40356
49.471843097000004,coredns,4925,0.05,0.0,63544,40080
50.481886653000004,nodestore,4284,0.8,3.960225255870057,60896,61412
50.481886653000004,nodeapiserver,4305,1.37,1.9801126279350285,351084,351352
50.481886653000004,nodescheduler,4298,0.31,0.0,62888,63148
50.481886653000004,nodecontroller,4291,0.45,0.9900563139675143,124164,124448
50.481886653000004,nodelet,4427,1.04,1.9801126279350285,97376,95185
50.481886653000004,nodeproxy,4636,0.0,0.0,52148,52504
50.481886653000004,containerd,3698,0.51,1.9801126279350285,78104,76997
50.481886653000004,flanneld,5274,0.06,0.0,48452,48620
50.481886653000004,coredns,4906,0.06,0.0,63932,40356
50.481886653000004,coredns,4925,0.05,0.0,63544,40080
51.49309799400001,nodestore,4284,0.8,0.0,60896,61412
51.49309799400001,nodeapiserver,4305,1.38,0.9889129595907031,351084,351352
51.49309799400001,nodescheduler,4298,0.32,0.9889129595907031,62888,63148
51.49309799400001,nodecontroller,4291,0.45,0.0,124164,124448
51.49309799400001,nodelet,4427,1.05,0.9889129595907031,97376,95185
51.49309799400001,nodeproxy,4636,0.0,0.0,52148,52504
51.49309799400001,containerd,3698,0.51,0.0,78104,77025
51.49309799400001,flanneld,5274,0.06,0.0,48452,48620
51.49309799400001,coredns,4906,0.06,0.0,63932,40356
51.49309799400001,coredns,4925,0.05,0.0,63544,40088
52.50261341500001,nodestore,4284,0.82,1.981148537601184,60896,61416
52.50261341500001,nodeapiserver,4305,1.41,2.9717228064017758,351084,351352
52.50261341500001,nodescheduler,4298,0.32,0.0,62888,63148
52.50261341500001,nodecontroller,4291,0.46,0.990574268800592,124164,124448
52.50261341500001,nodelet,4427,1.08,2.9717228064017758,97376,95189
52.50261341500001,nodeproxy,4636,0.0,0.0,52148,52504
52.50261341500001,containerd,3698,0.52,0.990574268800592,78104,77029
52.50261341500001,flanneld,5274,0.06,0.0,48452,48620
52.50261341500001,coredns,4906,0.06,0.0,63932,40356
52.50261341500001,coredns,4925,0.05,0.0,63544,40092
53.51238314400001,nodestore,4284,0.83,0.9903247951296047,60896,61416
53.51238314400001,nodeapiserver,4305,1.43,1.9806495902592094,351084,351352
53.51238314400001,nodescheduler,4298,0.33,0.9903247951296047,62888,63148
53.51238314400001,nodecontroller,4291,0.48,1.9806495902592094,124164,124448
53.51238314400001,nodelet,4427,1.09,0.9903247951296047,97376,95193
53.51238314400001,nodeproxy,4636,0.0,0.0,52148,52504
53.51238314400001,containerd,3698,0.52,0.0,78104,77041
53.51238314400001,flanneld,5274,0.06,0.0,48452,48620
53.51238314400001,coredns,4906,0.06,0.0,63932,40356
53.51238314400001,coredns,4925,0.05,0.0,63544,40092
54.521704469000014,nodestore,4284,0.85,1.981529519353013,60896,61416
54.521704469000014,nodeapiserver,4305,1.47,3.963059038706026,351084,351352
54.521704469000014,nodescheduler,4298,0.33,0.0,62888,63148
54.521704469000014,nodecontroller,4291,0.48,0.0,124164,124448
54.521704469000014,nodelet,4427,1.14,4.953823798382532,97504,95217
54.521704469000014,nodeproxy,4636,0.0,0.0,52148,52504
54.521704469000014,containerd,3698,0.54,1.981529519353013,78104,77061
54.521704469000014,flanneld,5274,0.06,0.0,48452,48620
54.521704469000014,coredns,4906,0.06,0.0,63932,40360
54.521704469000014,coredns,4925,0.06,0.9907647596765065,63544,40096
55.53110026499999,nodestore,4284,0.85,0.0,60896,61416
55.53110026499999,nodeapiserver,4305,1.48,0.9906916632333799,351084,351352
55.53110026499999,nodescheduler,4298,0.34,0.9906916632333799,62888,63148
55.53110026499999,nodecontroller,4291,0.49,0.9906916632333799,124164,124448
55.53110026499999,nodelet,4427,1.15,0.9906916632333799,97504,95217
55.53110026499999,nodeproxy,4636,0.0,0.0,52148,52504
55.53110026499999,containerd,3698,0.56,1.9813833264667597,78104,77061
55.53110026499999,flanneld,5274,0.06,0.0,48452,48620
55.53110026499999,coredns,4906,0.06,0.0,63932,40360
55.53110026499999,coredns,4925,0.06,0.0,63544,40096
56.54116656100001,nodestore,4284,0.87,1.9800680489193967,60896,61416
56.54116656100001,nodeapiserver,4305,1.52,3.9601360978387934,351084,351352
56.54116656100001,nodescheduler,4298,0.35,0.9900340244596983,62888,63148
56.54116656100001,nodecontroller,4291,0.49,0.0,124164,124448
56.54116656100001,nodelet,4427,1.18,2.970102073379095,97504,95221
56.54116656100001,nodeproxy,4636,0.0,0.0,52148,52504
56.54116656100001,containerd,3698,0.56,0.0,78104,77061
56.54116656100001,flanneld,5274,0.06,0.0,48452,48620
56.54116656100001,coredns,4906,0.07,0.9900340244596983,63932,40360
56.54116656100001,coredns,4925,0.06,0.0,63544,40096
57.551155873,nodestore,4284,0.89,1.9802189748321064,60896,61416
57.551155873,nodeapiserver,4305,1.54,1.9802189748321064,351084,351352
57.551155873,nodescheduler,4298,0.35,0.0,62888,63148
57.551155873,nodecontroller,4291,0.5,0.9901094874160532,124164,124452
57.551155873,nodelet,4427,1.2,1.9802189748321064,97504,95225
57.551155873,nodeproxy,4636,0.0,0.0,52148,52504
57.551155873,containerd,3698,0.56,0.0,78104,77061
57.551155873,flanneld,5274,0.06,0.0,48452,48620
57.551155873,coredns,4906,0.07,0.0,63932,40360
57.551155873,coredns,4925,0.06,0.0,63544,40096
58.560622443,nodestore,4284,0.91,1.9812444110952565,60896,61416
58.560622443,nodeapiserver,4305,1.57,2.9718666166428847,351084,351352
58.560622443,nodescheduler,4298,0.35,0.0,62888,63148
58.560622443,nodecontroller,4291,0.51,0.9906222055476283,124164,124452
58.560622443,nodelet,4427,1.21,0.9906222055476283,97504,95229
58.560622443,nodeproxy,4636,0.0,0.0,52148,52504
58.560622443,containerd,3698,0.6,3.962488822190513,78104,77069
58.560622443,flanneld,5274,0.07,0.9906222055476283,48452,48620
58.560622443,coredns,4906,0.07,0.0,63932,40360
58.560622443,coredns,4925,0.06,0.0,63544,40096
59.57009805300001,nodestore,4284,0.91,0.0,60896,61416
59.57009805300001,nodeapiserver,4305,1.59,1.9812266687651627,351084,351352
59.57009805300001,nodescheduler,4298,0.36,0.9906133343825814,62888,63148
59.57009805300001,nodecontroller,4291,0.53,1.9812266687651627,124164,124452
59.57009805300001,nodelet,4427,1.23,1.9812266687651627,97504,95233
59.57009805300001,nodeproxy,4636,0.0,0.0,52148,52504
59.57009805300001,containerd,3698,0.6,0.0,78104,77069
59.57009805300001,flanneld,5274,0.07,0.0,48452,48620
59.57009805300001,coredns,4906,0.07,0.0,63932,40360
59.57009805300001,coredns,4925,0.06,0.0,63544,40096
60.579304928,nodestore,4284,0.93,1.9817542364641745,60896,61416
60.579304928,nodeapiserver,4305,1.6,0.9908771182320872,351084,351352
60.579304928,nodescheduler,4298,0.37,0.9908771182320872,62888,63148
60.579304928,nodecontroller,4291,0.53,0.0,124164,124452
60.579304928,nodelet,4427,1.25,1.9817542364641745,97504,95233
60.579304928,nodeproxy,4636,0.0,0.0,52148,52504
60.579304928,containerd,3698,0.61,0.9908771182320872,78104,77077
60.579304928,flanneld,5274,0.07,0.0,48452,48620
60.579304928,coredns,4906,0.07,0.0,63932,40360
60.579304928,coredns,4925,0.06,0.0,63544,40096
61.58878586700001,nodestore,4284,0.94,0.9906081049837301,60896,61416
61.58878586700001,nodeapiserver,4305,1.64,3.9624324199349203,351084,351352
61.58878586700001,nodescheduler,4298,0.38,0.9906081049837301,62888,63148
61.58878586700001,nodecontroller,4291,0.54,0.9906081049837301,124164,124452
61.58878586700001,nodelet,4427,1.26,0.9906081049837301,97504,95233
61.58878586700001,nodeproxy,4636,0.0,0.0,52148,52504
61.58878586700001,containerd,3698,0.61,0.0,78104,77081
61.58878586700001,flanneld,5274,0.07,0.0,48452,48620
61.58878586700001,coredns,4906,0.07,0.0,63932,40364
61.58878586700001,coredns,4925,0.06,0.0,63544,40096
62.59828882900001,nodestore,4284,0.95,0.9905864941880189,60896,61416
62.59828882900001,nodeapiserver,4305,1.66,1.9811729883760378,351084,351360
62.59828882900001,nodescheduler,4298,0.38,0.0,62888,63148
62.59828882900001,nodecontroller,4291,0.55,0.9905864941880189,126316,126500
62.59828882900001,nodelet,4427,1.28,1.9811729883760378,97504,95237
62.59828882900001,nodeproxy,4636,0.0,0.0,52148,52504
62.59828882900001,containerd,3698,0.62,0.9905864941880189,78104,77081
62.59828882900001,flanneld,5274,0.07,0.0,48452,48620
62.59828882900001,coredns,4906,0.07,0.0,63932,40364
62.59828882900001,coredns,4925,0.06,0.0,63544,40096
63.60832848000001,nodestore,4284,0.97,1.9801202834164782,60896,61420
63.60832848000001,nodeapiserver,4305,1.7,3.9602405668329563,351084,351368
63.60832848000001,nodescheduler,4298,0.39,0.9900601417082391,62888,63148
63.60832848000001,nodecontroller,4291,0.55,0.0,126316,126500
63.60832848000001,nodelet,4427,1.28,0.0,97504,95237
63.60832848000001,nodeproxy,4636,0.0,0.0,52148,52504
63.60832848000001,containerd,3698,0.63,0.9900601417082391,86808,85733
63.60832848000001,flanneld,5274,0.07,0.0,48452,48620
63.60832848000001,coredns,4906,0.08,0.9900601417082391,63932,40364
63.60832848000001,coredns,4925,0.06,0.0,63544,40096
64.617493757,nodestore,4284,0.98,0.9909179623904222,60896,61420
64.617493757,nodeapiserver,4305,1.72,1.9818359247808444,351084,351372
64.617493757,nodescheduler,4298,0.39,0.0,62888,63148
64.617493757,nodecontroller,4291,0.56,0.9909179623904222,126316,126504
64.617493757,nodelet,4427,1.34,5.945507774342533,97504,95249
64.617493757,nodeproxy,4636,0.0,0.0,52148,52504
64.617493757,containerd,3698,0.65,1.9818359247808444,86808,85737
64.617493757,flanneld,5274,0.07,0.0,48452,48620
64.617493757,coredns,4906,0.08,0.0,63932,40364
64.617493757,coredns,4925,0.06,0.0,63544,40096
65.62831148999999,nodestore,4284,1.0,1.9785960759357155,60896,61420
65.62831148999999,nodeapiserver,4305,1.85,12.86087449358215,346960,347320
65.62831148999999,nodescheduler,4298,0.4,0.9892980379678578,62888,63148
65.62831148999999,nodecontroller,4291,0.56,0.0,126316,126504
65.62831148999999,nodelet,4427,1.38,3.957192151871431,97504,95253
65.62831148999999,nodeproxy,4636,0.0,0.0,52148,52504
65.62831148999999,containerd,3698,0.66,0.9892980379678578,86808,85737
65.62831148999999,flanneld,5274,0.07,0.0,48452,48620
65.62831148999999,coredns,4906,0.08,0.0,63932,40372
65.62831148999999,coredns,4925,0.06,0.0,63544,40096
66.64029178300001,nodestore,4284,1.01,0.9881615352760416,60896,61428
66.64029178300001,nodeapiserver,4305,1.88,2.9644846058281247,342076,342268
66.64029178300001,nodescheduler,4298,0.4,0.0,62888,63148
66.64029178300001,nodecontroller,4291,0.58,1.9763230705520831,126316,126504
66.64029178300001,nodelet,4427,1.39,0.9881615352760416,97504,95253
66.64029178300001,nodeproxy,4636,0.0,0.0,52148,52504
66.64029178300001,containerd,3698,0.67,0.9881615352760416,86808,85737
66.64029178300001,flanneld,5274,0.07,0.0,48452,48620
66.64029178300001,coredns,4906,0.08,0.0,63932,40372
66.64029178300001,coredns,4925,0.06,0.0,63544,40096
67.64972635800001,nodestore,4284,1.02,0.9906536042714802,61028,61440
67.64972635800001,nodeapiserver,4305,1.9,1.9813072085429604,342076,342272
67.64972635800001,nodescheduler,4298,0.41,0.9906536042714802,62888,63148
67.64972635800001,nodecontroller,4291,0.59,0.9906536042714802,126316,126516
67.64972635800001,nodelet,4427,1.41,1.9813072085429604,97504,95253
67.64972635800001,nodeproxy,4636,0.0,0.0,52148,52504
67.64972635800001,containerd,3698,0.68,0.9906536042714802,86808,85737
67.64972635800001,flanneld,5274,0.07,0.0,48452,48620
67.64972635800001,coredns,4906,0.08,0.0,63932,40372
67.64972635800001,coredns,4925,0.07,0.9906536042714802,63544,40096
68.65995174099999,nodestore,4284,1.04,1.979756234258119,61028,61444
68.65995174099999,nodeapiserver,4305,1.93,2.9696343513871786,342076,342276
68.65995174099999,nodescheduler,4298,0.41,0.0,62888,63148
68.65995174099999,nodecontroller,4291,0.6,0.9898781171290595,126316,126516
68.65995174099999,nodelet,4427,1.43,1.979756234258119,97504,95253
68.65995174099999,nodeproxy,4636,0.0,0.0,52148,52504
68.65995174099999,containerd,3698,0.68,0.0,86808,85741
68.65995174099999,flanneld,5274,0.08,0.9898781171290595,48452,48632
68.65995174099999,coredns,4906,0.08,0.0,63932,40376
68.65995174099999,coredns,4925,0.07,0.0,63544,40096
69.669214933,nodestore,4284,1.06,1.9816436543540965,61028,61448
69.669214933,nodeapiserver,4305,1.96,2.972465481531145,342076,342276
69.669214933,nodescheduler,4298,0.43,1.9816436543540965,62888,63148
69.669214933,nodecontroller,4291,0.61,0.9908218271770483,126316,126516
69.669214933,nodelet,4427,1.44,0.9908218271770483,97504,95257
69.669214933,nodeproxy,4636,0.0,0.0,52148,52504
69.669214933,containerd,3698,0.69,0.9908218271770483,86808,85741
69.669214933,flanneld,5274,0.08,0.0,48452,48632
69.669214933,coredns,4906,0.08,0.0,63932,40376
69.669214933,coredns,4925,0.08,0.9908218271770483,63544,40096
70.678960854,nodestore,4284,1.06,0.0,61028,61448
70.678960854,nodeapiserver,4305,1.98,1.980696290428511,342076,342276
70.678960854,nodescheduler,4298,0.43,0.0,62888,63148
70.678960854,nodecontroller,4291,0.62,0.9903481452142555,126316,126528
70.678960854,nodelet,4427,1.46,1.980696290428511,97504,95257
70.678960854,nodeproxy,4636,0.0,0.0,52148,52504
70.678960854,containerd,3698,0.7,0.9903481452142555,86808,85741
70.678960854,flanneld,5274,0.08,0.0,48452,48632
70.678960854,coredns,4906,0.08,0.0,63932,40376
70.678960854,coredns,4925,0.08,0.0,63544,40096
71.688411169,nodestore,4284,1.08,1.9812763147238024,61028,61452
71.688411169,nodeapiserver,4305,2.02,3.962552629447605,342076,342280
71.688411169,nodescheduler,4298,0.44,0.9906381573619012,62888,63148
71.688411169,nodecontroller,4291,0.64,1.9812763147238024,126316,126528
71.688411169,nodelet,4427,1.46,0.0,97504,95257
71.688411169,nodeproxy,4636,0.0,0.0,52148,52504
71.688411169,containerd,3698,0.72,1.9812763147238024,86652,85549
71.688411169,flanneld,5274,0.08,0.0,48452,48632
71.688411169,coredns,4906,0.08,0.0,63932,40376
71.688411169,coredns,4925,0.08,0.0,63544,40096
72.698165225,nodestore,4284,1.11,2.9710204996691054,61028,61452
72.698165225,nodeapiserver,4305,2.05,2.9710204996691054,342076,342280
72.698165225,nodescheduler,4298,0.44,0.0,62888,63148
72.698165225,nodecontroller,4291,0.65,0.9903401665563685,126316,126528
72.698165225,nodelet,4427,1.48,1.980680333112737,97504,95257
72.698165225,nodeproxy,4636,0.0,0.0,52276,52580
72.698165225,containerd,3698,0.72,0.0,86652,85549
72.698165225,flanneld,5274,0.08,0.0,48452,48632
72.698165225,coredns,4906,0.08,0.0,63932,40376
72.698165225,coredns,4925,0.08,0.0,63544,40104
73.70843983099999,nodestore,4284,1.12,0.9898298878948603,61028,61456
73.70843983099999,nodeapiserver,4305,2.08,2.969489663684581,342076,342280
73.70843983099999,nodescheduler,4298,0.45,0.9898298878948603,62888,63148
73.70843983099999,nodecontroller,4291,0.66,0.9898298878948603,126316,126528
73.70843983099999,nodelet,4427,1.49,0.9898298878948603,97504,95269
73.70843983099999,nodeproxy,4636,0.02,1.9796597757897205,52276,52580
73.70843983099999,containerd,3698,0.73,0.9898298878948603,86652,85549
73.70843983099999,flanneld,5274,0.09,0.9898298878948603,48452,48656
73.70843983099999,coredns,4906,0.08,0.0,63932,40376
73.70843983099999,coredns,4925,0.08,0.0,63544,40104
74.7200082,nodestore,4284,1.14,1.9771278554084513,61028,61464
74.7200082,nodeapiserver,4305,2.11,2.965691783112677,342076,342344
74.7200082,nodescheduler,4298,0.45,0.0,62888,63148
74.7200082,nodecontroller,4291,0.67,0.9885639277042256,126316,126528
74.7200082,nodelet,4427,1.56,6.91994749392958,99628,97337
74.7200082,nodeproxy,4636,0.02,0.0,52276,52580
74.7200082,containerd,3698,0.75,1.9771278554084513,92028,90925
74.7200082,flanneld,5274,0.09,0.0,48452,48656
74.7200082,coredns,4906,0.09,0.9885639277042256,63932,40376
74.7200082,coredns,4925,0.08,0.0,63544,40104
75.729723025,nodestore,4284,1.14,0.0,61028,61468
75.729723025,nodeapiserver,4305,2.14,2.9711359343466017,342076,342348
75.729723025,nodescheduler,4298,0.45,0.0,62888,63148
75.729723025,nodecontroller,4291,0.68,0.9903786447822006,126316,126528
75.729723025,nodelet,4427,1.57,0.9903786447822006,99628,97337
75.729723025,nodeproxy,4636,0.02,0.0,52276,52580
75.729723025,containerd,3698,0.77,1.9807572895644012,92028,90925
75.729723025,flanneld,5274,0.09,0.0,48452,48656
75.729723025,coredns,4906,0.09,0.0,63932,40376
75.729723025,coredns,4925,0.08,0.0,63544,40104
76.74056497800001,nodestore,4284,1.16,1.9785486683297355,61028,61468
76.74056497800001,nodeapiserver,4305,2.17,2.9678230024946033,342076,342348
76.74056497800001,nodescheduler,4298,0.47,1.9785486683297355,62888,63152
76.74056497800001,nodecontroller,4291,0.69,0.9892743341648678,126316,126536
76.74056497800001,nodelet,4427,1.59,1.9785486683297355,99628,97341
76.74056497800001,nodeproxy,4636,0.02,0.0,52276,52580
76.74056497800001,containerd,3698,0.77,0.0,92028,90925
76.74056497800001,flanneld,5274,0.09,0.0,48452,48656
76.74056497800001,coredns,4906,0.1,0.9892743341648678,63932,40376
76.74056497800001,coredns,4925,0.08,0.0,63544,40104
77.750105364,nodestore,4284,1.17,0.9905497728151337,61028,61480
77.750105364,nodeapiserver,4305,2.2,2.971649318445401,342076,342352
77.750105364,nodescheduler,4298,0.47,0.0,62888,63152
77.750105364,nodecontroller,4291,0.72,2.971649318445401,126316,126564
77.750105364,nodelet,4427,1.62,2.971649318445401,99628,97345
77.750105364,nodeproxy,4636,0.02,0.0,52276,52580
77.750105364,containerd,3698,0.79,1.9810995456302674,92028,90941
77.750105364,flanneld,5274,0.09,0.0,48452,48656
77.750105364,coredns,4906,0.1,0.0,66096,42428
77.750105364,coredns,4925,0.08,0.0,63544,40104
78.759742082,nodestore,4284,1.19,1.9809105238979712,61028,61480
78.759742082,nodeapiserver,4305,2.22,1.9809105238979712,342076,342352
78.759742082,nodescheduler,4298,0.48,0.9904552619489856,62888,63152
78.759742082,nodecontroller,4291,0.73,0.9904552619489856,126316,126564
78.759742082,nodelet,4427,1.63,0.9904552619489856,99628,97345
78.759742082,nodeproxy,4636,0.02,0.0,52276,52580
78.759742082,containerd,3698,0.79,0.0,92028,90941
78.759742082,flanneld,5274,0.09,0.0,48452,48660
78.759742082,coredns,4906,0.1,0.0,66096,42428
78.759742082,coredns,4925,0.08,0.0,63544,40104
79.769521198,nodestore,4284,1.2,0.9903155889787641,61028,61488
79.769521198,nodeapiserver,4305,2.25,2.9709467669362923,342076,342352
79.769521198,nodescheduler,4298,0.48,0.0,62888,63152
79.769521198,nodecontroller,4291,0.74,0.9903155889787641,126316,126564
79.769521198,nodelet,4427,1.64,0.9903155889787641,99628,97345
79.769521198,nodeproxy,4636,0.02,0.0,52276,52580
79.769521198,containerd,3698,0.8,0.9903155889787641,92028,90941
79.769521198,flanneld,5274,0.09,0.0,48452,48660
79.769521198,coredns,4906,0.1,0.0,66096,42428
79.769521198,coredns,4925,0.08,0.0,63544,40104
80.77907577100001,nodestore,4284,1.22,1.9810717057689904,61028,61492
80.77907577100001,nodeapiserver,4305,2.27,1.9810717057689904,342076,342356
80.77907577100001,nodescheduler,4298,0.49,0.9905358528844952,62888,63160
80.77907577100001,nodecontroller,4291,0.75,0.9905358528844952,126316,126564
80.77907577100001,nodelet,4427,1.67,2.971607558653486,99628,97345
80.77907577100001,nodeproxy,4636,0.02,0.0,52276,52580
80.77907577100001,containerd,3698,0.8,0.0,92028,90941
80.77907577100001,flanneld,5274,0.09,0.0,48452,48660
80.77907577100001,coredns,4906,0.1,0.0,66096,42428
80.77907577100001,coredns,4925,0.08,0.0,63544,40104
81.788490413,nodestore,4284,1.24,1.9813463335912342,61028,61504
81.788490413,nodeapiserver,4305,2.31,3.9626926671824685,342076,342356
81.788490413,nodescheduler,4298,0.49,0.0,62888,63160
81.788490413,nodecontroller,4291,0.75,0.0,126316,126564
81.788490413,nodelet,4427,1.69,1.9813463335912342,99628,97349
81.788490413,nodeproxy,4636,0.02,0.0,52276,52580
81.788490413,containerd,3698,0.82,1.9813463335912342,92028,90941
81.788490413,flanneld,5274,0.09,0.0,48452,48660
81.788490413,coredns,4906,0.1,0.0,66096,42428
81.788490413,coredns,4925,0.08,0.0,63544,40104
82.79860817100001,nodestore,4284,1.26,1.9799671713126998,61028,61524
82.79860817100001,nodeapiserver,4305,2.34,2.96995075696905,342076,342356
82.79860817100001,nodescheduler,4298,0.51,1.9799671713126998,62888,63160
82.79860817100001,nodecontroller,4291,0.76,0.9899835856563499,126316,126564
82.79860817100001,nodelet,4427,1.7,0.9899835856563499,99628,97353
82.79860817100001,nodeproxy,4636,0.02,0.0,52276,52580
82.79860817100001,containerd,3698,0.82,0.0,92028,90945
82.79860817100001,flanneld,5274,0.09,0.0,48452,48660
82.79860817100001,coredns,4906,0.1,0.0,66096,42428
82.79860817100001,coredns,4925,0.09,0.9899835856563499,63544,40104
83.80843015299999,nodestore,4284,1.27,0.9902735510069564,61028,61532
83.80843015299999,nodeapiserver,4305,2.36,1.9805471020139127,342076,342356
83.80843015299999,nodescheduler,4298,0.51,0.0,62888,63160
83.80843015299999,nodecontroller,4291,0.77,0.9902735510069564,126316,126564
83.80843015299999,nodelet,4427,1.73,2.970820653020869,99628,97353
83.80843015299999,nodeproxy,4636,0.02,0.0,52276,52580
83.80843015299999,containerd,3698,0.83,0.9902735510069564,92028,90949
83.80843015299999,flanneld,5274,0.1,0.9902735510069564,48452,48664
83.80843015299999,coredns,4906,0.1,0.0,66096,42428
83.80843015299999,coredns,4925,0.09,0.0,63544,40104
84.81794146300001,nodestore,4284,1.29,1.9811566053677563,61028,61536
84.81794146300001,nodeapiserver,4305,2.39,2.9717349080516344,342076,342356
84.81794146300001,nodescheduler,4298,0.51,0.0,62888,63160
84.81794146300001,nodecontroller,4291,0.78,0.9905783026838781,126316,126564
84.81794146300001,nodelet,4427,1.76,2.9717349080516344,99628,97365
84.81794146300001,nodeproxy,4636,0.02,0.0,52276,52580
84.81794146300001,containerd,3698,0.86,2.9717349080516344,92028,90949
84.81794146300001,flanneld,5274,0.1,0.0,48452,48664
84.81794146300001,coredns,4906,0.1,0.0,66096,42428
84.81794146300001,coredns,4925,0.09,0.0,63672,40116
85.827562229,nodestore,4284,1.3,0.9904709111341876,61028,61536
85.827562229,nodeapiserver,4305,2.41,1.9809418222683752,342076,342356
85.827562229,nodescheduler,4298,0.52,0.9904709111341876,62888,63160
85.827562229,nodecontroller,4291,0.79,0.9904709111341876,126316,126564
85.827562229,nodelet,4427,1.79,2.971412733402563,99628,97365
85.827562229,nodeproxy,4636,0.02,0.0,52276,52580
85.827562229,containerd,3698,0.87,0.9904709111341876,92028,90949
85.827562229,flanneld,5274,0.1,0.0,48452,48664
85.827562229,coredns,4906,0.1,0.0,66096,42428
85.827562229,coredns,4925,0.09,0.0,63672,40116
86.83694085900001,nodestore,4284,1.31,0.9907085114334008,61028,61540
86.83694085900001,nodeapiserver,4305,2.44,2.9721255343002024,342076,342356
86.83694085900001,nodescheduler,4298,0.53,0.9907085114334008,62888,63160
86.83694085900001,nodecontroller,4291,0.79,0.0,126316,126564
86.83694085900001,nodelet,4427,1.8,0.9907085114334008,99628,97365
86.83694085900001,nodeproxy,4636,0.02,0.0,52276,52580
86.83694085900001,containerd,3698,0.88,0.9907085114334008,92028,90949
86.83694085900001,flanneld,5274,0.1,0.0,48452,48664
86.83694085900001,coredns,4906,0.1,0.0,66096,42428
86.83694085900001,coredns,4925,0.09,0.0,63672,40116
87.84741871599999,nodestore,4284,1.33,1.9792615801971327,61028,61540
87.84741871599999,nodeapiserver,4305,2.47,2.968892370295699,342076,342360
87.84741871599999,nodescheduler,4298,0.53,0.0,62888,63160
87.84741871599999,nodecontroller,4291,0.81,1.9792615801971327,126316,126564
87.84741871599999,nodelet,4427,1.82,1.9792615801971327,99628,97373
87.84741871599999,nodeproxy,4636,0.02,0.0,52276,52580
87.84741871599999,containerd,3698,0.89,0.9896307900985664,92028,90953
87.84741871599999,flanneld,5274,0.1,0.0,48452,48664
87.84741871599999,coredns,4906,0.1,0.0,66096,42428
87.84741871599999,coredns,4925,0.09,0.0,63672,40116
88.857349986,nodestore,4284,1.35,1.980332780467309,61156,61548
88.857349986,nodeapiserver,4305,2.5,2.9704991707009634,342076,342360
88.857349986,nodescheduler,4298,0.54,0.9901663902336545,62888,63160
88.857349986,nodecontroller,4291,0.82,0.9901663902336545,126316,126564
88.857349986,nodelet,4427,1.84,1.980332780467309,99628,97373
88.857349986,nodeproxy,4636,0.02,0.0,52276,52580
88.857349986,containerd,3698,0.9,0.9901663902336545,92028,90953
88.857349986,flanneld,5274,0.1,0.0,48452,48664
88.857349986,coredns,4906,0.11,0.9901663902336545,66096,42504
88.857349986,coredns,4925,0.09,0.0,63672,40120
89.86692229900001,nodestore,4284,1.36,0.9905184473893088,61156,61552
89.86692229900001,nodeapiserver,4305,2.53,2.9715553421679264,342076,342360
89.86692229900001,nodescheduler,4298,0.54,0.0,65020,65208
89.86692229900001,nodecontroller,4291,0.82,0.0,126316,126564
89.86692229900001,nodelet,4427,1.86,1.9810368947786177,99628,97377
89.86692229900001,nodeproxy,4636,0.02,0.0,52276,52580
89.86692229900001,containerd,3698,0.91,0.9905184473893088,92028,90953
89.86692229900001,flanneld,5274,0.1,0.0,48452,48664
89.86692229900001,coredns,4906,0.11,0.0,66096,42504
89.86692229900001,coredns,4925,0.1,0.9905184473893088,63672,40120
90.87636834,nodestore,4284,1.37,0.9906423517292394,61156,61556
90.87636834,nodeapiserver,4305,2.55,1.9812847034584788,342076,342360
90.87636834,nodescheduler,4298,0.55,0.9906423517292394,65020,65216
90.87636834,nodecontroller,4291,0.83,0.9906423517292394,126316,126564
90.87636834,nodelet,4427,1.87,0.9906423517292394,99628,97381
90.87636834,nodeproxy,4636,0.02,0.0,52276,52580
90.87636834,containerd,3698,0.91,0.0,92028,90957
90.87636834,flanneld,5274,0.1,0.0,48452,48664
90.87636834,coredns,4906,0.12,0.9906423517292394,66096,42504
90.87636834,coredns,4925,0.1,0.0,63672,40120
91.885946829,nodestore,4284,1.39,1.9810247759745878,61156,61564
91.885946829,nodeapiserver,4305,2.57,1.9810247759745878,342076,342360
91.885946829,nodescheduler,4298,0.56,0.9905123879872939,65020,65220
91.885946829,nodecontroller,4291,0.84,0.9905123879872939,126316,126564
91.885946829,nodelet,4427,1.88,0.9905123879872939,99628,97385
91.885946829,nodeproxy,4636,0.02,0.0,52276,52580
91.885946829,containerd,3698,0.91,0.0,92028,90957
91.885946829,flanneld,5274,0.1,0.0,48452,48664
91.885946829,coredns,4906,0.12,0.0,66096,42504
91.885946829,coredns,4925,0.1,0.0,63672,40120
92.89513788,nodestore,4284,1.41,1.981785310143445,61156,61568
92.89513788,nodeapiserver,4305,2.6,2.972677965215168,342076,342360
92.89513788,nodescheduler,4298,0.56,0.0,65020,65220
92.89513788,nodecontroller,4291,0.84,0.0,126316,126564
92.89513788,nodelet,4427,1.89,0.9908926550717225,99628,97385
92.89513788,nodeproxy,4636,0.02,0.0,52276,52580
92.89513788,containerd,3698,0.93,1.981785310143445,92028,90957
92.89513788,flanneld,5274,0.1,0.0,48452,48664
92.89513788,coredns,4906,0.12,0.0,66096,42504
92.89513788,coredns,4925,0.1,0.0,63672,40120
93.90468171500001,nodestore,4284,1.42,0.9905463887063246,61156,61568
93.90468171500001,nodeapiserver,4305,2.63,2.971639166118974,342076,342360
93.90468171500001,nodescheduler,4298,0.57,0.9905463887063246,65020,65220
93.90468171500001,nodecontroller,4291,0.86,1.9810927774126492,126316,126564
93.90468171500001,nodelet,4427,1.94,4.952731943531623,99628,97389
93.90468171500001,nodeproxy,4636,0.02,0.0,52276,52580
93.90468171500001,containerd,3698,0.94,0.9905463887063246,92028,90957
93.90468171500001,flanneld,5274,0.1,0.0,48452,48664
93.90468171500001,coredns,4906,0.12,0.0,66096,42504
93.90468171500001,coredns,4925,0.1,0.0,63672,40120
94.91424025699999,nodestore,4284,1.44,1.9810639173414482,61156,61568
94.91424025699999,nodeapiserver,4305,2.65,1.9810639173414482,342076,342360
94.91424025699999,nodescheduler,4298,0.57,0.0,65020,65220
94.91424025699999,nodecontroller,4291,0.87,0.9905319586707241,126316,126564
94.91424025699999,nodelet,4427,1.97,2.9715958760121723,99628,97397
94.91424025699999,nodeproxy,4636,0.02,0.0,52276,52580
94.91424025699999,containerd,3698,0.95,0.9905319586707241,92028,90957
94.91424025699999,flanneld,5274,0.1,0.0,48452,48664
94.91424025699999,coredns,4906,0.12,0.0,66096,42504
94.91424025699999,coredns,4925,0.1,0.0,63672,40120
95.92382964699999,nodestore,4284,1.45,0.990501692970444,61156,61576
95.92382964699999,nodeapiserver,4305,2.68,2.971505078911332,342076,342360
95.92382964699999,nodescheduler,4298,0.58,0.990501692970444,65020,65232
95.92382964699999,nodecontroller,4291,0.87,0.0,126316,126564
95.92382964699999,nodelet,4427,1.97,0.0,99628,97401
95.92382964699999,nodeproxy,4636,0.02,0.0,52276,52580
95.92382964699999,containerd,3698,0.96,0.990501692970444,92028,90961
95.92382964699999,flanneld,5274,0.1,0.0,48452,48664
95.92382964699999,coredns,4906,0.12,0.0,66096,42504
95.92382964699999,coredns,4925,0.1,0.0,63672,40120
96.933240692,nodestore,4284,1.46,0.9906766970238499,61156,61576
96.933240692,nodeapiserver,4305,2.7,1.9813533940476997,342076,342360
96.933240692,nodescheduler,4298,0.58,0.0,65020,65232
96.933240692,nodecontroller,4291,0.88,0.9906766970238499,126316,126564
96.933240692,nodelet,4427,2.0,2.9720300910715496,99628,97401
96.933240692,nodeproxy,4636,0.02,0.0,52276,52580
96.933240692,containerd,3698,0.96,0.0,92028,90961
96.933240692,flanneld,5274,0.1,0.0,48452,48664
96.933240692,coredns,4906,0.12,0.0,66096,42504
96.933240692,coredns,4925,0.1,0.0,63672,40120
97.94254023799999,nodestore,4284,1.49,2.972358416180262,61156,61580
97.94254023799999,nodeapiserver,4305,2.73,2.972358416180262,342076,342360
97.94254023799999,nodescheduler,4298,0.59,0.990786138726754,65020,65236
97.94254023799999,nodecontroller,4291,0.89,0.990786138726754,126316,126564
97.94254023799999,nodelet,4427,2.01,0.990786138726754,99628,97401
97.94254023799999,nodeproxy,4636,0.02,0.0,52276,52580
97.94254023799999,containerd,3698,0.99,2.972358416180262,92028,90965
97.94254023799999,flanneld,5274,0.1,0.0,48452,48664
97.94254023799999,coredns,4906,0.12,0.0,66096,42504
97.94254023799999,coredns,4925,0.1,0.0,63672,40120
98.95223744699999,nodestore,4284,1.49,0.0,61156,61580
98.95223744699999,nodeapiserver,4305,2.75,1.9807918474696007,342076,342360
98.95223744699999,nodescheduler,4298,0.59,0.0,65020,65236
98.95223744699999,nodecontroller,4291,0.9,0.9903959237348003,126316,126564
98.95223744699999,nodelet,4427,2.02,0.9903959237348003,99628,97405
98.95223744699999,nodeproxy,4636,0.02,0.0,52276,52580
98.95223744699999,containerd,3698,1.0,0.9903959237348003,92028,90965
98.95223744699999,flanneld,5274,0.11,0.9903959237348003,48452,48664
98.95223744699999,coredns,4906,0.12,0.0,66096,42504
98.95223744699999,coredns,4925,0.1,0.0,63672,40120
99.961924222,nodestore,4284,1.51,1.9808123167702067,61156,61580
99.961924222,nodeapiserver,4305,2.77,1.9808123167702067,342076,342360
99.961924222,nodescheduler,4298,0.6,0.9904061583851034,65020,65240
99.961924222,nodecontroller,4291,0.91,0.9904061583851034,126316,126564
99.961924222,nodelet,4427,2.04,1.9808123167702067,99628,97405
99.961924222,nodeproxy,4636,0.02,0.0,52276,52580
99.961924222,containerd,3698,1.0,0.0,92028,90965
99.961924222,flanneld,5274,0.11,0.0,48452,48664
99.961924222,coredns,4906,0.12,0.0,66096,42504
99.961924222,coredns,4925,0.1,0.0,63672,40120
100.97120376199999,nodestore,4284,1.52,0.9908057781494368,61156,61584
100.97120376199999,nodeapiserver,4305,2.8,2.9724173344483105,342076,342360
100.97120376199999,nodescheduler,4298,0.6,0.0,65020,65244
100.97120376199999,nodecontroller,4291,0.92,0.9908057781494368,126316,126572
100.97120376199999,nodelet,4427,2.07,2.9724173344483105,99628,97421
100.97120376199999,nodeproxy,4636,0.02,0.0,52276,52580
100.97120376199999,containerd,3698,1.01,0.9908057781494368,92028,90965
100.97120376199999,flanneld,5274,0.11,0.0,48452,48664
100.97120376199999,coredns,4906,0.12,0.0,66096,42504
100.97120376199999,coredns,4925,0.1,0.0,63672,40120
101.98062170099999,nodestore,4284,1.54,1.9813398620410247,61156,61584
101.98062170099999,nodeapiserver,4305,2.82,1.9813398620410247,342076,342360
101.98062170099999,nodescheduler,4298,0.6,0.0,65020,65244
101.98062170099999,nodecontroller,4291,0.92,0.0,126316,126572
101.98062170099999,nodelet,4427,2.08,0.9906699310205124,99628,97421
101.98062170099999,nodeproxy,4636,0.02,0.0,52276,52580
101.98062170099999,containerd,3698,1.01,0.0,92028,90965
101.98062170099999,flanneld,5274,0.11,0.0,48452,48664
101.98062170099999,coredns,4906,0.12,0.0,66096,42504
101.98062170099999,coredns,4925,0.11,0.9906699310205124,63672,40120
102.98990789300001,nodestore,4284,1.56,1.9815984959001227,61156,61588
102.98990789300001,nodeapiserver,4305,2.84,1.9815984959001227,342076,342360
102.98990789300001,nodescheduler,4298,0.61,0.9907992479500614,65020,65248
102.98990789300001,nodecontroller,4291,0.93,0.9907992479500614,126316,126572
102.98990789300001,nodelet,4427,2.09,0.9907992479500614,99628,97421
102.98990789300001,nodeproxy,4636,0.02,0.0,52276,52580
102.98990789300001,containerd,3698,1.03,1.9815984959001227,92028,90965
102.98990789300001,flanneld,5274,0.11,0.0,48452,48664
102.98990789300001,coredns,4906,0.13,0.9907992479500614,66096,42504
102.98990789300001,coredns,4925,0.11,0.0,63672,40120
103.999397408,nodestore,4284,1.56,0.0,61156,61588
103.999397408,nodeapiserver,4305,2.87,2.9717990681657023,342076,342360
103.999397408,nodescheduler,4298,0.61,0.0,65020,65252
103.999397408,nodecontroller,4291,0.94,0.9905996893885675,126316,126572
103.999397408,nodelet,4427,2.11,1.981199378777135,99628,97425
103.999397408,nodeproxy,4636,0.02,0.0,52276,52580
103.999397408,containerd,3698,1.04,0.9905996893885675,92156,90973
103.999397408,flanneld,5274,0.11,0.0,48452,48672
103.999397408,coredns,4906,0.13,0.0,66096,42504
103.999397408,coredns,4925,0.11,0.0,63672,40120
105.00879879600001,nodestore,4284,1.58,1.9813723497673363,61156,61588
105.00879879600001,nodeapiserver,4305,2.89,1.9813723497673363,342076,342360
105.00879879600001,nodescheduler,4298,0.61,0.0,65020,65252
105.00879879600001,nodecontroller,4291,0.95,0.9906861748836682,126316,126572
105.00879879600001,nodelet,4427,2.14,2.9720585246510045,99628,97429
105.00879879600001,nodeproxy,4636,0.02,0.0,52276,52580
105.00879879600001,containerd,3698,1.05,0.9906861748836682,92156,90977
105.00879879600001,flanneld,5274,0.11,0.0,48452,48672
105.00879879600001,coredns,4906,0.13,0.0,66096,42504
105.00879879600001,coredns,4925,0.11,0.0,63672,40120
106.01826499699999,nodestore,4284,1.59,0.9906225676594188,61156,61592
106.01826499699999,nodeapiserver,4305,2.93,3.9624902706376752,342076,342360
106.01826499699999,nodescheduler,4298,0.62,0.9906225676594188,65020,65252
106.01826499699999,nodecontroller,4291,0.96,0.9906225676594188,126316,126572
106.01826499699999,nodelet,4427,2.16,1.9812451353188376,99628,97433
106.01826499699999,nodeproxy,4636,0.02,0.0,52276,52580
106.01826499699999,containerd,3698,1.06,0.9906225676594188,92156,90977
106.01826499699999,flanneld,5274,0.11,0.0,48452,48672
106.01826499699999,coredns,4906,0.13,0.0,66096,42504
106.01826499699999,coredns,4925,0.11,0.0,63672,40120
107.027719736,nodestore,4284,1.6,0.9906338158267779,61156,61592
107.027719736,nodeapiserver,4305,2.95,1.9812676316535558,342076,342360
107.027719736,nodescheduler,4298,0.64,1.9812676316535558,65020,65256
107.027719736,nodecontroller,4291,0.96,0.0,126316,126572
107.027719736,nodelet,4427,2.18,1.9812676316535558,99628,97441
107.027719736,nodeproxy,4636,0.02,0.0,52276,52580
107.027719736,containerd,3698,1.06,0.0,92156,90977
107.027719736,flanneld,5274,0.11,0.0,48452,48672
107.027719736,coredns,4906,0.14,0.9906338158267779,66096,42504
107.027719736,coredns,4925,0.11,0.0,65748,42168
108.03718859899999,nodestore,4284,1.62,1.9812399107153142,61156,61596
108.03718859899999,nodeapiserver,4305,2.97,1.9812399107153142,342076,342360
108.03718859899999,nodescheduler,4298,0.65,0.9906199553576571,65020,65260
108.03718859899999,nodecontroller,4291,0.97,0.9906199553576571,126316,126580
108.03718859899999,nodelet,4427,2.22,3.9624798214306285,99628,97445
108.03718859899999,nodeproxy,4636,0.02,0.0,52276,52580
108.03718859899999,containerd,3698,1.08,1.9812399107153142,92284,90985
108.03718859899999,flanneld,5274,0.11,0.0,48452,48672
108.03718859899999,coredns,4906,0.14,0.0,66096,42504
108.03718859899999,coredns,4925,0.11,0.0,65748,42168
109.04658995700001,nodestore,4284,1.63,0.9906862043274374,61156,61596
109.04658995700001,nodeapiserver,4305,2.99,1.9813724086548747,342076,342360
109.04658995700001,nodescheduler,4298,0.65,0.0,65020,65260
109.04658995700001,nodecontroller,4291,0.98,0.9906862043274374,126316,126580
109.04658995700001,nodelet,4427,2.23,0.9906862043274374,99628,97449
109.04658995700001,nodeproxy,4636,0.02,0.0,52276,52580
109.04658995700001,containerd,3698,1.08,0.0,92284,90985
109.04658995700001,flanneld,5274,0.12,0.9906862043274374,48452,48672
109.04658995700001,coredns,4906,0.14,0.0,66096,42504
109.04658995700001,coredns,4925,0.11,0.0,65748,42172
110.05629282800001,nodestore,4284,1.65,1.9807807400004873,61156,61596
110.05629282800001,nodeapiserver,4305,3.01,1.9807807400004873,342076,342364
110.05629282800001,nodescheduler,4298,0.66,0.9903903700002437,65020,65264
110.05629282800001,nodecontroller,4291,0.99,0.9903903700002437,126316,126580
110.05629282800001,nodelet,4427,2.24,0.9903903700002437,99628,97457
110.05629282800001,nodeproxy,4636,0.02,0.0,52276,52580
110.05629282800001,containerd,3698,1.09,0.9903903700002437,92284,90985
110.05629282800001,flanneld,5274,0.12,0.0,48452,48672
110.05629282800001,coredns,4906,0.14,0.0,66096,42504
110.05629282800001,coredns,4925,0.11,0.0,65748,42172
111.066557657,nodestore,4284,1.66,0.989839467132441,61156,61596
111.066557657,nodeapiserver,4305,3.04,2.969518401397323,342076,342364
111.066557657,nodescheduler,4298,0.66,0.0,65020,65264
111.066557657,nodecontroller,4291,1.0,0.989839467132441,126316,126580
111.066557657,nodelet,4427,2.26,1.979678934264882,99628,97457
111.066557657,nodeproxy,4636,0.02,0.0,52276,52580
111.066557657,containerd,3698,1.1,0.989839467132441,92284,90985
111.066557657,flanneld,5274,0.12,0.0,48452,48672
111.066557657,coredns,4906,0.14,0.0,66096,42504
111.066557657,coredns,4925,0.11,0.0,65748,42172
112.075890103,nodestore,4284,1.68,1.9815076865169914,61156,61596
112.075890103,nodeapiserver,4305,3.07,2.972261529775487,342076,342364
112.075890103,nodescheduler,4298,0.67,0.9907538432584957,65020,65264
112.075890103,nodecontroller,4291,1.0,0.0,126316,126580
112.075890103,nodelet,4427,2.27,0.9907538432584957,99628,97461
112.075890103,nodeproxy,4636,0.02,0.0,52276,52580
112.075890103,containerd,3698,1.11,0.9907538432584957,92284,90985
112.075890103,flanneld,5274,0.12,0.0,48452,48672
112.075890103,coredns,4906,0.14,0.0,66096,42504
112.075890103,coredns,4925,0.11,0.0,65748,42172
113.085650173,nodestore,4284,1.69,0.9903342682187871,61156,61604
113.085650173,nodeapiserver,4305,3.09,1.9806685364375742,342076,342364
113.085650173,nodescheduler,4298,0.67,0.0,65020,65264
113.085650173,nodecontroller,4291,1.02,1.9806685364375742,126316,126580
113.085650173,nodelet,4427,2.28,0.9903342682187871,99628,97461
113.085650173,nodeproxy,4636,0.02,0.0,52276,52580
113.085650173,containerd,3698,1.11,0.0,92284,90989
113.085650173,flanneld,5274,0.12,0.0,48452,48672
113.085650173,coredns,4906,0.14,0.0,66096,42504
113.085650173,coredns,4925,0.11,0.0,65748,42172
114.094915673,nodestore,4284,1.7,0.9908195613542741,61156,61604
114.094915673,nodeapiserver,4305,3.11,1.9816391227085481,342076,342364
114.094915673,nodescheduler,4298,0.68,0.9908195613542741,65020,65264
114.094915673,nodecontroller,4291,1.02,0.0,126316,126580
114.094915673,nodelet,4427,2.29,0.9908195613542741,99628,97465
114.094915673,nodeproxy,4636,0.02,0.0,52276,52580
114.094915673,containerd,3698,1.15,3.9632782454170963,92284,90989
114.094915673,flanneld,5274,0.13,0.9908195613542741,48452,48676
114.094915673,coredns,4906,0.14,0.0,66096,42508
114.094915673,coredns,4925,0.12,0.9908195613542741,65748,42172
115.104388057,nodestore,4284,1.72,1.9812330002283816,61156,61608
115.104388057,nodeapiserver,4305,3.14,2.9718495003425724,342076,342364
115.104388057,nodescheduler,4298,0.68,0.0,65020,65264
115.104388057,nodecontroller,4291,1.03,0.9906165001141908,126316,126580
115.104388057,nodelet,4427,2.33,3.962466000456763,99628,97465
115.104388057,nodeproxy,4636,0.02,0.0,52276,52580
115.104388057,containerd,3698,1.15,0.0,92284,90989
115.104388057,flanneld,5274,0.13,0.0,48452,48676
115.104388057,coredns,4906,0.14,0.0,66096,42508
115.104388057,coredns,4925,0.12,0.0,65748,42172
116.113951972,nodestore,4284,1.73,0.9905266869606754,61156,61608
116.113951972,nodeapiserver,4305,3.17,2.9715800608820264,342076,342364
116.113951972,nodescheduler,4298,0.68,0.0,65020,65264
116.113951972,nodecontroller,4291,1.04,0.9905266869606754,126316,126580
116.113951972,nodelet,4427,2.37,3.9621067478427014,99628,97465
116.113951972,nodeproxy,4636,0.02,0.0,52276,52580
116.113951972,containerd,3698,1.16,0.9905266869606754,92284,90989
116.113951972,flanneld,5274,0.13,0.0,48452,48676
116.113951972,coredns,4906,0.14,0.0,66096,42508
116.113951972,coredns,4925,0.13,0.9905266869606754,65748,42236
117.12346510200001,nodestore,4284,1.75,1.9811530336410463,61156,61608
117.12346510200001,nodeapiserver,4305,3.19,1.9811530336410463,342076,342364
117.12346510200001,nodescheduler,4298,0.69,0.9905765168205232,65020,65264
117.12346510200001,nodecontroller,4291,1.04,0.0,126316,126580
117.12346510200001,nodelet,4427,2.39,1.9811530336410463,99628,97465
117.12346510200001,nodeproxy,4636,0.02,0.0,52276,52580
117.12346510200001,containerd,3698,1.17,0.9905765168205232,92284,90989
117.12346510200001,flanneld,5274,0.13,0.0,48452,48676
117.12346510200001,coredns,4906,0.14,0.0,66096,42508
117.12346510200001,coredns,4925,0.13,0.0,65748,42236
118.133628474,nodestore,4284,1.77,1.9798777657521442,61156,61620
118.133628474,nodeapiserver,4305,3.21,1.9798777657521442,342076,342364
118.133628474,nodescheduler,4298,0.7,0.9899388828760721,65020,65264
118.133628474,nodecontroller,4291,1.06,1.9798777657521442,126316,126580
118.133628474,nodelet,4427,2.41,1.9798777657521442,99628,97465
118.133628474,nodeproxy,4636,0.02,0.0,52276,52580
118.133628474,containerd,3698,1.18,0.9899388828760721,92284,90989
118.133628474,flanneld,5274,0.13,0.0,48452,48676
118.133628474,coredns,4906,0.14,0.0,66096,42508
118.133628474,coredns,4925,0.13,0.0,65748,42236
119.14543210900001,nodestore,4284,1.77,0.0,61156,61624
119.14543210900001,nodeapiserver,4305,3.24,2.9650021963006488,342076,342364
119.14543210900001,nodescheduler,4298,0.71,0.9883340654335495,65020,65264
119.14543210900001,nodecontroller,4291,1.07,0.9883340654335495,126316,126580
119.14543210900001,nodelet,4427,2.42,0.9883340654335495,99628,97465
119.14543210900001,nodeproxy,4636,0.02,0.0,52276,52580
119.14543210900001,containerd,3698,1.19,0.9883340654335495,92284,90989
119.14543210900001,flanneld,5274,0.13,0.0,48452,48688
119.14543210900001,coredns,4906,0.14,0.0,66096,42508
119.14543210900001,coredns,4925,0.13,0.0,65748,42236
120.155110479,nodestore,4284,1.79,1.980828805909769,61156,61624
120.155110479,nodeapiserver,4305,3.26,1.980828805909769,342076,342364
120.155110479,nodescheduler,4298,0.72,0.9904144029548845,65020,65268
120.155110479,nodecontroller,4291,1.08,0.9904144029548845,126316,126580
120.155110479,nodelet,4427,2.44,1.980828805909769,99628,97465
120.155110479,nodeproxy,4636,0.02,0.0,52276,52580
120.155110479,containerd,3698,1.2,0.9904144029548845,92284,90989
120.155110479,flanneld,5274,0.13,0.0,48452,48688
120.155110479,coredns,4906,0.14,0.0,66096,42508
120.155110479,coredns,4925,0.13,0.0,65748,42236
121.16939247100001,nodestore,4284,1.8,0.9859191111420148,61156,61624
121.16939247100001,nodeapiserver,4305,3.3,3.943676444568059,342076,342364
121.16939247100001,nodescheduler,4298,0.72,0.0,65020,65268
121.16939247100001,nodecontroller,4291,1.08,0.0,126316,126580
121.16939247100001,nodelet,4427,2.45,0.9859191111420148,99628,97465
121.16939247100001,nodeproxy,4636,0.02,0.0,52276,52580
121.16939247100001,containerd,3698,1.2,0.0,92284,90989
121.16939247100001,flanneld,5274,0.13,0.0,48452,48688
121.16939247100001,coredns,4906,0.15,0.9859191111420148,66096,42508
121.16939247100001,coredns,4925,0.13,0.0,65748,42236
122.18148756400001,nodestore,4284,1.82,1.9760989000269775,61156,61628
122.18148756400001,nodeapiserver,4305,3.33,2.964148350040466,342076,342364
122.18148756400001,nodescheduler,4298,0.73,0.9880494500134888,65020,65268
122.18148756400001,nodecontroller,4291,1.09,0.9880494500134888,126316,126580
122.18148756400001,nodelet,4427,2.47,1.9760989000269775,99628,97469
122.18148756400001,nodeproxy,4636,0.02,0.0,52276,52580
122.18148756400001,containerd,3698,1.21,0.9880494500134888,92284,90989
122.18148756400001,flanneld,5274,0.13,0.0,48452,48688
122.18148756400001,coredns,4906,0.15,0.0,66096,42508
122.18148756400001,coredns,4925,0.14,0.9880494500134888,65748,42236
123.191513109,nodestore,4284,1.84,1.9801479377435138,61156,61628
123.191513109,nodeapiserver,4305,3.36,2.9702219066152704,342076,342368
123.191513109,nodescheduler,4298,0.73,0.0,65020,65268
123.191513109,nodecontroller,4291,1.1,0.9900739688717569,126316,126580
123.191513109,nodelet,4427,2.48,0.9900739688717569,99628,97469
123.191513109,nodeproxy,4636,0.02,0.0,52276,52580
123.191513109,containerd,3698,1.21,0.0,92284,90989
123.191513109,flanneld,5274,0.13,0.0,48452,48688
123.191513109,coredns,4906,0.16,0.9900739688717569,66096,42508
123.191513109,coredns,4925,0.14,0.0,65748,42236
124.20106536099999,nodestore,4284,1.85,0.9905381301650626,61156,61628
124.20106536099999,nodeapiserver,4305,3.39,2.971614390495188,342076,342368
124.20106536099999,nodescheduler,4298,0.74,0.9905381301650626,65020,65268
124.20106536099999,nodecontroller,4291,1.1,0.0,126316,126580
124.20106536099999,nodelet,4427,2.52,3.9621525206602506,99628,97473
124.20106536099999,nodeproxy,4636,0.02,0.0,52276,52580
124.20106536099999,containerd,3698,1.24,2.971614390495188,92284,90993
124.20106536099999,flanneld,5274,0.14,0.9905381301650626,48452,48696
124.20106536099999,coredns,4906,0.16,0.0,66096,42508
124.20106536099999,coredns,4925,0.14,0.0,65748,42236
125.21119216400001,nodestore,4284,1.87,1.9799494420503567,61156,61628
125.21119216400001,nodeapiserver,4305,3.42,2.969924163075535,342076,342372
125.21119216400001,nodescheduler,4298,0.74,0.0,65020,65268
125.21119216400001,nodecontroller,4291,1.12,1.9799494420503567,126316,126580
125.21119216400001,nodelet,4427,2.56,3.9598988841007134,99628,97477
125.21119216400001,nodeproxy,4636,0.02,0.0,52276,52580
125.21119216400001,containerd,3698,1.25,0.9899747210251784,92284,90993
125.21119216400001,flanneld,5274,0.14,0.0,48452,48696
125.21119216400001,coredns,4906,0.16,0.0,66096,42508
125.21119216400001,coredns,4925,0.14,0.0,65748,42236
126.22092837100001,nodestore,4284,1.88,0.9903576726946041,61156,61632
126.22092837100001,nodeapiserver,4305,3.45,2.971073018083812,342076,342372
126.22092837100001,nodescheduler,4298,0.75,0.9903576726946041,65020,65268
126.22092837100001,nodecontroller,4291,1.13,0.9903576726946041,126316,126580
126.22092837100001,nodelet,4427,2.58,1.9807153453892081,99628,97481
126.22092837100001,nodeproxy,4636,0.02,0.0,52276,52580
126.22092837100001,containerd,3698,1.25,0.0,92284,90993
126.22092837100001,flanneld,5274,0.14,0.0,48452,48696
126.22092837100001,coredns,4906,0.16,0.0,66096,42508
126.22092837100001,coredns,4925,0.14,0.0,65748,42236
127.23051171200001,nodestore,4284,1.9,1.9810152552824354,61156,61636
127.23051171200001,nodeapiserver,4305,3.47,1.9810152552824354,342076,342376
127.23051171200001,nodescheduler,4298,0.76,0.9905076276412177,65020,65268
127.23051171200001,nodecontroller,4291,1.13,0.0,126316,126580
127.23051171200001,nodelet,4427,2.6,1.9810152552824354,99628,97485
127.23051171200001,nodeproxy,4636,0.02,0.0,52276,52580
127.23051171200001,containerd,3698,1.28,2.971522882923653,92284,90993
127.23051171200001,flanneld,5274,0.14,0.0,48452,48696
127.23051171200001,coredns,4906,0.16,0.0,66096,42508
127.23051171200001,coredns,4925,0.14,0.0,65748,42236
128.240320847,nodestore,4284,1.91,0.9902861494712231,61156,61636
128.240320847,nodeapiserver,4305,3.5,2.970858448413669,342076,342376
128.240320847,nodescheduler,4298,0.76,0.0,65020,65268
128.240320847,nodecontroller,4291,1.14,0.9902861494712231,126316,126584
128.240320847,nodelet,4427,2.62,1.9805722989424461,99628,97485
128.240320847,nodeproxy,4636,0.02,0.0,52276,52580
128.240320847,containerd,3698,1.29,0.9902861494712231,92284,91001
128.240320847,flanneld,5274,0.14,0.0,48452,48696
128.240320847,coredns,4906,0.16,0.0,66096,42508
128.240320847,coredns,4925,0.14,0.0,65748,42236
129.249669917,nodestore,4284,1.93,1.9814750510445052,61156,61636
129.249669917,nodeapiserver,4305,3.52,1.9814750510445052,342076,342376
129.249669917,nodescheduler,4298,0.77,0.9907375255222526,65020,65268
129.249669917,nodecontroller,4291,1.15,0.9907375255222526,126316,126584
129.249669917,nodelet,4427,2.64,1.9814750510445052,99628,97485
129.249669917,nodeproxy,4636,0.02,0.0,52276,52580
129.249669917,containerd,3698,1.3,0.9907375255222526,92284,91005
129.249669917,flanneld,5274,0.14,0.0,48452,48700
129.249669917,coredns,4906,0.16,0.0,66096,42508
129.249669917,coredns,4925,0.14,0.0,65748,42236
130.259404372,nodestore,4284,1.93,0.0,61156,61640
130.259404372,nodeapiserver,4305,3.55,2.9710781732212945,342076,342376
130.259404372,nodescheduler,4298,0.77,0.0,65020,65268
130.259404372,nodecontroller,4291,1.17,1.9807187821475296,126316,126584
130.259404372,nodelet,4427,2.66,1.9807187821475296,99628,97489
130.259404372,nodeproxy,4636,0.02,0.0,52276,52580
130.259404372,containerd,3698,1.3,0.0,92284,91005
130.259404372,flanneld,5274,0.14,0.0,48452,48700
130.259404372,coredns,4906,0.16,0.0,66096,42508
130.259404372,coredns,4925,0.14,0.0,65748,42236
131.269106922,nodestore,4284,1.95,1.980781369721239,61156,61640
131.269106922,nodeapiserver,4305,3.57,1.980781369721239,342076,342376
131.269106922,nodescheduler,4298,0.78,0.9903906848606195,65020,65268
131.269106922,nodecontroller,4291,1.19,1.980781369721239,126316,126584
131.269106922,nodelet,4427,2.69,2.9711720545818587,99628,97489
131.269106922,nodeproxy,4636,0.02,0.0,52276,52580
131.269106922,containerd,3698,1.31,0.9903906848606195,92284,91005
131.269106922,flanneld,5274,0.14,0.0,48452,48700
131.269106922,coredns,4906,0.16,0.0,66096,42508
131.269106922,coredns,4925,0.14,0.0,65748,42236
132.278734596,nodestore,4284,1.96,0.9904641342071605,61156,61640
132.278734596,nodeapiserver,4305,3.6,2.9713924026214813,342076,342376
132.278734596,nodescheduler,4298,0.79,0.9904641342071605,65020,65268
132.278734596,nodecontroller,4291,1.2,0.9904641342071605,126316,126584
132.278734596,nodelet,4427,2.71,1.980928268414321,99628,97497
132.278734596,nodeproxy,4636,0.02,0.0,52276,52580
132.278734596,containerd,3698,1.32,0.9904641342071605,92284,91005
132.278734596,flanneld,5274,0.14,0.0,48452,48700
132.278734596,coredns,4906,0.16,0.0,66096,42508
132.278734596,coredns,4925,0.14,0.0,65748,42236
133.287993305,nodestore,4284,1.98,1.981652456565537,61156,61640
133.287993305,nodeapiserver,4305,3.63,2.9724786848483054,342076,342376
133.287993305,nodescheduler,4298,0.79,0.0,65020,65268
133.287993305,nodecontroller,4291,1.21,0.9908262282827685,126316,126584
133.287993305,nodelet,4427,2.73,1.981652456565537,99628,97497
133.287993305,nodeproxy,4636,0.02,0.0,52276,52580
133.287993305,containerd,3698,1.32,0.0,92284,91005
133.287993305,flanneld,5274,0.15,0.9908262282827685,48452,48700
133.287993305,coredns,4906,0.16,0.0,66096,42508
133.287993305,coredns,4925,0.15,0.9908262282827685,65748,42236
134.29797957300002,nodestore,4284,2.0,1.9802249430186631,61156,61644
134.29797957300002,nodeapiserver,4305,3.66,2.970337414527995,342076,342376
134.29797957300002,nodescheduler,4298,0.8,0.9901124715093316,65020,65268
134.29797957300002,nodecontroller,4291,1.21,0.0,126316,126584
134.29797957300002,nodelet,4427,2.75,1.9802249430186631,99628,97497
134.29797957300002,nodeproxy,4636,0.02,0.0,52276,52580
134.29797957300002,containerd,3698,1.34,1.9802249430186631,92284,91005
134.29797957300002,flanneld,5274,0.15,0.0,47524,47740
134.29797957300002,coredns,4906,0.16,0.0,66096,42508
134.29797957300002,coredns,4925,0.15,0.0,65748,42236
135.307655297,nodestore,4284,2.01,0.9904169984778437,61156,61644
135.307655297,nodeapiserver,4305,3.69,2.971250995433531,342076,342376
135.307655297,nodescheduler,4298,0.8,0.0,65020,65268
135.307655297,nodecontroller,4291,1.22,0.9904169984778437,126316,126584
135.307655297,nodelet,4427,2.78,2.971250995433531,99628,97505
135.307655297,nodeproxy,4636,0.02,0.0,52276,52580
135.307655297,containerd,3698,1.36,1.9808339969556874,92284,91005
135.307655297,flanneld,5274,0.15,0.0,47524,47740
135.307655297,coredns,4906,0.17,0.9904169984778437,66096,42508
135.307655297,coredns,4925,0.15,0.0,65748,42236
136.31726047900003,nodestore,4284,2.04,2.9714585993477116,61156,61644
136.31726047900003,nodeapiserver,4305,3.72,2.9714585993477116,342076,342376
136.31726047900003,nodescheduler,4298,0.81,0.9904861997825706,65020,65268
136.31726047900003,nodecontroller,4291,1.24,1.9809723995651412,126316,126584
136.31726047900003,nodelet,4427,2.8,1.9809723995651412,99628,97505
136.31726047900003,nodeproxy,4636,0.02,0.0,52276,52580
136.31726047900003,containerd,3698,1.36,0.0,92284,91005
136.31726047900003,flanneld,5274,0.15,0.0,47524,47740
136.31726047900003,coredns,4906,0.17,0.0,66096,42508
136.31726047900003,coredns,4925,0.15,0.0,65748,42236
137.32705007599998,nodestore,4284,2.05,0.9903053101071393,61156,61644
137.32705007599998,nodeapiserver,4305,3.75,2.970915930321418,342076,342376
137.32705007599998,nodescheduler,4298,0.82,0.9903053101071393,65020,65268
137.32705007599998,nodecontroller,4291,1.25,0.9903053101071393,126316,126584
137.32705007599998,nodelet,4427,2.82,1.9806106202142786,99628,97505
137.32705007599998,nodeproxy,4636,0.02,0.0,52276,52580
137.32705007599998,containerd,3698,1.37,0.9903053101071393,92284,91005
137.32705007599998,flanneld,5274,0.15,0.0,47524,47740
137.32705007599998,coredns,4906,0.17,0.0,66096,42508
137.32705007599998,coredns,4925,0.15,0.0,65748,42236
138.33731152399997,nodestore,4284,2.06,0.9898427797870455,61156,61648
138.33731152399997,nodeapiserver,4305,3.77,1.979685559574091,342076,342376
138.33731152399997,nodescheduler,4298,0.82,0.0,65020,65268
138.33731152399997,nodecontroller,4291,1.26,0.9898427797870455,126316,126584
138.33731152399997,nodelet,4427,2.85,2.9695283393611365,99628,97505
138.33731152399997,nodeproxy,4636,0.02,0.0,52276,52580
138.33731152399997,containerd,3698,1.39,1.979685559574091,92284,91009
138.33731152399997,flanneld,5274,0.15,0.0,47524,47740
138.33731152399997,coredns,4906,0.17,0.0,66096,42508
138.33731152399997,coredns,4925,0.15,0.0,65748,42236
139.34685692,nodestore,4284,2.08,1.9810897141667096,61156,61648
139.34685692,nodeapiserver,4305,3.8,2.9716345712500645,342076,342376
139.34685692,nodescheduler,4298,0.82,0.0,65020,65268
139.34685692,nodecontroller,4291,1.26,0.0,126316,126584
139.34685692,nodelet,4427,2.88,2.9716345712500645,99628,97505
139.34685692,nodeproxy,4636,0.02,0.0,52276,52580
139.34685692,containerd,3698,1.39,0.0,92284,91009
139.34685692,flanneld,5274,0.16,0.9905448570833548,47524,47740
139.34685692,coredns,4906,0.17,0.0,66096,42508
139.34685692,coredns,4925,0.15,0.0,65748,42240
140.357025448,nodestore,4284,2.09,0.9899338301301659,61156,61648
140.357025448,nodeapiserver,4305,3.82,1.9798676602603318,342076,342376
140.357025448,nodescheduler,4298,0.83,0.9899338301301659,65020,65268
140.357025448,nodecontroller,4291,1.27,0.9899338301301659,126316,126584
140.357025448,nodelet,4427,2.9,1.9798676602603318,99628,97505
140.357025448,nodeproxy,4636,0.02,0.0,52276,52580
140.357025448,containerd,3698,1.41,1.9798676602603318,92284,91013
140.357025448,flanneld,5274,0.16,0.0,47524,47740
140.357025448,coredns,4906,0.17,0.0,66096,42508
140.357025448,coredns,4925,0.15,0.0,65748,42240
141.366750324,nodestore,4284,2.11,1.9807375727167744,61284,61652
141.366750324,nodeapiserver,4305,3.85,2.971106359075162,342076,342376
141.366750324,nodescheduler,4298,0.83,0.0,65020,65268
141.366750324,nodecontroller,4291,1.28,0.9903687863583872,126316,126584
141.366750324,nodelet,4427,2.91,0.9903687863583872,99756,97513
141.366750324,nodeproxy,4636,0.02,0.0,52276,52580
141.366750324,containerd,3698,1.41,0.0,92284,91013
141.366750324,flanneld,5274,0.16,0.0,47524,47740
141.366750324,coredns,4906,0.17,0.0,66096,42508
141.366750324,coredns,4925,0.15,0.0,65748,42240
142.37616364000002,nodestore,4284,2.13,1.9813489363558052,61284,61656
142.37616364000002,nodeapiserver,4305,3.88,2.972023404533708,342076,342376
142.37616364000002,nodescheduler,4298,0.84,0.9906744681779026,65020,65268
142.37616364000002,nodecontroller,4291,1.28,0.0,126316,126584
142.37616364000002,nodelet,4427,2.92,0.9906744681779026,99756,97513
142.37616364000002,nodeproxy,4636,0.02,0.0,52276,52580
142.37616364000002,containerd,3698,1.43,1.9813489363558052,92284,91013
142.37616364000002,flanneld,5274,0.16,0.0,47524,47740
142.37616364000002,coredns,4906,0.17,0.0,66096,42508
142.37616364000002,coredns,4925,0.15,0.0,65748,42240
143.385560565,nodestore,4284,2.14,0.9906905551550238,61284,61664
143.385560565,nodeapiserver,4305,3.9,1.9813811103100476,342076,342376
143.385560565,nodescheduler,4298,0.84,0.0,65020,65268
143.385560565,nodecontroller,4291,1.29,0.9906905551550238,126316,126584
143.385560565,nodelet,4427,2.93,0.9906905551550238,99756,97513
143.385560565,nodeproxy,4636,0.02,0.0,52276,52580
143.385560565,containerd,3698,1.43,0.0,92284,91013
143.385560565,flanneld,5274,0.16,0.0,47524,47740
143.385560565,coredns,4906,0.17,0.0,66096,42508
143.385560565,coredns,4925,0.15,0.0,65748,42240
144.394859176,nodestore,4284,2.16,1.9815741131540712,61284,61668
144.394859176,nodeapiserver,4305,3.93,2.9723611697311068,342076,342376
144.394859176,nodescheduler,4298,0.85,0.9907870565770356,65020,65268
144.394859176,nodecontroller,4291,1.3,0.9907870565770356,126316,126584
144.394859176,nodelet,4427,2.98,4.953935282885178,99756,97517
144.394859176,nodeproxy,4636,0.02,0.0,52276,52580
144.394859176,containerd,3698,1.45,1.9815741131540712,92284,91021
144.394859176,flanneld,5274,0.16,0.0,47524,47744
144.394859176,coredns,4906,0.17,0.0,66096,42508
144.394859176,coredns,4925,0.15,0.0,65748,42240
145.404558055,nodestore,4284,2.17,0.9903942856610973,61284,61668
145.404558055,nodeapiserver,4305,3.95,1.9807885713221947,342076,342376
145.404558055,nodescheduler,4298,0.85,0.0,65020,65268
145.404558055,nodecontroller,4291,1.31,0.9903942856610973,126316,126584
145.404558055,nodelet,4427,3.0,1.9807885713221947,99756,97517
145.404558055,nodeproxy,4636,0.02,0.0,52276,52580
145.404558055,containerd,3698,1.46,0.9903942856610973,92284,91021
145.404558055,flanneld,5274,0.16,0.0,47524,47744
145.404558055,coredns,4906,0.17,0.0,66096,42508
145.404558055,coredns,4925,0.16,0.9903942856610973,65748,42240
146.414189103,nodestore,4284,2.18,0.9904608242594211,61284,61668
146.414189103,nodeapiserver,4305,3.98,2.9713824727782634,342076,342380
146.414189103,nodescheduler,4298,0.87,1.9809216485188421,65020,65268
146.414189103,nodecontroller,4291,1.32,0.9904608242594211,126316,126584
146.414189103,nodelet,4427,3.04,3.9618432970376842,99756,97517
146.414189103,nodeproxy,4636,0.02,0.0,52276,52580
146.414189103,containerd,3698,1.47,0.9904608242594211,92284,91021
146.414189103,flanneld,5274,0.16,0.0,47524,47744
146.414189103,coredns,4906,0.18,0.9904608242594211,66096,42508
146.414189103,coredns,4925,0.16,0.0,65748,42240
147.42434644500003,nodestore,4284,2.2,1.9798895843692963,61284,61668
147.42434644500003,nodeapiserver,4305,4.01,2.9698343765539446,342076,342380
147.42434644500003,nodescheduler,4298,0.87,0.0,65020,65268
147.42434644500003,nodecontroller,4291,1.32,0.0,126316,126584
147.42434644500003,nodelet,4427,3.05,0.9899447921846481,99756,97517
147.42434644500003,nodeproxy,4636,0.02,0.0,52276,52580
147.42434644500003,containerd,3698,1.48,0.9899447921846481,92284,91021
147.42434644500003,flanneld,5274,0.16,0.0,47524,47744
147.42434644500003,coredns,4906,0.18,0.0,66096,42508
147.42434644500003,coredns,4925,0.16,0.0,65748,42240
148.43374583899998,nodestore,4284,2.22,1.9813762638340622,61284,61676
148.43374583899998,nodeapiserver,4305,4.03,1.9813762638340622,342076,342380
148.43374583899998,nodescheduler,4298,0.88,0.9906881319170311,65020,65268
148.43374583899998,nodecontroller,4291,1.33,0.9906881319170311,126316,126584
148.43374583899998,nodelet,4427,3.08,2.9720643957510933,99756,97517
148.43374583899998,nodeproxy,4636,0.02,0.0,52276,52580
148.43374583899998,containerd,3698,1.49,0.9906881319170311,92284,91021
148.43374583899998,flanneld,5274,0.16,0.0,47524,47744
148.43374583899998,coredns,4906,0.19,0.9906881319170311,66096,42508
148.43374583899998,coredns,4925,0.16,0.0,65748,42240
149.443739289,nodestore,4284,2.22,0.0,61284,61676
149.443739289,nodeapiserver,4305,4.05,1.9802108617634615,342076,342384
149.443739289,nodescheduler,4298,0.88,0.0,65020,65268
149.443739289,nodecontroller,4291,1.35,1.9802108617634615,126316,126584
149.443739289,nodelet,4427,3.09,0.9901054308817308,99756,97517
149.443739289,nodeproxy,4636,0.02,0.0,52276,52580
149.443739289,containerd,3698,1.5,0.9901054308817308,92284,91021
149.443739289,flanneld,5274,0.16,0.0,47524,47744
149.443739289,coredns,4906,0.19,0.0,66096,42508
149.443739289,coredns,4925,0.16,0.0,65748,42240
150.45325231599998,nodestore,4284,2.24,1.9811532357769785,61284,61676
150.45325231599998,nodeapiserver,4305,4.08,2.9717298536654675,342076,342384
150.45325231599998,nodescheduler,4298,0.89,0.9905766178884893,65020,65268
150.45325231599998,nodecontroller,4291,1.36,0.9905766178884893,126316,126584
150.45325231599998,nodelet,4427,3.11,1.9811532357769785,99756,97517
150.45325231599998,nodeproxy,4636,0.02,0.0,52276,52580
150.45325231599998,containerd,3698,1.51,0.9905766178884893,92284,91021
150.45325231599998,flanneld,5274,0.16,0.0,47524,47744
150.45325231599998,coredns,4906,0.19,0.0,66096,42508
150.45325231599998,coredns,4925,0.16,0.0,65748,42240
151.46260449200003,nodestore,4284,2.26,1.9814689536072305,61284,61676
151.46260449200003,nodeapiserver,4305,4.11,2.9722034304108456,342076,342384
151.46260449200003,nodescheduler,4298,0.89,0.0,65020,65268
151.46260449200003,nodecontroller,4291,1.36,0.0,126316,126584
151.46260449200003,nodelet,4427,3.13,1.9814689536072305,99756,97525
151.46260449200003,nodeproxy,4636,0.02,0.0,52276,52580
151.46260449200003,containerd,3698,1.51,0.0,92284,91025
151.46260449200003,flanneld,5274,0.16,0.0,47524,47744
151.46260449200003,coredns,4906,0.19,0.0,66096,42508
151.46260449200003,coredns,4925,0.16,0.0,65748,42240
152.47187799,nodestore,4284,2.27,0.9908117095927443,61284,61680
152.47187799,nodeapiserver,4305,4.12,0.9908117095927443,342076,342384
152.47187799,nodescheduler,4298,0.9,0.9908117095927443,65020,65268
152.47187799,nodecontroller,4291,1.37,0.9908117095927443,126316,126584
152.47187799,nodelet,4427,3.14,0.9908117095927443,99756,97525
152.47187799,nodeproxy,4636,0.02,0.0,52276,52580
152.47187799,containerd,3698,1.52,0.9908117095927443,92284,91025
152.47187799,flanneld,5274,0.16,0.0,47524,47744
152.47187799,coredns,4906,0.19,0.0,66096,42508
152.47187799,coredns,4925,0.16,0.0,65748,42240
153.48114711800002,nodestore,4284,2.29,1.9816319993490819,61284,61680
153.48114711800002,nodeapiserver,4305,4.16,3.9632639986981637,342076,342384
153.48114711800002,nodescheduler,4298,0.9,0.0,65020,65268
153.48114711800002,nodecontroller,4291,1.37,0.0,126316,126584
153.48114711800002,nodelet,4427,3.14,0.0,99756,97525
153.48114711800002,nodeproxy,4636,0.02,0.0,52276,52580
153.48114711800002,containerd,3698,1.53,0.9908159996745409,92284,91025
153.48114711800002,flanneld,5274,0.16,0.0,47524,47744
153.48114711800002,coredns,4906,0.19,0.0,66096,42508
153.48114711800002,coredns,4925,0.16,0.0,65748,42240
154.490375927,nodestore,4284,2.31,1.9817111661544364,61284,61684
154.490375927,nodeapiserver,4305,4.19,2.9725667492316545,342076,342384
154.490375927,nodescheduler,4298,0.91,0.9908555830772182,65020,65268
154.490375927,nodecontroller,4291,1.38,0.9908555830772182,126316,126584
154.490375927,nodelet,4427,3.21,6.935989081540528,99756,97537
154.490375927,nodeproxy,4636,0.02,0.0,52276,52580
154.490375927,containerd,3698,1.56,2.9725667492316545,92284,91029
154.490375927,flanneld,5274,0.18,1.9817111661544364,47524,47744
154.490375927,coredns,4906,0.19,0.0,66096,42508
154.490375927,coredns,4925,0.16,0.0,65748,42240
155.500070758,nodestore,4284,2.33,1.9807965125653093,61284,61684
155.500070758,nodeapiserver,4305,4.21,1.9807965125653093,342076,342384
155.500070758,nodescheduler,4298,0.91,0.0,65020,65268
155.500070758,nodecontroller,4291,1.39,0.9903982562826547,126316,126584
155.500070758,nodelet,4427,3.22,0.9903982562826547,99756,97541
155.500070758,nodeproxy,4636,0.02,0.0,52276,52580
155.500070758,containerd,3698,1.57,0.9903982562826547,92284,91029
155.500070758,flanneld,5274,0.18,0.0,47524,47744
155.500070758,coredns,4906,0.19,0.0,66096,42508
155.500070758,coredns,4925,0.16,0.0,65748,42240
156.509526961,nodestore,4284,2.34,0.9906323791246114,61284,61688
156.509526961,nodeapiserver,4305,4.24,2.9718971373738343,342076,342384
156.509526961,nodescheduler,4298,0.92,0.9906323791246114,65020,65268
156.509526961,nodecontroller,4291,1.39,0.0,126316,126584
156.509526961,nodelet,4427,3.23,0.9906323791246114,99756,97541
156.509526961,nodeproxy,4636,0.02,0.0,52276,52580
156.509526961,containerd,3698,1.57,0.0,92284,91029
156.509526961,flanneld,5274,0.18,0.0,47524,47744
156.509526961,coredns,4906,0.19,0.0,66096,42508
156.509526961,coredns,4925,0.17,0.9906323791246114,65748,42240
157.51930128100003,nodestore,4284,2.35,0.9903202925580249,61284,61688
157.51930128100003,nodeapiserver,4305,4.26,1.9806405851160498,342076,342384
157.51930128100003,nodescheduler,4298,0.92,0.0,65020,65268
157.51930128100003,nodecontroller,4291,1.41,1.9806405851160498,126316,126588
157.51930128100003,nodelet,4427,3.26,2.9709608776740746,99756,97545
157.51930128100003,nodeproxy,4636,0.02,0.0,52276,52580
157.51930128100003,containerd,3698,1.58,0.9903202925580249,92284,91029
157.51930128100003,flanneld,5274,0.18,0.0,47524,47744
157.51930128100003,coredns,4906,0.19,0.0,66096,42512
157.51930128100003,coredns,4925,0.17,0.0,65748,42240
158.52855600599997,nodestore,4284,2.37,1.9816602790738505,61284,61688
158.52855600599997,nodeapiserver,4305,4.28,1.9816602790738505,342076,342384
158.52855600599997,nodescheduler,4298,0.93,0.9908301395369252,65020,65268
158.52855600599997,nodecontroller,4291,1.42,0.9908301395369252,126316,126588
158.52855600599997,nodelet,4427,3.28,1.9816602790738505,99756,97545
158.52855600599997,nodeproxy,4636,0.02,0.0,52276,52580
158.52855600599997,containerd,3698,1.6,1.9816602790738505,92284,91033
158.52855600599997,flanneld,5274,0.18,0.0,47524,47744
158.52855600599997,coredns,4906,0.19,0.0,66096,42512
158.52855600599997,coredns,4925,0.17,0.0,65748,42240
159.53777602500003,nodestore,4284,2.39,1.9817284262569637,61284,61692
159.53777602500003,nodeapiserver,4305,4.31,2.9725926393854456,342076,342384
159.53777602500003,nodescheduler,4298,0.93,0.0,65020,65268
159.53777602500003,nodecontroller,4291,1.43,0.9908642131284818,126316,126592
159.53777602500003,nodelet,4427,3.29,0.9908642131284818,99756,97545
159.53777602500003,nodeproxy,4636,0.02,0.0,52276,52580
159.53777602500003,containerd,3698,1.6,0.0,92284,91033
159.53777602500003,flanneld,5274,0.18,0.0,47524,47744
159.53777602500003,coredns,4906,0.19,0.0,66096,42512
159.53777602500003,coredns,4925,0.17,0.0,65748,42240
160.547284342,nodestore,4284,2.4,0.9905812395600263,61284,61696
160.547284342,nodeapiserver,4305,4.33,1.9811624791200526,342076,342384
160.547284342,nodescheduler,4298,0.93,0.0,65020,65268
160.547284342,nodecontroller,4291,1.43,0.0,126316,126596
160.547284342,nodelet,4427,3.31,1.9811624791200526,99756,97545
160.547284342,nodeproxy,4636,0.02,0.0,52276,52580
160.547284342,containerd,3698,1.6,0.0,92284,91033
160.547284342,flanneld,5274,0.18,0.0,47524,47744
160.547284342,coredns,4906,0.2,0.9905812395600263,66096,42512
160.547284342,coredns,4925,0.17,0.0,65748,42240
161.55682124700002,nodestore,4284,2.41,0.9905531883452994,61284,61696
161.55682124700002,nodeapiserver,4305,4.35,1.9811063766905987,342076,342384
161.55682124700002,nodescheduler,4298,0.95,1.9811063766905987,65020,65268
161.55682124700002,nodecontroller,4291,1.44,0.9905531883452994,126316,126600
161.55682124700002,nodelet,4427,3.32,0.9905531883452994,99756,97549
161.55682124700002,nodeproxy,4636,0.02,0.0,52276,52580
161.55682124700002,containerd,3698,1.62,1.9811063766905987,92284,91033
161.55682124700002,flanneld,5274,0.18,0.0,47524,47744
161.55682124700002,coredns,4906,0.2,0.0,66096,42512
161.55682124700002,coredns,4925,0.17,0.0,65748,42240
162.56658725199998,nodestore,4284,2.42,0.990328447430788,61284,61696
162.56658725199998,nodeapiserver,4305,4.39,3.961313789723152,342076,342384
162.56658725199998,nodescheduler,4298,0.95,0.0,65020,65268
162.56658725199998,nodecontroller,4291,1.46,1.980656894861576,126316,126600
162.56658725199998,nodelet,4427,3.34,1.980656894861576,99756,97549
162.56658725199998,nodeproxy,4636,0.02,0.0,52276,52580
162.56658725199998,containerd,3698,1.62,0.0,92284,91033
162.56658725199998,flanneld,5274,0.18,0.0,47524,47744
162.56658725199998,coredns,4906,0.2,0.0,66096,42512
162.56658725199998,coredns,4925,0.18,0.990328447430788,65748,42240
163.57618939399998,nodestore,4284,2.44,1.980978364445654,61284,61696
163.57618939399998,nodeapiserver,4305,4.4,0.990489182222827,342076,342384
163.57618939399998,nodescheduler,4298,0.96,0.990489182222827,65020,65268
163.57618939399998,nodecontroller,4291,1.46,0.0,126316,126600
163.57618939399998,nodelet,4427,3.35,0.990489182222827,99756,97549
163.57618939399998,nodeproxy,4636,0.02,0.0,52276,52580
163.57618939399998,containerd,3698,1.62,0.0,92284,91033
163.57618939399998,flanneld,5274,0.18,0.0,47524,47744
163.57618939399998,coredns,4906,0.2,0.0,66096,42512
163.57618939399998,coredns,4925,0.18,0.0,65748,42240
164.585912893,nodestore,4284,2.45,0.9903701369635874,61284,61700
164.585912893,nodeapiserver,4305,4.43,2.971110410890762,342076,342384
164.585912893,nodescheduler,4298,0.96,0.0,65020,65268
164.585912893,nodecontroller,4291,1.47,0.9903701369635874,126316,126600
164.585912893,nodelet,4427,3.42,6.932590958745113,99756,97569
164.585912893,nodeproxy,4636,0.02,0.0,52276,52580
164.585912893,containerd,3698,1.65,2.971110410890762,92284,91033
164.585912893,flanneld,5274,0.18,0.0,47524,47744
164.585912893,coredns,4906,0.2,0.0,66096,42512
164.585912893,coredns,4925,0.18,0.0,65748,42240
165.59609751,nodestore,4284,2.46,0.9899180636602456,61284,61700
165.59609751,nodeapiserver,4305,4.47,3.9596722546409824,342076,342384
165.59609751,nodescheduler,4298,0.97,0.9899180636602456,65020,65268
165.59609751,nodecontroller,4291,1.48,0.9899180636602456,126316,126600
165.59609751,nodelet,4427,3.43,0.9899180636602456,99756,97569
165.59609751,nodeproxy,4636,0.02,0.0,52276,52580
165.59609751,containerd,3698,1.65,0.0,92284,91033
165.59609751,flanneld,5274,0.18,0.0,47524,47744
165.59609751,coredns,4906,0.21,0.9899180636602456,66096,42512
165.59609751,coredns,4925,0.18,0.0,65748,42240
166.60536566399998,nodestore,4284,2.47,0.9908169558672282,61284,61704
166.60536566399998,nodeapiserver,4305,4.49,1.9816339117344564,342076,342384
166.60536566399998,nodescheduler,4298,0.97,0.0,65020,65268
166.60536566399998,nodecontroller,4291,1.48,0.0,126316,126600
166.60536566399998,nodelet,4427,3.45,1.9816339117344564,99756,97577
166.60536566399998,nodeproxy,4636,0.02,0.0,52276,52580
166.60536566399998,containerd,3698,1.67,1.9816339117344564,92284,91033
166.60536566399998,flanneld,5274,0.18,0.0,47524,47744
166.60536566399998,coredns,4906,0.21,0.0,66096,42512
166.60536566399998,coredns,4925,0.18,0.0,65748,42240
167.61528422100002,nodestore,4284,2.49,1.9803577091810025,61284,61704
167.61528422100002,nodeapiserver,4305,4.5,0.9901788545905013,342076,342384
167.61528422100002,nodescheduler,4298,0.98,0.9901788545905013,65020,65268
167.61528422100002,nodecontroller,4291,1.49,0.9901788545905013,126316,126600
167.61528422100002,nodelet,4427,3.47,1.9803577091810025,99756,97581
167.61528422100002,nodeproxy,4636,0.02,0.0,52276,52580
167.61528422100002,containerd,3698,1.67,0.0,92284,91037
167.61528422100002,flanneld,5274,0.18,0.0,47524,47744
167.61528422100002,coredns,4906,0.21,0.0,66096,42512
167.61528422100002,coredns,4925,0.18,0.0,65748,42240
168.62541474199998,nodestore,4284,2.5,0.9899710772129502,61284,61708
168.62541474199998,nodeapiserver,4305,4.53,2.9699132316388503,342076,342384
168.62541474199998,nodescheduler,4298,0.98,0.0,65020,65268
168.62541474199998,nodecontroller,4291,1.5,0.9899710772129502,126316,126600
168.62541474199998,nodelet,4427,3.5,2.9699132316388503,99756,97581
168.62541474199998,nodeproxy,4636,0.02,0.0,52276,52580
168.62541474199998,containerd,3698,1.7,2.9699132316388503,92284,91037
168.62541474199998,flanneld,5274,0.19,0.9899710772129502,47524,47744
168.62541474199998,coredns,4906,0.21,0.0,66096,42512
168.62541474199998,coredns,4925,0.18,0.0,65748,42240
169.63757196400002,nodestore,4284,2.52,1.9759776016298758,61284,61712
169.63757196400002,nodeapiserver,4305,4.55,1.9759776016298758,342076,342384
169.63757196400002,nodescheduler,4298,0.99,0.9879888008149379,65020,65272
169.63757196400002,nodecontroller,4291,1.52,1.9759776016298758,126316,126600
169.63757196400002,nodelet,4427,3.51,0.9879888008149379,99756,97581
169.63757196400002,nodeproxy,4636,0.02,0.0,52276,52580
169.63757196400002,containerd,3698,1.7,0.0,92284,91037
169.63757196400002,flanneld,5274,0.19,0.0,47524,47744
169.63757196400002,coredns,4906,0.21,0.0,66096,42512
169.63757196400002,coredns,4925,0.18,0.0,65748,42240
170.64744894199998,nodestore,4284,2.52,0.0,61284,61712
170.64744894199998,nodeapiserver,4305,4.57,1.98043924514543,342076,342384
170.64744894199998,nodescheduler,4298,0.99,0.0,65020,65276
170.64744894199998,nodecontroller,4291,1.52,0.0,126316,126600
170.64744894199998,nodelet,4427,3.54,2.970658867718145,99756,97585
170.64744894199998,nodeproxy,4636,0.02,0.0,52276,52580
170.64744894199998,containerd,3698,1.72,1.98043924514543,92284,91037
170.64744894199998,flanneld,5274,0.19,0.0,47524,47744
170.64744894199998,coredns,4906,0.21,0.0,66096,42512
170.64744894199998,coredns,4925,0.18,0.0,65748,42240
171.65667075,nodestore,4284,2.54,1.9817249133403456,61284,61712
171.65667075,nodeapiserver,4305,4.6,2.9725873700105185,342076,342384
171.65667075,nodescheduler,4298,1.0,0.9908624566701728,65020,65276
171.65667075,nodecontroller,4291,1.53,0.9908624566701728,126316,126600
171.65667075,nodelet,4427,3.55,0.9908624566701728,99756,97585
171.65667075,nodeproxy,4636,0.02,0.0,52276,52580
171.65667075,containerd,3698,1.72,0.0,92284,91037
171.65667075,flanneld,5274,0.19,0.0,47524,47744
171.65667075,coredns,4906,0.21,0.0,66096,42512
171.65667075,coredns,4925,0.18,0.0,65748,42240
172.66616424699998,nodestore,4284,2.56,1.981191563832344,61284,61716
172.66616424699998,nodeapiserver,4305,4.63,2.9717873457485164,342076,342384
172.66616424699998,nodescheduler,4298,1.01,0.990595781916172,65020,65276
172.66616424699998,nodecontroller,4291,1.53,0.0,126316,126600
172.66616424699998,nodelet,4427,3.56,0.990595781916172,99756,97585
172.66616424699998,nodeproxy,4636,0.02,0.0,52276,52580
172.66616424699998,containerd,3698,1.72,0.0,92284,91037
172.66616424699998,flanneld,5274,0.19,0.0,47524,47744
172.66616424699998,coredns,4906,0.21,0.0,66096,42512
172.66616424699998,coredns,4925,0.18,0.0,65748,42240
173.676152021,nodestore,4284,2.58,1.9802219902910951,61284,61716
173.676152021,nodeapiserver,4305,4.65,1.9802219902910951,342076,342384
173.676152021,nodescheduler,4298,1.01,0.0,65020,65280
173.676152021,nodecontroller,4291,1.54,0.9901109951455476,126316,126600
173.676152021,nodelet,4427,3.58,1.9802219902910951,99756,97585
173.676152021,nodeproxy,4636,0.02,0.0,52276,52580
173.676152021,containerd,3698,1.73,0.9901109951455476,92284,91037
173.676152021,flanneld,5274,0.19,0.0,47524,47744
173.676152021,coredns,4906,0.21,0.0,66096,42512
173.676152021,coredns,4925,0.18,0.0,65748,42240
174.68532669,nodestore,4284,2.59,0.9909087402985503,61284,61720
174.68532669,nodeapiserver,4305,4.68,2.972726220895651,342076,342384
174.68532669,nodescheduler,4298,1.02,0.9909087402985503,65020,65280
174.68532669,nodecontroller,4291,1.55,0.9909087402985503,126316,126600
174.68532669,nodelet,4427,3.62,3.963634961194201,99756,97585
174.68532669,nodeproxy,4636,0.02,0.0,52276,52580
174.68532669,containerd,3698,1.76,2.972726220895651,92284,91041
174.68532669,flanneld,5274,0.19,0.0,47524,47744
174.68532669,coredns,4906,0.21,0.0,66096,42516
174.68532669,coredns,4925,0.18,0.0,65748,42240
175.69472552000002,nodestore,4284,2.6,0.9906886854624063,61284,61720
175.69472552000002,nodeapiserver,4305,4.7,1.9813773709248126,342076,342384
175.69472552000002,nodescheduler,4298,1.02,0.0,65020,65284
175.69472552000002,nodecontroller,4291,1.55,0.0,126316,126600
175.69472552000002,nodelet,4427,3.64,1.9813773709248126,99756,97585
175.69472552000002,nodeproxy,4636,0.02,0.0,52276,52580
175.69472552000002,containerd,3698,1.76,0.0,92284,91041
175.69472552000002,flanneld,5274,0.19,0.0,47524,47744
175.69472552000002,coredns,4906,0.21,0.0,66096,42516
175.69472552000002,coredns,4925,0.19,0.9906886854624063,65748,42240
176.704788785,nodestore,4284,2.62,1.980073990711888,61284,61724
176.704788785,nodeapiserver,4305,4.74,3.960147981423776,342076,342384
176.704788785,nodescheduler,4298,1.03,0.990036995355944,65020,65284
176.704788785,nodecontroller,4291,1.56,0.990036995355944,126316,126600
176.704788785,nodelet,4427,3.67,2.970110986067832,99756,97585
176.704788785,nodeproxy,4636,0.02,0.0,52276,52580
176.704788785,containerd,3698,1.77,0.990036995355944,92284,91041
176.704788785,flanneld,5274,0.19,0.0,47524,47744
176.704788785,coredns,4906,0.21,0.0,66096,42516
176.704788785,coredns,4925,0.19,0.0,65748,42240
177.714854318,nodestore,4284,2.63,0.9900347723279969,61284,61724
177.714854318,nodeapiserver,4305,4.76,1.9800695446559937,342076,342384
177.714854318,nodescheduler,4298,1.05,1.9800695446559937,65020,65284
177.714854318,nodecontroller,4291,1.58,1.9800695446559937,126316,126600
177.714854318,nodelet,4427,3.68,0.9900347723279969,99756,97585
177.714854318,nodeproxy,4636,0.02,0.0,52276,52580
177.714854318,containerd,3698,1.78,0.9900347723279969,92284,91041
177.714854318,flanneld,5274,0.19,0.0,47524,47744
177.714854318,coredns,4906,0.21,0.0,66096,42516
177.714854318,coredns,4925,0.19,0.0,65748,42240
178.724497374,nodestore,4284,2.65,1.9808980887993832,61284,61728
178.724497374,nodeapiserver,4305,4.78,1.9808980887993832,342076,342384
178.724497374,nodescheduler,4298,1.05,0.0,65020,65284
178.724497374,nodecontroller,4291,1.59,0.9904490443996916,126316,126600
178.724497374,nodelet,4427,3.71,2.971347133199075,99756,97585
178.724497374,nodeproxy,4636,0.02,0.0,52276,52580
178.724497374,containerd,3698,1.79,0.9904490443996916,92284,91041
178.724497374,flanneld,5274,0.19,0.0,47524,47744
178.724497374,coredns,4906,0.21,0.0,66096,42516
178.724497374,coredns,4925,0.19,0.0,65748,42240
179.734020343,nodestore,4284,2.67,1.9811337249524466,61284,61728
179.734020343,nodeapiserver,4305,4.81,2.97170058742867,342076,342384
179.734020343,nodescheduler,4298,1.06,0.9905668624762233,65020,65284
179.734020343,nodecontroller,4291,1.6,0.9905668624762233,126316,126600
179.734020343,nodelet,4427,3.73,1.9811337249524466,99756,97585
179.734020343,nodeproxy,4636,0.02,0.0,52276,52580
179.734020343,containerd,3698,1.8,0.9905668624762233,92284,91041
179.734020343,flanneld,5274,0.2,0.9905668624762233,47524,47748
179.734020343,coredns,4906,0.21,0.0,66096,42520
179.734020343,coredns,4925,0.19,0.0,65748,42240
180.744177073,nodestore,4284,2.67,0.0,61284,61732
180.744177073,nodeapiserver,4305,4.83,1.979890783878645,342076,342388
180.744177073,nodescheduler,4298,1.06,0.0,65020,65284
180.744177073,nodecontroller,4291,1.61,0.9899453919393225,126316,126600
180.744177073,nodelet,4427,3.75,1.979890783878645,99756,97585
180.744177073,nodeproxy,4636,0.02,0.0,52276,52580
180.744177073,containerd,3698,1.8,0.0,92284,91041
180.744177073,flanneld,5274,0.2,0.0,47524,47748
180.744177073,coredns,4906,0.22,0.9899453919393225,66096,42520
180.744177073,coredns,4925,0.19,0.0,65748,42240
181.75354998,nodestore,4284,2.69,1.9814282572179254,61284,61732
181.75354998,nodeapiserver,4305,4.86,2.972142385826888,342076,342392
181.75354998,nodescheduler,4298,1.07,0.9907141286089627,65020,65284
181.75354998,nodecontroller,4291,1.61,0.0,126316,126600
181.75354998,nodelet,4427,3.77,1.9814282572179254,99756,97589
181.75354998,nodeproxy,4636,0.02,0.0,52276,52580
181.75354998,containerd,3698,1.82,1.9814282572179254,92284,91041
181.75354998,flanneld,5274,0.2,0.0,47524,47748
181.75354998,coredns,4906,0.22,0.0,66096,42520
181.75354998,coredns,4925,0.19,0.0,65748,42240
182.76295664999998,nodestore,4284,2.71,1.9813619816877652,61284,61732
182.76295664999998,nodeapiserver,4305,4.9,3.9627239633755305,342076,342392
182.76295664999998,nodescheduler,4298,1.07,0.0,65020,65284
182.76295664999998,nodecontroller,4291,1.62,0.9906809908438826,126316,126600
182.76295664999998,nodelet,4427,3.78,0.9906809908438826,99756,97589
182.76295664999998,nodeproxy,4636,0.02,0.0,52276,52580
182.76295664999998,containerd,3698,1.82,0.0,92284,91041
182.76295664999998,flanneld,5274,0.2,0.0,47524,47748
182.76295664999998,coredns,4906,0.22,0.0,66096,42520
182.76295664999998,coredns,4925,0.19,0.0,65748,42240
183.77250497300003,nodestore,4284,2.72,0.99054198518039,61284,61732
183.77250497300003,nodeapiserver,4305,4.91,0.99054198518039,342076,342392
183.77250497300003,nodescheduler,4298,1.07,0.0,65020,65288
183.77250497300003,nodecontroller,4291,1.63,0.99054198518039,126316,126600
183.77250497300003,nodelet,4427,3.81,2.97162595554117,99756,97597
183.77250497300003,nodeproxy,4636,0.02,0.0,52276,52580
183.77250497300003,containerd,3698,1.83,0.99054198518039,92284,91041
183.77250497300003,flanneld,5274,0.2,0.0,47524,47748
183.77250497300003,coredns,4906,0.23,0.99054198518039,66096,42520
183.77250497300003,coredns,4925,0.19,0.0,65748,42240
184.782054921,nodestore,4284,2.73,0.9905403907762156,61284,61736
184.782054921,nodeapiserver,4305,4.94,2.9716211723286468,342076,342392
184.782054921,nodescheduler,4298,1.09,1.9810807815524312,65020,65292
184.782054921,nodecontroller,4291,1.63,0.0,126316,126600
184.782054921,nodelet,4427,3.87,5.9432423446572935,99756,97601
184.782054921,nodeproxy,4636,0.02,0.0,52276,52580
184.782054921,containerd,3698,1.86,2.9716211723286468,92284,91045
184.782054921,flanneld,5274,0.2,0.0,47524,47748
184.782054921,coredns,4906,0.23,0.0,66096,42520
184.782054921,coredns,4925,0.19,0.0,65748,42240
185.79172571100003,nodestore,4284,2.74,0.9904218383894919,61284,61800
185.79172571100003,nodeapiserver,4305,5.04,9.90421838389492,337812,338048
185.79172571100003,nodescheduler,4298,1.1,0.9904218383894919,65020,65292
185.79172571100003,nodecontroller,4291,1.64,0.9904218383894919,126316,126600
185.79172571100003,nodelet,4427,3.88,0.9904218383894919,99756,97601
185.79172571100003,nodeproxy,4636,0.02,0.0,52276,52580
185.79172571100003,containerd,3698,1.86,0.0,92284,91045
185.79172571100003,flanneld,5274,0.2,0.0,47524,47748
185.79172571100003,coredns,4906,0.23,0.0,66096,42520
185.79172571100003,coredns,4925,0.19,0.0,65748,42240
186.801102625,nodestore,4284,2.75,0.9907101956960624,61284,61800
186.801102625,nodeapiserver,4305,5.07,2.9721305870881873,337812,338048
186.801102625,nodescheduler,4298,1.1,0.0,65020,65292
186.801102625,nodecontroller,4291,1.65,0.9907101956960624,126316,126600
186.801102625,nodelet,4427,3.9,1.981420391392125,99756,97601
186.801102625,nodeproxy,4636,0.02,0.0,52276,52580
186.801102625,containerd,3698,1.88,1.981420391392125,92284,91045
186.801102625,flanneld,5274,0.2,0.0,47524,47748
186.801102625,coredns,4906,0.23,0.0,66096,42520
186.801102625,coredns,4925,0.19,0.0,65748,42240
187.810709009,nodestore,4284,2.76,0.9904850205463892,61284,61800
187.810709009,nodeapiserver,4305,5.09,1.9809700410927784,337812,338048
187.810709009,nodescheduler,4298,1.1,0.0,65020,65292
187.810709009,nodecontroller,4291,1.66,0.9904850205463892,126316,126600
187.810709009,nodelet,4427,3.91,0.9904850205463892,99884,97665
187.810709009,nodeproxy,4636,0.02,0.0,52276,52580
187.810709009,containerd,3698,1.89,0.9904850205463892,92284,91045
187.810709009,flanneld,5274,0.2,0.0,47524,47748
187.810709009,coredns,4906,0.23,0.0,66096,42520
187.810709009,coredns,4925,0.19,0.0,65748,42240
188.82084969599998,nodestore,4284,2.78,1.9799222283975,61284,61804
188.82084969599998,nodeapiserver,4305,5.11,1.9799222283975,337812,338048
188.82084969599998,nodescheduler,4298,1.11,0.98996111419875,65020,65292
188.82084969599998,nodecontroller,4291,1.68,1.9799222283975,126316,126600
188.82084969599998,nodelet,4427,3.94,2.96988334259625,99884,97665
188.82084969599998,nodeproxy,4636,0.02,0.0,52276,52580
188.82084969599998,containerd,3698,1.89,0.0,92284,91045
188.82084969599998,flanneld,5274,0.2,0.0,47524,47748
188.82084969599998,coredns,4906,0.23,0.0,66096,42520
188.82084969599998,coredns,4925,0.19,0.0,65748,42240
189.83034317699997,nodestore,4284,2.79,0.9905957976166537,61284,61804
189.83034317699997,nodeapiserver,4305,5.13,1.9811915952333075,337812,338048
189.83034317699997,nodescheduler,4298,1.11,0.0,65020,65292
189.83034317699997,nodecontroller,4291,1.68,0.0,126316,126600
189.83034317699997,nodelet,4427,3.96,1.9811915952333075,99884,97665
189.83034317699997,nodeproxy,4636,0.02,0.0,52276,52580
189.83034317699997,containerd,3698,1.9,0.9905957976166537,92284,91045
189.83034317699997,flanneld,5274,0.2,0.0,47524,47748
189.83034317699997,coredns,4906,0.23,0.0,66096,42520
189.83034317699997,coredns,4925,0.2,0.9905957976166537,65748,42240
190.839950863,nodestore,4284,2.8,0.9904837432071236,61284,61804
190.839950863,nodeapiserver,4305,5.17,3.9619349728284945,337812,338048
190.839950863,nodescheduler,4298,1.12,0.9904837432071236,65020,65292
190.839950863,nodecontroller,4291,1.7,1.9809674864142472,126316,126612
190.839950863,nodelet,4427,3.97,0.9904837432071236,99884,97665
190.839950863,nodeproxy,4636,0.02,0.0,52276,52580
190.839950863,containerd,3698,1.91,0.9904837432071236,92284,91045
190.839950863,flanneld,5274,0.2,0.0,47524,47748
190.839950863,coredns,4906,0.23,0.0,66096,42520
190.839950863,coredns,4925,0.21,0.9904837432071236,65748,42240
191.84969143,nodestore,4284,2.81,0.9903533963888029,61284,61804
191.84969143,nodeapiserver,4305,5.19,1.9807067927776059,337812,338048
191.84969143,nodescheduler,4298,1.12,0.0,65020,65292
191.84969143,nodecontroller,4291,1.72,1.9807067927776059,126316,126612
191.84969143,nodelet,4427,3.98,0.9903533963888029,99884,97665
191.84969143,nodeproxy,4636,0.02,0.0,52276,52580
191.84969143,containerd,3698,1.91,0.0,92284,91045
191.84969143,flanneld,5274,0.2,0.0,47524,47748
191.84969143,coredns,4906,0.23,0.0,66096,42520
191.84969143,coredns,4925,0.21,0.0,65748,42240
192.859220278,nodestore,4284,2.83,1.9811221878029934,61284,61820
192.859220278,nodeapiserver,4305,5.23,3.962244375605987,337812,338048
192.859220278,nodescheduler,4298,1.13,0.9905610939014967,65020,65292
192.859220278,nodecontroller,4291,1.73,0.9905610939014967,126316,126612
192.859220278,nodelet,4427,4.0,1.9811221878029934,99884,97662
192.859220278,nodeproxy,4636,0.02,0.0,50436,50724
192.859220278,containerd,3698,1.93,1.9811221878029934,92284,91044
192.859220278,flanneld,5274,0.2,0.0,47524,47748
192.859220278,coredns,4906,0.23,0.0,66096,42520
192.859220278,coredns,4925,0.21,0.0,65748,42240
193.86892707099997,nodestore,4284,2.85,1.9807730460619686,61284,61820
193.86892707099997,nodeapiserver,4305,5.25,1.9807730460619686,337812,338052
193.86892707099997,nodescheduler,4298,1.13,0.0,65020,65292
193.86892707099997,nodecontroller,4291,1.73,0.0,126316,126612
193.86892707099997,nodelet,4427,4.04,3.961546092123937,102004,99718
193.86892707099997,nodeproxy,4636,0.02,0.0,50436,50724
193.86892707099997,containerd,3698,1.94,0.9903865230309843,92284,91044
193.86892707099997,flanneld,5274,0.21,0.9903865230309843,47524,47748
193.86892707099997,coredns,4906,0.23,0.0,66096,42520
193.86892707099997,coredns,4925,0.21,0.0,65748,42240
194.878643732,nodestore,4284,2.85,0.0,61284,61820
194.878643732,nodeapiserver,4305,5.27,1.980753687890217,337812,338052
194.878643732,nodescheduler,4298,1.14,0.9903768439451085,65020,65292
194.878643732,nodecontroller,4291,1.74,0.9903768439451085,126316,126612
194.878643732,nodelet,4427,4.07,2.9711305318353256,102004,99718
194.878643732,nodeproxy,4636,0.02,0.0,50436,50724
194.878643732,containerd,3698,1.95,0.9903768439451085,92284,91052
194.878643732,flanneld,5274,0.22,0.9903768439451085,47524,47748
194.878643732,coredns,4906,0.23,0.0,66096,42520
194.878643732,coredns,4925,0.21,0.0,65748,42240
195.88832223100002,nodestore,4284,2.87,1.9808285528322076,61284,61820
195.88832223100002,nodeapiserver,4305,5.3,2.9712428292483115,337812,338052
195.88832223100002,nodescheduler,4298,1.15,0.9904142764161038,65020,65292
195.88832223100002,nodecontroller,4291,1.75,0.9904142764161038,126316,126612
195.88832223100002,nodelet,4427,4.09,1.9808285528322076,102004,99718
195.88832223100002,nodeproxy,4636,0.02,0.0,50436,50724
195.88832223100002,containerd,3698,1.96,0.9904142764161038,92284,91052
195.88832223100002,flanneld,5274,0.22,0.0,47524,47748
195.88832223100002,coredns,4906,0.23,0.0,66096,42520
195.88832223100002,coredns,4925,0.21,0.0,65748,42240
196.89770296900002,nodestore,4284,2.88,0.9907064424286603,61284,61824
196.89770296900002,nodeapiserver,4305,5.33,2.9721193272859807,337812,338052
196.89770296900002,nodescheduler,4298,1.16,0.9907064424286603,65020,65292
196.89770296900002,nodecontroller,4291,1.76,0.9907064424286603,126316,126612
196.89770296900002,nodelet,4427,4.1,0.9907064424286603,102004,99718
196.89770296900002,nodeproxy,4636,0.02,0.0,50436,50724
196.89770296900002,containerd,3698,1.96,0.0,92284,91052
196.89770296900002,flanneld,5274,0.22,0.0,47524,47748
196.89770296900002,coredns,4906,0.23,0.0,66096,42520
196.89770296900002,coredns,4925,0.21,0.0,65748,42240
197.907690177,nodestore,4284,2.9,1.980223100013789,61284,61824
197.907690177,nodeapiserver,4305,5.35,1.980223100013789,337812,338052
197.907690177,nodescheduler,4298,1.17,0.9901115500068945,65020,65292
197.907690177,nodecontroller,4291,1.8,3.960446200027578,122428,122692
197.907690177,nodelet,4427,4.12,1.980223100013789,102004,99718
197.907690177,nodeproxy,4636,0.02,0.0,50436,50724
197.907690177,containerd,3698,1.99,2.9703346500206833,92284,91052
197.907690177,flanneld,5274,0.22,0.0,47524,47748
197.907690177,coredns,4906,0.24,0.9901115500068945,66096,42520
197.907690177,coredns,4925,0.21,0.0,65748,42240
198.91798236800003,nodestore,4284,2.91,0.9898126590587307,61284,61824
198.91798236800003,nodeapiserver,4305,5.37,1.9796253181174615,337812,338052
198.91798236800003,nodescheduler,4298,1.17,0.0,65020,65292
198.91798236800003,nodecontroller,4291,1.8,0.0,122428,122692
198.91798236800003,nodelet,4427,4.13,0.9898126590587307,102004,99718
198.91798236800003,nodeproxy,4636,0.02,0.0,50436,50724
198.91798236800003,containerd,3698,2.0,0.9898126590587307,92284,91052
198.91798236800003,flanneld,5274,0.22,0.0,47524,47748
198.91798236800003,coredns,4906,0.24,0.0,66096,42520
198.91798236800003,coredns,4925,0.21,0.0,65748,42240
199.928434869,nodestore,4284,2.92,0.9896556236046419,61284,61824
199.928434869,nodeapiserver,4305,5.4,2.9689668708139254,337812,338052
199.928434869,nodescheduler,4298,1.17,0.0,65020,65292
199.928434869,nodecontroller,4291,1.81,0.9896556236046419,122428,122692
199.928434869,nodelet,4427,4.15,1.9793112472092838,102004,99718
199.928434869,nodeproxy,4636,0.02,0.0,50436,50724
199.928434869,containerd,3698,2.01,0.9896556236046419,92284,91052
199.928434869,flanneld,5274,0.22,0.0,47524,47748
199.928434869,coredns,4906,0.24,0.0,66096,42520
199.928434869,coredns,4925,0.21,0.0,65748,42240
200.93996721000002,nodestore,4284,2.94,1.9771982752649926,61284,61828
200.93996721000002,nodeapiserver,4305,5.43,2.965797412897489,337812,338052
200.93996721000002,nodescheduler,4298,1.18,0.9885991376324963,65020,65292
200.93996721000002,nodecontroller,4291,1.82,0.9885991376324963,122428,122692
200.93996721000002,nodelet,4427,4.17,1.9771982752649926,102004,99718
200.93996721000002,nodeproxy,4636,0.02,0.0,50436,50724
200.93996721000002,containerd,3698,2.01,0.0,92284,91052
200.93996721000002,flanneld,5274,0.22,0.0,47524,47748
200.93996721000002,coredns,4906,0.24,0.0,66096,42520
200.93996721000002,coredns,4925,0.21,0.0,65748,42240
201.94964081900002,nodestore,4284,2.95,0.9904190731402949,61284,61828
201.94964081900002,nodeapiserver,4305,5.45,1.9808381462805897,337812,338056
201.94964081900002,nodescheduler,4298,1.18,0.0,65020,65292
201.94964081900002,nodecontroller,4291,1.83,0.9904190731402949,122428,122692
201.94964081900002,nodelet,4427,4.18,0.9904190731402949,102004,99718
201.94964081900002,nodeproxy,4636,0.02,0.0,50436,50724
201.94964081900002,containerd,3698,2.02,0.9904190731402949,92284,91052
201.94964081900002,flanneld,5274,0.22,0.0,47524,47748
201.94964081900002,coredns,4906,0.24,0.0,66096,42520
201.94964081900002,coredns,4925,0.21,0.0,65748,42240
202.959255681,nodestore,4284,2.97,1.980953406369372,61284,61832
202.959255681,nodeapiserver,4305,5.48,2.971430109554058,337812,338056
202.959255681,nodescheduler,4298,1.19,0.990476703184686,65020,65292
202.959255681,nodecontroller,4291,1.83,0.0,122428,122692
202.959255681,nodelet,4427,4.21,2.971430109554058,102004,99722
202.959255681,nodeproxy,4636,0.02,0.0,50436,50724
202.959255681,containerd,3698,2.02,0.0,92284,91052
202.959255681,flanneld,5274,0.22,0.0,47524,47748
202.959255681,coredns,4906,0.24,0.0,66096,42520
202.959255681,coredns,4925,0.21,0.0,65748,42240
203.96885451100002,nodestore,4284,2.98,0.9904924315334085,61284,61836
203.96885451100002,nodeapiserver,4305,5.5,1.980984863066817,337812,338056
203.96885451100002,nodescheduler,4298,1.19,0.0,65020,65292
203.96885451100002,nodecontroller,4291,1.84,0.9904924315334085,122428,122692
203.96885451100002,nodelet,4427,4.24,2.9714772946002257,102004,99737
203.96885451100002,nodeproxy,4636,0.02,0.0,50436,50724
203.96885451100002,containerd,3698,2.05,2.9714772946002257,92284,91053
203.96885451100002,flanneld,5274,0.22,0.0,47524,47748
203.96885451100002,coredns,4906,0.24,0.0,66096,42520
203.96885451100002,coredns,4925,0.21,0.0,65748,42240
204.97890416,nodestore,4284,2.99,0.9900503415748472,61284,61840
204.97890416,nodeapiserver,4305,5.52,1.9801006831496943,337812,338056
204.97890416,nodescheduler,4298,1.2,0.9900503415748472,65020,65292
204.97890416,nodecontroller,4291,1.85,0.9900503415748472,122428,122692
204.97890416,nodelet,4427,4.27,2.9701510247245415,102004,99737
204.97890416,nodeproxy,4636,0.02,0.0,50436,50724
204.97890416,containerd,3698,2.06,0.9900503415748472,92284,91053
204.97890416,flanneld,5274,0.22,0.0,47524,47748
204.97890416,coredns,4906,0.24,0.0,66096,42520
204.97890416,coredns,4925,0.21,0.0,65748,42240
205.98831830400002,nodestore,4284,3.0,0.9906736555496449,61284,61840
205.98831830400002,nodeapiserver,4305,5.55,2.972020966648935,337812,338056
205.98831830400002,nodescheduler,4298,1.2,0.0,65020,65292
205.98831830400002,nodecontroller,4291,1.85,0.0,122428,122692
205.98831830400002,nodelet,4427,4.3,2.972020966648935,102004,99737
205.98831830400002,nodeproxy,4636,0.02,0.0,50436,50724
205.98831830400002,containerd,3698,2.06,0.0,92284,91053
205.98831830400002,flanneld,5274,0.22,0.0,47524,47748
205.98831830400002,coredns,4906,0.24,0.0,66096,42520
205.98831830400002,coredns,4925,0.22,0.9906736555496449,65748,42240
206.997917034,nodestore,4284,3.02,1.980985059281932,61284,61840
206.997917034,nodeapiserver,4305,5.58,2.9714775889228977,337812,338056
206.997917034,nodescheduler,4298,1.21,0.990492529640966,65020,65292
206.997917034,nodecontroller,4291,1.86,0.990492529640966,122428,122692
206.997917034,nodelet,4427,4.3,0.0,102004,99741
206.997917034,nodeproxy,4636,0.02,0.0,50436,50724
206.997917034,containerd,3698,2.07,0.990492529640966,92284,91053
206.997917034,flanneld,5274,0.22,0.0,47524,47748
206.997917034,coredns,4906,0.26,1.980985059281932,66096,42520
206.997917034,coredns,4925,0.22,0.0,65748,42240
208.007597239,nodestore,4284,3.03,0.9904126029686844,61284,61844
208.007597239,nodeapiserver,4305,5.6,1.9808252059373688,337812,338056
208.007597239,nodescheduler,4298,1.22,0.9904126029686844,65020,65292
208.007597239,nodecontroller,4291,1.87,0.9904126029686844,122428,122700
208.007597239,nodelet,4427,4.33,2.971237808906053,102004,99741
208.007597239,nodeproxy,4636,0.02,0.0,50436,50724
208.007597239,containerd,3698,2.09,1.9808252059373688,92284,91053
208.007597239,flanneld,5274,0.22,0.0,47524,47748
208.007597239,coredns,4906,0.26,0.0,66096,42520
208.007597239,coredns,4925,0.22,0.0,65748,42240
209.017057459,nodestore,4284,3.04,0.9906284370472824,61284,61844
209.017057459,nodeapiserver,4305,5.62,1.9812568740945649,337812,338060
209.017057459,nodescheduler,4298,1.22,0.0,65020,65292
209.017057459,nodecontroller,4291,1.88,0.9906284370472824,122428,122700
209.017057459,nodelet,4427,4.34,0.9906284370472824,102004,99741
209.017057459,nodeproxy,4636,0.02,0.0,50436,50724
209.017057459,containerd,3698,2.09,0.0,92284,91053
209.017057459,flanneld,5274,0.23,0.9906284370472824,47524,47748
209.017057459,coredns,4906,0.26,0.0,66096,42520
209.017057459,coredns,4925,0.22,0.0,65748,42240
210.02723244100002,nodestore,4284,3.06,1.9798550109014215,61284,61848
210.02723244100002,nodeapiserver,4305,5.65,2.969782516352132,337812,338060
210.02723244100002,nodescheduler,4298,1.23,0.9899275054507107,65020,65292
210.02723244100002,nodecontroller,4291,1.89,0.9899275054507107,122428,122700
210.02723244100002,nodelet,4427,4.37,2.969782516352132,102004,99741
210.02723244100002,nodeproxy,4636,0.02,0.0,50436,50724
210.02723244100002,containerd,3698,2.1,0.9899275054507107,92284,91053
210.02723244100002,flanneld,5274,0.23,0.0,47524,47748
210.02723244100002,coredns,4906,0.26,0.0,66096,42520
210.02723244100002,coredns,4925,0.22,0.0,65748,42240
211.037044123,nodestore,4284,3.06,0.0,61284,61848
211.037044123,nodeapiserver,4305,5.68,2.970850955158696,337812,338060
211.037044123,nodescheduler,4298,1.24,0.9902836517195653,65020,65292
211.037044123,nodecontroller,4291,1.9,0.9902836517195653,122428,122700
211.037044123,nodelet,4427,4.38,0.9902836517195653,102004,99741
211.037044123,nodeproxy,4636,0.02,0.0,50436,50724
211.037044123,containerd,3698,2.1,0.0,92284,91053
211.037044123,flanneld,5274,0.23,0.0,47524,47748
211.037044123,coredns,4906,0.26,0.0,66096,42520
211.037044123,coredns,4925,0.22,0.0,65748,42240
212.04687021299998,nodestore,4284,3.08,1.980539045094408,61284,61852
212.04687021299998,nodeapiserver,4305,5.7,1.980539045094408,337812,338060
212.04687021299998,nodescheduler,4298,1.24,0.0,65020,65292
212.04687021299998,nodecontroller,4291,1.9,0.0,122428,122700
212.04687021299998,nodelet,4427,4.4,1.980539045094408,102004,99741
212.04687021299998,nodeproxy,4636,0.02,0.0,50436,50724
212.04687021299998,containerd,3698,2.11,0.990269522547204,92284,91053
212.04687021299998,flanneld,5274,0.23,0.0,47524,47748
212.04687021299998,coredns,4906,0.26,0.0,66096,42520
212.04687021299998,coredns,4925,0.22,0.0,65748,42240
213.05751290900002,nodestore,4284,3.11,2.9684081346191795,61284,61856
213.05751290900002,nodeapiserver,4305,5.74,3.957877512825573,337812,338060
213.05751290900002,nodescheduler,4298,1.25,0.9894693782063932,65020,65292
213.05751290900002,nodecontroller,4291,1.91,0.9894693782063932,122428,122700
213.05751290900002,nodelet,4427,4.41,0.9894693782063932,102004,99741
213.05751290900002,nodeproxy,4636,0.02,0.0,50436,50724
213.05751290900002,containerd,3698,2.12,0.9894693782063932,92284,90925
213.05751290900002,flanneld,5274,0.23,0.0,47524,47748
213.05751290900002,coredns,4906,0.26,0.0,66096,42520
213.05751290900002,coredns,4925,0.22,0.0,65748,42240
214.06760537999997,nodestore,4284,3.12,0.9900083692436998,61284,61856
214.06760537999997,nodeapiserver,4305,5.75,0.9900083692436998,337812,338060
214.06760537999997,nodescheduler,4298,1.25,0.0,65020,65292
214.06760537999997,nodecontroller,4291,1.91,0.0,122428,122700
214.06760537999997,nodelet,4427,4.43,1.9800167384873997,102004,99741
214.06760537999997,nodeproxy,4636,0.02,0.0,50436,50724
214.06760537999997,containerd,3698,2.15,2.9700251077310993,92284,90925
214.06760537999997,flanneld,5274,0.23,0.0,47524,47748
214.06760537999997,coredns,4906,0.26,0.0,66096,42520
214.06760537999997,coredns,4925,0.22,0.0,65748,42240
215.07712509499999,nodestore,4284,3.14,1.981140110770377,61284,61856
215.07712509499999,nodeapiserver,4305,5.78,2.9717101661555656,337812,338060
215.07712509499999,nodescheduler,4298,1.26,0.9905700553851885,65020,65292
215.07712509499999,nodecontroller,4291,1.93,1.981140110770377,122428,122700
215.07712509499999,nodelet,4427,4.46,2.9717101661555656,102004,99745
215.07712509499999,nodeproxy,4636,0.02,0.0,50436,50724
215.07712509499999,containerd,3698,2.16,0.9905700553851885,92284,90925
215.07712509499999,flanneld,5274,0.23,0.0,47524,47748
215.07712509499999,coredns,4906,0.26,0.0,66096,42520
215.07712509499999,coredns,4925,0.22,0.0,65748,42244
216.08679272799998,nodestore,4284,3.14,0.0,61284,61856
216.08679272799998,nodeapiserver,4305,5.8,1.9808498704246522,337812,338060
216.08679272799998,nodescheduler,4298,1.26,0.0,65020,65292
216.08679272799998,nodecontroller,4291,1.93,0.0,122428,122700
216.08679272799998,nodelet,4427,4.47,0.9904249352123261,102004,99745
216.08679272799998,nodeproxy,4636,0.02,0.0,50436,50724
216.08679272799998,containerd,3698,2.16,0.0,92284,90925
216.08679272799998,flanneld,5274,0.23,0.0,47524,47748
216.08679272799998,coredns,4906,0.26,0.0,66096,42520
216.08679272799998,coredns,4925,0.22,0.0,65748,42244
217.096407241,nodestore,4284,3.17,2.9714311367074298,61284,61860
217.096407241,nodeapiserver,4305,5.83,2.9714311367074298,337812,338060
217.096407241,nodescheduler,4298,1.27,0.9904770455691433,65020,65296
217.096407241,nodecontroller,4291,1.94,0.9904770455691433,122428,122700
217.096407241,nodelet,4427,4.49,1.9809540911382866,102004,99745
217.096407241,nodeproxy,4636,0.02,0.0,50436,50724
217.096407241,containerd,3698,2.17,0.9904770455691433,92284,90925
217.096407241,flanneld,5274,0.23,0.0,47524,47748
217.096407241,coredns,4906,0.27,0.9904770455691433,66096,42520
217.096407241,coredns,4925,0.22,0.0,65748,42244
218.106048585,nodestore,4284,3.17,0.0,61284,61860
218.106048585,nodeapiserver,4305,5.86,2.9713521715687943,337812,338060
218.106048585,nodescheduler,4298,1.27,0.0,65020,65296
218.106048585,nodecontroller,4291,1.96,1.9809014477125295,122428,122704
218.106048585,nodelet,4427,4.53,3.961802895425059,102004,99749
218.106048585,nodeproxy,4636,0.02,0.0,50436,50724
218.106048585,containerd,3698,2.19,1.9809014477125295,92284,90933
218.106048585,flanneld,5274,0.23,0.0,47524,47748
218.106048585,coredns,4906,0.27,0.0,66096,42520
218.106048585,coredns,4925,0.23,0.9904507238562648,65748,42244
219.11548512299998,nodestore,4284,3.19,1.981303355595419,61284,61860
219.11548512299998,nodeapiserver,4305,5.87,0.9906516777977095,337812,338060
219.11548512299998,nodescheduler,4298,1.28,0.9906516777977095,65020,65296
219.11548512299998,nodecontroller,4291,1.96,0.0,122428,122704
219.11548512299998,nodelet,4427,4.55,1.981303355595419,102004,99749
219.11548512299998,nodeproxy,4636,0.02,0.0,50436,50724
219.11548512299998,containerd,3698,2.19,0.0,92284,90933
219.11548512299998,flanneld,5274,0.24,0.9906516777977095,47524,47748
219.11548512299998,coredns,4906,0.27,0.0,66096,42520
219.11548512299998,coredns,4925,0.23,0.0,65748,42244
220.125105539,nodestore,4284,3.2,0.9904712544956914,61284,61860
220.125105539,nodeapiserver,4305,5.91,3.9618850179827656,337812,338060
220.125105539,nodescheduler,4298,1.28,0.0,65020,65296
220.125105539,nodecontroller,4291,1.97,0.9904712544956914,122428,122708
220.125105539,nodelet,4427,4.56,0.9904712544956914,102004,99753
220.125105539,nodeproxy,4636,0.02,0.0,50436,50724
220.125105539,containerd,3698,2.19,0.0,92284,90933
220.125105539,flanneld,5274,0.24,0.0,47524,47748
220.125105539,coredns,4906,0.27,0.0,66096,42520
220.125105539,coredns,4925,0.23,0.0,65748,42244
221.134582045,nodestore,4284,3.22,1.981224910250663,61284,61864
221.134582045,nodeapiserver,4305,5.93,1.981224910250663,337812,338064
221.134582045,nodescheduler,4298,1.29,0.9906124551253315,65020,65296
221.134582045,nodecontroller,4291,1.98,0.9906124551253315,122428,122708
221.134582045,nodelet,4427,4.58,1.981224910250663,102004,99753
221.134582045,nodeproxy,4636,0.02,0.0,50436,50724
221.134582045,containerd,3698,2.21,1.981224910250663,92284,90933
221.134582045,flanneld,5274,0.24,0.0,47524,47748
221.134582045,coredns,4906,0.27,0.0,66096,42520
221.134582045,coredns,4925,0.23,0.0,65748,42244
222.144278213,nodestore,4284,3.23,0.9903969448361768,61284,61864
222.144278213,nodeapiserver,4305,5.95,1.9807938896723536,337812,338064
222.144278213,nodescheduler,4298,1.29,0.0,65020,65296
222.144278213,nodecontroller,4291,1.99,0.9903969448361768,122428,122708
222.144278213,nodelet,4427,4.59,0.9903969448361768,102004,99753
222.144278213,nodeproxy,4636,0.02,0.0,50436,50724
222.144278213,containerd,3698,2.21,0.0,92284,90933
222.144278213,flanneld,5274,0.24,0.0,47524,47748
222.144278213,coredns,4906,0.27,0.0,66096,42520
222.144278213,coredns,4925,0.23,0.0,65748,42244
223.15379228900002,nodestore,4284,3.25,1.9811511771332326,61284,61864
223.15379228900002,nodeapiserver,4305,5.98,2.971726765699849,337812,338064
223.15379228900002,nodescheduler,4298,1.29,0.0,65020,65296
223.15379228900002,nodecontroller,4291,1.99,0.0,122428,122708
223.15379228900002,nodelet,4427,4.6,0.9905755885666163,102004,99753
223.15379228900002,nodeproxy,4636,0.02,0.0,50436,50724
223.15379228900002,containerd,3698,2.22,0.9905755885666163,92284,90933
223.15379228900002,flanneld,5274,0.24,0.0,47524,47748
223.15379228900002,coredns,4906,0.28,0.9905755885666163,66096,42520
223.15379228900002,coredns,4925,0.23,0.0,65748,42244
224.163322064,nodestore,4284,3.26,0.9905601843195005,61284,61864
224.163322064,nodeapiserver,4305,6.0,1.981120368639001,337812,338064
224.163322064,nodescheduler,4298,1.3,0.9905601843195005,65020,65296
224.163322064,nodecontroller,4291,2.0,0.9905601843195005,122428,122708
224.163322064,nodelet,4427,4.63,2.9716805529585018,102004,99757
224.163322064,nodeproxy,4636,0.02,0.0,50436,50724
224.163322064,containerd,3698,2.24,1.981120368639001,92284,90933
224.163322064,flanneld,5274,0.25,0.9905601843195005,47524,47748
224.163322064,coredns,4906,0.28,0.0,66096,42520
224.163322064,coredns,4925,0.24,0.9905601843195005,65748,42248
225.17291715300001,nodestore,4284,3.28,1.9809922034990897,61284,61872
225.17291715300001,nodeapiserver,4305,6.03,2.9714883052486343,337812,338064
225.17291715300001,nodescheduler,4298,1.3,0.0,65020,65296
225.17291715300001,nodecontroller,4291,2.01,0.9904961017495448,122428,122708
225.17291715300001,nodelet,4427,4.68,4.952480508747724,102132,99761
225.17291715300001,nodeproxy,4636,0.02,0.0,50436,50724
225.17291715300001,containerd,3698,2.26,1.9809922034990897,92284,90933
225.17291715300001,flanneld,5274,0.25,0.0,47524,47748
225.17291715300001,coredns,4906,0.28,0.0,66096,42520
225.17291715300001,coredns,4925,0.24,0.0,65748,42248
226.182256289,nodestore,4284,3.29,0.9907472764436688,61284,61872
226.182256289,nodeapiserver,4305,6.05,1.9814945528873376,337812,338064
226.182256289,nodescheduler,4298,1.32,1.9814945528873376,65020,65296
226.182256289,nodecontroller,4291,2.01,0.0,122428,122708
226.182256289,nodelet,4427,4.7,1.9814945528873376,102132,99761
226.182256289,nodeproxy,4636,0.02,0.0,50436,50724
226.182256289,containerd,3698,2.26,0.0,92284,90933
226.182256289,flanneld,5274,0.25,0.0,47524,47748
226.182256289,coredns,4906,0.28,0.0,66096,42520
226.182256289,coredns,4925,0.24,0.0,65748,42248
227.19178391499997,nodestore,4284,3.3,0.9905622929431697,61284,61872
227.19178391499997,nodeapiserver,4305,6.08,2.971686878829509,337812,338068
227.19178391499997,nodescheduler,4298,1.32,0.0,65020,65296
227.19178391499997,nodecontroller,4291,2.03,1.9811245858863393,122428,122708
227.19178391499997,nodelet,4427,4.72,1.9811245858863393,102132,99765
227.19178391499997,nodeproxy,4636,0.02,0.0,50436,50724
227.19178391499997,containerd,3698,2.27,0.9905622929431697,92284,90933
227.19178391499997,flanneld,5274,0.25,0.0,47524,47748
227.19178391499997,coredns,4906,0.28,0.0,66096,42520
227.19178391499997,coredns,4925,0.24,0.0,65748,42248
228.20149251599997,nodestore,4284,3.32,1.9807694992587275,61284,61876
228.20149251599997,nodeapiserver,4305,6.1,1.9807694992587275,337812,338068
228.20149251599997,nodescheduler,4298,1.33,0.9903847496293637,65020,65296
228.20149251599997,nodecontroller,4291,2.04,0.9903847496293637,122428,122708
228.20149251599997,nodelet,4427,4.74,1.9807694992587275,102132,99769
228.20149251599997,nodeproxy,4636,0.02,0.0,50436,50724
228.20149251599997,containerd,3698,2.28,0.9903847496293637,92284,90933
228.20149251599997,flanneld,5274,0.25,0.0,47524,47748
228.20149251599997,coredns,4906,0.28,0.0,66096,42520
228.20149251599997,coredns,4925,0.24,0.0,65748,42248
229.211188713,nodestore,4284,3.32,0.0,61284,61876
229.211188713,nodeapiserver,4305,6.13,2.97119074917134,337812,338068
229.211188713,nodescheduler,4298,1.33,0.0,65020,65296
229.211188713,nodecontroller,4291,2.04,0.0,122428,122708
229.211188713,nodelet,4427,4.75,0.9903969163904468,102132,99769
229.211188713,nodeproxy,4636,0.02,0.0,50436,50724
229.211188713,containerd,3698,2.29,0.9903969163904468,92284,90933
229.211188713,flanneld,5274,0.25,0.0,47524,47748
229.211188713,coredns,4906,0.28,0.0,66096,42520
229.211188713,coredns,4925,0.24,0.0,65748,42248
230.22082611899998,nodestore,4284,3.34,1.9809091740407094,61284,61876
230.22082611899998,nodeapiserver,4305,6.15,1.9809091740407094,337812,338068
230.22082611899998,nodescheduler,4298,1.34,0.9904545870203547,65020,65296
230.22082611899998,nodecontroller,4291,2.05,0.9904545870203547,122428,122708
230.22082611899998,nodelet,4427,4.76,0.9904545870203547,102132,99769
230.22082611899998,nodeproxy,4636,0.02,0.0,50436,50724
230.22082611899998,containerd,3698,2.3,0.9904545870203547,92284,90933
230.22082611899998,flanneld,5274,0.25,0.0,47524,47748
230.22082611899998,coredns,4906,0.28,0.0,66096,42520
230.22082611899998,coredns,4925,0.25,0.9904545870203547,65748,42256
231.23047634,nodestore,4284,3.36,1.9808840313223381,61284,61876
231.23047634,nodeapiserver,4305,6.18,2.971326046983507,337812,338068
231.23047634,nodescheduler,4298,1.34,0.0,65020,65296
231.23047634,nodecontroller,4291,2.05,0.0,122428,122708
231.23047634,nodelet,4427,4.77,0.9904420156611691,102132,99778
231.23047634,nodeproxy,4636,0.02,0.0,50436,50724
231.23047634,containerd,3698,2.3,0.0,92284,90935
231.23047634,flanneld,5274,0.25,0.0,47524,47748
231.23047634,coredns,4906,0.28,0.0,66096,42520
231.23047634,coredns,4925,0.25,0.0,65748,42256
232.240204667,nodestore,4284,3.37,0.9903654015244788,61284,61876
232.240204667,nodeapiserver,4305,6.2,1.9807308030489577,337812,338072
232.240204667,nodescheduler,4298,1.35,0.9903654015244788,65020,65296
232.240204667,nodecontroller,4291,2.06,0.9903654015244788,122428,122708
232.240204667,nodelet,4427,4.78,0.9903654015244788,102132,99778
232.240204667,nodeproxy,4636,0.02,0.0,50436,50724
232.240204667,containerd,3698,2.32,1.9807308030489577,92284,90935
232.240204667,flanneld,5274,0.25,0.0,47524,47748
232.240204667,coredns,4906,0.28,0.0,66096,42520
232.240204667,coredns,4925,0.25,0.0,65748,42256
233.249725968,nodestore,4284,3.39,1.9811369983167764,61284,61880
233.249725968,nodeapiserver,4305,6.22,1.9811369983167764,337812,338072
233.249725968,nodescheduler,4298,1.35,0.0,65020,65296
233.249725968,nodecontroller,4291,2.07,0.9905684991583882,122428,122708
233.249725968,nodelet,4427,4.8,1.9811369983167764,102132,99778
233.249725968,nodeproxy,4636,0.02,0.0,50436,50724
233.249725968,containerd,3698,2.32,0.0,92284,90935
233.249725968,flanneld,5274,0.25,0.0,47524,47748
233.249725968,coredns,4906,0.28,0.0,66096,42520
233.249725968,coredns,4925,0.25,0.0,65748,42256
234.25948742499997,nodestore,4284,3.4,0.9903329079038435,61284,61880
234.25948742499997,nodeapiserver,4305,6.26,3.961331631615374,337812,338072
234.25948742499997,nodescheduler,4298,1.36,0.9903329079038435,65020,65296
234.25948742499997,nodecontroller,4291,2.09,1.980665815807687,122428,122708
234.25948742499997,nodelet,4427,4.84,3.961331631615374,102132,99782
234.25948742499997,nodeproxy,4636,0.02,0.0,50436,50724
234.25948742499997,containerd,3698,2.34,1.980665815807687,92284,90935
234.25948742499997,flanneld,5274,0.25,0.0,47524,47748
234.25948742499997,coredns,4906,0.28,0.0,66096,42520
234.25948742499997,coredns,4925,0.25,0.0,65748,42256
235.268916321,nodestore,4284,3.41,0.9906591776425321,61284,61880
235.268916321,nodeapiserver,4305,6.28,1.9813183552850642,337812,338072
235.268916321,nodescheduler,4298,1.36,0.0,65020,65296
235.268916321,nodecontroller,4291,2.09,0.0,122428,122708
235.268916321,nodelet,4427,4.87,2.971977532927596,102132,99786
235.268916321,nodeproxy,4636,0.02,0.0,50436,50724
235.268916321,containerd,3698,2.35,0.9906591776425321,92284,90935
235.268916321,flanneld,5274,0.25,0.0,47524,47748
235.268916321,coredns,4906,0.28,0.0,66096,42520
235.268916321,coredns,4925,0.25,0.0,65748,42256
236.27872874500002,nodestore,4284,3.43,1.9805658481381145,61284,61884
236.27872874500002,nodeapiserver,4305,6.31,2.9708487722071717,337812,338072
236.27872874500002,nodescheduler,4298,1.37,0.9902829240690573,65020,65300
236.27872874500002,nodecontroller,4291,2.1,0.9902829240690573,122428,122708
236.27872874500002,nodelet,4427,4.89,1.9805658481381145,102132,99786
236.27872874500002,nodeproxy,4636,0.02,0.0,50436,50724
236.27872874500002,containerd,3698,2.35,0.0,92284,90935
236.27872874500002,flanneld,5274,0.25,0.0,47524,47748
236.27872874500002,coredns,4906,0.28,0.0,66096,42520
236.27872874500002,coredns,4925,0.25,0.0,65748,42256
237.28822206,nodestore,4284,3.44,0.9905959605091726,61412,61892
237.28822206,nodeapiserver,4305,6.33,1.9811919210183453,337812,338072
237.28822206,nodescheduler,4298,1.37,0.0,65020,65300
237.28822206,nodecontroller,4291,2.1,0.0,122428,122708
237.28822206,nodelet,4427,4.91,1.9811919210183453,102132,99790
237.28822206,nodeproxy,4636,0.02,0.0,50436,50724
237.28822206,containerd,3698,2.37,1.9811919210183453,92284,90935
237.28822206,flanneld,5274,0.25,0.0,47524,47748
237.28822206,coredns,4906,0.28,0.0,66096,42520
237.28822206,coredns,4925,0.25,0.0,65748,42256
238.29816019100002,nodestore,4284,3.45,0.990159663552685,61412,61892
238.29816019100002,nodeapiserver,4305,6.35,1.98031932710537,337812,338072
238.29816019100002,nodescheduler,4298,1.38,0.990159663552685,65020,65300
238.29816019100002,nodecontroller,4291,2.11,0.990159663552685,122428,122708
238.29816019100002,nodelet,4427,4.93,1.98031932710537,102132,99794
238.29816019100002,nodeproxy,4636,0.02,0.0,50436,50724
238.29816019100002,containerd,3698,2.39,1.98031932710537,92284,90935
238.29816019100002,flanneld,5274,0.25,0.0,47524,47748
238.29816019100002,coredns,4906,0.29,0.990159663552685,66096,42520
238.29816019100002,coredns,4925,0.25,0.0,65748,42256
239.30792980500001,nodestore,4284,3.47,1.9806498158301828,61412,61892
239.30792980500001,nodeapiserver,4305,6.38,2.9709747237452744,337812,338072
239.30792980500001,nodescheduler,4298,1.38,0.0,65020,65300
239.30792980500001,nodecontroller,4291,2.12,0.9903249079150914,122428,122708
239.30792980500001,nodelet,4427,4.95,1.9806498158301828,102132,99794
239.30792980500001,nodeproxy,4636,0.02,0.0,50436,50724
239.30792980500001,containerd,3698,2.4,0.9903249079150914,92284,90935
239.30792980500001,flanneld,5274,0.26,0.9903249079150914,47524,47748
239.30792980500001,coredns,4906,0.29,0.0,66096,42520
239.30792980500001,coredns,4925,0.25,0.0,65748,42256
240.31819664199998,nodestore,4284,3.48,0.9898374997337848,61412,61896
240.31819664199998,nodeapiserver,4305,6.4,1.9796749994675695,337812,338072
240.31819664199998,nodescheduler,4298,1.39,0.9898374997337848,65020,65300
240.31819664199998,nodecontroller,4291,2.13,0.9898374997337848,122428,122708
240.31819664199998,nodelet,4427,4.97,1.9796749994675695,102132,99794
240.31819664199998,nodeproxy,4636,0.02,0.0,50436,50724
240.31819664199998,containerd,3698,2.4,0.0,92284,90935
240.31819664199998,flanneld,5274,0.26,0.0,47524,47748
240.31819664199998,coredns,4906,0.3,0.9898374997337848,66096,42520
240.31819664199998,coredns,4925,0.25,0.0,65748,42256
241.328985359,nodestore,4284,3.5,1.9786528741000478,61412,61896
241.328985359,nodeapiserver,4305,6.43,2.9679793111500716,337812,338072
241.328985359,nodescheduler,4298,1.39,0.0,65020,65300
241.328985359,nodecontroller,4291,2.14,0.9893264370500239,122428,122708
241.328985359,nodelet,4427,5.0,2.9679793111500716,102132,99798
241.328985359,nodeproxy,4636,0.02,0.0,50436,50724
241.328985359,containerd,3698,2.41,0.9893264370500239,92284,90935
241.328985359,flanneld,5274,0.26,0.0,47524,47748
241.328985359,coredns,4906,0.3,0.0,66096,42520
241.328985359,coredns,4925,0.25,0.0,65748,42256
242.341850771,nodestore,4284,3.51,0.9872980044065356,61412,61896
242.341850771,nodeapiserver,4305,6.47,3.9491920176261424,337812,338072
242.341850771,nodescheduler,4298,1.4,0.9872980044065356,65020,65300
242.341850771,nodecontroller,4291,2.15,0.9872980044065356,122428,122708
242.341850771,nodelet,4427,5.01,0.9872980044065356,102132,99798
242.341850771,nodeproxy,4636,0.02,0.0,50436,50724
242.341850771,containerd,3698,2.42,0.9872980044065356,92284,90935
242.341850771,flanneld,5274,0.26,0.0,47524,47748
242.341850771,coredns,4906,0.3,0.0,66096,42520
242.341850771,coredns,4925,0.25,0.0,65748,42256
243.35437450199998,nodestore,4284,3.54,2.962893518591553,61412,61900
243.35437450199998,nodeapiserver,4305,6.5,2.962893518591553,337812,338072
243.35437450199998,nodescheduler,4298,1.41,0.9876311728638509,65020,65300
243.35437450199998,nodecontroller,4291,2.16,0.9876311728638509,122428,122708
243.35437450199998,nodelet,4427,5.03,1.9752623457277019,102132,99798
243.35437450199998,nodeproxy,4636,0.02,0.0,50436,50724
243.35437450199998,containerd,3698,2.43,0.9876311728638509,92284,90935
243.35437450199998,flanneld,5274,0.26,0.0,47524,47748
243.35437450199998,coredns,4906,0.3,0.0,66096,42520
243.35437450199998,coredns,4925,0.26,0.9876311728638509,65748,42256
244.36487573099998,nodestore,4284,3.55,0.9896079008133507,61412,61900
244.36487573099998,nodeapiserver,4305,6.53,2.968823702440052,337812,338072
244.36487573099998,nodescheduler,4298,1.41,0.0,65020,65300
244.36487573099998,nodecontroller,4291,2.16,0.0,122428,122708
244.36487573099998,nodelet,4427,5.07,3.958431603253403,102132,99874
244.36487573099998,nodeproxy,4636,0.02,0.0,50436,50724
244.36487573099998,containerd,3698,2.47,3.958431603253403,92284,90935
244.36487573099998,flanneld,5274,0.27,0.9896079008133507,47524,47752
244.36487573099998,coredns,4906,0.3,0.0,66096,42520
244.36487573099998,coredns,4925,0.26,0.0,65748,42256
245.37433891,nodestore,4284,3.56,0.9906255332567986,61412,61900
245.37433891,nodeapiserver,4305,6.55,1.9812510665135972,337812,338072
245.37433891,nodescheduler,4298,1.42,0.9906255332567986,65020,65300
245.37433891,nodecontroller,4291,2.17,0.9906255332567986,122428,122708
245.37433891,nodelet,4427,5.11,3.9625021330271943,102132,99878
245.37433891,nodeproxy,4636,0.02,0.0,50436,50724
245.37433891,containerd,3698,2.48,0.9906255332567986,92284,90935
245.37433891,flanneld,5274,0.27,0.0,47524,47752
245.37433891,coredns,4906,0.3,0.0,66096,42520
245.37433891,coredns,4925,0.27,0.9906255332567986,65748,42256
246.384773193,nodestore,4284,3.58,1.9793469339361378,61412,61900
246.384773193,nodeapiserver,4305,6.59,3.9586938678722756,337812,338072
246.384773193,nodescheduler,4298,1.44,1.9793469339361378,65020,65300
246.384773193,nodecontroller,4291,2.18,0.9896734669680689,122428,122708
246.384773193,nodelet,4427,5.15,3.9586938678722756,102132,99886
246.384773193,nodeproxy,4636,0.02,0.0,50436,50724
246.384773193,containerd,3698,2.49,0.9896734669680689,92284,90935
246.384773193,flanneld,5274,0.27,0.0,47524,47752
246.384773193,coredns,4906,0.3,0.0,66096,42520
246.384773193,coredns,4925,0.27,0.0,65748,42256
247.39496506,nodestore,4284,3.59,0.9899109591623715,61412,61900
247.39496506,nodeapiserver,4305,6.61,1.979821918324743,337812,338072
247.39496506,nodescheduler,4298,1.44,0.0,65020,65300
247.39496506,nodecontroller,4291,2.19,0.9899109591623715,122428,122708
247.39496506,nodelet,4427,5.17,1.979821918324743,102132,99886
247.39496506,nodeproxy,4636,0.02,0.0,50436,50724
247.39496506,containerd,3698,2.49,0.0,92284,90935
247.39496506,flanneld,5274,0.27,0.0,47524,47752
247.39496506,coredns,4906,0.3,0.0,66096,42520
247.39496506,coredns,4925,0.27,0.0,65748,42256
248.404909864,nodestore,4284,3.61,1.9803062425578144,61412,61904
248.404909864,nodeapiserver,4305,6.65,3.960612485115629,337812,338072
248.404909864,nodescheduler,4298,1.45,0.9901531212789072,67180,67352
248.404909864,nodecontroller,4291,2.2,0.9901531212789072,122428,122708
248.404909864,nodelet,4427,5.18,0.9901531212789072,102132,99886
248.404909864,nodeproxy,4636,0.02,0.0,50436,50724
248.404909864,containerd,3698,2.52,2.9704593638367216,92284,90935
248.404909864,flanneld,5274,0.27,0.0,47524,47752
248.404909864,coredns,4906,0.3,0.0,66096,42520
248.404909864,coredns,4925,0.27,0.0,65748,42256
249.41461654,nodestore,4284,3.62,0.9903866377922141,61412,61904
249.41461654,nodeapiserver,4305,6.67,1.9807732755844283,337812,338072
249.41461654,nodescheduler,4298,1.46,0.9903866377922141,67180,67352
249.41461654,nodecontroller,4291,2.21,0.9903866377922141,122428,122708
249.41461654,nodelet,4427,5.2,1.9807732755844283,102132,99886
249.41461654,nodeproxy,4636,0.02,0.0,50436,50724
249.41461654,containerd,3698,2.53,0.9903866377922141,92284,90935
249.41461654,flanneld,5274,0.27,0.0,47524,47756
249.41461654,coredns,4906,0.3,0.0,66096,42520
249.41461654,coredns,4925,0.27,0.0,65748,42256
250.424079849,nodestore,4284,3.63,0.9906254056827623,61412,61908
250.424079849,nodeapiserver,4305,6.69,1.9812508113655245,337812,338076
250.424079849,nodescheduler,4298,1.46,0.0,67180,67352
250.424079849,nodecontroller,4291,2.22,0.9906254056827623,122428,122712
250.424079849,nodelet,4427,5.22,1.9812508113655245,102132,99886
250.424079849,nodeproxy,4636,0.02,0.0,50436,50724
250.424079849,containerd,3698,2.53,0.0,92284,90935
250.424079849,flanneld,5274,0.27,0.0,47524,47756
250.424079849,coredns,4906,0.3,0.0,66096,42520
250.424079849,coredns,4925,0.27,0.0,65748,42260
251.433462544,nodestore,4284,3.65,1.9814090432766942,61412,61908
251.433462544,nodeapiserver,4305,6.72,2.9721135649150416,337812,338076
251.433462544,nodescheduler,4298,1.47,0.9907045216383471,67180,67352
251.433462544,nodecontroller,4291,2.24,1.9814090432766942,122428,122712
251.433462544,nodelet,4427,5.23,0.9907045216383471,102132,99886
251.433462544,nodeproxy,4636,0.02,0.0,50436,50724
251.433462544,containerd,3698,2.54,0.9907045216383471,92284,90935
251.433462544,flanneld,5274,0.27,0.0,47524,47756
251.433462544,coredns,4906,0.3,0.0,66096,42520
251.433462544,coredns,4925,0.27,0.0,65748,42260
252.44306842600002,nodestore,4284,3.66,0.9904855130390212,61412,61908
252.44306842600002,nodeapiserver,4305,6.74,1.9809710260780424,337812,338076
252.44306842600002,nodescheduler,4298,1.47,0.0,67180,67356
252.44306842600002,nodecontroller,4291,2.26,1.9809710260780424,122428,122712
252.44306842600002,nodelet,4427,5.24,0.9904855130390212,102132,99886
252.44306842600002,nodeproxy,4636,0.02,0.0,50436,50724
252.44306842600002,containerd,3698,2.55,0.9904855130390212,92284,90935
252.44306842600002,flanneld,5274,0.27,0.0,47524,47756
252.44306842600002,coredns,4906,0.3,0.0,66096,42520
252.44306842600002,coredns,4925,0.27,0.0,65748,42260
253.45268304799998,nodestore,4284,3.68,1.9809538772706907,61412,61916
253.45268304799998,nodeapiserver,4305,6.77,2.971430815906036,337812,338076
253.45268304799998,nodescheduler,4298,1.48,0.9904769386353454,67180,67356
253.45268304799998,nodecontroller,4291,2.27,0.9904769386353454,122428,122712
253.45268304799998,nodelet,4427,5.26,1.9809538772706907,102132,99886
253.45268304799998,nodeproxy,4636,0.02,0.0,50436,50724
253.45268304799998,containerd,3698,2.56,0.9904769386353454,92284,90935
253.45268304799998,flanneld,5274,0.27,0.0,47524,47756
253.45268304799998,coredns,4906,0.31,0.9904769386353454,66096,42520
253.45268304799998,coredns,4925,0.27,0.0,65748,42260
254.46349327399997,nodestore,4284,3.69,0.9893053852029493,61412,61916
254.46349327399997,nodeapiserver,4305,6.8,2.9679161556088482,337812,338076
254.46349327399997,nodescheduler,4298,1.49,0.9893053852029493,67180,67356
254.46349327399997,nodecontroller,4291,2.27,0.0,122428,122712
254.46349327399997,nodelet,4427,5.29,2.9679161556088482,102132,99898
254.46349327399997,nodeproxy,4636,0.02,0.0,50436,50724
254.46349327399997,containerd,3698,2.58,1.9786107704058986,92284,90935
254.46349327399997,flanneld,5274,0.28,0.9893053852029493,47524,47756
254.46349327399997,coredns,4906,0.31,0.0,66096,42520
254.46349327399997,coredns,4925,0.27,0.0,65748,42260
255.473495152,nodestore,4284,3.71,1.980194337816815,61412,61916
255.473495152,nodeapiserver,4305,6.83,2.9702915067252222,337812,338076
255.473495152,nodescheduler,4298,1.49,0.0,67180,67356
255.473495152,nodecontroller,4291,2.28,0.9900971689084075,122428,122712
255.473495152,nodelet,4427,5.34,4.950485844542038,102132,99898
255.473495152,nodeproxy,4636,0.02,0.0,50436,50724
255.473495152,containerd,3698,2.58,0.0,92284,90935
255.473495152,flanneld,5274,0.28,0.0,47524,47756
255.473495152,coredns,4906,0.31,0.0,66096,42520
255.473495152,coredns,4925,0.27,0.0,65748,42260
256.483146532,nodestore,4284,3.72,0.9904408787120362,61412,61920
256.483146532,nodeapiserver,4305,6.86,2.971322636136109,337812,338076
256.483146532,nodescheduler,4298,1.5,0.9904408787120362,67180,67356
256.483146532,nodecontroller,4291,2.29,0.9904408787120362,122428,122712
256.483146532,nodelet,4427,5.36,1.9808817574240725,102132,99902
256.483146532,nodeproxy,4636,0.02,0.0,50436,50724
256.483146532,containerd,3698,2.59,0.9904408787120362,92284,90935
256.483146532,flanneld,5274,0.28,0.0,47524,47756
256.483146532,coredns,4906,0.32,0.9904408787120362,66096,42520
256.483146532,coredns,4925,0.27,0.0,65748,42260
257.492949917,nodestore,4284,3.73,0.9902917883365999,61412,61920
257.492949917,nodeapiserver,4305,6.89,2.9708753650097997,337812,338076
257.492949917,nodescheduler,4298,1.51,0.9902917883365999,67180,67356
257.492949917,nodecontroller,4291,2.3,0.9902917883365999,122428,122712
257.492949917,nodelet,4427,5.37,0.9902917883365999,102132,99902
257.492949917,nodeproxy,4636,0.04,1.9805835766731998,50436,50724
257.492949917,containerd,3698,2.6,0.9902917883365999,92284,90935
257.492949917,flanneld,5274,0.28,0.0,47524,47756
257.492949917,coredns,4906,0.32,0.0,66096,42520
257.492949917,coredns,4925,0.27,0.0,65748,42260
258.506179437,nodestore,4284,3.75,1.973886429996556,61412,61920
258.506179437,nodeapiserver,4305,6.91,1.973886429996556,337812,338076
258.506179437,nodescheduler,4298,1.51,0.0,67180,67356
258.506179437,nodecontroller,4291,2.31,0.986943214998278,122428,122712
258.506179437,nodelet,4427,5.39,1.973886429996556,102132,99910
258.506179437,nodeproxy,4636,0.04,0.0,50436,50724
258.506179437,containerd,3698,2.62,1.973886429996556,92284,90943
258.506179437,flanneld,5274,0.28,0.0,47524,47756
258.506179437,coredns,4906,0.32,0.0,66096,42520
258.506179437,coredns,4925,0.27,0.0,65748,42260
259.515621779,nodestore,4284,3.76,0.9906459818385548,61412,61920
259.515621779,nodeapiserver,4305,6.94,2.971937945515664,337812,338076
259.515621779,nodescheduler,4298,1.52,0.9906459818385548,67180,67356
259.515621779,nodecontroller,4291,2.33,1.9812919636771096,122428,122712
259.515621779,nodelet,4427,5.4,0.9906459818385548,102132,99910
259.515621779,nodeproxy,4636,0.04,0.0,50436,50724
259.515621779,containerd,3698,2.62,0.0,92284,90947
259.515621779,flanneld,5274,0.29,0.9906459818385548,47524,47756
259.515621779,coredns,4906,0.32,0.0,66096,42520
259.515621779,coredns,4925,0.27,0.0,65748,42260
260.525256372,nodestore,4284,3.78,1.9809146931636739,61412,61924
260.525256372,nodeapiserver,4305,6.96,1.9809146931636739,337812,338080
260.525256372,nodescheduler,4298,1.52,0.0,67180,67356
260.525256372,nodecontroller,4291,2.33,0.0,122428,122712
260.525256372,nodelet,4427,5.43,2.9713720397455106,102132,99914
260.525256372,nodeproxy,4636,0.04,0.0,50436,50724
260.525256372,containerd,3698,2.63,0.9904573465818369,92284,90947
260.525256372,flanneld,5274,0.29,0.0,47524,47756
260.525256372,coredns,4906,0.32,0.0,66096,42520
260.525256372,coredns,4925,0.27,0.0,65748,42260
261.534734703,nodestore,4284,3.79,0.9906106642322519,61412,61924
261.534734703,nodeapiserver,4305,6.99,2.9718319926967554,337812,338080
261.534734703,nodescheduler,4298,1.53,0.9906106642322519,67180,67356
261.534734703,nodecontroller,4291,2.34,0.9906106642322519,122428,122712
261.534734703,nodelet,4427,5.44,0.9906106642322519,102132,99914
261.534734703,nodeproxy,4636,0.04,0.0,50436,50724
261.534734703,containerd,3698,2.64,0.9906106642322519,92284,90947
261.534734703,flanneld,5274,0.29,0.0,47524,47756
261.534734703,coredns,4906,0.32,0.0,66096,42520
261.534734703,coredns,4925,0.27,0.0,65748,42260
262.54458732,nodestore,4284,3.81,1.980487019919306,61412,61924
262.54458732,nodeapiserver,4305,7.01,1.980487019919306,337812,338080
262.54458732,nodescheduler,4298,1.53,0.0,67180,67356
262.54458732,nodecontroller,4291,2.35,0.990243509959653,122428,122712
262.54458732,nodelet,4427,5.45,0.990243509959653,102132,99914
262.54458732,nodeproxy,4636,0.04,0.0,50436,50724
262.54458732,containerd,3698,2.64,0.0,92284,90947
262.54458732,flanneld,5274,0.29,0.0,47524,47756
262.54458732,coredns,4906,0.32,0.0,66096,42520
262.54458732,coredns,4925,0.28,0.990243509959653,65748,42260
263.554896143,nodestore,4284,3.83,1.9795927289452118,61412,61924
263.554896143,nodeapiserver,4305,7.04,2.9693890934178175,337812,338080
263.554896143,nodescheduler,4298,1.54,0.9897963644726059,67180,67356
263.554896143,nodecontroller,4291,2.36,0.9897963644726059,122428,122712
263.554896143,nodelet,4427,5.47,1.9795927289452118,102132,99914
263.554896143,nodeproxy,4636,0.04,0.0,50436,50724
263.554896143,containerd,3698,2.65,0.9897963644726059,92284,90947
263.554896143,flanneld,5274,0.29,0.0,47524,47756
263.554896143,coredns,4906,0.32,0.0,66096,42520
263.554896143,coredns,4925,0.28,0.0,65748,42260
264.564665524,nodestore,4284,3.84,0.9903251364283423,61412,61928
264.564665524,nodeapiserver,4305,7.07,2.970975409285027,337812,338080
264.564665524,nodescheduler,4298,1.54,0.0,67180,67356
264.564665524,nodecontroller,4291,2.36,0.0,122428,122712
264.564665524,nodelet,4427,5.51,3.961300545713369,102132,99922
264.564665524,nodeproxy,4636,0.04,0.0,50436,50724
264.564665524,containerd,3698,2.68,2.970975409285027,92284,90955
264.564665524,flanneld,5274,0.29,0.0,47524,47756
264.564665524,coredns,4906,0.32,0.0,66096,42520
264.564665524,coredns,4925,0.28,0.0,65748,42260
265.574590095,nodestore,4284,3.85,0.9901729581743198,61412,61928
265.574590095,nodeapiserver,4305,7.1,2.9705188745229596,337812,338080
265.574590095,nodescheduler,4298,1.55,0.9901729581743198,67180,67356
265.574590095,nodecontroller,4291,2.37,0.9901729581743198,122428,122712
265.574590095,nodelet,4427,5.55,3.9606918326972793,102132,99930
265.574590095,nodeproxy,4636,0.04,0.0,50436,50724
265.574590095,containerd,3698,2.7,1.9803459163486397,92284,90955
265.574590095,flanneld,5274,0.29,0.0,47524,47756
265.574590095,coredns,4906,0.32,0.0,66096,42520
265.574590095,coredns,4925,0.28,0.0,65748,42260
266.584029992,nodestore,4284,3.87,1.9812967626343128,61412,61928
266.584029992,nodeapiserver,4305,7.12,1.9812967626343128,337812,338080
266.584029992,nodescheduler,4298,1.56,0.9906483813171564,67180,67356
266.584029992,nodecontroller,4291,2.38,0.9906483813171564,122428,122712
266.584029992,nodelet,4427,5.58,2.971945143951469,102132,99930
266.584029992,nodeproxy,4636,0.04,0.0,50436,50724
266.584029992,containerd,3698,2.7,0.0,92284,90955
266.584029992,flanneld,5274,0.29,0.0,47524,47756
266.584029992,coredns,4906,0.32,0.0,66096,42520
266.584029992,coredns,4925,0.28,0.0,65748,42260
267.593706909,nodestore,4284,3.88,0.9904158282347074,61412,61932
267.593706909,nodeapiserver,4305,7.14,1.9808316564694148,337812,338080
267.593706909,nodescheduler,4298,1.56,0.0,67180,67356
267.593706909,nodecontroller,4291,2.39,0.9904158282347074,122428,122712
267.593706909,nodelet,4427,5.59,0.9904158282347074,102132,99930
267.593706909,nodeproxy,4636,0.04,0.0,50436,50724
267.593706909,containerd,3698,2.71,0.9904158282347074,92284,90955
267.593706909,flanneld,5274,0.29,0.0,47524,47756
267.593706909,coredns,4906,0.32,0.0,66096,42520
267.593706909,coredns,4925,0.28,0.0,65748,42260
268.603263579,nodestore,4284,3.9,1.981067590787162,61412,61936
268.603263579,nodeapiserver,4305,7.17,2.971601386180743,337812,338080
268.603263579,nodescheduler,4298,1.57,0.990533795393581,67180,67356
268.603263579,nodecontroller,4291,2.4,0.990533795393581,122428,122712
268.603263579,nodelet,4427,5.6,0.990533795393581,102132,99930
268.603263579,nodeproxy,4636,0.04,0.0,50436,50724
268.603263579,containerd,3698,2.72,0.990533795393581,92284,90955
268.603263579,flanneld,5274,0.29,0.0,47524,47756
268.603263579,coredns,4906,0.32,0.0,66096,42520
268.603263579,coredns,4925,0.28,0.0,65748,42260
269.613205835,nodestore,4284,3.92,1.9803112387051403,61412,61936
269.613205835,nodeapiserver,4305,7.2,2.9704668580577103,337812,338080
269.613205835,nodescheduler,4298,1.57,0.0,67180,67356
269.613205835,nodecontroller,4291,2.41,0.9901556193525701,122428,122712
269.613205835,nodelet,4427,5.62,1.9803112387051403,102132,99934
269.613205835,nodeproxy,4636,0.04,0.0,50436,50724
269.613205835,containerd,3698,2.73,0.9901556193525701,92284,90955
269.613205835,flanneld,5274,0.3,0.9901556193525701,47524,47756
269.613205835,coredns,4906,0.32,0.0,66096,42520
269.613205835,coredns,4925,0.28,0.0,65748,42260
270.622726341,nodestore,4284,3.93,0.9905692792336392,61412,61936
270.622726341,nodeapiserver,4305,7.23,2.971707837700918,337812,338080
270.622726341,nodescheduler,4298,1.59,1.9811385584672785,67180,67356
270.622726341,nodecontroller,4291,2.42,0.9905692792336392,122428,122712
270.622726341,nodelet,4427,5.64,1.9811385584672785,102132,99934
270.622726341,nodeproxy,4636,0.04,0.0,50436,50724
270.622726341,containerd,3698,2.73,0.0,92284,90955
270.622726341,flanneld,5274,0.3,0.0,47524,47756
270.622726341,coredns,4906,0.32,0.0,66096,42520
270.622726341,coredns,4925,0.28,0.0,65748,42260
271.635608481,nodestore,4284,3.94,0.9872816989348394,61412,61940
271.635608481,nodeapiserver,4305,7.24,0.9872816989348394,337812,338080
271.635608481,nodescheduler,4298,1.59,0.0,67180,67356
271.635608481,nodecontroller,4291,2.43,0.9872816989348394,122428,122712
271.635608481,nodelet,4427,5.67,2.961845096804518,102132,99934
271.635608481,nodeproxy,4636,0.04,0.0,50436,50724
271.635608481,containerd,3698,2.74,0.9872816989348394,92284,90955
271.635608481,flanneld,5274,0.3,0.0,47524,47756
271.635608481,coredns,4906,0.32,0.0,66096,42520
271.635608481,coredns,4925,0.28,0.0,65748,42260
272.646469663,nodestore,4284,3.97,2.9677665473952723,61412,61944
272.646469663,nodeapiserver,4305,7.28,3.9570220631936968,337812,338084
272.646469663,nodescheduler,4298,1.59,0.0,67180,67356
272.646469663,nodecontroller,4291,2.43,0.0,122428,122712
272.646469663,nodelet,4427,5.68,0.9892555157984242,102132,99934
272.646469663,nodeproxy,4636,0.04,0.0,50436,50724
272.646469663,containerd,3698,2.76,1.9785110315968484,92284,90955
272.646469663,flanneld,5274,0.3,0.0,47524,47756
272.646469663,coredns,4906,0.33,0.9892555157984242,66096,42520
272.646469663,coredns,4925,0.29,0.9892555157984242,65748,42260
273.655978635,nodestore,4284,3.98,0.9905805968409046,61412,61944
273.655978635,nodeapiserver,4305,7.31,2.9717417905227137,337812,338088
273.655978635,nodescheduler,4298,1.6,0.9905805968409046,67180,67356
273.655978635,nodecontroller,4291,2.44,0.9905805968409046,122428,122712
273.655978635,nodelet,4427,5.69,0.9905805968409046,102132,99934
273.655978635,nodeproxy,4636,0.04,0.0,50436,50724
273.655978635,containerd,3698,2.76,0.0,92284,90955
273.655978635,flanneld,5274,0.3,0.0,47524,47756
273.655978635,coredns,4906,0.33,0.0,66096,42520
273.655978635,coredns,4925,0.29,0.0,65748,42260
274.665679611,nodestore,4284,3.99,0.9903922287582531,61412,61944
274.665679611,nodeapiserver,4305,7.32,0.9903922287582531,337812,338088
274.665679611,nodescheduler,4298,1.6,0.0,67180,67356
274.665679611,nodecontroller,4291,2.45,0.9903922287582531,122428,122712
274.665679611,nodelet,4427,5.72,2.971176686274759,102132,99938
274.665679611,nodeproxy,4636,0.04,0.0,50436,50724
274.665679611,containerd,3698,2.78,1.9807844575165061,92284,90959
274.665679611,flanneld,5274,0.3,0.0,47524,47756
274.665679611,coredns,4906,0.34,0.9903922287582531,66096,42520
274.665679611,coredns,4925,0.29,0.0,65748,42260
275.675583044,nodestore,4284,4.01,1.9803873664027176,61412,61944
275.675583044,nodeapiserver,4305,7.36,3.9607747328054352,337812,338088
275.675583044,nodescheduler,4298,1.61,0.9901936832013588,67180,67356
275.675583044,nodecontroller,4291,2.45,0.0,122428,122716
275.675583044,nodelet,4427,5.76,3.9607747328054352,102132,99938
275.675583044,nodeproxy,4636,0.04,0.0,50436,50724
275.675583044,containerd,3698,2.79,0.9901936832013588,92284,90959
275.675583044,flanneld,5274,0.3,0.0,47524,47756
275.675583044,coredns,4906,0.34,0.0,66096,42520
275.675583044,coredns,4925,0.3,0.9901936832013588,65748,42260
276.685207092,nodestore,4284,4.02,0.9904676913955817,61412,61948
276.685207092,nodeapiserver,4305,7.38,1.9809353827911633,337812,338088
276.685207092,nodescheduler,4298,1.62,0.9904676913955817,67180,67356
276.685207092,nodecontroller,4291,2.46,0.9904676913955817,122428,122716
276.685207092,nodelet,4427,5.78,1.9809353827911633,102132,99938
276.685207092,nodeproxy,4636,0.04,0.0,50436,50724
276.685207092,containerd,3698,2.8,0.9904676913955817,92284,90959
276.685207092,flanneld,5274,0.3,0.0,47524,47756
276.685207092,coredns,4906,0.34,0.0,66096,42520
276.685207092,coredns,4925,0.3,0.0,65748,42260
277.694701747,nodestore,4284,4.04,1.9811892911904012,61412,61948
277.694701747,nodeapiserver,4305,7.4,1.9811892911904012,337812,338088
277.694701747,nodescheduler,4298,1.62,0.0,67180,67356
277.694701747,nodecontroller,4291,2.47,0.9905946455952006,122428,122716
277.694701747,nodelet,4427,5.79,0.9905946455952006,102132,99938
277.694701747,nodeproxy,4636,0.04,0.0,50436,50724
277.694701747,containerd,3698,2.81,0.9905946455952006,92284,90959
277.694701747,flanneld,5274,0.3,0.0,47524,47756
277.694701747,coredns,4906,0.34,0.0,66096,42520
277.694701747,coredns,4925,0.3,0.0,65748,42260
278.70443964,nodestore,4284,4.06,1.9807120381091505,61412,61948
278.70443964,nodeapiserver,4305,7.43,2.971068057163726,337812,338088
278.70443964,nodescheduler,4298,1.62,0.0,67180,67356
278.70443964,nodecontroller,4291,2.48,0.9903560190545753,122428,122716
278.70443964,nodelet,4427,5.81,1.9807120381091505,102132,99938
278.70443964,nodeproxy,4636,0.04,0.0,50436,50724
278.70443964,containerd,3698,2.83,1.9807120381091505,92284,90959
278.70443964,flanneld,5274,0.3,0.0,47524,47756
278.70443964,coredns,4906,0.34,0.0,66096,42520
278.70443964,coredns,4925,0.3,0.0,65748,42260
279.714757983,nodestore,4284,4.07,0.9897870378464951,61412,61948
279.714757983,nodeapiserver,4305,7.45,1.9795740756929903,337812,338088
279.714757983,nodescheduler,4298,1.63,0.9897870378464951,67180,67360
279.714757983,nodecontroller,4291,2.49,0.9897870378464951,122428,122716
279.714757983,nodelet,4427,5.85,3.9591481513859805,102132,99938
279.714757983,nodeproxy,4636,0.04,0.0,50436,50724
279.714757983,containerd,3698,2.84,0.9897870378464951,92284,90963
279.714757983,flanneld,5274,0.3,0.0,47524,47756
279.714757983,coredns,4906,0.34,0.0,66096,42520
279.714757983,coredns,4925,0.3,0.0,65748,42260
280.725964315,nodestore,4284,4.09,1.9778357163214988,61412,61952
280.725964315,nodeapiserver,4305,7.48,2.966753574482248,337812,338088
280.725964315,nodescheduler,4298,1.63,0.0,67180,67360
280.725964315,nodecontroller,4291,2.51,1.9778357163214988,122428,122716
280.725964315,nodelet,4427,5.86,0.9889178581607494,102132,99942
280.725964315,nodeproxy,4636,0.04,0.0,50436,50724
280.725964315,containerd,3698,2.84,0.0,92284,90963
280.725964315,flanneld,5274,0.3,0.0,47524,47756
280.725964315,coredns,4906,0.34,0.0,66096,42520
280.725964315,coredns,4925,0.3,0.0,65748,42260
281.735944814,nodestore,4284,4.1,0.9901181270233674,61412,61952
281.735944814,nodeapiserver,4305,7.51,2.9703543810701025,337812,338088
281.735944814,nodescheduler,4298,1.64,0.9901181270233674,67180,67360
281.735944814,nodecontroller,4291,2.51,0.0,122428,122716
281.735944814,nodelet,4427,5.87,0.9901181270233674,102132,99942
281.735944814,nodeproxy,4636,0.04,0.0,50436,50724
281.735944814,containerd,3698,2.85,0.9901181270233674,92284,90963
281.735944814,flanneld,5274,0.3,0.0,47524,47756
281.735944814,coredns,4906,0.34,0.0,66096,42520
281.735944814,coredns,4925,0.3,0.0,65748,42268
282.746320447,nodestore,4284,4.13,2.969192745763624,61540,61980
282.746320447,nodeapiserver,4305,7.54,2.969192745763624,337812,338092
282.746320447,nodescheduler,4298,1.64,0.0,67180,67360
282.746320447,nodecontroller,4291,2.52,0.9897309152545413,122428,122716
282.746320447,nodelet,4427,5.89,1.9794618305090825,102132,99942
282.746320447,nodeproxy,4636,0.04,0.0,50436,50728
282.746320447,containerd,3698,2.86,0.9897309152545413,92284,90963
282.746320447,flanneld,5274,0.3,0.0,47524,47756
282.746320447,coredns,4906,0.34,0.0,66096,42520
282.746320447,coredns,4925,0.3,0.0,65748,42268
283.75573178,nodestore,4284,4.14,0.9906764143691235,61540,61980
283.75573178,nodeapiserver,4305,7.56,1.981352828738247,337812,338092
283.75573178,nodescheduler,4298,1.65,0.9906764143691235,67180,67360
283.75573178,nodecontroller,4291,2.53,0.9906764143691235,122428,122716
283.75573178,nodelet,4427,5.91,1.981352828738247,102132,99942
283.75573178,nodeproxy,4636,0.04,0.0,50436,50728
283.75573178,containerd,3698,2.86,0.0,92284,90963
283.75573178,flanneld,5274,0.31,0.9906764143691235,47524,47756
283.75573178,coredns,4906,0.34,0.0,66096,42520
283.75573178,coredns,4925,0.3,0.0,65748,42268
284.765502305,nodestore,4284,4.15,0.990324014458666,61540,61984
284.765502305,nodeapiserver,4305,7.59,2.970972043375998,337812,338092
284.765502305,nodescheduler,4298,1.66,0.990324014458666,67180,67360
284.765502305,nodecontroller,4291,2.54,0.990324014458666,122428,122716
284.765502305,nodelet,4427,5.93,1.980648028917332,102132,99942
284.765502305,nodeproxy,4636,0.04,0.0,50436,50728
284.765502305,containerd,3698,2.89,2.970972043375998,92284,90963
284.765502305,flanneld,5274,0.31,0.0,47524,47756
284.765502305,coredns,4906,0.34,0.0,66096,42520
284.765502305,coredns,4925,0.3,0.0,65748,42268
285.775552157,nodestore,4284,4.17,1.9801002851886786,61540,61984
285.775552157,nodeapiserver,4305,7.62,2.970150427783018,337812,338092
285.775552157,nodescheduler,4298,1.67,0.9900501425943393,67180,67360
285.775552157,nodecontroller,4291,2.54,0.0,122428,122716
285.775552157,nodelet,4427,5.98,4.950250712971696,102132,99942
285.775552157,nodeproxy,4636,0.04,0.0,50436,50728
285.775552157,containerd,3698,2.9,0.9900501425943393,92284,90963
285.775552157,flanneld,5274,0.31,0.0,47524,47756
285.775552157,coredns,4906,0.34,0.0,66096,42520
285.775552157,coredns,4925,0.3,0.0,65748,42268
286.785779055,nodestore,4284,4.18,0.9898766326453673,61540,61988
286.785779055,nodeapiserver,4305,7.66,3.959506530581469,337812,338092
286.785779055,nodescheduler,4298,1.67,0.0,67180,67360
286.785779055,nodecontroller,4291,2.55,0.9898766326453673,122428,122716
286.785779055,nodelet,4427,6.02,3.959506530581469,102132,99942
286.785779055,nodeproxy,4636,0.04,0.0,50436,50728
286.785779055,containerd,3698,2.9,0.0,92284,90963
286.785779055,flanneld,5274,0.31,0.0,47524,47756
286.785779055,coredns,4906,0.34,0.0,66096,42520
286.785779055,coredns,4925,0.3,0.0,65748,42268
287.795732468,nodestore,4284,4.19,0.9901446810596548,61540,61988
287.795732468,nodeapiserver,4305,7.68,1.9802893621193096,337812,338092
287.795732468,nodescheduler,4298,1.68,0.9901446810596548,67180,67360
287.795732468,nodecontroller,4291,2.56,0.9901446810596548,122428,122716
287.795732468,nodelet,4427,6.03,0.9901446810596548,102132,99942
287.795732468,nodeproxy,4636,0.04,0.0,50436,50728
287.795732468,containerd,3698,2.92,1.9802893621193096,92284,90963
287.795732468,flanneld,5274,0.31,0.0,47524,47756
287.795732468,coredns,4906,0.35,0.9901446810596548,66096,42520
287.795732468,coredns,4925,0.31,0.9901446810596548,65748,42268
288.805873492,nodestore,4284,4.21,1.9799215678621793,61540,61988
288.805873492,nodeapiserver,4305,7.7,1.9799215678621793,337812,338092
288.805873492,nodescheduler,4298,1.69,0.9899607839310897,67180,67364
288.805873492,nodecontroller,4291,2.57,0.9899607839310897,122428,122716
288.805873492,nodelet,4427,6.05,1.9799215678621793,102132,99942
288.805873492,nodeproxy,4636,0.04,0.0,50436,50728
288.805873492,containerd,3698,2.92,0.0,92284,90963
288.805873492,flanneld,5274,0.31,0.0,47524,47756
288.805873492,coredns,4906,0.35,0.0,66096,42520
288.805873492,coredns,4925,0.31,0.0,65748,42268
289.81605442,nodestore,4284,4.23,1.9798433573277459,61668,61992
289.81605442,nodeapiserver,4305,7.73,2.969765035991619,337812,338092
289.81605442,nodescheduler,4298,1.69,0.0,67180,67364
289.81605442,nodecontroller,4291,2.58,0.9899216786638729,126396,126684
289.81605442,nodelet,4427,6.07,1.9798433573277459,102132,99942
289.81605442,nodeproxy,4636,0.04,0.0,50436,50728
289.81605442,containerd,3698,2.94,1.9798433573277459,92284,90963
289.81605442,flanneld,5274,0.31,0.0,47524,47756
289.81605442,coredns,4906,0.36,0.9899216786638729,66096,42520
289.81605442,coredns,4925,0.31,0.0,65748,42268
290.826198069,nodestore,4284,4.24,0.9899582113791168,61668,61992
290.826198069,nodeapiserver,4305,7.75,1.9799164227582335,337812,338092
290.826198069,nodescheduler,4298,1.7,0.9899582113791168,67180,67364
290.826198069,nodecontroller,4291,2.6,1.9799164227582335,126396,126684
290.826198069,nodelet,4427,6.08,0.9899582113791168,102132,99946
290.826198069,nodeproxy,4636,0.04,0.0,50436,50728
290.826198069,containerd,3698,2.94,0.0,92284,90963
290.826198069,flanneld,5274,0.31,0.0,47524,47756
290.826198069,coredns,4906,0.36,0.0,66096,42528
290.826198069,coredns,4925,0.31,0.0,65748,42268
291.835680328,nodestore,4284,4.25,0.9906068096635691,61668,61992
291.835680328,nodeapiserver,4305,7.78,2.971820428990707,337812,338092
291.835680328,nodescheduler,4298,1.71,0.9906068096635691,67180,67364
291.835680328,nodecontroller,4291,2.6,0.0,126396,126684
291.835680328,nodelet,4427,6.1,1.9812136193271381,102132,99946
291.835680328,nodeproxy,4636,0.04,0.0,50436,50728
291.835680328,containerd,3698,2.95,0.9906068096635691,92284,90963
291.835680328,flanneld,5274,0.31,0.0,47524,47756
291.835680328,coredns,4906,0.36,0.0,66096,42528
291.835680328,coredns,4925,0.31,0.0,65748,42268
292.845245051,nodestore,4284,4.27,1.981051788395378,61668,61996
292.845245051,nodeapiserver,4305,7.81,2.971577682593067,337812,338092
292.845245051,nodescheduler,4298,1.71,0.0,67180,67364
292.845245051,nodecontroller,4291,2.61,0.990525894197689,126396,126684
292.845245051,nodelet,4427,6.12,1.981051788395378,102132,99946
292.845245051,nodeproxy,4636,0.04,0.0,50436,50728
292.845245051,containerd,3698,2.95,0.0,92284,90963
292.845245051,flanneld,5274,0.31,0.0,47524,47756
292.845245051,coredns,4906,0.36,0.0,66096,42528
292.845245051,coredns,4925,0.31,0.0,65748,42268
293.854710293,nodestore,4284,4.29,1.9812470175174663,61668,62012
293.854710293,nodeapiserver,4305,7.83,1.9812470175174663,337812,338092
293.854710293,nodescheduler,4298,1.72,0.9906235087587332,67180,67364
293.854710293,nodecontroller,4291,2.61,0.0,126396,126684
293.854710293,nodelet,4427,6.13,0.9906235087587332,102132,99954
293.854710293,nodeproxy,4636,0.04,0.0,50436,50728
293.854710293,containerd,3698,2.98,2.9718705262761995,92284,90963
293.854710293,flanneld,5274,0.32,0.9906235087587332,47524,47756
293.854710293,coredns,4906,0.36,0.0,66096,42528
293.854710293,coredns,4925,0.31,0.0,65748,42268
294.864415845,nodestore,4284,4.3,0.9903877402864733,61668,62012
294.864415845,nodeapiserver,4305,7.85,1.9807754805729465,337812,338092
294.864415845,nodescheduler,4298,1.72,0.0,67180,67364
294.864415845,nodecontroller,4291,2.63,1.9807754805729465,126396,126684
294.864415845,nodelet,4427,6.14,0.9903877402864733,102132,99954
294.864415845,nodeproxy,4636,0.04,0.0,50436,50728
294.864415845,containerd,3698,2.99,0.9903877402864733,92284,90967
294.864415845,flanneld,5274,0.32,0.0,47524,47756
294.864415845,coredns,4906,0.36,0.0,66096,42528
294.864415845,coredns,4925,0.31,0.0,65748,42268
295.873762203,nodestore,4284,4.31,0.9907401875224124,61668,62012
295.873762203,nodeapiserver,4305,7.88,2.9722205625672373,337812,338092
295.873762203,nodescheduler,4298,1.73,0.9907401875224124,67180,67364
295.873762203,nodecontroller,4291,2.63,0.0,126396,126684
295.873762203,nodelet,4427,6.2,5.944441125134475,102132,99954
295.873762203,nodeproxy,4636,0.04,0.0,50436,50728
295.873762203,containerd,3698,3.01,1.9814803750448249,92284,90967
295.873762203,flanneld,5274,0.32,0.0,47524,47756
295.873762203,coredns,4906,0.36,0.0,66096,42528
295.873762203,coredns,4925,0.31,0.0,65748,42268
296.886233706,nodestore,4284,4.33,1.975364238967677,61668,62016
296.886233706,nodeapiserver,4305,7.92,3.950728477935354,337812,338096
296.886233706,nodescheduler,4298,1.74,0.9876821194838385,67180,67368
296.886233706,nodecontroller,4291,2.64,0.9876821194838385,126396,126684
296.886233706,nodelet,4427,6.22,1.975364238967677,102132,99954
296.886233706,nodeproxy,4636,0.04,0.0,50436,50728
296.886233706,containerd,3698,3.01,0.0,92284,90967
296.886233706,flanneld,5274,0.32,0.0,47524,47756
296.886233706,coredns,4906,0.36,0.0,66096,42528
296.886233706,coredns,4925,0.31,0.0,65748,42268
297.895953896,nodestore,4284,4.34,0.9903733825506689,61668,62016
297.895953896,nodeapiserver,4305,7.94,1.9807467651013377,337812,338096
297.895953896,nodescheduler,4298,1.74,0.0,67180,67368
297.895953896,nodecontroller,4291,2.65,0.9903733825506689,126396,126684
297.895953896,nodelet,4427,6.24,1.9807467651013377,102132,99958
297.895953896,nodeproxy,4636,0.04,0.0,50436,50728
297.895953896,containerd,3698,3.03,1.9807467651013377,92284,90967
297.895953896,flanneld,5274,0.32,0.0,47524,47756
297.895953896,coredns,4906,0.36,0.0,66096,42528
297.895953896,coredns,4925,0.31,0.0,65748,42268
298.906147776,nodestore,4284,4.35,0.9899089865798525,61668,62016
298.906147776,nodeapiserver,4305,7.96,1.979817973159705,337812,338096
298.906147776,nodescheduler,4298,1.75,0.9899089865798525,67180,67376
298.906147776,nodecontroller,4291,2.66,0.9899089865798525,126396,126684
298.906147776,nodelet,4427,6.26,1.979817973159705,102132,99958
298.906147776,nodeproxy,4636,0.04,0.0,50436,50728
298.906147776,containerd,3698,3.04,0.9899089865798525,92284,90967
298.906147776,flanneld,5274,0.32,0.0,47524,47756
298.906147776,coredns,4906,0.36,0.0,66096,42536
298.906147776,coredns,4925,0.32,0.9899089865798525,65748,42268
299.916237952,nodestore,4284,4.37,1.9800212372325745,61668,62016
299.916237952,nodeapiserver,4305,7.99,2.9700318558488616,337812,338096
299.916237952,nodescheduler,4298,1.75,0.0,67180,67376
299.916237952,nodecontroller,4291,2.67,0.9900106186162873,126396,126684
299.916237952,nodelet,4427,6.28,1.9800212372325745,102132,99958
299.916237952,nodeproxy,4636,0.04,0.0,50436,50728
299.916237952,containerd,3698,3.04,0.0,92284,90971
299.916237952,flanneld,5274,0.33,0.9900106186162873,47524,47756
299.916237952,coredns,4906,0.36,0.0,66096,42536
299.916237952,coredns,4925,0.32,0.0,65748,42268
300.925992883,nodestore,4284,4.39,1.9806786167603767,61668,62020
300.925992883,nodeapiserver,4305,8.02,2.9710179251405653,337812,338096
300.925992883,nodescheduler,4298,1.75,0.0,67180,67376
300.925992883,nodecontroller,4291,2.68,0.9903393083801884,126396,126684
300.925992883,nodelet,4427,6.3,1.9806786167603767,102132,99962
300.925992883,nodeproxy,4636,0.04,0.0,50436,50728
300.925992883,containerd,3698,3.05,0.9903393083801884,92284,90971
300.925992883,flanneld,5274,0.33,0.0,47524,47756
300.925992883,coredns,4906,0.37,0.9903393083801884,66096,42536
300.925992883,coredns,4925,0.32,0.0,65748,42268
