elapsed_seconds,component,pid,cpu_seconds,cpu_pct_one_core,rss_kib,pss_kib
1.0004091940000421,nodestore,2459,0.05,4.997954866856001,19136,11514
1.0004091940000421,nodeapiserver,2782,0.16,15.993455573939203,151940,142442
1.0004091940000421,nodescheduler,3993,0.01,0.9995909733712002,22192,11530
1.0004091940000421,nodecontroller,3746,0.01,0.9995909733712002,46268,35186
1.0004091940000421,nodelet,3156,0.01,0.9995909733712002,25704,13899
1.0004091940000421,nodeproxy,4175,0.0,0.0,16084,6763
1.0004091940000421,containerd,2317,0.04,3.9983638934848007,86432,85146
1.0004091940000421,flanneld,3294,0.0,0.0,42000,42204
1.0004091940000421,coredns,4467,0.01,0.9995909733712002,64720,65064
2.012731767000048,nodestore,2459,0.12,6.914791971155582,19264,11586
2.012731767000048,nodeapiserver,2782,0.32,15.805238791212757,152008,142494
2.012731767000048,nodescheduler,3993,0.02,0.9878274244507973,22320,11546
2.012731767000048,nodecontroller,3746,0.02,0.9878274244507973,46268,35314
2.012731767000048,nodelet,3156,0.03,1.9756548489015946,25564,13899
2.012731767000048,nodeproxy,4175,0.0,0.0,16084,6763
2.012731767000048,containerd,2317,0.09,4.939137122253986,86116,84742
2.012731767000048,flanneld,3294,0.0,0.0,42000,42204
2.012731767000048,coredns,4467,0.03,1.9756548489015946,64464,64808
3.0285018950000335,nodestore,2459,0.17,4.922373539222716,19264,11598
3.0285018950000335,nodeapiserver,2782,0.43,10.829221786289974,152008,142494
3.0285018950000335,nodescheduler,3993,0.02,0.0,22320,11546
3.0285018950000335,nodecontroller,3746,0.02,0.0,46268,35298
3.0285018950000335,nodelet,3156,0.04,0.9844747078445432,25692,13899
3.0285018950000335,nodeproxy,4175,0.0,0.0,16084,6763
3.0285018950000335,containerd,2317,0.11,1.9689494156890863,86116,84742
3.0285018950000335,flanneld,3294,0.01,0.9844747078445432,42000,42204
3.0285018950000335,coredns,4467,0.04,0.9844747078445432,64464,64812
4.043750490000036,nodestore,2459,0.23,5.909882593829134,19392,11630
4.043750490000036,nodeapiserver,2782,0.59,15.75968691687769,152212,142522
4.043750490000036,nodescheduler,3993,0.02,0.0,22320,11578
4.043750490000036,nodecontroller,3746,0.04,1.9699608646097113,46396,35414
4.043750490000036,nodelet,3156,0.05,0.9849804323048557,25692,13923
4.043750490000036,nodeproxy,4175,0.0,0.0,16084,6763
4.043750490000036,containerd,2317,0.14,2.954941296914567,86116,84758
4.043750490000036,flanneld,3294,0.01,0.0,42000,42204
4.043750490000036,coredns,4467,0.04,0.0,64464,64812
5.048480777999998,nodestore,2459,0.29,5.971751893678582,19392,11646
5.048480777999998,nodeapiserver,2782,0.81,21.8964236101548,152244,142630
5.048480777999998,nodescheduler,3993,0.02,0.0,22320,11606
5.048480777999998,nodecontroller,3746,0.06,1.9905839645595274,46524,35582
5.048480777999998,nodelet,3156,0.06,0.9952919822797637,25692,13947
5.048480777999998,nodeproxy,4175,0.0,0.0,16084,6763
5.048480777999998,containerd,2317,0.19,4.976459911398818,86116,84778
5.048480777999998,flanneld,3294,0.01,0.0,42000,42204
5.048480777999998,coredns,4467,0.06,1.9905839645595274,64464,64812
6.132603766000045,nodestore,2459,0.42,11.991259427107948,19392,11774
6.132603766000045,nodeapiserver,2782,1.18,34.12896913869185,152288,142798
6.132603766000045,nodescheduler,3993,0.03,0.9224045713159961,22448,11722
6.132603766000045,nodecontroller,3746,0.1,3.6896182852639843,47164,36470
6.132603766000045,nodelet,3156,0.11,4.61202285657998,25680,14087
6.132603766000045,nodeproxy,4175,0.0,0.0,16084,6799
6.132603766000045,containerd,2317,0.36,15.680877712371933,86376,85118
6.132603766000045,flanneld,3294,0.01,0.0,42000,42204
6.132603766000045,coredns,4467,0.06,0.0,64464,64812
7.153348729000015,nodestore,2459,0.48,5.878059865576996,19520,11834
7.153348729000015,nodeapiserver,2782,1.32,13.71547301967966,152288,142806
7.153348729000015,nodescheduler,3993,0.03,0.0,22448,11730
7.153348729000015,nodecontroller,3746,0.12,1.9593532885256653,47292,36538
7.153348729000015,nodelet,3156,0.13,1.9593532885256653,25680,14059
7.153348729000015,nodeproxy,4175,0.0,0.0,16084,6799
7.153348729000015,containerd,2317,0.41,4.898383221314163,86900,85698
7.153348729000015,flanneld,3294,0.01,0.0,42000,42204
7.153348729000015,coredns,4467,0.08,1.9593532885256653,64464,64816
8.159638049000023,nodestore,2459,0.53,4.96874994161715,19520,11898
8.159638049000023,nodeapiserver,2782,1.51,18.881249778145172,152384,142882
8.159638049000023,nodescheduler,3993,0.03,0.0,22448,11750
8.159638049000023,nodecontroller,3746,0.14,1.9874999766468602,47676,36786
8.159638049000023,nodelet,3156,0.15,1.9874999766468602,25784,14055
8.159638049000023,nodeproxy,4175,0.0,0.0,16084,6799
8.159638049000023,containerd,2317,0.46,4.96874994161715,87156,86062
8.159638049000023,flanneld,3294,0.01,0.0,42000,42204
8.159638049000023,coredns,4467,0.08,0.0,64464,64816
9.167697448000013,nodestore,2459,0.6,6.944035249256252,19520,11899
9.167697448000013,nodeapiserver,2782,1.71,19.840100712160716,152384,142967
9.167697448000013,nodescheduler,3993,0.04,0.9920050356080358,22448,11686
9.167697448000013,nodecontroller,3746,0.16,1.9840100712160715,47656,36682
9.167697448000013,nodelet,3156,0.17,1.9840100712160715,26040,14152
9.167697448000013,nodeproxy,4175,0.0,0.0,16084,6796
9.167697448000013,containerd,2317,0.56,9.920050356080358,87540,86286
9.167697448000013,flanneld,3294,0.01,0.0,42000,42204
9.167697448000013,coredns,4467,0.1,1.9840100712160715,64464,64816
10.178768465000019,nodestore,2459,0.66,5.934301249978332,19520,11899
10.178768465000019,nodeapiserver,2782,1.89,17.802903749935,152532,143059
10.178768465000019,nodescheduler,3993,0.05,0.989050208329722,22448,11698
10.178768465000019,nodecontroller,3746,0.18,1.978100416659444,47656,36682
10.178768465000019,nodelet,3156,0.2,2.967150624989166,26040,14152
10.178768465000019,nodeproxy,4175,0.0,0.0,16084,6796
10.178768465000019,containerd,2317,0.64,7.912401666637776,87540,86334
10.178768465000019,flanneld,3294,0.01,0.0,42000,42204
10.178768465000019,coredns,4467,0.11,0.989050208329722,64464,64816
11.194038429000045,nodestore,2459,0.73,6.894717905788276,19648,11979
11.194038429000045,nodeapiserver,2782,2.11,21.66911341819172,152708,143251
11.194038429000045,nodescheduler,3993,0.05,0.0,22448,11706
11.194038429000045,nodecontroller,3746,0.21,2.9548791024806893,47776,36762
11.194038429000045,nodelet,3156,0.22,1.9699194016537929,26040,14164
11.194038429000045,nodeproxy,4175,0.0,0.0,16084,6796
11.194038429000045,containerd,2317,0.7,5.909758204961379,87540,86346
11.194038429000045,flanneld,3294,0.01,0.0,42000,42204
11.194038429000045,coredns,4467,0.11,0.0,64464,64824
12.214803845999995,nodestore,2459,0.79,5.87794208157455,19648,12007
12.214803845999995,nodeapiserver,2782,2.23,11.7558841631491,152708,143255
12.214803845999995,nodescheduler,3993,0.05,0.0,22448,11706
12.214803845999995,nodecontroller,3746,0.22,0.9796570135957583,47776,36762
12.214803845999995,nodelet,3156,0.23,0.9796570135957583,26040,14164
12.214803845999995,nodeproxy,4175,0.0,0.0,16084,6796
12.214803845999995,containerd,2317,0.72,1.9593140271915166,87540,86350
12.214803845999995,flanneld,3294,0.01,0.0,42000,42204
12.214803845999995,coredns,4467,0.12,0.9796570135957583,64464,64824
13.228918683000018,nodestore,2459,0.86,6.902571330784944,19648,12031
13.228918683000018,nodeapiserver,2782,2.42,18.735550754987703,152900,143399
13.228918683000018,nodescheduler,3993,0.05,0.0,22448,11706
13.228918683000018,nodecontroller,3746,0.23,0.9860816186835633,47776,36762
13.228918683000018,nodelet,3156,0.25,1.9721632373671265,26040,14164
13.228918683000018,nodeproxy,4175,0.0,0.0,16084,6796
13.228918683000018,containerd,2317,0.79,6.902571330784944,86976,85654
13.228918683000018,flanneld,3294,0.01,0.0,42000,42204
13.228918683000018,coredns,4467,0.13,0.9860816186835633,64464,64828
14.236555397000018,nodestore,2459,0.92,5.954526980445056,19776,12031
14.236555397000018,nodeapiserver,2782,2.6,17.86358094133517,153104,143647
14.236555397000018,nodescheduler,3993,0.06,0.9924211634075094,22448,11714
14.236555397000018,nodecontroller,3746,0.26,2.977263490222528,47776,36778
14.236555397000018,nodelet,3156,0.26,0.9924211634075094,25904,14180
14.236555397000018,nodeproxy,4175,0.0,0.0,16084,6796
14.236555397000018,containerd,2317,0.86,6.946948143852566,86976,85666
14.236555397000018,flanneld,3294,0.01,0.0,42000,42204
14.236555397000018,coredns,4467,0.14,0.9924211634075094,64464,64828
15.253353674000039,nodestore,2459,0.98,5.900875459488881,19776,12031
15.253353674000039,nodeapiserver,2782,2.73,12.785230162225908,153052,143651
15.253353674000039,nodescheduler,3993,0.06,0.0,22448,11706
15.253353674000039,nodecontroller,3746,0.27,0.9834792432481468,47776,36778
15.253353674000039,nodelet,3156,0.27,0.9834792432481468,25904,14164
15.253353674000039,nodeproxy,4175,0.0,0.0,16084,6796
15.253353674000039,containerd,2317,0.86,0.0,86976,85666
15.253353674000039,flanneld,3294,0.01,0.0,42000,42204
15.253353674000039,coredns,4467,0.14,0.0,64464,64828
16.265944315000013,nodestore,2459,1.05,6.912961384955343,19904,12139
16.265944315000013,nodeapiserver,2782,2.93,19.75131824272955,153284,143735
16.265944315000013,nodescheduler,3993,0.06,0.0,22448,11706
16.265944315000013,nodecontroller,3746,0.29,1.975131824272955,47776,36778
16.265944315000013,nodelet,3156,0.29,1.975131824272955,25904,14168
16.265944315000013,nodeproxy,4175,0.0,0.0,16084,6796
16.265944315000013,containerd,2317,0.93,6.912961384955343,86976,85678
16.265944315000013,flanneld,3294,0.01,0.0,42000,42204
16.265944315000013,coredns,4467,0.16,1.975131824272955,64464,64828
17.272168402000034,nodestore,2459,1.11,5.9628864758033515,19904,12159
17.272168402000034,nodeapiserver,2782,3.12,18.882473840043946,153384,143959
17.272168402000034,nodescheduler,3993,0.06,0.0,22448,11714
17.272168402000034,nodecontroller,3746,0.31,1.9876288252677838,47776,36794
17.272168402000034,nodelet,3156,0.31,1.9876288252677838,25904,14188
17.272168402000034,nodeproxy,4175,0.0,0.0,16084,6796
17.272168402000034,containerd,2317,1.0,6.956700888437244,86976,85670
17.272168402000034,flanneld,3294,0.01,0.0,42000,42204
17.272168402000034,coredns,4467,0.17,0.9938144126338919,64464,64828
18.278101841000023,nodestore,2459,1.17,5.964609354237866,19904,12159
18.278101841000023,nodeapiserver,2782,3.27,14.911523385594665,154760,145407
18.278101841000023,nodescheduler,3993,0.06,0.0,22448,11718
18.278101841000023,nodecontroller,3746,0.32,0.9941015590396444,47776,36794
18.278101841000023,nodelet,3156,0.32,0.9941015590396444,26016,14244
18.278101841000023,nodeproxy,4175,0.0,0.0,16084,6796
18.278101841000023,containerd,2317,1.02,1.9882031180792887,86976,85738
18.278101841000023,flanneld,3294,0.02,0.9941015590396444,42000,42204
18.278101841000023,coredns,4467,0.17,0.0,64464,64828
19.288572575000046,nodestore,2459,1.23,5.937826597162845,19904,12159
19.288572575000046,nodeapiserver,2782,3.43,15.83420425910092,153580,144227
19.288572575000046,nodescheduler,3993,0.07,0.9896377661938075,22448,11718
19.288572575000046,nodecontroller,3746,0.34,1.979275532387615,47904,36802
19.288572575000046,nodelet,3156,0.34,1.979275532387615,26144,14288
19.288572575000046,nodeproxy,4175,0.0,0.0,16084,6796
19.288572575000046,containerd,2317,1.09,6.927464363356654,86976,85730
19.288572575000046,flanneld,3294,0.02,0.0,42000,42204
19.288572575000046,coredns,4467,0.18,0.9896377661938075,64464,64828
20.29742145800003,nodestore,2459,1.3,6.938601130413411,19904,12271
20.29742145800003,nodeapiserver,2782,3.62,18.83334592540783,153928,144507
20.29742145800003,nodescheduler,3993,0.07,0.0,22448,11718
20.29742145800003,nodecontroller,3746,0.36,1.982457465832403,47904,36874
20.29742145800003,nodelet,3156,0.36,1.982457465832403,26144,14288
20.29742145800003,nodeproxy,4175,0.0,0.0,16084,6796
20.29742145800003,containerd,2317,1.14,4.956143664581007,86976,85738
20.29742145800003,flanneld,3294,0.02,0.0,42000,42204
20.29742145800003,coredns,4467,0.19,0.9912287329162015,64464,64836
21.311096410999994,nodestore,2459,1.36,5.919057171377319,19904,12287
21.311096410999994,nodeapiserver,2782,3.77,14.797642928443297,154760,145531
21.311096410999994,nodescheduler,3993,0.07,0.0,22448,11726
21.311096410999994,nodecontroller,3746,0.37,0.9865095285628865,47904,36906
21.311096410999994,nodelet,3156,0.37,0.9865095285628865,26144,14288
21.311096410999994,nodeproxy,4175,0.0,0.0,16084,6796
21.311096410999994,containerd,2317,1.16,1.973019057125773,86976,85738
21.311096410999994,flanneld,3294,0.02,0.0,42000,42204
21.311096410999994,coredns,4467,0.2,0.9865095285628865,64464,64836
22.343274683999994,nodestore,2459,1.43,6.781774217795421,19904,12287
22.343274683999994,nodeapiserver,2782,3.95,17.438847988616796,154212,144783
22.343274683999994,nodescheduler,3993,0.07,0.0,22448,11718
22.343274683999994,nodecontroller,3746,0.39,1.9376497765129774,47904,36934
22.343274683999994,nodelet,3156,0.39,1.9376497765129774,26144,14252
22.343274683999994,nodeproxy,4175,0.0,0.0,16084,6796
22.343274683999994,containerd,2317,1.24,7.75059910605191,87104,85770
22.343274683999994,flanneld,3294,0.03,0.9688248882564887,42000,42204
22.343274683999994,coredns,4467,0.21,0.9688248882564887,64464,64772
23.348794816999998,nodestore,2459,1.49,5.967061029498027,19904,12363
23.348794816999998,nodeapiserver,2782,4.14,18.895693260077085,154432,144883
23.348794816999998,nodescheduler,3993,0.07,0.0,22576,11718
23.348794816999998,nodecontroller,3746,0.42,2.9835305147490137,47904,36982
23.348794816999998,nodelet,3156,0.4,0.9945101715830045,26144,14256
23.348794816999998,nodeproxy,4175,0.0,0.0,16084,6796
23.348794816999998,containerd,2317,1.28,3.978040686332018,87104,85774
23.348794816999998,flanneld,3294,0.03,0.0,42000,42208
23.348794816999998,coredns,4467,0.22,0.9945101715830045,64464,64772
24.356281414000023,nodestore,2459,1.55,5.955414213812964,19904,12415
24.356281414000023,nodeapiserver,2782,4.28,13.895966498896918,154504,144955
24.356281414000023,nodescheduler,3993,0.07,0.0,22576,11718
24.356281414000023,nodecontroller,3746,0.43,0.9925690356354939,47904,36982
24.356281414000023,nodelet,3156,0.4,0.0,26144,14256
24.356281414000023,nodeproxy,4175,0.0,0.0,16084,6796
24.356281414000023,containerd,2317,1.3,1.9851380712709878,87104,85774
24.356281414000023,flanneld,3294,0.03,0.0,42000,42208
24.356281414000023,coredns,4467,0.23,0.9925690356354939,64464,64776
25.379153011000028,nodestore,2459,1.62,6.843478712802663,19904,12415
25.379153011000028,nodeapiserver,2782,4.45,16.619876873949323,154448,144987
25.379153011000028,nodescheduler,3993,0.08,0.9776398161146661,22576,11718
25.379153011000028,nodecontroller,3746,0.44,0.9776398161146661,47904,36982
25.379153011000028,nodelet,3156,0.42,1.9552796322293322,26144,14256
25.379153011000028,nodeproxy,4175,0.0,0.0,16084,6796
25.379153011000028,containerd,2317,1.37,6.843478712802663,87104,85782
25.379153011000028,flanneld,3294,0.03,0.0,42000,42208
25.379153011000028,coredns,4467,0.23,0.0,64464,64776
26.387543813000036,nodestore,2459,1.68,5.950074106288756,20032,12415
26.387543813000036,nodeapiserver,2782,4.64,18.84190133658106,154520,145059
26.387543813000036,nodescheduler,3993,0.08,0.0,22576,11718
26.387543813000036,nodecontroller,3746,0.46,1.9833580354295854,47904,36982
26.387543813000036,nodelet,3156,0.45,2.975037053144378,26144,14256
26.387543813000036,nodeproxy,4175,0.0,0.0,16084,6796
26.387543813000036,containerd,2317,1.44,6.94175312400355,87104,85806
26.387543813000036,flanneld,3294,0.03,0.0,42000,42208
26.387543813000036,coredns,4467,0.24,0.9916790177147927,64464,64776
27.400290729999995,nodestore,2459,1.74,5.924481130758402,20032,12415
27.400290729999995,nodeapiserver,2782,4.78,13.82378930510294,154596,145123
27.400290729999995,nodescheduler,3993,0.08,0.0,22576,11718
27.400290729999995,nodecontroller,3746,0.47,0.987413521793067,47904,36966
27.400290729999995,nodelet,3156,0.45,0.0,26144,14256
27.400290729999995,nodeproxy,4175,0.0,0.0,16084,6796
27.400290729999995,containerd,2317,1.45,0.987413521793067,87104,85806
27.400290729999995,flanneld,3294,0.03,0.0,42000,42084
27.400290729999995,coredns,4467,0.25,0.987413521793067,64464,64776
28.409317751000003,nodestore,2459,1.81,6.9373761597212384,20032,12503
28.409317751000003,nodeapiserver,2782,4.97,18.830021004957647,154808,145227
28.409317751000003,nodescheduler,3993,0.09,0.991053737103034,22576,11718
28.409317751000003,nodecontroller,3746,0.49,1.982107474206068,47904,36962
28.409317751000003,nodelet,3156,0.47,1.982107474206068,26120,14248
28.409317751000003,nodeproxy,4175,0.0,0.0,16084,6796
28.409317751000003,containerd,2317,1.52,6.9373761597212384,87104,85810
28.409317751000003,flanneld,3294,0.03,0.0,42000,42084
28.409317751000003,coredns,4467,0.26,0.991053737103034,64464,64776
29.415277159000027,nodestore,2459,1.86,4.97037948075921,20160,12543
29.415277159000027,nodeapiserver,2782,5.14,16.89929023458131,154948,145299
29.415277159000027,nodescheduler,3993,0.09,0.0,22576,11718
29.415277159000027,nodecontroller,3746,0.5,0.9940758961518419,47904,36966
29.415277159000027,nodelet,3156,0.49,1.9881517923036838,26120,14256
29.415277159000027,nodeproxy,4175,0.0,0.0,16084,6796
29.415277159000027,containerd,2317,1.58,5.964455376911051,87104,85822
29.415277159000027,flanneld,3294,0.03,0.0,42000,42084
29.415277159000027,coredns,4467,0.27,0.9940758961518419,64464,64784
30.424282763000008,nodestore,2459,1.93,6.9375234114161906,20160,12543
30.424282763000008,nodeapiserver,2782,5.29,14.866121595891835,154916,145327
30.424282763000008,nodescheduler,3993,0.09,0.0,22576,11726
30.424282763000008,nodecontroller,3746,0.53,2.973224319178367,47904,36966
30.424282763000008,nodelet,3156,0.49,0.0,26120,14256
30.424282763000008,nodeproxy,4175,0.0,0.0,16084,6796
30.424282763000008,containerd,2317,1.6,1.9821495461189114,87104,85821
30.424282763000008,flanneld,3294,0.03,0.0,42000,42084
30.424282763000008,coredns,4467,0.27,0.0,64464,64788
31.436271809999994,nodestore,2459,1.98,4.940764936954964,20288,12543
31.436271809999994,nodeapiserver,2782,5.44,14.822294810864893,154916,145335
31.436271809999994,nodescheduler,3993,0.09,0.0,22576,11718
31.436271809999994,nodecontroller,3746,0.54,0.9881529873909929,47904,36966
31.436271809999994,nodelet,3156,0.51,1.9763059747819858,26120,14256
31.436271809999994,nodeproxy,4175,0.0,0.0,16084,6796
31.436271809999994,containerd,2317,1.66,5.928917924345957,87104,85834
31.436271809999994,flanneld,3294,0.03,0.0,42000,42084
31.436271809999994,coredns,4467,0.28,0.9881529873909929,64464,64788
32.44931886300003,nodestore,2459,2.06,7.896967842025508,20288,12623
32.44931886300003,nodeapiserver,2782,5.64,19.74241960506377,155080,145475
32.44931886300003,nodescheduler,3993,0.1,0.9871209802531885,22576,11718
32.44931886300003,nodecontroller,3746,0.55,0.9871209802531885,47904,36966
32.44931886300003,nodelet,3156,0.53,1.974241960506377,26120,14256
32.44931886300003,nodeproxy,4175,0.0,0.0,16084,6796
32.44931886300003,containerd,2317,1.73,6.909846861772321,87104,85838
32.44931886300003,flanneld,3294,0.03,0.0,42000,42084
32.44931886300003,coredns,4467,0.29,0.9871209802531885,64464,64788
33.459504562000006,nodestore,2459,2.12,5.939502020212367,20288,12671
33.459504562000006,nodeapiserver,2782,5.77,12.868921043793463,155048,145559
33.459504562000006,nodescheduler,3993,0.1,0.0,22576,11726
33.459504562000006,nodecontroller,3746,0.57,1.9798340067374558,47904,36970
33.459504562000006,nodelet,3156,0.54,0.9899170033687279,26120,14256
33.459504562000006,nodeproxy,4175,0.0,0.0,16084,6796
33.459504562000006,containerd,2317,1.75,1.9798340067374558,87104,85829
33.459504562000006,flanneld,3294,0.03,0.0,42000,42084
33.459504562000006,coredns,4467,0.3,0.9899170033687279,64464,64788
34.48127538,nodestore,2459,2.18,5.872158310162309,20288,12671
34.48127538,nodeapiserver,2782,5.93,15.659088827099492,155048,145567
34.48127538,nodescheduler,3993,0.1,0.0,22576,11718
34.48127538,nodecontroller,3746,0.58,0.9786930516937182,47904,36966
34.48127538,nodelet,3156,0.56,1.9573861033874365,26120,14212
34.48127538,nodeproxy,4175,0.0,0.0,16084,6796
34.48127538,containerd,2317,1.81,5.872158310162309,87104,85850
34.48127538,flanneld,3294,0.03,0.0,42000,42084
34.48127538,coredns,4467,0.31,0.9786930516937182,64464,64788
35.49052317600001,nodestore,2459,2.25,6.935858594631922,20288,12691
35.49052317600001,nodeapiserver,2782,6.14,20.807575783895764,155332,145667
35.49052317600001,nodescheduler,3993,0.1,0.0,22576,11718
35.49052317600001,nodecontroller,3746,0.6,1.9816738841805488,47904,36966
35.49052317600001,nodelet,3156,0.58,1.9816738841805488,26120,14236
35.49052317600001,nodeproxy,4175,0.0,0.0,16084,6796
35.49052317600001,containerd,2317,1.87,5.945021652541646,87104,85850
35.49052317600001,flanneld,3294,0.03,0.0,42000,42084
35.49052317600001,coredns,4467,0.31,0.0,64464,64800
36.500279818000024,nodestore,2459,2.31,5.94202578169317,20280,12691
36.500279818000024,nodeapiserver,2782,6.27,12.874389193668534,155304,145715
36.500279818000024,nodescheduler,3993,0.1,0.0,22576,11726
36.500279818000024,nodecontroller,3746,0.61,0.9903376302821949,47904,36990
36.500279818000024,nodelet,3156,0.59,0.9903376302821949,26120,14236
36.500279818000024,nodeproxy,4175,0.0,0.0,16084,6796
36.500279818000024,containerd,2317,1.9,2.971012890846585,87104,85858
36.500279818000024,flanneld,3294,0.03,0.0,42000,42084
36.500279818000024,coredns,4467,0.33,1.9806752605643898,64464,64800
37.523571282000034,nodestore,2459,2.38,6.840670763183391,20280,12787
37.523571282000034,nodeapiserver,2782,6.44,16.61305756773109,155256,145727
37.523571282000034,nodescheduler,3993,0.11,0.9772386804547701,22576,11718
37.523571282000034,nodecontroller,3746,0.63,1.9544773609095403,47904,36966
37.523571282000034,nodelet,3156,0.6,0.9772386804547701,26120,14256
37.523571282000034,nodeproxy,4175,0.0,0.0,16084,6796
37.523571282000034,containerd,2317,1.95,4.88619340227385,87232,85862
37.523571282000034,flanneld,3294,0.04,0.9772386804547701,42000,42084
37.523571282000034,coredns,4467,0.33,0.0,64464,64800
38.532093850000024,nodestore,2459,2.44,5.9492967142011075,20408,12819
38.532093850000024,nodeapiserver,2782,6.62,17.847890142603323,155304,145839
38.532093850000024,nodescheduler,3993,0.11,0.0,22576,11718
38.532093850000024,nodecontroller,3746,0.65,1.9830989047337024,47904,36966
38.532093850000024,nodelet,3156,0.63,2.9746483571005538,26364,14268
38.532093850000024,nodeproxy,4175,0.0,0.0,16084,6796
38.532093850000024,containerd,2317,2.02,6.94084616656796,87232,85862
38.532093850000024,flanneld,3294,0.04,0.0,42000,42084
38.532093850000024,coredns,4467,0.34,0.9915494523668512,64464,64800
39.54088209299999,nodestore,2459,2.5,5.947729904302801,20408,12819
39.54088209299999,nodeapiserver,2782,6.78,15.860613078140805,155340,145867
39.54088209299999,nodescheduler,3993,0.11,0.0,22576,11730
39.54088209299999,nodecontroller,3746,0.66,0.9912883173838003,47904,36998
39.54088209299999,nodelet,3156,0.64,0.9912883173838003,26364,14268
39.54088209299999,nodeproxy,4175,0.0,0.0,16084,6796
39.54088209299999,containerd,2317,2.04,1.9825766347676006,87232,85870
39.54088209299999,flanneld,3294,0.04,0.0,42000,42084
39.54088209299999,coredns,4467,0.34,0.0,64464,64800
40.55475280500002,nodestore,2459,2.56,5.91791431489722,20408,12819
40.55475280500002,nodeapiserver,2782,6.95,16.76742389220879,155468,145943
40.55475280500002,nodescheduler,3993,0.11,0.0,22576,11722
40.55475280500002,nodecontroller,3746,0.69,2.95895715744861,48032,37022
40.55475280500002,nodelet,3156,0.65,0.98631905248287,26364,14256
40.55475280500002,nodeproxy,4175,0.0,0.0,16084,6796
40.55475280500002,containerd,2317,2.11,6.90423336738009,87232,85742
40.55475280500002,flanneld,3294,0.04,0.0,42000,42084
40.55475280500002,coredns,4467,0.36,1.97263810496574,64464,64804
41.56187280400002,nodestore,2459,2.65,8.936373032941855,20536,12819
41.56187280400002,nodeapiserver,2782,7.12,16.879815728890172,155328,145803
41.56187280400002,nodescheduler,3993,0.11,0.0,22576,11726
41.56187280400002,nodecontroller,3746,0.7,0.9929303369935395,47412,36466
41.56187280400002,nodelet,3156,0.67,1.985860673987079,26364,14256
41.56187280400002,nodeproxy,4175,0.0,0.0,16084,6796
41.56187280400002,containerd,2317,2.16,4.964651684967698,87232,85750
41.56187280400002,flanneld,3294,0.04,0.0,42000,42084
41.56187280400002,coredns,4467,0.36,0.0,64464,64804
42.57428208600004,nodestore,2459,2.71,5.926456924759678,20664,12819
42.57428208600004,nodeapiserver,2782,7.28,15.803885132692473,155516,145827
42.57428208600004,nodescheduler,3993,0.12,0.9877428207932796,22576,11738
42.57428208600004,nodecontroller,3746,0.71,0.9877428207932796,47540,36554
42.57428208600004,nodelet,3156,0.68,0.9877428207932796,26364,14256
42.57428208600004,nodeproxy,4175,0.0,0.0,16084,6796
42.57428208600004,containerd,2317,2.18,1.9754856415865591,87232,85750
42.57428208600004,flanneld,3294,0.04,0.0,42000,42084
42.57428208600004,coredns,4467,0.37,0.9877428207932796,64464,64804
43.59917410000003,nodestore,2459,2.78,6.8299878468953334,20404,12819
43.59917410000003,nodeapiserver,2782,7.42,13.659975693790667,155516,145831
43.59917410000003,nodescheduler,3993,0.12,0.0,22576,11742
43.59917410000003,nodecontroller,3746,0.72,0.975712549556476,47540,36566
43.59917410000003,nodelet,3156,0.69,0.975712549556476,26364,14260
43.59917410000003,nodeproxy,4175,0.0,0.0,16084,6796
43.59917410000003,containerd,2317,2.21,2.927137648669428,87232,85754
43.59917410000003,flanneld,3294,0.05,0.975712549556476,42000,42084
43.59917410000003,coredns,4467,0.38,0.975712549556476,64464,64808
44.60504655300002,nodestore,2459,2.85,6.9591328195962,20396,12819
44.60504655300002,nodeapiserver,2782,7.6,17.89491296467594,155652,145903
44.60504655300002,nodescheduler,3993,0.12,0.0,22576,11750
44.60504655300002,nodecontroller,3746,0.74,1.988323662741771,47540,36722
44.60504655300002,nodelet,3156,0.7,0.9941618313708855,26364,14248
44.60504655300002,nodeproxy,4175,0.0,0.0,16084,6796
44.60504655300002,containerd,2317,2.26,4.970809156854428,87232,85766
44.60504655300002,flanneld,3294,0.05,0.0,42000,42084
44.60504655300002,coredns,4467,0.38,0.0,64464,64808
45.613551553000036,nodestore,2459,2.93,7.9325338000306305,20380,12819
45.613551553000036,nodeapiserver,2782,7.77,16.85663432506509,155692,145935
45.613551553000036,nodescheduler,3993,0.12,0.0,22576,11758
45.613551553000036,nodecontroller,3746,0.75,0.9915667250038288,47668,36886
45.613551553000036,nodelet,3156,0.72,1.9831334500076576,26364,14248
45.613551553000036,nodeproxy,4175,0.0,0.0,16084,6796
45.613551553000036,containerd,2317,2.3,3.9662669000153152,87232,85782
45.613551553000036,flanneld,3294,0.05,0.0,42000,42084
45.613551553000036,coredns,4467,0.4,1.9831334500076576,64464,64808
46.62439393300002,nodestore,2459,2.99,5.9356434976539925,20380,12819
46.62439393300002,nodeapiserver,2782,7.9,12.86056091158365,155692,145935
46.62439393300002,nodescheduler,3993,0.12,0.0,22576,11758
46.62439393300002,nodecontroller,3746,0.76,0.9892739162756654,47668,36886
46.62439393300002,nodelet,3156,0.73,0.9892739162756654,26364,14248
46.62439393300002,nodeproxy,4175,0.0,0.0,16084,6796
46.62439393300002,containerd,2317,2.31,0.9892739162756654,87232,85786
46.62439393300002,flanneld,3294,0.05,0.0,42000,42084
46.62439393300002,coredns,4467,0.41,0.9892739162756654,64464,64808
47.630565789,nodestore,2459,3.07,7.95092801721156,20508,12819
47.630565789,nodeapiserver,2782,8.09,18.883454040877456,155532,146047
47.630565789,nodescheduler,3993,0.12,0.0,22576,11786
47.630565789,nodecontroller,3746,0.77,0.993866002151445,47924,37062
47.630565789,nodelet,3156,0.75,1.98773200430289,26072,14260
47.630565789,nodeproxy,4175,0.0,0.0,16084,6796
47.630565789,containerd,2317,2.37,5.9631960129086705,87232,85950
47.630565789,flanneld,3294,0.05,0.0,42000,42084
47.630565789,coredns,4467,0.41,0.0,64464,64812
48.63701350500003,nodestore,2459,3.14,6.955155134953703,20508,12819
48.63701350500003,nodeapiserver,2782,8.24,14.903903860615076,155768,146055
48.63701350500003,nodescheduler,3993,0.13,0.9935935907076717,22576,11802
48.63701350500003,nodecontroller,3746,0.79,1.9871871814153435,48052,37270
48.63701350500003,nodelet,3156,0.76,0.9935935907076717,26072,14284
48.63701350500003,nodeproxy,4175,0.0,0.0,16084,6796
48.63701350500003,containerd,2317,2.42,4.967967953538358,87232,85950
48.63701350500003,flanneld,3294,0.05,0.0,42000,42084
48.63701350500003,coredns,4467,0.43,1.9871871814153435,64464,64812
49.64787093000001,nodestore,2459,3.19,4.946295962558797,20380,12819
49.64787093000001,nodeapiserver,2782,8.37,12.860369502652874,155768,146063
49.64787093000001,nodescheduler,3993,0.13,0.0,22576,11802
49.64787093000001,nodecontroller,3746,0.8,0.9892591925117595,48052,37238
49.64787093000001,nodelet,3156,0.77,0.9892591925117595,26072,14284
49.64787093000001,nodeproxy,4175,0.0,0.0,16084,6796
49.64787093000001,containerd,2317,2.42,0.0,87232,85950
49.64787093000001,flanneld,3294,0.05,0.0,42000,42084
49.64787093000001,coredns,4467,0.44,0.9892591925117595,64464,64812
50.65410824700001,nodestore,2459,3.28,8.944212113731416,20508,12819
50.65410824700001,nodeapiserver,2782,8.54,16.894622881492676,155736,146111
50.65410824700001,nodescheduler,3993,0.13,0.0,22576,11826
50.65410824700001,nodecontroller,3746,0.81,0.9938013459701573,48436,37542
50.65410824700001,nodelet,3156,0.78,0.9938013459701573,26072,14264
50.65410824700001,nodeproxy,4175,0.0,0.0,16084,6796
50.65410824700001,containerd,2317,2.48,5.962808075820944,87232,86062
50.65410824700001,flanneld,3294,0.05,0.0,42000,42084
50.65410824700001,coredns,4467,0.44,0.0,64592,64820
51.661087861,nodestore,2459,3.35,6.951481343494293,20508,12819
51.661087861,nodeapiserver,2782,8.71,16.882168977057564,155968,146163
51.661087861,nodescheduler,3993,0.13,0.0,22576,11846
51.661087861,nodecontroller,3746,0.82,0.9930687633563273,48564,37822
51.661087861,nodelet,3156,0.8,1.9861375267126546,25944,14220
51.661087861,nodeproxy,4175,0.0,0.0,16084,6796
51.661087861,containerd,2317,2.53,4.965343816781637,87504,86190
51.661087861,flanneld,3294,0.05,0.0,42000,42084
51.661087861,coredns,4467,0.45,0.9930687633563273,64592,64820
52.677041384000006,nodestore,2459,3.41,5.9057819714848865,20508,12819
52.677041384000006,nodeapiserver,2782,8.82,10.827266947722292,155968,146163
52.677041384000006,nodescheduler,3993,0.13,0.0,22576,11846
52.677041384000006,nodecontroller,3746,0.83,0.9842969952474812,48564,37818
52.677041384000006,nodelet,3156,0.81,0.9842969952474812,25944,14220
52.677041384000006,nodeproxy,4175,0.0,0.0,16084,6796
52.677041384000006,containerd,2317,2.54,0.9842969952474812,87504,86190
52.677041384000006,flanneld,3294,0.05,0.0,42000,42084
52.677041384000006,coredns,4467,0.47,1.9685939904949623,64592,64820
53.68551146500005,nodestore,2459,3.47,5.949606352277846,20504,12819
53.68551146500005,nodeapiserver,2782,9.01,18.840420115546515,155904,146255
53.68551146500005,nodescheduler,3993,0.14,0.9916010587129743,22576,11874
53.68551146500005,nodecontroller,3746,0.85,1.9832021174259487,48948,38138
53.68551146500005,nodelet,3156,0.82,0.9916010587129743,25944,14228
53.68551146500005,nodeproxy,4175,0.0,0.0,16084,6796
53.68551146500005,containerd,2317,2.59,4.958005293564872,87504,86250
53.68551146500005,flanneld,3294,0.06,0.9916010587129743,42000,42084
53.68551146500005,coredns,4467,0.47,0.0,64592,64820
54.692270947,nodestore,2459,3.55,7.946287214606436,20376,12819
54.692270947,nodeapiserver,2782,9.18,16.885860331038675,155800,146295
54.692270947,nodescheduler,3993,0.14,0.0,22704,11890
54.692270947,nodecontroller,3746,0.87,1.986571803651609,49204,38478
54.692270947,nodelet,3156,0.84,1.986571803651609,25944,14228
54.692270947,nodeproxy,4175,0.0,0.0,16084,6796
54.692270947,containerd,2317,2.64,4.966429509129022,87636,86330
54.692270947,flanneld,3294,0.06,0.0,42000,42084
54.692270947,coredns,4467,0.49,1.986571803651609,64592,64820
55.70366772,nodestore,2459,3.61,5.932389898973894,20232,12871
55.70366772,nodeapiserver,2782,9.31,12.85351144777677,155800,146295
55.70366772,nodescheduler,3993,0.14,0.0,22704,11890
55.70366772,nodecontroller,3746,0.88,0.9887316498289823,49716,38898
55.70366772,nodelet,3156,0.84,0.0,25944,14228
55.70366772,nodeproxy,4175,0.0,0.0,16084,6796
55.70366772,containerd,2317,2.65,0.9887316498289823,87636,86330
55.70366772,flanneld,3294,0.06,0.0,42000,42084
55.70366772,coredns,4467,0.49,0.0,64592,64820
56.70872629300004,nodestore,2459,3.69,7.959735098941009,20448,12819
56.70872629300004,nodeapiserver,2782,9.48,16.914437085249645,155872,146335
56.70872629300004,nodescheduler,3993,0.14,0.0,22704,11942
56.70872629300004,nodecontroller,3746,0.89,0.9949668873676262,50356,39390
56.70872629300004,nodelet,3156,0.86,1.9899337747352523,25944,14244
56.70872629300004,nodeproxy,4175,0.0,0.0,16084,6796
56.70872629300004,containerd,2317,2.7,4.974834436838131,88160,86678
56.70872629300004,flanneld,3294,0.06,0.0,42000,42084
56.70872629300004,coredns,4467,0.5,0.9949668873676262,64592,64828
57.715934333999996,nodestore,2459,3.77,7.942748344282084,20412,12819
57.715934333999996,nodeapiserver,2782,9.67,18.86402731766995,155812,146459
57.715934333999996,nodescheduler,3993,0.14,0.0,22704,11974
57.715934333999996,nodecontroller,3746,0.92,2.9785306291057814,50484,39506
57.715934333999996,nodelet,3156,0.88,1.985687086070521,26168,14308
57.715934333999996,nodeproxy,4175,0.0,0.0,16084,6796
57.715934333999996,containerd,2317,2.76,5.957061258211563,88160,86850
57.715934333999996,flanneld,3294,0.06,0.0,42000,42084
57.715934333999996,coredns,4467,0.51,0.9928435430352605,64592,64828
58.721681330000024,nodestore,2459,3.84,6.96000090265227,20412,12823
58.721681330000024,nodeapiserver,2782,9.81,13.92000180530454,156036,146471
58.721681330000024,nodescheduler,3993,0.14,0.0,22704,11974
58.721681330000024,nodecontroller,3746,0.93,0.9942858432360384,50484,39510
58.721681330000024,nodelet,3156,0.89,0.9942858432360384,26168,14276
58.721681330000024,nodeproxy,4175,0.0,0.0,16084,6796
58.721681330000024,containerd,2317,2.77,0.9942858432360384,88160,86850
58.721681330000024,flanneld,3294,0.06,0.0,42000,42084
58.721681330000024,coredns,4467,0.51,0.0,64592,64828
59.72801169600001,nodestore,2459,3.9,5.962256732696153,20412,12823
59.72801169600001,nodeapiserver,2782,9.97,15.89935128718974,155948,146487
59.72801169600001,nodescheduler,3993,0.14,0.0,22704,11990
59.72801169600001,nodecontroller,3746,0.94,0.9937094554493587,50740,39726
59.72801169600001,nodelet,3156,0.91,1.9874189108987175,26168,14280
59.72801169600001,nodeproxy,4175,0.0,0.0,16084,6796
59.72801169600001,containerd,2317,2.83,5.962256732696153,88288,86906
59.72801169600001,flanneld,3294,0.06,0.0,42000,42084
59.72801169600001,coredns,4467,0.53,1.9874189108987175,64592,64828
60.743706836,nodestore,2459,3.98,7.8763791269101375,20380,12823
60.743706836,nodeapiserver,2782,10.15,17.72185303554781,156232,146567
60.743706836,nodescheduler,3993,0.15,0.9845473908637672,22832,12022
60.743706836,nodecontroller,3746,0.95,0.9845473908637672,50868,40018
60.743706836,nodelet,3156,0.92,0.9845473908637672,26168,14328
60.743706836,nodeproxy,4175,0.0,0.0,16084,6796
60.743706836,containerd,2317,2.87,3.9381895634550688,88412,86970
60.743706836,flanneld,3294,0.06,0.0,42000,42084
60.743706836,coredns,4467,0.53,0.0,64592,64828
61.76026916000001,nodestore,2459,4.05,6.885952621631844,20380,12823
61.76026916000001,nodeapiserver,2782,10.27,11.804490208511732,156232,146567
61.76026916000001,nodescheduler,3993,0.15,0.0,22832,12022
61.76026916000001,nodecontroller,3746,0.97,1.9674150347519552,50868,39998
61.76026916000001,nodelet,3156,0.92,0.0,26168,14328
61.76026916000001,nodeproxy,4175,0.0,0.0,16084,6796
61.76026916000001,containerd,2317,2.89,1.9674150347519552,88412,86970
61.76026916000001,flanneld,3294,0.06,0.0,42000,42084
61.76026916000001,coredns,4467,0.53,0.0,64592,64828
62.76954731000001,nodestore,2459,4.12,6.93564999896213,20380,12823
62.76954731000001,nodeapiserver,2782,10.46,18.825335711468636,156144,146615
62.76954731000001,nodescheduler,3993,0.15,0.0,22832,12062
62.76954731000001,nodecontroller,3746,0.99,1.9816142854177512,51124,40338
62.76954731000001,nodelet,3156,0.93,0.9908071427088756,26168,14336
62.76954731000001,nodeproxy,4175,0.0,0.0,16084,6796
62.76954731000001,containerd,2317,2.94,4.9540357135443776,88544,87046
62.76954731000001,flanneld,3294,0.06,0.0,42000,42084
62.76954731000001,coredns,4467,0.55,1.9816142854177512,64592,64828
63.77402952800003,nodestore,2459,4.21,8.959840043678913,20344,12823
63.77402952800003,nodeapiserver,2782,10.65,18.915217869988815,156304,146687
63.77402952800003,nodescheduler,3993,0.15,0.0,22832,12070
63.77402952800003,nodecontroller,3746,1.0,0.9955377826309904,51380,40618
63.77402952800003,nodelet,3156,0.95,1.9910755652619807,26168,14320
63.77402952800003,nodeproxy,4175,0.0,0.0,16084,6796
63.77402952800003,containerd,2317,2.98,3.9821511305239614,88544,87138
63.77402952800003,flanneld,3294,0.07,0.9955377826309904,42000,42084
63.77402952800003,coredns,4467,0.55,0.0,64592,64828
64.78160388399999,nodestore,2459,4.27,5.9548955015288385,20344,12823
64.78160388399999,nodeapiserver,2782,10.78,12.902273586645816,156304,146687
64.78160388399999,nodescheduler,3993,0.15,0.0,22832,12070
64.78160388399999,nodecontroller,3746,1.01,0.9924825835881397,51380,40618
64.78160388399999,nodelet,3156,0.96,0.9924825835881397,26040,14336
64.78160388399999,nodeproxy,4175,0.0,0.0,16084,6796
64.78160388399999,containerd,2317,2.99,0.9924825835881397,88544,87138
64.78160388399999,flanneld,3294,0.07,0.0,42000,42084
64.78160388399999,coredns,4467,0.56,0.9924825835881397,64592,64836
65.79249884000001,nodestore,2459,4.36,8.90300218294873,20472,12823
65.79249884000001,nodeapiserver,2782,11.07,28.68745147839035,156396,146851
65.79249884000001,nodescheduler,3993,0.17,1.9784449295441624,22832,12110
65.79249884000001,nodecontroller,3746,1.06,4.946112323860406,51252,40390
65.79249884000001,nodelet,3156,1.0,3.956889859088325,26808,15052
65.79249884000001,nodeproxy,4175,0.0,0.0,16084,6796
65.79249884000001,containerd,2317,3.25,25.719784084074114,88672,87353
65.79249884000001,flanneld,3294,0.07,0.0,42000,42084
65.79249884000001,coredns,4467,0.57,0.9892224647720812,64592,64836
66.79774732000004,nodestore,2459,4.43,6.963452459037552,20472,12823
66.79774732000004,nodeapiserver,2782,11.27,19.895578454393004,156524,146887
66.79774732000004,nodescheduler,3993,0.17,0.0,22960,11938
66.79774732000004,nodecontroller,3746,1.08,1.9895578454393006,50452,39362
66.79774732000004,nodelet,3156,1.03,2.9843367681589505,26276,14548
66.79774732000004,nodeproxy,4175,0.0,0.0,16084,6796
66.79774732000004,containerd,2317,3.33,7.958231381757202,88672,87366
66.79774732000004,flanneld,3294,0.07,0.0,42000,42084
66.79774732000004,coredns,4467,0.58,0.9947789227196503,64592,64844
67.80493568500003,nodestore,2459,4.51,7.942903510407485,20600,12839
67.80493568500003,nodeapiserver,2782,11.46,18.864395837217778,156748,147047
67.80493568500003,nodescheduler,3993,0.17,0.0,22960,11882
67.80493568500003,nodecontroller,3746,1.11,2.9785888164028074,50452,39418
67.80493568500003,nodelet,3156,1.05,1.9857258776018714,26396,14624
67.80493568500003,nodeproxy,4175,0.0,0.0,16084,6796
67.80493568500003,containerd,2317,3.41,7.942903510407485,83244,81694
67.80493568500003,flanneld,3294,0.07,0.0,42000,42084
67.80493568500003,coredns,4467,0.58,0.0,64592,64844
68.816009861,nodestore,2459,4.59,7.912376945131544,20600,12823
68.816009861,nodeapiserver,2782,11.63,16.813801008404532,156644,147071
68.816009861,nodescheduler,3993,0.18,0.989047118141443,22960,11878
68.816009861,nodecontroller,3746,1.13,1.978094236282886,50452,39314
68.816009861,nodelet,3156,1.06,0.989047118141443,26396,14632
68.816009861,nodeproxy,4175,0.0,0.0,16084,6796
68.816009861,containerd,2317,3.44,2.967141354424329,83244,81698
68.816009861,flanneld,3294,0.07,0.0,42000,42084
68.816009861,coredns,4467,0.6,1.978094236282886,64592,64844
69.842176435,nodestore,2459,4.66,6.821504595217884,20600,12823
69.842176435,nodeapiserver,2782,11.77,13.643009190435768,156644,147083
69.842176435,nodescheduler,3993,0.18,0.0,22960,11874
69.842176435,nodecontroller,3746,1.14,0.9745006564596975,50452,39354
69.842176435,nodelet,3156,1.08,1.949001312919395,26396,14604
69.842176435,nodeproxy,4175,0.0,0.0,16084,6796
69.842176435,containerd,2317,3.48,3.89800262583879,82800,81190
69.842176435,flanneld,3294,0.07,0.0,42000,42084
69.842176435,coredns,4467,0.6,0.0,64592,64844
70.86329918400003,nodestore,2459,4.74,7.834513537020198,20456,12823
70.86329918400003,nodeapiserver,2782,11.98,20.565598034678022,156596,147219
70.86329918400003,nodescheduler,3993,0.18,0.0,22960,11878
70.86329918400003,nodecontroller,3746,1.16,1.9586283842550496,50452,39382
70.86329918400003,nodelet,3156,1.1,1.9586283842550496,26396,14604
70.86329918400003,nodeproxy,4175,0.0,0.0,16084,6796
70.86329918400003,containerd,2317,3.56,7.834513537020198,81844,80302
70.86329918400003,flanneld,3294,0.07,0.0,42000,42084
70.86329918400003,coredns,4467,0.62,1.9586283842550496,64592,64848
71.87099997400003,nodestore,2459,4.81,6.946506412880744,20444,12875
71.87099997400003,nodeapiserver,2782,12.15,16.870087002710378,156796,147275
71.87099997400003,nodescheduler,3993,0.18,0.0,22960,11886
71.87099997400003,nodecontroller,3746,1.17,0.9923580589829634,50452,39362
71.87099997400003,nodelet,3156,1.11,0.9923580589829634,26396,14620
71.87099997400003,nodeproxy,4175,0.0,0.0,16084,6796
71.87099997400003,containerd,2317,3.6,3.9694322359318535,81844,80318
71.87099997400003,flanneld,3294,0.07,0.0,42000,42084
71.87099997400003,coredns,4467,0.63,0.9923580589829634,64592,64848
72.87872739900001,nodestore,2459,4.88,6.946322811448848,20444,12823
72.87872739900001,nodeapiserver,2782,12.28,12.900313792690715,156796,147267
72.87872739900001,nodescheduler,3993,0.18,0.0,22960,11874
72.87872739900001,nodecontroller,3746,1.18,0.9923318302069781,50452,39362
72.87872739900001,nodelet,3156,1.12,0.9923318302069781,26396,14628
72.87872739900001,nodeproxy,4175,0.0,0.0,16084,6796
72.87872739900001,containerd,2317,3.64,3.9693273208279125,81844,80322
72.87872739900001,flanneld,3294,0.07,0.0,42000,42084
72.87872739900001,coredns,4467,0.63,0.0,64592,64848
73.88666948500003,nodestore,2459,4.96,7.936963949732215,20440,12823
73.88666948500003,nodeapiserver,2782,12.47,18.85028938061401,156724,147287
73.88666948500003,nodescheduler,3993,0.18,0.0,22960,11878
73.88666948500003,nodecontroller,3746,1.21,2.9763614811495804,50452,39374
73.88666948500003,nodelet,3156,1.13,0.9921204937165269,26396,14628
73.88666948500003,nodeproxy,4175,0.0,0.0,16084,6796
73.88666948500003,containerd,2317,3.7,5.952722962299161,81844,80322
73.88666948500003,flanneld,3294,0.07,0.0,42000,42084
73.88666948500003,coredns,4467,0.64,0.9921204937165269,64592,64848
74.896973086,nodestore,2459,5.03,6.928610363331933,20440,12823
74.896973086,nodeapiserver,2782,12.66,18.806228129043816,156872,147375
74.896973086,nodescheduler,3993,0.18,0.0,22960,11886
74.896973086,nodecontroller,3746,1.22,0.9898014804759904,50452,39382
74.896973086,nodelet,3156,1.15,1.9796029609519807,26396,14616
74.896973086,nodeproxy,4175,0.0,0.0,16084,6796
74.896973086,containerd,2317,3.76,5.938808882855942,81584,79998
74.896973086,flanneld,3294,0.07,0.0,42000,42084
74.896973086,coredns,4467,0.65,0.9898014804759904,64592,64848
75.90521152000002,nodestore,2459,5.11,7.934631065651122,20440,12823
75.90521152000002,nodeapiserver,2782,12.8,13.885604364889465,156872,147387
75.90521152000002,nodescheduler,3993,0.18,0.0,22960,11878
75.90521152000002,nodecontroller,3746,1.23,0.9918288832063903,50452,39382
75.90521152000002,nodelet,3156,1.16,0.9918288832063903,26396,14628
75.90521152000002,nodeproxy,4175,0.0,0.0,16084,6796
75.90521152000002,containerd,2317,3.79,2.975486649619171,81584,79998
75.90521152000002,flanneld,3294,0.07,0.0,42000,42084
75.90521152000002,coredns,4467,0.66,0.9918288832063903,64592,64848
76.91016558800004,nodestore,2459,5.19,7.960562830419687,20440,12823
76.91016558800004,nodeapiserver,2782,12.98,17.911266368444295,156992,147427
76.91016558800004,nodescheduler,3993,0.19,0.9950703538024609,22960,11862
76.91016558800004,nodecontroller,3746,1.26,2.985211061407383,50452,39386
76.91016558800004,nodelet,3156,1.18,1.9901407076049218,26396,14624
76.91016558800004,nodeproxy,4175,0.0,0.0,16084,6796
76.91016558800004,containerd,2317,3.85,5.970422122814766,81712,80230
76.91016558800004,flanneld,3294,0.07,0.0,42000,42084
76.91016558800004,coredns,4467,0.66,0.0,64592,64848
77.91566939200004,nodestore,2459,5.26,6.96168425435415,20564,12823
77.91566939200004,nodeapiserver,2782,13.16,17.90147379691067,157020,147539
77.91566939200004,nodescheduler,3993,0.2,0.9945263220505927,22960,11874
77.91566939200004,nodecontroller,3746,1.27,0.9945263220505927,50452,39382
77.91566939200004,nodelet,3156,1.2,1.9890526441011853,26376,14664
77.91566939200004,nodeproxy,4175,0.0,0.0,16084,6796
77.91566939200004,containerd,2317,3.91,5.967157932303556,81968,80550
77.91566939200004,flanneld,3294,0.07,0.0,42000,42084
77.91566939200004,coredns,4467,0.68,1.9890526441011853,64592,64848
78.92454528900004,nodestore,2459,5.33,6.938415340098099,20564,12823
78.92454528900004,nodeapiserver,2782,13.31,14.868032871638782,157092,147527
78.92454528900004,nodescheduler,3993,0.2,0.0,22960,11866
78.92454528900004,nodecontroller,3746,1.28,0.9912021914425855,50452,39382
78.92454528900004,nodelet,3156,1.21,0.9912021914425855,26376,14628
78.92454528900004,nodeproxy,4175,0.0,0.0,16084,6796
78.92454528900004,containerd,2317,3.93,1.982404382885171,81968,80550
78.92454528900004,flanneld,3294,0.07,0.0,42000,42084
78.92454528900004,coredns,4467,0.69,0.9912021914425855,64592,64848
79.93453801600003,nodestore,2459,5.42,8.910955256809517,20564,12823
79.93453801600003,nodeapiserver,2782,13.51,19.80212279291004,157108,147591
79.93453801600003,nodescheduler,3993,0.2,0.0,22960,11866
79.93453801600003,nodecontroller,3746,1.3,1.980212279291004,50452,39390
79.93453801600003,nodelet,3156,1.23,1.980212279291004,26376,14628
79.93453801600003,nodeproxy,4175,0.0,0.0,16084,6796
79.93453801600003,containerd,2317,4.01,7.920849117164016,81968,80554
79.93453801600003,flanneld,3294,0.07,0.0,42000,42084
79.93453801600003,coredns,4467,0.7,0.990106139645502,64592,64848
80.94143849300002,nodestore,2459,5.49,6.952027692802538,20564,12823
80.94143849300002,nodeapiserver,2782,13.68,16.88349582537759,157144,147635
80.94143849300002,nodescheduler,3993,0.21,0.9931468132575053,22960,11874
80.94143849300002,nodecontroller,3746,1.32,1.9862936265150106,50452,39394
80.94143849300002,nodelet,3156,1.24,0.9931468132575053,26376,14636
80.94143849300002,nodeproxy,4175,0.0,0.0,16084,6796
80.94143849300002,containerd,2317,4.05,3.9725872530300212,81968,80546
80.94143849300002,flanneld,3294,0.07,0.0,42000,42084
80.94143849300002,coredns,4467,0.7,0.0,64592,64848
81.950776362,nodestore,2459,5.55,5.944491120643894,20564,12823
81.950776362,nodeapiserver,2782,13.81,12.879730761395104,157144,147635
81.950776362,nodescheduler,3993,0.21,0.0,22960,11866
81.950776362,nodecontroller,3746,1.33,0.9907485201073157,50452,39394
81.950776362,nodelet,3156,1.25,0.9907485201073157,26376,14628
81.950776362,nodeproxy,4175,0.0,0.0,16084,6796
81.950776362,containerd,2317,4.07,1.9814970402146315,81968,80546
81.950776362,flanneld,3294,0.07,0.0,42000,42084
81.950776362,coredns,4467,0.71,0.9907485201073157,64592,64848
82.96958859400002,nodestore,2459,5.64,8.833816200196404,20564,12823
82.96958859400002,nodeapiserver,2782,14.0,18.649167533747963,157200,147707
82.96958859400002,nodescheduler,3993,0.21,0.0,22960,11870
82.96958859400002,nodecontroller,3746,1.34,0.9815351333551561,50452,39398
82.96958859400002,nodelet,3156,1.27,1.9630702667103122,26376,14628
82.96958859400002,nodeproxy,4175,0.0,0.0,16084,6796
82.96958859400002,containerd,2317,4.14,6.870745933486093,81968,80562
82.96958859400002,flanneld,3294,0.07,0.0,42000,42084
82.96958859400002,coredns,4467,0.71,0.0,64592,64852
83.981268946,nodestore,2459,5.72,7.907636027708602,20564,12823
83.981268946,nodeapiserver,2782,14.18,17.792181062344355,157228,147787
83.981268946,nodescheduler,3993,0.21,0.0,22960,11882
83.981268946,nodecontroller,3746,1.36,1.9769090069271504,50452,39410
83.981268946,nodelet,3156,1.29,1.9769090069271504,26376,14640
83.981268946,nodeproxy,4175,0.0,0.0,16084,6796
83.981268946,containerd,2317,4.2,5.930727020781451,81968,80554
83.981268946,flanneld,3294,0.08,0.9884545034635752,42000,42084
83.981268946,coredns,4467,0.73,1.9769090069271504,64592,64852
84.99725583100002,nodestore,2459,5.8,7.874117390796692,20508,12823
84.99725583100002,nodeapiserver,2782,14.35,16.73249945544297,158180,148815
84.99725583100002,nodescheduler,3993,0.21,0.0,22960,11874
84.99725583100002,nodecontroller,3746,1.38,1.968529347699173,50452,39410
84.99725583100002,nodelet,3156,1.29,0.0,26376,14624
84.99725583100002,nodeproxy,4175,0.0,0.0,16084,6796
84.99725583100002,containerd,2317,4.22,1.968529347699173,81968,80554
84.99725583100002,flanneld,3294,0.08,0.0,42000,42084
84.99725583100002,coredns,4467,0.73,0.0,64592,64852
86.02186217900004,nodestore,2459,5.89,8.78386125321939,20508,12823
86.02186217900004,nodeapiserver,2782,14.54,18.54370709012982,157208,147751
86.02186217900004,nodescheduler,3993,0.21,0.0,22960,11874
86.02186217900004,nodecontroller,3746,1.4,1.9519691673820865,48972,37866
86.02186217900004,nodelet,3156,1.31,1.9519691673820865,26376,14552
86.02186217900004,nodeproxy,4175,0.0,0.0,16084,6796
86.02186217900004,containerd,2317,4.28,5.85590750214626,81968,80554
86.02186217900004,flanneld,3294,0.08,0.0,42000,42084
86.02186217900004,coredns,4467,0.74,0.9759845836910432,64592,64852
87.03388987100004,nodestore,2459,5.97,7.904922032508939,20508,12823
87.03388987100004,nodeapiserver,2782,14.7,15.809844065017877,157272,147735
87.03388987100004,nodescheduler,3993,0.21,0.0,22960,11882
87.03388987100004,nodecontroller,3746,1.41,0.9881152540636173,48972,37922
87.03388987100004,nodelet,3156,1.32,0.9881152540636173,26204,14508
87.03388987100004,nodeproxy,4175,0.0,0.0,16084,6796
87.03388987100004,containerd,2317,4.32,3.9524610162544693,81968,80558
87.03388987100004,flanneld,3294,0.08,0.0,42000,42084
87.03388987100004,coredns,4467,0.75,0.9881152540636173,64592,64852
88.04679669500001,nodestore,2459,6.05,7.898061115244535,20504,12823
88.04679669500001,nodeapiserver,2782,14.87,16.783379869894635,157312,147755
88.04679669500001,nodescheduler,3993,0.21,0.0,22960,11886
88.04679669500001,nodecontroller,3746,1.42,0.9872576394055669,48972,38014
88.04679669500001,nodelet,3156,1.34,1.9745152788111338,26320,14584
88.04679669500001,nodeproxy,4175,0.0,0.0,16084,6796
88.04679669500001,containerd,2317,4.36,3.9490305576222675,81968,80570
88.04679669500001,flanneld,3294,0.08,0.0,42000,42084
88.04679669500001,coredns,4467,0.76,0.9872576394055669,64592,64852
89.058722848,nodestore,2459,6.11,5.929286422939261,20504,12823
89.058722848,nodeapiserver,2782,15.0,12.846787249701732,157312,147743
89.058722848,nodescheduler,3993,0.22,0.9882144038232101,22960,11890
89.058722848,nodecontroller,3746,1.44,1.9764288076464203,48972,38026
89.058722848,nodelet,3156,1.35,0.9882144038232101,26320,14604
89.058722848,nodeproxy,4175,0.0,0.0,16084,6796
89.058722848,containerd,2317,4.39,2.9646432114696304,81968,80570
89.058722848,flanneld,3294,0.08,0.0,42000,42084
89.058722848,coredns,4467,0.77,0.9882144038232101,64592,64852
90.06603003800001,nodestore,2459,6.2,8.934712359195954,20504,12803
90.06603003800001,nodeapiserver,2782,15.18,17.869424718391908,157476,147807
90.06603003800001,nodescheduler,3993,0.22,0.0,22960,11898
90.06603003800001,nodecontroller,3746,1.45,0.9927458176884394,49228,38090
90.06603003800001,nodelet,3156,1.37,1.9854916353768788,26320,14584
90.06603003800001,nodeproxy,4175,0.0,0.0,16084,6796
90.06603003800001,containerd,2317,4.44,4.9637290884421965,82096,80578
90.06603003800001,flanneld,3294,0.08,0.0,42000,42084
90.06603003800001,coredns,4467,0.77,0.0,64592,64852
91.07553056,nodestore,2459,6.27,6.934122219304833,20632,12823
91.07553056,nodeapiserver,2782,15.33,14.858833327081783,157444,147863
91.07553056,nodescheduler,3993,0.23,0.9905888884721189,22960,11906
91.07553056,nodecontroller,3746,1.46,0.9905888884721189,49228,38150
91.07553056,nodelet,3156,1.38,0.9905888884721189,26320,14584
91.07553056,nodeproxy,4175,0.0,0.0,16084,6796
91.07553056,containerd,2317,4.47,2.971766665416357,82096,80570
91.07553056,flanneld,3294,0.08,0.0,42000,42084
91.07553056,coredns,4467,0.78,0.9905888884721189,64592,64852
92.08378281,nodestore,2459,6.35,7.934522338035957,20632,12823
92.08378281,nodeapiserver,2782,15.48,14.87722938381742,157444,147867
92.08378281,nodescheduler,3993,0.23,0.0,22960,11906
92.08378281,nodecontroller,3746,1.48,1.9836305845089892,49228,38162
92.08378281,nodelet,3156,1.39,0.9918152922544946,26320,14584
92.08378281,nodeproxy,4175,0.0,0.0,16084,6796
92.08378281,containerd,2317,4.5,2.975445876763484,82096,80570
92.08378281,flanneld,3294,0.08,0.0,42000,42084
92.08378281,coredns,4467,0.79,0.9918152922544946,64592,64852
93.092135369,nodestore,2459,6.43,7.933733026803359,20760,12823
93.092135369,nodeapiserver,2782,15.67,18.84261593865798,157536,147951
93.092135369,nodescheduler,3993,0.23,0.0,22960,11934
93.092135369,nodecontroller,3746,1.5,1.9834332567008397,49228,38254
93.092135369,nodelet,3156,1.4,0.9917166283504198,26320,14584
93.092135369,nodeproxy,4175,0.0,0.0,16084,6796
93.092135369,containerd,2317,4.55,4.958583141752099,82096,80570
93.092135369,flanneld,3294,0.08,0.0,42000,42084
93.092135369,coredns,4467,0.79,0.0,64592,64852
94.11664726100003,nodestore,2459,6.51,7.808596525300105,20760,12823
94.11664726100003,nodeapiserver,2782,15.85,17.569342181925236,157476,148011
94.11664726100003,nodescheduler,3993,0.23,0.0,22960,11914
94.11664726100003,nodecontroller,3746,1.52,1.9521491313250263,49228,38342
94.11664726100003,nodelet,3156,1.41,0.9760745656625132,26448,14720
94.11664726100003,nodeproxy,4175,0.0,0.0,16084,6796
94.11664726100003,containerd,2317,4.63,7.808596525300105,82096,80614
94.11664726100003,flanneld,3294,0.09,0.9760745656625132,42000,42084
94.11664726100003,coredns,4467,0.81,1.9521491313250263,64592,64852
95.16416309800002,nodestore,2459,6.59,7.637116039134464,20760,12823
95.16416309800002,nodeapiserver,2782,16.04,18.138150592944353,157580,148039
95.16416309800002,nodescheduler,3993,0.24,0.954639504891808,22960,11874
95.16416309800002,nodecontroller,3746,1.54,1.909279009783616,48968,38010
95.16416309800002,nodelet,3156,1.44,2.863918514675424,26448,14616
95.16416309800002,nodeproxy,4175,0.0,0.0,16084,6796
95.16416309800002,containerd,2317,4.72,8.591755544026272,82224,80922
95.16416309800002,flanneld,3294,0.09,0.0,42000,42084
95.16416309800002,coredns,4467,0.81,0.0,64592,64852
96.172472895,nodestore,2459,6.67,7.9340694931283595,20616,12823
96.172472895,nodeapiserver,2782,16.24,19.8351737328209,157800,148095
96.172472895,nodescheduler,3993,0.24,0.0,22960,11874
96.172472895,nodecontroller,3746,1.56,1.9835173732820899,48968,38026
96.172472895,nodelet,3156,1.46,1.9835173732820899,26320,14616
96.172472895,nodeproxy,4175,0.0,0.0,16084,6796
96.172472895,containerd,2317,4.77,4.958793433205225,82224,80938
96.172472895,flanneld,3294,0.09,0.0,42000,42084
96.172472895,coredns,4467,0.82,0.9917586866410449,64592,64852
97.18026643800005,nodestore,2459,6.75,7.9381338127898875,20616,12823
97.18026643800005,nodeapiserver,2782,16.4,15.876267625579775,157760,148131
97.18026643800005,nodescheduler,3993,0.24,0.0,22960,11882
97.18026643800005,nodecontroller,3746,1.57,0.9922667265987359,48968,38030
97.18026643800005,nodelet,3156,1.47,0.9922667265987359,26320,14616
97.18026643800005,nodeproxy,4175,0.0,0.0,16084,6796
97.18026643800005,containerd,2317,4.79,1.9845334531974719,82224,80937
97.18026643800005,flanneld,3294,0.09,0.0,42000,42084
97.18026643800005,coredns,4467,0.83,0.9922667265987359,64592,64852
98.20872548100004,nodestore,2459,6.83,7.778627699810128,20444,12823
98.20872548100004,nodeapiserver,2782,16.56,15.557255399620256,157756,148183
98.20872548100004,nodescheduler,3993,0.24,0.0,22960,11874
98.20872548100004,nodecontroller,3746,1.59,1.944656924952532,48968,38030
98.20872548100004,nodelet,3156,1.49,1.944656924952532,26444,14620
98.20872548100004,nodeproxy,4175,0.0,0.0,16084,6796
98.20872548100004,containerd,2317,4.86,6.806299237333863,82480,81062
98.20872548100004,flanneld,3294,0.09,0.0,42000,42084
98.20872548100004,coredns,4467,0.84,0.972328462476266,64592,64852
99.21829009500004,nodestore,2459,6.91,7.924208009136908,20444,12823
99.21829009500004,nodeapiserver,2782,16.75,18.819994021700158,157788,148231
99.21829009500004,nodescheduler,3993,0.24,0.0,22960,11874
99.21829009500004,nodecontroller,3746,1.61,1.981052002284227,48968,38046
99.21829009500004,nodelet,3156,1.51,1.981052002284227,26444,14620
99.21829009500004,nodeproxy,4175,0.0,0.0,16084,6796
99.21829009500004,containerd,2317,4.94,7.924208009136908,82480,81062
99.21829009500004,flanneld,3294,0.1,0.9905260011421135,42000,42084
99.21829009500004,coredns,4467,0.84,0.0,64592,64852
100.22551990300002,nodestore,2459,6.99,7.942576695466685,20444,12823
100.22551990300002,nodeapiserver,2782,16.91,15.88515339093337,158000,148303
100.22551990300002,nodescheduler,3993,0.25,0.9928220869333356,22960,11882
100.22551990300002,nodecontroller,3746,1.63,1.9856441738666712,48968,38050
100.22551990300002,nodelet,3156,1.52,0.9928220869333356,26444,14608
100.22551990300002,nodeproxy,4175,0.0,0.0,16084,6796
100.22551990300002,containerd,2317,4.98,3.9712883477333425,82480,81062
100.22551990300002,flanneld,3294,0.1,0.0,42000,42084
100.22551990300002,coredns,4467,0.86,1.9856441738666712,64592,64884
101.246390109,nodestore,2459,7.07,7.83645163996502,20572,12823
101.246390109,nodeapiserver,2782,17.08,16.652459734925667,157996,148335
101.246390109,nodescheduler,3993,0.25,0.0,22960,11874
101.246390109,nodecontroller,3746,1.64,0.9795564549956275,48968,38042
101.246390109,nodelet,3156,1.54,1.959112909991255,26444,14616
101.246390109,nodeproxy,4175,0.0,0.0,16084,6796
101.246390109,containerd,2317,5.01,2.9386693649868825,82480,81066
101.246390109,flanneld,3294,0.1,0.0,42000,42084
101.246390109,coredns,4467,0.86,0.0,64592,64992
102.25809358500004,nodestore,2459,7.16,8.895887197682887,20572,12823
102.25809358500004,nodeapiserver,2782,17.29,20.757070127926735,157992,148363
102.25809358500004,nodescheduler,3993,0.25,0.0,22960,11874
102.25809358500004,nodecontroller,3746,1.66,1.976863821707308,48968,38026
102.25809358500004,nodelet,3156,1.55,0.988431910853654,26444,14616
102.25809358500004,nodeproxy,4175,0.0,0.0,16084,6796
102.25809358500004,containerd,2317,5.09,7.907455286829232,82480,81058
102.25809358500004,flanneld,3294,0.1,0.0,42000,42084
102.25809358500004,coredns,4467,0.87,0.988431910853654,64592,65024
103.26829160400001,nodestore,2459,7.23,6.929334514959283,20568,12823
103.26829160400001,nodeapiserver,2782,17.44,14.848573960627034,158016,148431
103.26829160400001,nodescheduler,3993,0.25,0.0,22960,11882
103.26829160400001,nodecontroller,3746,1.68,1.9798098614169377,48968,38030
103.26829160400001,nodelet,3156,1.57,1.9798098614169377,26444,14604
103.26829160400001,nodeproxy,4175,0.0,0.0,16084,6796
103.26829160400001,containerd,2317,5.13,3.9596197228338754,82480,81058
103.26829160400001,flanneld,3294,0.1,0.0,42000,42088
103.26829160400001,coredns,4467,0.87,0.0,66672,67108
104.27484314400004,nodestore,2459,7.31,7.947928826376585,20568,12823
104.27484314400004,nodeapiserver,2782,17.59,14.902366549456096,158016,148455
104.27484314400004,nodescheduler,3993,0.25,0.0,22960,11874
104.27484314400004,nodecontroller,3746,1.69,0.9934911032970731,48968,38046
104.27484314400004,nodelet,3156,1.58,0.9934911032970731,26444,14592
104.27484314400004,nodeproxy,4175,0.0,0.0,16084,6796
104.27484314400004,containerd,2317,5.15,1.9869822065941463,82480,81062
104.27484314400004,flanneld,3294,0.1,0.0,42000,42088
104.27484314400004,coredns,4467,0.89,1.9869822065941463,66672,67128
105.281158054,nodestore,2459,7.39,7.94979774273675,20696,12823
105.281158054,nodeapiserver,2782,17.78,18.88076963899978,158044,148503
105.281158054,nodescheduler,3993,0.26,0.9937247178420937,22960,11874
105.281158054,nodecontroller,3746,1.71,1.9874494356841874,48968,38058
105.281158054,nodelet,3156,1.6,1.9874494356841874,26572,14620
105.281158054,nodeproxy,4175,0.0,0.0,16084,6796
105.281158054,containerd,2317,5.22,6.956073024894657,82480,81078
105.281158054,flanneld,3294,0.1,0.0,42000,42088
105.281158054,coredns,4467,0.89,0.0,66672,67184
106.28910962000003,nodestore,2459,7.47,7.93688930088904,20696,12823
106.28910962000003,nodeapiserver,2782,17.96,17.85800092700034,158232,148591
106.28910962000003,nodescheduler,3993,0.26,0.0,22960,11882
106.28910962000003,nodecontroller,3746,1.73,1.98422232522226,48968,38058
106.28910962000003,nodelet,3156,1.6,0.0,26572,14620
106.28910962000003,nodeproxy,4175,0.0,0.0,16084,6796
106.28910962000003,containerd,2317,5.25,2.97633348783339,82480,81077
106.28910962000003,flanneld,3294,0.1,0.0,42000,42088
106.28910962000003,coredns,4467,0.9,0.99211116261113,66672,67240
107.30450839600002,nodestore,2459,7.55,7.87867800226709,20696,12823
107.30450839600002,nodeapiserver,2782,18.11,14.772521254250794,158232,148619
107.30450839600002,nodescheduler,3993,0.26,0.0,22960,11874
107.30450839600002,nodecontroller,3746,1.74,0.9848347502833863,48968,38066
107.30450839600002,nodelet,3156,1.62,1.9696695005667726,26572,14556
107.30450839600002,nodeproxy,4175,0.0,0.0,16084,6796
107.30450839600002,containerd,2317,5.3,4.924173751416932,82480,81086
107.30450839600002,flanneld,3294,0.1,0.0,42000,42088
107.30450839600002,coredns,4467,0.92,1.9696695005667726,66672,67300
108.313268564,nodestore,2459,7.63,7.930527248970593,20696,12823
108.313268564,nodeapiserver,2782,18.31,19.826318122426482,158172,148679
108.313268564,nodescheduler,3993,0.26,0.0,22960,11878
108.313268564,nodecontroller,3746,1.76,1.9826318122426483,48968,38074
108.313268564,nodelet,3156,1.65,2.973947718363972,26544,14560
108.313268564,nodeproxy,4175,0.0,0.0,16084,6796
108.313268564,containerd,2317,5.38,7.930527248970593,82480,81110
108.313268564,flanneld,3294,0.1,0.0,42000,42088
108.313268564,coredns,4467,0.92,0.0,66672,67308
109.32684191600003,nodestore,2459,7.7,6.906258916719965,20568,12823
109.32684191600003,nodeapiserver,2782,18.47,15.78573466678849,158360,148779
109.32684191600003,nodescheduler,3993,0.26,0.0,22960,11886
109.32684191600003,nodecontroller,3746,1.78,1.9732168333485613,48968,38074
109.32684191600003,nodelet,3156,1.66,0.9866084166742807,26544,14604
109.32684191600003,nodeproxy,4175,0.0,0.0,16084,6796
109.32684191600003,containerd,2317,5.44,5.919650500045684,82480,81114
109.32684191600003,flanneld,3294,0.11,0.9866084166742807,42000,42092
109.32684191600003,coredns,4467,0.93,0.9866084166742807,66672,67316
110.33849561,nodestore,2459,7.79,8.896324951293414,20568,12823
110.33849561,nodeapiserver,2782,18.63,15.8156888022994,158344,148783
110.33849561,nodescheduler,3993,0.26,0.0,22960,11878
110.33849561,nodecontroller,3746,1.79,0.9884805501437125,48968,38074
110.33849561,nodelet,3156,1.67,0.9884805501437125,26544,14584
110.33849561,nodeproxy,4175,0.0,0.0,16084,6796
110.33849561,containerd,2317,5.46,1.976961100287425,82480,81114
110.33849561,flanneld,3294,0.11,0.0,42000,42092
110.33849561,coredns,4467,0.94,0.9884805501437125,66672,67320
111.34692100899997,nodestore,2459,7.87,7.93315996198961,20404,12823
111.34692100899997,nodeapiserver,2782,18.8,16.85796491922792,158300,148819
111.34692100899997,nodescheduler,3993,0.28,1.9832899904974024,22960,11878
111.34692100899997,nodecontroller,3746,1.81,1.9832899904974024,48968,38078
111.34692100899997,nodelet,3156,1.68,0.9916449952487012,26412,14576
111.34692100899997,nodeproxy,4175,0.0,0.0,16084,6796
111.34692100899997,containerd,2317,5.51,4.958224976243506,82480,81118
111.34692100899997,flanneld,3294,0.11,0.0,42000,42092
111.34692100899997,coredns,4467,0.95,0.9916449952487012,66672,67320
112.35431810400007,nodestore,2459,7.95,7.941257761914825,20396,12823
112.35431810400007,nodeapiserver,2782,18.99,18.860487184547708,158332,148883
112.35431810400007,nodescheduler,3993,0.28,0.0,22960,11886
112.35431810400007,nodecontroller,3746,1.82,0.9926572202393531,48968,38078
112.35431810400007,nodelet,3156,1.7,1.9853144404787062,26412,14584
112.35431810400007,nodeproxy,4175,0.0,0.0,16084,6796
112.35431810400007,containerd,2317,5.58,6.948600541675472,82184,80790
112.35431810400007,flanneld,3294,0.11,0.0,42000,42092
112.35431810400007,coredns,4467,0.96,0.9926572202393531,66672,67320
113.36480712600007,nodestore,2459,8.02,6.927338988943504,20396,12823
113.36480712600007,nodeapiserver,2782,19.12,12.865058122323648,158332,148883
113.36480712600007,nodescheduler,3993,0.28,0.0,22960,11878
113.36480712600007,nodecontroller,3746,1.84,1.979239711126715,48968,38078
113.36480712600007,nodelet,3156,1.71,0.9896198555633575,26412,14584
113.36480712600007,nodeproxy,4175,0.0,0.0,16084,6796
113.36480712600007,containerd,2317,5.6,1.979239711126715,82184,80790
113.36480712600007,flanneld,3294,0.11,0.0,42000,42092
113.36480712600007,coredns,4467,0.97,0.9896198555633575,66672,67320
114.37126584999999,nodestore,2459,8.1,7.9486617873468735,20476,12823
114.37126584999999,nodeapiserver,2782,19.3,17.884489021530467,158552,148979
114.37126584999999,nodescheduler,3993,0.28,0.0,22960,11878
114.37126584999999,nodecontroller,3746,1.86,1.9871654468367184,48968,38098
114.37126584999999,nodelet,3156,1.72,0.9935827234183592,26412,14572
114.37126584999999,nodeproxy,4175,0.0,0.0,16084,6796
114.37126584999999,containerd,2317,5.66,5.961496340510155,82184,80790
114.37126584999999,flanneld,3294,0.11,0.0,42000,42092
114.37126584999999,coredns,4467,0.97,0.0,66672,67320
115.37940761000004,nodestore,2459,8.18,7.9353919432913305,20476,12823
115.37940761000004,nodeapiserver,2782,19.48,17.854631872405495,158784,149167
115.37940761000004,nodescheduler,3993,0.28,0.0,22960,11878
115.37940761000004,nodecontroller,3746,1.87,0.9919239929114163,48968,38098
115.37940761000004,nodelet,3156,1.75,2.9757719787342487,26412,14572
115.37940761000004,nodeproxy,4175,0.0,0.0,16084,6796
115.37940761000004,containerd,2317,5.72,5.951543957468497,82184,80794
115.37940761000004,flanneld,3294,0.11,0.0,42000,42092
115.37940761000004,coredns,4467,0.98,0.9919239929114163,66672,67320
116.39007738999999,nodestore,2459,8.27,8.904985761027207,20476,12823
116.39007738999999,nodeapiserver,2782,19.64,15.831085797381702,158744,149219
116.39007738999999,nodescheduler,3993,0.28,0.0,22960,11886
116.39007738999999,nodecontroller,3746,1.89,1.9788857246727127,48968,38098
116.39007738999999,nodelet,3156,1.75,0.0,26412,14584
116.39007738999999,nodeproxy,4175,0.0,0.0,16084,6796
116.39007738999999,containerd,2317,5.73,0.9894428623363564,82184,80794
116.39007738999999,flanneld,3294,0.11,0.0,42000,42092
116.39007738999999,coredns,4467,0.99,0.9894428623363564,66672,67320
117.422746448,nodestore,2459,8.35,7.746915566051481,20476,12823
117.422746448,nodeapiserver,2782,19.8,15.493831132102962,158700,149259
117.422746448,nodescheduler,3993,0.29,0.9683644457564351,22960,11878
117.422746448,nodecontroller,3746,1.9,0.9683644457564351,48968,38098
117.422746448,nodelet,3156,1.77,1.9367288915128702,26412,14588
117.422746448,nodeproxy,4175,0.0,0.0,16084,6796
117.422746448,containerd,2317,5.8,6.778551120295046,82184,80806
117.422746448,flanneld,3294,0.11,0.0,42000,42092
117.422746448,coredns,4467,1.0,0.9683644457564351,66672,67328
118.43077684499997,nodestore,2459,8.43,7.9362686123444695,20476,12831
118.43077684499997,nodeapiserver,2782,19.99,18.848637954318114,158776,149283
118.43077684499997,nodescheduler,3993,0.29,0.0,22960,11890
118.43077684499997,nodecontroller,3746,1.92,1.9840671530861174,48968,38142
118.43077684499997,nodelet,3156,1.79,1.9840671530861174,26412,14568
118.43077684499997,nodeproxy,4175,0.0,0.0,16084,6796
118.43077684499997,containerd,2317,5.88,7.9362686123444695,82184,80822
118.43077684499997,flanneld,3294,0.12,0.9920335765430587,42000,42092
118.43077684499997,coredns,4467,1.01,0.9920335765430587,66800,67340
119.44382858799997,nodestore,2459,8.5,6.909814872111585,20476,12831
119.44382858799997,nodeapiserver,2782,20.11,11.845396923619859,159332,150051
119.44382858799997,nodescheduler,3993,0.29,0.0,22960,11890
119.44382858799997,nodecontroller,3746,1.93,0.9871164103016549,48968,38142
119.44382858799997,nodelet,3156,1.8,0.9871164103016549,26412,14568
119.44382858799997,nodeproxy,4175,0.0,0.0,16084,6796
119.44382858799997,containerd,2317,5.89,0.9871164103016549,82184,80822
119.44382858799997,flanneld,3294,0.12,0.0,42000,42092
119.44382858799997,coredns,4467,1.02,0.9871164103016549,66928,67372
120.45828831799997,nodestore,2459,8.59,8.871717362304773,20604,12831
120.45828831799997,nodeapiserver,2782,20.3,18.729181098198964,158848,149335
120.45828831799997,nodescheduler,3993,0.29,0.0,22960,11890
120.45828831799997,nodecontroller,3746,1.94,0.9857463735894192,48968,38142
120.45828831799997,nodelet,3156,1.82,1.9714927471788384,26412,14576
120.45828831799997,nodeproxy,4175,0.0,0.0,16084,6796
120.45828831799997,containerd,2317,5.95,5.914478241536515,82184,80838
120.45828831799997,flanneld,3294,0.12,0.0,42000,42092
120.45828831799997,coredns,4467,1.03,0.9857463735894192,66928,67372
121.46434636000004,nodestore,2459,8.68,8.945805931939892,20604,12831
121.46434636000004,nodeapiserver,2782,20.47,16.897633426997576,158980,149411
121.46434636000004,nodescheduler,3993,0.3,0.9939784368822103,22960,11890
121.46434636000004,nodecontroller,3746,1.97,2.9819353106466306,49096,38146
121.46434636000004,nodelet,3156,1.83,0.9939784368822103,26412,14576
121.46434636000004,nodeproxy,4175,0.0,0.0,16084,6796
121.46434636000004,containerd,2317,6.02,6.957849058175473,82184,80834
121.46434636000004,flanneld,3294,0.12,0.0,42000,42092
121.46434636000004,coredns,4467,1.03,0.0,66928,67372
122.47080862899998,nodestore,2459,8.76,7.948633790265296,20604,12831
122.47080862899998,nodeapiserver,2782,20.63,15.897267580530592,159144,149451
122.47080862899998,nodescheduler,3993,0.3,0.0,22960,11898
122.47080862899998,nodecontroller,3746,1.98,0.993579223783162,49096,38146
122.47080862899998,nodelet,3156,1.84,0.993579223783162,26412,14576
122.47080862899998,nodeproxy,4175,0.0,0.0,16084,6796
122.47080862899998,containerd,2317,6.05,2.980737671349486,82184,80838
122.47080862899998,flanneld,3294,0.12,0.0,42000,42092
122.47080862899998,coredns,4467,1.04,0.993579223783162,66928,67372
123.47886912900003,nodestore,2459,8.83,6.944027665005833,20604,12831
123.47886912900003,nodeapiserver,2782,20.78,14.880059282155354,159144,149451
123.47886912900003,nodescheduler,3993,0.3,0.0,22960,11890
123.47886912900003,nodecontroller,3746,2.0,1.9840079042873806,49096,38146
123.47886912900003,nodelet,3156,1.85,0.9920039521436903,26280,14532
123.47886912900003,nodeproxy,4175,0.0,0.0,16084,6796
123.47886912900003,containerd,2317,6.1,4.960019760718451,82184,80838
123.47886912900003,flanneld,3294,0.13,0.9920039521436903,42000,42092
123.47886912900003,coredns,4467,1.04,0.0,66928,67372
124.48969921800006,nodestore,2459,8.93,9.89285945167365,20604,12831
124.48969921800006,nodeapiserver,2782,20.97,18.79643295817993,159180,149512
124.48969921800006,nodescheduler,3993,0.3,0.0,22960,11890
124.48969921800006,nodecontroller,3746,2.01,0.9892859451673649,49096,38136
124.48969921800006,nodelet,3156,1.87,1.9785718903347298,26408,14597
124.48969921800006,nodeproxy,4175,0.0,0.0,16084,6796
124.48969921800006,containerd,2317,6.17,6.925001616171555,82184,80846
124.48969921800006,flanneld,3294,0.13,0.0,42000,42092
124.48969921800006,coredns,4467,1.05,0.9892859451673649,66928,67376
125.50165672499998,nodestore,2459,9.0,6.917286498276408,20604,12831
125.50165672499998,nodeapiserver,2782,21.12,14.822756782020873,159252,149572
125.50165672499998,nodescheduler,3993,0.3,0.0,22960,11902
125.50165672499998,nodecontroller,3746,2.03,1.9763675709361164,49096,38144
125.50165672499998,nodelet,3156,1.87,0.0,26408,14597
125.50165672499998,nodeproxy,4175,0.0,0.0,16084,6796
125.50165672499998,containerd,2317,6.2,2.9645513564041748,82184,80853
125.50165672499998,flanneld,3294,0.13,0.0,42000,42092
125.50165672499998,coredns,4467,1.06,0.9881837854680582,66928,67376
126.52197209400003,nodestore,2459,9.08,7.840713021739789,20604,12831
126.52197209400003,nodeapiserver,2782,21.28,15.681426043479577,159196,149572
126.52197209400003,nodescheduler,3993,0.3,0.0,22960,11894
126.52197209400003,nodecontroller,3746,2.04,0.9800891277174736,49096,38148
126.52197209400003,nodelet,3156,1.89,1.9601782554349472,26408,14593
126.52197209400003,nodeproxy,4175,0.0,0.0,16084,6796
126.52197209400003,containerd,2317,6.24,3.9203565108698943,82184,80862
126.52197209400003,flanneld,3294,0.13,0.0,42000,42092
126.52197209400003,coredns,4467,1.08,1.9601782554349472,66928,67376
127.531653818,nodestore,2459,9.18,9.90411112957848,20604,12831
127.531653818,nodeapiserver,2782,21.47,18.817811146199112,159424,149644
127.531653818,nodescheduler,3993,0.31,0.990411112957848,22960,11894
127.531653818,nodecontroller,3746,2.07,2.971233338873544,49096,38148
127.531653818,nodelet,3156,1.92,2.971233338873544,26408,14597
127.531653818,nodeproxy,4175,0.0,0.0,16084,6796
127.531653818,containerd,2317,6.3,5.942466677747088,82184,80866
127.531653818,flanneld,3294,0.13,0.0,42000,42092
127.531653818,coredns,4467,1.08,0.0,66928,67376
128.55043458900002,nodestore,2459,9.25,6.870958109200349,20604,12883
128.55043458900002,nodeapiserver,2782,21.63,15.705047106743653,159248,149696
128.55043458900002,nodescheduler,3993,0.31,0.0,22960,11902
128.55043458900002,nodecontroller,3746,2.08,0.9815654441714783,49096,38148
128.55043458900002,nodelet,3156,1.92,0.0,26404,14637
128.55043458900002,nodeproxy,4175,0.0,0.0,16084,6796
128.55043458900002,containerd,2317,6.35,4.907827220857392,82184,80886
128.55043458900002,flanneld,3294,0.13,0.0,42000,42092
128.55043458900002,coredns,4467,1.09,0.9815654441714783,66928,67376
129.55789726700004,nodestore,2459,9.32,6.9481482072329745,20448,12831
129.55789726700004,nodeapiserver,2782,21.77,13.896296414465949,159248,149680
129.55789726700004,nodescheduler,3993,0.31,0.0,22960,11898
129.55789726700004,nodecontroller,3746,2.09,0.992592601033282,49096,38148
129.55789726700004,nodelet,3156,1.94,1.985185202066564,26404,14633
129.55789726700004,nodeproxy,4175,0.0,0.0,16084,6796
129.55789726700004,containerd,2317,6.38,2.977777803099846,82184,80886
129.55789726700004,flanneld,3294,0.13,0.0,42000,42092
129.55789726700004,coredns,4467,1.09,0.0,66928,67376
130.56977024399998,nodestore,2459,9.41,8.894397028650506,20448,12811
130.56977024399998,nodeapiserver,2782,21.97,19.765326730334458,159252,149648
130.56977024399998,nodescheduler,3993,0.32,0.9882663365167229,22960,11898
130.56977024399998,nodecontroller,3746,2.11,1.9765326730334458,49096,38172
130.56977024399998,nodelet,3156,1.95,0.9882663365167229,26404,14637
130.56977024399998,nodeproxy,4175,0.0,0.0,16084,6796
130.56977024399998,containerd,2317,6.46,7.906130692133783,82184,80890
130.56977024399998,flanneld,3294,0.13,0.0,42000,42092
130.56977024399998,coredns,4467,1.11,1.9765326730334458,66928,67380
131.58328634600002,nodestore,2459,9.5,8.879977320774374,20536,12831
131.58328634600002,nodeapiserver,2782,22.15,17.75995464154875,159376,149616
131.58328634600002,nodescheduler,3993,0.32,0.0,22960,11906
131.58328634600002,nodecontroller,3746,2.13,1.9733282935054166,48772,37776
131.58328634600002,nodelet,3156,1.97,1.9733282935054166,26404,14629
131.58328634600002,nodeproxy,4175,0.0,0.0,16084,6796
131.58328634600002,containerd,2317,6.49,2.9599924402581252,82184,80894
131.58328634600002,flanneld,3294,0.13,0.0,42000,42092
131.58328634600002,coredns,4467,1.11,0.0,66928,67388
132.61811286400007,nodestore,2459,9.58,7.730764394655424,20536,12831
132.61811286400007,nodeapiserver,2782,22.28,12.562492141315063,159376,149616
132.61811286400007,nodescheduler,3993,0.32,0.0,22960,11906
132.61811286400007,nodecontroller,3746,2.14,0.966345549331928,48620,37620
132.61811286400007,nodelet,3156,1.98,0.966345549331928,26404,14625
132.61811286400007,nodeproxy,4175,0.0,0.0,16084,6796
132.61811286400007,containerd,2317,6.51,1.932691098663856,82184,80894
132.61811286400007,flanneld,3294,0.13,0.0,42000,42092
132.61811286400007,coredns,4467,1.13,1.932691098663856,66928,67388
133.62528569300002,nodestore,2459,9.65,6.950147778460682,20536,12831
133.62528569300002,nodeapiserver,2782,22.46,17.87180857318461,159340,149700
133.62528569300002,nodescheduler,3993,0.32,0.0,22960,11914
133.62528569300002,nodecontroller,3746,2.15,0.9928782540658115,48620,37716
133.62528569300002,nodelet,3156,2.0,1.985756508131623,26404,14625
133.62528569300002,nodeproxy,4175,0.0,0.0,16084,6796
133.62528569300002,containerd,2317,6.55,3.971513016263246,82184,80886
133.62528569300002,flanneld,3294,0.13,0.0,42000,42092
133.62528569300002,coredns,4467,1.13,0.0,66928,67388
134.644952342,nodestore,2459,9.75,9.807126681849656,20508,12831
134.644952342,nodeapiserver,2782,22.62,15.691402690959448,159352,149720
134.644952342,nodescheduler,3993,0.33,0.9807126681849655,22960,11922
134.644952342,nodecontroller,3746,2.17,1.961425336369931,48620,37828
134.644952342,nodelet,3156,2.01,0.9807126681849655,26404,14629
134.644952342,nodeproxy,4175,0.0,0.0,16084,6796
134.644952342,containerd,2317,6.61,5.884276009109793,82184,80886
134.644952342,flanneld,3294,0.13,0.0,42000,42092
134.644952342,coredns,4467,1.14,0.9807126681849655,66928,67388
135.65936917199997,nodestore,2459,9.81,5.9147283666421835,20508,12831
135.65936917199997,nodeapiserver,2782,22.74,11.829456733284367,159352,149720
135.65936917199997,nodescheduler,3993,0.33,0.0,22960,11922
135.65936917199997,nodecontroller,3746,2.17,0.0,48620,37812
135.65936917199997,nodelet,3156,2.02,0.9857880611070305,26404,14629
135.65936917199997,nodeproxy,4175,0.0,0.0,16084,6796
135.65936917199997,containerd,2317,6.62,0.9857880611070305,82184,80886
135.65936917199997,flanneld,3294,0.13,0.0,42000,42092
135.65936917199997,coredns,4467,1.14,0.0,66928,67388
136.67068271200003,nodestore,2459,9.89,7.910504194376281,20508,12831
136.67068271200003,nodeapiserver,2782,22.92,17.79863443734663,159368,149752
136.67068271200003,nodescheduler,3993,0.33,0.0,22960,11930
136.67068271200003,nodecontroller,3746,2.19,1.9776260485940702,48748,37964
136.67068271200003,nodelet,3156,2.03,0.9888130242970351,26404,14629
136.67068271200003,nodeproxy,4175,0.0,0.0,16084,6796
136.67068271200003,containerd,2317,6.66,3.9552520971881404,82184,80890
136.67068271200003,flanneld,3294,0.13,0.0,42000,42092
136.67068271200003,coredns,4467,1.16,1.9776260485940702,66928,67400
137.67429658599997,nodestore,2459,9.99,9.963991390577977,20492,12831
137.67429658599997,nodeapiserver,2782,23.1,17.935184503040357,159608,149860
137.67429658599997,nodescheduler,3993,0.33,0.0,22960,11958
137.67429658599997,nodecontroller,3746,2.2,0.9963991390577976,48876,38124
137.67429658599997,nodelet,3156,2.05,1.9927982781155953,26404,14629
137.67429658599997,nodeproxy,4175,0.0,0.0,16084,6796
137.67429658599997,containerd,2317,6.71,4.981995695288989,82184,80894
137.67429658599997,flanneld,3294,0.13,0.0,42000,42092
137.67429658599997,coredns,4467,1.16,0.0,66928,67400
138.68713020999996,nodestore,2459,10.06,6.911302936759565,20348,12831
138.68713020999996,nodeapiserver,2782,23.23,12.835276882553476,159588,149900
138.68713020999996,nodescheduler,3993,0.33,0.0,22960,11958
138.68713020999996,nodecontroller,3746,2.21,0.9873289909656521,48876,38108
138.68713020999996,nodelet,3156,2.05,0.0,26516,14649
138.68713020999996,nodeproxy,4175,0.0,0.0,16084,6796
138.68713020999996,containerd,2317,6.74,2.9619869728969563,82184,80990
138.68713020999996,flanneld,3294,0.14,0.9873289909656521,42000,42092
138.68713020999996,coredns,4467,1.17,0.9873289909656521,66928,67400
139.69352046200004,nodestore,2459,10.15,8.942852916265469,20464,12831
139.69352046200004,nodeapiserver,2782,23.43,19.87300648058993,159700,149924
139.69352046200004,nodescheduler,3993,0.33,0.0,22960,11974
139.69352046200004,nodecontroller,3746,2.22,0.9936503240294965,49004,38260
139.69352046200004,nodelet,3156,2.07,1.987300648058993,26516,14689
139.69352046200004,nodeproxy,4175,0.0,0.0,16084,6796
139.69352046200004,containerd,2317,6.78,3.974601296117986,82312,81126
139.69352046200004,flanneld,3294,0.14,0.0,42000,42092
139.69352046200004,coredns,4467,1.18,0.9936503240294965,66928,67400
140.699851836,nodestore,2459,10.24,8.943376140830123,20592,12831
140.699851836,nodeapiserver,2782,23.6,16.89304382156801,159524,149980
140.699851836,nodescheduler,3993,0.33,0.0,22960,11998
140.699851836,nodecontroller,3746,2.24,1.9874169201844718,49260,38480
140.699851836,nodelet,3156,2.09,1.9874169201844718,26516,14661
140.699851836,nodeproxy,4175,0.0,0.0,16084,6796
140.699851836,containerd,2317,6.83,4.96854230046118,82312,81138
140.699851836,flanneld,3294,0.14,0.0,42000,42092
140.699851836,coredns,4467,1.19,0.9937084600922359,66928,67400
141.70814209800005,nodestore,2459,10.31,6.942445309463464,20592,12831
141.70814209800005,nodeapiserver,2782,23.74,13.884890618926928,159456,149984
141.70814209800005,nodescheduler,3993,0.33,0.0,22960,11998
141.70814209800005,nodecontroller,3746,2.25,0.9917779013519233,49260,38480
141.70814209800005,nodelet,3156,2.09,0.0,26516,14661
141.70814209800005,nodeproxy,4175,0.0,0.0,16084,6796
141.70814209800005,containerd,2317,6.84,0.9917779013519233,82312,81138
141.70814209800005,flanneld,3294,0.14,0.0,42000,42092
141.70814209800005,coredns,4467,1.19,0.0,66928,67400
142.716143074,nodestore,2459,10.39,7.93650025196048,20564,12831
142.716143074,nodeapiserver,2782,23.91,16.865063035416018,159516,150032
142.716143074,nodescheduler,3993,0.33,0.0,22960,12010
142.716143074,nodecontroller,3746,2.27,1.98412506299012,49388,38696
142.716143074,nodelet,3156,2.11,1.98412506299012,26516,14661
142.716143074,nodeproxy,4175,0.0,0.0,16084,6796
142.716143074,containerd,2317,6.89,4.9603126574753,82312,81138
142.716143074,flanneld,3294,0.14,0.0,42000,42092
142.716143074,coredns,4467,1.21,1.98412506299012,66928,67404
143.72117309500004,nodestore,2459,10.48,8.954956381347392,20432,12835
143.72117309500004,nodeapiserver,2782,24.08,16.91491760921174,159544,150088
143.72117309500004,nodescheduler,3993,0.33,0.0,22960,12030
143.72117309500004,nodecontroller,3746,2.28,0.9949951534830436,49772,39048
143.72117309500004,nodelet,3156,2.12,0.9949951534830436,26516,14661
143.72117309500004,nodeproxy,4175,0.0,0.0,16084,6796
143.72117309500004,containerd,2317,6.94,4.974975767415218,82312,81142
143.72117309500004,flanneld,3294,0.14,0.0,42000,42092
143.72117309500004,coredns,4467,1.21,0.0,66928,67404
144.72891047400003,nodestore,2459,10.55,6.946254198634883,20432,12831
144.72891047400003,nodeapiserver,2782,24.2,11.907864340516943,159544,150088
144.72891047400003,nodescheduler,3993,0.33,0.0,22960,12030
144.72891047400003,nodecontroller,3746,2.29,0.9923220283764118,49772,39048
144.72891047400003,nodelet,3156,2.12,0.0,26516,14661
144.72891047400003,nodeproxy,4175,0.0,0.0,16084,6796
144.72891047400003,containerd,2317,6.94,0.0,82312,81142
144.72891047400003,flanneld,3294,0.14,0.0,42000,42092
144.72891047400003,coredns,4467,1.23,1.9846440567528236,66768,67148
145.737339077,nodestore,2459,10.64,8.924776601165354,20432,12831
145.737339077,nodeapiserver,2782,24.38,17.849553202330707,159700,150144
145.737339077,nodescheduler,3993,0.34,0.9916418445739281,22960,12038
145.737339077,nodecontroller,3746,2.32,2.9749255337217844,49900,39172
145.737339077,nodelet,3156,2.14,1.9832836891478562,26516,14641
145.737339077,nodeproxy,4175,0.0,0.0,16084,6796
145.737339077,containerd,2317,7.0,5.949851067443569,82440,81406
145.737339077,flanneld,3294,0.14,0.0,42000,42092
145.737339077,coredns,4467,1.24,0.9916418445739281,66768,67148
146.747272878,nodestore,2459,10.72,7.921311270183037,20544,12811
146.747272878,nodeapiserver,2782,24.57,18.813114266684714,159792,150208
146.747272878,nodescheduler,3993,0.35,0.9901639087728796,22960,12042
146.747272878,nodecontroller,3746,2.33,0.9901639087728796,50028,39376
146.747272878,nodelet,3156,2.16,1.9803278175457593,26516,14665
146.747272878,nodeproxy,4175,0.0,0.0,16084,6796
146.747272878,containerd,2317,7.05,4.950819543864398,82824,81490
146.747272878,flanneld,3294,0.14,0.0,42000,42092
146.747272878,coredns,4467,1.25,0.9901639087728796,66896,67156
147.756012768,nodestore,2459,10.8,7.930686670871991,20404,12811
147.756012768,nodeapiserver,2782,24.7,12.887365840166986,159776,150208
147.756012768,nodescheduler,3993,0.35,0.0,22960,12042
147.756012768,nodecontroller,3746,2.34,0.9913358338589989,50028,39376
147.756012768,nodelet,3156,2.17,0.9913358338589989,26516,14677
147.756012768,nodeproxy,4175,0.0,0.0,16084,6796
147.756012768,containerd,2317,7.05,0.0,82824,81490
147.756012768,flanneld,3294,0.14,0.0,42000,42092
147.756012768,coredns,4467,1.25,0.0,66896,67156
148.77204501900007,nodestore,2459,10.89,8.857986536491726,20488,12831
148.77204501900007,nodeapiserver,2782,24.9,19.68441452553717,159892,150404
148.77204501900007,nodescheduler,3993,0.35,0.0,22960,12066
148.77204501900007,nodecontroller,3746,2.35,0.9842207262768585,50412,39604
148.77204501900007,nodelet,3156,2.19,1.968441452553717,26752,14709
148.77204501900007,nodeproxy,4175,0.0,0.0,16084,6796
148.77204501900007,containerd,2317,7.13,7.873765810214868,84616,83438
148.77204501900007,flanneld,3294,0.14,0.0,42000,42092
148.77204501900007,coredns,4467,1.26,0.9842207262768585,66896,67156
149.782931223,nodestore,2459,10.98,8.903079262916464,20488,12831
149.782931223,nodeapiserver,2782,25.09,18.79538955504587,160020,150480
149.782931223,nodescheduler,3993,0.35,0.0,22960,12074
149.782931223,nodecontroller,3746,2.38,2.9676930876388212,50668,39876
149.782931223,nodelet,3156,2.2,0.9892310292129404,26752,14673
149.782931223,nodeproxy,4175,0.0,0.0,16084,6796
149.782931223,containerd,2317,7.17,3.9569241168517615,84744,83570
149.782931223,flanneld,3294,0.14,0.0,42000,42092
149.782931223,coredns,4467,1.27,0.9892310292129404,66896,67156
150.793716078,nodestore,2459,11.05,6.925311519433105,20324,12831
150.793716078,nodeapiserver,2782,25.21,11.871962604742464,160008,150488
150.793716078,nodescheduler,3993,0.35,0.0,22960,12074
150.793716078,nodecontroller,3746,2.38,0.0,50668,39888
150.793716078,nodelet,3156,2.21,0.989330217061872,26752,14673
150.793716078,nodeproxy,4175,0.0,0.0,16084,6796
150.793716078,containerd,2317,7.18,0.989330217061872,84744,83570
150.793716078,flanneld,3294,0.14,0.0,42000,42092
150.793716078,coredns,4467,1.27,0.0,66896,67156
151.80237142,nodestore,2459,11.13,7.931351440758068,20580,12831
151.80237142,nodeapiserver,2782,25.38,16.854121811610895,160288,150560
151.80237142,nodescheduler,3993,0.35,0.0,22960,12094
151.80237142,nodecontroller,3746,2.4,1.982837860189517,50924,40176
151.80237142,nodelet,3156,2.22,0.9914189300947585,26752,14677
151.80237142,nodeproxy,4175,0.0,0.0,16084,6796
151.80237142,containerd,2317,7.24,5.948513580568551,85384,84090
151.80237142,flanneld,3294,0.14,0.0,42000,42092
151.80237142,coredns,4467,1.29,1.982837860189517,66896,67156
152.82085504100007,nodestore,2459,11.25,11.782221876299548,20548,12831
152.82085504100007,nodeapiserver,2782,25.72,33.38296198284872,160336,150764
152.82085504100007,nodescheduler,3993,0.37,1.9637036460499249,22960,11974
152.82085504100007,nodecontroller,3746,2.46,5.891110938149774,50792,39476
152.82085504100007,nodelet,3156,2.28,5.891110938149774,26728,14885
152.82085504100007,nodeproxy,4175,0.0,0.0,16084,6796
152.82085504100007,containerd,2317,7.51,26.509999221673983,83704,82386
152.82085504100007,flanneld,3294,0.15,0.9818518230249624,42000,42092
152.82085504100007,coredns,4467,1.3,0.9818518230249624,66896,67156
153.82827722000002,nodestore,2459,11.33,7.9410600310006005,20548,12899
153.82827722000002,nodeapiserver,2782,25.87,14.889487558126126,160336,150768
153.82827722000002,nodescheduler,3993,0.37,0.0,22824,11938
153.82827722000002,nodecontroller,3746,2.47,0.9926325038750751,50480,39300
153.82827722000002,nodelet,3156,2.29,0.9926325038750751,26728,14833
153.82827722000002,nodeproxy,4175,0.0,0.0,16084,6796
153.82827722000002,containerd,2317,7.54,2.977897511625225,83704,82386
153.82827722000002,flanneld,3294,0.15,0.0,42000,42092
153.82827722000002,coredns,4467,1.3,0.0,66896,67156
154.83863089700003,nodestore,2459,11.41,7.918019384809846,20548,12831
154.83863089700003,nodeapiserver,2782,26.05,17.815543615822154,160492,150900
154.83863089700003,nodescheduler,3993,0.37,0.0,22824,11910
154.83863089700003,nodecontroller,3746,2.49,1.9795048462024616,50480,39304
154.83863089700003,nodelet,3156,2.31,1.9795048462024616,26728,14837
154.83863089700003,nodeproxy,4175,0.0,0.0,16084,6796
154.83863089700003,containerd,2317,7.61,6.9282669617086166,82620,81298
154.83863089700003,flanneld,3294,0.15,0.0,42000,42092
154.83863089700003,coredns,4467,1.31,0.9897524231012308,66896,67156
155.84617780100007,nodestore,2459,11.5,8.932586626259603,20420,12831
155.84617780100007,nodeapiserver,2782,26.21,15.880154002239294,160604,150968
155.84617780100007,nodescheduler,3993,0.37,0.0,22692,11902
155.84617780100007,nodecontroller,3746,2.5,0.9925096251399559,50480,39308
155.84617780100007,nodelet,3156,2.32,0.9925096251399559,26728,14833
155.84617780100007,nodeproxy,4175,0.0,0.0,16084,6796
155.84617780100007,containerd,2317,7.65,3.9700385005598235,82620,81298
155.84617780100007,flanneld,3294,0.15,0.0,42000,42092
155.84617780100007,coredns,4467,1.31,0.0,66896,67164
156.85322437900004,nodestore,2459,11.58,7.944021830537634,20420,12831
156.85322437900004,nodeapiserver,2782,26.36,14.895040932258064,160604,151008
156.85322437900004,nodescheduler,3993,0.37,0.0,22692,11894
156.85322437900004,nodecontroller,3746,2.52,1.9860054576344086,50480,39320
156.85322437900004,nodelet,3156,2.33,0.9930027288172043,26728,14829
156.85322437900004,nodeproxy,4175,0.0,0.0,16084,6796
156.85322437900004,containerd,2317,7.68,2.979008186451613,82620,81310
156.85322437900004,flanneld,3294,0.15,0.0,42000,42092
156.85322437900004,coredns,4467,1.33,1.9860054576344086,66896,67172
157.85756710700002,nodestore,2459,11.67,8.961084447658937,20544,12831
157.85756710700002,nodeapiserver,2782,26.54,17.922168895317874,160752,151152
157.85756710700002,nodescheduler,3993,0.38,0.9956760497398819,22692,11894
157.85756710700002,nodecontroller,3746,2.54,1.9913520994797638,50348,39212
157.85756710700002,nodelet,3156,2.35,1.9913520994797638,26728,14837
157.85756710700002,nodeproxy,4175,0.0,0.0,16084,6796
157.85756710700002,containerd,2317,7.75,6.969732348179174,82360,80986
157.85756710700002,flanneld,3294,0.15,0.0,42000,42092
157.85756710700002,coredns,4467,1.33,0.0,66896,67172
158.86410033800007,nodestore,2459,11.75,7.948073400469392,20544,12831
158.86410033800007,nodeapiserver,2782,26.71,16.889655975997456,160832,151304
158.86410033800007,nodescheduler,3993,0.38,0.0,22692,11902
158.86410033800007,nodecontroller,3746,2.55,0.993509175058674,50348,39212
158.86410033800007,nodelet,3156,2.37,1.987018350117348,26856,14901
158.86410033800007,nodeproxy,4175,0.0,0.0,16084,6796
158.86410033800007,containerd,2317,7.81,5.961055050352044,82360,80986
158.86410033800007,flanneld,3294,0.15,0.0,42000,42092
158.86410033800007,coredns,4467,1.34,0.993509175058674,66896,67172
159.872730251,nodestore,2459,11.83,7.931551401450957,20544,12859
159.872730251,nodeapiserver,2782,26.86,14.871658877720545,160832,151304
159.872730251,nodescheduler,3993,0.38,0.0,22692,11894
159.872730251,nodecontroller,3746,2.57,1.9828878503627392,50348,39228
159.872730251,nodelet,3156,2.38,0.9914439251813696,26856,14885
159.872730251,nodeproxy,4175,0.0,0.0,16084,6796
159.872730251,containerd,2317,7.84,2.9743317755441088,82360,80986
159.872730251,flanneld,3294,0.15,0.0,42000,42092
159.872730251,coredns,4467,1.35,0.9914439251813696,66896,67172
160.88350638500003,nodestore,2459,11.92,8.904048777233768,20544,12831
160.88350638500003,nodeapiserver,2782,27.07,20.77611381354546,160852,151392
160.88350638500003,nodescheduler,3993,0.38,0.0,22692,11894
160.88350638500003,nodecontroller,3746,2.59,1.9786775060519486,50476,39256
160.88350638500003,nodelet,3156,2.4,1.9786775060519486,26708,14837
160.88350638500003,nodeproxy,4175,0.0,0.0,16084,6796
160.88350638500003,containerd,2317,7.91,6.925371271181821,82360,80978
160.88350638500003,flanneld,3294,0.15,0.0,42000,42092
160.88350638500003,coredns,4467,1.36,0.9893387530259743,66896,67180
161.89147831000002,nodestore,2459,12.02,9.9209112396658,20544,12831
161.89147831000002,nodeapiserver,2782,27.23,15.873457983465281,160988,151536
161.89147831000002,nodescheduler,3993,0.38,0.0,22692,11902
161.89147831000002,nodecontroller,3746,2.6,0.9920911239665801,50332,39248
161.89147831000002,nodelet,3156,2.42,1.9841822479331601,26708,14861
161.89147831000002,nodeproxy,4175,0.0,0.0,16084,6796
161.89147831000002,containerd,2317,7.95,3.9683644958663202,82360,80974
161.89147831000002,flanneld,3294,0.15,0.0,42000,42092
161.89147831000002,coredns,4467,1.37,0.9920911239665801,66896,67180
162.90855077800006,nodestore,2459,12.09,6.882498760156923,20544,12883
162.90855077800006,nodeapiserver,2782,27.38,14.748211628907692,161064,151540
162.90855077800006,nodescheduler,3993,0.38,0.0,22692,11890
162.90855077800006,nodecontroller,3746,2.61,0.9832141085938461,50332,39248
162.90855077800006,nodelet,3156,2.42,0.0,26708,14857
162.90855077800006,nodeproxy,4175,0.0,0.0,16084,6796
162.90855077800006,containerd,2317,7.98,2.949642325781538,82360,80974
162.90855077800006,flanneld,3294,0.15,0.0,42000,42092
162.90855077800006,coredns,4467,1.38,0.9832141085938461,66896,67180
163.91537208800003,nodestore,2459,12.18,8.939024145208371,20544,12831
163.91537208800003,nodeapiserver,2782,27.56,17.878048290416743,161240,151620
163.91537208800003,nodescheduler,3993,0.39,0.9932249050231524,22692,11890
163.91537208800003,nodecontroller,3746,2.63,1.9864498100463048,50332,39248
163.91537208800003,nodelet,3156,2.44,1.9864498100463048,26708,14873
163.91537208800003,nodeproxy,4175,0.0,0.0,16084,6796
163.91537208800003,containerd,2317,8.05,6.952574335162067,82232,80966
163.91537208800003,flanneld,3294,0.16,0.9932249050231524,42000,42092
163.91537208800003,coredns,4467,1.38,0.0,66896,67180
164.93729466800005,nodestore,2459,12.28,9.785477095534747,20536,12831
164.93729466800005,nodeapiserver,2782,27.74,17.61385877196254,161248,151700
164.93729466800005,nodescheduler,3993,0.4,0.9785477095534746,22692,11890
164.93729466800005,nodecontroller,3746,2.65,1.9570954191069492,50332,39248
164.93729466800005,nodelet,3156,2.46,1.9570954191069492,26836,14857
164.93729466800005,nodeproxy,4175,0.0,0.0,16084,6796
164.93729466800005,containerd,2317,8.09,3.9141908382138983,82232,80966
164.93729466800005,flanneld,3294,0.16,0.0,42000,42092
164.93729466800005,coredns,4467,1.39,0.9785477095534746,66896,67180
165.959244486,nodestore,2459,12.36,7.828173026789929,20536,12831
165.959244486,nodeapiserver,2782,27.88,13.699302796882376,161248,151700
165.959244486,nodescheduler,3993,0.4,0.0,22692,11882
165.959244486,nodecontroller,3746,2.67,1.9570432566974822,50332,39248
165.959244486,nodelet,3156,2.46,0.0,26836,14841
165.959244486,nodeproxy,4175,0.0,0.0,16084,6796
165.959244486,containerd,2317,8.11,1.9570432566974822,82232,80966
165.959244486,flanneld,3294,0.16,0.0,42000,42092
165.959244486,coredns,4467,1.4,0.9785216283487411,66896,67180
166.96814546000007,nodestore,2459,12.45,8.920597989232633,20536,12831
166.96814546000007,nodeapiserver,2782,28.07,18.832373532824445,161400,151748
166.96814546000007,nodescheduler,3993,0.4,0.0,22692,11882
166.96814546000007,nodecontroller,3746,2.68,0.9911775543591814,50332,39248
166.96814546000007,nodelet,3156,2.48,1.9823551087183628,26836,14841
166.96814546000007,nodeproxy,4175,0.0,0.0,16084,6796
166.96814546000007,containerd,2317,8.18,6.93824288051427,82232,80962
166.96814546000007,flanneld,3294,0.16,0.0,42000,42092
166.96814546000007,coredns,4467,1.41,0.9911775543591814,66896,67184
167.97526323700004,nodestore,2459,12.54,8.936392749226924,20536,12831
167.97526323700004,nodeapiserver,2782,28.25,17.872785498453847,161396,151824
167.97526323700004,nodescheduler,3993,0.4,0.0,22692,11890
167.97526323700004,nodecontroller,3746,2.7,1.985865055383761,50332,39248
167.97526323700004,nodelet,3156,2.5,1.985865055383761,26836,14857
167.97526323700004,nodeproxy,4175,0.0,0.0,16084,6796
167.97526323700004,containerd,2317,8.22,3.971730110767522,82232,80962
167.97526323700004,flanneld,3294,0.16,0.0,42000,42092
167.97526323700004,coredns,4467,1.41,0.0,66896,67184
168.98812546,nodestore,2459,12.63,8.885710016257944,20536,12831
168.98812546,nodeapiserver,2782,28.38,12.834914467928142,161488,151848
168.98812546,nodescheduler,3993,0.4,0.0,22692,11882
168.98812546,nodecontroller,3746,2.71,0.9873011129175493,50332,39232
168.98812546,nodelet,3156,2.52,1.9746022258350986,26952,14865
168.98812546,nodeproxy,4175,0.0,0.0,16084,6796
168.98812546,containerd,2317,8.27,4.936505564587747,82360,81114
168.98812546,flanneld,3294,0.16,0.0,42000,42092
168.98812546,coredns,4467,1.43,1.9746022258350986,66896,67188
170.008267143,nodestore,2459,12.72,8.822303950499222,20508,12831
170.008267143,nodeapiserver,2782,28.58,19.60511988999827,161544,151884
170.008267143,nodescheduler,3993,0.41,0.9802559944999135,22820,11882
170.008267143,nodecontroller,3746,2.73,1.960511988999827,50332,39256
170.008267143,nodelet,3156,2.53,0.9802559944999135,26820,14869
170.008267143,nodeproxy,4175,0.0,0.0,16084,6796
170.008267143,containerd,2317,8.32,4.901279972499568,82360,81118
170.008267143,flanneld,3294,0.16,0.0,42000,42092
170.008267143,coredns,4467,1.43,0.0,66896,67188
171.01352705500005,nodestore,2459,12.81,8.952908489202365,20508,12831
171.01352705500005,nodeapiserver,2782,28.76,17.90581697840473,161544,151960
171.01352705500005,nodescheduler,3993,0.41,0.0,22820,11890
171.01352705500005,nodecontroller,3746,2.74,0.9947676099113738,50332,39260
171.01352705500005,nodelet,3156,2.55,1.9895352198227476,26820,14849
171.01352705500005,nodeproxy,4175,0.0,0.0,16084,6796
171.01352705500005,containerd,2317,8.39,6.963373269379617,82360,81182
171.01352705500005,flanneld,3294,0.16,0.0,42000,42092
171.01352705500005,coredns,4467,1.44,0.9947676099113738,66896,67192
172.024713174,nodestore,2459,12.89,7.911501008253496,20508,12831
172.024713174,nodeapiserver,2782,28.89,12.85618913841193,161628,151968
172.024713174,nodescheduler,3993,0.41,0.0,22820,11882
172.024713174,nodecontroller,3746,2.76,1.977875252063374,50332,39260
172.024713174,nodelet,3156,2.55,0.0,26820,14849
172.024713174,nodeproxy,4175,0.0,0.0,16084,6796
172.024713174,containerd,2317,8.41,1.977875252063374,82360,81186
172.024713174,flanneld,3294,0.16,0.0,42000,42092
172.024713174,coredns,4467,1.45,0.988937626031687,66896,67192
173.059268826,nodestore,2459,12.99,9.665985566526151,20468,12831
173.059268826,nodeapiserver,2782,29.09,19.331971133052303,161688,152004
173.059268826,nodescheduler,3993,0.41,0.0,22820,11882
173.059268826,nodecontroller,3746,2.78,1.9331971133052304,50332,39240
173.059268826,nodelet,3156,2.57,1.9331971133052304,26820,14849
173.059268826,nodeproxy,4175,0.0,0.0,16084,6796
173.059268826,containerd,2317,8.46,4.832992783263076,82360,81178
173.059268826,flanneld,3294,0.16,0.0,42000,42092
173.059268826,coredns,4467,1.46,0.9665985566526152,66896,67192
174.06631712,nodestore,2459,13.08,8.937009330755957,20468,12831
174.06631712,nodeapiserver,2782,29.26,16.881017624761252,161720,152096
174.06631712,nodescheduler,3993,0.41,0.0,22820,11882
174.06631712,nodecontroller,3746,2.79,0.9930010367506619,50332,39260
174.06631712,nodelet,3156,2.59,1.9860020735013237,26820,14849
174.06631712,nodeproxy,4175,0.0,0.0,16084,6796
174.06631712,containerd,2317,8.54,7.944008294005295,82360,81178
174.06631712,flanneld,3294,0.16,0.0,42000,42092
174.06631712,coredns,4467,1.47,0.9930010367506619,66896,67192
175.07374982400006,nodestore,2459,13.16,7.940977067982481,20468,12831
175.07374982400006,nodeapiserver,2782,29.41,14.889332002467151,161656,152124
175.07374982400006,nodescheduler,3993,0.41,0.0,22820,11890
175.07374982400006,nodecontroller,3746,2.8,0.9926221334978101,50332,39260
175.07374982400006,nodelet,3156,2.6,0.9926221334978101,26820,14849
175.07374982400006,nodeproxy,4175,0.0,0.0,16084,6796
175.07374982400006,containerd,2317,8.56,1.9852442669956203,82360,81178
175.07374982400006,flanneld,3294,0.16,0.0,42000,42092
175.07374982400006,coredns,4467,1.47,0.0,66896,67192
176.105896389,nodestore,2459,13.25,8.719691858879026,20440,12831
176.105896389,nodeapiserver,2782,29.59,17.43938371775805,161656,152108
176.105896389,nodescheduler,3993,0.42,0.9688546509865585,22820,11882
176.105896389,nodecontroller,3746,2.83,2.9065639529596754,49096,37916
176.105896389,nodelet,3156,2.61,0.9688546509865585,26820,14817
176.105896389,nodeproxy,4175,0.0,0.0,16084,6796
176.105896389,containerd,2317,8.61,4.8442732549327925,82360,81182
176.105896389,flanneld,3294,0.16,0.0,42000,42092
176.105896389,coredns,4467,1.48,0.9688546509865585,66896,67192
177.11326801300004,nodestore,2459,13.36,10.919505511105879,20396,12831
177.11326801300004,nodeapiserver,2782,29.76,16.87559942625454,161528,151988
177.11326801300004,nodescheduler,3993,0.42,0.0,22820,11890
177.11326801300004,nodecontroller,3746,2.84,0.9926823191914435,49096,37924
177.11326801300004,nodelet,3156,2.63,1.985364638382887,26820,14821
177.11326801300004,nodeproxy,4175,0.0,0.0,16084,6796
177.11326801300004,containerd,2317,8.66,4.963411595957218,82360,81182
177.11326801300004,flanneld,3294,0.16,0.0,42000,42092
177.11326801300004,coredns,4467,1.5,1.985364638382887,66896,67192
178.122279145,nodestore,2459,13.45,8.919624089935612,20524,12831
178.122279145,nodeapiserver,2782,29.94,17.839248179871223,161764,152144
178.122279145,nodescheduler,3993,0.42,0.0,22820,11898
178.122279145,nodecontroller,3746,2.87,2.973208029978537,49096,38012
178.122279145,nodelet,3156,2.64,0.991069343326179,26940,14865
178.122279145,nodeproxy,4175,0.0,0.0,16084,6796
178.122279145,containerd,2317,8.69,2.973208029978537,82360,81182
178.122279145,flanneld,3294,0.17,0.991069343326179,42000,42092
178.122279145,coredns,4467,1.5,0.0,66896,67192
179.13383513200006,nodestore,2459,13.54,8.897184254418752,20524,12831
179.13383513200006,nodeapiserver,2782,30.09,14.828640424031253,161764,152132
179.13383513200006,nodescheduler,3993,0.42,0.0,22820,11906
179.13383513200006,nodecontroller,3746,2.88,0.9885760282687502,49096,38024
179.13383513200006,nodelet,3156,2.66,1.9771520565375005,26940,14877
179.13383513200006,nodeproxy,4175,0.0,0.0,16084,6796
179.13383513200006,containerd,2317,8.73,3.954304113075001,82360,81182
179.13383513200006,flanneld,3294,0.17,0.0,42000,42092
179.13383513200006,coredns,4467,1.51,0.9885760282687502,66896,67192
180.14102489900006,nodestore,2459,13.63,8.935754010693797,20480,12831
180.14102489900006,nodeapiserver,2782,30.26,16.87864646464384,161800,152156
180.14102489900006,nodescheduler,3993,0.42,0.0,22820,11914
180.14102489900006,nodecontroller,3746,2.89,0.9928615567437553,49096,38160
180.14102489900006,nodelet,3156,2.67,0.9928615567437553,26796,14849
180.14102489900006,nodeproxy,4175,0.0,0.0,16084,6796
180.14102489900006,containerd,2317,8.77,3.9714462269750213,82360,81182
180.14102489900006,flanneld,3294,0.17,0.0,42000,42092
180.14102489900006,coredns,4467,1.52,0.9928615567437553,66896,67192
181.16720595699996,nodestore,2459,13.71,7.795895215209409,20480,12831
181.16720595699996,nodeapiserver,2782,30.42,15.591790430418818,161916,152220
181.16720595699996,nodescheduler,3993,0.42,0.0,22820,11922
181.16720595699996,nodecontroller,3746,2.9,0.9744869019011762,49096,38192
181.16720595699996,nodelet,3156,2.67,0.0,26796,14849
181.16720595699996,nodeproxy,4175,0.0,0.0,16084,6796
181.16720595699996,containerd,2317,8.8,2.9234607057035285,82360,81181
181.16720595699996,flanneld,3294,0.17,0.0,42000,42092
181.16720595699996,coredns,4467,1.53,0.9744869019011762,66896,67192
182.17389884500005,nodestore,2459,13.8,8.94016448043011,20480,12831
182.17389884500005,nodeapiserver,2782,30.56,13.906922525113506,161916,152224
182.17389884500005,nodescheduler,3993,0.43,0.9933516089366788,22820,11926
182.17389884500005,nodecontroller,3746,2.91,0.9933516089366788,49096,38192
182.17389884500005,nodelet,3156,2.69,1.9867032178733577,26796,14849
182.17389884500005,nodeproxy,4175,0.0,0.0,16084,6796
182.17389884500005,containerd,2317,8.84,3.9734064357467154,82360,81182
182.17389884500005,flanneld,3294,0.17,0.0,42000,42092
182.17389884500005,coredns,4467,1.55,1.9867032178733577,66896,67200
183.18854130600005,nodestore,2459,13.89,8.870119619407543,20464,12831
183.18854130600005,nodeapiserver,2782,30.75,18.725808085415924,161864,152296
183.18854130600005,nodescheduler,3993,0.44,0.9855688466008382,22820,11954
183.18854130600005,nodecontroller,3746,2.93,1.9711376932016764,49224,38320
183.18854130600005,nodelet,3156,2.7,0.9855688466008382,26796,14853
183.18854130600005,nodeproxy,4175,0.0,0.0,16084,6796
183.18854130600005,containerd,2317,8.89,4.9278442330041905,82360,81182
183.18854130600005,flanneld,3294,0.17,0.0,42000,42092
183.18854130600005,coredns,4467,1.55,0.0,66896,67200
184.203028205,nodestore,2459,13.98,8.871479768611911,20460,12879
184.203028205,nodeapiserver,2782,30.91,15.771519588643397,162048,152372
184.203028205,nodescheduler,3993,0.44,0.0,22820,11962
184.203028205,nodecontroller,3746,2.94,0.9857199742902123,49352,38448
184.203028205,nodelet,3156,2.72,1.9714399485804246,26796,14853
184.203028205,nodeproxy,4175,0.0,0.0,16084,6796
184.203028205,containerd,2317,8.93,3.942879897160849,82360,81182
184.203028205,flanneld,3294,0.18,0.9857199742902123,42000,42092
184.203028205,coredns,4467,1.56,0.9857199742902123,66896,67200
185.220866709,nodestore,2459,14.05,6.87731891895497,20460,12831
185.220866709,nodeapiserver,2782,31.04,12.772163706630657,162048,152372
185.220866709,nodescheduler,3993,0.44,0.0,22820,11970
185.220866709,nodecontroller,3746,2.96,1.9649482625585626,49352,38448
185.220866709,nodelet,3156,2.72,0.0,26796,14833
185.220866709,nodeproxy,4175,0.0,0.0,16084,6796
185.220866709,containerd,2317,8.94,0.9824741312792813,82360,81182
185.220866709,flanneld,3294,0.18,0.0,42000,42092
185.220866709,coredns,4467,1.57,0.9824741312792813,66896,67200
186.22751357200002,nodestore,2459,14.15,9.933970260631366,20460,12831
186.22751357200002,nodeapiserver,2782,31.21,16.88774944307332,162164,152460
186.22751357200002,nodescheduler,3993,0.44,0.0,22820,11990
186.22751357200002,nodecontroller,3746,2.97,0.9933970260631365,49352,38580
186.22751357200002,nodelet,3156,2.74,1.986794052126273,26796,14853
186.22751357200002,nodeproxy,4175,0.0,0.0,16084,6796
186.22751357200002,containerd,2317,9.0,5.960382156378819,82360,81186
186.22751357200002,flanneld,3294,0.18,0.0,42000,42092
186.22751357200002,coredns,4467,1.57,0.0,66896,67200
187.23315553400005,nodestore,2459,14.23,7.955117529194536,20460,12831
187.23315553400005,nodeapiserver,2782,31.37,15.910235058389071,162012,152504
187.23315553400005,nodescheduler,3993,0.44,0.0,22820,12006
187.23315553400005,nodecontroller,3746,2.98,0.994389691149317,49480,38772
187.23315553400005,nodelet,3156,2.76,1.988779382298634,26796,14853
187.23315553400005,nodeproxy,4175,0.0,0.0,16084,6796
187.23315553400005,containerd,2317,9.03,2.983169073447951,82360,81186
187.23315553400005,flanneld,3294,0.18,0.0,42000,42092
187.23315553400005,coredns,4467,1.58,0.994389691149317,66896,67200
188.24606958900006,nodestore,2459,14.33,9.872505915617786,20460,12831
188.24606958900006,nodeapiserver,2782,31.51,13.821508281864903,162068,152560
188.24606958900006,nodescheduler,3993,0.44,0.0,22820,12014
188.24606958900006,nodecontroller,3746,3.0,1.9745011831235573,49480,38764
188.24606958900006,nodelet,3156,2.76,0.0,26916,14833
188.24606958900006,nodeproxy,4175,0.0,0.0,16084,6796
188.24606958900006,containerd,2317,9.07,3.9490023662471145,82360,81230
188.24606958900006,flanneld,3294,0.18,0.0,42000,42092
188.24606958900006,coredns,4467,1.59,0.9872505915617786,66896,67200
189.25726800799998,nodestore,2459,14.41,7.911404774457618,20588,12831
189.25726800799998,nodeapiserver,2782,31.69,17.80066074252964,162112,152572
189.25726800799998,nodescheduler,3993,0.44,0.0,22948,12034
189.25726800799998,nodecontroller,3746,3.02,1.9778511936144045,49864,39040
189.25726800799998,nodelet,3156,2.78,1.9778511936144045,26916,14841
189.25726800799998,nodeproxy,4175,0.0,0.0,16084,6796
189.25726800799998,containerd,2317,9.1,2.9667767904216067,82360,81246
189.25726800799998,flanneld,3294,0.18,0.0,42000,42092
189.25726800799998,coredns,4467,1.6,0.9889255968072023,66896,67200
190.26623912600007,nodestore,2459,14.5,8.91997782636152,20588,12831
190.26623912600007,nodeapiserver,2782,31.85,15.857738357976038,162244,152620
190.26623912600007,nodescheduler,3993,0.45,0.9911086473735023,22948,12042
190.26623912600007,nodecontroller,3746,3.03,0.9911086473735023,50120,39264
190.26623912600007,nodelet,3156,2.79,0.9911086473735023,26916,14817
190.26623912600007,nodeproxy,4175,0.0,0.0,16084,6796
190.26623912600007,containerd,2317,9.15,4.955543236867512,82360,81254
190.26623912600007,flanneld,3294,0.18,0.0,42000,42092
190.26623912600007,coredns,4467,1.6,0.0,66896,67200
191.27931325500003,nodestore,2459,14.57,6.909662185243972,20588,12831
191.27931325500003,nodeapiserver,2782,32.01,15.793513566271935,162284,152668
191.27931325500003,nodescheduler,3993,0.45,0.0,22948,12042
191.27931325500003,nodecontroller,3746,3.04,0.9870945978919959,50504,39564
191.27931325500003,nodelet,3156,2.8,0.9870945978919959,26916,14813
191.27931325500003,nodeproxy,4175,0.0,0.0,16084,6796
191.27931325500003,containerd,2317,9.15,0.0,82360,81254
191.27931325500003,flanneld,3294,0.18,0.0,42000,42092
191.27931325500003,coredns,4467,1.62,1.9741891957839919,66896,67200
192.28626648,nodestore,2459,14.67,9.930947884893449,20588,12831
192.28626648,nodeapiserver,2782,32.18,16.88261140431886,162184,152692
192.28626648,nodescheduler,3993,0.45,0.0,22948,12046
192.28626648,nodecontroller,3746,3.06,1.9861895769786897,50632,39644
192.28626648,nodelet,3156,2.82,1.9861895769786897,26916,14817
192.28626648,nodeproxy,4175,0.0,0.0,16084,6796
192.28626648,containerd,2317,9.23,7.944758307914759,83000,81894
192.28626648,flanneld,3294,0.18,0.0,42000,42092
192.28626648,coredns,4467,1.62,0.0,66896,67200
193.29568075200007,nodestore,2459,14.77,9.906735299260053,20588,12831
193.29568075200007,nodeapiserver,2782,32.36,17.832123538668096,162392,152756
193.29568075200007,nodescheduler,3993,0.45,0.0,22948,12074
193.29568075200007,nodecontroller,3746,3.08,1.9813470598520107,50760,39800
193.29568075200007,nodelet,3156,2.83,0.9906735299260053,26916,14809
193.29568075200007,nodeproxy,4175,0.0,0.0,16084,6796
193.29568075200007,containerd,2317,9.26,2.972020589778016,83000,81974
193.29568075200007,flanneld,3294,0.18,0.0,42000,42092
193.29568075200007,coredns,4467,1.64,1.9813470598520107,66896,67200
194.306339073,nodestore,2459,14.84,6.926178565545532,20588,12831
194.306339073,nodeapiserver,2782,32.5,13.852357131091065,162352,152756
194.306339073,nodescheduler,3993,0.45,0.0,22948,12074
194.306339073,nodecontroller,3746,3.09,0.9894540807922187,50760,39792
194.306339073,nodelet,3156,2.84,0.9894540807922187,26916,14809
194.306339073,nodeproxy,4175,0.0,0.0,16084,6796
194.306339073,containerd,2317,9.27,0.9894540807922187,83000,81974
194.306339073,flanneld,3294,0.19,0.9894540807922187,42000,42100
194.306339073,coredns,4467,1.64,0.0,66896,67200
195.31064159200002,nodestore,2459,14.93,8.96144322027715,20588,12831
195.31064159200002,nodeapiserver,2782,32.67,16.927170527190174,162404,152812
195.31064159200002,nodescheduler,3993,0.45,0.0,22948,12094
195.31064159200002,nodecontroller,3746,3.1,0.9957159133641278,50888,40008
195.31064159200002,nodelet,3156,2.85,0.9957159133641278,26916,14813
195.31064159200002,nodeproxy,4175,0.0,0.0,16084,6796
195.31064159200002,containerd,2317,9.33,5.974295480184767,83000,81966
195.31064159200002,flanneld,3294,0.19,0.0,42000,42100
195.31064159200002,coredns,4467,1.65,0.9957159133641278,66896,67200
196.31674418299997,nodestore,2459,15.03,9.939344247251375,20588,12831
196.31674418299997,nodeapiserver,2782,32.85,17.890819645052474,162572,152868
196.31674418299997,nodescheduler,3993,0.45,0.0,22948,12110
196.31674418299997,nodecontroller,3746,3.12,1.987868849450275,51016,40244
196.31674418299997,nodelet,3156,2.87,1.987868849450275,26916,14813
196.31674418299997,nodeproxy,4175,0.0,0.0,16084,6796
196.31674418299997,containerd,2317,9.38,4.9696721236256876,83000,81966
196.31674418299997,flanneld,3294,0.19,0.0,42000,42100
196.31674418299997,coredns,4467,1.65,0.0,66896,67200
197.32296597800007,nodestore,2459,15.11,7.950533410975455,20444,12811
197.32296597800007,nodeapiserver,2782,32.98,12.919616792835113,162572,152868
197.32296597800007,nodescheduler,3993,0.45,0.0,22948,12110
197.32296597800007,nodecontroller,3746,3.14,1.9876333527438637,51016,40248
197.32296597800007,nodelet,3156,2.88,0.9938166763719318,26916,14813
197.32296597800007,nodeproxy,4175,0.0,0.0,16084,6796
197.32296597800007,containerd,2317,9.38,0.0,83000,81966
197.32296597800007,flanneld,3294,0.19,0.0,42000,42100
197.32296597800007,coredns,4467,1.66,0.9938166763719318,66896,67200
198.33178273099998,nodestore,2459,15.22,10.903863330272262,20400,12831
198.33178273099998,nodeapiserver,2782,33.28,29.737809082560716,162496,153056
198.33178273099998,nodescheduler,3993,0.46,0.9912603027520239,22948,12142
198.33178273099998,nodecontroller,3746,3.19,4.95630151376012,51144,40360
198.33178273099998,nodelet,3156,2.92,3.9650412110080957,27536,15569
198.33178273099998,nodeproxy,4175,0.0,0.0,16084,6796
198.33178273099998,containerd,2317,9.56,17.84268544953643,84920,83791
198.33178273099998,flanneld,3294,0.19,0.0,42000,42100
198.33178273099998,coredns,4467,1.67,0.9912603027520239,66896,67200
199.36428112199997,nodestore,2459,15.32,9.6852451172489,20528,12831
199.36428112199997,nodeapiserver,2782,33.54,25.18163730484714,162924,153352
199.36428112199997,nodescheduler,3993,0.47,0.9685245117248901,22820,11970
199.36428112199997,nodecontroller,3746,3.21,1.9370490234497801,50460,39352
199.36428112199997,nodelet,3156,2.96,3.8740980468995603,27116,15161
199.36428112199997,nodeproxy,4175,0.0,0.0,16084,6796
199.36428112199997,containerd,2317,9.78,21.30753925794758,88376,87430
199.36428112199997,flanneld,3294,0.2,0.9685245117248901,42000,42100
199.36428112199997,coredns,4467,1.67,0.0,66896,67200
200.37690231,nodestore,2459,15.41,8.887825088644869,20528,12883
200.37690231,nodeapiserver,2782,33.69,14.813041814408116,162924,153352
200.37690231,nodescheduler,3993,0.48,0.987536120960541,22820,11970
200.37690231,nodecontroller,3746,3.23,1.975072241921082,50460,39360
200.37690231,nodelet,3156,2.98,1.975072241921082,27116,15165
200.37690231,nodeproxy,4175,0.0,0.0,16084,6796
200.37690231,containerd,2317,9.81,2.9626083628816233,88504,87474
200.37690231,flanneld,3294,0.2,0.0,42000,42100
200.37690231,coredns,4467,1.69,1.975072241921082,66896,67200
201.38281929000004,nodestore,2459,15.51,9.941178247134754,20528,12831
201.38281929000004,nodeapiserver,2782,33.89,19.88235649426951,162980,153408
201.38281929000004,nodescheduler,3993,0.48,0.0,22820,11942
201.38281929000004,nodecontroller,3746,3.25,1.9882356494269506,50460,39372
201.38281929000004,nodelet,3156,2.99,0.9941178247134753,27116,15165
201.38281929000004,nodeproxy,4175,0.0,0.0,16084,6796
201.38281929000004,containerd,2317,9.88,6.958824772994328,81960,80726
201.38281929000004,flanneld,3294,0.2,0.0,42000,42100
201.38281929000004,coredns,4467,1.69,0.0,66896,67204
202.390375178,nodestore,2459,15.6,8.932506977717539,20528,12831
202.390375178,nodeapiserver,2782,34.06,16.87251318013313,163124,153528
202.390375178,nodescheduler,3993,0.48,0.0,22820,11950
202.390375178,nodecontroller,3746,3.26,0.9925007753019488,50460,39372
202.390375178,nodelet,3156,3.01,1.9850015506038976,27116,15169
202.390375178,nodeproxy,4175,0.0,0.0,16084,6796
202.390375178,containerd,2317,9.93,4.962503876509744,81960,80722
202.390375178,flanneld,3294,0.2,0.0,42000,42100
202.390375178,coredns,4467,1.71,1.9850015506038976,66896,67204
203.39917267700002,nodestore,2459,15.69,8.921512998318583,20656,12831
203.39917267700002,nodeapiserver,2782,34.22,15.860467552566371,163124,153576
203.39917267700002,nodescheduler,3993,0.48,0.0,22820,11942
203.39917267700002,nodecontroller,3746,3.27,0.9912792220353982,50460,39376
203.39917267700002,nodelet,3156,3.02,0.9912792220353982,27116,15165
203.39917267700002,nodeproxy,4175,0.0,0.0,16084,6796
203.39917267700002,containerd,2317,9.96,2.9738376661061947,81960,80722
203.39917267700002,flanneld,3294,0.2,0.0,42000,42100
203.39917267700002,coredns,4467,1.71,0.0,66896,67204
204.40549787300006,nodestore,2459,15.78,8.94343104572301,20656,12831
204.40549787300006,nodeapiserver,2782,34.4,17.88686209144602,163416,153736
204.40549787300006,nodescheduler,3993,0.48,0.0,22820,11942
204.40549787300006,nodecontroller,3746,3.3,2.9811436819076698,50460,39428
204.40549787300006,nodelet,3156,3.04,1.98742912127178,27116,15169
204.40549787300006,nodeproxy,4175,0.0,0.0,16084,6796
204.40549787300006,containerd,2317,10.03,6.956001924451231,81656,80226
204.40549787300006,flanneld,3294,0.2,0.0,42000,42100
204.40549787300006,coredns,4467,1.72,0.99371456063589,66896,67204
205.41722460799997,nodestore,2459,15.88,9.884091873880232,20656,12831
205.41722460799997,nodeapiserver,2782,34.58,17.79136537298442,163360,153824
205.41722460799997,nodescheduler,3993,0.49,0.9884091873880232,22820,11946
205.41722460799997,nodecontroller,3746,3.31,0.9884091873880232,50460,39428
205.41722460799997,nodelet,3156,3.05,0.9884091873880232,27116,15169
205.41722460799997,nodeproxy,4175,0.0,0.0,16084,6796
205.41722460799997,containerd,2317,10.08,4.942045936940116,81656,80218
205.41722460799997,flanneld,3294,0.2,0.0,42000,42100
205.41722460799997,coredns,4467,1.73,0.9884091873880232,66896,67204
206.446304715,nodestore,2459,15.96,7.773933190994809,20656,12831
206.446304715,nodeapiserver,2782,34.72,13.604383084240919,163360,153824
206.446304715,nodescheduler,3993,0.49,0.0,22820,11938
206.446304715,nodecontroller,3746,3.32,0.9717416488743511,50460,39424
206.446304715,nodelet,3156,3.07,1.9434832977487022,27116,15165
206.446304715,nodeproxy,4175,0.0,0.0,16084,6796
206.446304715,containerd,2317,10.11,2.9152249466230535,81656,80226
206.446304715,flanneld,3294,0.2,0.0,42000,42100
206.446304715,coredns,4467,1.73,0.0,66896,67204
207.45673048000003,nodestore,2459,16.07,10.886499910262685,20656,12831
207.45673048000003,nodeapiserver,2782,34.91,18.80395439045373,163540,153904
207.45673048000003,nodescheduler,3993,0.49,0.0,22820,11938
207.45673048000003,nodecontroller,3746,3.34,1.979363620047761,50460,39432
207.45673048000003,nodelet,3156,3.09,1.979363620047761,27116,15145
207.45673048000003,nodeproxy,4175,0.0,0.0,16084,6796
207.45673048000003,containerd,2317,10.19,7.917454480191044,81656,80218
207.45673048000003,flanneld,3294,0.2,0.0,42000,42100
207.45673048000003,coredns,4467,1.75,1.979363620047761,66896,67204
208.46430310300002,nodestore,2459,16.17,9.924842906336218,20524,12831
208.46430310300002,nodeapiserver,2782,35.09,17.86471723140519,163652,154052
208.46430310300002,nodescheduler,3993,0.49,0.0,22820,11946
208.46430310300002,nodecontroller,3746,3.36,1.9849685812672435,50460,39432
208.46430310300002,nodelet,3156,3.1,0.9924842906336218,27244,15213
208.46430310300002,nodeproxy,4175,0.0,0.0,16084,6796
208.46430310300002,containerd,2317,10.26,6.947390034435354,81656,80346
208.46430310300002,flanneld,3294,0.2,0.0,42000,42100
208.46430310300002,coredns,4467,1.75,0.0,66896,67204
209.47313058200007,nodestore,2459,16.26,8.921247871757844,20524,12831
209.47313058200007,nodeapiserver,2782,35.23,13.877496689401093,163652,154040
209.47313058200007,nodescheduler,3993,0.5,0.9912497635286495,22820,11938
209.47313058200007,nodecontroller,3746,3.37,0.9912497635286495,50460,39432
209.47313058200007,nodelet,3156,3.12,1.982499527057299,27244,15201
209.47313058200007,nodeproxy,4175,0.0,0.0,16084,6796
209.47313058200007,containerd,2317,10.28,1.982499527057299,81656,80350
209.47313058200007,flanneld,3294,0.2,0.0,42000,42100
209.47313058200007,coredns,4467,1.76,0.9912497635286495,66896,67204
210.484524491,nodestore,2459,16.35,8.89861004689972,20524,12831
210.484524491,nodeapiserver,2782,35.43,19.774688993110484,163732,154108
210.484524491,nodescheduler,3993,0.5,0.0,22820,11938
210.484524491,nodecontroller,3746,3.39,1.9774688993110485,50460,39432
210.484524491,nodelet,3156,3.13,0.9887344496555243,27244,15197
210.484524491,nodeproxy,4175,0.0,0.0,16084,6796
210.484524491,containerd,2317,10.36,7.909875597244194,81912,80750
210.484524491,flanneld,3294,0.2,0.0,42000,42100
210.484524491,coredns,4467,1.77,0.9887344496555243,66896,67204
211.49499974000003,nodestore,2459,16.45,9.89633344299734,20472,12831
211.49499974000003,nodeapiserver,2782,35.61,17.813400197395215,163804,154212
211.49499974000003,nodescheduler,3993,0.5,0.0,22820,11946
211.49499974000003,nodecontroller,3746,3.4,0.989633344299734,50460,39424
211.49499974000003,nodelet,3156,3.15,1.979266688599468,27244,15213
211.49499974000003,nodeproxy,4175,0.0,0.0,16084,6796
211.49499974000003,containerd,2317,10.4,3.958533377198936,81912,80818
211.49499974000003,flanneld,3294,0.2,0.0,42000,42100
211.49499974000003,coredns,4467,1.78,0.989633344299734,66896,67208
212.501893289,nodestore,2459,16.54,8.938382820049382,20472,12831
212.501893289,nodeapiserver,2782,35.75,13.904151053410153,163804,154216
212.501893289,nodescheduler,3993,0.5,0.0,22820,11938
212.501893289,nodecontroller,3746,3.42,1.9863072933443073,50460,39424
212.501893289,nodelet,3156,3.15,0.0,27244,15193
212.501893289,nodeproxy,4175,0.0,0.0,16084,6796
212.501893289,containerd,2317,10.43,2.979460940016461,81912,80834
212.501893289,flanneld,3294,0.2,0.0,42000,42100
212.501893289,coredns,4467,1.78,0.0,66896,67208
213.514731385,nodestore,2459,16.63,8.885921684367643,20472,12831
213.514731385,nodeapiserver,2782,35.93,17.771843368735286,163992,154268
213.514731385,nodescheduler,3993,0.5,0.0,22820,11938
213.514731385,nodecontroller,3746,3.44,1.9746492631928096,50460,39424
213.514731385,nodelet,3156,3.18,2.9619738947892142,27244,15153
213.514731385,nodeproxy,4175,0.0,0.0,16084,6796
213.514731385,containerd,2317,10.5,6.911272421174835,82040,80830
213.514731385,flanneld,3294,0.2,0.0,42000,42100
213.514731385,coredns,4467,1.79,0.9873246315964048,66896,67208
214.521921389,nodestore,2459,16.73,9.928613231153607,20460,12831
214.521921389,nodeapiserver,2782,36.1,16.87864249296113,164184,154340
214.521921389,nodescheduler,3993,0.5,0.0,22820,11950
214.521921389,nodecontroller,3746,3.45,0.9928613231153607,50460,39428
214.521921389,nodelet,3156,3.19,0.9928613231153607,27112,15201
214.521921389,nodeproxy,4175,0.0,0.0,16084,6796
214.521921389,containerd,2317,10.54,3.9714452924614427,82040,80822
214.521921389,flanneld,3294,0.2,0.0,42000,42100
214.521921389,coredns,4467,1.8,0.9928613231153607,66896,67208
215.534652607,nodestore,2459,16.81,7.899430626616675,20460,12831
215.534652607,nodeapiserver,2782,36.24,13.824003596579182,164064,154360
215.534652607,nodescheduler,3993,0.51,0.9874288283270843,22820,11942
215.534652607,nodecontroller,3746,3.46,0.9874288283270843,50460,39428
215.534652607,nodelet,3156,3.2,0.9874288283270843,27112,15177
215.534652607,nodeproxy,4175,0.0,0.0,16084,6796
215.534652607,containerd,2317,10.57,2.962286484981253,82040,80822
215.534652607,flanneld,3294,0.2,0.0,42000,42100
215.534652607,coredns,4467,1.81,0.9874288283270843,66896,67208
216.54677507400004,nodestore,2459,16.9,8.892204543859457,20588,12831
216.54677507400004,nodeapiserver,2782,36.42,17.784409087718913,164144,154404
216.54677507400004,nodescheduler,3993,0.51,0.0,22820,11942
216.54677507400004,nodecontroller,3746,3.48,1.9760454541909904,50460,39428
216.54677507400004,nodelet,3156,3.22,1.9760454541909904,27112,15193
216.54677507400004,nodeproxy,4175,0.0,0.0,16084,6796
216.54677507400004,containerd,2317,10.63,5.928136362572971,82040,80818
216.54677507400004,flanneld,3294,0.2,0.0,42000,42100
216.54677507400004,coredns,4467,1.81,0.0,66896,67208
217.55671960400002,nodestore,2459,17.01,10.891687289004052,20460,12899
217.55671960400002,nodeapiserver,2782,36.61,18.812914408279724,163976,154488
217.55671960400002,nodescheduler,3993,0.51,0.0,22820,11942
217.55671960400002,nodecontroller,3746,3.5,1.9803067798189185,50460,39428
217.55671960400002,nodelet,3156,3.23,0.9901533899094592,27112,15197
217.55671960400002,nodeproxy,4175,0.0,0.0,16084,6796
217.55671960400002,containerd,2317,10.72,8.911380509185133,82040,80830
217.55671960400002,flanneld,3294,0.2,0.0,42000,42100
217.55671960400002,coredns,4467,1.83,1.9803067798189185,66896,67208
218.563272365,nodestore,2459,17.1,8.941409083274376,20460,12831
218.563272365,nodeapiserver,2782,36.77,15.895838370265556,164124,154568
218.563272365,nodescheduler,3993,0.51,0.0,22820,11950
218.563272365,nodecontroller,3746,3.51,0.9934898981415973,50460,39428
218.563272365,nodelet,3156,3.25,1.9869797962831945,27240,15173
218.563272365,nodeproxy,4175,0.0,0.0,16084,6796
218.563272365,containerd,2317,10.73,0.9934898981415973,82040,80990
218.563272365,flanneld,3294,0.21,0.9934898981415973,42000,42100
218.563272365,coredns,4467,1.84,0.9934898981415973,66896,67208
219.58455868,nodestore,2459,17.19,8.812416134255184,20460,12831
219.58455868,nodeapiserver,2782,36.94,16.64567492025979,164076,154552
219.58455868,nodescheduler,3993,0.51,0.0,22820,11942
219.58455868,nodecontroller,3746,3.53,1.958314696501152,50460,39428
219.58455868,nodelet,3156,3.26,0.979157348250576,27240,15165
219.58455868,nodeproxy,4175,0.0,0.0,16084,6796
219.58455868,containerd,2317,10.81,7.833258786004608,82040,81002
219.58455868,flanneld,3294,0.21,0.0,42000,42100
219.58455868,coredns,4467,1.84,0.0,66896,67208
220.59801448200005,nodestore,2459,17.29,9.867228526655907,20716,12831
220.59801448200005,nodeapiserver,2782,37.14,19.734457053311814,164260,154652
220.59801448200005,nodescheduler,3993,0.52,0.9867228526655907,22820,11942
220.59801448200005,nodecontroller,3746,3.55,1.9734457053311814,50284,39144
220.59801448200005,nodelet,3156,3.28,1.9734457053311814,27240,15157
220.59801448200005,nodeproxy,4175,0.0,0.0,16084,6796
220.59801448200005,containerd,2317,10.86,4.933614263327954,82040,81006
220.59801448200005,flanneld,3294,0.21,0.0,42000,42100
220.59801448200005,coredns,4467,1.86,1.9734457053311814,66896,67208
221.605298996,nodestore,2459,17.39,9.927681663932193,20556,12831
221.605298996,nodeapiserver,2782,37.3,15.884290662291509,164384,154672
221.605298996,nodescheduler,3993,0.53,0.9927681663932193,22820,11942
221.605298996,nodecontroller,3746,3.56,0.9927681663932193,49232,38104
221.605298996,nodelet,3156,3.3,1.9855363327864386,27240,15169
221.605298996,nodeproxy,4175,0.0,0.0,16084,6796
221.605298996,containerd,2317,10.87,0.9927681663932193,82040,81006
221.605298996,flanneld,3294,0.21,0.0,42000,42100
221.605298996,coredns,4467,1.86,0.0,66896,67208
222.61155440699997,nodestore,2459,17.49,9.937834759131707,20684,12831
222.61155440699997,nodeapiserver,2782,37.46,15.900535614610732,164484,154680
222.61155440699997,nodescheduler,3993,0.53,0.0,22820,11950
222.61155440699997,nodecontroller,3746,3.58,1.9875669518263415,49232,38140
222.61155440699997,nodelet,3156,3.31,0.9937834759131707,27240,15173
222.61155440699997,nodeproxy,4175,0.0,0.0,16084,6796
222.61155440699997,containerd,2317,10.94,6.956484331392196,82040,81006
222.61155440699997,flanneld,3294,0.21,0.0,42000,42100
222.61155440699997,coredns,4467,1.87,0.9937834759131707,66896,67208
223.61855533900007,nodestore,2459,17.58,8.937429662675962,20544,12831
223.61855533900007,nodeapiserver,2782,37.63,16.881811585054596,164440,154736
223.61855533900007,nodescheduler,3993,0.53,0.0,22820,11958
223.61855533900007,nodecontroller,3746,3.59,0.9930477402973291,49232,38236
223.61855533900007,nodelet,3156,3.33,1.9860954805946582,27240,15161
223.61855533900007,nodeproxy,4175,0.0,0.0,16084,6796
223.61855533900007,containerd,2317,10.97,2.9791432208919875,82040,81014
223.61855533900007,flanneld,3294,0.21,0.0,42000,42100
223.61855533900007,coredns,4467,1.88,0.9930477402973291,66896,67208
224.62254906400005,nodestore,2459,17.67,8.964199452541518,20388,12831
224.62254906400005,nodeapiserver,2782,37.75,11.952265936722025,164276,154720
224.62254906400005,nodescheduler,3993,0.53,0.0,22820,11958
224.62254906400005,nodecontroller,3746,3.6,0.9960221613935021,49232,38236
224.62254906400005,nodelet,3156,3.33,0.0,27240,15161
224.62254906400005,nodeproxy,4175,0.0,0.0,16084,6796
224.62254906400005,containerd,2317,10.98,0.9960221613935021,82040,81014
224.62254906400005,flanneld,3294,0.22,0.9960221613935021,42000,42100
224.62254906400005,coredns,4467,1.89,0.9960221613935021,66896,67208
225.63473232600006,nodestore,2459,17.77,9.879633832553855,20516,12831
225.63473232600006,nodeapiserver,2782,37.93,17.78334089859694,164328,154748
225.63473232600006,nodescheduler,3993,0.53,0.0,22820,11966
225.63473232600006,nodecontroller,3746,3.61,0.9879633832553856,49232,38292
225.63473232600006,nodelet,3156,3.34,0.9879633832553856,27240,15165
225.63473232600006,nodeproxy,4175,0.0,0.0,16084,6796
225.63473232600006,containerd,2317,11.03,4.939816916276928,82040,81006
225.63473232600006,flanneld,3294,0.22,0.0,42000,42100
225.63473232600006,coredns,4467,1.9,0.9879633832553856,66896,67208
226.64321661400004,nodestore,2459,17.86,8.924283805996396,20644,12831
226.64321661400004,nodeapiserver,2782,38.1,16.856980522437638,164320,154804
226.64321661400004,nodescheduler,3993,0.53,0.0,22820,11974
226.64321661400004,nodecontroller,3746,3.63,1.9831741791103104,49360,38388
226.64321661400004,nodelet,3156,3.36,1.9831741791103104,27240,15165
226.64321661400004,nodeproxy,4175,0.0,0.0,16084,6796
226.64321661400004,containerd,2317,11.08,4.9579354477757756,82040,81006
226.64321661400004,flanneld,3294,0.22,0.0,42000,42100
226.64321661400004,coredns,4467,1.9,0.0,66896,67208
227.65732025500006,nodestore,2459,17.95,8.874832547810392,20488,12831
227.65732025500006,nodeapiserver,2782,38.26,15.777480084996252,164436,154844
227.65732025500006,nodescheduler,3993,0.53,0.0,22820,11998
227.65732025500006,nodecontroller,3746,3.64,0.9860925053122658,49360,38468
227.65732025500006,nodelet,3156,3.36,0.0,27240,15165
227.65732025500006,nodeproxy,4175,0.0,0.0,16084,6796
227.65732025500006,containerd,2317,11.1,1.9721850106245316,82040,80997
227.65732025500006,flanneld,3294,0.22,0.0,42000,42100
227.65732025500006,coredns,4467,1.92,1.9721850106245316,66896,67208
228.67471719700006,nodestore,2459,18.04,8.8461048273919,20316,12883
228.67471719700006,nodeapiserver,2782,38.39,12.777706972899411,164420,154904
228.67471719700006,nodescheduler,3993,0.53,0.0,22820,12002
228.67471719700006,nodecontroller,3746,3.65,0.9829005363768778,49488,38484
228.67471719700006,nodelet,3156,3.38,1.9658010727537556,27068,15169
228.67471719700006,nodeproxy,4175,0.0,0.0,16084,6796
228.67471719700006,containerd,2317,11.15,4.914502681884389,82040,81006
228.67471719700006,flanneld,3294,0.22,0.0,42000,42100
228.67471719700006,coredns,4467,1.92,0.0,66896,67208
229.69327910900006,nodestore,2459,18.14,9.81776353718599,20316,12831
229.69327910900006,nodeapiserver,2782,38.55,15.708421659497581,164412,154920
229.69327910900006,nodescheduler,3993,0.53,0.0,22820,12018
229.69327910900006,nodecontroller,3746,3.66,0.9817763537185988,49616,38608
229.69327910900006,nodelet,3156,3.4,1.9635527074371977,27068,15209
229.69327910900006,nodeproxy,4175,0.0,0.0,16084,6796
229.69327910900006,containerd,2317,11.2,4.908881768592995,82040,81006
229.69327910900006,flanneld,3294,0.22,0.0,42000,42100
229.69327910900006,coredns,4467,1.93,0.9817763537185988,66896,67208
230.70718375900003,nodestore,2459,18.23,8.876574340595289,20444,12831
230.70718375900003,nodeapiserver,2782,38.7,14.794290567658814,164472,154972
230.70718375900003,nodescheduler,3993,0.54,0.9862860378439209,22820,12022
230.70718375900003,nodecontroller,3746,3.67,0.9862860378439209,49744,38844
230.70718375900003,nodelet,3156,3.41,0.9862860378439209,27068,15209
230.70718375900003,nodeproxy,4175,0.0,0.0,16084,6796
230.70718375900003,containerd,2317,11.22,1.9725720756878418,82168,81006
230.70718375900003,flanneld,3294,0.22,0.0,42000,42100
230.70718375900003,coredns,4467,1.94,0.9862860378439209,66896,67208
231.721509007,nodestore,2459,18.31,7.887016532196365,20572,12831
231.721509007,nodeapiserver,2782,38.85,14.788155997868186,164472,154988
231.721509007,nodescheduler,3993,0.54,0.0,22820,12038
231.721509007,nodecontroller,3746,3.68,0.9858770665245457,49744,38772
231.721509007,nodelet,3156,3.42,0.9858770665245457,27068,15177
231.721509007,nodeproxy,4175,0.0,0.0,16084,6796
231.721509007,containerd,2317,11.26,3.9435082660981826,82552,81498
231.721509007,flanneld,3294,0.22,0.0,42000,42100
231.721509007,coredns,4467,1.94,0.0,66896,67208
232.72738197600006,nodestore,2459,18.41,9.941613213784935,20392,12831
232.72738197600006,nodeapiserver,2782,39.02,16.90074246343439,164640,155032
232.72738197600006,nodescheduler,3993,0.54,0.0,22820,12054
232.72738197600006,nodecontroller,3746,3.71,2.9824839641354806,49744,38912
232.72738197600006,nodelet,3156,3.44,1.9883226427569871,27068,15165
232.72738197600006,nodeproxy,4175,0.0,0.0,16084,6796
232.72738197600006,containerd,2317,11.31,4.9708066068924674,82680,81710
232.72738197600006,flanneld,3294,0.22,0.0,42000,42100
232.72738197600006,coredns,4467,1.95,0.9941613213784936,66896,67208
233.73517827199998,nodestore,2459,18.51,9.922640160210268,20520,12831
233.73517827199998,nodeapiserver,2782,39.2,17.86075228837848,164732,155144
233.73517827199998,nodescheduler,3993,0.54,0.0,22820,12074
233.73517827199998,nodecontroller,3746,3.72,0.9922640160210267,49744,39004
233.73517827199998,nodelet,3156,3.44,0.0,27068,15165
233.73517827199998,nodeproxy,4175,0.0,0.0,16084,6796
233.73517827199998,containerd,2317,11.33,1.9845280320420533,82808,81721
233.73517827199998,flanneld,3294,0.22,0.0,42000,42100
233.73517827199998,coredns,4467,1.96,0.9922640160210267,66896,67208
234.74567659800005,nodestore,2459,18.61,9.896107437984412,20520,12831
234.74567659800005,nodeapiserver,2782,39.34,13.85455041317818,164732,155144
234.74567659800005,nodescheduler,3993,0.55,0.9896107437984413,22820,12074
234.74567659800005,nodecontroller,3746,3.73,0.9896107437984413,49872,39044
234.74567659800005,nodelet,3156,3.46,1.9792214875968825,27068,15121
234.74567659800005,nodeproxy,4175,0.0,0.0,16084,6796
234.74567659800005,containerd,2317,11.36,2.9688322313953237,82808,81730
234.74567659800005,flanneld,3294,0.22,0.0,42000,42100
234.74567659800005,coredns,4467,1.96,0.0,66896,67208
235.755523134,nodestore,2459,18.71,9.9024947291601,20452,12839
235.755523134,nodeapiserver,2782,39.53,18.81473998540419,165064,155224
235.755523134,nodescheduler,3993,0.55,0.0,22820,12078
235.755523134,nodecontroller,3746,3.74,0.99024947291601,49872,39188
235.755523134,nodelet,3156,3.47,0.99024947291601,27068,15125
235.755523134,nodeproxy,4175,0.0,0.0,16084,6796
235.755523134,containerd,2317,11.42,5.94149683749606,82808,81742
235.755523134,flanneld,3294,0.22,0.0,42000,42100
235.755523134,coredns,4467,1.98,1.98049894583202,66896,67208
236.77266812799996,nodestore,2459,18.82,10.814584021833413,20452,12839
236.77266812799996,nodeapiserver,2782,39.82,28.511176057560814,164836,155292
236.77266812799996,nodescheduler,3993,0.56,0.9831440019848557,22820,11958
236.77266812799996,nodecontroller,3746,3.79,4.915720009924279,49392,38624
236.77266812799996,nodelet,3156,3.51,3.932576007939423,27180,15209
236.77266812799996,nodeproxy,4175,0.0,0.0,16084,6796
236.77266812799996,containerd,2317,11.6,17.696592035727406,85112,83954
236.77266812799996,flanneld,3294,0.22,0.0,42000,42100
236.77266812799996,coredns,4467,1.99,0.9831440019848557,66896,67208
237.778973318,nodestore,2459,18.91,8.94360884693409,20452,12839
237.778973318,nodeapiserver,2782,39.99,16.89348337754217,164836,155292
237.778973318,nodescheduler,3993,0.56,0.0,22820,11942
237.778973318,nodecontroller,3746,3.8,0.9937343163260101,49392,38628
237.778973318,nodelet,3156,3.52,0.9937343163260101,27180,15213
237.778973318,nodeproxy,4175,0.0,0.0,16084,6796
237.778973318,containerd,2317,11.67,6.956140214282071,82684,81442
237.778973318,flanneld,3294,0.22,0.0,42000,42100
237.778973318,coredns,4467,1.99,0.0,66896,67208
238.78606154700003,nodestore,2459,19.02,10.92257826399403,20436,12839
238.78606154700003,nodeapiserver,2782,40.19,19.859233207261873,165044,155372
238.78606154700003,nodescheduler,3993,0.57,0.9929616603630937,22820,11942
238.78606154700003,nodecontroller,3746,3.83,2.9788849810892812,49392,38628
238.78606154700003,nodelet,3156,3.56,3.971846641452375,27180,15217
238.78606154700003,nodeproxy,4175,0.0,0.0,16084,6796
238.78606154700003,containerd,2317,11.74,6.950731622541657,82684,81446
238.78606154700003,flanneld,3294,0.23,0.9929616603630937,42000,42100
238.78606154700003,coredns,4467,2.0,0.9929616603630937,66896,67208
239.79891926100004,nodestore,2459,19.12,9.873055081456327,20564,12839
239.79891926100004,nodeapiserver,2782,40.35,15.796888130330125,164980,155440
239.79891926100004,nodescheduler,3993,0.57,0.0,22820,11950
239.79891926100004,nodecontroller,3746,3.84,0.9873055081456328,49392,38628
239.79891926100004,nodelet,3156,3.56,0.0,27180,15217
239.79891926100004,nodeproxy,4175,0.0,0.0,16084,6796
239.79891926100004,containerd,2317,11.76,1.9746110162912656,82684,81437
239.79891926100004,flanneld,3294,0.23,0.0,42000,42100
239.79891926100004,coredns,4467,2.01,0.9873055081456328,66896,67208
240.814297529,nodestore,2459,19.23,10.833401055221863,20564,12839
240.814297529,nodeapiserver,2782,40.52,16.742528903524697,164980,155440
240.814297529,nodescheduler,3993,0.57,0.0,22820,11942
240.814297529,nodecontroller,3746,3.86,1.9697092827676115,49520,38628
240.814297529,nodelet,3156,3.58,1.9697092827676115,27180,15221
240.814297529,nodeproxy,4175,0.0,0.0,16084,6796
240.814297529,containerd,2317,11.82,5.909127848302834,82684,81446
240.814297529,flanneld,3294,0.23,0.0,42000,42100
240.814297529,coredns,4467,2.02,0.9848546413838057,66896,67208
241.82090408199997,nodestore,2459,19.32,8.940931263736914,20564,12831
241.82090408199997,nodeapiserver,2782,40.71,18.87529933455571,165080,155472
241.82090408199997,nodescheduler,3993,0.57,0.0,22820,11942
241.82090408199997,nodecontroller,3746,3.88,1.9868736141637588,49520,38692
241.82090408199997,nodelet,3156,3.6,1.9868736141637588,27048,15225
241.82090408199997,nodeproxy,4175,0.0,0.0,16084,6796
241.82090408199997,containerd,2317,11.9,7.947494456655035,82684,81438
241.82090408199997,flanneld,3294,0.23,0.0,42000,42100
241.82090408199997,coredns,4467,2.03,0.9934368070818794,66896,67208
242.83513870600007,nodestore,2459,19.42,9.859651567169385,20556,12839
242.83513870600007,nodeapiserver,2782,40.87,15.775442507471016,165056,155556
242.83513870600007,nodescheduler,3993,0.57,0.0,22820,11950
242.83513870600007,nodecontroller,3746,3.89,0.9859651567169385,49520,38692
242.83513870600007,nodelet,3156,3.61,0.9859651567169385,27048,15225
242.83513870600007,nodeproxy,4175,0.0,0.0,16084,6796
242.83513870600007,containerd,2317,11.93,2.9578954701508158,82684,81434
242.83513870600007,flanneld,3294,0.23,0.0,42000,42100
242.83513870600007,coredns,4467,2.03,0.0,66896,67208
243.850305101,nodestore,2459,19.51,8.865541692798603,20392,12839
243.850305101,nodeapiserver,2782,41.01,13.790842633242272,165056,155556
243.850305101,nodescheduler,3993,0.58,0.9850601880887336,22820,11942
243.850305101,nodecontroller,3746,3.91,1.9701203761774673,49520,38724
243.850305101,nodelet,3156,3.62,0.9850601880887336,27048,15225
243.850305101,nodeproxy,4175,0.0,0.0,16084,6796
243.850305101,containerd,2317,11.98,4.925300940443668,82684,81434
243.850305101,flanneld,3294,0.23,0.0,42000,42100
243.850305101,coredns,4467,2.04,0.9850601880887336,66896,67208
244.85849936900001,nodestore,2459,19.61,9.918723322874406,20520,12839
244.85849936900001,nodeapiserver,2782,41.21,19.837446645748813,165144,155600
244.85849936900001,nodescheduler,3993,0.58,0.0,22820,11942
244.85849936900001,nodecontroller,3746,3.93,1.9837446645748813,49648,38764
244.85849936900001,nodelet,3156,3.64,1.9837446645748813,27048,15225
244.85849936900001,nodeproxy,4175,0.0,0.0,16084,6796
244.85849936900001,containerd,2317,12.04,5.951233993724644,82684,81426
244.85849936900001,flanneld,3294,0.23,0.0,42000,42104
244.85849936900001,coredns,4467,2.05,0.9918723322874407,66896,67208
245.86620260799998,nodestore,2459,19.71,9.923556472760666,20648,12839
245.86620260799998,nodeapiserver,2782,41.37,15.877690356417066,165292,155660
245.86620260799998,nodescheduler,3993,0.58,0.0,22820,11950
245.86620260799998,nodecontroller,3746,3.95,1.9847112945521332,49648,38764
245.86620260799998,nodelet,3156,3.65,0.9923556472760666,27176,15225
245.86620260799998,nodeproxy,4175,0.0,0.0,16084,6796
245.86620260799998,containerd,2317,12.08,3.9694225891042665,82684,81418
245.86620260799998,flanneld,3294,0.23,0.0,42000,42104
245.86620260799998,coredns,4467,2.06,0.9923556472760666,66896,67208
246.88561854900001,nodestore,2459,19.8,8.82858471996339,20648,12839
246.88561854900001,nodeapiserver,2782,41.52,14.714307866605651,165384,155676
246.88561854900001,nodescheduler,3993,0.58,0.0,22820,11942
246.88561854900001,nodecontroller,3746,3.96,0.98095385777371,49648,38764
246.88561854900001,nodelet,3156,3.66,0.98095385777371,27176,15221
246.88561854900001,nodeproxy,4175,0.0,0.0,16084,6796
246.88561854900001,containerd,2317,12.12,3.92381543109484,82684,81422
246.88561854900001,flanneld,3294,0.23,0.0,42000,42104
246.88561854900001,coredns,4467,2.07,0.98095385777371,66896,67208
247.89595561099998,nodestore,2459,19.92,11.877224395040995,20648,12839
247.89595561099998,nodeapiserver,2782,41.73,20.785142691321745,165436,155740
247.89595561099998,nodescheduler,3993,0.58,0.0,22820,11942
247.89595561099998,nodecontroller,3746,3.98,1.9795373991734995,49648,38776
247.89595561099998,nodelet,3156,3.68,1.9795373991734995,27176,15225
247.89595561099998,nodeproxy,4175,0.0,0.0,16084,6796
247.89595561099998,containerd,2317,12.18,5.938612197520498,82684,81422
247.89595561099998,flanneld,3294,0.23,0.0,42000,42104
247.89595561099998,coredns,4467,2.08,0.9897686995867497,66896,67208
248.903858443,nodestore,2459,20.01,8.929432197487744,20512,12831
248.903858443,nodeapiserver,2782,41.9,16.866705261921293,165392,155792
248.903858443,nodescheduler,3993,0.59,0.9921591330541938,22820,11950
248.903858443,nodecontroller,3746,4.0,1.9843182661083876,49648,38776
248.903858443,nodelet,3156,3.71,2.9764773991625812,27292,15257
248.903858443,nodeproxy,4175,0.0,0.0,16084,6796
248.903858443,containerd,2317,12.25,6.945113931379357,82684,81494
248.903858443,flanneld,3294,0.23,0.0,42000,42104
248.903858443,coredns,4467,2.08,0.0,66896,67208
249.92339067500006,nodestore,2459,20.11,9.808419671423662,20512,12831
249.92339067500006,nodeapiserver,2782,42.05,14.712629507135492,165392,155792
249.92339067500006,nodescheduler,3993,0.59,0.0,22820,11942
249.92339067500006,nodecontroller,3746,4.01,0.9808419671423662,49648,38776
249.92339067500006,nodelet,3156,3.71,0.0,27292,15165
249.92339067500006,nodeproxy,4175,0.0,0.0,16084,6796
249.92339067500006,containerd,2317,12.27,1.9616839342847323,82684,81494
249.92339067500006,flanneld,3294,0.23,0.0,42000,42104
249.92339067500006,coredns,4467,2.1,1.9616839342847323,66896,67208
250.94011758800002,nodestore,2459,20.22,10.819031009559268,20512,12839
250.94011758800002,nodeapiserver,2782,42.25,19.670965471925943,165392,155924
250.94011758800002,nodescheduler,3993,0.59,0.0,22820,11938
250.94011758800002,nodecontroller,3746,4.03,1.967096547192594,49632,38644
250.94011758800002,nodelet,3156,3.74,2.950644820788891,27292,15209
250.94011758800002,nodeproxy,4175,0.0,0.0,16084,6796
250.94011758800002,containerd,2317,12.35,7.868386188770376,82684,81502
250.94011758800002,flanneld,3294,0.23,0.0,42000,42104
250.94011758800002,coredns,4467,2.1,0.0,66896,67208
251.953621592,nodestore,2459,20.32,9.866759243706255,20512,12839
251.953621592,nodeapiserver,2782,42.44,18.746842563041884,165428,155932
251.953621592,nodescheduler,3993,0.59,0.0,22820,11950
251.953621592,nodecontroller,3746,4.05,1.9733518487412511,49488,38624
251.953621592,nodelet,3156,3.75,0.9866759243706256,27292,15213
251.953621592,nodeproxy,4175,0.0,0.0,16084,6796
251.953621592,containerd,2317,12.4,4.933379621853128,82684,81502
251.953621592,flanneld,3294,0.23,0.0,42000,42104
251.953621592,coredns,4467,2.11,0.9866759243706256,66896,67208
252.98219736300007,nodestore,2459,20.42,9.722181177062978,20512,12839
252.98219736300007,nodeapiserver,2782,42.59,14.58327176559447,165428,155916
252.98219736300007,nodescheduler,3993,0.59,0.0,22820,11946
252.98219736300007,nodecontroller,3746,4.06,0.972218117706298,49488,38624
252.98219736300007,nodelet,3156,3.75,0.0,27292,15201
252.98219736300007,nodeproxy,4175,0.0,0.0,16084,6796
252.98219736300007,containerd,2317,12.42,1.944436235412596,82684,81502
252.98219736300007,flanneld,3294,0.23,0.0,42000,42104
252.98219736300007,coredns,4467,2.12,0.972218117706298,66896,67208
253.99790505199996,nodestore,2459,20.53,10.829887495319655,20512,12839
253.99790505199996,nodeapiserver,2782,42.78,18.706169310097586,165456,155952
253.99790505199996,nodescheduler,3993,0.6,0.9845352268472413,22820,11946
253.99790505199996,nodecontroller,3746,4.08,1.9690704536944825,49488,38624
253.99790505199996,nodelet,3156,3.78,2.953605680541724,27292,15205
253.99790505199996,nodeproxy,4175,0.0,0.0,16084,6796
253.99790505199996,containerd,2317,12.49,6.89174658793069,82684,81506
253.99790505199996,flanneld,3294,0.23,0.0,42000,42104
253.99790505199996,coredns,4467,2.13,0.9845352268472413,66896,67208
255.00880452399997,nodestore,2459,20.63,9.892180456099739,20508,12839
255.00880452399997,nodeapiserver,2782,42.96,17.80592482097953,165496,156020
255.00880452399997,nodescheduler,3993,0.6,0.0,22820,11954
255.00880452399997,nodecontroller,3746,4.09,0.989218045609974,49488,38624
255.00880452399997,nodelet,3156,3.8,1.978436091219948,27292,15225
255.00880452399997,nodeproxy,4175,0.0,0.0,16084,6796
255.00880452399997,containerd,2317,12.53,3.956872182439896,82684,81506
255.00880452399997,flanneld,3294,0.24,0.989218045609974,42000,42104
255.00880452399997,coredns,4467,2.13,0.0,66896,67208
256.02211667000006,nodestore,2459,20.72,8.88176465221133,20508,12839
256.02211667000006,nodeapiserver,2782,43.09,12.8292156087497,165496,156020
256.02211667000006,nodescheduler,3993,0.6,0.0,22820,11946
256.02211667000006,nodecontroller,3746,4.11,1.9737254782691844,49488,38624
256.02211667000006,nodelet,3156,3.8,0.0,27292,15209
256.02211667000006,nodeproxy,4175,0.0,0.0,16084,6796
256.02211667000006,containerd,2317,12.56,2.9605882174037768,82684,81506
256.02211667000006,flanneld,3294,0.24,0.0,42000,42104
256.02211667000006,coredns,4467,2.15,1.9737254782691844,66896,67208
257.02948661799996,nodestore,2459,20.83,10.919523678307145,20476,12831
257.02948661799996,nodeapiserver,2782,43.29,19.8536794151039,165648,156068
257.02948661799996,nodescheduler,3993,0.61,0.992683970755195,22820,11946
257.02948661799996,nodecontroller,3746,4.13,1.98536794151039,49488,38624
257.02948661799996,nodelet,3156,3.82,1.98536794151039,27292,15209
257.02948661799996,nodeproxy,4175,0.0,0.0,16084,6796
257.02948661799996,containerd,2317,12.63,6.948787795286366,82684,81506
257.02948661799996,flanneld,3294,0.24,0.0,42000,42104
257.02948661799996,coredns,4467,2.16,0.992683970755195,66896,67212
258.03628077400003,nodestore,2459,20.93,9.93251693050085,20604,12831
258.03628077400003,nodeapiserver,2782,43.47,17.87853047490153,165544,156144
258.03628077400003,nodescheduler,3993,0.61,0.0,22820,11938
258.03628077400003,nodecontroller,3746,4.14,0.993251693050085,49488,38592
258.03628077400003,nodelet,3156,3.84,1.98650338610017,27292,15245
258.03628077400003,nodeproxy,4175,0.0,0.0,16084,6796
258.03628077400003,containerd,2317,12.67,3.97300677220034,82684,81506
258.03628077400003,flanneld,3294,0.24,0.0,42000,42104
258.03628077400003,coredns,4467,2.16,0.0,66896,67212
259.044295141,nodestore,2459,21.03,9.920493524077052,20604,12839
259.044295141,nodeapiserver,2782,43.62,14.880740286115577,165668,156200
259.044295141,nodescheduler,3993,0.61,0.0,22820,11930
259.044295141,nodecontroller,3746,4.15,0.9920493524077052,49488,38592
259.044295141,nodelet,3156,3.85,0.9920493524077052,27280,15249
259.044295141,nodeproxy,4175,0.0,0.0,16084,6796
259.044295141,containerd,2317,12.72,4.960246762038526,82812,81530
259.044295141,flanneld,3294,0.24,0.0,42000,42104
259.044295141,coredns,4467,2.18,1.9840987048154104,66896,67212
260.052445679,nodestore,2459,21.13,9.919153561965413,20456,12891
260.052445679,nodeapiserver,2782,43.82,19.838307123930825,165884,156220
260.052445679,nodescheduler,3993,0.61,0.0,22820,11930
260.052445679,nodecontroller,3746,4.18,2.9757460685896238,49488,38592
260.052445679,nodelet,3156,3.87,1.9838307123930823,27280,15249
260.052445679,nodeproxy,4175,0.0,0.0,16084,6796
260.052445679,containerd,2317,12.78,5.9514921371792475,82812,81530
260.052445679,flanneld,3294,0.25,0.9919153561965411,42000,42104
260.052445679,coredns,4467,2.18,0.0,66896,67212
261.057239118,nodestore,2459,21.24,10.947523712881596,20584,12839
261.057239118,nodeapiserver,2782,44.0,17.914129711988068,165896,156268
261.057239118,nodescheduler,3993,0.61,0.0,22820,11938
261.057239118,nodecontroller,3746,4.19,0.9952294284437815,49488,38592
261.057239118,nodelet,3156,3.9,2.9856882853313444,27280,15273
261.057239118,nodeproxy,4175,0.0,0.0,16084,6796
261.057239118,containerd,2317,12.85,6.966605999106472,82812,81530
261.057239118,flanneld,3294,0.25,0.0,42000,42104
261.057239118,coredns,4467,2.2,1.990458856887563,66896,67212
262.065918227,nodestore,2459,21.33,8.922560128089142,20400,12839
262.065918227,nodeapiserver,2782,44.14,13.879537977027555,165832,156112
262.065918227,nodescheduler,3993,0.61,0.0,22820,11930
262.065918227,nodecontroller,3746,4.2,0.9913955697876824,49488,38552
262.065918227,nodelet,3156,3.9,0.0,27280,15249
262.065918227,nodeproxy,4175,0.0,0.0,16084,6796
262.065918227,containerd,2317,12.87,1.9827911395753648,82812,81530
262.065918227,flanneld,3294,0.25,0.0,42000,42104
262.065918227,coredns,4467,2.2,0.0,66896,67212
263.07606025300004,nodestore,2459,21.48,14.849397029244493,20564,12879
263.07606025300004,nodeapiserver,2782,44.57,42.56827148383421,166420,156864
263.07606025300004,nodescheduler,3993,0.63,1.9799196038992657,22820,11954
263.07606025300004,nodecontroller,3746,4.27,6.929718613647431,49616,38568
263.07606025300004,nodelet,3156,3.92,1.9799196038992657,27280,15353
263.07606025300004,nodeproxy,4175,0.0,0.0,16084,6776
263.07606025300004,containerd,2317,12.99,11.879517623395595,82812,81536
263.07606025300004,flanneld,3294,0.25,0.0,42000,42104
263.07606025300004,coredns,4467,2.21,0.9899598019496328,66896,67212
264.10036185,nodestore,2459,21.69,20.501774146897567,20628,12839
264.10036185,nodeapiserver,2782,45.3,71.26807203445345,166716,157040
264.10036185,nodescheduler,3993,0.65,1.9525499187521493,22948,12006
264.10036185,nodecontroller,3746,4.34,6.833924715632524,50384,39488
264.10036185,nodelet,3156,3.99,6.833924715632524,27248,15613
264.10036185,nodeproxy,4175,0.01,0.9762749593760747,16084,6752
264.10036185,containerd,2317,13.22,22.45432406564972,83980,82909
264.10036185,flanneld,3294,0.25,0.0,42000,42104
264.10036185,coredns,4467,2.23,1.9525499187521493,66896,67216
265.14586748,nodestore,2459,21.88,18.173025046264332,20500,12839
265.14586748,nodeapiserver,2782,45.88,55.475550141227956,167228,157808
265.14586748,nodescheduler,3993,0.67,1.9129500048699297,22948,12090
265.14586748,nodecontroller,3746,4.45,10.521225026784613,50384,39532
265.14586748,nodelet,3156,4.04,4.782375012174824,27504,15765
265.14586748,nodeproxy,4175,0.03,1.9129500048699297,16212,6836
265.14586748,containerd,2317,13.51,27.737775070613978,86028,84878
265.14586748,flanneld,3294,0.25,0.0,42128,42104
265.14586748,coredns,4467,2.24,0.9564750024349649,66896,67216
266.15542338500006,nodestore,2459,22.08,19.810690919586676,20476,12923
266.15542338500006,nodeapiserver,2782,46.44,55.4699345748427,167908,158360
266.15542338500006,nodescheduler,3993,0.69,1.9810690919586675,22948,12166
266.15542338500006,nodecontroller,3746,4.53,7.92427636783467,50492,39500
266.15542338500006,nodelet,3156,4.09,4.952672729896669,27632,16025
266.15542338500006,nodeproxy,4175,0.03,0.0,16212,6832
266.15542338500006,containerd,2317,13.75,23.772829103504012,87696,86346
266.15542338500006,flanneld,3294,0.25,0.0,42128,42104
266.15542338500006,coredns,4467,2.26,1.9810690919586675,66896,67228
267.16672991300004,nodestore,2459,22.21,12.854658444368601,20600,12855
267.16672991300004,nodeapiserver,2782,46.75,30.653416290417432,168104,158656
267.16672991300004,nodescheduler,3993,0.7,0.9888198803360463,23076,12194
267.16672991300004,nodecontroller,3746,4.57,3.955279521344185,50492,39616
267.16672991300004,nodelet,3156,4.12,2.966459641008139,27760,15921
267.16672991300004,nodeproxy,4175,0.03,0.0,16212,6840
267.16672991300004,containerd,2317,13.82,6.921739162352325,88080,86902
267.16672991300004,flanneld,3294,0.25,0.0,42128,42104
267.16672991300004,coredns,4467,2.27,0.9888198803360463,66896,67232
268.19955970500007,nodestore,2459,22.3,8.713923697506726,20424,12855
268.19955970500007,nodeapiserver,2782,46.88,12.586778674176381,167960,158656
268.19955970500007,nodescheduler,3993,0.7,0.0,23076,12194
268.19955970500007,nodecontroller,3746,4.58,0.968213744167414,50492,39660
268.19955970500007,nodelet,3156,4.14,1.936427488334828,27760,15901
268.19955970500007,nodeproxy,4175,0.03,0.0,16212,6840
268.19955970500007,containerd,2317,13.88,5.809282465004483,88720,87590
268.19955970500007,flanneld,3294,0.25,0.0,42128,42104
268.19955970500007,coredns,4467,2.29,1.936427488334828,66896,67232
269.22258815200007,nodestore,2459,22.4,9.774899250675466,20516,12855
269.22258815200007,nodeapiserver,2782,47.07,18.572308576283383,168092,158748
269.22258815200007,nodescheduler,3993,0.7,0.0,23076,12202
269.22258815200007,nodecontroller,3746,4.59,0.9774899250675465,50620,39772
269.22258815200007,nodelet,3156,4.16,1.954979850135093,27884,16037
269.22258815200007,nodeproxy,4175,0.03,0.0,16212,6840
269.22258815200007,containerd,2317,13.94,5.864939550405279,89104,87886
269.22258815200007,flanneld,3294,0.25,0.0,42128,42104
269.22258815200007,coredns,4467,2.29,0.0,66896,67236
270.239627615,nodestore,2459,22.49,8.849214143031217,20388,12855
270.239627615,nodeapiserver,2782,47.19,11.79895219070829,168220,158748
270.239627615,nodescheduler,3993,0.7,0.0,23076,12218
270.239627615,nodecontroller,3746,4.6,0.9832460158923575,50748,39864
270.239627615,nodelet,3156,4.18,1.966492031784715,28012,16045
270.239627615,nodeproxy,4175,0.03,0.0,16212,6840
270.239627615,containerd,2317,13.98,3.93298406356943,89232,87970
270.239627615,flanneld,3294,0.26,0.9832460158923575,42128,42104
270.239627615,coredns,4467,2.3,0.9832460158923575,66896,67236
271.25020009700006,nodestore,2459,22.6,10.884919385722528,20588,12847
271.25020009700006,nodeapiserver,2782,47.37,17.81168626754595,168412,158812
271.25020009700006,nodescheduler,3993,0.71,0.9895381259747752,23076,12250
271.25020009700006,nodecontroller,3746,4.61,0.9895381259747752,51004,40120
271.25020009700006,nodelet,3156,4.19,0.9895381259747752,28012,16017
271.25020009700006,nodeproxy,4175,0.03,0.0,16212,6840
271.25020009700006,containerd,2317,14.04,5.937228755848651,89360,88026
271.25020009700006,flanneld,3294,0.26,0.0,42128,42104
271.25020009700006,coredns,4467,2.31,0.9895381259747752,66896,67236
272.260398873,nodestore,2459,22.69,8.90913770024274,20532,12855
272.260398873,nodeapiserver,2782,47.57,19.7980837783172,168512,158908
272.260398873,nodescheduler,3993,0.71,0.0,23076,12274
272.260398873,nodecontroller,3746,4.63,1.97980837783172,51132,40340
272.260398873,nodelet,3156,4.2,0.98990418891586,28012,16025
272.260398873,nodeproxy,4175,0.03,0.0,16212,6840
272.260398873,containerd,2317,14.08,3.95961675566344,89628,88145
272.260398873,flanneld,3294,0.26,0.0,42128,42104
272.260398873,coredns,4467,2.32,0.98990418891586,66896,67248
273.29064480600005,nodestore,2459,22.78,8.735778236747938,20532,12855
273.29064480600005,nodeapiserver,2782,47.71,13.588988368274572,168512,158908
273.29064480600005,nodescheduler,3993,0.71,0.0,23076,12286
273.29064480600005,nodecontroller,3746,4.65,1.941284052610653,51132,40404
273.29064480600005,nodelet,3156,4.21,0.9706420263053265,28012,16017
273.29064480600005,nodeproxy,4175,0.03,0.0,16212,6840
273.29064480600005,containerd,2317,14.12,3.882568105221306,89628,88178
273.29064480600005,flanneld,3294,0.26,0.0,42128,42104
273.29064480600005,coredns,4467,2.33,0.9706420263053265,66896,67248
274.298217013,nodestore,2459,22.88,9.924847004042528,20356,12855
274.298217013,nodeapiserver,2782,47.91,19.849694008085056,168592,159028
274.298217013,nodescheduler,3993,0.71,0.0,23076,12314
274.298217013,nodecontroller,3746,4.67,1.9849694008085055,52156,41324
274.298217013,nodelet,3156,4.23,1.9849694008085055,28012,16021
274.298217013,nodeproxy,4175,0.03,0.0,16212,6840
274.298217013,containerd,2317,14.17,4.962423502021264,89764,88238
274.298217013,flanneld,3294,0.26,0.0,42128,42104
274.298217013,coredns,4467,2.34,0.9924847004042527,66896,67248
275.308694427,nodestore,2459,22.99,10.885943463552,20416,12855
275.308694427,nodeapiserver,2782,48.09,17.81336203126691,168748,159084
275.308694427,nodescheduler,3993,0.72,0.9896312239592727,23076,12318
275.308694427,nodecontroller,3746,4.68,0.9896312239592727,52284,41388
275.308694427,nodelet,3156,4.23,0.0,28012,16029
275.308694427,nodeproxy,4175,0.03,0.0,16212,6840
275.308694427,containerd,2317,14.21,3.958524895837091,89764,88304
275.308694427,flanneld,3294,0.26,0.0,42128,42104
275.308694427,coredns,4467,2.34,0.0,66896,67248
276.324916305,nodestore,2459,23.08,8.856333636225758,20276,12847
276.324916305,nodeapiserver,2782,48.23,13.776518989684515,168748,159088
276.324916305,nodescheduler,3993,0.72,0.0,23076,12330
276.324916305,nodecontroller,3746,4.69,0.984037070691751,52284,41396
276.324916305,nodelet,3156,4.24,0.984037070691751,28012,16021
276.324916305,nodeproxy,4175,0.03,0.0,16212,6840
276.324916305,containerd,2317,14.24,2.952111212075253,89764,88306
276.324916305,flanneld,3294,0.26,0.0,42128,42104
276.324916305,coredns,4467,2.36,1.968074141383502,66896,67248
277.33336042300004,nodestore,2459,23.19,10.907892468861007,20352,12855
277.33336042300004,nodeapiserver,2782,48.42,18.840905173487194,168728,159144
277.33336042300004,nodescheduler,3993,0.72,0.0,23076,12330
277.33336042300004,nodecontroller,3746,4.71,1.9832531761565468,52412,41564
277.33336042300004,nodelet,3156,4.26,1.9832531761565468,28012,16021
277.33336042300004,nodeproxy,4175,0.03,0.0,16212,6840
277.33336042300004,containerd,2317,14.29,4.958132940391367,89764,88370
277.33336042300004,flanneld,3294,0.26,0.0,42128,42104
277.33336042300004,coredns,4467,2.37,0.9916265880782734,66896,67256
278.342310227,nodestore,2459,23.28,8.920166260323231,20472,12855
278.342310227,nodeapiserver,2782,48.58,15.858073351685743,168792,159208
278.342310227,nodescheduler,3993,0.72,0.0,23204,12354
278.342310227,nodecontroller,3746,4.72,0.9911295844803589,52540,41792
278.342310227,nodelet,3156,4.27,0.9911295844803589,28012,16053
278.342310227,nodeproxy,4175,0.03,0.0,16212,6840
278.342310227,containerd,2317,14.33,3.9645183379214357,89892,88424
278.342310227,flanneld,3294,0.26,0.0,42128,42104
278.342310227,coredns,4467,2.37,0.0,66896,67256
279.35544235300006,nodestore,2459,23.37,8.883342822749803,20420,12855
279.35544235300006,nodeapiserver,2782,48.75,16.779647554082963,168860,159280
279.35544235300006,nodescheduler,3993,0.72,0.0,23204,12362
279.35544235300006,nodecontroller,3746,4.74,1.9740761828332898,52668,41868
279.35544235300006,nodelet,3156,4.29,1.9740761828332898,28000,16081
279.35544235300006,nodeproxy,4175,0.03,0.0,16212,6840
279.35544235300006,containerd,2317,14.4,6.909266639916515,89892,88462
279.35544235300006,flanneld,3294,0.26,0.0,42128,42104
279.35544235300006,coredns,4467,2.39,1.9740761828332898,66896,67256
280.36388460600006,nodestore,2459,23.47,9.916284219796585,20364,12839
280.36388460600006,nodeapiserver,2782,48.94,18.840940017613512,168900,159292
280.36388460600006,nodescheduler,3993,0.72,0.0,23204,12394
280.36388460600006,nodecontroller,3746,4.76,1.9832568439593172,53052,42140
280.36388460600006,nodelet,3156,4.31,1.9832568439593172,28000,16101
280.36388460600006,nodeproxy,4175,0.03,0.0,16212,6840
280.36388460600006,containerd,2317,14.45,4.958142109898293,89892,88522
280.36388460600006,flanneld,3294,0.26,0.0,42128,42104
280.36388460600006,coredns,4467,2.39,0.0,66896,67256
281.371574745,nodestore,2459,23.58,10.916054027200202,20456,12923
281.371574745,nodeapiserver,2782,49.17,22.824476602327692,168860,159384
281.371574745,nodescheduler,3993,0.72,0.0,23204,12406
281.371574745,nodecontroller,3746,4.78,1.984737095854582,54200,43088
281.371574745,nodelet,3156,4.31,0.0,28000,16101
281.371574745,nodeproxy,4175,0.03,0.0,16212,6840
281.371574745,containerd,2317,14.47,1.984737095854582,89892,88578
281.371574745,flanneld,3294,0.26,0.0,42128,42104
281.371574745,coredns,4467,2.4,0.992368547927291,66896,67256
282.3882826170001,nodestore,2459,23.67,8.852100242220942,20584,12855
282.3882826170001,nodeapiserver,2782,49.31,13.769933710121467,168860,159424
282.3882826170001,nodescheduler,3993,0.72,0.0,23204,12422
282.3882826170001,nodecontroller,3746,4.79,0.9835666935801047,54200,43076
282.3882826170001,nodelet,3156,4.33,1.9671333871602095,28000,16069
282.3882826170001,nodeproxy,4175,0.03,0.0,16212,6840
282.3882826170001,containerd,2317,14.54,6.884966855060734,91968,90650
282.3882826170001,flanneld,3294,0.26,0.0,42128,42104
282.3882826170001,coredns,4467,2.41,0.9835666935801047,66896,67256
283.39583588900007,nodestore,2459,23.77,9.925033522197767,20524,12855
283.39583588900007,nodeapiserver,2782,49.51,19.850067044395534,169172,159496
283.39583588900007,nodescheduler,3993,0.73,0.9925033522197766,23204,12442
283.39583588900007,nodecontroller,3746,4.82,2.9775100566593298,54328,43228
283.39583588900007,nodelet,3156,4.35,1.9850067044395532,28000,16069
283.39583588900007,nodeproxy,4175,0.03,0.0,16212,6840
283.39583588900007,containerd,2317,14.58,3.9700134088791064,92108,90714
283.39583588900007,flanneld,3294,0.26,0.0,42128,42104
283.39583588900007,coredns,4467,2.42,0.9925033522197766,66896,67256
284.40328951000004,nodestore,2459,23.87,9.92601524432887,20588,12855
284.40328951000004,nodeapiserver,2782,49.68,16.874225915359077,169268,159572
284.40328951000004,nodescheduler,3993,0.73,0.0,23204,12450
284.40328951000004,nodecontroller,3746,4.83,0.992601524432887,54328,43348
284.40328951000004,nodelet,3156,4.35,0.0,28000,16077
284.40328951000004,nodeproxy,4175,0.03,0.0,16212,6840
284.40328951000004,containerd,2317,14.61,2.977804573298661,92108,90734
284.40328951000004,flanneld,3294,0.27,0.992601524432887,42128,42104
284.40328951000004,coredns,4467,2.43,0.992601524432887,66896,67256
285.41086663,nodestore,2459,23.98,10.917278470952711,20436,12899
285.41086663,nodeapiserver,2782,49.83,14.887197914935516,169128,159572
285.41086663,nodescheduler,3993,0.73,0.0,23204,12454
285.41086663,nodecontroller,3746,4.84,0.9924798609957011,54328,43352
285.41086663,nodelet,3156,4.37,1.9849597219914021,28000,16081
285.41086663,nodeproxy,4175,0.03,0.0,16212,6840
285.41086663,containerd,2317,14.67,5.954879165974207,90828,89418
285.41086663,flanneld,3294,0.27,0.0,42128,42104
285.41086663,coredns,4467,2.43,0.0,66896,67256
286.41929562100006,nodestore,2459,24.08,9.916414630327969,20488,12855
286.41929562100006,nodeapiserver,2782,50.03,19.832829260655938,169220,159652
286.41929562100006,nodescheduler,3993,0.73,0.0,23204,12466
286.41929562100006,nodecontroller,3746,4.86,1.9832829260655938,54584,43532
286.41929562100006,nodelet,3156,4.38,0.9916414630327969,28000,16117
286.41929562100006,nodeproxy,4175,0.03,0.0,16212,6840
286.41929562100006,containerd,2317,14.72,4.9582073151639845,90828,89482
286.41929562100006,flanneld,3294,0.27,0.0,42128,42104
286.41929562100006,coredns,4467,2.44,0.9916414630327969,66896,67256
287.427481423,nodestore,2459,24.18,9.918806612990196,20704,12855
287.427481423,nodeapiserver,2782,50.2,16.86197124208333,169212,159716
287.427481423,nodescheduler,3993,0.73,0.0,23204,12482
287.427481423,nodecontroller,3746,4.88,1.9837613225980393,54840,43736
287.427481423,nodelet,3156,4.39,0.9918806612990196,28128,16113
287.427481423,nodeproxy,4175,0.03,0.0,16212,6840
287.427481423,containerd,2317,14.74,1.9837613225980393,90828,89514
287.427481423,flanneld,3294,0.27,0.0,42128,42104
287.427481423,coredns,4467,2.45,0.9918806612990196,66896,67256
288.44116962600003,nodestore,2459,24.27,8.878469704357274,20704,12855
288.44116962600003,nodeapiserver,2782,50.34,13.810952873444649,169212,159716
288.44116962600003,nodescheduler,3993,0.73,0.0,23204,12494
288.44116962600003,nodecontroller,3746,4.89,0.9864966338174748,54840,43812
288.44116962600003,nodelet,3156,4.4,0.9864966338174748,28000,16105
288.44116962600003,nodeproxy,4175,0.03,0.0,16212,6840
288.44116962600003,containerd,2317,14.78,3.945986535269899,90828,89538
288.44116962600003,flanneld,3294,0.27,0.0,42128,42104
288.44116962600003,coredns,4467,2.46,0.9864966338174748,66896,67260
289.45207907300005,nodestore,2459,24.37,9.89208284646669,20672,12839
289.45207907300005,nodeapiserver,2782,50.53,18.794957408286713,169416,159888
289.45207907300005,nodescheduler,3993,0.73,0.0,23204,12514
289.45207907300005,nodecontroller,3746,4.9,0.9892082846466691,54968,44112
289.45207907300005,nodelet,3156,4.43,2.9676248539400074,27920,16133
289.45207907300005,nodeproxy,4175,0.03,0.0,16212,6840
289.45207907300005,containerd,2317,14.87,8.902874561820022,92000,90806
289.45207907300005,flanneld,3294,0.28,0.9892082846466691,41868,41784
289.45207907300005,coredns,4467,2.46,0.0,66896,67264
290.460779289,nodestore,2459,24.48,10.905123073752147,20580,12839
290.460779289,nodeapiserver,2782,50.71,17.84474684795806,169440,159972
290.460779289,nodescheduler,3993,0.73,0.0,23204,12522
290.460779289,nodecontroller,3746,4.91,0.9913748248865588,55096,44308
290.460779289,nodelet,3156,4.43,0.0,27920,16141
290.460779289,nodeproxy,4175,0.03,0.0,16212,6840
290.460779289,containerd,2317,14.89,1.9827496497731176,92000,90841
290.460779289,flanneld,3294,0.28,0.0,41868,41784
290.460779289,coredns,4467,2.47,0.9913748248865588,66896,67264
291.499413084,nodestore,2459,24.58,9.628032563681318,20400,12839
291.499413084,nodeapiserver,2782,50.85,13.479245589153846,169440,159984
291.499413084,nodescheduler,3993,0.74,0.9628032563681318,23332,12550
291.499413084,nodecontroller,3746,4.94,2.8884097691043955,55224,44380
291.499413084,nodelet,3156,4.44,0.9628032563681318,27920,16109
291.499413084,nodeproxy,4175,0.03,0.0,16212,6840
291.499413084,containerd,2317,14.94,4.814016281840659,92128,90910
291.499413084,flanneld,3294,0.28,0.0,41868,41784
291.499413084,coredns,4467,2.49,1.9256065127362636,66896,67268
292.5077948200001,nodestore,2459,24.68,9.916879335465808,20636,12847
292.5077948200001,nodeapiserver,2782,51.05,19.833758670931616,169576,160024
292.5077948200001,nodescheduler,3993,0.75,0.9916879335465807,23332,12566
292.5077948200001,nodecontroller,3746,4.95,0.9916879335465807,55480,44644
292.5077948200001,nodelet,3156,4.46,1.9833758670931614,27920,16109
292.5077948200001,nodeproxy,4175,0.03,0.0,16212,6840
292.5077948200001,containerd,2317,15.02,7.9335034683726455,94432,93030
292.5077948200001,flanneld,3294,0.28,0.0,41868,41784
292.5077948200001,coredns,4467,2.49,0.0,66896,67268
293.52198776800003,nodestore,2459,24.78,9.860056727588688,20464,12855
293.52198776800003,nodeapiserver,2782,51.25,19.720113455177376,169576,160084
293.52198776800003,nodescheduler,3993,0.75,0.0,23332,12590
293.52198776800003,nodecontroller,3746,4.99,3.9440226910354754,55212,44344
293.52198776800003,nodelet,3156,4.48,1.9720113455177377,28304,16621
293.52198776800003,nodeproxy,4175,0.03,0.0,16212,6840
293.52198776800003,containerd,2317,15.14,11.832068073106425,94432,93076
293.52198776800003,flanneld,3294,0.28,0.0,41868,41784
293.52198776800003,coredns,4467,2.49,0.0,66896,67268
294.732331864,nodestore,2459,24.89,9.088324581706605,20536,12855
294.732331864,nodeapiserver,2782,51.62,30.56981904755858,169932,160212
294.732331864,nodescheduler,3993,0.76,0.8262113256096912,23332,12418
294.732331864,nodecontroller,3746,5.03,3.304845302438765,54488,43528
294.732331864,nodelet,3156,4.54,4.957267953658148,28432,16425
294.732331864,nodeproxy,4175,0.03,0.0,16212,6840
294.732331864,containerd,2317,15.55,33.874664349997346,96204,94729
294.732331864,flanneld,3294,0.28,0.0,41868,41784
294.732331864,coredns,4467,2.51,1.6524226512193825,66896,67268
295.74883181300004,nodestore,2459,25.0,10.821446681646234,20536,12847
295.74883181300004,nodeapiserver,2782,51.88,25.5779648838911,169932,160208
295.74883181300004,nodescheduler,3993,0.76,0.0,23332,12366
295.74883181300004,nodecontroller,3746,5.06,2.9513036404489728,54488,43372
295.74883181300004,nodelet,3156,4.57,2.9513036404489728,28164,16185
295.74883181300004,nodeproxy,4175,0.04,0.9837678801496577,16212,6836
295.74883181300004,containerd,2317,15.82,26.561732764040755,87544,86404
295.74883181300004,flanneld,3294,0.28,0.0,41868,41784
295.74883181300004,coredns,4467,2.52,0.9837678801496577,66896,67272
296.772711622,nodestore,2459,25.12,11.72012563830209,20388,12847
296.772711622,nodeapiserver,2782,52.14,25.393605549654527,169796,160280
296.772711622,nodescheduler,3993,0.77,0.9766771365251741,23332,12326
296.772711622,nodecontroller,3746,5.1,3.9067085461006963,54488,43128
296.772711622,nodelet,3156,4.6,2.9300314095755224,27768,15721
296.772711622,nodeproxy,4175,0.05,0.9766771365251741,16212,6832
296.772711622,containerd,2317,15.94,11.72012563830209,86592,85214
296.772711622,flanneld,3294,0.28,0.0,41868,41784
296.772711622,coredns,4467,2.54,1.9533542730503481,66896,67280
297.7810142750001,nodestore,2459,25.23,10.909422847664471,20516,12847
297.7810142750001,nodeapiserver,2782,52.33,18.843548555056813,169752,160336
297.7810142750001,nodescheduler,3993,0.77,0.0,23200,12286
297.7810142750001,nodecontroller,3746,5.11,0.9917657134240428,54360,43120
297.7810142750001,nodelet,3156,4.62,1.9835314268480857,27768,15721
297.7810142750001,nodeproxy,4175,0.05,0.0,16212,6832
297.7810142750001,containerd,2317,16.01,6.942359993968301,80868,79414
297.7810142750001,flanneld,3294,0.28,0.0,41868,41784
297.7810142750001,coredns,4467,2.54,0.0,66896,67280
298.78721247,nodestore,2459,25.36,12.919919817587381,20516,12855
298.78721247,nodeapiserver,2782,52.54,20.870639705333463,169984,160408
298.78721247,nodescheduler,3993,0.77,0.0,23200,12286
298.78721247,nodecontroller,3746,5.13,1.9876799719365201,54360,43248
298.78721247,nodelet,3156,4.64,1.9876799719365201,27632,15729
298.78721247,nodeproxy,4175,0.05,0.0,16212,6832
298.78721247,containerd,2317,16.09,7.9507198877460805,80576,79234
298.78721247,flanneld,3294,0.28,0.0,41868,41784
298.78721247,coredns,4467,2.55,0.9938399859682601,66896,67280
299.8163030420001,nodestore,2459,25.47,10.689049437719536,20516,12855
299.8163030420001,nodeapiserver,2782,52.68,13.604244738915774,170004,160396
299.8163030420001,nodescheduler,3993,0.77,0.0,23200,12278
299.8163030420001,nodecontroller,3746,5.14,0.9717317670654124,54360,43248
299.8163030420001,nodelet,3156,4.65,0.9717317670654124,27632,15733
299.8163030420001,nodeproxy,4175,0.05,0.0,16212,6832
299.8163030420001,containerd,2317,16.1,0.9717317670654124,80576,79234
299.8163030420001,flanneld,3294,0.28,0.0,41868,41784
299.8163030420001,coredns,4467,2.56,0.9717317670654124,66896,67280
300.829180563,nodestore,2459,25.58,10.860148213320393,20636,12847
300.829180563,nodeapiserver,2782,52.86,17.771151621797006,170060,160448
300.829180563,nodescheduler,3993,0.78,0.9872862012109449,23200,12282
300.829180563,nodecontroller,3746,5.16,1.9745724024218898,54360,43248
300.829180563,nodelet,3156,4.67,1.9745724024218898,27632,15737
300.829180563,nodeproxy,4175,0.05,0.0,16212,6832
300.829180563,containerd,2317,16.18,7.898289609687559,80576,79238
300.829180563,flanneld,3294,0.28,0.0,41868,41784
300.829180563,coredns,4467,2.57,0.9872862012109449,66896,67284
