elapsed_seconds,component,pid,cpu_seconds,cpu_pct_one_core,rss_kib,pss_kib
1.0003931900000111,nodestore,4298,0.09,8.996462680838421,63732,64084
1.0003931900000111,nodeapiserver,4294,0.31,30.987815900665673,343396,343516
1.0003931900000111,nodescheduler,4266,0.01,0.9996069645376023,65376,65784
1.0003931900000111,nodecontroller,4272,0.02,1.9992139290752047,128400,128716
1.0003931900000111,nodelet,4429,0.06,5.997641787225614,101428,99392
1.0003931900000111,nodeproxy,4625,0.0,0.0,50648,51028
1.0003931900000111,containerd,3704,0.06,5.997641787225614,94472,93205
1.0003931900000111,flanneld,5249,0.0,0.0,48116,48484
1.0003931900000111,coredns,4946,0.02,1.9992139290752047,65836,42454
1.0003931900000111,coredns,4956,0.01,0.9996069645376023,65332,42022
2.014326234000009,nodestore,4298,0.17,7.890067344525774,63732,64112
2.014326234000009,nodeapiserver,4294,0.56,24.656460451643046,343396,343528
2.014326234000009,nodescheduler,4266,0.01,0.0,65376,65784
2.014326234000009,nodecontroller,4272,0.04,1.9725168361314436,128400,128716
2.014326234000009,nodelet,4429,0.08,1.9725168361314436,101428,99396
2.014326234000009,nodeproxy,4625,0.0,0.0,50648,51028
2.014326234000009,containerd,3704,0.07,0.9862584180657218,94472,93205
2.014326234000009,flanneld,5249,0.0,0.0,48116,48484
2.014326234000009,coredns,4946,0.02,0.0,65836,42458
2.014326234000009,coredns,4956,0.01,0.0,65332,42026
3.0262914369999976,nodestore,4298,0.27,9.881762703257806,63732,64144
3.0262914369999976,nodeapiserver,4294,0.82,25.692583028470295,343396,343544
3.0262914369999976,nodescheduler,4266,0.02,0.9881762703257806,65376,65784
3.0262914369999976,nodecontroller,4272,0.07,2.9645288109773418,128400,128716
3.0262914369999976,nodelet,4429,0.12,3.9527050813031224,101428,99396
3.0262914369999976,nodeproxy,4625,0.0,0.0,50648,51028
3.0262914369999976,containerd,3704,0.12,4.940881351628903,94472,93281
3.0262914369999976,flanneld,5249,0.01,0.9881762703257806,48500,48808
3.0262914369999976,coredns,4946,0.03,0.9881762703257806,65836,42458
3.0262914369999976,coredns,4956,0.02,0.9881762703257806,65332,42034
4.04022642000001,nodestore,4298,0.37,9.862565319930257,63732,64180
4.04022642000001,nodeapiserver,4294,1.23,40.43651781171405,345316,345460
4.04022642000001,nodescheduler,4266,0.02,0.0,65376,65784
4.04022642000001,nodecontroller,4272,0.11,3.945026127972102,128400,128720
4.04022642000001,nodelet,4429,0.18,5.917539191958153,101428,99408
4.04022642000001,nodeproxy,4625,0.0,0.0,50648,51028
4.04022642000001,containerd,3704,0.13,0.9862565319930255,94472,93285
4.04022642000001,flanneld,5249,0.01,0.0,48500,48808
4.04022642000001,coredns,4946,0.03,0.0,65836,42458
4.04022642000001,coredns,4956,0.02,0.0,65332,42042
5.052464110000017,nodestore,4298,0.48,10.867012865328036,63864,64308
5.052464110000017,nodeapiserver,4294,1.56,32.60103859598411,345316,345524
5.052464110000017,nodescheduler,4266,0.05,2.9637307814531004,65504,65852
5.052464110000017,nodecontroller,4272,0.15,3.9516410419374672,128400,128720
5.052464110000017,nodelet,4429,0.24,5.927461562906201,101428,99410
5.052464110000017,nodeproxy,4625,0.0,0.0,50648,51028
5.052464110000017,containerd,3704,0.18,4.939551302421834,94736,93360
5.052464110000017,flanneld,5249,0.01,0.0,48500,48808
5.052464110000017,coredns,4946,0.04,0.9879102604843668,65836,42458
5.052464110000017,coredns,4956,0.04,1.9758205209687336,65332,42042
6.122817433000023,nodestore,4298,0.6,11.211251221574365,63864,64512
6.122817433000023,nodeapiserver,4294,1.88,29.896669924198306,345316,345536
6.122817433000023,nodescheduler,4266,0.06,0.9342709351311971,65504,65856
6.122817433000023,nodecontroller,4272,0.19,3.7370837405247883,128400,128732
6.122817433000023,nodelet,4429,0.42,16.816876832361547,101940,100013
6.122817433000023,nodeproxy,4625,0.0,0.0,50648,51028
6.122817433000023,containerd,3704,0.38,18.68541870262394,95000,93751
6.122817433000023,flanneld,5249,0.03,1.8685418702623942,48756,49048
6.122817433000023,coredns,4946,0.05,0.9342709351311971,65836,42458
6.122817433000023,coredns,4956,0.04,0.0,65332,42042
7.143935995000049,nodestore,4298,0.74,13.710454907977315,63996,64680
7.143935995000049,nodeapiserver,4294,2.25,36.234773685368616,345444,345744
7.143935995000049,nodescheduler,4266,0.07,0.9793182077126653,65504,65856
7.143935995000049,nodecontroller,4272,0.25,5.875909246275992,128400,128760
7.143935995000049,nodelet,4429,0.49,6.8552274539886575,102324,100107
7.143935995000049,nodeproxy,4625,0.0,0.0,50648,51028
7.143935995000049,containerd,3704,0.42,3.9172728308506612,95000,93769
7.143935995000049,flanneld,5249,0.03,0.0,48756,49048
7.143935995000049,coredns,4946,0.06,0.9793182077126653,65836,42470
7.143935995000049,coredns,4956,0.05,0.9793182077126653,65332,42042
8.164004962000035,nodestore,4298,0.82,7.842606979337809,64308,64800
8.164004962000035,nodeapiserver,4294,2.55,29.409776172516786,345444,345764
8.164004962000035,nodescheduler,4266,0.09,1.9606517448344523,65504,65860
8.164004962000035,nodecontroller,4272,0.29,3.9213034896689045,128400,128760
8.164004962000035,nodelet,4429,0.58,8.822932851755036,102324,100211
8.164004962000035,nodeproxy,4625,0.0,0.0,50648,51028
8.164004962000035,containerd,3704,0.5,7.842606979337809,95000,93789
8.164004962000035,flanneld,5249,0.04,0.9803258724172261,48756,49048
8.164004962000035,coredns,4946,0.06,0.0,65836,42470
8.164004962000035,coredns,4956,0.05,0.0,65332,42046
9.188110069000004,nodestore,4298,0.91,8.788160451972315,64308,64848
9.188110069000004,nodeapiserver,4294,2.83,27.34094362835832,345444,345768
9.188110069000004,nodescheduler,4266,0.09,0.0,65504,65864
9.188110069000004,nodecontroller,4272,0.31,1.9529245448827368,128400,128760
9.188110069000004,nodelet,4429,0.65,6.83523590708958,102324,100223
9.188110069000004,nodeproxy,4625,0.0,0.0,50648,51028
9.188110069000004,containerd,3704,0.53,2.9293868173241053,95000,93849
9.188110069000004,flanneld,5249,0.04,0.0,48756,49048
9.188110069000004,coredns,4946,0.07,0.9764622724413684,65836,42470
9.188110069000004,coredns,4956,0.07,1.9529245448827368,65332,42050
10.21078779200002,nodestore,4298,1.01,9.778251520591548,64308,64876
10.21078779200002,nodeapiserver,4294,3.1,26.401279105597176,345444,345780
10.21078779200002,nodescheduler,4266,0.11,1.9556503041183093,65504,65872
10.21078779200002,nodecontroller,4272,0.33,1.9556503041183093,128400,128764
10.21078779200002,nodelet,4429,0.71,5.866950912354929,102324,100227
10.21078779200002,nodeproxy,4625,0.0,0.0,50648,51028
10.21078779200002,containerd,3704,0.59,5.866950912354929,95256,94057
10.21078779200002,flanneld,5249,0.04,0.0,48756,49048
10.21078779200002,coredns,4946,0.08,0.9778251520591547,65836,42470
10.21078779200002,coredns,4956,0.07,0.0,65332,42050
11.22464985800002,nodestore,4298,1.09,7.890619708815487,64308,64900
11.22464985800002,nodeapiserver,4294,3.35,24.6581865900484,345444,345796
11.22464985800002,nodescheduler,4266,0.11,0.0,65504,65872
11.22464985800002,nodecontroller,4272,0.36,2.9589823908058075,128400,128768
11.22464985800002,nodelet,4429,0.73,1.9726549272038718,102324,100227
11.22464985800002,nodeproxy,4625,0.0,0.0,50648,51028
11.22464985800002,containerd,3704,0.63,3.9453098544077436,95256,94057
11.22464985800002,flanneld,5249,0.04,0.0,48756,49048
11.22464985800002,coredns,4946,0.09,0.9863274636019359,65836,42470
11.22464985800002,coredns,4956,0.07,0.0,65332,42050
12.24565018200002,nodestore,4298,1.22,12.732611042736565,64584,65060
12.24565018200002,nodeapiserver,4294,3.83,47.012717696258086,351972,352336
12.24565018200002,nodescheduler,4266,0.13,1.9588632373440868,65504,65872
12.24565018200002,nodecontroller,4272,0.41,4.8971580933602175,128400,128788
12.24565018200002,nodelet,4429,0.82,8.814884568048392,104484,102403
12.24565018200002,nodeproxy,4625,0.02,1.9588632373440868,50648,51028
12.24565018200002,containerd,3704,0.66,2.9382948560161304,95256,94057
12.24565018200002,flanneld,5249,0.04,0.0,48756,49048
12.24565018200002,coredns,4946,0.1,0.9794316186720434,65836,42474
12.24565018200002,coredns,4956,0.09,1.9588632373440868,65332,42074
13.27772789300002,nodestore,4298,1.29,6.782435009876892,64584,65064
13.27772789300002,nodeapiserver,4294,4.1,26.160820752382293,351972,352344
13.27772789300002,nodescheduler,4266,0.14,0.9689192871252701,65504,65872
13.27772789300002,nodecontroller,4272,0.47,5.813515722751621,128528,128856
13.27772789300002,nodelet,4429,0.85,2.9067578613758105,104484,102415
13.27772789300002,nodeproxy,4625,0.02,0.0,50648,51028
13.27772789300002,containerd,3704,0.68,1.9378385742505402,95256,94057
13.27772789300002,flanneld,5249,0.06,1.9378385742505402,48604,48856
13.27772789300002,coredns,4946,0.1,0.0,65836,42478
13.27772789300002,coredns,4956,0.09,0.0,65332,42074
14.305886716000032,nodestore,4298,1.41,11.671348561680198,64584,65132
14.305886716000032,nodeapiserver,4294,4.4,29.178371404200494,351972,352352
14.305886716000032,nodescheduler,4266,0.15,0.9726123801400164,65504,65872
14.305886716000032,nodecontroller,4272,0.5,2.9178371404200494,128528,128864
14.305886716000032,nodelet,4429,0.91,5.835674280840099,104484,102419
14.305886716000032,nodeproxy,4625,0.02,0.0,50648,51028
14.305886716000032,containerd,3704,0.75,6.808286660980116,95392,94137
14.305886716000032,flanneld,5249,0.06,0.0,48604,48856
14.305886716000032,coredns,4946,0.11,0.9726123801400164,65836,42486
14.305886716000032,coredns,4956,0.1,0.9726123801400164,65332,42078
15.32838937300005,nodestore,4298,1.49,7.823940549427695,64584,65148
15.32838937300005,nodeapiserver,4294,4.68,27.383791922996934,351972,352356
15.32838937300005,nodescheduler,4266,0.16,0.9779925686784618,65504,65872
15.32838937300005,nodecontroller,4272,0.53,2.9339777060353853,128528,128872
15.32838937300005,nodelet,4429,0.94,2.9339777060353853,104484,102419
15.32838937300005,nodeproxy,4625,0.02,0.0,50648,51028
15.32838937300005,containerd,3704,0.78,2.9339777060353853,95520,94149
15.32838937300005,flanneld,5249,0.06,0.0,48604,48856
15.32838937300005,coredns,4946,0.13,1.9559851373569237,65836,42490
15.32838937300005,coredns,4956,0.11,0.9779925686784618,65332,42078
16.352828389000024,nodestore,4298,1.58,8.785296010241208,64584,65176
16.352828389000024,nodeapiserver,4294,4.94,25.379744029585712,351972,352360
16.352828389000024,nodescheduler,4266,0.17,0.976144001137912,65504,65872
16.352828389000024,nodecontroller,4272,0.56,2.9284320034137363,128528,128872
16.352828389000024,nodelet,4429,0.99,4.88072000568956,104484,102423
16.352828389000024,nodeproxy,4625,0.02,0.0,50648,51028
16.352828389000024,containerd,3704,0.79,0.976144001137912,95520,94161
16.352828389000024,flanneld,5249,0.06,0.0,48604,48856
16.352828389000024,coredns,4946,0.13,0.0,65836,42490
16.352828389000024,coredns,4956,0.11,0.0,65332,42086
17.381327825000028,nodestore,4298,1.7,11.6674833062329,64756,65340
17.381327825000028,nodeapiserver,4294,5.3,35.002449918698694,351972,352384
17.381327825000028,nodescheduler,4266,0.18,0.9722902755194083,65632,65880
17.381327825000028,nodecontroller,4272,0.62,5.83374165311645,128528,128888
17.381327825000028,nodelet,4429,1.11,11.6674833062329,106876,104691
17.381327825000028,nodeproxy,4625,0.02,0.0,50648,51028
17.381327825000028,containerd,3704,0.87,7.778322204155266,95652,94249
17.381327825000028,flanneld,5249,0.06,0.0,48604,48856
17.381327825000028,coredns,4946,0.13,0.0,65836,42494
17.381327825000028,coredns,4956,0.12,0.9722902755194083,65332,42086
18.40335254400003,nodestore,4298,1.86,15.655198648869456,64888,65568
18.40335254400003,nodeapiserver,4294,5.71,40.11644653772798,351972,352404
18.40335254400003,nodescheduler,4266,0.21,2.935349746663023,65632,65880
18.40335254400003,nodecontroller,4272,0.68,5.870699493326046,128528,128916
18.40335254400003,nodelet,4429,1.29,17.612098479978137,106876,104741
18.40335254400003,nodeproxy,4625,0.02,0.0,50648,51032
18.40335254400003,containerd,3704,1.06,18.59054839553248,95652,94584
18.40335254400003,flanneld,5249,0.08,1.956899831108682,48604,48856
18.40335254400003,coredns,4946,0.15,1.956899831108682,65836,42502
18.40335254400003,coredns,4956,0.13,0.978449915554341,65332,42094
19.422326502000033,nodestore,4298,1.94,7.85103479553299,65020,65612
19.422326502000033,nodeapiserver,4294,5.97,25.515863085482216,351972,352404
19.422326502000033,nodescheduler,4266,0.22,0.9813793494416237,65632,65884
19.422326502000033,nodecontroller,4272,0.71,2.944138048324871,128528,128916
19.422326502000033,nodelet,4429,1.39,9.813793494416236,106876,104747
19.422326502000033,nodeproxy,4625,0.02,0.0,50648,51068
19.422326502000033,containerd,3704,1.13,6.869655446091366,95944,94673
19.422326502000033,flanneld,5249,0.08,0.0,48604,48856
19.422326502000033,coredns,4946,0.15,0.0,65964,42534
19.422326502000033,coredns,4956,0.14,0.9813793494416237,65332,42066
20.437760445000038,nodestore,4298,2.02,7.878405144075394,65020,65652
20.437760445000038,nodeapiserver,4294,6.35,37.42242443435812,352100,352536
20.437760445000038,nodescheduler,4266,0.22,0.0,65632,65884
20.437760445000038,nodecontroller,4272,0.73,1.9696012860188485,128528,128916
20.437760445000038,nodelet,4429,1.42,2.954401929028273,106876,104755
20.437760445000038,nodeproxy,4625,0.02,0.0,50648,51068
20.437760445000038,containerd,3704,1.16,2.954401929028273,95944,94705
20.437760445000038,flanneld,5249,0.08,0.0,48604,48856
20.437760445000038,coredns,4946,0.16,0.9848006430094243,65964,42538
20.437760445000038,coredns,4956,0.14,0.0,65332,42066
21.495105920000015,nodestore,4298,2.13,10.403411429930449,67228,67768
21.495105920000015,nodeapiserver,4294,6.65,28.37294026344668,352228,352556
21.495105920000015,nodescheduler,4266,0.23,0.9457646754482227,65632,65884
21.495105920000015,nodecontroller,4272,0.77,3.783058701792891,128528,128928
21.495105920000015,nodelet,4429,1.5,7.566117403585782,106076,103827
21.495105920000015,nodeproxy,4625,0.02,0.0,50648,51068
21.495105920000015,containerd,3704,1.18,1.8915293508964455,95944,94705
21.495105920000015,flanneld,5249,0.08,0.0,48604,48860
21.495105920000015,coredns,4946,0.17,0.9457646754482227,65964,42538
21.495105920000015,coredns,4956,0.15,0.9457646754482227,65460,42074
22.517018734000033,nodestore,4298,2.21,7.828456489048252,67228,67796
22.517018734000033,nodeapiserver,4294,6.92,26.42104065053785,352228,352556
22.517018734000033,nodescheduler,4266,0.24,0.9785570611310315,65632,65884
22.517018734000033,nodecontroller,4272,0.8,2.9356711833930946,128528,128928
22.517018734000033,nodelet,4429,1.53,2.9356711833930946,106076,103827
22.517018734000033,nodeproxy,4625,0.02,0.0,50648,51068
22.517018734000033,containerd,3704,1.21,2.9356711833930946,95944,94713
22.517018734000033,flanneld,5249,0.09,0.9785570611310315,48604,48860
22.517018734000033,coredns,4946,0.18,0.9785570611310315,65964,42542
22.517018734000033,coredns,4956,0.16,0.9785570611310315,65460,42074
23.545132503000048,nodestore,4298,2.31,9.726550019582369,67228,67844
23.545132503000048,nodeapiserver,4294,7.2,27.23434005483064,352228,352560
23.545132503000048,nodescheduler,4266,0.25,0.972655001958237,65632,65884
23.545132503000048,nodecontroller,4272,0.82,1.945310003916474,128528,128928
23.545132503000048,nodelet,4429,1.58,4.8632750097911845,106204,103875
23.545132503000048,nodeproxy,4625,0.02,0.0,50648,51068
23.545132503000048,containerd,3704,1.29,7.781240015665896,95944,94785
23.545132503000048,flanneld,5249,0.09,0.0,48604,48860
23.545132503000048,coredns,4946,0.18,0.0,65964,42542
23.545132503000048,coredns,4956,0.16,0.0,65460,42078
24.58076361000002,nodestore,4298,2.41,9.655947887629713,67492,67968
24.58076361000002,nodeapiserver,4294,7.53,31.86462802917805,352228,352576
24.58076361000002,nodescheduler,4266,0.26,0.9655947887629712,65632,65888
24.58076361000002,nodecontroller,4272,0.87,4.827973943814857,128528,128948
24.58076361000002,nodelet,4429,1.66,7.72475831010377,106204,103875
24.58076361000002,nodeproxy,4625,0.03,0.9655947887629712,50776,51156
24.58076361000002,containerd,3704,1.33,3.862379155051885,95944,94785
24.58076361000002,flanneld,5249,0.09,0.0,48604,48860
24.58076361000002,coredns,4946,0.19,0.9655947887629712,65964,42618
24.58076361000002,coredns,4956,0.17,0.9655947887629712,65460,42086
25.645971968000026,nodestore,4298,2.51,9.387834713178187,67620,68004
25.645971968000026,nodeapiserver,4294,7.82,27.224720668216737,352228,352652
25.645971968000026,nodescheduler,4266,0.27,0.9387834713178187,65632,65888
25.645971968000026,nodecontroller,4272,0.91,3.755133885271275,128528,128948
25.645971968000026,nodelet,4429,1.7,3.755133885271275,108264,105927
25.645971968000026,nodeproxy,4625,0.04,0.9387834713178187,50776,51216
25.645971968000026,containerd,3704,1.35,1.8775669426356374,95944,94797
25.645971968000026,flanneld,5249,0.09,0.0,48604,48860
25.645971968000026,coredns,4946,0.2,0.9387834713178187,65964,42618
25.645971968000026,coredns,4956,0.18,0.9387834713178187,65460,42086
26.685398878,nodestore,4298,2.61,9.620686075945681,67620,68028
26.685398878,nodeapiserver,4294,8.11,27.89998962024247,352228,352656
26.685398878,nodescheduler,4266,0.27,0.0,65632,65888
26.685398878,nodecontroller,4272,0.93,1.924137215189136,128528,128948
26.685398878,nodelet,4429,1.73,2.886205822783704,108264,105927
26.685398878,nodeproxy,4625,0.04,0.0,50776,51216
26.685398878,containerd,3704,1.38,2.886205822783704,95944,94797
26.685398878,flanneld,5249,0.09,0.0,48604,48860
26.685398878,coredns,4946,0.21,0.962068607594568,65964,42626
26.685398878,coredns,4956,0.18,0.0,65460,42094
27.711367556000027,nodestore,4298,2.71,9.746886249484257,67620,68088
27.711367556000027,nodeapiserver,4294,8.4,28.265970123504342,352228,352660
27.711367556000027,nodescheduler,4266,0.28,0.9746886249484257,65632,65888
27.711367556000027,nodecontroller,4272,0.96,2.9240658748452772,128528,128952
27.711367556000027,nodelet,4429,1.84,10.721574874432683,110220,108039
27.711367556000027,nodeproxy,4625,0.04,0.0,50776,51216
27.711367556000027,containerd,3704,1.47,8.772197624535831,98072,96909
27.711367556000027,flanneld,5249,0.09,0.0,48604,48860
27.711367556000027,coredns,4946,0.21,0.0,65964,42626
27.711367556000027,coredns,4956,0.19,0.9746886249484257,65460,42098
28.74129801700002,nodestore,4298,2.79,7.76751470408259,67620,68108
28.74129801700002,nodeapiserver,4294,8.67,26.21536212627874,352356,352672
28.74129801700002,nodescheduler,4266,0.29,0.9709393380103237,65632,65892
28.74129801700002,nodecontroller,4272,0.98,1.9418786760206475,128528,128952
28.74129801700002,nodelet,4429,1.86,1.9418786760206475,110220,108039
28.74129801700002,nodeproxy,4625,0.04,0.0,50776,51216
28.74129801700002,containerd,3704,1.49,1.9418786760206475,98072,96909
28.74129801700002,flanneld,5249,0.09,0.0,48604,48860
28.74129801700002,coredns,4946,0.21,0.0,65964,42626
28.74129801700002,coredns,4956,0.2,0.9709393380103237,65460,42098
29.76013218500003,nodestore,4298,2.9,10.796654004638633,67776,68240
29.76013218500003,nodeapiserver,4294,8.97,29.445420012650814,352484,352896
29.76013218500003,nodescheduler,4266,0.32,2.9445420012650816,65632,65900
29.76013218500003,nodecontroller,4272,1.03,4.907570002108469,128528,128964
29.76013218500003,nodelet,4429,2.03,16.685738007168794,110220,108225
29.76013218500003,nodeproxy,4625,0.04,0.0,50776,51216
29.76013218500003,containerd,3704,1.62,12.75968200548202,98220,97163
29.76013218500003,flanneld,5249,0.12,2.9445420012650816,48200,48352
29.76013218500003,coredns,4946,0.22,0.9815140004216938,65964,42626
29.76013218500003,coredns,4956,0.2,0.0,65460,42098
30.819190926000033,nodestore,4298,3.06,15.1077550097856,67904,68484
30.819190926000033,nodeapiserver,4294,9.52,51.932907846138015,369780,369972
30.819190926000033,nodescheduler,4266,0.33,0.9442346881116,65632,65900
30.819190926000033,nodecontroller,4272,1.13,9.442346881116,128528,129024
30.819190926000033,nodelet,4429,2.19,15.1077550097856,110732,108603
30.819190926000033,nodeproxy,4625,0.04,0.0,50776,51240
30.819190926000033,containerd,3704,1.75,12.2750509454508,98372,97344
30.819190926000033,flanneld,5249,0.12,0.0,48200,48352
30.819190926000033,coredns,4946,0.24,1.8884693762232,66220,42838
30.819190926000033,coredns,4956,0.21,0.9442346881116,65588,42118
31.838869164000016,nodestore,4298,3.15,8.826313698380751,68040,68512
31.838869164000016,nodeapiserver,4294,9.82,29.421045661269172,369780,369996
31.838869164000016,nodescheduler,4266,0.34,0.9807015220423058,65632,65900
31.838869164000016,nodecontroller,4272,1.18,4.903507610211529,128528,129028
31.838869164000016,nodelet,4429,2.24,4.903507610211529,110732,108603
31.838869164000016,nodeproxy,4625,0.05,0.9807015220423058,50776,51244
31.838869164000016,containerd,3704,1.77,1.9614030440846115,98372,97348
31.838869164000016,flanneld,5249,0.12,0.0,48200,48352
31.838869164000016,coredns,4946,0.24,0.0,66220,42838
31.838869164000016,coredns,4956,0.22,0.9807015220423058,65588,42118
32.85621528300004,nodestore,4298,3.25,9.829496385978512,68040,68544
32.85621528300004,nodeapiserver,4294,10.09,26.53964024214198,369780,370004
32.85621528300004,nodescheduler,4266,0.35,0.9829496385978511,65632,65900
32.85621528300004,nodecontroller,4272,1.2,1.9658992771957022,128528,129028
32.85621528300004,nodelet,4429,2.29,4.914748192989256,110732,108606
32.85621528300004,nodeproxy,4625,0.05,0.0,50776,51244
32.85621528300004,containerd,3704,1.85,7.863597108782809,98636,97507
32.85621528300004,flanneld,5249,0.12,0.0,48200,48352
32.85621528300004,coredns,4946,0.25,0.9829496385978511,66348,42850
32.85621528300004,coredns,4956,0.23,0.9829496385978511,65588,42122
33.895784682,nodestore,4298,3.33,7.69549393017514,68040,68588
33.895784682,nodeapiserver,4294,10.39,28.858102238156775,369780,370008
33.895784682,nodescheduler,4266,0.36,0.9619367412718925,65632,65900
33.895784682,nodecontroller,4272,1.23,2.8858102238156778,128528,129028
33.895784682,nodelet,4429,2.35,5.7716204476313555,110732,108611
33.895784682,nodeproxy,4625,0.05,0.0,50776,51244
33.895784682,containerd,3704,1.89,3.84774696508757,98636,97512
33.895784682,flanneld,5249,0.12,0.0,48200,48352
33.895784682,coredns,4946,0.25,0.0,66348,42854
33.895784682,coredns,4956,0.24,0.9619367412718925,65588,42122
34.91343799400005,nodestore,4298,3.43,9.826529213909254,68168,68628
34.91343799400005,nodeapiserver,4294,10.65,25.54897595616406,369780,370012
34.91343799400005,nodescheduler,4266,0.36,0.0,65632,65900
34.91343799400005,nodecontroller,4272,1.25,1.9653058427818508,128528,129028
34.91343799400005,nodelet,4429,2.37,1.9653058427818508,110732,108611
34.91343799400005,nodeproxy,4625,0.05,0.0,50776,51244
34.91343799400005,containerd,3704,1.92,2.9479587641727765,98636,97512
34.91343799400005,flanneld,5249,0.12,0.0,48200,48352
34.91343799400005,coredns,4946,0.26,0.9826529213909254,66348,42854
34.91343799400005,coredns,4956,0.25,0.9826529213909254,65588,42122
35.92979424400005,nodestore,4298,3.55,11.806883659150014,68168,68768
35.92979424400005,nodeapiserver,4294,11.03,37.38846492064171,369780,370020
35.92979424400005,nodescheduler,4266,0.37,0.9839069715958345,65632,65908
35.92979424400005,nodecontroller,4272,1.31,5.903441829575007,128528,129044
35.92979424400005,nodelet,4429,2.47,9.839069715958345,110732,108619
35.92979424400005,nodeproxy,4625,0.05,0.0,50776,51252
35.92979424400005,containerd,3704,1.94,1.967813943191669,98636,97516
35.92979424400005,flanneld,5249,0.12,0.0,48200,48352
35.92979424400005,coredns,4946,0.27,0.9839069715958345,66348,42862
35.92979424400005,coredns,4956,0.25,0.0,65588,42122
36.94145239100004,nodestore,4298,3.65,9.884761991641515,68308,68804
36.94145239100004,nodeapiserver,4294,11.33,29.654285974924544,369780,370024
36.94145239100004,nodescheduler,4266,0.39,1.976952398328303,65632,65908
36.94145239100004,nodecontroller,4272,1.33,1.976952398328303,128528,129048
36.94145239100004,nodelet,4429,2.52,4.942380995820757,112856,110667
36.94145239100004,nodeproxy,4625,0.05,0.0,50776,51252
36.94145239100004,containerd,3704,1.95,0.9884761991641515,98636,97516
36.94145239100004,flanneld,5249,0.12,0.0,48200,48352
36.94145239100004,coredns,4946,0.28,0.9884761991641515,66348,42862
36.94145239100004,coredns,4956,0.26,0.9884761991641515,65588,42122
37.96107245800005,nodestore,4298,3.74,8.826817254078183,68308,68856
37.96107245800005,nodeapiserver,4294,11.59,25.499694289559198,369780,370028
37.96107245800005,nodescheduler,4266,0.4,0.9807574726753537,65632,65908
37.96107245800005,nodecontroller,4272,1.36,2.9422724180260613,128528,129048
37.96107245800005,nodelet,4429,2.58,5.884544836052123,112856,110667
37.96107245800005,nodeproxy,4625,0.05,0.0,50776,51252
37.96107245800005,containerd,3704,2.06,10.78833219942889,98636,97588
37.96107245800005,flanneld,5249,0.13,0.9807574726753537,47760,47840
37.96107245800005,coredns,4946,0.29,0.9807574726753537,66348,42862
37.96107245800005,coredns,4956,0.26,0.0,65588,42122
38.98683791900004,nodestore,4298,3.82,7.799053783894235,70676,71004
38.98683791900004,nodeapiserver,4294,11.84,24.372043074669484,369780,370036
38.98683791900004,nodescheduler,4266,0.41,0.9748817229867793,65632,65908
38.98683791900004,nodecontroller,4272,1.38,1.9497634459735587,128528,129048
38.98683791900004,nodelet,4429,2.62,3.8995268919471173,112984,110823
38.98683791900004,nodeproxy,4625,0.05,0.0,50776,51252
38.98683791900004,containerd,3704,2.09,2.924645168960338,100800,99636
38.98683791900004,flanneld,5249,0.14,0.9748817229867793,47760,47840
38.98683791900004,coredns,4946,0.3,0.9748817229867793,66348,42862
38.98683791900004,coredns,4956,0.28,1.9497634459735587,65588,42122
40.006232133000026,nodestore,4298,3.92,9.809747654698892,70676,71068
40.006232133000026,nodeapiserver,4294,12.14,29.42924296409668,371872,372096
40.006232133000026,nodescheduler,4266,0.41,0.0,65632,65908
40.006232133000026,nodecontroller,4272,1.42,3.923899061879557,128528,129064
40.006232133000026,nodelet,4429,2.73,10.790722420168782,115340,113087
40.006232133000026,nodeproxy,4625,0.05,0.0,50776,51252
40.006232133000026,containerd,3704,2.13,3.923899061879557,100800,99640
40.006232133000026,flanneld,5249,0.14,0.0,47760,47840
40.006232133000026,coredns,4946,0.3,0.0,66348,42862
40.006232133000026,coredns,4956,0.28,0.0,65588,42122
41.022431683000036,nodestore,4298,4.04,11.808704304188954,70676,71092
41.022431683000036,nodeapiserver,4294,12.48,33.45799552853537,371872,372116
41.022431683000036,nodescheduler,4266,0.43,1.9681173840314925,65632,65912
41.022431683000036,nodecontroller,4272,1.47,4.920293460078731,128656,129076
41.022431683000036,nodelet,4429,2.81,7.87246953612597,115340,113103
41.022431683000036,nodeproxy,4625,0.05,0.0,50776,51252
41.022431683000036,containerd,3704,2.14,0.9840586920157463,100800,99640
41.022431683000036,flanneld,5249,0.14,0.0,47760,47840
41.022431683000036,coredns,4946,0.32,1.9681173840314925,66348,42862
41.022431683000036,coredns,4956,0.28,0.0,65588,42122
42.072698875000015,nodestore,4298,4.11,6.664970641109148,70676,71172
42.072698875000015,nodeapiserver,4294,12.83,33.324853205545736,374180,374352
42.072698875000015,nodescheduler,4266,0.44,0.9521386630155925,65632,65912
42.072698875000015,nodecontroller,4272,1.49,1.904277326031185,128656,129076
42.072698875000015,nodelet,4429,2.89,7.61710930412474,115340,113142
42.072698875000015,nodeproxy,4625,0.05,0.0,50776,51252
42.072698875000015,containerd,3704,2.32,17.138495934280666,101188,99908
42.072698875000015,flanneld,5249,0.15,0.9521386630155925,48272,48544
42.072698875000015,coredns,4946,0.32,0.0,66348,42862
42.072698875000015,coredns,4956,0.28,0.0,65588,42122
43.10697550900005,nodestore,4298,4.28,16.43660839001357,70932,71384
43.10697550900005,nodeapiserver,4294,13.26,41.574950633563745,374180,374372
43.10697550900005,nodescheduler,4266,0.46,1.9337186341192438,65632,65912
43.10697550900005,nodecontroller,4272,1.57,7.734874536476975,128656,129100
43.10697550900005,nodelet,4429,3.08,18.370327024132816,117096,114919
43.10697550900005,nodeproxy,4625,0.06,0.9668593170596219,50776,51292
43.10697550900005,containerd,3704,2.56,23.204623609430925,103620,102436
43.10697550900005,flanneld,5249,0.15,0.0,48272,48544
43.10697550900005,coredns,4946,0.33,0.9668593170596219,66348,42810
43.10697550900005,coredns,4956,0.3,1.9337186341192438,65716,42194
44.13356334800005,nodestore,4298,4.39,10.715108422397732,71080,71508
44.13356334800005,nodeapiserver,4294,13.57,30.197123735848155,374180,374384
44.13356334800005,nodescheduler,4266,0.47,0.9741007656725211,65632,65912
44.13356334800005,nodecontroller,4272,1.65,7.792806125380169,128656,129152
44.13356334800005,nodelet,4429,3.23,14.611511485087817,113068,110883
44.13356334800005,nodeproxy,4625,0.06,0.0,50904,51312
44.13356334800005,containerd,3704,2.59,2.9223022970175636,103620,102436
44.13356334800005,flanneld,5249,0.16,0.9741007656725211,48272,48544
44.13356334800005,coredns,4946,0.34,0.9741007656725211,66348,42810
44.13356334800005,coredns,4956,0.3,0.0,65716,42194
45.15550745500002,nodestore,4298,4.47,7.8282167735033035,71080,71568
45.15550745500002,nodeapiserver,4294,13.84,26.420231610573648,374180,374392
45.15550745500002,nodescheduler,4266,0.48,0.9785270966879129,65632,65912
45.15550745500002,nodecontroller,4272,1.67,1.9570541933758259,128656,129152
45.15550745500002,nodelet,4429,3.27,3.9141083867516517,113068,110883
45.15550745500002,nodeproxy,4625,0.07,0.9785270966879129,50904,51332
45.15550745500002,containerd,3704,2.63,3.9141083867516517,103620,102440
45.15550745500002,flanneld,5249,0.17,0.9785270966879129,48272,48544
45.15550745500002,coredns,4946,0.34,0.0,66348,42810
45.15550745500002,coredns,4956,0.31,0.9785270966879129,65716,42194
46.17704197400002,nodestore,4298,4.56,8.810274966342087,71208,71608
46.17704197400002,nodeapiserver,4294,14.12,27.409744339730942,374180,374392
46.17704197400002,nodescheduler,4266,0.48,0.0,65632,65912
46.17704197400002,nodecontroller,4272,1.71,3.9156777628187056,128656,129152
46.17704197400002,nodelet,4429,3.34,6.8524360849327355,112496,110307
46.17704197400002,nodeproxy,4625,0.07,0.0,50904,51332
46.17704197400002,containerd,3704,2.65,1.9578388814093528,103620,102440
46.17704197400002,flanneld,5249,0.17,0.0,48272,48544
46.17704197400002,coredns,4946,0.34,0.0,66348,42810
46.17704197400002,coredns,4956,0.32,0.9789194407046764,65716,42194
47.19979348300001,nodestore,4298,4.67,10.755300679786263,71336,71652
47.19979348300001,nodeapiserver,4294,14.42,29.332638217598898,374180,374400
47.19979348300001,nodescheduler,4266,0.49,0.9777546072532965,65632,65912
47.19979348300001,nodecontroller,4272,1.74,2.9332638217598896,128656,129152
47.19979348300001,nodelet,4429,3.38,3.911018429013186,112496,110311
47.19979348300001,nodeproxy,4625,0.07,0.0,50904,51332
47.19979348300001,containerd,3704,2.67,1.955509214506593,103620,102440
47.19979348300001,flanneld,5249,0.17,0.0,48272,48544
47.19979348300001,coredns,4946,0.35,0.9777546072532965,66348,42810
47.19979348300001,coredns,4956,0.33,0.9777546072532965,65716,42194
48.231202972000006,nodestore,4298,4.75,7.756376187460126,71336,71704
48.231202972000006,nodeapiserver,4294,14.67,24.238675585812892,374180,374404
48.231202972000006,nodescheduler,4266,0.51,1.9390940468650315,65632,65916
48.231202972000006,nodecontroller,4272,1.76,1.9390940468650315,128656,129152
48.231202972000006,nodelet,4429,3.48,9.695470234325157,112624,110359
48.231202972000006,nodeproxy,4625,0.07,0.0,50904,51332
48.231202972000006,containerd,3704,2.77,9.695470234325157,103620,102476
48.231202972000006,flanneld,5249,0.17,0.0,48144,48416
48.231202972000006,coredns,4946,0.36,0.9695470234325158,66348,42810
48.231202972000006,coredns,4956,0.33,0.0,65716,42202
49.252199208000036,nodestore,4298,4.87,11.753226483001102,71480,71824
49.252199208000036,nodeapiserver,4294,15.01,33.30080836850312,374180,374416
49.252199208000036,nodescheduler,4266,0.51,0.0,65632,65920
49.252199208000036,nodecontroller,4272,1.81,4.897177701250459,128656,129156
49.252199208000036,nodelet,4429,3.62,13.712097563501287,112880,110671
49.252199208000036,nodeproxy,4625,0.07,0.0,51160,51380
49.252199208000036,containerd,3704,2.81,3.9177421610003673,103620,102476
49.252199208000036,flanneld,5249,0.17,0.0,48144,48416
49.252199208000036,coredns,4946,0.37,0.9794355402500918,66348,42810
49.252199208000036,coredns,4956,0.35,1.9588710805001837,65716,42202
50.285423811000044,nodestore,4298,4.96,8.710593973341469,71480,71868
50.285423811000044,nodeapiserver,4294,15.31,29.035313244471563,374180,374428
50.285423811000044,nodescheduler,4266,0.53,1.9356875496314374,65632,65920
50.285423811000044,nodecontroller,4272,1.85,3.871375099262875,128656,129160
50.285423811000044,nodelet,4429,3.66,3.871375099262875,113008,110735
50.285423811000044,nodeproxy,4625,0.07,0.0,51160,51388
50.285423811000044,containerd,3704,2.84,2.9035313244471563,103620,102476
50.285423811000044,flanneld,5249,0.17,0.0,48144,48416
50.285423811000044,coredns,4946,0.37,0.0,66348,42810
50.285423811000044,coredns,4956,0.35,0.0,65716,42202
51.31447903100002,nodestore,4298,5.04,7.774121198277574,71480,71884
51.31447903100002,nodeapiserver,4294,15.56,24.29412874461742,374180,374436
51.31447903100002,nodescheduler,4266,0.53,0.0,65632,65920
51.31447903100002,nodecontroller,4272,1.87,1.9435302995693935,128656,129160
51.31447903100002,nodelet,4429,3.68,1.9435302995693935,113008,110735
51.31447903100002,nodeproxy,4625,0.07,0.0,51160,51388
51.31447903100002,containerd,3704,2.85,0.9717651497846967,103620,102476
51.31447903100002,flanneld,5249,0.17,0.0,48144,48416
51.31447903100002,coredns,4946,0.38,0.9717651497846967,66348,42810
51.31447903100002,coredns,4956,0.36,0.9717651497846967,65716,42202
52.35045132900001,nodestore,4298,5.15,10.618044537712247,71480,72004
52.35045132900001,nodeapiserver,4294,15.97,39.57634782238201,376336,376584
52.35045132900001,nodescheduler,4266,0.54,0.9652767761556589,65632,65924
52.35045132900001,nodecontroller,4272,1.89,1.9305535523113178,128656,129164
52.35045132900001,nodelet,4429,3.74,5.791660656933953,113008,110803
52.35045132900001,nodeproxy,4625,0.07,0.0,51160,51388
52.35045132900001,containerd,3704,2.92,6.756937433089613,103748,102556
52.35045132900001,flanneld,5249,0.17,0.0,48144,48416
52.35045132900001,coredns,4946,0.39,0.9652767761556589,66348,42810
52.35045132900001,coredns,4956,0.37,0.9652767761556589,65716,42202
53.37056363000005,nodestore,4298,5.22,6.8619895997114595,71612,72028
53.37056363000005,nodeapiserver,4294,16.26,28.428242627376036,376336,376584
53.37056363000005,nodescheduler,4266,0.55,0.9802842285302084,65632,65924
53.37056363000005,nodecontroller,4272,1.92,2.940852685590625,128656,129164
53.37056363000005,nodelet,4429,3.8,5.88170537118125,113904,111827
53.37056363000005,nodeproxy,4625,0.07,0.0,51160,51388
53.37056363000005,containerd,3704,2.99,6.8619895997114595,101040,99756
53.37056363000005,flanneld,5249,0.18,0.9802842285302084,48144,48416
53.37056363000005,coredns,4946,0.4,0.9802842285302084,66348,42810
53.37056363000005,coredns,4956,0.37,0.0,65716,42202
54.403353157000026,nodestore,4298,5.34,11.619017898891093,71744,72128
54.403353157000026,nodeapiserver,4294,16.57,30.01579623880199,376336,376604
54.403353157000026,nodescheduler,4266,0.56,0.9682514915742577,65632,65924
54.403353157000026,nodecontroller,4272,1.97,4.841257457871288,128656,129172
54.403353157000026,nodelet,4429,3.89,8.714263424168319,114160,112199
54.403353157000026,nodeproxy,4625,0.07,0.0,51160,51512
54.403353157000026,containerd,3704,3.11,11.619017898891093,101424,100152
54.403353157000026,flanneld,5249,0.19,0.9682514915742577,48144,48288
54.403353157000026,coredns,4946,0.41,0.9682514915742577,66348,42810
54.403353157000026,coredns,4956,0.38,0.9682514915742577,65716,42206
55.44786077100002,nodestore,4298,5.48,13.403444658853433,72048,72344
55.44786077100002,nodeapiserver,4294,16.93,34.466000551337395,376336,376612
55.44786077100002,nodescheduler,4266,0.59,2.8721667126114494,65632,65932
55.44786077100002,nodecontroller,4272,2.04,6.701722329426716,128656,129192
55.44786077100002,nodelet,4429,4.14,23.934722605095413,116848,114726
55.44786077100002,nodeproxy,4625,0.08,0.9573889042038165,51160,51552
55.44786077100002,containerd,3704,3.3,18.190389179872515,101164,99880
55.44786077100002,flanneld,5249,0.2,0.9573889042038165,48140,48324
55.44786077100002,coredns,4946,0.41,0.0,66348,42810
55.44786077100002,coredns,4956,0.39,0.9573889042038165,65716,42206
56.513677023000014,nodestore,4298,5.64,15.01196849829997,74208,74588
56.513677023000014,nodeapiserver,4294,17.33,37.529921245749925,376336,376620
56.513677023000014,nodescheduler,4266,0.6,0.9382480311437481,65632,65932
56.513677023000014,nodecontroller,4272,2.1,5.629488186862488,128656,129196
56.513677023000014,nodelet,4429,4.26,11.258976373724977,116976,114778
56.513677023000014,nodeproxy,4625,0.09,0.9382480311437481,51416,51716
56.513677023000014,containerd,3704,3.44,13.135472436012476,98044,96744
56.513677023000014,flanneld,5249,0.2,0.0,48140,48328
56.513677023000014,coredns,4946,0.43,1.8764960622874962,66348,42818
56.513677023000014,coredns,4956,0.4,0.9382480311437481,65716,42210
57.53655714500002,nodestore,4298,5.74,9.776316681614,74208,74644
57.53655714500002,nodeapiserver,4294,17.63,29.328950044842003,376336,376624
57.53655714500002,nodescheduler,4266,0.61,0.9776316681614,65632,65932
57.53655714500002,nodecontroller,4272,2.13,2.9328950044842004,128656,129196
57.53655714500002,nodelet,4429,4.35,8.7986850134526,112596,110430
57.53655714500002,nodeproxy,4625,0.09,0.0,51416,51716
57.53655714500002,containerd,3704,3.5,5.865790008968401,98172,96980
57.53655714500002,flanneld,5249,0.2,0.0,48140,48328
57.53655714500002,coredns,4946,0.43,0.0,66348,42818
57.53655714500002,coredns,4956,0.4,0.0,65716,42210
58.55464933800005,nodestore,4298,5.82,7.857834540923317,74208,74668
58.55464933800005,nodeapiserver,4294,17.89,25.537962258000782,376336,376628
58.55464933800005,nodescheduler,4266,0.63,1.9644586352308293,65632,65932
58.55464933800005,nodecontroller,4272,2.15,1.9644586352308293,128656,129196
58.55464933800005,nodelet,4429,4.4,4.911146588077073,112596,110430
58.55464933800005,nodeproxy,4625,0.09,0.0,51416,51716
58.55464933800005,containerd,3704,3.55,4.911146588077073,99196,98032
58.55464933800005,flanneld,5249,0.21,0.9822293176154147,48268,48396
58.55464933800005,coredns,4946,0.43,0.0,66348,42822
58.55464933800005,coredns,4956,0.4,0.0,65716,42210
59.57065313300001,nodestore,4298,5.91,8.858234628936941,74208,74700
59.57065313300001,nodeapiserver,4294,18.18,28.54320047101903,376336,376628
59.57065313300001,nodescheduler,4266,0.63,0.0,65632,65932
59.57065313300001,nodecontroller,4272,2.19,3.9369931684164188,130796,131260
59.57065313300001,nodelet,4429,4.52,11.810979505249255,112596,110494
59.57065313300001,nodeproxy,4625,0.09,0.0,51416,51716
59.57065313300001,containerd,3704,3.58,2.952744876312314,99196,98080
59.57065313300001,flanneld,5249,0.21,0.0,48268,48396
59.57065313300001,coredns,4946,0.46,2.952744876312314,66348,42826
59.57065313300001,coredns,4956,0.42,1.9684965842082094,65716,42210
60.603937981,nodestore,4298,6.0,8.710086107833892,74208,74736
60.603937981,nodeapiserver,4294,18.46,27.098045668816553,376336,376628
60.603937981,nodescheduler,4266,0.64,0.9677873453148768,65632,65932
60.603937981,nodecontroller,4272,2.22,2.9033620359446304,130796,131268
60.603937981,nodelet,4429,4.55,2.9033620359446304,113620,111470
60.603937981,nodeproxy,4625,0.09,0.0,51416,51716
60.603937981,containerd,3704,3.62,3.871149381259507,99196,98080
60.603937981,flanneld,5249,0.21,0.0,48268,48396
60.603937981,coredns,4946,0.46,0.0,66348,42826
60.603937981,coredns,4956,0.42,0.0,65716,42214
61.62253961500005,nodestore,4298,6.12,11.780856813351058,74648,74892
61.62253961500005,nodeapiserver,4294,18.81,34.36083237227392,376336,376664
61.62253961500005,nodescheduler,4266,0.65,0.9817380677792548,65632,65944
61.62253961500005,nodecontroller,4272,2.27,4.908690338896274,135140,135432
61.62253961500005,nodelet,4429,4.64,8.835642610013293,113620,111470
61.62253961500005,nodeproxy,4625,0.09,0.0,51416,51744
61.62253961500005,containerd,3704,3.71,8.835642610013293,99196,98144
61.62253961500005,flanneld,5249,0.21,0.0,48268,48396
61.62253961500005,coredns,4946,0.46,0.0,66348,42826
61.62253961500005,coredns,4956,0.43,0.9817380677792548,67880,44266
62.66547149600001,nodestore,4298,6.21,8.62951853707918,74648,74908
62.66547149600001,nodeapiserver,4294,19.21,38.35341572035191,376464,376728
62.66547149600001,nodescheduler,4266,0.65,0.0,65632,65944
62.66547149600001,nodecontroller,4272,2.29,1.9176707860175954,135140,135440
62.66547149600001,nodelet,4429,4.67,2.8765061790263933,113620,111470
62.66547149600001,nodeproxy,4625,0.09,0.0,51544,51820
62.66547149600001,containerd,3704,3.74,2.8765061790263933,100220,99120
62.66547149600001,flanneld,5249,0.21,0.0,48268,48396
62.66547149600001,coredns,4946,0.47,0.9588353930087977,66348,42826
62.66547149600001,coredns,4956,0.44,0.9588353930087977,67880,44266
63.69275515600003,nodestore,4298,6.31,9.734409676096448,74776,74936
63.69275515600003,nodeapiserver,4294,19.5,28.229788060679695,376464,376740
63.69275515600003,nodescheduler,4266,0.66,0.9734409676096448,65632,65944
63.69275515600003,nodecontroller,4272,2.32,2.9203229028289344,135140,135452
63.69275515600003,nodelet,4429,4.74,6.8140867732675146,113876,111754
63.69275515600003,nodeproxy,4625,0.09,0.0,51544,51820
63.69275515600003,containerd,3704,3.78,3.8937638704385793,100220,99168
63.69275515600003,flanneld,5249,0.23,1.9468819352192896,48268,48396
63.69275515600003,coredns,4946,0.48,0.9734409676096448,66348,42826
63.69275515600003,coredns,4956,0.45,0.9734409676096448,67880,44266
64.71726618600002,nodestore,4298,6.38,6.832527708364548,74776,74948
64.71726618600002,nodeapiserver,4294,19.78,27.330110833458193,376464,376812
64.71726618600002,nodescheduler,4266,0.67,0.976075386909221,65632,65944
64.71726618600002,nodecontroller,4272,2.35,2.928226160727663,135140,135464
64.71726618600002,nodelet,4429,4.76,1.952150773818442,114132,111950
64.71726618600002,nodeproxy,4625,0.09,0.0,51544,51820
64.71726618600002,containerd,3704,3.8,1.952150773818442,101244,100144
64.71726618600002,flanneld,5249,0.23,0.0,48268,48396
64.71726618600002,coredns,4946,0.48,0.0,66348,42826
64.71726618600002,coredns,4956,0.46,0.976075386909221,67880,44266
65.73579746600001,nodestore,4298,6.47,8.836252922934367,74776,75008
65.73579746600001,nodeapiserver,4294,20.07,28.472370529455183,376464,376816
65.73579746600001,nodescheduler,4266,0.68,0.9818058803260409,65632,65952
65.73579746600001,nodecontroller,4272,2.37,1.9636117606520818,135140,135472
65.73579746600001,nodelet,4429,4.84,7.854447042608327,114132,111967
65.73579746600001,nodeproxy,4625,0.09,0.0,51544,51820
65.73579746600001,containerd,3704,3.9,9.818058803260408,101372,100218
65.73579746600001,flanneld,5249,0.23,0.0,48268,48408
65.73579746600001,coredns,4946,0.49,0.9818058803260409,66348,42826
65.73579746600001,coredns,4956,0.46,0.0,67880,44266
66.763642366,nodestore,4298,6.65,17.51236981377264,75068,75240
66.763642366,nodeapiserver,4294,20.51,42.80801510033312,376464,376828
66.763642366,nodescheduler,4266,0.7,1.9458188681969601,65632,65956
66.763642366,nodecontroller,4272,2.49,11.67491320918176,137208,137604
66.763642366,nodelet,4429,5.09,24.322735852462,116180,114106
66.763642366,nodeproxy,4625,0.09,0.0,51672,52032
66.763642366,containerd,3704,4.07,16.53946037967416,101372,100240
66.763642366,flanneld,5249,0.24,0.9729094340984801,48080,48180
66.763642366,coredns,4946,0.5,0.9729094340984801,66348,42834
66.763642366,coredns,4956,0.48,1.9458188681969601,67880,44266
67.81178161600002,nodestore,4298,6.75,9.540717037359121,75068,75324
67.81178161600002,nodeapiserver,4294,20.79,26.714007704605542,376464,376836
67.81178161600002,nodescheduler,4266,0.71,0.9540717037359122,65632,65956
67.81178161600002,nodecontroller,4272,2.54,4.7703585186795605,137208,137604
67.81178161600002,nodelet,4429,5.3,20.035505778454155,116160,113848
67.81178161600002,nodeproxy,4625,0.1,0.9540717037359122,51672,52068
67.81178161600002,containerd,3704,4.4,31.4843662232851,102032,100826
67.81178161600002,flanneld,5249,0.24,0.0,48080,48204
67.81178161600002,coredns,4946,0.5,0.0,66348,42834
67.81178161600002,coredns,4956,0.48,0.0,67880,44266
68.93737003900003,nodestore,4298,6.87,10.661090461482019,75068,75464
68.93737003900003,nodeapiserver,4294,21.12,29.31799876907555,376464,376844
68.93737003900003,nodescheduler,4266,0.74,2.6652726153705046,65632,65956
68.93737003900003,nodecontroller,4272,2.59,4.442121025617507,137208,137616
68.93737003900003,nodelet,4429,5.41,9.772666256358516,116160,113854
68.93737003900003,nodeproxy,4625,0.1,0.0,51672,52076
68.93737003900003,containerd,3704,4.74,30.20642297419905,100328,98912
68.93737003900003,flanneld,5249,0.26,1.776848410247003,48080,48204
68.93737003900003,coredns,4946,0.51,0.8884242051235015,66348,42834
68.93737003900003,coredns,4956,0.5,1.776848410247003,67880,44274
69.97942366200004,nodestore,4298,6.95,7.677148107760941,77280,77552
69.97942366200004,nodeapiserver,4294,21.38,24.95073135022306,376464,376848
69.97942366200004,nodescheduler,4266,0.75,0.9596435134701177,65632,65960
69.97942366200004,nodecontroller,4272,2.63,3.8385740538804707,137208,137616
69.97942366200004,nodelet,4429,5.52,10.556078648171294,112716,110430
69.97942366200004,nodeproxy,4625,0.11,0.9596435134701177,51672,52080
69.97942366200004,containerd,3704,4.95,20.15251378287247,100328,98928
69.97942366200004,flanneld,5249,0.26,0.0,48080,48204
69.97942366200004,coredns,4946,0.52,0.9596435134701177,66348,42834
69.97942366200004,coredns,4956,0.5,0.0,67880,44274
71.00047370000004,nodestore,4298,7.04,8.814455379316104,77280,77588
71.00047370000004,nodeapiserver,4294,21.65,26.443366137948313,376464,376848
71.00047370000004,nodescheduler,4266,0.76,0.9793839310351228,65632,65960
71.00047370000004,nodecontroller,4272,2.65,1.9587678620702456,137208,137616
71.00047370000004,nodelet,4429,5.58,5.876303586210737,112844,110478
71.00047370000004,nodeproxy,4625,0.11,0.0,51672,52080
71.00047370000004,containerd,3704,5.02,6.85568751724586,101096,99676
71.00047370000004,flanneld,5249,0.26,0.0,48080,48216
71.00047370000004,coredns,4946,0.53,0.9793839310351228,66348,42838
71.00047370000004,coredns,4956,0.5,0.0,67880,44274
72.05045741900005,nodestore,4298,7.12,7.619165759654906,77280,77624
72.05045741900005,nodeapiserver,4294,21.93,26.667080158792174,376464,376848
72.05045741900005,nodescheduler,4266,0.77,0.9523957199568632,65632,65960
72.05045741900005,nodecontroller,4272,2.68,2.85718715987059,137208,137616
72.05045741900005,nodelet,4429,5.61,2.85718715987059,112844,110486
72.05045741900005,nodeproxy,4625,0.11,0.0,51672,52080
72.05045741900005,containerd,3704,5.03,0.9523957199568632,101096,99676
72.05045741900005,flanneld,5249,0.26,0.0,48080,48216
72.05045741900005,coredns,4946,0.54,0.9523957199568632,66348,42838
72.05045741900005,coredns,4956,0.51,0.9523957199568632,67880,44274
73.06823934200003,nodestore,4298,7.21,8.842758744891013,77280,77652
73.06823934200003,nodeapiserver,4294,22.32,38.31862122786105,380780,381084
73.06823934200003,nodescheduler,4266,0.78,0.9825287494323347,65632,65960
73.06823934200003,nodecontroller,4272,2.71,2.947586248297004,137208,137616
73.06823934200003,nodelet,4429,5.66,4.912643747161674,112844,110486
73.06823934200003,nodeproxy,4625,0.11,0.0,51672,52080
73.06823934200003,containerd,3704,5.08,4.912643747161674,101096,99676
73.06823934200003,flanneld,5249,0.26,0.0,48080,48216
73.06823934200003,coredns,4946,0.54,0.0,66348,42838
73.06823934200003,coredns,4956,0.52,0.9825287494323347,67880,44278
74.08943563600002,nodestore,4298,7.34,12.730167624364784,77408,77792
74.08943563600002,nodeapiserver,4294,22.71,38.190502873094346,380780,381104
74.08943563600002,nodescheduler,4266,0.78,0.0,65632,65960
74.08943563600002,nodecontroller,4272,2.77,5.875461980476054,137208,137628
74.08943563600002,nodelet,4429,5.75,8.81319297071408,113740,111658
74.08943563600002,nodeproxy,4625,0.11,0.0,51672,52084
74.08943563600002,containerd,3704,5.12,3.916974653650702,100440,98972
74.08943563600002,flanneld,5249,0.27,0.9792436634126755,48080,48216
74.08943563600002,coredns,4946,0.55,0.9792436634126755,66348,42842
74.08943563600002,coredns,4956,0.53,0.9792436634126755,67880,44278
75.10810294400005,nodestore,4298,7.42,7.8533981970095175,77552,77844
75.10810294400005,nodeapiserver,4294,22.98,26.505218914907122,380780,381116
75.10810294400005,nodescheduler,4266,0.79,0.9816747746261897,65632,65960
75.10810294400005,nodecontroller,4272,2.79,1.9633495492523794,137208,137632
75.10810294400005,nodelet,4429,5.79,3.9266990985047587,113996,111922
75.10810294400005,nodeproxy,4625,0.11,0.0,51672,52096
75.10810294400005,containerd,3704,5.15,2.945024323878569,100952,99639
75.10810294400005,flanneld,5249,0.27,0.0,48080,48216
75.10810294400005,coredns,4946,0.56,0.9816747746261897,66348,42842
75.10810294400005,coredns,4956,0.53,0.0,67880,44278
76.16560306300005,nodestore,4298,7.52,9.456263711304635,77552,77880
76.16560306300005,nodeapiserver,4294,23.26,26.477538391652978,380780,381120
76.16560306300005,nodescheduler,4266,0.8,0.9456263711304633,65632,65964
76.16560306300005,nodecontroller,4272,2.82,2.83687911339139,137208,137632
76.16560306300005,nodelet,4429,5.85,5.67375822678278,116260,114042
76.16560306300005,nodeproxy,4625,0.11,0.0,51672,52096
76.16560306300005,containerd,3704,5.2,4.728131855652317,100952,99640
76.16560306300005,flanneld,5249,0.27,0.0,48080,48216
76.16560306300005,coredns,4946,0.56,0.0,66348,42842
76.16560306300005,coredns,4956,0.53,0.0,67880,44278
77.18984107300003,nodestore,4298,7.61,8.787020118497855,77680,77908
77.18984107300003,nodeapiserver,4294,23.55,28.31373149293753,380780,381128
77.18984107300003,nodescheduler,4266,0.81,0.9763355687219839,65632,65964
77.18984107300003,nodecontroller,4272,2.85,2.9290067061659517,137208,137632
77.18984107300003,nodelet,4429,5.87,1.9526711374439678,116260,114062
77.18984107300003,nodeproxy,4625,0.11,0.0,51672,52096
77.18984107300003,containerd,3704,5.22,1.9526711374439678,100952,99640
77.18984107300003,flanneld,5249,0.27,0.0,48080,48216
77.18984107300003,coredns,4946,0.58,1.9526711374439678,66476,42850
77.18984107300003,coredns,4956,0.54,0.9763355687219839,67880,44278
78.207936636,nodestore,4298,7.71,9.822260663363927,77680,77968
78.207936636,nodeapiserver,4294,23.84,28.484555923755387,380780,381132
78.207936636,nodescheduler,4266,0.82,0.9822260663363928,65632,65968
78.207936636,nodecontroller,4272,2.88,2.9466781990091784,137208,137636
78.207936636,nodelet,4429,5.98,10.80448672970032,116260,114062
78.207936636,nodeproxy,4625,0.11,0.0,51672,52096
78.207936636,containerd,3704,5.28,5.893356398018357,100952,99676
78.207936636,flanneld,5249,0.28,0.9822260663363928,48080,48216
78.207936636,coredns,4946,0.58,0.0,66476,42850
78.207936636,coredns,4956,0.55,0.9822260663363928,67880,44278
79.22808398700005,nodestore,4298,7.81,9.802505481386607,77680,78068
79.22808398700005,nodeapiserver,4294,24.16,31.36801754043714,380780,381132
79.22808398700005,nodescheduler,4266,0.84,1.9605010962773213,65632,65968
79.22808398700005,nodecontroller,4272,2.92,3.9210021925546426,137208,137636
79.22808398700005,nodelet,4429,6.07,8.822254933247946,116260,114062
79.22808398700005,nodeproxy,4625,0.11,0.0,51672,52096
79.22808398700005,containerd,3704,5.35,6.8617538369706255,100404,99128
79.22808398700005,flanneld,5249,0.28,0.0,48080,48224
79.22808398700005,coredns,4946,0.58,0.0,66476,42850
79.22808398700005,coredns,4956,0.55,0.0,67880,44278
80.29202239400001,nodestore,4298,7.89,7.519232266986158,77680,78116
80.29202239400001,nodeapiserver,4294,24.42,24.437504867705016,380780,381204
80.29202239400001,nodescheduler,4266,0.85,0.9399040333732698,65632,65968
80.29202239400001,nodecontroller,4272,2.96,3.759616133493079,137208,137640
80.29202239400001,nodelet,4429,6.22,14.098560500599048,115328,113077
80.29202239400001,nodeproxy,4625,0.11,0.0,51672,52100
80.29202239400001,containerd,3704,5.54,17.85817663409213,98840,97408
80.29202239400001,flanneld,5249,0.3,1.8798080667465396,48080,48236
80.29202239400001,coredns,4946,0.6,1.8798080667465396,66476,42854
80.29202239400001,coredns,4956,0.57,1.8798080667465396,67880,44278
81.39762520800002,nodestore,4298,8.09,18.089678993888537,78104,78412
81.39762520800002,nodeapiserver,4294,24.88,41.606261685943636,380780,381220
81.39762520800002,nodescheduler,4266,0.86,0.9044839496944268,65632,65968
81.39762520800002,nodecontroller,4272,3.09,11.758291346027548,137336,137712
81.39762520800002,nodelet,4429,6.48,23.516582692055096,113040,110794
81.39762520800002,nodeproxy,4625,0.13,1.8089678993888536,51672,52176
81.39762520800002,containerd,3704,5.75,18.994162943582964,98840,97500
81.39762520800002,flanneld,5249,0.3,0.0,48080,48236
81.39762520800002,coredns,4946,0.61,0.9044839496944268,66476,42858
81.39762520800002,coredns,4956,0.57,0.0,67880,44298
82.416269935,nodestore,4298,8.18,8.835268824790347,78232,78468
82.416269935,nodeapiserver,4294,25.16,27.487503010458862,382860,383284
82.416269935,nodescheduler,4266,0.87,0.9816965360878164,65632,65968
82.416269935,nodecontroller,4272,3.11,1.9633930721756327,137336,137716
82.416269935,nodelet,4429,6.53,4.908482680439081,113040,110794
82.416269935,nodeproxy,4625,0.13,0.0,51672,52184
82.416269935,containerd,3704,5.77,1.9633930721756327,98840,97500
82.416269935,flanneld,5249,0.31,0.9816965360878164,48080,48240
82.416269935,coredns,4946,0.61,0.0,66032,42414
82.416269935,coredns,4956,0.58,0.9816965360878164,67880,44298
83.44316000100002,nodestore,4298,8.25,6.8166985267144025,78232,78488
83.44316000100002,nodeapiserver,4294,25.55,37.97874893455167,387036,387448
83.44316000100002,nodescheduler,4266,0.88,0.9738140752449145,65632,65968
83.44316000100002,nodecontroller,4272,3.14,2.9214422257347437,137336,137720
83.44316000100002,nodelet,4429,6.57,3.895256300979658,113040,110390
83.44316000100002,nodeproxy,4625,0.13,0.0,51672,52184
83.44316000100002,containerd,3704,5.83,5.842884451469487,98840,97500
83.44316000100002,flanneld,5249,0.31,0.0,48080,48240
83.44316000100002,coredns,4946,0.62,0.9738140752449145,66032,42414
83.44316000100002,coredns,4956,0.59,0.9738140752449145,67880,44298
84.48885572700004,nodestore,4298,8.36,10.519312383609948,78232,78540
84.48885572700004,nodeapiserver,4294,25.87,30.60163602504712,387036,387448
84.48885572700004,nodescheduler,4266,0.89,0.9563011257827225,65632,65968
84.48885572700004,nodecontroller,4272,3.17,2.868903377348168,137336,137724
84.48885572700004,nodelet,4429,6.63,5.737806754696336,112740,110394
84.48885572700004,nodeproxy,4625,0.13,0.0,51672,52184
84.48885572700004,containerd,3704,5.85,1.912602251565445,98840,97500
84.48885572700004,flanneld,5249,0.31,0.0,48080,48240
84.48885572700004,coredns,4946,0.63,0.9563011257827225,66032,42414
84.48885572700004,coredns,4956,0.59,0.0,67880,44302
85.50864002700001,nodestore,4298,8.45,8.825395723390006,78232,78588
85.50864002700001,nodeapiserver,4294,26.15,27.456786694991134,387036,387456
85.50864002700001,nodescheduler,4266,0.9,0.9805995248211118,65632,65968
85.50864002700001,nodecontroller,4272,3.2,2.941798574463335,137336,137728
85.50864002700001,nodelet,4429,6.66,2.941798574463335,112740,110394
85.50864002700001,nodeproxy,4625,0.13,0.0,51672,52184
85.50864002700001,containerd,3704,5.87,1.9611990496422236,99480,98188
85.50864002700001,flanneld,5249,0.31,0.0,48080,48240
85.50864002700001,coredns,4946,0.64,0.9805995248211118,66032,42414
85.50864002700001,coredns,4956,0.6,0.9805995248211118,67880,44302
86.52952307700002,nodestore,4298,8.55,9.79544130936439,78232,78620
86.52952307700002,nodeapiserver,4294,26.43,27.427235666220295,387036,387464
86.52952307700002,nodescheduler,4266,0.91,0.979544130936439,65632,65968
86.52952307700002,nodecontroller,4272,3.23,2.9386323928093168,137336,137728
86.52952307700002,nodelet,4429,6.72,5.8772647856186335,112740,110434
86.52952307700002,nodeproxy,4625,0.13,0.0,51672,52184
86.52952307700002,containerd,3704,5.94,6.856808916555074,99480,98232
86.52952307700002,flanneld,5249,0.31,0.0,48080,48240
86.52952307700002,coredns,4946,0.64,0.0,66032,42414
86.52952307700002,coredns,4956,0.61,0.979544130936439,67880,44302
87.55366458600002,nodestore,4298,8.67,11.717130781777504,78364,78752
87.55366458600002,nodeapiserver,4294,26.78,34.17496478018438,387036,387476
87.55366458600002,nodescheduler,4266,0.92,0.9764275651481253,65632,65976
87.55366458600002,nodecontroller,4272,3.28,4.882137825740626,137336,137728
87.55366458600002,nodelet,4429,6.81,8.787848086333128,112740,110434
87.55366458600002,nodeproxy,4625,0.13,0.0,51672,52184
87.55366458600002,containerd,3704,5.96,1.9528551302962507,100504,99220
87.55366458600002,flanneld,5249,0.31,0.0,48080,48240
87.55366458600002,coredns,4946,0.66,1.9528551302962507,66032,42414
87.55366458600002,coredns,4956,0.62,0.9764275651481253,67880,44302
88.57420215400003,nodestore,4298,8.77,9.79875735451604,78364,78800
88.57420215400003,nodeapiserver,4294,27.08,29.39627206354812,387036,387480
88.57420215400003,nodescheduler,4266,0.93,0.979875735451604,65632,65976
88.57420215400003,nodecontroller,4272,3.32,3.919502941806416,137336,137728
88.57420215400003,nodelet,4429,6.88,6.859130148161229,113764,111426
88.57420215400003,nodeproxy,4625,0.14,0.979875735451604,51672,52184
88.57420215400003,containerd,3704,6.02,5.879254412709624,100504,99260
88.57420215400003,flanneld,5249,0.32,0.979875735451604,48080,48240
88.57420215400003,coredns,4946,0.66,0.0,66032,42478
88.57420215400003,coredns,4956,0.63,0.979875735451604,67880,44306
89.60081755300001,nodestore,4298,8.84,6.818522308177594,78364,78820
89.60081755300001,nodeapiserver,4294,27.35,26.30001461725643,387036,387480
89.60081755300001,nodescheduler,4266,0.93,0.0,65632,65976
89.60081755300001,nodecontroller,4272,3.34,1.9481492309078838,137336,137728
89.60081755300001,nodelet,4429,6.92,3.8962984618157677,113764,111426
89.60081755300001,nodeproxy,4625,0.14,0.0,51672,52184
89.60081755300001,containerd,3704,6.03,0.9740746154539419,100504,99260
89.60081755300001,flanneld,5249,0.32,0.0,48080,48240
89.60081755300001,coredns,4946,0.67,0.9740746154539419,66032,42478
89.60081755300001,coredns,4956,0.63,0.0,67880,44306
90.635324357,nodestore,4298,8.93,8.699797783060399,80588,80928
90.635324357,nodeapiserver,4294,27.63,27.066037547299022,387036,387484
90.635324357,nodescheduler,4266,0.95,1.933288396235644,65632,65984
90.635324357,nodecontroller,4272,3.37,2.899932594353466,137336,137732
90.635324357,nodelet,4429,7.03,10.633086179296042,114660,112418
90.635324357,nodeproxy,4625,0.14,0.0,51672,52184
90.635324357,containerd,3704,6.13,9.66644198117822,101528,100252
90.635324357,flanneld,5249,0.32,0.0,48080,48240
90.635324357,coredns,4946,0.67,0.0,66032,42478
90.635324357,coredns,4956,0.63,0.0,67880,44306
91.65513198500003,nodestore,4298,9.02,8.825193843323351,80716,80944
91.65513198500003,nodeapiserver,4294,27.87,23.533850248862272,387036,387488
91.65513198500003,nodescheduler,4266,0.96,0.9805770937025946,65632,65984
91.65513198500003,nodecontroller,4272,3.4,2.941731281107784,137336,137732
91.65513198500003,nodelet,4429,7.1,6.864039655918163,114660,112448
91.65513198500003,nodeproxy,4625,0.15,0.9805770937025946,51800,52184
91.65513198500003,containerd,3704,6.22,8.825193843323351,101528,100255
91.65513198500003,flanneld,5249,0.34,1.9611541874051892,48080,48244
91.65513198500003,coredns,4946,0.68,0.9805770937025946,66032,42478
91.65513198500003,coredns,4956,0.66,2.941731281107784,67880,44306
92.73531732999999,nodestore,4298,9.18,14.812272795647468,80988,81200
92.73531732999999,nodeapiserver,4294,28.29,38.8822160885746,387036,387500
92.73531732999999,nodescheduler,4266,0.98,1.8515340994559335,65632,65984
92.73531732999999,nodecontroller,4272,3.48,7.406136397823734,137336,137736
92.73531732999999,nodelet,4429,7.28,16.663806895103402,114660,112456
92.73531732999999,nodeproxy,4625,0.15,0.0,51800,52200
92.73531732999999,containerd,3704,6.39,15.738039845375434,102124,100906
92.73531732999999,flanneld,5249,0.35,0.9257670497279668,48208,48376
92.73531732999999,coredns,4946,0.69,0.9257670497279668,66032,42478
92.73531732999999,coredns,4956,0.66,0.0,67880,44306
93.86897469700006,nodestore,4298,9.33,13.231511069075149,80988,81436
93.86897469700006,nodeapiserver,4294,28.83,47.633439848670534,391348,391708
93.86897469700006,nodescheduler,4266,0.99,0.8821007379383432,65632,65984
93.86897469700006,nodecontroller,4272,3.55,6.174705165568404,137336,137752
93.86897469700006,nodelet,4429,7.49,18.524115496705207,114660,112462
93.86897469700006,nodeproxy,4625,0.15,0.0,51800,52200
93.86897469700006,containerd,3704,6.59,17.642014758766866,100528,99316
93.86897469700006,flanneld,5249,0.36,0.8821007379383432,48208,48376
93.86897469700006,coredns,4946,0.7,0.8821007379383432,66032,42478
93.86897469700006,coredns,4956,0.68,1.7642014758766864,67880,44314
94.88594846400002,nodestore,4298,9.43,9.83309533096375,80988,81468
94.88594846400002,nodeapiserver,4294,29.11,27.532666926698507,391348,391716
94.88594846400002,nodescheduler,4266,1.01,1.9666190661927503,65632,65984
94.88594846400002,nodecontroller,4272,3.58,2.9499285992891253,137336,137752
94.88594846400002,nodelet,4429,7.56,6.883166731674627,114012,111630
94.88594846400002,nodeproxy,4625,0.15,0.0,51800,52200
94.88594846400002,containerd,3704,6.63,3.9332381323855006,100784,99627
94.88594846400002,flanneld,5249,0.36,0.0,48208,48376
94.88594846400002,coredns,4946,0.7,0.0,66032,42478
94.88594846400002,coredns,4956,0.68,0.0,67880,44314
95.92052598100003,nodestore,4298,9.51,7.73262502668515,81120,81500
95.92052598100003,nodeapiserver,4294,29.4,28.030765721733665,391348,391716
95.92052598100003,nodescheduler,4266,1.02,0.9665781283356437,65632,65988
95.92052598100003,nodecontroller,4272,3.61,2.8997343850069313,137336,137752
95.92052598100003,nodelet,4429,7.61,4.832890641678219,114012,111694
95.92052598100003,nodeproxy,4625,0.15,0.0,51800,52200
95.92052598100003,containerd,3704,6.67,3.866312513342575,100784,99684
95.92052598100003,flanneld,5249,0.36,0.0,48208,48376
95.92052598100003,coredns,4946,0.71,0.9665781283356437,66032,42478
95.92052598100003,coredns,4956,0.68,0.0,67880,44314
96.93943210399999,nodestore,4298,9.6,8.833002174431243,81252,81520
96.93943210399999,nodeapiserver,4294,29.67,26.49900652329373,391348,391716
96.93943210399999,nodescheduler,4266,1.02,0.0,65632,65988
96.93943210399999,nodecontroller,4272,3.64,2.9443340581437476,137336,137752
96.93943210399999,nodelet,4429,7.64,2.9443340581437476,114012,111694
96.93943210399999,nodeproxy,4625,0.15,0.0,51800,52200
96.93943210399999,containerd,3704,6.69,1.9628893720958318,101808,100668
96.93943210399999,flanneld,5249,0.36,0.0,48208,48376
96.93943210399999,coredns,4946,0.72,0.9814446860479159,66032,42478
96.93943210399999,coredns,4956,0.69,0.9814446860479159,67880,44314
97.95519893300008,nodestore,4298,9.7,9.844779052141263,81252,81572
97.95519893300008,nodeapiserver,4294,29.95,27.56538134599554,391348,391720
97.95519893300008,nodescheduler,4266,1.03,0.9844779052141264,65632,65996
97.95519893300008,nodecontroller,4272,3.67,2.953433715642379,137336,137756
97.95519893300008,nodelet,4429,7.72,7.875823241713011,114012,111694
97.95519893300008,nodeproxy,4625,0.15,0.0,51800,52200
97.95519893300008,containerd,3704,6.74,4.922389526070631,101936,100708
97.95519893300008,flanneld,5249,0.36,0.0,48208,48376
97.95519893300008,coredns,4946,0.73,0.9844779052141264,66032,42478
97.95519893300008,coredns,4956,0.7,0.9844779052141264,67880,44314
98.97143699400004,nodestore,4298,9.79,8.856192604264495,81252,81636
98.97143699400004,nodeapiserver,4294,30.28,32.47270621563648,391348,391728
98.97143699400004,nodescheduler,4266,1.04,0.9840214004738327,65632,65996
98.97143699400004,nodecontroller,4272,3.72,4.920107002369163,137336,137756
98.97143699400004,nodelet,4429,7.81,8.856192604264495,114780,112526
98.97143699400004,nodeproxy,4625,0.16,0.9840214004738327,51800,52204
98.97143699400004,containerd,3704,6.78,3.9360856018953307,99764,98584
98.97143699400004,flanneld,5249,0.37,0.9840214004738327,48208,48376
98.97143699400004,coredns,4946,0.73,0.0,66032,42478
98.97143699400004,coredns,4956,0.71,0.9840214004738327,67880,44314
100.00664427700002,nodestore,4298,9.89,9.659901127260735,81520,81760
100.00664427700002,nodeapiserver,4294,30.57,28.013713269056126,391348,391736
100.00664427700002,nodescheduler,4266,1.06,1.931980225452147,65632,65996
100.00664427700002,nodecontroller,4272,3.74,1.931980225452147,137336,137756
100.00664427700002,nodelet,4429,7.87,5.795940676356441,114780,112526
100.00664427700002,nodeproxy,4625,0.16,0.0,51800,52204
100.00664427700002,containerd,3704,6.86,7.727920901808588,99764,98592
100.00664427700002,flanneld,5249,0.37,0.0,48208,48376
100.00664427700002,coredns,4946,0.74,0.9659901127260735,66032,42478
100.00664427700002,coredns,4956,0.71,0.0,67880,44322
101.02416677399998,nodestore,4298,9.98,8.845013281313586,83616,83844
101.02416677399998,nodeapiserver,4294,30.82,24.569481336982182,391348,391736
101.02416677399998,nodescheduler,4266,1.06,0.0,65632,66000
101.02416677399998,nodecontroller,4272,3.77,2.9483377604378616,137464,137820
101.02416677399998,nodelet,4429,7.93,5.896675520875723,116832,114618
101.02416677399998,nodeproxy,4625,0.16,0.0,51800,52208
101.02416677399998,containerd,3704,6.88,1.9655585069585746,99764,98672
101.02416677399998,flanneld,5249,0.37,0.0,48208,48376
101.02416677399998,coredns,4946,0.75,0.9827792534792873,66032,42478
101.02416677399998,coredns,4956,0.71,0.0,67880,44322
102.04267214500004,nodestore,4298,10.07,8.836477701794532,83616,83892
102.04267214500004,nodeapiserver,4294,31.09,26.509433105383597,391348,391744
102.04267214500004,nodescheduler,4266,1.07,0.9818308557549481,65632,66000
102.04267214500004,nodecontroller,4272,3.8,2.945492567264844,137464,137820
102.04267214500004,nodelet,4429,8.01,7.854646846039585,116832,114622
102.04267214500004,nodeproxy,4625,0.16,0.0,51800,52208
102.04267214500004,containerd,3704,6.91,2.945492567264844,99764,98672
102.04267214500004,flanneld,5249,0.37,0.0,48208,48376
102.04267214500004,coredns,4946,0.75,0.0,66032,42478
102.04267214500004,coredns,4956,0.73,1.9636617115098962,67880,44326
103.06850867700001,nodestore,4298,10.15,7.7985134575030175,83616,83908
103.06850867700001,nodeapiserver,4294,31.35,25.34516873688481,391348,391744
103.06850867700001,nodescheduler,4266,1.08,0.9748141821878772,65632,66000
103.06850867700001,nodecontroller,4272,3.82,1.9496283643757544,137464,137820
103.06850867700001,nodelet,4429,8.03,1.9496283643757544,118896,116670
103.06850867700001,nodeproxy,4625,0.16,0.0,51800,52208
103.06850867700001,containerd,3704,6.95,3.8992567287515087,99764,98676
103.06850867700001,flanneld,5249,0.38,0.9748141821878772,48208,48376
103.06850867700001,coredns,4946,0.76,0.9748141821878772,66032,42478
103.06850867700001,coredns,4956,0.73,0.0,67880,44326
104.10855613799998,nodestore,4298,10.23,7.6919566654278055,83616,83948
104.10855613799998,nodeapiserver,4294,31.6,24.037364579461894,391348,391744
104.10855613799998,nodescheduler,4266,1.08,0.0,65632,66000
104.10855613799998,nodecontroller,4272,3.86,3.8459783327139028,137464,137824
104.10855613799998,nodelet,4429,8.1,6.730462082249331,118896,116669
104.10855613799998,nodeproxy,4625,0.17,0.9614945831784757,51800,52208
104.10855613799998,containerd,3704,7.1,14.422418747677137,99892,98678
104.10855613799998,flanneld,5249,0.38,0.0,48208,48376
104.10855613799998,coredns,4946,0.76,0.0,66032,42482
104.10855613799998,coredns,4956,0.74,0.9614945831784757,67880,44326
105.23309100099999,nodestore,4298,10.38,13.338848348359203,83920,84132
105.23309100099999,nodeapiserver,4294,32.14,48.01985405409313,395548,395956
105.23309100099999,nodescheduler,4266,1.11,2.6677696696718405,65632,66008
105.23309100099999,nodecontroller,4272,3.98,10.671078678687362,139564,139896
105.23309100099999,nodelet,4429,8.36,23.120670470489284,118628,116491
105.23309100099999,nodeproxy,4625,0.17,0.0,51800,52208
105.23309100099999,containerd,3704,7.27,15.117361461473763,96900,95677
105.23309100099999,flanneld,5249,0.4,1.7785131131145604,48208,48384
105.23309100099999,coredns,4946,0.78,1.7785131131145604,66032,42482
105.23309100099999,coredns,4956,0.75,0.8892565565572802,67880,44330
106.32692542600006,nodestore,4298,10.53,13.713227209866854,83920,84400
106.32692542600006,nodeapiserver,4294,32.55,37.48282104030273,395548,395968
106.32692542600006,nodescheduler,4266,1.13,1.828430294648914,65632,66008
106.32692542600006,nodecontroller,4272,4.04,5.485290883946742,139564,139912
106.32692542600006,nodelet,4429,8.53,15.541657504515769,116140,113878
106.32692542600006,nodeproxy,4625,0.17,0.0,51800,52220
106.32692542600006,containerd,3704,7.45,16.455872651840224,97028,95912
106.32692542600006,flanneld,5249,0.41,0.914215147324457,48208,48384
106.32692542600006,coredns,4946,0.78,0.0,66032,42482
106.32692542600006,coredns,4956,0.76,0.914215147324457,67880,44338
107.35898421600001,nodestore,4298,10.62,8.720433455152712,83920,84424
107.35898421600001,nodeapiserver,4294,32.82,26.16130036545814,395548,395972
107.35898421600001,nodescheduler,4266,1.13,0.0,65632,66008
107.35898421600001,nodecontroller,4272,4.06,1.9378741011450473,139564,139912
107.35898421600001,nodelet,4429,8.58,4.844685252862618,116140,113922
107.35898421600001,nodeproxy,4625,0.17,0.0,51800,52220
107.35898421600001,containerd,3704,7.47,1.9378741011450473,97028,95960
107.35898421600001,flanneld,5249,0.41,0.0,48208,48384
107.35898421600001,coredns,4946,0.78,0.0,66032,42482
107.35898421600001,coredns,4956,0.78,1.9378741011450473,67880,44338
108.410867644,nodestore,4298,10.71,8.556081178227318,83920,84456
108.410867644,nodeapiserver,4294,33.11,27.569594907621354,395548,395972
108.410867644,nodescheduler,4266,1.14,0.950675686469702,65632,66008
108.410867644,nodecontroller,4272,4.09,2.852027059409106,139564,139916
108.410867644,nodelet,4429,8.63,4.75337843234851,116268,113970
108.410867644,nodeproxy,4625,0.17,0.0,51800,52220
108.410867644,containerd,3704,7.51,3.802702745878808,98948,97920
108.410867644,flanneld,5249,0.41,0.0,48208,48384
108.410867644,coredns,4946,0.79,0.950675686469702,66032,42482
108.410867644,coredns,4956,0.78,0.0,67880,44338
109.42890136900002,nodestore,4298,10.78,6.876000105006282,84184,84504
109.42890136900002,nodeapiserver,4294,33.35,23.57485750287868,395548,395976
109.42890136900002,nodescheduler,4266,1.15,0.9822857292866116,65632,66008
109.42890136900002,nodecontroller,4272,4.12,2.946857187859835,139564,139916
109.42890136900002,nodelet,4429,8.71,7.858285834292893,115720,113630
109.42890136900002,nodeproxy,4625,0.17,0.0,51800,52220
109.42890136900002,containerd,3704,7.6,8.840571563579505,98948,97920
109.42890136900002,flanneld,5249,0.43,1.9645714585732232,48208,48384
109.42890136900002,coredns,4946,0.8,0.9822857292866116,68204,44530
109.42890136900002,coredns,4956,0.78,0.0,67880,44338
110.46325949300007,nodestore,4298,10.86,7.734265158630504,84184,84552
110.46325949300007,nodeapiserver,4294,33.61,25.13636176554914,395548,395980
110.46325949300007,nodescheduler,4266,1.16,0.966783144828813,65632,66008
110.46325949300007,nodecontroller,4272,4.13,0.966783144828813,139564,139916
110.46325949300007,nodelet,4429,8.78,6.767482013801692,117840,115678
110.46325949300007,nodeproxy,4625,0.17,0.0,51800,52220
110.46325949300007,containerd,3704,7.63,2.900349434486439,99972,98944
110.46325949300007,flanneld,5249,0.43,0.0,48208,48384
110.46325949300007,coredns,4946,0.81,0.966783144828813,68204,44546
110.46325949300007,coredns,4956,0.8,1.933566289657626,67880,44338
111.48247964600006,nodestore,4298,10.98,11.773707539709621,84312,84736
111.48247964600006,nodeapiserver,4294,33.94,32.37769573420146,395548,395992
111.48247964600006,nodescheduler,4266,1.18,1.9622845899516035,65632,66008
111.48247964600006,nodecontroller,4272,4.19,5.8868537698548105,139564,139916
111.48247964600006,nodelet,4429,8.86,7.849138359806414,117840,115682
111.48247964600006,nodeproxy,4625,0.18,0.9811422949758017,51800,52220
111.48247964600006,containerd,3704,7.66,2.9434268849274052,99972,98988
111.48247964600006,flanneld,5249,0.43,0.0,48208,48384
111.48247964600006,coredns,4946,0.81,0.0,68204,44546
111.48247964600006,coredns,4956,0.8,0.0,67880,44338
112.51587010899999,nodestore,4298,11.08,9.676884351119325,84444,84780
112.51587010899999,nodeapiserver,4294,34.23,28.06296461824604,395548,395996
112.51587010899999,nodescheduler,4266,1.19,0.9676884351119325,65632,66008
112.51587010899999,nodecontroller,4272,4.21,1.935376870223865,139564,139916
112.51587010899999,nodelet,4429,8.93,6.773819045783529,118352,116202
112.51587010899999,nodeproxy,4625,0.18,0.0,51800,52220
112.51587010899999,containerd,3704,7.68,1.935376870223865,100996,99968
112.51587010899999,flanneld,5249,0.43,0.0,48208,48384
112.51587010899999,coredns,4946,0.83,1.935376870223865,68204,44546
112.51587010899999,coredns,4956,0.81,0.9676884351119325,67880,44338
113.53580058100005,nodestore,4298,11.16,7.843671916490759,84444,84808
113.53580058100005,nodeapiserver,4294,34.5,26.472392718156314,395548,395996
113.53580058100005,nodescheduler,4266,1.2,0.9804589895613449,65632,66008
113.53580058100005,nodecontroller,4272,4.24,2.9413769686840348,139564,139916
113.53580058100005,nodelet,4429,8.97,3.9218359582453797,118352,116293
113.53580058100005,nodeproxy,4625,0.18,0.0,51800,52220
113.53580058100005,containerd,3704,7.75,6.863212926929415,100996,99967
113.53580058100005,flanneld,5249,0.43,0.0,48208,48384
113.53580058100005,coredns,4946,0.83,0.0,68204,44566
113.53580058100005,coredns,4956,0.81,0.0,67880,44342
114.56456423900005,nodestore,4298,11.25,8.7483650204914,84444,84856
114.56456423900005,nodeapiserver,4294,34.79,28.18917617713895,395548,396000
114.56456423900005,nodescheduler,4266,1.21,0.9720405578323777,65632,66012
114.56456423900005,nodecontroller,4272,4.27,2.916121673497133,139564,139916
114.56456423900005,nodelet,4429,9.02,4.860202789161889,118352,116302
114.56456423900005,nodeproxy,4625,0.18,0.0,51800,52220
114.56456423900005,containerd,3704,7.8,4.860202789161889,100996,99972
114.56456423900005,flanneld,5249,0.43,0.0,48208,48384
114.56456423900005,coredns,4946,0.84,0.9720405578323777,68204,44566
114.56456423900005,coredns,4956,0.83,1.9440811156647555,67880,44342
115.58228808300004,nodestore,4298,11.33,7.860678559477764,84444,84880
115.58228808300004,nodeapiserver,4294,35.05,25.54720531830273,395548,396004
115.58228808300004,nodescheduler,4266,1.21,0.0,65632,66012
115.58228808300004,nodecontroller,4272,4.3,2.947754459804161,139564,139916
115.58228808300004,nodelet,4429,9.06,3.930339279738882,118352,116302
115.58228808300004,nodeproxy,4625,0.18,0.0,51800,52220
115.58228808300004,containerd,3704,7.84,3.930339279738882,100996,99972
115.58228808300004,flanneld,5249,0.43,0.0,48208,48384
115.58228808300004,coredns,4946,0.84,0.0,68204,44590
115.58228808300004,coredns,4956,0.83,0.0,67880,44342
116.59705233300002,nodestore,4298,11.44,10.839956177013692,84608,84976
116.59705233300002,nodeapiserver,4294,35.45,39.41802246186797,395676,396104
116.59705233300002,nodescheduler,4266,1.24,2.9563516846400977,65632,66016
116.59705233300002,nodecontroller,4272,4.35,4.927252807733496,139564,139936
116.59705233300002,nodelet,4429,9.16,9.854505615466993,118480,116554
116.59705233300002,nodeproxy,4625,0.18,0.0,51800,52220
116.59705233300002,containerd,3704,7.85,0.9854505615466992,100996,99972
116.59705233300002,flanneld,5249,0.43,0.0,48208,48384
116.59705233300002,coredns,4946,0.85,0.9854505615466992,68204,44590
116.59705233300002,coredns,4956,0.84,0.9854505615466992,67880,44350
117.64527180099998,nodestore,4298,11.55,10.493985597299034,84752,85036
117.64527180099998,nodeapiserver,4294,35.79,32.43595548256065,397760,398176
117.64527180099998,nodescheduler,4266,1.24,0.0,65632,66016
117.64527180099998,nodecontroller,4272,4.39,3.8159947626541943,139564,139936
117.64527180099998,nodelet,4429,9.29,12.401982978626132,119120,117120
117.64527180099998,nodeproxy,4625,0.18,0.0,51800,52220
117.64527180099998,containerd,3704,8.06,20.03397250393452,102532,101602
117.64527180099998,flanneld,5249,0.44,0.9539986906635486,48208,48392
117.64527180099998,coredns,4946,0.86,0.9539986906635486,68204,44598
117.64527180099998,coredns,4956,0.85,0.9539986906635486,67880,44350
118.66847294899998,nodestore,4298,11.73,17.591848909848984,85016,85404
118.66847294899998,nodeapiserver,4294,36.24,43.979622274622464,397760,398196
118.66847294899998,nodescheduler,4266,1.26,1.9546498788721094,65632,66016
118.66847294899998,nodecontroller,4272,4.51,11.727899273232657,139564,139948
118.66847294899998,nodelet,4429,9.55,25.410448425337425,119572,117596
118.66847294899998,nodeproxy,4625,0.2,1.9546498788721094,51800,52224
118.66847294899998,containerd,3704,8.28,21.501148667593203,103260,102122
118.66847294899998,flanneld,5249,0.45,0.9773249394360547,48208,48396
118.66847294899998,coredns,4946,0.86,0.0,68204,44606
118.66847294899998,coredns,4956,0.87,1.9546498788721094,67880,44358
119.701445976,nodestore,4298,11.81,7.744635911001191,85148,85484
119.701445976,nodeapiserver,4294,36.53,28.074305177379312,397760,398200
119.701445976,nodescheduler,4266,1.28,1.9361589777502977,65632,66016
119.701445976,nodecontroller,4272,4.54,2.9042384666254466,139564,139948
119.701445976,nodelet,4429,9.62,6.776556422126043,119572,117606
119.701445976,nodeproxy,4625,0.2,0.0,51800,52224
119.701445976,containerd,3704,8.35,6.776556422126043,103260,102172
119.701445976,flanneld,5249,0.46,0.9680794888751488,48208,48396
119.701445976,coredns,4946,0.88,1.9361589777502977,68204,44606
119.701445976,coredns,4956,0.87,0.0,67880,44358
120.72288306000002,nodestore,4298,11.89,7.832102559534542,85148,85500
120.72288306000002,nodeapiserver,4294,36.77,23.49630767860363,397760,398208
120.72288306000002,nodescheduler,4266,1.28,0.0,65632,66016
120.72288306000002,nodecontroller,4272,4.58,3.916051279767271,139564,139948
120.72288306000002,nodelet,4429,9.71,8.81111537947636,120212,118290
120.72288306000002,nodeproxy,4625,0.2,0.0,51800,52224
120.72288306000002,containerd,3704,8.38,2.9370384598254535,103388,102268
120.72288306000002,flanneld,5249,0.47,0.9790128199418178,48208,48396
120.72288306000002,coredns,4946,0.88,0.0,68204,44606
120.72288306000002,coredns,4956,0.88,0.9790128199418178,67880,44358
121.74444894800007,nodestore,4298,11.98,8.810004431157669,85324,85592
121.74444894800007,nodeapiserver,4294,37.05,27.40890267471275,397760,398208
121.74444894800007,nodescheduler,4266,1.29,0.9788893812397409,65632,66016
121.74444894800007,nodecontroller,4272,4.6,1.9577787624794818,139564,139948
121.74444894800007,nodelet,4429,9.76,4.894446906198705,120212,118294
121.74444894800007,nodeproxy,4625,0.2,0.0,51800,52224
121.74444894800007,containerd,3704,8.4,1.9577787624794818,103388,102268
121.74444894800007,flanneld,5249,0.47,0.0,48208,48396
121.74444894800007,coredns,4946,0.89,0.9788893812397409,68204,44606
121.74444894800007,coredns,4956,0.89,0.9788893812397409,67880,44358
122.77483707699997,nodestore,4298,12.07,8.73457267868121,85324,85620
122.77483707699997,nodeapiserver,4294,37.31,25.233209960634607,397760,398212
122.77483707699997,nodescheduler,4266,1.3,0.9705080754090234,65632,66016
122.77483707699997,nodecontroller,4272,4.64,3.8820323016360936,139564,139948
122.77483707699997,nodelet,4429,9.78,1.9410161508180468,120980,119022
122.77483707699997,nodeproxy,4625,0.2,0.0,51800,52224
122.77483707699997,containerd,3704,8.46,5.82304845245414,103388,102268
122.77483707699997,flanneld,5249,0.47,0.0,48208,48396
122.77483707699997,coredns,4946,0.9,0.9705080754090234,68204,44618
122.77483707699997,coredns,4956,0.89,0.0,67880,44358
123.79724189500001,nodestore,4298,12.16,8.802775418845531,85324,85668
123.79724189500001,nodeapiserver,4294,37.58,26.408326256536597,397760,398212
123.79724189500001,nodescheduler,4266,1.3,0.0,65632,66016
123.79724189500001,nodecontroller,4272,4.65,0.9780861576495036,139564,139948
123.79724189500001,nodelet,4429,9.88,9.780861576495036,120980,119022
123.79724189500001,nodeproxy,4625,0.2,0.0,51800,52224
123.79724189500001,containerd,3704,8.53,6.846603103546526,103388,102268
123.79724189500001,flanneld,5249,0.48,0.9780861576495036,48208,48416
123.79724189500001,coredns,4946,0.91,0.9780861576495036,68204,44634
123.79724189500001,coredns,4956,0.89,0.0,67880,44358
124.81558748000003,nodestore,4298,12.27,10.801834035544804,85468,85804
124.81558748000003,nodeapiserver,4294,37.93,34.36947193127892,397760,398216
124.81558748000003,nodescheduler,4266,1.31,0.9819849123222548,65632,66016
124.81558748000003,nodecontroller,4272,4.71,5.891909473933529,139564,139956
124.81558748000003,nodelet,4429,9.94,5.891909473933529,120980,119026
124.81558748000003,nodeproxy,4625,0.2,0.0,51928,52268
124.81558748000003,containerd,3704,8.55,1.9639698246445096,105456,104316
124.81558748000003,flanneld,5249,0.48,0.0,48208,48416
124.81558748000003,coredns,4946,0.91,0.0,68204,44650
124.81558748000003,coredns,4956,0.9,0.9819849123222548,67880,44358
125.837729766,nodestore,4298,12.36,8.805036366532178,85468,85828
125.837729766,nodeapiserver,4294,38.21,27.39344647365567,397760,398224
125.837729766,nodescheduler,4266,1.32,0.9783373740591309,65632,66016
125.837729766,nodecontroller,4272,4.74,2.9350121221773926,139564,139956
125.837729766,nodelet,4429,9.97,2.9350121221773926,120980,119026
125.837729766,nodeproxy,4625,0.2,0.0,51928,52280
125.837729766,containerd,3704,8.59,3.9133494962365236,105456,104316
125.837729766,flanneld,5249,0.48,0.0,48208,48416
125.837729766,coredns,4946,0.92,0.9783373740591309,68204,44650
125.837729766,coredns,4956,0.91,0.9783373740591309,67880,44358
126.857306144,nodestore,4298,12.45,8.827195484515144,85468,85856
126.857306144,nodeapiserver,4294,38.5,28.44318545010435,397888,398232
126.857306144,nodescheduler,4266,1.33,0.9807994982794604,65632,66016
126.857306144,nodecontroller,4272,4.77,2.9423984948383812,139564,139956
126.857306144,nodelet,4429,10.02,4.903997491397303,120980,119030
126.857306144,nodeproxy,4625,0.2,0.0,51928,52280
126.857306144,containerd,3704,8.6,0.9807994982794604,105456,104316
126.857306144,flanneld,5249,0.48,0.0,48208,48416
126.857306144,coredns,4946,0.93,0.9807994982794604,68204,44650
126.857306144,coredns,4956,0.91,0.0,67880,44358
127.89863072899999,nodestore,4298,12.54,8.64283829426743,85468,85892
127.89863072899999,nodeapiserver,4294,38.9,38.412614641188576,399992,400328
127.89863072899999,nodescheduler,4266,1.33,0.0,65632,66016
127.89863072899999,nodecontroller,4272,4.8,2.8809460980891433,139564,139960
127.89863072899999,nodelet,4429,10.12,9.603153660297144,122004,119840
127.89863072899999,nodeproxy,4625,0.2,0.0,51928,52280
127.89863072899999,containerd,3704,8.65,4.801576830148572,105596,104374
127.89863072899999,flanneld,5249,0.48,0.0,48208,48420
127.89863072899999,coredns,4946,0.94,0.9603153660297143,68204,44654
127.89863072899999,coredns,4956,0.92,0.9603153660297143,67880,44358
128.93900922900008,nodestore,4298,12.65,10.573075087575406,85468,85924
128.93900922900008,nodeapiserver,4294,39.2,28.835659329751106,399992,400348
128.93900922900008,nodescheduler,4266,1.35,1.9223772886500738,65632,66016
128.93900922900008,nodecontroller,4272,4.82,1.9223772886500738,139564,139960
128.93900922900008,nodelet,4429,10.19,6.7283205102752595,122260,120244
128.93900922900008,nodeproxy,4625,0.2,0.0,51928,52280
128.93900922900008,containerd,3704,8.73,7.689509154600295,106364,105195
128.93900922900008,flanneld,5249,0.48,0.0,48208,48420
128.93900922900008,coredns,4946,0.94,0.0,68204,44662
128.93900922900008,coredns,4956,0.93,0.9611886443250369,67880,44358
129.95890816700006,nodestore,4298,12.73,7.84391443302016,85616,86028
129.95890816700006,nodeapiserver,4294,39.47,26.47321121144304,399992,400352
129.95890816700006,nodescheduler,4266,1.36,0.98048930412752,65632,66016
129.95890816700006,nodecontroller,4272,4.86,3.92195721651008,139564,140100
129.95890816700006,nodelet,4429,10.3,10.78538234540272,122260,120278
129.95890816700006,nodeproxy,4625,0.2,0.0,51928,52296
129.95890816700006,containerd,3704,9.0,26.47321121144304,104480,103244
129.95890816700006,flanneld,5249,0.49,0.98048930412752,48068,48292
129.95890816700006,coredns,4946,0.95,0.98048930412752,68204,44750
129.95890816700006,coredns,4956,0.93,0.0,67880,44358
131.00375775000003,nodestore,4298,12.87,13.399057843142543,85764,86220
131.00375775000003,nodeapiserver,4294,39.84,35.411795728305286,399992,400356
131.00375775000003,nodescheduler,4266,1.38,1.9141511204489343,65632,66028
131.00375775000003,nodecontroller,4272,4.94,7.656604481795737,139564,140112
131.00375775000003,nodelet,4429,10.56,24.88396456583615,117516,115439
131.00375775000003,nodeproxy,4625,0.21,0.9570755602244672,51928,52296
131.00375775000003,containerd,3704,9.23,22.012737885162746,104076,102664
131.00375775000003,flanneld,5249,0.51,1.9141511204489343,48068,48292
131.00375775000003,coredns,4946,0.96,0.9570755602244672,68332,44814
131.00375775000003,coredns,4956,0.94,0.9570755602244672,67880,44358
132.06654322100002,nodestore,4298,13.02,14.113854968196332,86204,86396
132.06654322100002,nodeapiserver,4294,40.21,34.81417558821762,399992,400368
132.06654322100002,nodescheduler,4266,1.41,2.8227709936392666,65632,66032
132.06654322100002,nodecontroller,4272,5.0,5.645541987278533,139564,140124
132.06654322100002,nodelet,4429,10.74,16.9366259618356,116848,114702
132.06654322100002,nodeproxy,4625,0.23,1.8818473290928444,51928,52296
132.06654322100002,containerd,3704,9.55,30.10955726548551,100268,98876
132.06654322100002,flanneld,5249,0.51,0.0,48068,48292
132.06654322100002,coredns,4946,0.97,0.9409236645464222,68332,44870
132.06654322100002,coredns,4956,0.94,0.0,67880,44358
133.10100299700008,nodestore,4298,13.1,7.733505145007704,86204,86464
133.10100299700008,nodeapiserver,4294,40.44,22.23382729189715,399992,400368
133.10100299700008,nodescheduler,4266,1.42,0.966688143125963,65632,66036
133.10100299700008,nodecontroller,4272,5.03,2.900064429377889,139564,140124
133.10100299700008,nodelet,4429,10.81,6.7668170018817415,116848,114746
133.10100299700008,nodeproxy,4625,0.23,0.0,51928,52296
133.10100299700008,containerd,3704,9.87,30.934020580030815,101548,100275
133.10100299700008,flanneld,5249,0.51,0.0,48068,48292
133.10100299700008,coredns,4946,0.98,0.966688143125963,68332,44870
133.10100299700008,coredns,4956,0.96,1.933376286251926,67880,44358
134.13181116900006,nodestore,4298,13.18,7.760900832284207,86204,86480
134.13181116900006,nodeapiserver,4294,40.71,26.193040308959198,400120,400432
134.13181116900006,nodescheduler,4266,1.42,0.0,65632,66036
134.13181116900006,nodecontroller,4272,5.05,1.9402252080710518,139564,140124
134.13181116900006,nodelet,4429,10.88,6.790788228248682,116148,113962
134.13181116900006,nodeproxy,4625,0.23,0.0,51928,52296
134.13181116900006,containerd,3704,9.97,9.701126040355259,100704,99524
134.13181116900006,flanneld,5249,0.51,0.0,48068,48292
134.13181116900006,coredns,4946,0.99,0.9701126040355259,68332,44886
134.13181116900006,coredns,4956,0.96,0.0,67880,44362
135.15709902700002,nodestore,4298,13.27,8.77802261070021,86204,86516
135.15709902700002,nodeapiserver,4294,40.97,25.358731986467273,400120,400436
135.15709902700002,nodescheduler,4266,1.44,1.9506716912667132,65632,66036
135.15709902700002,nodecontroller,4272,5.08,2.92600753690007,139564,140132
135.15709902700002,nodelet,4429,10.91,2.92600753690007,116148,113962
135.15709902700002,nodeproxy,4625,0.23,0.0,51928,52296
135.15709902700002,containerd,3704,9.99,1.9506716912667132,100704,99560
135.15709902700002,flanneld,5249,0.52,0.9753358456333566,48068,48296
135.15709902700002,coredns,4946,0.99,0.0,68460,44914
135.15709902700002,coredns,4956,0.97,0.9753358456333566,67880,44362
136.17312551700007,nodestore,4298,13.36,8.858036762407133,86204,86540
136.17312551700007,nodeapiserver,4294,41.26,28.542562901089646,400120,400436
136.17312551700007,nodescheduler,4266,1.44,0.0,65632,66036
136.17312551700007,nodecontroller,4272,5.12,3.9369052277365033,139564,140132
136.17312551700007,nodelet,4429,10.96,4.9211315346706295,117172,114950
136.17312551700007,nodeproxy,4625,0.23,0.0,51928,52296
136.17312551700007,containerd,3704,10.03,3.9369052277365033,101600,100552
136.17312551700007,flanneld,5249,0.52,0.0,48068,48296
136.17312551700007,coredns,4946,1.0,0.9842263069341258,68460,44930
136.17312551700007,coredns,4956,0.97,0.0,67880,44370
137.191624429,nodestore,4298,13.46,9.818370822177878,86204,86588
137.191624429,nodeapiserver,4294,41.55,28.473275384315844,400120,400436
137.191624429,nodescheduler,4266,1.45,0.9818370822177878,65632,66036
137.191624429,nodecontroller,4272,5.15,2.9455112466533633,139564,140140
137.191624429,nodelet,4429,11.02,5.891022493306727,117172,114990
137.191624429,nodeproxy,4625,0.23,0.0,51928,52296
137.191624429,containerd,3704,10.1,6.872859575524515,102624,101544
137.191624429,flanneld,5249,0.52,0.0,48068,48304
137.191624429,coredns,4946,1.02,1.9636741644355755,68068,44498
137.191624429,coredns,4956,0.98,0.9818370822177878,67880,44370
138.21309019699999,nodestore,4298,13.54,7.8318826245777045,86332,86624
138.21309019699999,nodeapiserver,4294,41.81,25.45361852987754,400120,400440
138.21309019699999,nodescheduler,4266,1.46,0.9789853280722131,65632,66036
138.21309019699999,nodecontroller,4272,5.18,2.9369559842166395,139564,140140
138.21309019699999,nodelet,4429,11.09,6.852897296505493,117172,114990
138.21309019699999,nodeproxy,4625,0.23,0.0,51928,52296
138.21309019699999,containerd,3704,10.16,5.873911968433279,101432,100236
138.21309019699999,flanneld,5249,0.52,0.0,48068,48304
138.21309019699999,coredns,4946,1.02,0.0,68068,44502
138.21309019699999,coredns,4956,0.99,0.9789853280722131,67880,44370
139.25009010700006,nodestore,4298,13.62,7.714561903866903,86332,86644
139.25009010700006,nodeapiserver,4294,42.11,28.929607139500888,400120,400448
139.25009010700006,nodescheduler,4266,1.47,0.9643202379833629,65632,66036
139.25009010700006,nodecontroller,4272,5.2,1.9286404759667257,139564,140140
139.25009010700006,nodelet,4429,11.13,3.8572809519334514,117172,114990
139.25009010700006,nodeproxy,4625,0.23,0.0,51928,52296
139.25009010700006,containerd,3704,10.19,2.892960713950089,101432,100236
139.25009010700006,flanneld,5249,0.53,0.9643202379833629,48068,48304
139.25009010700006,coredns,4946,1.03,0.9643202379833629,68068,44502
139.25009010700006,coredns,4956,1.0,0.9643202379833629,67880,44370
140.312754739,nodestore,4298,13.73,10.351337259900928,86332,86676
140.312754739,nodeapiserver,4294,42.53,39.52328771962173,400120,400448
140.312754739,nodescheduler,4266,1.47,0.0,65632,66036
140.312754739,nodecontroller,4272,5.23,2.8230919799729803,139564,140140
140.312754739,nodelet,4429,11.17,3.7641226399639742,117300,115026
140.312754739,nodeproxy,4625,0.23,0.0,51928,52296
140.312754739,containerd,3704,10.2,0.9410306599909936,101432,100236
140.312754739,flanneld,5249,0.53,0.0,48068,48304
140.312754739,coredns,4946,1.03,0.0,68068,44510
140.312754739,coredns,4956,1.01,0.9410306599909936,67880,44370
141.33346463200002,nodestore,4298,13.8,6.857972130970598,86332,86712
141.33346463200002,nodeapiserver,4294,42.76,22.533337001760533,400120,400452
141.33346463200002,nodescheduler,4266,1.48,0.979710304424371,65632,66040
141.33346463200002,nodecontroller,4272,5.26,2.939130913273113,139564,140144
141.33346463200002,nodelet,4429,11.25,7.837682435394968,118068,116014
141.33346463200002,nodeproxy,4625,0.23,0.0,51928,52296
141.33346463200002,containerd,3704,10.26,5.878261826546226,101432,100228
141.33346463200002,flanneld,5249,0.53,0.0,48068,48304
141.33346463200002,coredns,4946,1.04,0.979710304424371,68068,44510
141.33346463200002,coredns,4956,1.01,0.0,67880,44370
142.35343455800006,nodestore,4298,13.93,12.745473830764139,86468,86888
142.35343455800006,nodeapiserver,4294,43.14,37.25600042838748,400120,400460
142.35343455800006,nodescheduler,4266,1.5,1.9608421278098676,65632,66040
142.35343455800006,nodecontroller,4272,5.36,9.804210639049337,139564,140152
142.35343455800006,nodelet,4429,11.42,16.667158086383875,118324,116234
142.35343455800006,nodeproxy,4625,0.23,0.0,51928,52296
142.35343455800006,containerd,3704,10.44,17.647579150288806,101432,100296
142.35343455800006,flanneld,5249,0.54,0.9804210639049338,47932,48048
142.35343455800006,coredns,4946,1.05,0.9804210639049338,68068,44506
142.35343455800006,coredns,4956,1.01,0.0,68008,44406
143.37216359000007,nodestore,4298,14.03,9.816152957148569,86596,86932
143.37216359000007,nodeapiserver,4294,43.44,29.44845887144571,400120,400464
143.37216359000007,nodescheduler,4266,1.51,0.981615295714857,65632,66040
143.37216359000007,nodecontroller,4272,5.39,2.944845887144571,139564,140156
143.37216359000007,nodelet,4429,11.51,8.834537661433712,118324,116238
143.37216359000007,nodeproxy,4625,0.23,0.0,51928,52296
143.37216359000007,containerd,3704,10.48,3.926461182859428,101432,100300
143.37216359000007,flanneld,5249,0.54,0.0,47932,48048
143.37216359000007,coredns,4946,1.05,0.0,68068,44506
143.37216359000007,coredns,4956,1.03,1.963230591429714,68008,44410
144.38942996999998,nodestore,4298,14.11,7.864213501286367,86596,86964
144.38942996999998,nodeapiserver,4294,43.69,24.575667191519898,400120,400468
144.38942996999998,nodescheduler,4266,1.51,0.0,65632,66040
144.38942996999998,nodecontroller,4272,5.42,2.9490800629823877,139564,140156
144.38942996999998,nodelet,4429,11.56,4.91513343830398,118452,116378
144.38942996999998,nodeproxy,4625,0.23,0.0,51928,52296
144.38942996999998,containerd,3704,10.52,3.9321067506431837,102456,101288
144.38942996999998,flanneld,5249,0.55,0.9830266876607959,47932,48048
144.38942996999998,coredns,4946,1.07,1.9660533753215919,68068,44510
144.38942996999998,coredns,4956,1.03,0.0,68008,44418
145.41362383300003,nodestore,4298,14.22,10.740154181142032,86724,87008
145.41362383300003,nodeapiserver,4294,43.98,28.314951932101714,400120,400480
145.41362383300003,nodescheduler,4266,1.52,0.9763776528310937,65632,66040
145.41362383300003,nodecontroller,4272,5.45,2.9291329584932813,139564,140160
145.41362383300003,nodelet,4429,11.62,5.8582659169865625,117116,114994
145.41362383300003,nodeproxy,4625,0.23,0.0,51928,52296
145.41362383300003,containerd,3704,10.53,0.9763776528310937,102456,101288
145.41362383300003,flanneld,5249,0.55,0.0,47932,48048
145.41362383300003,coredns,4946,1.07,0.0,68068,44510
145.41362383300003,coredns,4956,1.05,1.9527553056621874,68008,44426
146.430085592,nodestore,4298,14.31,8.854243576122741,86724,87032
146.430085592,nodeapiserver,4294,44.26,27.54653557015964,400120,400480
146.430085592,nodescheduler,4266,1.52,0.0,65632,66040
146.430085592,nodecontroller,4272,5.48,2.9514145253742465,139564,140160
146.430085592,nodelet,4429,11.65,2.9514145253742465,117116,115006
146.430085592,nodeproxy,4625,0.23,0.0,51928,52296
146.430085592,containerd,3704,10.55,1.9676096835828312,102456,101288
146.430085592,flanneld,5249,0.55,0.0,47932,48048
146.430085592,coredns,4946,1.08,0.9838048417914156,68068,44510
146.430085592,coredns,4956,1.05,0.0,68008,44426
147.45455138699998,nodestore,4298,14.43,11.71342182293198,86724,87184
147.45455138699998,nodeapiserver,4294,44.6,33.18802849830728,400120,400484
147.45455138699998,nodescheduler,4266,1.54,1.9522369704886635,65632,66040
147.45455138699998,nodecontroller,4272,5.53,4.880592426221659,139564,140160
147.45455138699998,nodelet,4429,11.74,8.785066367198986,117116,115018
147.45455138699998,nodeproxy,4625,0.23,0.0,51928,52296
147.45455138699998,containerd,3704,10.63,7.808947881954654,99160,97864
147.45455138699998,flanneld,5249,0.55,0.0,47932,48048
147.45455138699998,coredns,4946,1.08,0.0,68068,44510
147.45455138699998,coredns,4956,1.06,0.9761184852443318,68008,44426
148.47434497800003,nodestore,4298,14.5,6.8641341363358706,86724,87208
148.47434497800003,nodeapiserver,4294,44.86,25.495355363533232,400120,400484
148.47434497800003,nodescheduler,4266,1.55,0.9805905909051242,65632,66040
148.47434497800003,nodecontroller,4272,5.55,1.9611811818102485,139564,140160
148.47434497800003,nodelet,4429,11.78,3.922362363620497,117244,115054
148.47434497800003,nodeproxy,4625,0.24,0.9805905909051242,51928,52296
148.47434497800003,containerd,3704,10.68,4.902952954525621,99160,97936
148.47434497800003,flanneld,5249,0.55,0.0,47932,48048
148.47434497800003,coredns,4946,1.09,0.9805905909051242,68068,44510
148.47434497800003,coredns,4956,1.07,0.9805905909051242,68008,44430
149.48901287400003,nodestore,4298,14.59,8.86989726932296,86856,87252
149.48901287400003,nodeapiserver,4294,45.14,27.595235949004767,400120,400492
149.48901287400003,nodescheduler,4266,1.56,0.9855441410358845,65632,66044
149.48901287400003,nodecontroller,4272,5.59,3.942176564143538,139564,140168
149.48901287400003,nodelet,4429,11.84,5.913264846215307,117988,115714
149.48901287400003,nodeproxy,4625,0.24,0.0,51928,52296
149.48901287400003,containerd,3704,10.7,1.971088282071769,100184,98924
149.48901287400003,flanneld,5249,0.56,0.9855441410358845,47932,48052
149.48901287400003,coredns,4946,1.09,0.0,68068,44510
149.48901287400003,coredns,4956,1.07,0.0,68008,44430
150.51376045900003,nodestore,4298,14.67,7.806800540056895,86856,87272
150.51376045900003,nodeapiserver,4294,45.41,26.34795182269202,400120,400500
150.51376045900003,nodescheduler,4266,1.57,0.9758500675071119,65632,66044
150.51376045900003,nodecontroller,4272,5.61,1.9517001350142238,139564,140168
150.51376045900003,nodelet,4429,11.88,3.9034002700284476,117988,115714
150.51376045900003,nodeproxy,4625,0.24,0.0,51928,52296
150.51376045900003,containerd,3704,10.74,3.9034002700284476,97720,96280
150.51376045900003,flanneld,5249,0.56,0.0,47932,48052
150.51376045900003,coredns,4946,1.1,0.9758500675071119,68068,44510
150.51376045900003,coredns,4956,1.08,0.9758500675071119,68008,44434
151.54103001000004,nodestore,4298,14.78,10.707997710330082,86856,87328
151.54103001000004,nodeapiserver,4294,45.81,38.93817349210939,402216,402584
151.54103001000004,nodescheduler,4266,1.58,0.9734543373027348,65632,66044
151.54103001000004,nodecontroller,4272,5.64,2.9203630119082042,139564,140168
151.54103001000004,nodelet,4429,11.98,9.734543373027348,117988,115714
151.54103001000004,nodeproxy,4625,0.24,0.0,51928,52296
151.54103001000004,containerd,3704,10.8,5.8407260238164085,98616,97260
151.54103001000004,flanneld,5249,0.56,0.0,47932,48052
151.54103001000004,coredns,4946,1.1,0.0,68068,44510
151.54103001000004,coredns,4956,1.08,0.0,68008,44434
152.56681013600002,nodestore,4298,14.89,10.723545642178191,86984,87464
152.56681013600002,nodeapiserver,4294,46.22,39.969579211755075,402216,402608
152.56681013600002,nodescheduler,4266,1.59,0.9748677856525628,65632,66044
152.56681013600002,nodecontroller,4272,5.69,4.874338928262814,139564,140176
152.56681013600002,nodelet,4429,12.09,10.723545642178191,117988,115738
152.56681013600002,nodeproxy,4625,0.24,0.0,51928,52296
152.56681013600002,containerd,3704,10.83,2.9246033569576886,99512,98240
152.56681013600002,flanneld,5249,0.56,0.0,47932,48052
152.56681013600002,coredns,4946,1.12,1.9497355713051256,68068,44510
152.56681013600002,coredns,4956,1.09,0.9748677856525628,68008,44434
153.61517182900008,nodestore,4298,15.01,11.446431207973664,87112,87556
153.61517182900008,nodeapiserver,4294,46.52,28.616078019934157,402216,402616
153.61517182900008,nodescheduler,4266,1.61,1.9077385346622773,65632,66044
153.61517182900008,nodecontroller,4272,5.74,4.769346336655693,139564,140188
153.61517182900008,nodelet,4429,12.25,15.261908277298218,117988,115742
153.61517182900008,nodeproxy,4625,0.24,0.0,51928,52296
153.61517182900008,containerd,3704,11.08,23.846731683278463,101560,100504
153.61517182900008,flanneld,5249,0.57,0.9538692673311386,47932,48052
153.61517182900008,coredns,4946,1.12,0.0,68068,44510
153.61517182900008,coredns,4956,1.1,0.9538692673311386,68008,44434
154.703651513,nodestore,4298,15.11,9.187125995087102,87272,87676
154.703651513,nodeapiserver,4294,46.85,30.317515783787435,402344,402628
154.703651513,nodescheduler,4266,1.62,0.9187125995087102,65632,66044
154.703651513,nodecontroller,4272,5.78,3.674850398034841,139564,140192
154.703651513,nodelet,4429,12.32,6.430988196560972,114940,112603
154.703651513,nodeproxy,4625,0.25,0.9187125995087102,51928,52300
154.703651513,containerd,3704,11.12,3.674850398034841,101688,100578
154.703651513,flanneld,5249,0.58,0.9187125995087102,47932,48052
154.703651513,coredns,4946,1.13,0.9187125995087102,68068,44510
154.703651513,coredns,4956,1.11,0.9187125995087102,68008,44434
155.74120338699998,nodestore,4298,15.22,10.601879554795428,87404,87812
155.74120338699998,nodeapiserver,4294,47.15,28.914216967623894,402344,402632
155.74120338699998,nodescheduler,4266,1.64,1.9276144645082596,65632,66044
155.74120338699998,nodecontroller,4272,5.84,5.782843393524779,139564,140196
155.74120338699998,nodelet,4429,12.46,13.493301251557819,114940,112710
155.74120338699998,nodeproxy,4625,0.25,0.0,51928,52300
155.74120338699998,containerd,3704,11.25,12.529494019303687,99972,98904
155.74120338699998,flanneld,5249,0.6,1.9276144645082596,47932,48052
155.74120338699998,coredns,4946,1.13,0.0,68068,44514
155.74120338699998,coredns,4956,1.12,0.9638072322541298,68008,44434
156.75817787300008,nodestore,4298,15.35,12.783014892665449,87532,87940
156.75817787300008,nodeapiserver,4294,47.48,32.44919165061229,402344,402636
156.75817787300008,nodescheduler,4266,1.64,0.0,65632,66044
156.75817787300008,nodecontroller,4272,5.88,3.933235351589369,139564,140208
156.75817787300008,nodelet,4429,12.57,10.816397216870765,115068,112758
156.75817787300008,nodeproxy,4625,0.25,0.0,51928,52300
156.75817787300008,containerd,3704,11.34,8.84977954107608,100228,99056
156.75817787300008,flanneld,5249,0.6,0.0,47932,48052
156.75817787300008,coredns,4946,1.15,1.9666176757946845,68068,44514
156.75817787300008,coredns,4956,1.12,0.0,68008,44434
157.78629744000006,nodestore,4298,15.44,8.753845650717208,87532,87964
157.78629744000006,nodeapiserver,4294,47.75,26.261536952151623,402344,402636
157.78629744000006,nodescheduler,4266,1.65,0.9726495167463565,65632,66044
157.78629744000006,nodecontroller,4272,5.91,2.9179485502390694,139564,140208
157.78629744000006,nodelet,4429,12.63,5.835897100478139,115196,112822
157.78629744000006,nodeproxy,4625,0.25,0.0,51928,52300
157.78629744000006,containerd,3704,11.37,2.9179485502390694,100228,99112
157.78629744000006,flanneld,5249,0.6,0.0,47932,48052
157.78629744000006,coredns,4946,1.15,0.0,68068,44514
157.78629744000006,coredns,4956,1.14,1.945299033492713,68008,44434
158.80326132300007,nodestore,4298,15.54,9.833190900054644,87532,88008
158.80326132300007,nodeapiserver,4294,48.05,29.49957270016393,402344,402640
158.80326132300007,nodescheduler,4266,1.67,1.9666381800109287,65632,66048
158.80326132300007,nodecontroller,4272,5.94,2.949957270016393,139564,140208
158.80326132300007,nodelet,4429,12.67,3.9332763600218574,115196,112862
158.80326132300007,nodeproxy,4625,0.25,0.0,51928,52300
158.80326132300007,containerd,3704,11.42,4.916595450027322,100660,99472
158.80326132300007,flanneld,5249,0.6,0.0,47932,48052
158.80326132300007,coredns,4946,1.15,0.0,68068,44514
158.80326132300007,coredns,4956,1.14,0.0,68008,44434
159.83192241,nodestore,4298,15.62,7.777099864185421,87532,88028
159.83192241,nodeapiserver,4294,48.33,27.219849524648975,402344,402644
159.83192241,nodescheduler,4266,1.67,0.0,65632,66048
159.83192241,nodecontroller,4272,5.97,2.916412449069533,139564,140208
159.83192241,nodelet,4429,12.74,6.804962381162244,115196,112862
159.83192241,nodeproxy,4625,0.25,0.0,51928,52300
159.83192241,containerd,3704,11.44,1.9442749660463552,100660,99472
159.83192241,flanneld,5249,0.6,0.0,47932,48052
159.83192241,coredns,4946,1.16,0.9721374830231776,68068,44514
159.83192241,coredns,4956,1.14,0.0,68008,44434
160.86766736500005,nodestore,4298,15.71,8.689397864360965,87532,88076
160.86766736500005,nodeapiserver,4294,48.62,27.999170896274215,402344,402644
160.86766736500005,nodescheduler,4266,1.68,0.9654886515956628,65632,66048
160.86766736500005,nodecontroller,4272,6.0,2.896465954786988,139564,140208
160.86766736500005,nodelet,4429,12.79,4.827443257978314,115196,112862
160.86766736500005,nodeproxy,4625,0.25,0.0,51928,52300
160.86766736500005,containerd,3704,11.51,6.75842056116964,100660,99472
160.86766736500005,flanneld,5249,0.61,0.9654886515956628,47932,48052
160.86766736500005,coredns,4946,1.17,0.9654886515956628,68068,44518
160.86766736500005,coredns,4956,1.16,1.9309773031913255,68008,44434
161.88647578399997,nodestore,4298,15.79,7.8523104548477365,87788,88096
161.88647578399997,nodeapiserver,4294,48.87,24.538470171399176,402344,402644
161.88647578399997,nodescheduler,4266,1.68,0.0,65632,66048
161.88647578399997,nodecontroller,4272,6.02,1.9630776137119341,139564,140208
161.88647578399997,nodelet,4429,12.87,7.8523104548477365,116092,113850
161.88647578399997,nodeproxy,4625,0.25,0.0,51928,52300
161.88647578399997,containerd,3704,11.54,2.9446164205679013,100660,99592
161.88647578399997,flanneld,5249,0.61,0.0,47932,48052
161.88647578399997,coredns,4946,1.17,0.0,68068,44518
161.88647578399997,coredns,4956,1.16,0.0,68008,44434
162.91163644300008,nodestore,4298,15.89,9.754568625129957,87916,88192
162.91163644300008,nodeapiserver,4294,49.15,27.312792150363887,402344,402652
162.91163644300008,nodescheduler,4266,1.69,0.9754568625129958,65632,66052
162.91163644300008,nodecontroller,4272,6.05,2.9263705875389876,139564,140208
162.91163644300008,nodelet,4429,12.89,1.9509137250259916,116092,113850
162.91163644300008,nodeproxy,4625,0.25,0.0,51928,52300
162.91163644300008,containerd,3704,11.59,4.877284312564979,100660,99596
162.91163644300008,flanneld,5249,0.61,0.0,47932,48052
162.91163644300008,coredns,4946,1.18,0.9754568625129958,68068,44522
162.91163644300008,coredns,4956,1.17,0.9754568625129958,68008,44434
163.93905804800005,nodestore,4298,15.99,9.733102702274078,87916,88252
163.93905804800005,nodeapiserver,4294,49.59,42.82565189000594,404484,404724
163.93905804800005,nodescheduler,4266,1.69,0.0,65632,66052
163.93905804800005,nodecontroller,4272,6.09,3.893241080909631,139564,140208
163.93905804800005,nodelet,4429,12.98,8.75979243204667,116092,113850
163.93905804800005,nodeproxy,4625,0.26,0.9733102702274078,51928,52308
163.93905804800005,containerd,3704,11.61,1.9466205404548156,101556,100584
163.93905804800005,flanneld,5249,0.61,0.0,47932,48052
163.93905804800005,coredns,4946,1.19,0.9733102702274078,68068,44522
163.93905804800005,coredns,4956,1.18,0.9733102702274078,68008,44434
164.96165217499998,nodestore,4298,16.08,8.801145794181332,88052,88304
164.96165217499998,nodeapiserver,4294,49.88,28.359247559028734,404484,404732
164.96165217499998,nodescheduler,4266,1.71,1.9558101764847406,65632,66052
164.96165217499998,nodecontroller,4272,6.12,2.9337152647271107,139564,140208
164.96165217499998,nodelet,4429,13.04,5.8674305294542215,116092,113850
164.96165217499998,nodeproxy,4625,0.26,0.0,51928,52308
164.96165217499998,containerd,3704,11.7,8.801145794181332,101684,100644
164.96165217499998,flanneld,5249,0.62,0.9779050882423703,47932,48052
164.96165217499998,coredns,4946,1.19,0.0,68068,44522
164.96165217499998,coredns,4956,1.18,0.0,68008,44434
165.98084594300002,nodestore,4298,16.17,8.830509254055483,88052,88324
165.98084594300002,nodeapiserver,4294,50.17,28.453863151956554,404484,404732
165.98084594300002,nodescheduler,4266,1.71,0.0,65632,66052
165.98084594300002,nodecontroller,4272,6.18,5.887006169370323,139564,140212
165.98084594300002,nodelet,4429,13.07,2.9435030846851613,116092,113850
165.98084594300002,nodeproxy,4625,0.26,0.0,51928,52308
165.98084594300002,containerd,3704,11.72,1.9623353897901075,101684,100644
165.98084594300002,flanneld,5249,0.62,0.0,47932,48052
165.98084594300002,coredns,4946,1.21,1.9623353897901075,68068,44522
165.98084594300002,coredns,4956,1.18,0.0,68008,44434
167.00243535400006,nodestore,4298,16.25,7.830934731565768,88052,88344
167.00243535400006,nodeapiserver,4294,50.44,26.429404719034466,404484,404732
167.00243535400006,nodescheduler,4266,1.72,0.978866841445721,65632,66052
167.00243535400006,nodecontroller,4272,6.2,1.957733682891442,139564,140212
167.00243535400006,nodelet,4429,13.11,3.915467365782884,116092,113850
167.00243535400006,nodeproxy,4625,0.26,0.0,51928,52308
167.00243535400006,containerd,3704,11.74,1.957733682891442,101684,100644
167.00243535400006,flanneld,5249,0.62,0.0,47932,48052
167.00243535400006,coredns,4946,1.21,0.0,68068,44524
167.00243535400006,coredns,4956,1.19,0.978866841445721,68008,44436
168.02568606900007,nodestore,4298,16.35,9.772775971136097,88052,88388
168.02568606900007,nodeapiserver,4294,50.74,29.31832791340829,404484,404736
168.02568606900007,nodescheduler,4266,1.72,0.0,65632,66052
168.02568606900007,nodecontroller,4272,6.24,3.9091103884544385,139564,140212
168.02568606900007,nodelet,4429,13.18,6.840943179795269,116988,114834
168.02568606900007,nodeproxy,4625,0.26,0.0,51928,52308
168.02568606900007,containerd,3704,11.78,3.9091103884544385,101684,100644
168.02568606900007,flanneld,5249,0.62,0.0,47932,48052
168.02568606900007,coredns,4946,1.23,1.9545551942272192,68068,44528
168.02568606900007,coredns,4956,1.2,0.9772775971136096,68008,44436
169.04344160400007,nodestore,4298,16.47,11.790650689018452,88188,88496
169.04344160400007,nodeapiserver,4294,51.09,34.38939784297049,404484,404744
169.04344160400007,nodescheduler,4266,1.74,1.965108448169742,65632,66052
169.04344160400007,nodecontroller,4272,6.29,4.912771120424355,139564,140220
169.04344160400007,nodelet,4429,13.25,6.877879568594098,116988,114838
169.04344160400007,nodeproxy,4625,0.26,0.0,52056,52320
169.04344160400007,containerd,3704,11.8,1.965108448169742,101684,100644
169.04344160400007,flanneld,5249,0.62,0.0,47932,48052
169.04344160400007,coredns,4946,1.23,0.0,68068,44528
169.04344160400007,coredns,4956,1.21,0.982554224084871,68008,44436
170.07395014700006,nodestore,4298,16.56,8.73355205168836,88188,88528
170.07395014700006,nodeapiserver,4294,51.36,26.20065615506508,404484,404744
170.07395014700006,nodescheduler,4266,1.75,0.9703946724098178,65632,66052
170.07395014700006,nodecontroller,4272,6.31,1.9407893448196356,139564,140220
170.07395014700006,nodelet,4429,13.31,5.822368034458907,116988,114838
170.07395014700006,nodeproxy,4625,0.26,0.0,52056,52320
170.07395014700006,containerd,3704,11.87,6.792762706868725,101684,100644
170.07395014700006,flanneld,5249,0.64,1.9407893448196356,47932,48052
170.07395014700006,coredns,4946,1.25,1.9407893448196356,68068,44528
170.07395014700006,coredns,4956,1.21,0.0,68008,44436
171.09333604300008,nodestore,4298,16.64,7.847862160337233,88188,88552
171.09333604300008,nodeapiserver,4294,51.62,25.50555202109601,404484,404744
171.09333604300008,nodescheduler,4266,1.75,0.0,65632,66052
171.09333604300008,nodecontroller,4272,6.34,2.9429483101264626,139564,140220
171.09333604300008,nodelet,4429,13.34,2.9429483101264626,118012,115822
171.09333604300008,nodeproxy,4625,0.26,0.0,52056,52320
171.09333604300008,containerd,3704,11.88,0.9809827700421542,101684,100648
171.09333604300008,flanneld,5249,0.64,0.0,47932,48052
171.09333604300008,coredns,4946,1.25,0.0,68068,44528
171.09333604300008,coredns,4956,1.22,0.9809827700421542,68008,44436
172.132444421,nodestore,4298,16.74,9.623635235477561,88188,88604
172.132444421,nodeapiserver,4294,51.9,26.946178659337175,404484,404752
172.132444421,nodescheduler,4266,1.77,1.9247270470955122,65632,66052
172.132444421,nodecontroller,4272,6.37,2.8870905706432684,139564,140220
172.132444421,nodelet,4429,13.45,10.585998759025317,118012,115858
172.132444421,nodeproxy,4625,0.26,0.0,52056,52320
172.132444421,containerd,3704,11.93,4.811817617738781,101940,100944
172.132444421,flanneld,5249,0.64,0.0,47932,48052
172.132444421,coredns,4946,1.25,0.0,68068,44528
172.132444421,coredns,4956,1.22,0.0,68008,44436
173.155860637,nodestore,4298,16.81,6.839836901704996,88188,88612
173.155860637,nodeapiserver,4294,52.17,26.38222804943355,404484,404756
173.155860637,nodescheduler,4266,1.77,0.0,65632,66052
173.155860637,nodecontroller,4272,6.4,2.9313586721592833,139564,140220
173.155860637,nodelet,4429,13.49,3.9084782295457114,118012,115858
173.155860637,nodeproxy,4625,0.26,0.0,52056,52320
173.155860637,containerd,3704,11.99,5.8627173443185665,102836,101780
173.155860637,flanneld,5249,0.64,0.0,47932,48052
173.155860637,coredns,4946,1.27,1.9542391147728557,68068,44528
173.155860637,coredns,4956,1.23,0.9771195573864279,68008,44436
174.177008682,nodestore,4298,16.91,9.792899324406799,88188,88672
174.177008682,nodeapiserver,4294,52.45,27.42011810833904,404484,404756
174.177008682,nodescheduler,4266,1.78,0.9792899324406799,65632,66052
174.177008682,nodecontroller,4272,6.42,1.9585798648813597,139564,140220
174.177008682,nodelet,4429,13.56,6.85502952708476,118012,115862
174.177008682,nodeproxy,4625,0.26,0.0,52056,52320
174.177008682,containerd,3704,12.05,5.875739594644079,102964,101880
174.177008682,flanneld,5249,0.64,0.0,47932,48052
174.177008682,coredns,4946,1.27,0.0,68068,44528
174.177008682,coredns,4956,1.24,0.9792899324406799,68008,44436
175.19485231900006,nodestore,4298,17.03,11.789630119777765,88328,88792
175.19485231900006,nodeapiserver,4294,52.8,34.38642118268515,404484,404760
175.19485231900006,nodescheduler,4266,1.81,2.9474075299444413,65632,66052
175.19485231900006,nodecontroller,4272,6.48,5.894815059888883,139564,140224
175.19485231900006,nodelet,4429,13.71,14.737037649722208,121084,118878
175.19485231900006,nodeproxy,4625,0.26,0.0,52056,52320
175.19485231900006,containerd,3704,12.21,15.719506826370354,102964,101924
175.19485231900006,flanneld,5249,0.66,1.9649383532962943,47804,48056
175.19485231900006,coredns,4946,1.28,0.9824691766481471,68068,44528
175.19485231900006,coredns,4956,1.24,0.0,68008,44436
176.24184667000003,nodestore,4298,17.19,15.28183985397693,88620,89028
176.24184667000003,nodeapiserver,4294,53.34,51.57620950717214,404484,404796
176.24184667000003,nodescheduler,4266,1.82,0.9551149908735581,65632,66052
176.24184667000003,nodecontroller,4272,6.55,6.6858049361149074,139564,140228
176.24184667000003,nodelet,4429,13.82,10.506264899609139,121340,119258
176.24184667000003,nodeproxy,4625,0.26,0.0,52056,52320
176.24184667000003,containerd,3704,12.32,10.506264899609139,103092,101972
176.24184667000003,flanneld,5249,0.66,0.0,47804,48056
176.24184667000003,coredns,4946,1.29,0.9551149908735581,68068,44528
176.24184667000003,coredns,4956,1.27,2.865344972620674,67600,43924
177.27031667700004,nodestore,4298,17.28,8.750862872756496,88620,89048
177.27031667700004,nodeapiserver,4294,53.59,24.3079524243236,404484,404796
177.27031667700004,nodescheduler,4266,1.83,0.972318096972944,65632,66052
177.27031667700004,nodecontroller,4272,6.58,2.9169542909188317,139564,140228
177.27031667700004,nodelet,4429,13.92,9.72318096972944,121340,119299
177.27031667700004,nodeproxy,4625,0.28,1.944636193945888,52056,52324
177.27031667700004,containerd,3704,12.44,11.667817163675327,104116,102959
177.27031667700004,flanneld,5249,0.66,0.0,47804,48056
177.27031667700004,coredns,4946,1.3,0.972318096972944,68068,44528
177.27031667700004,coredns,4956,1.27,0.0,67600,43924
178.351600324,nodestore,4298,17.4,11.097920544062756,88756,89188
178.351600324,nodeapiserver,4294,53.96,34.2185883441935,404484,404800
178.351600324,nodescheduler,4266,1.84,0.9248267120052297,65632,66052
178.351600324,nodecontroller,4272,6.64,5.548960272031378,139564,140232
178.351600324,nodelet,4429,14.11,17.571707528099363,114996,112950
178.351600324,nodeproxy,4625,0.28,0.0,52056,52324
178.351600324,containerd,3704,12.56,11.097920544062756,104116,102999
178.351600324,flanneld,5249,0.67,0.9248267120052297,47804,48056
178.351600324,coredns,4946,1.31,0.9248267120052297,68068,44528
178.351600324,coredns,4956,1.28,0.9248267120052297,67600,43924
179.397563939,nodestore,4298,17.51,10.516618209515773,88756,89248
179.397563939,nodeapiserver,4294,54.27,29.63774222681718,404484,404800
179.397563939,nodescheduler,4266,1.85,0.9560562008650704,65632,66052
179.397563939,nodecontroller,4272,6.68,3.8242248034602815,139564,140232
179.397563939,nodelet,4429,14.16,4.780281004325352,115124,112998
179.397563939,nodeproxy,4625,0.28,0.0,52056,52324
179.397563939,containerd,3704,12.59,2.868168602595211,104116,103000
179.397563939,flanneld,5249,0.67,0.0,47804,48056
179.397563939,coredns,4946,1.31,0.0,68068,44528
179.397563939,coredns,4956,1.28,0.0,67600,43924
180.424965116,nodestore,4298,17.59,7.786636981826222,88756,89272
180.424965116,nodeapiserver,4294,54.54,26.279899813663498,404484,404812
180.424965116,nodescheduler,4266,1.86,0.9733296227282777,65632,66052
180.424965116,nodecontroller,4272,6.7,1.9466592454565554,139564,140232
180.424965116,nodelet,4429,14.22,5.839977736369667,115124,112910
180.424965116,nodeproxy,4625,0.28,0.0,52056,52324
180.424965116,containerd,3704,12.62,2.9199888681848334,104116,103000
180.424965116,flanneld,5249,0.67,0.0,47804,48056
180.424965116,coredns,4946,1.33,1.9466592454565554,68068,44528
180.424965116,coredns,4956,1.28,0.0,67600,43924
181.45100747600003,nodestore,4298,17.73,13.644660830572079,89036,89432
181.45100747600003,nodeapiserver,4294,54.91,36.06088933794049,404484,404816
181.45100747600003,nodescheduler,4266,1.88,1.9492372615102969,65632,66052
181.45100747600003,nodecontroller,4272,6.76,5.84771178453089,139564,140236
181.45100747600003,nodelet,4429,14.31,8.771567676796336,117044,114862
181.45100747600003,nodeproxy,4625,0.28,0.0,52056,52328
181.45100747600003,containerd,3704,12.64,1.9492372615102969,104116,103000
181.45100747600003,flanneld,5249,0.67,0.0,47804,48056
181.45100747600003,coredns,4946,1.33,0.0,68068,44528
181.45100747600003,coredns,4956,1.3,1.9492372615102969,67600,43924
182.47600323,nodestore,4298,17.81,7.804910380146025,89164,89464
182.47600323,nodeapiserver,4294,55.18,26.341572532992835,404484,404816
182.47600323,nodescheduler,4266,1.89,0.9756137975182532,65632,66052
182.47600323,nodecontroller,4272,6.78,1.9512275950365063,139564,140240
182.47600323,nodelet,4429,14.38,6.829296582627773,117044,114862
182.47600323,nodeproxy,4625,0.28,0.0,52056,52328
182.47600323,containerd,3704,12.66,1.9512275950365063,104116,103000
182.47600323,flanneld,5249,0.67,0.0,47804,48056
182.47600323,coredns,4946,1.34,0.9756137975182532,68068,44532
182.47600323,coredns,4956,1.3,0.0,67600,43924
183.51389017000002,nodestore,4298,17.89,7.707968654080797,89164,89500
183.51389017000002,nodeapiserver,4294,55.43,24.087402044002488,404484,404824
183.51389017000002,nodescheduler,4266,1.89,0.0,65632,66052
183.51389017000002,nodecontroller,4272,6.81,2.8904882452802987,139564,140240
183.51389017000002,nodelet,4429,14.43,4.817480408800498,117044,114862
183.51389017000002,nodeproxy,4625,0.28,0.0,52056,52328
183.51389017000002,containerd,3704,12.77,10.598456899361095,104116,103004
183.51389017000002,flanneld,5249,0.68,0.9634960817600996,47804,48056
183.51389017000002,coredns,4946,1.34,0.0,68068,44532
183.51389017000002,coredns,4956,1.31,0.9634960817600996,67600,43924
184.53358696499998,nodestore,4298,17.97,7.845469397597079,89164,89520
184.53358696499998,nodeapiserver,4294,55.69,25.497775542190507,404484,404824
184.53358696499998,nodescheduler,4266,1.91,1.9613673493992698,65632,66052
184.53358696499998,nodecontroller,4272,6.82,0.9806836746996349,139564,140240
184.53358696499998,nodelet,4429,14.46,2.942051024098905,118324,116170
184.53358696499998,nodeproxy,4625,0.28,0.0,52056,52328
184.53358696499998,containerd,3704,12.8,2.942051024098905,104116,103004
184.53358696499998,flanneld,5249,0.69,0.9806836746996349,47804,48056
184.53358696499998,coredns,4946,1.35,0.9806836746996349,68068,44532
184.53358696499998,coredns,4956,1.32,0.9806836746996349,67600,43924
185.553725532,nodestore,4298,18.06,8.822330898112167,89164,89568
185.553725532,nodeapiserver,4294,55.99,29.407769660373887,404484,404828
185.553725532,nodescheduler,4266,1.92,0.9802589886791295,65632,66052
185.553725532,nodecontroller,4272,6.86,3.921035954716518,139564,140240
185.553725532,nodelet,4429,14.54,7.842071909433036,118452,116374
185.553725532,nodeproxy,4625,0.28,0.0,52056,52328
185.553725532,containerd,3704,12.82,1.960517977358259,104116,103004
185.553725532,flanneld,5249,0.69,0.0,47804,48056
185.553725532,coredns,4946,1.35,0.0,68068,44532
185.553725532,coredns,4956,1.32,0.0,67600,43924
186.58035036500002,nodestore,4298,18.19,12.662853636621163,89316,89732
186.58035036500002,nodeapiserver,4294,56.36,36.040429581152544,406648,406912
186.58035036500002,nodescheduler,4266,1.93,0.9740656643554741,65632,66052
186.58035036500002,nodecontroller,4272,6.91,4.870328321777371,139564,140240
186.58035036500002,nodelet,4429,14.62,7.792525314843793,118580,116414
186.58035036500002,nodeproxy,4625,0.28,0.0,52056,52328
186.58035036500002,containerd,3704,12.83,0.9740656643554741,104116,103004
186.58035036500002,flanneld,5249,0.69,0.0,47804,48056
186.58035036500002,coredns,4946,1.37,1.9481313287109483,68068,44532
186.58035036500002,coredns,4956,1.33,0.9740656643554741,67600,43924
187.62601494400002,nodestore,4298,18.28,8.60696649838415,89468,89840
187.62601494400002,nodeapiserver,4294,56.75,37.29685482633132,408776,409044
187.62601494400002,nodescheduler,4266,1.94,0.9563296109315722,65632,66052
187.62601494400002,nodecontroller,4272,6.97,5.737977665589433,139564,140240
187.62601494400002,nodelet,4429,14.8,17.2139329967683,119092,116940
187.62601494400002,nodeproxy,4625,0.28,0.0,52056,52328
187.62601494400002,containerd,3704,13.04,20.082921829563016,103420,102394
187.62601494400002,flanneld,5249,0.7,0.9563296109315722,48060,48312
187.62601494400002,coredns,4946,1.37,0.0,68068,44532
187.62601494400002,coredns,4956,1.33,0.0,67600,43924
188.65255501500002,nodestore,4298,18.4,11.689753122165268,89604,89992
188.65255501500002,nodeapiserver,4294,57.1,34.09511327298203,408776,409048
188.65255501500002,nodescheduler,4266,1.97,2.922438280541317,65632,66056
188.65255501500002,nodecontroller,4272,7.02,4.870730467568862,139564,140248
188.65255501500002,nodelet,4429,14.9,9.741460935137724,120116,117974
188.65255501500002,nodeproxy,4625,0.29,0.9741460935137723,52056,52336
188.65255501500002,containerd,3704,13.15,10.715607028651496,103420,102344
188.65255501500002,flanneld,5249,0.7,0.0,48060,48312
188.65255501500002,coredns,4946,1.38,0.9741460935137723,68068,44536
188.65255501500002,coredns,4956,1.35,1.9482921870275447,67600,43924
189.67994314900005,nodestore,4298,18.47,6.813393856074813,89604,90004
189.67994314900005,nodeapiserver,4294,57.33,22.386865527102955,408776,409056
189.67994314900005,nodescheduler,4266,1.97,0.0,65632,66056
189.67994314900005,nodecontroller,4272,7.05,2.9200259383177767,139564,140248
189.67994314900005,nodelet,4429,14.95,4.866709897196294,120116,117990
189.67994314900005,nodeproxy,4625,0.29,0.0,52056,52336
189.67994314900005,containerd,3704,13.18,2.9200259383177767,103420,102344
189.67994314900005,flanneld,5249,0.7,0.0,48060,48312
189.67994314900005,coredns,4946,1.38,0.0,68068,44536
189.67994314900005,coredns,4956,1.36,0.9733419794392589,67600,43924
190.70321973100005,nodestore,4298,18.54,6.840770250325187,89732,90024
190.70321973100005,nodeapiserver,4294,57.59,25.40857521549355,408776,409056
190.70321973100005,nodescheduler,4266,1.97,0.0,65632,66060
190.70321973100005,nodecontroller,4272,7.07,1.954505785807196,139564,140248
190.70321973100005,nodelet,4429,14.99,3.909011571614392,120116,117990
190.70321973100005,nodeproxy,4625,0.29,0.0,52056,52336
190.70321973100005,containerd,3704,13.2,1.954505785807196,103420,102344
190.70321973100005,flanneld,5249,0.7,0.0,48060,48312
190.70321973100005,coredns,4946,1.39,0.977252892903598,68068,44536
190.70321973100005,coredns,4956,1.36,0.0,67600,43928
191.75133903300008,nodestore,4298,18.63,8.58680875624188,89732,90052
191.75133903300008,nodeapiserver,4294,57.86,25.760426268725638,408776,409064
191.75133903300008,nodescheduler,4266,1.98,0.9540898618046532,65632,66060
191.75133903300008,nodecontroller,4272,7.1,2.8622695854139595,139564,140248
191.75133903300008,nodelet,4429,15.06,6.678629032632573,120116,117990
191.75133903300008,nodeproxy,4625,0.29,0.0,52056,52336
191.75133903300008,containerd,3704,13.22,1.9081797236093063,103804,102684
191.75133903300008,flanneld,5249,0.7,0.0,48060,48312
191.75133903300008,coredns,4946,1.39,0.0,68068,44536
191.75133903300008,coredns,4956,1.36,0.0,67600,43928
192.79138608300008,nodestore,4298,18.73,9.614949631365251,89864,90116
192.79138608300008,nodeapiserver,4294,58.15,27.883353930959224,408776,409064
192.79138608300008,nodescheduler,4266,1.99,0.961494963136525,65632,66064
192.79138608300008,nodecontroller,4272,7.14,3.8459798525461,139564,140252
192.79138608300008,nodelet,4429,15.13,6.730464741955676,120116,117994
192.79138608300008,nodeproxy,4625,0.29,0.0,52056,52336
192.79138608300008,containerd,3704,13.32,9.614949631365251,104828,103676
192.79138608300008,flanneld,5249,0.7,0.0,48060,48312
192.79138608300008,coredns,4946,1.4,0.961494963136525,68068,44536
192.79138608300008,coredns,4956,1.38,1.92298992627305,67600,43928
193.825523702,nodestore,4298,18.83,9.669892881056446,89864,90244
193.825523702,nodeapiserver,4294,58.45,29.00967864316934,408776,409068
193.825523702,nodescheduler,4266,2.0,0.9669892881056447,65632,66064
193.825523702,nodecontroller,4272,7.18,3.8679571524225786,139564,140252
193.825523702,nodelet,4429,15.27,13.537850033479028,120244,118166
193.825523702,nodeproxy,4625,0.3,0.9669892881056447,52056,52340
193.825523702,containerd,3704,13.6,27.075700066958056,108604,107596
193.825523702,flanneld,5249,0.72,1.9339785762112893,48060,48312
193.825523702,coredns,4946,1.41,0.9669892881056447,68068,44540
193.825523702,coredns,4956,1.38,0.0,67600,43928
194.85718587800005,nodestore,4298,18.91,7.754476403329512,89864,90264
194.85718587800005,nodeapiserver,4294,58.69,23.263429209988537,408776,409072
194.85718587800005,nodescheduler,4266,2.01,0.969309550416189,65632,66064
194.85718587800005,nodecontroller,4272,7.22,3.877238201664756,139564,140252
194.85718587800005,nodelet,4429,15.32,4.846547752080945,120244,118166
194.85718587800005,nodeproxy,4625,0.3,0.0,52056,52340
194.85718587800005,containerd,3704,13.9,29.07928651248567,103032,101700
194.85718587800005,flanneld,5249,0.72,0.0,48060,48312
194.85718587800005,coredns,4946,1.42,0.969309550416189,68068,44540
194.85718587800005,coredns,4956,1.38,0.0,67600,43928
195.88825349899997,nodestore,4298,18.99,7.758947945859916,89992,90312
195.88825349899997,nodeapiserver,4294,58.95,25.216580824044726,408776,409072
195.88825349899997,nodescheduler,4266,2.02,0.9698684932324895,65632,66064
195.88825349899997,nodecontroller,4272,7.25,2.9096054796974684,139564,140252
195.88825349899997,nodelet,4429,15.39,6.789079452627427,120244,118170
195.88825349899997,nodeproxy,4625,0.3,0.0,52056,52340
195.88825349899997,containerd,3704,14.04,13.578158905254854,103160,101904
195.88825349899997,flanneld,5249,0.72,0.0,48060,48312
195.88825349899997,coredns,4946,1.43,0.9698684932324895,68068,44540
195.88825349899997,coredns,4956,1.4,1.939736986464979,67600,43928
196.91115523500008,nodestore,4298,19.09,9.776110107216539,89992,90352
196.91115523500008,nodeapiserver,4294,59.25,29.328330321649617,408776,409072
196.91115523500008,nodescheduler,4266,2.03,0.9776110107216539,65632,66072
196.91115523500008,nodecontroller,4272,7.28,2.932833032164962,139564,140252
196.91115523500008,nodelet,4429,15.42,2.932833032164962,120244,118174
196.91115523500008,nodeproxy,4625,0.3,0.0,52056,52340
196.91115523500008,containerd,3704,14.08,3.9104440428866156,102028,100816
196.91115523500008,flanneld,5249,0.72,0.0,48060,48312
196.91115523500008,coredns,4946,1.44,0.9776110107216539,68068,44540
196.91115523500008,coredns,4956,1.4,0.0,67600,43928
197.93445352100008,nodestore,4298,19.17,7.817857324154656,89992,90400
197.93445352100008,nodeapiserver,4294,59.49,23.453571972463966,408776,409080
197.93445352100008,nodescheduler,4266,2.03,0.0,65632,66072
197.93445352100008,nodecontroller,4272,7.3,1.954464331038664,139564,140252
197.93445352100008,nodelet,4429,15.53,10.749553820712652,120244,118234
197.93445352100008,nodeproxy,4625,0.3,0.0,52056,52340
197.93445352100008,containerd,3704,14.16,7.817857324154656,102924,101844
197.93445352100008,flanneld,5249,0.72,0.0,48060,48312
197.93445352100008,coredns,4946,1.44,0.0,68068,44540
197.93445352100008,coredns,4956,1.4,0.0,67600,43928
198.964703982,nodestore,4298,19.29,11.647653123448487,90156,90516
198.964703982,nodeapiserver,4294,59.82,32.03104608948334,408776,409084
198.964703982,nodescheduler,4266,2.05,1.9412755205747478,65632,66080
198.964703982,nodecontroller,4272,7.35,4.85318880143687,139564,140256
198.964703982,nodelet,4429,15.63,9.70637760287374,120244,118262
198.964703982,nodeproxy,4625,0.3,0.0,52056,52340
198.964703982,containerd,3704,14.23,6.794464322011619,103948,102810
198.964703982,flanneld,5249,0.73,0.9706377602873739,48060,48312
198.964703982,coredns,4946,1.45,0.9706377602873739,68068,44540
198.964703982,coredns,4956,1.42,1.9412755205747478,67600,43928
200.04045397800002,nodestore,4298,19.39,9.295840146115024,90156,90584
200.04045397800002,nodeapiserver,4294,60.23,38.112944599071604,408776,409092
200.04045397800002,nodescheduler,4266,2.06,0.9295840146115025,65632,66080
200.04045397800002,nodecontroller,4272,7.39,3.71833605844601,139564,140260
200.04045397800002,nodelet,4429,15.72,8.366256131503523,120372,118268
200.04045397800002,nodeproxy,4625,0.3,0.0,52056,52340
200.04045397800002,containerd,3704,14.45,20.450848321453055,103948,102868
200.04045397800002,flanneld,5249,0.75,1.859168029223005,48060,48312
200.04045397800002,coredns,4946,1.46,0.9295840146115025,68068,44540
200.04045397800002,coredns,4956,1.42,0.0,67600,43928
201.08651186800006,nodestore,4298,19.55,15.29552059494465,90560,90884
201.08651186800006,nodeapiserver,4294,60.69,43.97462171046587,408776,409100
201.08651186800006,nodescheduler,4266,2.09,2.867910111552122,65632,66080
201.08651186800006,nodecontroller,4272,7.49,9.559700371840407,139564,140264
201.08651186800006,nodelet,4429,15.97,23.899250929601017,120756,118806
201.08651186800006,nodeproxy,4625,0.31,0.9559700371840406,52056,52348
201.08651186800006,containerd,3704,14.6,14.33955055776061,102744,101468
201.08651186800006,flanneld,5249,0.75,0.0,48060,48312
201.08651186800006,coredns,4946,1.48,1.9119400743680812,68196,44548
201.08651186800006,coredns,4956,1.43,0.9559700371840406,67600,43932
202.11031386500002,nodestore,4298,19.63,7.814010935163551,90560,90932
202.11031386500002,nodeapiserver,4294,60.97,27.34903827307243,408776,409100
202.11031386500002,nodescheduler,4266,2.1,0.9767513668954438,65632,66080
202.11031386500002,nodecontroller,4272,7.52,2.9302541006863314,139564,140264
202.11031386500002,nodelet,4429,16.12,14.651270503431657,119032,116822
202.11031386500002,nodeproxy,4625,0.31,0.0,52056,52348
202.11031386500002,containerd,3704,14.68,7.814010935163551,103000,101876
202.11031386500002,flanneld,5249,0.75,0.0,48060,48312
202.11031386500002,coredns,4946,1.48,0.0,68196,44548
202.11031386500002,coredns,4956,1.44,0.9767513668954438,67600,43932
203.12378321500006,nodestore,4298,19.72,8.880386959901328,90560,90960
203.12378321500006,nodeapiserver,4294,61.21,23.681031893070205,408776,409100
203.12378321500006,nodescheduler,4266,2.11,0.9867096622112586,65632,66080
203.12378321500006,nodecontroller,4272,7.55,2.9601289866337757,139564,140268
203.12378321500006,nodelet,4429,16.14,1.973419324422517,119160,117022
203.12378321500006,nodeproxy,4625,0.31,0.0,52056,52348
203.12378321500006,containerd,3704,14.75,6.906967635478811,102812,101588
203.12378321500006,flanneld,5249,0.75,0.0,48060,48312
203.12378321500006,coredns,4946,1.48,0.0,68196,44548
203.12378321500006,coredns,4956,1.45,0.9867096622112586,67600,43936
204.136675185,nodestore,4298,19.79,6.910904822357715,90560,90992
204.136675185,nodeapiserver,4294,61.48,26.656347171951182,408776,409108
204.136675185,nodescheduler,4266,2.11,0.0,65632,66080
204.136675185,nodecontroller,4272,7.58,2.96181635243902,139564,140268
204.136675185,nodelet,4429,16.19,4.936360587398367,119160,117034
204.136675185,nodeproxy,4625,0.31,0.0,52056,52348
204.136675185,containerd,3704,14.77,1.9745442349593467,102812,101592
204.136675185,flanneld,5249,0.75,0.0,48060,48312
204.136675185,coredns,4946,1.49,0.9872721174796734,68196,44548
204.136675185,coredns,4956,1.45,0.0,67600,43936
205.16332860400001,nodestore,4298,19.88,8.766346883416833,90560,91028
205.16332860400001,nodeapiserver,4294,61.75,26.2990406502505,408776,409112
205.16332860400001,nodescheduler,4266,2.12,0.9740385426018704,65632,66080
205.16332860400001,nodecontroller,4272,7.61,2.9221156278056113,139564,140268
205.16332860400001,nodelet,4429,16.25,5.844231255611223,119160,117010
205.16332860400001,nodeproxy,4625,0.31,0.0,52056,52348
205.16332860400001,containerd,3704,14.79,1.9480770852037408,102812,101592
205.16332860400001,flanneld,5249,0.76,0.9740385426018704,48060,48312
205.16332860400001,coredns,4946,1.5,0.9740385426018704,68196,44548
205.16332860400001,coredns,4956,1.47,1.9480770852037408,67600,43936
206.18583077,nodestore,4298,19.99,10.757923421357528,90712,91196
206.18583077,nodeapiserver,4294,62.07,31.295777225767356,408776,409112
206.18583077,nodescheduler,4266,2.13,0.9779930383052299,65632,66080
206.18583077,nodecontroller,4272,7.69,7.823944306441839,139564,140272
206.18583077,nodelet,4429,16.33,7.823944306441839,119288,117020
206.18583077,nodeproxy,4625,0.31,0.0,52056,52348
206.18583077,containerd,3704,14.85,5.867958229831379,102812,101590
206.18583077,flanneld,5249,0.76,0.0,48060,48312
206.18583077,coredns,4946,1.5,0.0,68196,44548
206.18583077,coredns,4956,1.47,0.0,67600,43936
207.20833731600004,nodestore,4298,20.08,8.80189964084553,90844,91312
207.20833731600004,nodeapiserver,4294,62.35,27.38368777151943,408776,409112
207.20833731600004,nodescheduler,4266,2.14,0.9779888489828367,65632,66080
207.20833731600004,nodecontroller,4272,7.72,2.93396654694851,139564,140276
207.20833731600004,nodelet,4429,16.37,3.9119553959313467,119288,117062
207.20833731600004,nodeproxy,4625,0.32,0.9779888489828367,52056,52348
207.20833731600004,containerd,3704,14.88,2.93396654694851,102812,101592
207.20833731600004,flanneld,5249,0.76,0.0,48060,48312
207.20833731600004,coredns,4946,1.51,0.9779888489828367,68196,44548
207.20833731600004,coredns,4956,1.47,0.0,67600,43936
208.23320080000002,nodestore,4298,20.15,6.830177979099645,90844,91336
208.23320080000002,nodeapiserver,4294,62.61,25.369232493798677,408776,409120
208.23320080000002,nodescheduler,4266,2.15,0.9757397112999491,65632,66080
208.23320080000002,nodecontroller,4272,7.74,1.9514794225998982,139564,140276
208.23320080000002,nodelet,4429,16.43,5.8544382677996945,119288,117066
208.23320080000002,nodeproxy,4625,0.32,0.0,52056,52348
208.23320080000002,containerd,3704,14.93,4.878698556499746,102812,101596
208.23320080000002,flanneld,5249,0.77,0.9757397112999491,48060,48312
208.23320080000002,coredns,4946,1.52,0.9757397112999491,68196,44548
208.23320080000002,coredns,4956,1.48,0.9757397112999491,67600,43936
209.25442609400005,nodestore,4298,20.26,10.771374411334987,90844,91368
209.25442609400005,nodeapiserver,4294,62.88,26.438828100549514,408776,409120
209.25442609400005,nodescheduler,4266,2.16,0.979215855575908,65632,66080
209.25442609400005,nodecontroller,4272,7.77,2.9376475667277235,139692,140280
209.25442609400005,nodelet,4429,16.49,5.875295133455447,118100,115814
209.25442609400005,nodeproxy,4625,0.32,0.0,52056,52348
209.25442609400005,containerd,3704,14.95,1.958431711151816,102812,101628
209.25442609400005,flanneld,5249,0.77,0.0,48060,48312
209.25442609400005,coredns,4946,1.52,0.0,68196,44548
209.25442609400005,coredns,4956,1.49,0.979215855575908,67600,43936
210.282329114,nodestore,4298,20.34,7.782835388498488,90844,91400
210.282329114,nodeapiserver,4294,63.15,26.267069436182396,408776,409124
210.282329114,nodescheduler,4266,2.17,0.972854423562311,65632,66084
210.282329114,nodecontroller,4272,7.8,2.918563270686933,139692,140280
210.282329114,nodelet,4429,16.54,4.864272117811555,119124,116802
210.282329114,nodeproxy,4625,0.32,0.0,52056,52348
210.282329114,containerd,3704,14.96,0.972854423562311,102812,101664
210.282329114,flanneld,5249,0.77,0.0,48060,48312
210.282329114,coredns,4946,1.53,0.972854423562311,68196,44548
210.282329114,coredns,4956,1.5,0.972854423562311,67600,43936
211.31506718100007,nodestore,4298,20.45,10.651297121208108,91120,91524
211.31506718100007,nodeapiserver,4294,63.6,43.57348822312407,408776,409196
211.31506718100007,nodescheduler,4266,2.19,1.9365994765832923,65632,66088
211.31506718100007,nodecontroller,4272,7.84,3.8731989531665847,139692,140284
211.31506718100007,nodelet,4429,16.68,13.556196336083048,119252,116994
211.31506718100007,nodeproxy,4625,0.32,0.0,52056,52348
211.31506718100007,containerd,3704,15.11,14.524496074374692,103068,102112
211.31506718100007,flanneld,5249,0.77,0.0,48060,48312
211.31506718100007,coredns,4946,1.53,0.0,68196,44548
211.31506718100007,coredns,4956,1.51,0.9682997382916462,67600,43936
212.39615445600003,nodestore,4298,20.54,8.324952303226715,91120,91652
212.39615445600003,nodeapiserver,4294,63.88,25.89985161003867,408776,409196
212.39615445600003,nodescheduler,4266,2.2,0.9249947003585237,65760,66088
212.39615445600003,nodecontroller,4272,7.89,4.624973501792619,139820,140288
212.39615445600003,nodelet,4429,16.83,13.874920505377856,119252,117036
212.39615445600003,nodeproxy,4625,0.33,0.9249947003585237,52184,52480
212.39615445600003,containerd,3704,15.32,19.424888707529,104476,103378
212.39615445600003,flanneld,5249,0.79,1.8499894007170474,48060,48184
212.39615445600003,coredns,4946,1.54,0.9249947003585237,68196,44564
212.39615445600003,coredns,4956,1.52,0.9249947003585237,67600,43936
213.46547595200008,nodestore,4298,20.72,16.833104045258313,91544,91884
213.46547595200008,nodeapiserver,4294,64.31,40.2124152192282,408776,409204
213.46547595200008,nodescheduler,4266,2.22,1.8703448939175904,65760,66088
213.46547595200008,nodecontroller,4272,7.97,7.481379575670362,139820,140296
213.46547595200008,nodelet,4429,17.07,22.444138727011087,117500,115078
213.46547595200008,nodeproxy,4625,0.33,0.0,52184,52480
213.46547595200008,containerd,3704,15.46,13.092414257423135,99192,97932
213.46547595200008,flanneld,5249,0.79,0.0,48060,48184
213.46547595200008,coredns,4946,1.55,0.9351724469587952,68196,44564
213.46547595200008,coredns,4956,1.53,0.9351724469587952,67600,43936
214.48746533700006,nodestore,4298,20.82,9.784837442318603,91544,91944
214.48746533700006,nodeapiserver,4294,64.61,29.354512326955806,408776,409204
214.48746533700006,nodescheduler,4266,2.22,0.0,65760,66088
214.48746533700006,nodecontroller,4272,8.01,3.913934976927441,139820,140296
214.48746533700006,nodelet,4429,17.12,4.892418721159301,116620,114130
214.48746533700006,nodeproxy,4625,0.33,0.0,52184,52480
214.48746533700006,containerd,3704,15.47,0.9784837442318602,99192,97972
214.48746533700006,flanneld,5249,0.79,0.0,48060,48184
214.48746533700006,coredns,4946,1.55,0.0,68196,44564
214.48746533700006,coredns,4956,1.53,0.0,67600,43936
215.503018563,nodestore,4298,20.89,6.892794804632262,91544,91960
215.503018563,nodeapiserver,4294,64.87,25.601809274348398,408776,409208
215.503018563,nodescheduler,4266,2.23,0.984684972090323,65760,66088
215.503018563,nodecontroller,4272,8.04,2.954054916270969,139820,140296
215.503018563,nodelet,4429,17.17,4.923424860451615,117260,114746
215.503018563,nodeproxy,4625,0.33,0.0,52184,52480
215.503018563,containerd,3704,15.49,1.969369944180646,99192,98012
215.503018563,flanneld,5249,0.8,0.984684972090323,48060,48184
215.503018563,coredns,4946,1.56,0.984684972090323,68196,44564
215.503018563,coredns,4956,1.54,0.984684972090323,67600,43940
216.51873143799997,nodestore,4298,20.98,8.86077180029871,91544,91992
216.51873143799997,nodeapiserver,4294,65.12,24.61325500082975,408776,409212
216.51873143799997,nodescheduler,4266,2.25,1.96906040006638,65760,66092
216.51873143799997,nodecontroller,4272,8.07,2.95359060009957,139820,140296
216.51873143799997,nodelet,4429,17.23,5.90718120019914,117260,114786
216.51873143799997,nodeproxy,4625,0.33,0.0,52184,52480
216.51873143799997,containerd,3704,15.59,9.8453020003319,97944,96752
216.51873143799997,flanneld,5249,0.8,0.0,48060,48184
216.51873143799997,coredns,4946,1.56,0.0,68196,44564
216.51873143799997,coredns,4956,1.55,0.98453020003319,67600,43940
217.55036081200006,nodestore,4298,21.07,8.724063337885543,91544,92016
217.55036081200006,nodeapiserver,4294,65.39,26.172190013656632,408776,409212
217.55036081200006,nodescheduler,4266,2.25,0.0,65760,66092
217.55036081200006,nodecontroller,4272,8.09,1.938680741752343,139820,140296
217.55036081200006,nodelet,4429,17.26,2.9080211126285143,117260,114826
217.55036081200006,nodeproxy,4625,0.33,0.0,52184,52480
217.55036081200006,containerd,3704,15.61,1.938680741752343,98968,97736
217.55036081200006,flanneld,5249,0.8,0.0,48060,48184
217.55036081200006,coredns,4946,1.57,0.9693403708761715,68196,44564
217.55036081200006,coredns,4956,1.55,0.0,67600,43940
218.58238075800006,nodestore,4298,21.18,10.658708722282867,91672,92120
218.58238075800006,nodeapiserver,4294,65.73,32.945099687056135,408776,409220
218.58238075800006,nodescheduler,4266,2.26,0.9689735202075334,65760,66092
218.58238075800006,nodecontroller,4272,8.15,5.8138411212452,139820,140296
218.58238075800006,nodelet,4429,17.37,10.658708722282867,116548,114158
218.58238075800006,nodeproxy,4625,0.33,0.0,52184,52480
218.58238075800006,containerd,3704,15.66,4.844867601037667,99864,98720
218.58238075800006,flanneld,5249,0.82,1.9379470404150667,48060,48184
218.58238075800006,coredns,4946,1.58,0.9689735202075334,68196,44568
218.58238075800006,coredns,4956,1.56,0.9689735202075334,67600,43940
219.60342779,nodestore,4298,21.27,8.814481329397164,91672,92148
219.60342779,nodeapiserver,4294,65.99,25.46405717381403,408776,409224
219.60342779,nodescheduler,4266,2.27,0.9793868143774628,65760,66092
219.60342779,nodecontroller,4272,8.17,1.9587736287549256,139820,140296
219.60342779,nodelet,4429,17.41,3.917547257509851,116548,114186
219.60342779,nodeproxy,4625,0.33,0.0,52184,52480
219.60342779,containerd,3704,15.68,1.9587736287549256,99864,98720
219.60342779,flanneld,5249,0.82,0.0,48060,48184
219.60342779,coredns,4946,1.58,0.0,68196,44568
219.60342779,coredns,4956,1.58,1.9587736287549256,67600,43940
220.671056318,nodestore,4298,21.38,10.30320913268065,91672,92172
220.671056318,nodeapiserver,4294,66.28,27.16300589524898,408776,409224
220.671056318,nodescheduler,4266,2.27,0.0,65760,66092
220.671056318,nodecontroller,4272,8.21,3.7466215027929635,139820,140296
220.671056318,nodelet,4429,17.45,3.7466215027929635,116548,114226
220.671056318,nodeproxy,4625,0.33,0.0,52184,52480
220.671056318,containerd,3704,15.7,1.8733107513964817,99864,98720
220.671056318,flanneld,5249,0.82,0.0,48060,48184
220.671056318,coredns,4946,1.58,0.0,68196,44584
220.671056318,coredns,4956,1.58,0.0,67600,43940
221.69565307199997,nodestore,4298,21.47,8.783943502519008,91672,92224
221.69565307199997,nodeapiserver,4294,66.58,29.27981167506336,408776,409224
221.69565307199997,nodescheduler,4266,2.29,1.951987445004224,65760,66096
221.69565307199997,nodecontroller,4272,8.23,1.951987445004224,139820,140296
221.69565307199997,nodelet,4429,17.52,6.831956057514785,116548,114278
221.69565307199997,nodeproxy,4625,0.33,0.0,52184,52480
221.69565307199997,containerd,3704,15.77,6.831956057514785,99864,98844
221.69565307199997,flanneld,5249,0.82,0.0,48060,48184
221.69565307199997,coredns,4946,1.6,1.951987445004224,68196,44600
221.69565307199997,coredns,4956,1.58,0.0,67600,43940
222.72238116500006,nodestore,4298,21.56,8.765709306445586,91672,92252
222.72238116500006,nodeapiserver,4294,66.84,25.323160218620583,408776,409224
222.72238116500006,nodescheduler,4266,2.3,0.9739677007161762,65760,66096
222.72238116500006,nodecontroller,4272,8.26,2.9219031021485287,139820,140296
222.72238116500006,nodelet,4429,17.63,10.713644707877938,117956,115762
222.72238116500006,nodeproxy,4625,0.33,0.0,52184,52480
222.72238116500006,containerd,3704,15.8,2.9219031021485287,100888,99980
222.72238116500006,flanneld,5249,0.82,0.0,48060,48184
222.72238116500006,coredns,4946,1.6,0.0,68196,44624
222.72238116500006,coredns,4956,1.59,0.9739677007161762,67600,43940
223.75302785800005,nodestore,4298,21.64,7.762116789715488,91808,92316
223.75302785800005,nodeapiserver,4294,67.27,41.721377744720755,417504,417628
223.75302785800005,nodescheduler,4266,2.3,0.0,65760,66100
223.75302785800005,nodecontroller,4272,8.32,5.821587592286616,139820,140300
223.75302785800005,nodelet,4429,17.72,8.732381388429925,118084,115886
223.75302785800005,nodeproxy,4625,0.33,0.0,52184,52480
223.75302785800005,containerd,3704,15.97,16.494498178145413,102680,101672
223.75302785800005,flanneld,5249,0.83,0.970264598714436,48316,48536
223.75302785800005,coredns,4946,1.62,1.940529197428872,68324,44724
223.75302785800005,coredns,4956,1.6,0.970264598714436,67600,43940
224.81743343,nodestore,4298,21.78,13.152881165113604,91988,92504
224.81743343,nodeapiserver,4294,67.61,31.942711400990177,417504,417640
224.81743343,nodescheduler,4266,2.34,3.757966047175315,65760,66100
224.81743343,nodecontroller,4272,8.41,8.455423606144459,139820,140304
224.81743343,nodelet,4429,17.98,24.426779306639546,117772,115409
224.81743343,nodeproxy,4625,0.34,0.9394915117938287,52184,52480
224.81743343,containerd,3704,16.17,18.789830235876575,102780,101747
224.81743343,flanneld,5249,0.84,0.9394915117938287,48316,48536
224.81743343,coredns,4946,1.62,0.0,68324,44724
224.81743343,coredns,4956,1.61,0.9394915117938287,67600,43940
225.83832857700003,nodestore,4298,21.94,15.672520382741602,92256,92744
225.83832857700003,nodeapiserver,4294,68.05,43.09943105253941,417504,417652
225.83832857700003,nodescheduler,4266,2.35,0.9795325239213502,65760,66100
225.83832857700003,nodecontroller,4272,8.49,7.836260191370801,139820,140308
225.83832857700003,nodelet,4429,18.16,17.631585430584302,117772,115620
225.83832857700003,nodeproxy,4625,0.35,0.9795325239213502,52184,52480
225.83832857700003,containerd,3704,16.29,11.754390287056202,103292,102318
225.83832857700003,flanneld,5249,0.85,0.9795325239213502,48316,48536
225.83832857700003,coredns,4946,1.64,1.9590650478427003,68324,44724
225.83832857700003,coredns,4956,1.62,0.9795325239213502,67600,43952
226.86776961900006,nodestore,4298,22.05,10.685410384094318,92256,92792
226.86776961900006,nodeapiserver,4294,68.33,27.199226432240085,417504,417656
226.86776961900006,nodescheduler,4266,2.37,1.9428018880171487,65760,66100
226.86776961900006,nodecontroller,4272,8.51,1.9428018880171487,139820,140308
226.86776961900006,nodelet,4429,18.22,5.828405664051447,117772,115654
226.86776961900006,nodeproxy,4625,0.35,0.0,52184,52480
226.86776961900006,containerd,3704,16.35,5.828405664051447,103420,102444
226.86776961900006,flanneld,5249,0.85,0.0,48316,48536
226.86776961900006,coredns,4946,1.64,0.0,68324,44724
226.86776961900006,coredns,4956,1.62,0.0,67728,43960
227.90081675000005,nodestore,4298,22.12,6.776070316582752,92256,92812
227.90081675000005,nodeapiserver,4294,68.58,24.20025113065268,417504,417660
227.90081675000005,nodescheduler,4266,2.37,0.0,65760,66100
227.90081675000005,nodecontroller,4272,8.53,1.9360200904522145,139820,140308
227.90081675000005,nodelet,4429,18.27,4.840050226130536,118284,116126
227.90081675000005,nodeproxy,4625,0.35,0.0,52184,52480
227.90081675000005,containerd,3704,16.41,5.808060271356643,104444,103468
227.90081675000005,flanneld,5249,0.85,0.0,48316,48536
227.90081675000005,coredns,4946,1.65,0.9680100452261072,68324,44728
227.90081675000005,coredns,4956,1.63,0.9680100452261072,67728,43960
228.91920957899998,nodestore,4298,22.21,8.837454215813775,92256,92844
228.91920957899998,nodeapiserver,4294,68.87,28.476241362066606,417504,417660
228.91920957899998,nodescheduler,4266,2.38,0.9819393573126417,65760,66100
228.91920957899998,nodecontroller,4272,8.56,2.9458180719379254,139820,140308
228.91920957899998,nodelet,4429,18.34,6.873575501188493,118412,116170
228.91920957899998,nodeproxy,4625,0.35,0.0,52184,52480
228.91920957899998,containerd,3704,16.43,1.9638787146252834,104444,103468
228.91920957899998,flanneld,5249,0.85,0.0,48316,48536
228.91920957899998,coredns,4946,1.66,0.9819393573126417,68324,44736
228.91920957899998,coredns,4956,1.64,0.9819393573126417,67728,43960
229.95343892900001,nodestore,4298,22.3,8.70213168868174,92256,92880
229.95343892900001,nodeapiserver,4294,69.16,28.040202107974494,417504,417660
229.95343892900001,nodescheduler,4266,2.39,0.9669035209646378,65760,66104
229.95343892900001,nodecontroller,4272,8.58,1.9338070419292757,139820,140308
229.95343892900001,nodelet,4429,18.37,2.9007105628939134,119436,117194
229.95343892900001,nodeproxy,4625,0.35,0.0,52184,52480
229.95343892900001,containerd,3704,16.44,0.9669035209646378,104444,103468
229.95343892900001,flanneld,5249,0.85,0.0,48316,48536
229.95343892900001,coredns,4946,1.66,0.0,68324,44752
229.95343892900001,coredns,4956,1.65,0.9669035209646378,67728,43960
230.97275536800004,nodestore,4298,22.42,11.772595379480327,92388,92968
230.97275536800004,nodeapiserver,4294,69.47,30.41253806365751,417504,417668
230.97275536800004,nodescheduler,4266,2.4,0.981049614956694,65760,66104
230.97275536800004,nodecontroller,4272,8.63,4.9052480747834695,139820,140312
230.97275536800004,nodelet,4429,18.44,6.8673473046968585,120332,118174
230.97275536800004,nodeproxy,4625,0.35,0.0,52184,52480
230.97275536800004,containerd,3704,16.54,9.810496149566939,104444,103484
230.97275536800004,flanneld,5249,0.85,0.0,48316,48536
230.97275536800004,coredns,4946,1.66,0.0,68324,44772
230.97275536800004,coredns,4956,1.66,0.981049614956694,67728,43960
231.99000674300004,nodestore,4298,22.5,7.864329502626619,92388,92996
231.99000674300004,nodeapiserver,4294,69.74,26.54211207136484,417504,417672
231.99000674300004,nodescheduler,4266,2.41,0.9830411878283274,65760,66104
231.99000674300004,nodecontroller,4272,8.66,2.949123563484982,139820,140312
231.99000674300004,nodelet,4429,18.5,5.898247126969964,119432,117150
231.99000674300004,nodeproxy,4625,0.35,0.0,52184,52480
231.99000674300004,containerd,3704,16.56,1.9660823756566548,104444,103484
231.99000674300004,flanneld,5249,0.85,0.0,48316,48536
231.99000674300004,coredns,4946,1.68,1.9660823756566548,68324,44784
231.99000674300004,coredns,4956,1.66,0.0,67728,43960
233.01350196100003,nodestore,4298,22.59,8.793397215462178,92388,93028
233.01350196100003,nodeapiserver,4294,70.03,28.33427991648924,417504,417672
233.01350196100003,nodescheduler,4266,2.42,0.9770441350513532,65760,66104
233.01350196100003,nodecontroller,4272,8.69,2.9311324051540595,139820,140312
233.01350196100003,nodelet,4429,18.59,8.793397215462178,119432,117154
233.01350196100003,nodeproxy,4625,0.35,0.0,52184,52480
233.01350196100003,containerd,3704,16.62,5.862264810308119,104444,103528
233.01350196100003,flanneld,5249,0.86,0.9770441350513532,48316,48536
233.01350196100003,coredns,4946,1.68,0.0,68324,44800
233.01350196100003,coredns,4956,1.67,0.9770441350513532,67728,43960
234.03964779200004,nodestore,4298,22.66,6.821642488356946,92516,93044
234.03964779200004,nodeapiserver,4294,70.41,37.03177350822342,417504,417692
234.03964779200004,nodescheduler,4266,2.43,0.9745203554795636,65760,66104
234.03964779200004,nodecontroller,4272,8.71,1.9490407109591272,139820,140312
234.03964779200004,nodelet,4429,18.63,3.8980814219182545,119432,117154
234.03964779200004,nodeproxy,4625,0.35,0.0,52184,52480
234.03964779200004,containerd,3704,16.64,1.9490407109591272,104572,103572
234.03964779200004,flanneld,5249,0.87,0.9745203554795636,48316,48536
234.03964779200004,coredns,4946,1.68,0.0,68324,44816
234.03964779200004,coredns,4956,1.68,0.9745203554795636,67728,43960
235.06459486500006,nodestore,4298,22.75,8.780941218415299,92652,93096
235.06459486500006,nodeapiserver,4294,70.7,28.294143926004846,417504,417692
235.06459486500006,nodescheduler,4266,2.43,0.0,65760,66108
235.06459486500006,nodecontroller,4272,8.74,2.926980406138433,139820,140312
235.06459486500006,nodelet,4429,18.69,5.853960812276866,119432,117154
235.06459486500006,nodeproxy,4625,0.35,0.0,52184,52480
235.06459486500006,containerd,3704,16.7,5.853960812276866,104572,103564
235.06459486500006,flanneld,5249,0.87,0.0,48316,48536
235.06459486500006,coredns,4946,1.7,1.9513202707589552,68324,44856
235.06459486500006,coredns,4956,1.68,0.0,67728,43960
236.09631277,nodestore,4298,22.85,9.69257192449385,92652,93196
236.09631277,nodeapiserver,4294,71.02,31.01623015838032,417504,417696
236.09631277,nodescheduler,4266,2.45,1.93851438489877,65760,66108
236.09631277,nodecontroller,4272,8.79,4.846285962246925,139820,140320
236.09631277,nodelet,4429,18.82,12.600343501842005,119432,117158
236.09631277,nodeproxy,4625,0.35,0.0,52184,52480
236.09631277,containerd,3704,16.83,12.600343501842005,105596,104621
236.09631277,flanneld,5249,0.87,0.0,48316,48536
236.09631277,coredns,4946,1.71,0.969257192449385,68324,44856
236.09631277,coredns,4956,1.68,0.0,67728,43960
237.20844687800007,nodestore,4298,23.01,14.386754155730728,92944,93412
237.20844687800007,nodeapiserver,4294,71.37,31.471024715660963,417504,417708
237.20844687800007,nodescheduler,4266,2.47,1.798344269466341,65760,66108
237.20844687800007,nodecontroller,4272,8.85,5.395032808399023,139820,140320
237.20844687800007,nodelet,4429,19.05,20.68095909886292,120584,118335
237.20844687800007,nodeproxy,4625,0.36,0.8991721347331705,52184,52484
237.20844687800007,containerd,3704,17.06,20.68095909886292,103712,102660
237.20844687800007,flanneld,5249,0.88,0.8991721347331705,48316,48536
237.20844687800007,coredns,4946,1.72,0.8991721347331705,68324,44892
237.20844687800007,coredns,4956,1.7,1.798344269466341,67728,43960
238.25970970999998,nodestore,4298,23.14,12.36607973219123,93092,93624
238.25970970999998,nodeapiserver,4294,71.76,37.098239196573694,417504,417712
238.25970970999998,nodescheduler,4266,2.48,0.9512369024762485,65760,66108
238.25970970999998,nodecontroller,4272,8.91,5.707421414857491,139820,140328
238.25970970999998,nodelet,4429,19.22,16.171027342096224,119048,116786
238.25970970999998,nodeproxy,4625,0.36,0.0,52184,52484
238.25970970999998,containerd,3704,17.14,7.609895219809988,103712,102716
238.25970970999998,flanneld,5249,0.88,0.0,48316,48536
238.25970970999998,coredns,4946,1.73,0.9512369024762485,68324,44892
238.25970970999998,coredns,4956,1.7,0.0,67728,43960
239.28298531800004,nodestore,4298,23.23,8.795284407873279,93220,93660
239.28298531800004,nodeapiserver,4294,72.04,27.36310704671687,417504,417712
239.28298531800004,nodescheduler,4266,2.49,0.9772538230970309,65760,66108
239.28298531800004,nodecontroller,4272,8.95,3.9090152923881236,139820,140328
239.28298531800004,nodelet,4429,19.25,2.931761469291093,119048,116786
239.28298531800004,nodeproxy,4625,0.37,0.9772538230970309,52184,52484
239.28298531800004,containerd,3704,17.15,0.9772538230970309,103712,102716
239.28298531800004,flanneld,5249,0.89,0.9772538230970309,48316,48536
239.28298531800004,coredns,4946,1.73,0.0,68324,44892
239.28298531800004,coredns,4956,1.71,0.9772538230970309,67728,43960
240.31095685100007,nodestore,4298,23.31,7.7823166723818105,93220,93692
240.31095685100007,nodeapiserver,4294,72.3,25.292529185240884,417504,417716
240.31095685100007,nodescheduler,4266,2.49,0.0,65760,66108
240.31095685100007,nodecontroller,4272,8.97,1.9455791680954526,139820,140332
240.31095685100007,nodelet,4429,19.3,4.8639479202386315,119048,116800
240.31095685100007,nodeproxy,4625,0.37,0.0,52184,52484
240.31095685100007,containerd,3704,17.24,8.755106256429537,104736,103726
240.31095685100007,flanneld,5249,0.89,0.0,48316,48536
240.31095685100007,coredns,4946,1.75,1.9455791680954526,68324,44892
240.31095685100007,coredns,4956,1.71,0.0,67728,43960
241.33233789600007,nodestore,4298,23.39,7.8325322749650335,93220,93724
241.33233789600007,nodeapiserver,4294,72.56,25.45572989363636,417504,417716
241.33233789600007,nodescheduler,4266,2.5,0.9790665343706292,65760,66108
241.33233789600007,nodecontroller,4272,8.99,1.9581330687412584,139820,140336
241.33233789600007,nodelet,4429,19.33,2.9371996031118877,119688,117446
241.33233789600007,nodeproxy,4625,0.37,0.0,52184,52484
241.33233789600007,containerd,3704,17.26,1.9581330687412584,105760,104716
241.33233789600007,flanneld,5249,0.89,0.0,48316,48536
241.33233789600007,coredns,4946,1.75,0.0,68324,44900
241.33233789600007,coredns,4956,1.72,0.9790665343706292,67728,43960
242.34709274900007,nodestore,4298,23.48,8.869137184604334,93348,93752
242.34709274900007,nodeapiserver,4294,72.82,25.621951866634742,417504,417716
242.34709274900007,nodescheduler,4266,2.5,0.0,65760,66108
242.34709274900007,nodecontroller,4272,9.02,2.956379061534778,139820,140336
242.34709274900007,nodelet,4429,19.38,4.927298435891297,119096,116630
242.34709274900007,nodeproxy,4625,0.37,0.0,52184,52484
242.34709274900007,containerd,3704,17.28,1.9709193743565188,105760,104716
242.34709274900007,flanneld,5249,0.89,0.0,48316,48536
242.34709274900007,coredns,4946,1.76,0.9854596871782594,68324,44908
242.34709274900007,coredns,4956,1.73,0.9854596871782594,67728,43964
243.36443490699997,nodestore,4298,23.59,10.812488122605668,93348,93888
243.36443490699997,nodeapiserver,4294,73.29,46.19881288749694,417504,417724
243.36443490699997,nodescheduler,4266,2.53,2.948860397074273,65760,66108
243.36443490699997,nodecontroller,4272,9.1,7.863627725531395,139820,140336
243.36443490699997,nodelet,4429,19.49,10.812488122605668,119096,116634
243.36443490699997,nodeproxy,4625,0.37,0.0,52184,52484
243.36443490699997,containerd,3704,17.36,7.863627725531395,105760,104720
243.36443490699997,flanneld,5249,0.89,0.0,48316,48536
243.36443490699997,coredns,4946,1.76,0.0,68452,44996
243.36443490699997,coredns,4956,1.74,0.9829534656914244,67728,43964
244.39647073500004,nodestore,4298,23.69,9.689586086733609,93636,93976
244.39647073500004,nodeapiserver,4294,73.58,28.099799651527462,417504,417724
244.39647073500004,nodescheduler,4266,2.54,0.9689586086733609,65760,66108
244.39647073500004,nodecontroller,4272,9.13,2.906875826020083,139820,140336
244.39647073500004,nodelet,4429,19.54,4.8447930433668045,119096,116634
244.39647073500004,nodeproxy,4625,0.37,0.0,52184,52484
244.39647073500004,containerd,3704,17.38,1.9379172173467218,105760,104720
244.39647073500004,flanneld,5249,0.89,0.0,48316,48536
244.39647073500004,coredns,4946,1.77,0.9689586086733609,68452,44996
244.39647073500004,coredns,4956,1.74,0.0,67728,43964
245.414124093,nodestore,4298,23.77,7.861223015784815,93636,94044
245.414124093,nodeapiserver,4294,73.83,24.566321924327546,417504,417728
245.414124093,nodescheduler,4266,2.55,0.9826528769731019,65760,66108
245.414124093,nodecontroller,4272,9.15,1.9653057539462038,139820,140336
245.414124093,nodelet,4429,19.6,5.895917261838611,119992,117650
245.414124093,nodeproxy,4625,0.37,0.0,52184,52484
245.414124093,containerd,3704,17.47,8.843875892757916,105760,104716
245.414124093,flanneld,5249,0.91,1.9653057539462038,48316,48536
245.414124093,coredns,4946,1.78,0.9826528769731019,68452,44996
245.414124093,coredns,4956,1.75,0.9826528769731019,67728,43964
246.46222847300004,nodestore,4298,23.85,7.63282756246061,93764,94148
246.46222847300004,nodeapiserver,4294,74.11,26.71489646861214,417504,417728
246.46222847300004,nodescheduler,4266,2.56,0.9541034453075763,65760,66108
246.46222847300004,nodecontroller,4272,9.18,2.862310335922729,139820,140336
246.46222847300004,nodelet,4429,19.67,6.678724117153035,120120,118030
246.46222847300004,nodeproxy,4625,0.37,0.0,52184,52484
246.46222847300004,containerd,3704,17.49,1.9082068906151526,105760,104716
246.46222847300004,flanneld,5249,0.91,0.0,48316,48536
246.46222847300004,coredns,4946,1.78,0.0,68452,44996
246.46222847300004,coredns,4956,1.76,0.9541034453075763,67728,43964
247.490899769,nodestore,4298,23.94,8.749150515812836,93764,94148
247.490899769,nodeapiserver,4294,74.4,28.191707217619136,417504,417736
247.490899769,nodescheduler,4266,2.56,0.0,65760,66108
247.490899769,nodecontroller,4272,9.2,1.9442556701806302,139820,140336
247.490899769,nodelet,4429,19.76,8.749150515812836,120248,118094
247.490899769,nodeproxy,4625,0.37,0.0,52184,52484
247.490899769,containerd,3704,17.56,6.804894845632207,106912,105740
247.490899769,flanneld,5249,0.91,0.0,48316,48536
247.490899769,coredns,4946,1.79,0.9721278350903151,68452,44996
247.490899769,coredns,4956,1.77,0.9721278350903151,67728,43972
248.51492754100008,nodestore,4298,24.04,9.76536015275115,93764,94148
248.51492754100008,nodeapiserver,4294,74.67,26.366472412428102,417504,417740
248.51492754100008,nodescheduler,4266,2.59,2.929608045825345,65760,66108
248.51492754100008,nodecontroller,4272,9.24,3.9061440611004596,139820,140340
248.51492754100008,nodelet,4429,19.89,12.694968198576495,120760,118734
248.51492754100008,nodeproxy,4625,0.37,0.0,52184,52484
248.51492754100008,containerd,3704,17.68,11.71843218330138,106912,105852
248.51492754100008,flanneld,5249,0.91,0.0,48316,48604
248.51492754100008,coredns,4946,1.79,0.0,68452,44996
248.51492754100008,coredns,4956,1.77,0.0,67728,43972
249.62748826800004,nodestore,4298,24.16,10.78592809253498,93764,94148
249.62748826800004,nodeapiserver,4294,75.01,30.56012959551578,417504,417748
249.62748826800004,nodescheduler,4266,2.6,0.8988273410445817,65760,66108
249.62748826800004,nodecontroller,4272,9.31,6.291791387312073,139820,140340
249.62748826800004,nodelet,4429,20.14,22.47068352611454,120216,118067
249.62748826800004,nodeproxy,4625,0.38,0.8988273410445817,52184,52484
249.62748826800004,containerd,3704,17.89,18.875374161936215,106924,105832
249.62748826800004,flanneld,5249,0.92,0.8988273410445817,48316,48604
249.62748826800004,coredns,4946,1.81,1.7976546820891635,68580,45008
249.62748826800004,coredns,4956,1.78,0.8988273410445817,67728,43972
250.71942611600008,nodestore,4298,24.32,14.652848629896898,93764,94148
250.71942611600008,nodeapiserver,4294,75.42,37.5479246141108,417504,417752
250.71942611600008,nodescheduler,4266,2.61,0.9158030393685561,65760,66108
250.71942611600008,nodecontroller,4272,9.37,5.494818236211336,139820,140344
250.71942611600008,nodelet,4429,20.28,12.821242551159786,122008,119890
250.71942611600008,nodeproxy,4625,0.38,0.0,52184,52484
250.71942611600008,containerd,3704,18.07,16.484454708634008,107188,105896
250.71942611600008,flanneld,5249,0.94,1.8316060787371122,48316,48604
250.71942611600008,coredns,4946,1.82,0.9158030393685561,68280,44548
250.71942611600008,coredns,4956,1.79,0.9158030393685561,67728,43972
251.76614383999998,nodestore,4298,24.4,7.6429392725184515,93764,94152
251.76614383999998,nodeapiserver,4294,75.67,23.88418522662016,417504,417752
251.76614383999998,nodescheduler,4266,2.63,1.9107348181296129,65760,66108
251.76614383999998,nodecontroller,4272,9.4,2.8661022271944194,139820,140344
251.76614383999998,nodelet,4429,20.34,5.732204454388839,121872,119638
251.76614383999998,nodeproxy,4625,0.38,0.0,52184,52484
251.76614383999998,containerd,3704,18.09,1.9107348181296129,107188,105896
251.76614383999998,flanneld,5249,0.94,0.0,48316,48604
251.76614383999998,coredns,4946,1.83,0.9553674090648064,68280,44604
251.76614383999998,coredns,4956,1.79,0.0,67728,43972
252.809966009,nodestore,4298,24.48,7.664140729703098,93764,94152
252.809966009,nodeapiserver,4294,75.94,25.866474962747954,417504,417756
252.809966009,nodescheduler,4266,2.63,0.0,65760,66108
252.809966009,nodecontroller,4272,9.43,2.8740527736386614,139820,140344
252.809966009,nodelet,4429,20.43,8.622158320915984,122896,120614
252.809966009,nodeproxy,4625,0.38,0.0,52184,52484
252.809966009,containerd,3704,18.13,3.832070364851549,107188,105896
252.809966009,flanneld,5249,0.94,0.0,48316,48604
252.809966009,coredns,4946,1.83,0.0,68280,44604
252.809966009,coredns,4956,1.8,0.9580175912128872,67728,43972
253.848563328,nodestore,4298,24.57,8.665533634022253,93764,94152
253.848563328,nodeapiserver,4294,76.35,39.476319888323594,417632,417832
253.848563328,nodescheduler,4266,2.64,0.9628370704469169,65760,66108
253.848563328,nodecontroller,4272,9.46,2.888511211340751,139820,140344
253.848563328,nodelet,4429,20.46,2.888511211340751,122896,120614
253.848563328,nodeproxy,4625,0.38,0.0,52184,52484
253.848563328,containerd,3704,18.19,5.777022422681502,107188,105896
253.848563328,flanneld,5249,0.94,0.0,48316,48604
253.848563328,coredns,4946,1.84,0.9628370704469169,68280,44604
253.848563328,coredns,4956,1.81,0.9628370704469169,67728,43972
254.87896153000003,nodestore,4298,24.67,9.704985878847502,93764,94152
254.87896153000003,nodeapiserver,4294,76.64,28.14445904865775,417632,417824
254.87896153000003,nodescheduler,4266,2.65,0.9704985878847502,65760,66108
254.87896153000003,nodecontroller,4272,9.49,2.9114957636542504,139820,140344
254.87896153000003,nodelet,4429,20.53,6.7934901151932525,122896,120614
254.87896153000003,nodeproxy,4625,0.38,0.0,52184,52484
254.87896153000003,containerd,3704,18.25,5.822991527308501,107188,105940
254.87896153000003,flanneld,5249,0.94,0.0,48316,48604
254.87896153000003,coredns,4946,1.84,0.0,68280,44604
254.87896153000003,coredns,4956,1.82,0.9704985878847502,67728,43972
255.90336503999998,nodestore,4298,24.74,6.8332448411859685,93764,94152
255.90336503999998,nodeapiserver,4294,76.89,24.404445861378456,417632,417824
255.90336503999998,nodescheduler,4266,2.65,0.0,65760,66112
255.90336503999998,nodecontroller,4272,9.53,3.9047113378205527,139820,140344
255.90336503999998,nodelet,4429,20.64,10.73795617900652,120656,118326
255.90336503999998,nodeproxy,4625,0.38,0.0,52184,52484
255.90336503999998,containerd,3704,18.53,27.332979364743874,109364,108184
255.90336503999998,flanneld,5249,0.94,0.0,48316,48604
255.90336503999998,coredns,4946,1.86,1.9523556689102763,68280,44604
255.90336503999998,coredns,4956,1.82,0.0,67728,43972
256.925181687,nodestore,4298,24.82,7.829193254472112,93764,94152
256.925181687,nodeapiserver,4294,77.12,22.508930606607322,417632,417824
256.925181687,nodescheduler,4266,2.66,0.978649156809014,65760,66112
256.925181687,nodecontroller,4272,9.55,1.957298313618028,139820,140344
256.925181687,nodelet,4429,20.69,4.89324578404507,121552,119314
256.925181687,nodeproxy,4625,0.38,0.0,52184,52484
256.925181687,containerd,3704,18.82,28.380825547461402,106592,105300
256.925181687,flanneld,5249,0.94,0.0,48316,48604
256.925181687,coredns,4946,1.86,0.0,68280,44604
256.925181687,coredns,4956,1.82,0.0,67728,43972
257.96197574,nodestore,4298,24.92,9.645117051997651,93764,94152
257.96197574,nodeapiserver,4294,77.38,25.077304335193894,417632,417824
257.96197574,nodescheduler,4266,2.66,0.0,65760,66112
257.96197574,nodecontroller,4272,9.58,2.8935351155992954,139820,140348
257.96197574,nodelet,4429,20.77,7.716093641598121,121808,119610
257.96197574,nodeproxy,4625,0.38,0.0,52184,52484
257.96197574,containerd,3704,19.1,27.006327745593428,104876,103588
257.96197574,flanneld,5249,0.94,0.0,48316,48604
257.96197574,coredns,4946,1.86,0.0,68280,44604
257.96197574,coredns,4956,1.84,1.9290234103995303,67728,43972
258.98834326700006,nodestore,4298,25.0,7.794478867996794,93764,94152
258.98834326700006,nodeapiserver,4294,77.66,27.280676037988783,417632,417824
258.98834326700006,nodescheduler,4266,2.68,1.9486197169991986,65760,66112
258.98834326700006,nodecontroller,4272,9.6,1.9486197169991986,139820,140348
258.98834326700006,nodelet,4429,20.81,3.897239433998397,121808,119610
258.98834326700006,nodeproxy,4625,0.38,0.0,52184,52484
258.98834326700006,containerd,3704,19.13,2.922929575498798,104876,103588
258.98834326700006,flanneld,5249,0.95,0.9743098584995993,48316,48604
258.98834326700006,coredns,4946,1.87,0.9743098584995993,68280,44604
258.98834326700006,coredns,4956,1.84,0.0,67728,43972
260.01015903700005,nodestore,4298,25.11,10.765149964362084,93764,94152
260.01015903700005,nodeapiserver,4294,77.95,28.38084990604549,417632,417824
260.01015903700005,nodescheduler,4266,2.69,0.9786499967601895,65760,66112
260.01015903700005,nodecontroller,4272,9.65,4.893249983800947,139820,140348
260.01015903700005,nodelet,4429,20.89,7.829199974081516,119756,117558
260.01015903700005,nodeproxy,4625,0.39,0.9786499967601895,52184,52484
260.01015903700005,containerd,3704,19.22,8.807849970841705,103876,102588
260.01015903700005,flanneld,5249,0.95,0.0,48316,48604
260.01015903700005,coredns,4946,1.89,1.957299993520379,68280,44604
260.01015903700005,coredns,4956,1.86,1.957299993520379,67728,43972
261.04334983000007,nodestore,4298,25.2,8.71087901767612,93764,94156
261.04334983000007,nodeapiserver,4294,78.19,23.229010713802985,417632,417824
261.04334983000007,nodescheduler,4266,2.7,0.9678754464084578,65760,66112
261.04334983000007,nodecontroller,4272,9.68,2.903626339225373,139820,140348
261.04334983000007,nodelet,4429,20.96,6.775128124859205,120652,118546
261.04334983000007,nodeproxy,4625,0.4,0.9678754464084578,52184,52484
261.04334983000007,containerd,3704,19.34,11.614505356901493,103876,102632
261.04334983000007,flanneld,5249,0.97,1.9357508928169156,48316,48604
261.04334983000007,coredns,4946,1.89,0.0,68280,44604
261.04334983000007,coredns,4956,1.86,0.0,67728,43972
262.061111637,nodestore,4298,25.32,11.790578028637576,93764,94156
262.061111637,nodeapiserver,4294,78.52,32.42408957875333,417632,417836
262.061111637,nodescheduler,4266,2.7,0.0,65760,66112
262.061111637,nodecontroller,4272,9.74,5.895289014318788,139948,140352
262.061111637,nodelet,4429,21.14,17.685867042956364,117232,114978
262.061111637,nodeproxy,4625,0.4,0.0,54248,54544
262.061111637,containerd,3704,19.44,9.825481690531314,103876,102668
262.061111637,flanneld,5249,0.97,0.0,48444,48660
262.061111637,coredns,4946,1.9,0.9825481690531314,68280,44604
262.061111637,coredns,4956,1.87,0.9825481690531314,67728,43972
263.076369143,nodestore,4298,25.41,8.864746083443283,93764,94156
263.076369143,nodeapiserver,4294,78.79,26.594238250329852,417632,417836
263.076369143,nodescheduler,4266,2.71,0.9849717870492537,65760,66112
263.076369143,nodecontroller,4272,9.76,1.9699435740985074,139948,140360
263.076369143,nodelet,4429,21.2,5.909830722295522,117232,114982
263.076369143,nodeproxy,4625,0.4,0.0,54248,54544
263.076369143,containerd,3704,19.48,3.939887148197015,103876,102668
263.076369143,flanneld,5249,0.97,0.0,48444,48660
263.076369143,coredns,4946,1.91,0.9849717870492537,68280,44604
263.076369143,coredns,4956,1.88,0.9849717870492537,67728,43972
264.098326947,nodestore,4298,25.5,8.806625835992355,93764,94156
264.098326947,nodeapiserver,4294,79.06,26.419877507977066,417632,417840
264.098326947,nodescheduler,4266,2.72,0.9785139817769284,65760,66112
264.098326947,nodecontroller,4272,9.8,3.9140559271077136,139948,140360
264.098326947,nodelet,4429,21.24,3.9140559271077136,117232,114981
264.098326947,nodeproxy,4625,0.4,0.0,54248,54544
264.098326947,containerd,3704,19.51,2.935541945330785,103876,102663
264.098326947,flanneld,5249,0.97,0.0,48444,48716
264.098326947,coredns,4946,1.91,0.0,68280,44604
264.098326947,coredns,4956,1.88,0.0,67728,43972
265.136989153,nodestore,4298,25.61,10.590546124097367,93764,94156
265.136989153,nodeapiserver,4294,79.4,32.734415292664586,417632,417844
265.136989153,nodescheduler,4266,2.73,0.962776920372488,65760,66112
265.136989153,nodecontroller,4272,9.84,3.851107681489952,139948,140364
265.136989153,nodelet,4429,21.34,9.62776920372488,114496,112126
265.136989153,nodeproxy,4625,0.4,0.0,54248,54552
265.136989153,containerd,3704,19.56,4.81388460186244,103876,102668
265.136989153,flanneld,5249,0.97,0.0,48444,48716
265.136989153,coredns,4946,1.92,0.962776920372488,68280,44604
265.136989153,coredns,4956,1.9,1.925553840744976,67728,43972
266.18044646800007,nodestore,4298,25.71,9.583525704642112,93764,94156
266.18044646800007,nodeapiserver,4294,79.81,39.29245538903266,417632,417852
266.18044646800007,nodescheduler,4266,2.73,0.0,65760,66112
266.18044646800007,nodecontroller,4272,9.88,3.8334102818568447,139948,140364
266.18044646800007,nodelet,4429,21.39,4.791762852321056,114496,112226
266.18044646800007,nodeproxy,4625,0.4,0.0,54248,54560
266.18044646800007,containerd,3704,19.6,3.8334102818568447,103876,102668
266.18044646800007,flanneld,5249,0.98,0.9583525704642112,48444,48716
266.18044646800007,coredns,4946,1.92,0.0,68280,44604
266.18044646800007,coredns,4956,1.9,0.0,67728,43972
267.20420257100005,nodestore,4298,25.81,9.767951537183825,93764,94156
267.20420257100005,nodeapiserver,4294,80.11,29.303854611551472,417632,417852
267.20420257100005,nodescheduler,4266,2.74,0.9767951537183824,65760,66112
267.20420257100005,nodecontroller,4272,9.94,5.860770922310294,139948,140364
267.20420257100005,nodelet,4429,21.43,3.9071806148735297,114496,112274
267.20420257100005,nodeproxy,4625,0.4,0.0,54248,54560
267.20420257100005,containerd,3704,19.61,0.9767951537183824,103876,102668
267.20420257100005,flanneld,5249,0.98,0.0,48444,48716
267.20420257100005,coredns,4946,1.93,0.9767951537183824,68280,44604
267.20420257100005,coredns,4956,1.9,0.0,67728,43972
268.226941673,nodestore,4298,25.89,7.822131748317982,93764,94156
268.226941673,nodeapiserver,4294,80.36,24.444161713493695,417632,417852
268.226941673,nodescheduler,4266,2.76,1.9555329370794956,65760,66116
268.226941673,nodecontroller,4272,9.97,2.9332994056192434,139948,140364
268.226941673,nodelet,4429,21.49,5.866598811238487,114496,112274
268.226941673,nodeproxy,4625,0.4,0.0,54248,54560
268.226941673,containerd,3704,19.65,3.911065874158991,103876,102668
268.226941673,flanneld,5249,0.98,0.0,48444,48716
268.226941673,coredns,4946,1.93,0.0,68280,44604
268.226941673,coredns,4956,1.91,0.9777664685397478,67728,43972
269.2722534910001,nodestore,4298,25.98,8.609871088245338,93764,94156
269.2722534910001,nodeapiserver,4294,80.63,25.829613264736015,417632,417852
269.2722534910001,nodescheduler,4266,2.77,0.9566523431383709,65760,66116
269.2722534910001,nodecontroller,4272,9.99,1.9133046862767418,139948,140364
269.2722534910001,nodelet,4429,21.54,4.783261715691855,114496,112282
269.2722534910001,nodeproxy,4625,0.4,0.0,54248,54560
269.2722534910001,containerd,3704,19.73,7.653218745106967,99756,98412
269.2722534910001,flanneld,5249,0.99,0.9566523431383709,48444,48716
269.2722534910001,coredns,4946,1.95,1.9133046862767418,68280,44604
269.2722534910001,coredns,4956,1.92,0.9566523431383709,67728,43972
270.31681148800004,nodestore,4298,26.06,7.658741805602423,93764,94160
270.31681148800004,nodeapiserver,4294,80.88,23.93356814250757,417632,417856
270.31681148800004,nodescheduler,4266,2.78,0.9573427257003029,65760,66116
270.31681148800004,nodecontroller,4272,10.02,2.872028177100909,139948,140364
270.31681148800004,nodelet,4429,21.61,6.701399079902122,114496,112282
270.31681148800004,nodeproxy,4625,0.4,0.0,54248,54560
270.31681148800004,containerd,3704,19.76,2.872028177100909,99756,98412
270.31681148800004,flanneld,5249,0.99,0.0,48444,48716
270.31681148800004,coredns,4946,1.95,0.0,68280,44604
270.31681148800004,coredns,4956,1.92,0.0,67728,43972
271.360564418,nodestore,4298,26.18,11.496973713884763,93764,94160
271.360564418,nodeapiserver,4294,81.21,31.616677713183098,417632,417928
271.360564418,nodescheduler,4266,2.8,1.9161622856474605,65760,66116
271.360564418,nodecontroller,4272,10.06,3.832324571294921,139948,140364
271.360564418,nodelet,4429,21.72,10.538892571061032,114496,112275
271.360564418,nodeproxy,4625,0.4,0.0,54248,54560
271.360564418,containerd,3704,19.88,11.496973713884763,99756,98394
271.360564418,flanneld,5249,0.99,0.0,48444,48740
271.360564418,coredns,4946,1.96,0.9580811428237302,68280,44604
271.360564418,coredns,4956,1.93,0.9580811428237302,67728,43972
272.446225964,nodestore,4298,26.32,12.895363247949302,93764,94176
272.446225964,nodeapiserver,4294,81.62,37.764992368994385,417632,417932
272.446225964,nodescheduler,4266,2.81,0.9210973748535215,65760,66116
272.446225964,nodecontroller,4272,10.14,7.368778998828172,139948,140368
272.446225964,nodelet,4429,21.87,13.816460622802822,114496,112322
272.446225964,nodeproxy,4625,0.41,0.9210973748535215,54248,54564
272.446225964,containerd,3704,20.0,11.053168498242258,99756,98460
272.446225964,flanneld,5249,0.99,0.0,48444,48740
272.446225964,coredns,4946,1.97,0.9210973748535215,68280,44604
272.446225964,coredns,4956,1.95,1.842194749707043,67728,43976
273.491874881,nodestore,4298,26.4,7.650751480671256,93764,94232
273.491874881,nodeapiserver,4294,81.85,21.99591050692986,417632,417936
273.491874881,nodescheduler,4266,2.83,1.912687870167814,65760,66116
273.491874881,nodecontroller,4272,10.17,2.869031805251721,139948,140368
273.491874881,nodelet,4429,22.04,16.25784689642642,115520,113381
273.491874881,nodeproxy,4625,0.42,0.956343935083907,54248,54568
273.491874881,containerd,3704,20.2,19.12687870167814,100780,99491
273.491874881,flanneld,5249,1.01,1.912687870167814,48444,48740
273.491874881,coredns,4946,1.98,0.956343935083907,68280,44604
273.491874881,coredns,4956,1.95,0.0,67728,43976
274.59403521100006,nodestore,4298,26.55,13.609635178939143,93764,94380
274.59403521100006,nodeapiserver,4294,82.23,34.477742453312494,417632,417952
274.59403521100006,nodescheduler,4266,2.84,0.9073090119292762,65760,66116
274.59403521100006,nodecontroller,4272,10.23,5.443854071575657,139948,140376
274.59403521100006,nodelet,4429,22.19,13.609635178939143,117740,115690
274.59403521100006,nodeproxy,4625,0.42,0.0,54248,54568
274.59403521100006,containerd,3704,20.28,7.258472095434209,100908,99536
274.59403521100006,flanneld,5249,1.01,0.0,48444,48740
274.59403521100006,coredns,4946,1.98,0.0,68280,44608
274.59403521100006,coredns,4956,1.96,0.9073090119292762,67728,43976
275.61660932,nodestore,4298,26.62,6.845469622583962,93896,94400
275.61660932,nodeapiserver,4294,82.48,24.448105794942716,417632,417952
275.61660932,nodescheduler,4266,2.85,0.9779242317977087,65760,66116
275.61660932,nodecontroller,4272,10.26,2.933772695393126,139948,140376
275.61660932,nodelet,4429,22.24,4.889621158988543,117740,115726
275.61660932,nodeproxy,4625,0.43,0.9779242317977087,54248,54568
275.61660932,containerd,3704,20.34,5.867545390786252,100908,99572
275.61660932,flanneld,5249,1.01,0.0,48444,48740
275.61660932,coredns,4946,1.99,0.9779242317977087,68280,44608
275.61660932,coredns,4956,1.96,0.0,67728,43976
276.65255734,nodestore,4298,26.72,9.652993979369942,93896,94432
276.65255734,nodeapiserver,4294,82.94,44.40377230510173,417632,417956
276.65255734,nodescheduler,4266,2.85,0.0,65760,66116
276.65255734,nodecontroller,4272,10.3,3.861197591747977,139948,140376
276.65255734,nodelet,4429,22.3,5.791796387621965,117996,116034
276.65255734,nodeproxy,4625,0.43,0.0,54248,54568
276.65255734,containerd,3704,20.36,1.9305987958739885,101932,100560
276.65255734,flanneld,5249,1.01,0.0,48444,48740
276.65255734,coredns,4946,1.99,0.0,68280,44608
276.65255734,coredns,4956,1.97,0.9652993979369943,67728,43976
277.675439361,nodestore,4298,26.86,13.686817944373844,94172,94556
277.675439361,nodeapiserver,4294,83.3,35.19467471410417,417632,417960
277.675439361,nodescheduler,4266,2.87,1.9552597063391204,65760,66116
277.675439361,nodecontroller,4272,10.35,4.888149265847801,139948,140376
277.675439361,nodelet,4429,22.37,6.843408972186922,117996,116034
277.675439361,nodeproxy,4625,0.43,0.0,54248,54568
277.675439361,containerd,3704,20.4,3.9105194126782408,102828,101544
277.675439361,flanneld,5249,1.01,0.0,48444,48740
277.675439361,coredns,4946,2.01,1.9552597063391204,68280,44608
277.675439361,coredns,4956,1.98,0.9776298531695602,67728,43976
278.69511711900003,nodestore,4298,26.94,7.845615869557441,94172,94588
278.69511711900003,nodeapiserver,4294,83.56,25.498251576061683,417632,417960
278.69511711900003,nodescheduler,4266,2.88,0.9807019836946801,65760,66116
278.69511711900003,nodecontroller,4272,10.37,1.9614039673893602,139948,140376
278.69511711900003,nodelet,4429,22.43,5.884211902168081,117996,116074
278.69511711900003,nodeproxy,4625,0.43,0.0,54248,54568
278.69511711900003,containerd,3704,20.48,7.845615869557441,102828,101544
278.69511711900003,flanneld,5249,1.02,0.9807019836946801,48444,48740
278.69511711900003,coredns,4946,2.02,0.9807019836946801,68280,44608
278.69511711900003,coredns,4956,1.98,0.0,67728,43976
279.728730772,nodestore,4298,27.03,8.707315324133223,94172,94612
279.728730772,nodeapiserver,4294,83.85,28.056904933318158,417632,417960
279.728730772,nodescheduler,4266,2.89,0.9674794804592469,65760,66116
279.728730772,nodecontroller,4272,10.41,3.8699179218369877,139948,140376
279.728730772,nodelet,4429,22.46,2.9024384413777407,117996,116110
279.728730772,nodeproxy,4625,0.43,0.0,54248,54568
279.728730772,containerd,3704,20.49,0.9674794804592469,102828,101544
279.728730772,flanneld,5249,1.02,0.0,48444,48740
279.728730772,coredns,4946,2.03,0.9674794804592469,68280,44608
279.728730772,coredns,4956,2.0,1.9349589609184938,67728,43976
280.747815808,nodestore,4298,27.12,8.831451431497802,94172,94672
280.747815808,nodeapiserver,4294,84.13,27.475626675770943,417632,417960
280.747815808,nodescheduler,4266,2.9,0.9812723812775336,65760,66116
280.747815808,nodecontroller,4272,10.43,1.9625447625550672,139948,140380
280.747815808,nodelet,4429,22.51,4.906361906387668,119020,117098
280.747815808,nodeproxy,4625,0.43,0.0,54248,54568
280.747815808,containerd,3704,20.53,3.9250895251101343,102828,101548
280.747815808,flanneld,5249,1.02,0.0,48444,48740
280.747815808,coredns,4946,2.03,0.0,68280,44608
280.747815808,coredns,4956,2.0,0.0,67728,43976
281.76399716,nodestore,4298,27.2,7.872610518048635,94172,94676
281.76399716,nodeapiserver,4294,84.39,25.585984183658063,417632,417960
281.76399716,nodescheduler,4266,2.9,0.0,65760,66116
281.76399716,nodecontroller,4272,10.46,2.952228944268238,139948,140380
281.76399716,nodelet,4429,22.55,3.9363052590243175,119020,117098
281.76399716,nodeproxy,4625,0.43,0.0,54248,54568
281.76399716,containerd,3704,20.54,0.9840763147560794,103724,102536
281.76399716,flanneld,5249,1.02,0.0,48444,48740
281.76399716,coredns,4946,2.04,0.9840763147560794,68280,44608
281.76399716,coredns,4956,2.0,0.0,67728,43976
282.785485941,nodestore,4298,27.33,12.726522544156841,94316,94816
282.785485941,nodeapiserver,4294,84.74,34.26371454196073,417632,417964
282.785485941,nodescheduler,4266,2.92,1.9579265452548988,65760,66120
282.785485941,nodecontroller,4272,10.51,4.894816363137247,139948,140380
282.785485941,nodelet,4429,22.66,10.768595998901944,119148,117098
282.785485941,nodeproxy,4625,0.43,0.0,54248,54568
282.785485941,containerd,3704,20.63,8.810669453647044,103724,102532
282.785485941,flanneld,5249,1.03,0.9789632726274494,48444,48752
282.785485941,coredns,4946,2.05,0.9789632726274494,68280,44608
282.785485941,coredns,4956,2.01,0.9789632726274494,67728,43976
283.80461107800005,nodestore,4298,27.43,9.812337697249255,94580,94952
283.80461107800005,nodeapiserver,4294,85.03,28.455779322022835,417632,417972
283.80461107800005,nodescheduler,4266,2.93,0.9812337697249255,65760,66124
283.80461107800005,nodecontroller,4272,10.57,5.887402618349553,139948,140384
283.80461107800005,nodelet,4429,22.86,19.62467539449851,121580,119578
283.80461107800005,nodeproxy,4625,0.43,0.0,54248,54568
283.80461107800005,containerd,3704,20.86,22.568376703673284,104236,103300
283.80461107800005,flanneld,5249,1.05,1.962467539449851,48572,48792
283.80461107800005,coredns,4946,2.06,0.9812337697249255,68280,44608
283.80461107800005,coredns,4956,2.02,0.9812337697249255,67728,43976
284.84520724400005,nodestore,4298,27.52,8.648888295058352,94580,95080
284.84520724400005,nodeapiserver,4294,85.32,27.868640061854688,417632,417976
284.84520724400005,nodescheduler,4266,2.95,1.9219751766796338,65760,66128
284.84520724400005,nodecontroller,4272,10.64,6.726913118378719,139948,140384
284.84520724400005,nodelet,4429,22.91,4.804937941699085,121708,119598
284.84520724400005,nodeproxy,4625,0.44,0.9609875883398169,54248,54568
284.84520724400005,containerd,3704,20.89,2.8829627650194505,104236,103312
284.84520724400005,flanneld,5249,1.05,0.0,48572,48792
284.84520724400005,coredns,4946,2.06,0.0,68280,44608
284.84520724400005,coredns,4956,2.04,1.9219751766796338,67728,44044
285.87223133000003,nodestore,4298,27.61,8.763182989264527,94580,95108
285.87223133000003,nodeapiserver,4294,85.59,26.28954896779358,417632,417976
285.87223133000003,nodescheduler,4266,2.95,0.0,65760,66128
285.87223133000003,nodecontroller,4272,10.67,2.921060996421509,139948,140384
285.87223133000003,nodelet,4429,22.96,4.868434994035848,121708,119606
285.87223133000003,nodeproxy,4625,0.45,0.9736869988071696,54248,54568
285.87223133000003,containerd,3704,20.91,1.9473739976143392,104236,103316
285.87223133000003,flanneld,5249,1.05,0.0,48572,48792
285.87223133000003,coredns,4946,2.07,0.9736869988071696,68280,44608
285.87223133000003,coredns,4956,2.04,0.0,67728,44044
286.89315904100005,nodestore,4298,27.7,8.815511522539019,94580,95152
286.89315904100005,nodeapiserver,4294,85.86,26.446534567617057,417632,417976
286.89315904100005,nodescheduler,4266,2.96,0.9795012802821133,65760,66128
286.89315904100005,nodecontroller,4272,10.69,1.9590025605642265,139948,140384
286.89315904100005,nodelet,4429,23.05,8.815511522539019,116960,114782
286.89315904100005,nodeproxy,4625,0.45,0.0,54248,54568
286.89315904100005,containerd,3704,20.97,5.877007681692679,104236,103336
286.89315904100005,flanneld,5249,1.05,0.0,48572,48816
286.89315904100005,coredns,4946,2.07,0.0,68280,44608
286.89315904100005,coredns,4956,2.05,0.9795012802821133,67728,44044
287.927258786,nodestore,4298,27.78,7.736197633430906,94744,95248
287.927258786,nodeapiserver,4294,86.12,25.142642308650444,417632,417976
287.927258786,nodescheduler,4266,2.97,0.9670247041788632,65760,66128
287.927258786,nodecontroller,4272,10.72,2.9010741125365898,139948,140384
287.927258786,nodelet,4429,23.1,4.835123520894316,117984,115806
287.927258786,nodeproxy,4625,0.45,0.0,54248,54568
287.927258786,containerd,3704,21.03,5.8021482250731795,105388,104360
287.927258786,flanneld,5249,1.05,0.0,48572,48816
287.927258786,coredns,4946,2.09,1.9340494083577264,68280,44608
287.927258786,coredns,4956,2.05,0.0,67728,44044
288.954020363,nodestore,4298,27.86,7.791487507133298,94744,95276
288.954020363,nodeapiserver,4294,86.51,37.98350159727483,417632,417976
288.954020363,nodescheduler,4266,2.98,0.9739359383916623,65760,66128
288.954020363,nodecontroller,4272,10.74,1.9478718767833245,139948,140384
288.954020363,nodelet,4429,23.13,2.921807815174987,117984,115806
288.954020363,nodeproxy,4625,0.45,0.0,54248,54568
288.954020363,containerd,3704,21.06,2.921807815174987,105388,104360
288.954020363,flanneld,5249,1.05,0.0,48572,48816
288.954020363,coredns,4946,2.09,0.0,68280,44608
288.954020363,coredns,4956,2.05,0.0,67728,44044
290.031426524,nodestore,4298,28.0,12.994171099788257,95016,95416
290.031426524,nodeapiserver,4294,86.89,35.269892985139556,417632,417984
290.031426524,nodescheduler,4266,2.99,0.9281550785563041,65760,66128
290.031426524,nodecontroller,4272,10.8,5.568930471337824,139948,140392
290.031426524,nodelet,4429,23.21,7.425240628450433,116752,114570
290.031426524,nodeproxy,4625,0.45,0.0,54248,54568
290.031426524,containerd,3704,21.09,2.784465235668912,105388,104360
290.031426524,flanneld,5249,1.05,0.0,48572,48816
290.031426524,coredns,4946,2.1,0.9281550785563041,68280,44608
290.031426524,coredns,4956,2.06,0.9281550785563041,67728,44044
291.054265283,nodestore,4298,28.08,7.8213696241049595,95016,95452
291.054265283,nodeapiserver,4294,87.16,26.397122481354238,417632,417984
291.054265283,nodescheduler,4266,3.01,1.9553424060262399,65760,66128
291.054265283,nodecontroller,4272,10.83,2.9330136090393597,139948,140392
291.054265283,nodelet,4429,23.26,4.888356015065599,119080,116873
291.054265283,nodeproxy,4625,0.45,0.0,54248,54568
291.054265283,containerd,3704,21.12,2.9330136090393597,105516,104398
291.054265283,flanneld,5249,1.07,1.9553424060262399,48572,48816
291.054265283,coredns,4946,2.11,0.9776712030131199,68280,44608
291.054265283,coredns,4956,2.06,0.0,67728,44044
292.098446431,nodestore,4298,28.17,8.61919410941131,95016,95488
292.098446431,nodeapiserver,4294,87.43,25.85758232823393,417632,417992
292.098446431,nodescheduler,4266,3.02,0.9576882343790345,65760,66128
292.098446431,nodecontroller,4272,10.85,1.915376468758069,139948,140392
292.098446431,nodelet,4429,23.33,6.703817640653242,119080,116874
292.098446431,nodeproxy,4625,0.45,0.0,54248,54568
292.098446431,containerd,3704,21.17,4.7884411718951725,105516,104400
292.098446431,flanneld,5249,1.07,0.0,48572,48816
292.098446431,coredns,4946,2.12,0.9576882343790345,68280,44608
292.098446431,coredns,4956,2.08,1.915376468758069,67728,44044
293.11831522000006,nodestore,4298,28.25,7.844146312040601,95016,95512
293.11831522000006,nodeapiserver,4294,87.68,24.51295722512688,417632,417996
293.11831522000006,nodescheduler,4266,3.03,0.9805182890050751,65760,66128
293.11831522000006,nodecontroller,4272,10.88,2.9415548670152254,139948,140396
293.11831522000006,nodelet,4429,23.34,0.9805182890050751,119208,117038
293.11831522000006,nodeproxy,4625,0.45,0.0,54248,54568
293.11831522000006,containerd,3704,21.22,4.902591445025376,105516,104400
293.11831522000006,flanneld,5249,1.07,0.0,48572,48816
293.11831522000006,coredns,4946,2.12,0.0,68280,44608
293.11831522000006,coredns,4956,2.08,0.0,67728,44044
294.13474983,nodestore,4298,28.34,8.854480073244176,95016,95556
294.13474983,nodeapiserver,4294,87.97,28.531102458231228,417632,417996
294.13474983,nodescheduler,4266,3.03,0.0,65760,66128
294.13474983,nodecontroller,4272,10.91,2.9514933577480584,139948,140396
294.13474983,nodelet,4429,23.47,12.789804550241586,119720,117558
294.13474983,nodeproxy,4625,0.45,0.0,54248,54568
294.13474983,containerd,3704,21.25,2.9514933577480584,107708,106636
294.13474983,flanneld,5249,1.08,0.9838311192493527,48572,48816
294.13474983,coredns,4946,2.13,0.9838311192493527,68280,44608
294.13474983,coredns,4956,2.08,0.0,67728,44044
295.156179323,nodestore,4298,28.44,9.79020095712052,95016,95644
295.156179323,nodeapiserver,4294,88.26,28.391582775649503,417632,417996
295.156179323,nodescheduler,4266,3.06,2.937060287136156,65760,66132
295.156179323,nodecontroller,4272,10.95,3.916080382848208,139948,140396
295.156179323,nodelet,4429,23.58,10.769221052832572,119720,117560
295.156179323,nodeproxy,4625,0.45,0.0,54248,54568
295.156179323,containerd,3704,21.37,11.748241148544624,107964,106894
295.156179323,flanneld,5249,1.09,0.979020095712052,47768,47920
295.156179323,coredns,4946,2.13,0.0,68280,44608
295.156179323,coredns,4956,2.1,1.958040191424104,67728,44044
296.270071705,nodestore,4298,28.59,13.466291934834121,95416,95856
296.270071705,nodeapiserver,4294,88.64,34.114606234913104,417632,418008
296.270071705,nodescheduler,4266,3.07,0.8977527956556081,65760,66132
296.270071705,nodecontroller,4272,11.02,6.284269569589257,139948,140396
296.270071705,nodelet,4429,23.77,17.057303117456552,121000,118982
296.270071705,nodeproxy,4625,0.45,0.0,54248,54572
296.270071705,containerd,3704,21.62,22.443819891390202,109500,108360
296.270071705,flanneld,5249,1.1,0.8977527956556081,47768,47920
296.270071705,coredns,4946,2.14,0.8977527956556081,68280,44608
296.270071705,coredns,4956,2.11,0.8977527956556081,67728,44048
297.299625081,nodestore,4298,28.71,11.655539459860295,95416,95972
297.299625081,nodeapiserver,4294,89.0,34.966618379580886,417632,418012
297.299625081,nodescheduler,4266,3.08,0.9712949549883579,65760,66132
297.299625081,nodecontroller,4272,11.07,4.856474774941789,139948,140396
297.299625081,nodelet,4429,23.92,14.56942432482537,116028,113718
297.299625081,nodeproxy,4625,0.46,0.9712949549883579,54248,54572
297.299625081,containerd,3704,21.69,6.799064684918506,110012,108848
297.299625081,flanneld,5249,1.1,0.0,47768,47920
297.299625081,coredns,4946,2.16,1.9425899099767159,68280,44612
297.299625081,coredns,4956,2.11,0.0,67728,44048
298.3379517160001,nodestore,4298,28.8,8.667792673929842,95568,96080
298.3379517160001,nodeapiserver,4294,89.28,26.966466096670622,417632,418012
298.3379517160001,nodescheduler,4266,3.09,0.9630880748810935,65760,66132
298.3379517160001,nodecontroller,4272,11.11,3.852352299524374,139948,140400
298.3379517160001,nodelet,4429,23.99,6.7416165241676556,117052,114741
298.3379517160001,nodeproxy,4625,0.46,0.0,54248,54572
298.3379517160001,containerd,3704,21.74,4.815440374405467,110012,108860
298.3379517160001,flanneld,5249,1.1,0.0,47768,47920
298.3379517160001,coredns,4946,2.16,0.0,68280,44612
298.3379517160001,coredns,4956,2.12,0.9630880748810935,67728,44048
299.36781791800007,nodestore,4298,28.88,7.767999361921043,95568,96100
299.36781791800007,nodeapiserver,4294,89.66,36.897996969124954,417632,418028
299.36781791800007,nodescheduler,4266,3.09,0.0,65760,66132
299.36781791800007,nodecontroller,4272,11.14,2.9129997607203912,139948,140400
299.36781791800007,nodelet,4429,24.06,6.796999441680914,115976,113498
299.36781791800007,nodeproxy,4625,0.46,0.0,54248,54572
299.36781791800007,containerd,3704,21.76,1.9419998404802608,110012,108864
299.36781791800007,flanneld,5249,1.1,0.0,47768,47920
299.36781791800007,coredns,4946,2.17,0.9709999202401304,68280,44612
299.36781791800007,coredns,4956,2.13,0.9709999202401304,67728,44048
300.384002018,nodestore,4298,28.98,9.840736535831255,95700,96136
300.384002018,nodeapiserver,4294,89.94,27.554062300327516,417632,418032
300.384002018,nodescheduler,4266,3.1,0.9840736535831255,65760,66132
300.384002018,nodecontroller,4272,11.17,2.9522209607493766,139948,140400
300.384002018,nodelet,4429,24.08,1.968147307166251,115976,113542
300.384002018,nodeproxy,4625,0.46,0.0,54248,54572
300.384002018,containerd,3704,21.8,3.936294614332502,110012,108864
300.384002018,flanneld,5249,1.1,0.0,47768,47920
300.384002018,coredns,4946,2.18,0.9840736535831255,68280,44612
300.384002018,coredns,4956,2.14,0.9840736535831255,67728,44048
