elapsed_seconds,component,pid,cpu_seconds,cpu_pct_one_core,rss_kib,pss_kib
1.0002066870000021,nodestore,4298,0.01,0.9997933557106861,60732,61140
1.0002066870000021,nodeapiserver,4294,0.02,1.9995867114213721,353140,353612
1.0002066870000021,nodescheduler,4266,0.0,0.0,63104,63536
1.0002066870000021,nodecontroller,4272,0.01,0.9997933557106861,128092,128456
1.0002066870000021,nodelet,4429,0.02,1.9995867114213721,93156,91090
1.0002066870000021,nodeproxy,4625,0.0,0.0,51672,52148
1.0002066870000021,containerd,3704,0.0,0.0,76444,75269
1.0002066870000021,flanneld,5249,0.0,0.0,48296,48668
1.0002066870000021,coredns,4946,0.0,0.0,63640,40196
1.0002066870000021,coredns,4956,0.0,0.0,65204,41868
2.0101653199999987,nodestore,4298,0.03,1.9802791269372781,60732,61144
2.0101653199999987,nodeapiserver,4294,0.05,2.970418690405917,353140,353612
2.0101653199999987,nodescheduler,4266,0.01,0.9901395634686391,63104,63536
2.0101653199999987,nodecontroller,4272,0.03,1.9802791269372781,128092,128456
2.0101653199999987,nodelet,4429,0.03,0.9901395634686391,93156,91090
2.0101653199999987,nodeproxy,4625,0.0,0.0,51672,52148
2.0101653199999987,containerd,3704,0.01,0.9901395634686391,76572,75285
2.0101653199999987,flanneld,5249,0.0,0.0,48296,48668
2.0101653199999987,coredns,4946,0.0,0.0,63640,40200
2.0101653199999987,coredns,4956,0.0,0.0,65204,41868
3.020102504999997,nodestore,4298,0.05,1.980321182054509,60732,61144
3.020102504999997,nodeapiserver,4294,0.07,1.980321182054509,353140,353612
3.020102504999997,nodescheduler,4266,0.01,0.0,63104,63536
3.020102504999997,nodecontroller,4272,0.03,0.0,128092,128456
3.020102504999997,nodelet,4429,0.04,0.9901605910272545,93156,91094
3.020102504999997,nodeproxy,4625,0.0,0.0,51672,52148
3.020102504999997,containerd,3704,0.03,1.980321182054509,76700,75313
3.020102504999997,flanneld,5249,0.0,0.0,48296,48668
3.020102504999997,coredns,4946,0.0,0.0,63640,40200
3.020102504999997,coredns,4956,0.0,0.0,65204,41868
4.029645848000001,nodestore,4298,0.06,0.9905468714481888,60732,61144
4.029645848000001,nodeapiserver,4294,0.1,2.9716406143445666,353140,353612
4.029645848000001,nodescheduler,4266,0.02,0.9905468714481888,63104,63536
4.029645848000001,nodecontroller,4272,0.04,0.9905468714481888,128092,128456
4.029645848000001,nodelet,4429,0.06,1.9810937428963775,93156,91094
4.029645848000001,nodeproxy,4625,0.0,0.0,51672,52148
4.029645848000001,containerd,3704,0.03,0.0,76700,75313
4.029645848000001,flanneld,5249,0.01,0.9905468714481888,48296,48728
4.029645848000001,coredns,4946,0.0,0.0,63640,40208
4.029645848000001,coredns,4956,0.0,0.0,65204,41868
5.039379096000005,nodestore,4298,0.07,0.990360574914927,60732,61144
5.039379096000005,nodeapiserver,4294,0.13,2.9710817247447814,353140,353612
5.039379096000005,nodescheduler,4266,0.02,0.0,63104,63536
5.039379096000005,nodecontroller,4272,0.05,0.990360574914927,128092,128456
5.039379096000005,nodelet,4429,0.07,0.990360574914927,93156,91094
5.039379096000005,nodeproxy,4625,0.0,0.0,51672,52148
5.039379096000005,containerd,3704,0.05,1.980721149829854,76700,75357
5.039379096000005,flanneld,5249,0.01,0.0,48296,48728
5.039379096000005,coredns,4946,0.0,0.0,63640,40208
5.039379096000005,coredns,4956,0.0,0.0,65204,41868
6.049341385999995,nodestore,4298,0.09,1.980271956490593,60732,61152
6.049341385999995,nodeapiserver,4294,0.16,2.9704079347358894,353140,353612
6.049341385999995,nodescheduler,4266,0.04,1.980271956490593,63104,63536
6.049341385999995,nodecontroller,4272,0.06,0.9901359782452965,128092,128456
6.049341385999995,nodelet,4429,0.09,1.980271956490593,93156,91094
6.049341385999995,nodeproxy,4625,0.0,0.0,51672,52148
6.049341385999995,containerd,3704,0.06,0.9901359782452965,76700,75357
6.049341385999995,flanneld,5249,0.01,0.0,48296,48728
6.049341385999995,coredns,4946,0.0,0.0,63640,40208
6.049341385999995,coredns,4956,0.0,0.0,65204,41868
7.059685423000005,nodestore,4298,0.12,2.969285599891129,60732,61152
7.059685423000005,nodeapiserver,4294,0.19,2.969285599891129,353140,353612
7.059685423000005,nodescheduler,4266,0.04,0.0,63104,63540
7.059685423000005,nodecontroller,4272,0.07,0.9897618666303764,128092,128456
7.059685423000005,nodelet,4429,0.1,0.9897618666303764,93156,91094
7.059685423000005,nodeproxy,4625,0.0,0.0,51672,52148
7.059685423000005,containerd,3704,0.06,0.0,76700,75357
7.059685423000005,flanneld,5249,0.01,0.0,48296,48728
7.059685423000005,coredns,4946,0.0,0.0,63768,40216
7.059685423000005,coredns,4956,0.0,0.0,65204,41868
8.069597697000006,nodestore,4298,0.13,0.9901850148223852,60732,61156
8.069597697000006,nodeapiserver,4294,0.24,4.950925074111926,353140,353612
8.069597697000006,nodescheduler,4266,0.05,0.9901850148223852,63104,63552
8.069597697000006,nodecontroller,4272,0.08,0.9901850148223852,128092,128456
8.069597697000006,nodelet,4429,0.14,3.9607400592895408,95292,93154
8.069597697000006,nodeproxy,4625,0.0,0.0,51672,52148
8.069597697000006,containerd,3704,0.07,0.9901850148223852,76700,75357
8.069597697000006,flanneld,5249,0.01,0.0,48296,48728
8.069597697000006,coredns,4946,0.02,1.9803700296447704,63768,40216
8.069597697000006,coredns,4956,0.0,0.0,65204,41868
9.079313865000003,nodestore,4298,0.15,1.9807546550051933,60732,61168
9.079313865000003,nodeapiserver,4294,0.27,2.97113198250779,353140,353616
9.079313865000003,nodescheduler,4266,0.05,0.0,63104,63556
9.079313865000003,nodecontroller,4272,0.09,0.9903773275025967,128092,128456
9.079313865000003,nodelet,4429,0.16,1.9807546550051933,95292,93158
9.079313865000003,nodeproxy,4625,0.0,0.0,51672,52148
9.079313865000003,containerd,3704,0.07,0.0,76700,75357
9.079313865000003,flanneld,5249,0.01,0.0,48296,48788
9.079313865000003,coredns,4946,0.02,0.0,63768,40216
9.079313865000003,coredns,4956,0.02,1.9807546550051933,65204,41868
10.089608007999999,nodestore,4298,0.17,1.9796214932624905,60732,61172
10.089608007999999,nodeapiserver,4294,0.3,2.969432239893736,353140,353616
10.089608007999999,nodescheduler,4266,0.06,0.9898107466312452,63104,63556
10.089608007999999,nodecontroller,4272,0.1,0.9898107466312452,128092,128460
10.089608007999999,nodelet,4429,0.22,5.938864479787472,95292,93198
10.089608007999999,nodeproxy,4625,0.0,0.0,51672,52148
10.089608007999999,containerd,3704,0.11,3.959242986524981,76700,75373
10.089608007999999,flanneld,5249,0.02,0.9898107466312452,48424,48888
10.089608007999999,coredns,4946,0.02,0.0,63768,40216
10.089608007999999,coredns,4956,0.02,0.0,65204,41868
11.099185849000008,nodestore,4298,0.2,2.9715390712502496,60732,61180
11.099185849000008,nodeapiserver,4294,0.34,3.962052095000333,353140,353616
11.099185849000008,nodescheduler,4266,0.07,0.9905130237500832,63232,63576
11.099185849000008,nodecontroller,4272,0.11,0.9905130237500832,128092,128460
11.099185849000008,nodelet,4429,0.24,1.9810260475001664,95292,93198
11.099185849000008,nodeproxy,4625,0.0,0.0,51672,52148
11.099185849000008,containerd,3704,0.11,0.0,76700,75373
11.099185849000008,flanneld,5249,0.02,0.0,48424,48904
11.099185849000008,coredns,4946,0.02,0.0,63768,40220
11.099185849000008,coredns,4956,0.02,0.0,65204,41868
12.109128002999995,nodestore,4298,0.23,2.9704671580626387,60732,61184
12.109128002999995,nodeapiserver,4294,0.38,3.9606228774168515,353140,353616
12.109128002999995,nodescheduler,4266,0.07,0.0,63232,63576
12.109128002999995,nodecontroller,4272,0.12,0.9901557193542129,128092,128460
12.109128002999995,nodelet,4429,0.27,2.9704671580626387,95292,93198
12.109128002999995,nodeproxy,4625,0.0,0.0,51672,52148
12.109128002999995,containerd,3704,0.11,0.0,76700,75393
12.109128002999995,flanneld,5249,0.02,0.0,48424,48904
12.109128002999995,coredns,4946,0.02,0.0,63768,40220
12.109128002999995,coredns,4956,0.02,0.0,65204,41868
13.119302223000005,nodestore,4298,0.24,0.9899282521781142,60732,61192
13.119302223000005,nodeapiserver,4294,0.41,2.9697847565343425,353140,353616
13.119302223000005,nodescheduler,4266,0.08,0.9899282521781142,63232,63576
13.119302223000005,nodecontroller,4272,0.12,0.0,128092,128460
13.119302223000005,nodelet,4429,0.28,0.9899282521781142,95292,93202
13.119302223000005,nodeproxy,4625,0.0,0.0,51672,52148
13.119302223000005,containerd,3704,0.13,1.9798565043562284,76700,75421
13.119302223000005,flanneld,5249,0.02,0.0,48424,48904
13.119302223000005,coredns,4946,0.02,0.0,63768,40224
13.119302223000005,coredns,4956,0.02,0.0,65204,41868
14.128965642999987,nodestore,4298,0.26,1.9808581358726824,60732,61196
14.128965642999987,nodeapiserver,4294,0.43,1.9808581358726824,353140,353616
14.128965642999987,nodescheduler,4266,0.08,0.0,63232,63576
14.128965642999987,nodecontroller,4272,0.14,1.9808581358726824,128092,128460
14.128965642999987,nodelet,4429,0.31,2.9712872038090237,95292,93210
14.128965642999987,nodeproxy,4625,0.0,0.0,51672,52148
14.128965642999987,containerd,3704,0.13,0.0,76828,75581
14.128965642999987,flanneld,5249,0.02,0.0,48552,48920
14.128965642999987,coredns,4946,0.02,0.0,63768,40232
14.128965642999987,coredns,4956,0.02,0.0,65204,41868
15.138359691000005,nodestore,4298,0.27,0.9906933788458218,60732,61196
15.138359691000005,nodeapiserver,4294,0.47,3.962773515383287,353140,353620
15.138359691000005,nodescheduler,4266,0.1,1.9813867576916435,63232,63576
15.138359691000005,nodecontroller,4272,0.16,1.9813867576916435,128092,128476
15.138359691000005,nodelet,4429,0.33,1.9813867576916435,95292,93210
15.138359691000005,nodeproxy,4625,0.0,0.0,51672,52148
15.138359691000005,containerd,3704,0.15,1.9813867576916435,77340,76105
15.138359691000005,flanneld,5249,0.02,0.0,48552,48920
15.138359691000005,coredns,4946,0.02,0.0,63768,40232
15.138359691000005,coredns,4956,0.02,0.0,65204,41872
16.148001346,nodestore,4298,0.29,1.9809008375352821,60732,61196
16.148001346,nodeapiserver,4294,0.51,3.9618016750705642,353140,353620
16.148001346,nodescheduler,4266,0.1,0.0,63232,63576
16.148001346,nodecontroller,4272,0.18,1.9809008375352821,128092,128476
16.148001346,nodelet,4429,0.35,1.9809008375352821,95292,93214
16.148001346,nodeproxy,4625,0.0,0.0,51672,52148
16.148001346,containerd,3704,0.15,0.0,77724,76477
16.148001346,flanneld,5249,0.02,0.0,48552,48920
16.148001346,coredns,4946,0.02,0.0,63768,40232
16.148001346,coredns,4956,0.02,0.0,65204,41872
17.15777800500001,nodestore,4298,0.32,2.970953995877586,60860,61204
17.15777800500001,nodeapiserver,4294,0.54,2.970953995877586,353140,353620
17.15777800500001,nodescheduler,4266,0.11,0.990317998625862,63232,63576
17.15777800500001,nodecontroller,4272,0.19,0.990317998625862,128092,128476
17.15777800500001,nodelet,4429,0.36,0.990317998625862,95292,93218
17.15777800500001,nodeproxy,4625,0.0,0.0,51672,52148
17.15777800500001,containerd,3704,0.16,0.990317998625862,77980,76821
17.15777800500001,flanneld,5249,0.02,0.0,48552,48920
17.15777800500001,coredns,4946,0.02,0.0,63768,40232
17.15777800500001,coredns,4956,0.02,0.0,65204,41872
18.16852880799999,nodestore,4298,0.35,2.9680906422194173,60860,61212
18.16852880799999,nodeapiserver,4294,0.58,3.9574541896258895,353140,353628
18.16852880799999,nodescheduler,4266,0.11,0.0,63232,63576
18.16852880799999,nodecontroller,4272,0.2,0.9893635474064724,128092,128476
18.16852880799999,nodelet,4429,0.39,2.9680906422194173,95292,93218
18.16852880799999,nodeproxy,4625,0.0,0.0,51672,52148
18.16852880799999,containerd,3704,0.17,0.9893635474064724,78364,77201
18.16852880799999,flanneld,5249,0.02,0.0,48552,48920
18.16852880799999,coredns,4946,0.02,0.0,63768,40232
18.16852880799999,coredns,4956,0.02,0.0,65204,41872
19.178992628999993,nodestore,4298,0.37,1.979289073428386,60860,61212
19.178992628999993,nodeapiserver,4294,0.61,2.9689336101425785,353140,353628
19.178992628999993,nodescheduler,4266,0.12,0.989644536714193,63232,63576
19.178992628999993,nodecontroller,4272,0.21,0.989644536714193,128092,128476
19.178992628999993,nodelet,4429,0.41,1.979289073428386,95292,93218
19.178992628999993,nodeproxy,4625,0.0,0.0,51672,52148
19.178992628999993,containerd,3704,0.18,0.989644536714193,78620,77417
19.178992628999993,flanneld,5249,0.03,0.989644536714193,48552,48952
19.178992628999993,coredns,4946,0.02,0.0,63768,40232
19.178992628999993,coredns,4956,0.02,0.0,65204,41876
20.189077943,nodestore,4298,0.39,1.9800307679752915,60860,61212
20.189077943,nodeapiserver,4294,0.64,2.9700461519629373,353140,353628
20.189077943,nodescheduler,4266,0.13,0.9900153839876458,63232,63588
20.189077943,nodecontroller,4272,0.23,1.9800307679752915,128092,128476
20.189077943,nodelet,4429,0.47,5.940092303925875,95292,93222
20.189077943,nodeproxy,4625,0.0,0.0,51672,52148
20.189077943,containerd,3704,0.22,3.960061535950583,78620,77505
20.189077943,flanneld,5249,0.03,0.0,48552,48952
20.189077943,coredns,4946,0.02,0.0,63768,40232
20.189077943,coredns,4956,0.03,0.9900153839876458,65204,41876
21.198665274000007,nodestore,4298,0.41,1.9810074260925807,60860,61212
21.198665274000007,nodeapiserver,4294,0.68,3.9620148521851615,353140,353632
21.198665274000007,nodescheduler,4266,0.14,0.9905037130462904,63232,63588
21.198665274000007,nodecontroller,4272,0.23,0.0,128092,128476
21.198665274000007,nodelet,4429,0.49,1.9810074260925807,95292,93230
21.198665274000007,nodeproxy,4625,0.0,0.0,51672,52148
21.198665274000007,containerd,3704,0.22,0.0,78748,77637
21.198665274000007,flanneld,5249,0.03,0.0,48552,48952
21.198665274000007,coredns,4946,0.03,0.9905037130462904,63768,40232
21.198665274000007,coredns,4956,0.03,0.0,65204,41876
22.208750530000003,nodestore,4298,0.44,2.970046322505682,60860,61220
22.208750530000003,nodeapiserver,4294,0.71,2.970046322505682,353140,353632
22.208750530000003,nodescheduler,4266,0.14,0.0,63232,63588
22.208750530000003,nodecontroller,4272,0.24,0.9900154408352274,128092,128476
22.208750530000003,nodelet,4429,0.49,0.0,95292,93234
22.208750530000003,nodeproxy,4625,0.0,0.0,51672,52148
22.208750530000003,containerd,3704,0.23,0.9900154408352274,78748,77697
22.208750530000003,flanneld,5249,0.03,0.0,48552,48952
22.208750530000003,coredns,4946,0.03,0.0,63768,40232
22.208750530000003,coredns,4956,0.03,0.0,65204,41876
23.218727032000004,nodestore,4298,0.46,1.980244090866976,60860,61220
23.218727032000004,nodeapiserver,4294,0.74,2.970366136300464,353140,353632
23.218727032000004,nodescheduler,4266,0.16,1.980244090866976,63232,63588
23.218727032000004,nodecontroller,4272,0.25,0.990122045433488,128092,128476
23.218727032000004,nodelet,4429,0.51,1.980244090866976,95292,93234
23.218727032000004,nodeproxy,4625,0.0,0.0,51672,52148
23.218727032000004,containerd,3704,0.24,0.990122045433488,78748,77713
23.218727032000004,flanneld,5249,0.03,0.0,48552,48952
23.218727032000004,coredns,4946,0.03,0.0,63768,40232
23.218727032000004,coredns,4956,0.03,0.0,65204,41876
24.238258644000013,nodestore,4298,0.48,1.9616851272287799,60860,61224
24.238258644000013,nodeapiserver,4294,0.76,1.9616851272287799,353140,353632
24.238258644000013,nodescheduler,4266,0.16,0.0,63232,63588
24.238258644000013,nodecontroller,4272,0.26,0.9808425636143899,128092,128476
24.238258644000013,nodelet,4429,0.52,0.9808425636143899,95292,93234
24.238258644000013,nodeproxy,4625,0.0,0.0,51672,52148
24.238258644000013,containerd,3704,0.24,0.0,78748,77713
24.238258644000013,flanneld,5249,0.04,0.9808425636143899,48552,48960
24.238258644000013,coredns,4946,0.03,0.0,63768,40232
24.238258644000013,coredns,4956,0.03,0.0,65204,41876
25.24818445400001,nodestore,4298,0.48,0.0,60860,61224
25.24818445400001,nodeapiserver,4294,0.79,2.9705152302227074,353140,353632
25.24818445400001,nodescheduler,4266,0.17,0.9901717434075691,63232,63588
25.24818445400001,nodecontroller,4272,0.26,0.0,128092,128476
25.24818445400001,nodelet,4429,0.55,2.9705152302227074,95292,93238
25.24818445400001,nodeproxy,4625,0.0,0.0,51672,52148
25.24818445400001,containerd,3704,0.25,0.9901717434075691,78748,77721
25.24818445400001,flanneld,5249,0.04,0.0,48552,48960
25.24818445400001,coredns,4946,0.03,0.0,63768,40236
25.24818445400001,coredns,4956,0.03,0.0,65204,41876
26.259224380999996,nodestore,4298,0.5,1.9781612442690708,60860,61224
26.259224380999996,nodeapiserver,4294,0.82,2.967241866403606,353140,353632
26.259224380999996,nodescheduler,4266,0.17,0.0,63232,63588
26.259224380999996,nodecontroller,4272,0.27,0.9890806221345354,128092,128476
26.259224380999996,nodelet,4429,0.56,0.9890806221345354,95292,93246
26.259224380999996,nodeproxy,4625,0.0,0.0,51672,52148
26.259224380999996,containerd,3704,0.27,1.9781612442690708,78748,77725
26.259224380999996,flanneld,5249,0.04,0.0,48552,48960
26.259224380999996,coredns,4946,0.03,0.0,63768,40236
26.259224380999996,coredns,4956,0.03,0.0,65204,41876
27.269527162000003,nodestore,4298,0.52,1.9796045676726548,60860,61224
27.269527162000003,nodeapiserver,4294,0.84,1.9796045676726548,353140,353632
27.269527162000003,nodescheduler,4266,0.17,0.0,63232,63588
27.269527162000003,nodecontroller,4272,0.28,0.9898022838363274,128092,128476
27.269527162000003,nodelet,4429,0.61,4.9490114191816375,95292,93262
27.269527162000003,nodeproxy,4625,0.0,0.0,51672,52148
27.269527162000003,containerd,3704,0.28,0.9898022838363274,78748,77737
27.269527162000003,flanneld,5249,0.04,0.0,48552,48960
27.269527162000003,coredns,4946,0.03,0.0,63768,40240
27.269527162000003,coredns,4956,0.03,0.0,65204,41876
28.27925954700001,nodestore,4298,0.55,2.971084264074565,60860,61228
28.27925954700001,nodeapiserver,4294,0.88,3.9614456854327535,353140,353632
28.27925954700001,nodescheduler,4266,0.18,0.9903614213581884,63232,63588
28.27925954700001,nodecontroller,4272,0.29,0.9903614213581884,128092,128476
28.27925954700001,nodelet,4429,0.62,0.9903614213581884,95292,93266
28.27925954700001,nodeproxy,4625,0.0,0.0,51672,52148
28.27925954700001,containerd,3704,0.28,0.0,78748,77737
28.27925954700001,flanneld,5249,0.04,0.0,48552,48960
28.27925954700001,coredns,4946,0.03,0.0,63768,40240
28.27925954700001,coredns,4956,0.03,0.0,65204,41876
29.288762700999996,nodestore,4298,0.57,1.9811726115716788,60860,61236
29.288762700999996,nodeapiserver,4294,0.9,1.9811726115716788,353140,353632
29.288762700999996,nodescheduler,4266,0.19,0.9905863057858394,63232,63592
29.288762700999996,nodecontroller,4272,0.31,1.9811726115716788,128092,128476
29.288762700999996,nodelet,4429,0.65,2.9717589173575183,95292,93286
29.288762700999996,nodeproxy,4625,0.0,0.0,51672,52148
29.288762700999996,containerd,3704,0.29,0.9905863057858394,78748,77741
29.288762700999996,flanneld,5249,0.04,0.0,48552,48964
29.288762700999996,coredns,4946,0.03,0.0,63768,40240
29.288762700999996,coredns,4956,0.03,0.0,65204,41880
30.298714160000003,nodestore,4298,0.58,0.9901465967385599,60860,61244
30.298714160000003,nodeapiserver,4294,0.93,2.9704397902156794,353140,353632
30.298714160000003,nodescheduler,4266,0.2,0.9901465967385599,63232,63592
30.298714160000003,nodecontroller,4272,0.31,0.0,128092,128476
30.298714160000003,nodelet,4429,0.69,3.9605863869542395,95420,93306
30.298714160000003,nodeproxy,4625,0.0,0.0,51672,52148
30.298714160000003,containerd,3704,0.31,1.9802931934771197,78748,77741
30.298714160000003,flanneld,5249,0.04,0.0,48552,48964
30.298714160000003,coredns,4946,0.03,0.0,63768,40240
30.298714160000003,coredns,4956,0.04,0.9901465967385599,65204,41880
31.30867667999999,nodestore,4298,0.6,1.9802715055208426,60860,61252
31.30867667999999,nodeapiserver,4294,0.96,2.970407258281264,353140,353632
31.30867667999999,nodescheduler,4266,0.2,0.0,63232,63592
31.30867667999999,nodecontroller,4272,0.32,0.9901357527604213,128092,128476
31.30867667999999,nodelet,4429,0.71,1.9802715055208426,95420,93306
31.30867667999999,nodeproxy,4625,0.0,0.0,51672,52148
31.30867667999999,containerd,3704,0.32,0.9901357527604213,78748,77749
31.30867667999999,flanneld,5249,0.04,0.0,48552,48964
31.30867667999999,coredns,4946,0.04,0.9901357527604213,63768,40240
31.30867667999999,coredns,4956,0.04,0.0,65204,41880
32.31821253499999,nodestore,4298,0.62,1.9811084372035586,60860,61256
32.31821253499999,nodeapiserver,4294,0.99,2.971662655805338,353140,353632
32.31821253499999,nodescheduler,4266,0.21,0.9905542186017793,63232,63592
32.31821253499999,nodecontroller,4272,0.33,0.9905542186017793,128092,128476
32.31821253499999,nodelet,4429,0.72,0.9905542186017793,95420,93310
32.31821253499999,nodeproxy,4625,0.0,0.0,51672,52148
32.31821253499999,containerd,3704,0.33,0.9905542186017793,78748,77769
32.31821253499999,flanneld,5249,0.04,0.0,48552,48964
32.31821253499999,coredns,4946,0.05,0.9905542186017793,63768,40240
32.31821253499999,coredns,4956,0.04,0.0,65204,41880
33.328065339000005,nodestore,4298,0.63,0.9902433265907743,60860,61260
33.328065339000005,nodeapiserver,4294,1.02,2.970729979772323,353140,353632
33.328065339000005,nodescheduler,4266,0.21,0.0,63232,63592
33.328065339000005,nodecontroller,4272,0.34,0.9902433265907743,128092,128476
33.328065339000005,nodelet,4429,0.75,2.970729979772323,95420,93310
33.328065339000005,nodeproxy,4625,0.0,0.0,51672,52148
33.328065339000005,containerd,3704,0.34,0.9902433265907743,79004,77809
33.328065339000005,flanneld,5249,0.04,0.0,48552,48964
33.328065339000005,coredns,4946,0.05,0.0,63768,40244
33.328065339000005,coredns,4956,0.04,0.0,65204,41884
34.33763543800001,nodestore,4298,0.66,2.9715618588264037,60860,61264
34.33763543800001,nodeapiserver,4294,1.05,2.9715618588264037,353140,353632
34.33763543800001,nodescheduler,4266,0.22,0.9905206196088012,63232,63592
34.33763543800001,nodecontroller,4272,0.34,0.0,128092,128476
34.33763543800001,nodelet,4429,0.77,1.9810412392176024,95420,93310
34.33763543800001,nodeproxy,4625,0.0,0.0,51672,52148
34.33763543800001,containerd,3704,0.34,0.0,79004,77809
34.33763543800001,flanneld,5249,0.04,0.0,48552,48968
34.33763543800001,coredns,4946,0.05,0.0,63768,40244
34.33763543800001,coredns,4956,0.04,0.0,65204,41884
35.347151139999994,nodestore,4298,0.67,0.9905739930729799,60860,61264
35.347151139999994,nodeapiserver,4294,1.07,1.9811479861459598,353140,353632
35.347151139999994,nodescheduler,4266,0.22,0.0,63232,63592
35.347151139999994,nodecontroller,4272,0.35,0.9905739930729799,128092,128476
35.347151139999994,nodelet,4429,0.78,0.9905739930729799,95420,93314
35.347151139999994,nodeproxy,4625,0.0,0.0,51672,52148
35.347151139999994,containerd,3704,0.36,1.9811479861459598,79004,77825
35.347151139999994,flanneld,5249,0.04,0.0,48552,48968
35.347151139999994,coredns,4946,0.05,0.0,63768,40244
35.347151139999994,coredns,4956,0.04,0.0,65204,41884
36.35684522299999,nodestore,4298,0.69,1.9807979799758826,60860,61264
36.35684522299999,nodeapiserver,4294,1.11,3.961595959951765,353140,353632
36.35684522299999,nodescheduler,4266,0.23,0.9903989899879413,63232,63592
36.35684522299999,nodecontroller,4272,0.36,0.9903989899879413,128092,128476
36.35684522299999,nodelet,4429,0.8,1.9807979799758826,95420,93314
36.35684522299999,nodeproxy,4625,0.0,0.0,51672,52148
36.35684522299999,containerd,3704,0.38,1.9807979799758826,79004,77833
36.35684522299999,flanneld,5249,0.04,0.0,48552,48968
36.35684522299999,coredns,4946,0.05,0.0,63768,40252
36.35684522299999,coredns,4956,0.04,0.0,65204,41884
37.36685287200001,nodestore,4298,0.71,1.9801830233465567,60860,61264
37.36685287200001,nodeapiserver,4294,1.13,1.9801830233465567,353140,353636
37.36685287200001,nodescheduler,4266,0.23,0.0,63232,63592
37.36685287200001,nodecontroller,4272,0.38,1.9801830233465567,128092,128476
37.36685287200001,nodelet,4429,0.82,1.9801830233465567,95420,93314
37.36685287200001,nodeproxy,4625,0.0,0.0,51672,52148
37.36685287200001,containerd,3704,0.38,0.0,79004,77833
37.36685287200001,flanneld,5249,0.04,0.0,48552,48968
37.36685287200001,coredns,4946,0.05,0.0,63768,40252
37.36685287200001,coredns,4956,0.04,0.0,65204,41888
38.37634895299999,nodestore,4298,0.73,1.9811864925902953,60988,61268
38.37634895299999,nodeapiserver,4294,1.17,3.9623729851805907,353140,353636
38.37634895299999,nodescheduler,4266,0.23,0.0,63232,63592
38.37634895299999,nodecontroller,4272,0.39,0.9905932462951477,128092,128476
38.37634895299999,nodelet,4429,0.83,0.9905932462951477,95420,93314
38.37634895299999,nodeproxy,4625,0.0,0.0,51672,52148
38.37634895299999,containerd,3704,0.39,0.9905932462951477,79004,77833
38.37634895299999,flanneld,5249,0.04,0.0,48552,48968
38.37634895299999,coredns,4946,0.05,0.0,63768,40252
38.37634895299999,coredns,4956,0.04,0.0,65204,41888
39.386255747999996,nodestore,4298,0.75,1.9803807736534613,60988,61272
39.386255747999996,nodeapiserver,4294,1.2,2.970571160480192,353140,353636
39.386255747999996,nodescheduler,4266,0.24,0.9901903868267307,63232,63596
39.386255747999996,nodecontroller,4272,0.4,0.9901903868267307,128092,128480
39.386255747999996,nodelet,4429,0.87,3.9607615473069226,95420,93378
39.386255747999996,nodeproxy,4625,0.0,0.0,51672,52148
39.386255747999996,containerd,3704,0.42,2.970571160480192,79004,77833
39.386255747999996,flanneld,5249,0.06,1.9803807736534613,48552,48972
39.386255747999996,coredns,4946,0.05,0.0,63768,40252
39.386255747999996,coredns,4956,0.04,0.0,65204,41888
40.39603591900001,nodestore,4298,0.76,0.9903145543149938,60988,61284
40.39603591900001,nodeapiserver,4294,1.23,2.9709436629449812,353140,353636
40.39603591900001,nodescheduler,4266,0.26,1.9806291086299876,63232,63600
40.39603591900001,nodecontroller,4272,0.4,0.0,128092,128480
40.39603591900001,nodelet,4429,0.92,4.951572771574969,97544,95442
40.39603591900001,nodeproxy,4625,0.0,0.0,51672,52148
40.39603591900001,containerd,3704,0.43,0.9903145543149938,79004,77833
40.39603591900001,flanneld,5249,0.06,0.0,48552,48972
40.39603591900001,coredns,4946,0.05,0.0,63768,40256
40.39603591900001,coredns,4956,0.05,0.9903145543149938,65204,41888
41.40593160399999,nodestore,4298,0.78,1.9804025600921833,60988,61300
41.40593160399999,nodeapiserver,4294,1.25,1.9804025600921833,353140,353640
41.40593160399999,nodescheduler,4266,0.26,0.0,63232,63600
41.40593160399999,nodecontroller,4272,0.41,0.9902012800460916,128092,128480
41.40593160399999,nodelet,4429,0.95,2.970603840138275,97544,95446
41.40593160399999,nodeproxy,4625,0.0,0.0,51672,52148
41.40593160399999,containerd,3704,0.43,0.0,79004,77833
41.40593160399999,flanneld,5249,0.06,0.0,48552,48972
41.40593160399999,coredns,4946,0.05,0.0,63768,40256
41.40593160399999,coredns,4956,0.05,0.0,65204,41888
42.41652065100001,nodestore,4298,0.79,0.9895219060294996,60988,61304
42.41652065100001,nodeapiserver,4294,1.28,2.968565718088499,353140,353640
42.41652065100001,nodescheduler,4266,0.26,0.0,63232,63600
42.41652065100001,nodecontroller,4272,0.42,0.9895219060294996,128092,128480
42.41652065100001,nodelet,4429,0.96,0.9895219060294996,97544,95446
42.41652065100001,nodeproxy,4625,0.0,0.0,51672,52148
42.41652065100001,containerd,3704,0.43,0.0,79004,77833
42.41652065100001,flanneld,5249,0.06,0.0,48552,48972
42.41652065100001,coredns,4946,0.05,0.0,63768,40256
42.41652065100001,coredns,4956,0.05,0.0,65204,41888
43.429391183999996,nodestore,4298,0.81,1.974586025398799,60988,61304
43.429391183999996,nodeapiserver,4294,1.3,1.974586025398799,353268,353704
43.429391183999996,nodescheduler,4266,0.27,0.9872930126993995,63232,63600
43.429391183999996,nodecontroller,4272,0.43,0.9872930126993995,128092,128480
43.429391183999996,nodelet,4429,0.97,0.9872930126993995,97544,95446
43.429391183999996,nodeproxy,4625,0.0,0.0,51672,52148
43.429391183999996,containerd,3704,0.45,1.974586025398799,79004,77833
43.429391183999996,flanneld,5249,0.06,0.0,48552,48972
43.429391183999996,coredns,4946,0.05,0.0,63768,40256
43.429391183999996,coredns,4956,0.05,0.0,65204,41888
44.43893195999999,nodestore,4298,0.83,1.9810987803032645,60988,61304
44.43893195999999,nodeapiserver,4294,1.32,1.9810987803032645,353268,353704
44.43893195999999,nodescheduler,4266,0.27,0.0,63232,63600
44.43893195999999,nodecontroller,4272,0.44,0.9905493901516322,128092,128480
44.43893195999999,nodelet,4429,0.99,1.9810987803032645,97544,95446
44.43893195999999,nodeproxy,4625,0.0,0.0,51672,52148
44.43893195999999,containerd,3704,0.46,0.9905493901516322,79004,77833
44.43893195999999,flanneld,5249,0.06,0.0,48552,48972
44.43893195999999,coredns,4946,0.05,0.0,63768,40256
44.43893195999999,coredns,4956,0.05,0.0,65204,41888
45.448712153,nodestore,4298,0.85,1.9806290654781906,60988,61304
45.448712153,nodeapiserver,4294,1.36,3.9612581309563812,353268,353704
45.448712153,nodescheduler,4266,0.28,0.9903145327390953,63232,63600
45.448712153,nodecontroller,4272,0.45,0.9903145327390953,128092,128480
45.448712153,nodelet,4429,1.01,1.9806290654781906,97544,95446
45.448712153,nodeproxy,4625,0.0,0.0,51672,52148
45.448712153,containerd,3704,0.47,0.9903145327390953,79004,77833
45.448712153,flanneld,5249,0.06,0.0,48552,48972
45.448712153,coredns,4946,0.06,0.9903145327390953,63768,40256
45.448712153,coredns,4956,0.06,0.9903145327390953,65204,41888
46.45806219900001,nodestore,4298,0.85,0.0,60988,61304
46.45806219900001,nodeapiserver,4294,1.38,1.9814731350395984,353268,353704
46.45806219900001,nodescheduler,4266,0.28,0.0,63232,63600
46.45806219900001,nodecontroller,4272,0.46,0.9907365675197992,128092,128480
46.45806219900001,nodelet,4429,1.03,1.9814731350395984,97544,95446
46.45806219900001,nodeproxy,4625,0.0,0.0,51672,52148
46.45806219900001,containerd,3704,0.47,0.0,79004,77833
46.45806219900001,flanneld,5249,0.06,0.0,48552,48972
46.45806219900001,coredns,4946,0.06,0.0,63768,40256
46.45806219900001,coredns,4956,0.06,0.0,65204,41888
47.46764000600001,nodestore,4298,0.87,1.9810261142160794,60988,61304
47.46764000600001,nodeapiserver,4294,1.4,1.9810261142160794,353268,353704
47.46764000600001,nodescheduler,4266,0.29,0.9905130571080397,63232,63600
47.46764000600001,nodecontroller,4272,0.47,0.9905130571080397,128092,128480
47.46764000600001,nodelet,4429,1.05,1.9810261142160794,97544,95454
47.46764000600001,nodeproxy,4625,0.0,0.0,51672,52148
47.46764000600001,containerd,3704,0.48,0.9905130571080397,79004,77833
47.46764000600001,flanneld,5249,0.06,0.0,48552,48972
47.46764000600001,coredns,4946,0.06,0.0,63768,40256
47.46764000600001,coredns,4956,0.06,0.0,65204,41888
48.477536719,nodestore,4298,0.89,1.9804005441891377,60988,61304
48.477536719,nodeapiserver,4294,1.44,3.9608010883782754,353268,353704
48.477536719,nodescheduler,4266,0.29,0.0,63232,63600
48.477536719,nodecontroller,4272,0.47,0.0,128092,128480
48.477536719,nodelet,4429,1.06,0.9902002720945688,99596,97518
48.477536719,nodeproxy,4625,0.0,0.0,51672,52152
48.477536719,containerd,3704,0.49,0.9902002720945688,79004,77857
48.477536719,flanneld,5249,0.06,0.0,48552,48972
48.477536719,coredns,4946,0.06,0.0,63768,40260
48.477536719,coredns,4956,0.06,0.0,65204,41888
49.487205929,nodestore,4298,0.91,1.9808467765398166,60988,61304
49.487205929,nodeapiserver,4294,1.46,1.9808467765398166,353268,353704
49.487205929,nodescheduler,4266,0.3,0.9904233882699083,63232,63600
49.487205929,nodecontroller,4272,0.49,1.9808467765398166,128092,128480
49.487205929,nodelet,4429,1.1,3.961693553079633,99596,97530
49.487205929,nodeproxy,4625,0.0,0.0,51672,52152
49.487205929,containerd,3704,0.52,2.9712701648097246,79132,77865
49.487205929,flanneld,5249,0.07,0.9904233882699083,48552,48972
49.487205929,coredns,4946,0.07,0.9904233882699083,65836,42312
49.487205929,coredns,4956,0.06,0.0,65204,41888
50.497533895000004,nodestore,4298,0.92,0.9897776104912793,60988,61304
50.497533895000004,nodeapiserver,4294,1.49,2.9693328314738383,353268,353704
50.497533895000004,nodescheduler,4266,0.31,0.9897776104912793,63232,63604
50.497533895000004,nodecontroller,4272,0.5,0.9897776104912793,128092,128480
50.497533895000004,nodelet,4429,1.13,2.9693328314738383,99596,97538
50.497533895000004,nodeproxy,4625,0.0,0.0,51672,52152
50.497533895000004,containerd,3704,0.53,0.9897776104912793,79132,77865
50.497533895000004,flanneld,5249,0.07,0.0,48552,48972
50.497533895000004,coredns,4946,0.07,0.0,65836,42312
50.497533895000004,coredns,4956,0.06,0.0,65204,41888
51.507217862000005,nodestore,4298,0.94,1.9808178255444144,60988,61304
51.507217862000005,nodeapiserver,4294,1.52,2.9712267383166218,353268,353704
51.507217862000005,nodescheduler,4266,0.31,0.0,63232,63604
51.507217862000005,nodecontroller,4272,0.5,0.0,128092,128480
51.507217862000005,nodelet,4429,1.14,0.9904089127722072,99596,97542
51.507217862000005,nodeproxy,4625,0.0,0.0,51672,52152
51.507217862000005,containerd,3704,0.54,0.9904089127722072,79132,77865
51.507217862000005,flanneld,5249,0.07,0.0,48552,48972
51.507217862000005,coredns,4946,0.07,0.0,65836,42312
51.507217862000005,coredns,4956,0.06,0.0,65204,41888
52.51671989100001,nodestore,4298,0.95,0.9905874097059357,60988,61304
52.51671989100001,nodeapiserver,4294,1.53,0.9905874097059357,353268,353704
52.51671989100001,nodescheduler,4266,0.32,0.9905874097059357,63232,63604
52.51671989100001,nodecontroller,4272,0.51,0.9905874097059357,128092,128480
52.51671989100001,nodelet,4429,1.16,1.9811748194118715,99596,97546
52.51671989100001,nodeproxy,4625,0.0,0.0,51672,52152
52.51671989100001,containerd,3704,0.55,0.9905874097059357,79132,77865
52.51671989100001,flanneld,5249,0.07,0.0,48552,48972
52.51671989100001,coredns,4946,0.07,0.0,65836,42312
52.51671989100001,coredns,4956,0.06,0.0,65204,41888
53.526353656,nodestore,4298,0.97,1.980916317710532,60988,61304
53.526353656,nodeapiserver,4294,1.57,3.961832635421064,353268,353704
53.526353656,nodescheduler,4266,0.32,0.0,63232,63604
53.526353656,nodecontroller,4272,0.51,0.0,128092,128480
53.526353656,nodelet,4429,1.18,1.980916317710532,99596,97558
53.526353656,nodeproxy,4625,0.0,0.0,51672,52152
53.526353656,containerd,3704,0.55,0.0,79132,77865
53.526353656,flanneld,5249,0.07,0.0,48552,48972
53.526353656,coredns,4946,0.07,0.0,65836,42312
53.526353656,coredns,4956,0.06,0.0,65204,41888
54.536076759,nodestore,4298,0.97,0.0,60988,61308
54.536076759,nodeapiserver,4294,1.59,1.9807410507472583,353268,353704
54.536076759,nodescheduler,4266,0.33,0.9903705253736291,63232,63604
54.536076759,nodecontroller,4272,0.52,0.9903705253736291,128092,128480
54.536076759,nodelet,4429,1.2,1.9807410507472583,99596,97558
54.536076759,nodeproxy,4625,0.0,0.0,51672,52152
54.536076759,containerd,3704,0.57,1.9807410507472583,79260,77869
54.536076759,flanneld,5249,0.07,0.0,48552,48976
54.536076759,coredns,4946,0.07,0.0,65836,42320
54.536076759,coredns,4956,0.06,0.0,65204,41888
55.54578302600001,nodestore,4298,1.0,2.971161116899319,60988,61308
55.54578302600001,nodeapiserver,4294,1.62,2.971161116899319,353268,353704
55.54578302600001,nodescheduler,4266,0.33,0.0,63232,63608
55.54578302600001,nodecontroller,4272,0.54,1.9807740779328793,128092,128480
55.54578302600001,nodelet,4429,1.24,3.9615481558657586,99596,97558
55.54578302600001,nodeproxy,4625,0.0,0.0,51672,52152
55.54578302600001,containerd,3704,0.57,0.0,79260,77869
55.54578302600001,flanneld,5249,0.07,0.0,48552,48976
55.54578302600001,coredns,4946,0.07,0.0,65836,42324
55.54578302600001,coredns,4956,0.06,0.0,65204,41888
56.55549805199999,nodestore,4298,1.01,0.99037844763144,60988,61308
56.55549805199999,nodeapiserver,4294,1.64,1.98075689526288,353268,353708
56.55549805199999,nodescheduler,4266,0.35,1.98075689526288,63232,63616
56.55549805199999,nodecontroller,4272,0.54,0.0,128092,128480
56.55549805199999,nodelet,4429,1.24,0.0,99596,97562
56.55549805199999,nodeproxy,4625,0.0,0.0,51672,52152
56.55549805199999,containerd,3704,0.58,0.99037844763144,79260,77869
56.55549805199999,flanneld,5249,0.07,0.0,48552,48976
56.55549805199999,coredns,4946,0.08,0.99037844763144,65836,42324
56.55549805199999,coredns,4956,0.07,0.99037844763144,65204,41888
57.564902238,nodestore,4298,1.03,1.9813668575374588,60988,61308
57.564902238,nodeapiserver,4294,1.68,3.9627337150749176,353268,353712
57.564902238,nodescheduler,4266,0.35,0.0,63232,63616
57.564902238,nodecontroller,4272,0.55,0.9906834287687294,128092,128484
57.564902238,nodelet,4429,1.26,1.9813668575374588,99596,97562
57.564902238,nodeproxy,4625,0.0,0.0,51672,52152
57.564902238,containerd,3704,0.59,0.9906834287687294,79260,77869
57.564902238,flanneld,5249,0.07,0.0,48552,48976
57.564902238,coredns,4946,0.08,0.0,65836,42324
57.564902238,coredns,4956,0.07,0.0,65204,41888
58.574838059,nodestore,4298,1.05,1.9803238566384127,60988,61312
58.574838059,nodeapiserver,4294,1.7,1.9803238566384127,353268,353712
58.574838059,nodescheduler,4266,0.36,0.9901619283192064,63232,63616
58.574838059,nodecontroller,4272,0.57,1.9803238566384127,128092,128484
58.574838059,nodelet,4429,1.28,1.9803238566384127,99596,97562
58.574838059,nodeproxy,4625,0.0,0.0,51672,52152
58.574838059,containerd,3704,0.6,0.9901619283192064,79260,77877
58.574838059,flanneld,5249,0.07,0.0,48552,48976
58.574838059,coredns,4946,0.08,0.0,65836,42324
58.574838059,coredns,4956,0.07,0.0,65204,41888
59.584457353000005,nodestore,4298,1.07,1.9809447104325966,60988,61316
59.584457353000005,nodeapiserver,4294,1.73,2.971417065648895,353268,353712
59.584457353000005,nodescheduler,4266,0.36,0.0,63232,63616
59.584457353000005,nodecontroller,4272,0.58,0.9904723552162983,128092,128488
59.584457353000005,nodelet,4429,1.31,2.971417065648895,99596,97578
59.584457353000005,nodeproxy,4625,0.0,0.0,51672,52152
59.584457353000005,containerd,3704,0.61,0.9904723552162983,79260,77881
59.584457353000005,flanneld,5249,0.08,0.9904723552162983,48552,48976
59.584457353000005,coredns,4946,0.08,0.0,65836,42328
59.584457353000005,coredns,4956,0.07,0.0,65204,41892
60.59454520700001,nodestore,4298,1.07,0.0,60988,61316
60.59454520700001,nodeapiserver,4294,1.75,1.9800257889250785,353268,353712
60.59454520700001,nodescheduler,4266,0.37,0.9900128944625393,63232,63616
60.59454520700001,nodecontroller,4272,0.58,0.0,128092,128488
60.59454520700001,nodelet,4429,1.36,4.950064472312696,99596,97586
60.59454520700001,nodeproxy,4625,0.0,0.0,51672,52152
60.59454520700001,containerd,3704,0.62,0.9900128944625393,79260,77881
60.59454520700001,flanneld,5249,0.08,0.0,48552,48976
60.59454520700001,coredns,4946,0.08,0.0,65836,42328
60.59454520700001,coredns,4956,0.07,0.0,65204,41892
61.60411969399999,nodestore,4298,1.1,2.9715489432728286,60988,61316
61.60411969399999,nodeapiserver,4294,1.79,3.9620652576971045,353268,353712
61.60411969399999,nodescheduler,4266,0.37,0.0,63232,63616
61.60411969399999,nodecontroller,4272,0.59,0.9905163144242761,128092,128488
61.60411969399999,nodelet,4429,1.38,1.9810326288485522,99596,97594
61.60411969399999,nodeproxy,4625,0.0,0.0,51672,52152
61.60411969399999,containerd,3704,0.64,1.9810326288485522,79260,77881
61.60411969399999,flanneld,5249,0.08,0.0,48552,48976
61.60411969399999,coredns,4946,0.08,0.0,65836,42328
61.60411969399999,coredns,4956,0.07,0.0,65204,41900
62.61392562500001,nodestore,4298,1.12,1.980578583074263,60988,61316
62.61392562500001,nodeapiserver,4294,1.82,2.9708678746113946,353268,353712
62.61392562500001,nodescheduler,4266,0.38,0.9902892915371315,63232,63616
62.61392562500001,nodecontroller,4272,0.6,0.9902892915371315,128092,128488
62.61392562500001,nodelet,4429,1.41,2.9708678746113946,99596,97598
62.61392562500001,nodeproxy,4625,0.0,0.0,51672,52152
62.61392562500001,containerd,3704,0.64,0.0,79260,77881
62.61392562500001,flanneld,5249,0.08,0.0,48552,48976
62.61392562500001,coredns,4946,0.08,0.0,65836,42328
62.61392562500001,coredns,4956,0.07,0.0,65204,41900
63.623531547,nodestore,4298,1.14,1.9809709475931707,60988,61336
63.623531547,nodeapiserver,4294,1.86,3.9619418951863414,353268,353716
63.623531547,nodescheduler,4266,0.38,0.0,63232,63616
63.623531547,nodecontroller,4272,0.61,0.9904854737965854,128092,128492
63.623531547,nodelet,4429,1.43,1.9809709475931707,99596,97602
63.623531547,nodeproxy,4625,0.0,0.0,51672,52152
63.623531547,containerd,3704,0.65,0.9904854737965854,79260,77881
63.623531547,flanneld,5249,0.08,0.0,48552,48976
63.623531547,coredns,4946,0.08,0.0,65836,42328
63.623531547,coredns,4956,0.07,0.0,65204,41900
64.633554473,nodestore,4298,1.16,1.9801530722877774,60988,61340
64.633554473,nodeapiserver,4294,1.88,1.9801530722877774,353268,353720
64.633554473,nodescheduler,4266,0.39,0.9900765361438887,63232,63616
64.633554473,nodecontroller,4272,0.63,1.9801530722877774,128092,128492
64.633554473,nodelet,4429,1.45,1.9801530722877774,99596,97610
64.633554473,nodeproxy,4625,0.0,0.0,51672,52152
64.633554473,containerd,3704,0.67,1.9801530722877774,79260,77885
64.633554473,flanneld,5249,0.08,0.0,48680,48984
64.633554473,coredns,4946,0.08,0.0,65836,42328
64.633554473,coredns,4956,0.07,0.0,65204,41900
65.64311459499999,nodestore,4298,1.17,0.9905304084505209,60988,61360
65.64311459499999,nodeapiserver,4294,1.92,3.9621216338020835,353268,353720
65.64311459499999,nodescheduler,4266,0.39,0.0,63232,63620
65.64311459499999,nodecontroller,4272,0.63,0.0,128092,128492
65.64311459499999,nodelet,4429,1.47,1.9810608169010417,99724,97682
65.64311459499999,nodeproxy,4625,0.0,0.0,51672,52152
65.64311459499999,containerd,3704,0.68,0.9905304084505209,79260,77885
65.64311459499999,flanneld,5249,0.08,0.0,48680,48984
65.64311459499999,coredns,4946,0.08,0.0,65836,42328
65.64311459499999,coredns,4956,0.07,0.0,65204,41900
66.652868434,nodestore,4298,1.19,1.980680758768549,60988,61364
66.652868434,nodeapiserver,4294,1.95,2.9710211381528233,353268,353720
66.652868434,nodescheduler,4266,0.4,0.9903403793842745,63232,63628
66.652868434,nodecontroller,4272,0.64,0.9903403793842745,128092,128492
66.652868434,nodelet,4429,1.49,1.980680758768549,99724,97682
66.652868434,nodeproxy,4625,0.0,0.0,51672,52152
66.652868434,containerd,3704,0.69,0.9903403793842745,79260,77885
66.652868434,flanneld,5249,0.08,0.0,48680,48984
66.652868434,coredns,4946,0.08,0.0,65836,42328
66.652868434,coredns,4956,0.08,0.9903403793842745,65204,41900
67.66281696600001,nodestore,4298,1.23,3.960597865396928,63056,63412
67.66281696600001,nodeapiserver,4294,1.99,3.960597865396928,353268,353724
67.66281696600001,nodescheduler,4266,0.41,0.990149466349232,63232,63628
67.66281696600001,nodecontroller,4272,0.65,0.990149466349232,128092,128492
67.66281696600001,nodelet,4429,1.52,2.970448399047696,99724,97682
67.66281696600001,nodeproxy,4625,0.0,0.0,51672,52152
67.66281696600001,containerd,3704,0.7,0.990149466349232,79260,77885
67.66281696600001,flanneld,5249,0.08,0.0,48680,48984
67.66281696600001,coredns,4946,0.08,0.0,65836,42328
67.66281696600001,coredns,4956,0.08,0.0,65204,41900
68.672518198,nodestore,4298,1.25,1.9807839553076871,63056,63412
68.672518198,nodeapiserver,4294,2.02,2.971175932961531,353268,353724
68.672518198,nodescheduler,4266,0.42,0.9903919776538436,63232,63628
68.672518198,nodecontroller,4272,0.67,1.9807839553076871,128092,128492
68.672518198,nodelet,4429,1.54,1.9807839553076871,99724,97690
68.672518198,nodeproxy,4625,0.0,0.0,51672,52152
68.672518198,containerd,3704,0.71,0.9903919776538436,87836,86461
68.672518198,flanneld,5249,0.08,0.0,48680,48984
68.672518198,coredns,4946,0.08,0.0,65836,42328
68.672518198,coredns,4956,0.08,0.0,65204,41900
69.682408324,nodestore,4298,1.27,1.980413461335322,63056,63428
69.682408324,nodeapiserver,4294,2.07,4.951033653338305,353268,353736
69.682408324,nodescheduler,4266,0.42,0.0,63232,63628
69.682408324,nodecontroller,4272,0.68,0.990206730667661,128092,128492
69.682408324,nodelet,4429,1.62,7.921653845341288,99852,97710
69.682408324,nodeproxy,4625,0.0,0.0,51672,52152
69.682408324,containerd,3704,0.73,1.980413461335322,87836,86461
69.682408324,flanneld,5249,0.09,0.990206730667661,48808,48988
69.682408324,coredns,4946,0.08,0.0,65836,42328
69.682408324,coredns,4956,0.08,0.0,65204,41900
70.69187577,nodestore,4298,1.29,1.9812426918024613,63056,63428
70.69187577,nodeapiserver,4294,2.1,2.971864037703692,353268,353736
70.69187577,nodescheduler,4266,0.44,1.9812426918024613,63232,63632
70.69187577,nodecontroller,4272,0.69,0.9906213459012306,128092,128492
70.69187577,nodelet,4429,1.64,1.9812426918024613,99852,97710
70.69187577,nodeproxy,4625,0.0,0.0,51672,52152
70.69187577,containerd,3704,0.74,0.9906213459012306,87836,86461
70.69187577,flanneld,5249,0.09,0.0,48808,48988
70.69187577,coredns,4946,0.09,0.9906213459012306,65836,42328
70.69187577,coredns,4956,0.09,0.9906213459012306,65204,41900
71.701341993,nodestore,4298,1.31,1.9812450921401379,63056,63444
71.701341993,nodeapiserver,4294,2.14,3.9624901842802758,353268,353736
71.701341993,nodescheduler,4266,0.45,0.9906225460700689,63232,63632
71.701341993,nodecontroller,4272,0.69,0.0,128092,128492
71.701341993,nodelet,4429,1.66,1.9812450921401379,99852,97718
71.701341993,nodeproxy,4625,0.0,0.0,51672,52152
71.701341993,containerd,3704,0.75,0.9906225460700689,87836,86461
71.701341993,flanneld,5249,0.09,0.0,48808,48988
71.701341993,coredns,4946,0.1,0.9906225460700689,65836,42328
71.701341993,coredns,4956,0.09,0.0,65204,41900
72.71111736699999,nodestore,4298,1.32,0.9903192588652038,63188,63456
72.71111736699999,nodeapiserver,4294,2.16,1.9806385177304076,353268,353740
72.71111736699999,nodescheduler,4266,0.45,0.0,63232,63632
72.71111736699999,nodecontroller,4272,0.71,1.9806385177304076,128092,128492
72.71111736699999,nodelet,4429,1.68,1.9806385177304076,99852,97726
72.71111736699999,nodeproxy,4625,0.0,0.0,51672,52152
72.71111736699999,containerd,3704,0.75,0.0,87836,86461
72.71111736699999,flanneld,5249,0.09,0.0,48808,48988
72.71111736699999,coredns,4946,0.1,0.0,65836,42328
72.71111736699999,coredns,4956,0.09,0.0,65204,41900
73.72100113100001,nodestore,4298,1.34,1.980425937415066,63188,63456
73.72100113100001,nodeapiserver,4294,2.19,2.970638906122599,353268,353740
73.72100113100001,nodescheduler,4266,0.45,0.0,63232,63632
73.72100113100001,nodecontroller,4272,0.72,0.990212968707533,128092,128492
73.72100113100001,nodelet,4429,1.71,2.970638906122599,99852,97726
73.72100113100001,nodeproxy,4625,0.0,0.0,51672,52152
73.72100113100001,containerd,3704,0.76,0.990212968707533,87836,86461
73.72100113100001,flanneld,5249,0.1,0.990212968707533,48808,48988
73.72100113100001,coredns,4946,0.1,0.0,65836,42328
73.72100113100001,coredns,4956,0.09,0.0,65204,41900
74.730220223,nodestore,4298,1.36,1.9817302465379933,63188,63456
74.730220223,nodeapiserver,4294,2.21,1.9817302465379933,353268,353740
74.730220223,nodescheduler,4266,0.46,0.9908651232689967,63232,63632
74.730220223,nodecontroller,4272,0.73,0.9908651232689967,128092,128492
74.730220223,nodelet,4429,1.73,1.9817302465379933,99852,97726
74.730220223,nodeproxy,4625,0.0,0.0,51672,52152
74.730220223,containerd,3704,0.77,0.9908651232689967,87836,86465
74.730220223,flanneld,5249,0.1,0.0,48808,48988
74.730220223,coredns,4946,0.1,0.0,65836,42328
74.730220223,coredns,4956,0.09,0.0,65204,41900
75.73993864299999,nodestore,4298,1.37,0.9903751186395267,63188,63456
75.73993864299999,nodeapiserver,4294,2.26,4.9518755931976335,353268,353740
75.73993864299999,nodescheduler,4266,0.47,0.9903751186395267,63232,63632
75.73993864299999,nodecontroller,4272,0.75,1.9807502372790533,128092,128500
75.73993864299999,nodelet,4429,1.75,1.9807502372790533,99852,97726
75.73993864299999,nodeproxy,4625,0.0,0.0,51672,52152
75.73993864299999,containerd,3704,0.78,0.9903751186395267,87836,86465
75.73993864299999,flanneld,5249,0.1,0.0,48808,48988
75.73993864299999,coredns,4946,0.1,0.0,65836,42328
75.73993864299999,coredns,4956,0.09,0.0,65204,41900
76.749202932,nodestore,4298,1.39,1.98164150044545,63188,63456
76.749202932,nodeapiserver,4294,2.38,11.889849002672701,353524,353916
76.749202932,nodescheduler,4266,0.47,0.0,63232,63632
76.749202932,nodecontroller,4272,0.76,0.990820750222725,128092,128500
76.749202932,nodelet,4429,1.77,1.98164150044545,99852,97726
76.749202932,nodeproxy,4625,0.0,0.0,51672,52152
76.749202932,containerd,3704,0.79,0.990820750222725,87836,86465
76.749202932,flanneld,5249,0.1,0.0,48808,48988
76.749202932,coredns,4946,0.1,0.0,65836,42328
76.749202932,coredns,4956,0.09,0.0,65204,41900
77.75881215000001,nodestore,4298,1.41,1.980964480457015,63188,63464
77.75881215000001,nodeapiserver,4294,2.43,4.952411201142538,353524,353916
77.75881215000001,nodescheduler,4266,0.48,0.9904822402285075,63232,63636
77.75881215000001,nodecontroller,4272,0.78,1.980964480457015,128092,128500
77.75881215000001,nodelet,4429,1.79,1.980964480457015,99852,97726
77.75881215000001,nodeproxy,4625,0.01,0.9904822402285075,51672,52152
77.75881215000001,containerd,3704,0.79,0.0,87836,86465
77.75881215000001,flanneld,5249,0.1,0.0,48808,48988
77.75881215000001,coredns,4946,0.1,0.0,65836,42328
77.75881215000001,coredns,4956,0.09,0.0,65204,41900
78.76837180000001,nodestore,4298,1.44,2.9715926146612537,63188,63476
78.76837180000001,nodeapiserver,4294,2.46,2.9715926146612537,353524,353924
78.76837180000001,nodescheduler,4266,0.48,0.0,63232,63636
78.76837180000001,nodecontroller,4272,0.79,0.9905308715537513,128092,128500
78.76837180000001,nodelet,4429,1.81,1.9810617431075026,99852,97730
78.76837180000001,nodeproxy,4625,0.01,0.0,51672,52152
78.76837180000001,containerd,3704,0.8,0.9905308715537513,94492,93097
78.76837180000001,flanneld,5249,0.1,0.0,48808,48988
78.76837180000001,coredns,4946,0.1,0.0,65836,42328
78.76837180000001,coredns,4956,0.09,0.0,65204,41900
79.77780817600001,nodestore,4298,1.44,0.0,63188,63484
79.77780817600001,nodeapiserver,4294,2.48,1.9813036735660565,353524,353924
79.77780817600001,nodescheduler,4266,0.49,0.9906518367830283,63232,63636
79.77780817600001,nodecontroller,4272,0.8,0.9906518367830283,128092,128500
79.77780817600001,nodelet,4429,1.86,4.953259183915141,99852,97730
79.77780817600001,nodeproxy,4625,0.01,0.0,51672,52152
79.77780817600001,containerd,3704,0.83,2.9719555103490847,94492,93105
79.77780817600001,flanneld,5249,0.1,0.0,48808,48988
79.77780817600001,coredns,4946,0.1,0.0,65836,42328
79.77780817600001,coredns,4956,0.09,0.0,65204,41900
80.787645276,nodestore,4298,1.46,1.9805174517751456,63188,63484
80.787645276,nodeapiserver,4294,2.51,2.970776177662718,353524,353924
80.787645276,nodescheduler,4266,0.49,0.0,63232,63636
80.787645276,nodecontroller,4272,0.8,0.0,128092,128500
80.787645276,nodelet,4429,1.88,1.9805174517751456,99852,97730
80.787645276,nodeproxy,4625,0.01,0.0,51672,52152
80.787645276,containerd,3704,0.84,0.9902587258875728,94492,93109
80.787645276,flanneld,5249,0.1,0.0,48808,48988
80.787645276,coredns,4946,0.1,0.0,65836,42328
80.787645276,coredns,4956,0.09,0.0,65204,41900
81.79686732799999,nodestore,4298,1.47,0.9908622171090012,63188,63500
81.79686732799999,nodeapiserver,4294,2.54,2.9725866513270036,353524,353924
81.79686732799999,nodescheduler,4266,0.5,0.9908622171090012,63232,63636
81.79686732799999,nodecontroller,4272,0.81,0.9908622171090012,128092,128500
81.79686732799999,nodelet,4429,1.91,2.9725866513270036,99852,97738
81.79686732799999,nodeproxy,4625,0.01,0.0,51672,52152
81.79686732799999,containerd,3704,0.85,0.9908622171090012,94492,93109
81.79686732799999,flanneld,5249,0.1,0.0,48808,48988
81.79686732799999,coredns,4946,0.1,0.0,65836,42328
81.79686732799999,coredns,4956,0.09,0.0,65204,41900
82.807024985,nodestore,4298,1.49,1.9798889669753648,63188,63504
82.807024985,nodeapiserver,4294,2.58,3.9597779339507295,353524,353924
82.807024985,nodescheduler,4266,0.5,0.0,63232,63636
82.807024985,nodecontroller,4272,0.82,0.9899444834876824,128092,128500
82.807024985,nodelet,4429,1.94,2.969833450463047,99852,97738
82.807024985,nodeproxy,4625,0.01,0.0,51672,52152
82.807024985,containerd,3704,0.86,0.9899444834876824,94492,93109
82.807024985,flanneld,5249,0.1,0.0,48808,48988
82.807024985,coredns,4946,0.11,0.9899444834876824,65836,42328
82.807024985,coredns,4956,0.09,0.0,65204,41900
83.816277329,nodestore,4298,1.51,1.9816649541514395,63188,63508
83.816277329,nodeapiserver,4294,2.6,1.9816649541514395,353524,353924
83.816277329,nodescheduler,4266,0.51,0.9908324770757198,63232,63636
83.816277329,nodecontroller,4272,0.83,0.9908324770757198,128092,128500
83.816277329,nodelet,4429,1.95,0.9908324770757198,99852,97738
83.816277329,nodeproxy,4625,0.01,0.0,51672,52152
83.816277329,containerd,3704,0.87,0.9908324770757198,94492,93113
83.816277329,flanneld,5249,0.1,0.0,48808,48988
83.816277329,coredns,4946,0.11,0.0,65836,42328
83.816277329,coredns,4956,0.09,0.0,65204,41900
84.82568656999999,nodestore,4298,1.53,1.9813569350907376,63188,63508
84.82568656999999,nodeapiserver,4294,2.62,1.9813569350907376,353524,353924
84.82568656999999,nodescheduler,4266,0.51,0.0,63232,63636
84.82568656999999,nodecontroller,4272,0.83,0.0,128092,128500
84.82568656999999,nodelet,4429,1.97,1.9813569350907376,99852,97738
84.82568656999999,nodeproxy,4625,0.01,0.0,51672,52152
84.82568656999999,containerd,3704,0.87,0.0,94492,93129
84.82568656999999,flanneld,5249,0.11,0.9906784675453688,48808,48988
84.82568656999999,coredns,4946,0.11,0.0,65836,42328
84.82568656999999,coredns,4956,0.1,0.9906784675453688,65204,41900
85.83486416299999,nodestore,4298,1.54,0.9909058692308838,63188,63508
85.83486416299999,nodeapiserver,4294,2.65,2.972717607692651,353524,353924
85.83486416299999,nodescheduler,4266,0.52,0.9909058692308838,63232,63636
85.83486416299999,nodecontroller,4272,0.85,1.9818117384617675,128092,128500
85.83486416299999,nodelet,4429,1.98,0.9909058692308838,99852,97746
85.83486416299999,nodeproxy,4625,0.01,0.0,51672,52152
85.83486416299999,containerd,3704,0.89,1.9818117384617675,94492,93129
85.83486416299999,flanneld,5249,0.11,0.0,48808,48988
85.83486416299999,coredns,4946,0.11,0.0,65836,42328
85.83486416299999,coredns,4956,0.1,0.0,65204,41900
86.844765782,nodestore,4298,1.55,0.9901954618017061,63188,63508
86.844765782,nodeapiserver,4294,2.68,2.9705863854051184,353524,353924
86.844765782,nodescheduler,4266,0.53,0.9901954618017061,63232,63636
86.844765782,nodecontroller,4272,0.86,0.9901954618017061,128092,128500
86.844765782,nodelet,4429,1.99,0.9901954618017061,99852,97754
86.844765782,nodeproxy,4625,0.01,0.0,51672,52156
86.844765782,containerd,3704,0.89,0.0,94492,93129
86.844765782,flanneld,5249,0.11,0.0,48808,48988
86.844765782,coredns,4946,0.11,0.0,65836,42338
86.844765782,coredns,4956,0.1,0.0,65204,41902
87.85422604300001,nodestore,4298,1.56,0.9906283968121307,63188,63508
87.85422604300001,nodeapiserver,4294,2.7,1.9812567936242613,353524,353924
87.85422604300001,nodescheduler,4266,0.54,0.9906283968121307,63232,63636
87.85422604300001,nodecontroller,4272,0.87,0.9906283968121307,128092,128500
87.85422604300001,nodelet,4429,2.02,2.971885190436392,99852,97754
87.85422604300001,nodeproxy,4625,0.01,0.0,51672,52156
87.85422604300001,containerd,3704,0.9,0.9906283968121307,94492,93129
87.85422604300001,flanneld,5249,0.11,0.0,48808,48988
87.85422604300001,coredns,4946,0.11,0.0,65836,42338
87.85422604300001,coredns,4956,0.1,0.0,65204,41902
88.863658095,nodestore,4298,1.58,1.9813121606723183,63336,63572
88.863658095,nodeapiserver,4294,2.73,2.9719682410084776,353524,353924
88.863658095,nodescheduler,4266,0.54,0.0,63232,63636
88.863658095,nodecontroller,4272,0.87,0.0,128092,128500
88.863658095,nodelet,4429,2.03,0.9906560803361592,99852,97754
88.863658095,nodeproxy,4625,0.01,0.0,51672,52156
88.863658095,containerd,3704,0.9,0.0,94492,93129
88.863658095,flanneld,5249,0.11,0.0,48808,48988
88.863658095,coredns,4946,0.11,0.0,65836,42338
88.863658095,coredns,4956,0.1,0.0,65204,41902
89.87348785500001,nodestore,4298,1.6,1.9805318472689846,63336,63576
89.87348785500001,nodeapiserver,4294,2.76,2.9707977709034767,353524,353924
89.87348785500001,nodescheduler,4266,0.54,0.0,63232,63636
89.87348785500001,nodecontroller,4272,0.88,0.9902659236344923,128092,128500
89.87348785500001,nodelet,4429,2.1,6.931861465441447,99852,97770
89.87348785500001,nodeproxy,4625,0.01,0.0,51672,52156
89.87348785500001,containerd,3704,0.93,2.9707977709034767,94492,93133
89.87348785500001,flanneld,5249,0.12,0.9902659236344923,48808,48988
89.87348785500001,coredns,4946,0.11,0.0,65836,42338
89.87348785500001,coredns,4956,0.1,0.0,65204,41902
90.882726986,nodestore,4298,1.62,1.9816908981901398,63336,63576
90.882726986,nodeapiserver,4294,2.78,1.9816908981901398,353524,353924
90.882726986,nodescheduler,4266,0.55,0.9908454490950699,63232,63636
90.882726986,nodecontroller,4272,0.89,0.9908454490950699,128092,128500
90.882726986,nodelet,4429,2.11,0.9908454490950699,99852,97778
90.882726986,nodeproxy,4625,0.01,0.0,51672,52156
90.882726986,containerd,3704,0.94,0.9908454490950699,94492,93133
90.882726986,flanneld,5249,0.12,0.0,48808,48988
90.882726986,coredns,4946,0.11,0.0,65836,42338
90.882726986,coredns,4956,0.1,0.0,65204,41902
91.891888913,nodestore,4298,1.63,0.9909212518279953,63336,63580
91.891888913,nodeapiserver,4294,2.81,2.972763755483986,353524,353924
91.891888913,nodescheduler,4266,0.56,0.9909212518279953,63232,63636
91.891888913,nodecontroller,4272,0.9,0.9909212518279953,128092,128500
91.891888913,nodelet,4429,2.12,0.9909212518279953,99852,97778
91.891888913,nodeproxy,4625,0.01,0.0,51672,52156
91.891888913,containerd,3704,0.94,0.0,94492,93133
91.891888913,flanneld,5249,0.12,0.0,48808,48988
91.891888913,coredns,4946,0.11,0.0,65836,42402
91.891888913,coredns,4956,0.11,0.9909212518279953,65204,41902
92.90113583799999,nodestore,4298,1.65,1.981675594404243,63336,63580
92.90113583799999,nodeapiserver,4294,2.83,1.981675594404243,353524,353924
92.90113583799999,nodescheduler,4266,0.56,0.0,63232,63636
92.90113583799999,nodecontroller,4272,0.91,0.9908377972021215,128092,128500
92.90113583799999,nodelet,4429,2.14,1.981675594404243,99852,97778
92.90113583799999,nodeproxy,4625,0.01,0.0,51672,52156
92.90113583799999,containerd,3704,0.95,0.9908377972021215,94492,93133
92.90113583799999,flanneld,5249,0.12,0.0,48808,48988
92.90113583799999,coredns,4946,0.13,1.981675594404243,65836,42402
92.90113583799999,coredns,4956,0.11,0.0,65204,41902
93.91047325,nodestore,4298,1.67,1.9814979373815031,63336,63580
93.91047325,nodeapiserver,4294,2.86,2.9722469060722547,353524,353924
93.91047325,nodescheduler,4266,0.57,0.9907489686907516,63232,63636
93.91047325,nodecontroller,4272,0.92,0.9907489686907516,128092,128500
93.91047325,nodelet,4429,2.16,1.9814979373815031,99852,97782
93.91047325,nodeproxy,4625,0.01,0.0,51672,52156
93.91047325,containerd,3704,0.96,0.9907489686907516,94492,93133
93.91047325,flanneld,5249,0.12,0.0,48808,48988
93.91047325,coredns,4946,0.13,0.0,65836,42402
93.91047325,coredns,4956,0.11,0.0,65204,41902
94.920322207,nodestore,4298,1.68,0.9902470989035218,63336,63580
94.920322207,nodeapiserver,4294,2.89,2.9707412967105653,353524,353924
94.920322207,nodescheduler,4266,0.57,0.0,63232,63636
94.920322207,nodecontroller,4272,0.92,0.0,128092,128500
94.920322207,nodelet,4429,2.16,0.0,99852,97786
94.920322207,nodeproxy,4625,0.01,0.0,51672,52156
94.920322207,containerd,3704,0.98,1.9804941978070436,94492,93137
94.920322207,flanneld,5249,0.12,0.0,48808,48988
94.920322207,coredns,4946,0.13,0.0,65836,42402
94.920322207,coredns,4956,0.11,0.0,65204,41902
95.93004728,nodestore,4298,1.69,0.9903685931348577,63336,63584
95.93004728,nodeapiserver,4294,2.92,2.971105779404573,353524,353928
95.93004728,nodescheduler,4266,0.58,0.9903685931348577,63232,63636
95.93004728,nodecontroller,4272,0.94,1.9807371862697154,128092,128500
95.93004728,nodelet,4429,2.19,2.971105779404573,99852,97786
95.93004728,nodeproxy,4625,0.01,0.0,51672,52156
95.93004728,containerd,3704,0.98,0.0,94492,93137
95.93004728,flanneld,5249,0.12,0.0,48808,48988
95.93004728,coredns,4946,0.13,0.0,65836,42402
95.93004728,coredns,4956,0.11,0.0,65204,41902
96.939416698,nodestore,4298,1.71,1.9814351062496613,63336,63584
96.939416698,nodeapiserver,4294,2.94,1.9814351062496613,353524,353928
96.939416698,nodescheduler,4266,0.58,0.0,63232,63636
96.939416698,nodecontroller,4272,0.94,0.0,128092,128500
96.939416698,nodelet,4429,2.21,1.9814351062496613,99852,97786
96.939416698,nodeproxy,4625,0.01,0.0,51672,52156
96.939416698,containerd,3704,1.0,1.9814351062496613,94492,93137
96.939416698,flanneld,5249,0.12,0.0,48808,48988
96.939416698,coredns,4946,0.13,0.0,65836,42402
96.939416698,coredns,4956,0.11,0.0,65204,41902
97.94867309899999,nodestore,4298,1.73,1.9816569882721256,63336,63584
97.94867309899999,nodeapiserver,4294,2.96,1.9816569882721256,353524,353928
97.94867309899999,nodescheduler,4266,0.58,0.0,63232,63636
97.94867309899999,nodecontroller,4272,0.95,0.9908284941360628,128092,128500
97.94867309899999,nodelet,4429,2.22,0.9908284941360628,99852,97786
97.94867309899999,nodeproxy,4625,0.01,0.0,51672,52156
97.94867309899999,containerd,3704,1.0,0.0,94492,93137
97.94867309899999,flanneld,5249,0.12,0.0,48808,48988
97.94867309899999,coredns,4946,0.13,0.0,65836,42402
97.94867309899999,coredns,4956,0.11,0.0,65204,41902
98.95804029199999,nodestore,4298,1.75,1.981439474028947,63336,63584
98.95804029199999,nodeapiserver,4294,3.0,3.962878948057894,353524,353928
98.95804029199999,nodescheduler,4266,0.59,0.9907197370144735,63232,63636
98.95804029199999,nodecontroller,4272,0.96,0.9907197370144735,128092,128500
98.95804029199999,nodelet,4429,2.24,1.981439474028947,99852,97786
98.95804029199999,nodeproxy,4625,0.01,0.0,51672,52156
98.95804029199999,containerd,3704,1.0,0.0,94492,93137
98.95804029199999,flanneld,5249,0.12,0.0,48808,48988
98.95804029199999,coredns,4946,0.13,0.0,65836,42402
98.95804029199999,coredns,4956,0.12,0.9907197370144735,65204,41902
99.967698334,nodestore,4298,1.77,1.980868687024211,63336,63588
99.967698334,nodeapiserver,4294,3.02,1.980868687024211,353524,353928
99.967698334,nodescheduler,4266,0.6,0.9904343435121055,63232,63636
99.967698334,nodecontroller,4272,0.97,0.9904343435121055,128092,128500
99.967698334,nodelet,4429,2.28,3.961737374048422,99852,97798
99.967698334,nodeproxy,4625,0.01,0.0,51672,52156
99.967698334,containerd,3704,1.03,2.9713030305363164,94492,93145
99.967698334,flanneld,5249,0.12,0.0,48808,48992
99.967698334,coredns,4946,0.13,0.0,65836,42402
99.967698334,coredns,4956,0.12,0.0,65204,41902
100.97714601800001,nodestore,4298,1.79,1.9812814786744148,63336,63588
100.97714601800001,nodeapiserver,4294,3.06,3.9625629573488297,353524,353928
100.97714601800001,nodescheduler,4266,0.61,0.9906407393372074,63232,63636
100.97714601800001,nodecontroller,4272,0.99,1.9812814786744148,128092,128500
100.97714601800001,nodelet,4429,2.3,1.9812814786744148,99852,97798
100.97714601800001,nodeproxy,4625,0.01,0.0,51672,52156
100.97714601800001,containerd,3704,1.04,0.9906407393372074,94492,93145
100.97714601800001,flanneld,5249,0.12,0.0,48808,48992
100.97714601800001,coredns,4946,0.13,0.0,65836,42402
100.97714601800001,coredns,4956,0.12,0.0,65204,41902
101.986269171,nodestore,4298,1.8,0.9909593264480472,63336,63588
101.986269171,nodeapiserver,4294,3.08,1.9819186528960944,353524,353928
101.986269171,nodescheduler,4266,0.62,0.9909593264480472,63232,63636
101.986269171,nodecontroller,4272,0.99,0.0,128092,128500
101.986269171,nodelet,4429,2.31,0.9909593264480472,99852,97798
101.986269171,nodeproxy,4625,0.01,0.0,51672,52156
101.986269171,containerd,3704,1.04,0.0,94492,93145
101.986269171,flanneld,5249,0.12,0.0,48808,48992
101.986269171,coredns,4946,0.13,0.0,65836,42402
101.986269171,coredns,4956,0.12,0.0,65204,41902
102.99568901,nodestore,4298,1.81,0.9906680663128882,63336,63588
102.99568901,nodeapiserver,4294,3.11,2.9720041989386647,353524,353928
102.99568901,nodescheduler,4266,0.62,0.0,63232,63636
102.99568901,nodecontroller,4272,1.0,0.9906680663128882,128092,128500
102.99568901,nodelet,4429,2.32,0.9906680663128882,99852,97802
102.99568901,nodeproxy,4625,0.01,0.0,51672,52156
102.99568901,containerd,3704,1.05,0.9906680663128882,94492,93145
102.99568901,flanneld,5249,0.12,0.0,48808,48992
102.99568901,coredns,4946,0.13,0.0,65836,42402
102.99568901,coredns,4956,0.12,0.0,65204,41902
104.005639938,nodestore,4298,1.83,1.980294234652171,63336,63596
104.005639938,nodeapiserver,4294,3.13,1.980294234652171,353524,353928
104.005639938,nodescheduler,4266,0.62,0.0,63232,63636
104.005639938,nodecontroller,4272,1.0,0.0,128092,128500
104.005639938,nodelet,4429,2.37,4.950735586630428,99852,97818
104.005639938,nodeproxy,4625,0.01,0.0,51672,52156
104.005639938,containerd,3704,1.06,0.9901471173260855,94492,93149
104.005639938,flanneld,5249,0.13,0.9901471173260855,48808,48992
104.005639938,coredns,4946,0.13,0.0,65836,42402
104.005639938,coredns,4956,0.12,0.0,65204,41902
105.01512940699999,nodestore,4298,1.85,1.981199469055605,63336,63596
105.01512940699999,nodeapiserver,4294,3.16,2.9717992035834073,353524,353928
105.01512940699999,nodescheduler,4266,0.63,0.9905997345278025,63232,63636
105.01512940699999,nodecontroller,4272,1.01,0.9905997345278025,128092,128500
105.01512940699999,nodelet,4429,2.37,0.0,99852,97818
105.01512940699999,nodeproxy,4625,0.01,0.0,51672,52156
105.01512940699999,containerd,3704,1.07,0.9905997345278025,94492,93149
105.01512940699999,flanneld,5249,0.13,0.0,48808,48992
105.01512940699999,coredns,4946,0.14,0.9905997345278025,65836,42402
105.01512940699999,coredns,4956,0.12,0.0,65204,41902
106.02421659699999,nodestore,4298,1.86,0.9909946433865616,63336,63596
106.02421659699999,nodeapiserver,4294,3.2,3.9639785735462465,353524,353932
106.02421659699999,nodescheduler,4266,0.63,0.0,63232,63636
106.02421659699999,nodecontroller,4272,1.03,1.9819892867731232,128092,128500
106.02421659699999,nodelet,4429,2.39,1.9819892867731232,99852,97822
106.02421659699999,nodeproxy,4625,0.01,0.0,51672,52156
106.02421659699999,containerd,3704,1.08,0.9909946433865616,94492,93149
106.02421659699999,flanneld,5249,0.13,0.0,48808,48992
106.02421659699999,coredns,4946,0.14,0.0,65836,42402
106.02421659699999,coredns,4956,0.12,0.0,65204,41902
107.033457427,nodestore,4298,1.88,1.9816875621252659,63336,63596
107.033457427,nodeapiserver,4294,3.21,0.9908437810626329,353524,353932
107.033457427,nodescheduler,4266,0.64,0.9908437810626329,63232,63636
107.033457427,nodecontroller,4272,1.04,0.9908437810626329,128092,128500
107.033457427,nodelet,4429,2.41,1.9816875621252659,99852,97826
107.033457427,nodeproxy,4625,0.01,0.0,51672,52156
107.033457427,containerd,3704,1.09,0.9908437810626329,94492,93149
107.033457427,flanneld,5249,0.13,0.0,48808,48992
107.033457427,coredns,4946,0.14,0.0,65836,42402
107.033457427,coredns,4956,0.12,0.0,65204,41902
108.04274993300001,nodestore,4298,1.89,0.9907930496414403,63336,63596
108.04274993300001,nodeapiserver,4294,3.25,3.9631721985657613,353524,353932
108.04274993300001,nodescheduler,4266,0.64,0.0,63232,63636
108.04274993300001,nodecontroller,4272,1.05,0.9907930496414403,128092,128504
108.04274993300001,nodelet,4429,2.43,1.9815860992828807,99852,97830
108.04274993300001,nodeproxy,4625,0.01,0.0,51672,52156
108.04274993300001,containerd,3704,1.09,0.0,94492,93149
108.04274993300001,flanneld,5249,0.13,0.0,48808,48992
108.04274993300001,coredns,4946,0.14,0.0,65836,42402
108.04274993300001,coredns,4956,0.12,0.0,65204,41902
109.052437653,nodestore,4298,1.91,1.980810462862739,63336,63600
109.052437653,nodeapiserver,4294,3.28,2.9712156942941084,353524,353932
109.052437653,nodescheduler,4266,0.65,0.9904052314313695,63232,63636
109.052437653,nodecontroller,4272,1.05,0.0,128092,128504
109.052437653,nodelet,4429,2.45,1.980810462862739,99852,97830
109.052437653,nodeproxy,4625,0.01,0.0,51672,52156
109.052437653,containerd,3704,1.09,0.0,94492,93149
109.052437653,flanneld,5249,0.13,0.0,48808,48992
109.052437653,coredns,4946,0.14,0.0,65836,42402
109.052437653,coredns,4956,0.13,0.9904052314313695,65204,41902
110.062327619,nodestore,4298,1.93,1.98041377509834,63336,63600
110.062327619,nodeapiserver,4294,3.31,2.97062066264751,353524,353932
110.062327619,nodescheduler,4266,0.65,0.0,63232,63636
110.062327619,nodecontroller,4272,1.06,0.99020688754917,128092,128504
110.062327619,nodelet,4429,2.51,5.94124132529502,99852,97834
110.062327619,nodeproxy,4625,0.01,0.0,51672,52156
110.062327619,containerd,3704,1.13,3.96082755019668,94492,93149
110.062327619,flanneld,5249,0.13,0.0,48808,48992
110.062327619,coredns,4946,0.14,0.0,65836,42402
110.062327619,coredns,4956,0.13,0.0,65204,41902
111.071792015,nodestore,4298,1.95,1.9812486779375258,63336,63600
111.071792015,nodeapiserver,4294,3.33,1.9812486779375258,353524,353932
111.071792015,nodescheduler,4266,0.66,0.9906243389687629,63232,63636
111.071792015,nodecontroller,4272,1.08,1.9812486779375258,128092,128504
111.071792015,nodelet,4429,2.53,1.9812486779375258,99852,97834
111.071792015,nodeproxy,4625,0.01,0.0,51672,52156
111.071792015,containerd,3704,1.14,0.9906243389687629,94492,93149
111.071792015,flanneld,5249,0.13,0.0,48808,48992
111.071792015,coredns,4946,0.14,0.0,65836,42402
111.071792015,coredns,4956,0.13,0.0,65204,41902
112.081241965,nodestore,4298,1.96,0.9906385155598809,63336,63604
112.081241965,nodeapiserver,4294,3.36,2.9719155466796425,353524,353936
112.081241965,nodescheduler,4266,0.66,0.0,63232,63640
112.081241965,nodecontroller,4272,1.08,0.0,128092,128504
112.081241965,nodelet,4429,2.54,0.9906385155598809,99852,97834
112.081241965,nodeproxy,4625,0.01,0.0,51672,52156
112.081241965,containerd,3704,1.15,0.9906385155598809,94492,93149
112.081241965,flanneld,5249,0.13,0.0,48808,48992
112.081241965,coredns,4946,0.15,0.9906385155598809,65836,42402
112.081241965,coredns,4956,0.13,0.0,65204,41902
113.090638542,nodestore,4298,1.97,0.990690896705914,63336,63612
113.090638542,nodeapiserver,4294,3.39,2.972072690117742,353524,353936
113.090638542,nodescheduler,4266,0.67,0.990690896705914,63232,63640
113.090638542,nodecontroller,4272,1.09,0.990690896705914,128092,128504
113.090638542,nodelet,4429,2.55,0.990690896705914,99852,97834
113.090638542,nodeproxy,4625,0.01,0.0,51672,52156
113.090638542,containerd,3704,1.15,0.0,94492,93149
113.090638542,flanneld,5249,0.13,0.0,48808,48992
113.090638542,coredns,4946,0.15,0.0,65836,42402
113.090638542,coredns,4956,0.13,0.0,65204,41902
114.09996380000001,nodestore,4298,1.99,1.9815217980009807,63336,63612
114.09996380000001,nodeapiserver,4294,3.41,1.9815217980009807,353524,353936
114.09996380000001,nodescheduler,4266,0.68,0.9907608990004904,63232,63640
114.09996380000001,nodecontroller,4272,1.1,0.9907608990004904,128092,128504
114.09996380000001,nodelet,4429,2.57,1.9815217980009807,99852,97834
114.09996380000001,nodeproxy,4625,0.01,0.0,51672,52156
114.09996380000001,containerd,3704,1.17,1.9815217980009807,94492,93149
114.09996380000001,flanneld,5249,0.14,0.9907608990004904,48808,48996
114.09996380000001,coredns,4946,0.15,0.0,65836,42402
114.09996380000001,coredns,4956,0.13,0.0,65204,41902
115.11023928899999,nodestore,4298,1.99,0.0,63336,63612
115.11023928899999,nodeapiserver,4294,3.44,2.96948706829416,353524,353936
115.11023928899999,nodescheduler,4266,0.68,0.0,63232,63640
115.11023928899999,nodecontroller,4272,1.1,0.0,128092,128504
115.11023928899999,nodelet,4429,2.58,0.9898290227647201,99852,97834
115.11023928899999,nodeproxy,4625,0.01,0.0,51672,52156
115.11023928899999,containerd,3704,1.18,0.9898290227647201,94492,93149
115.11023928899999,flanneld,5249,0.14,0.0,48808,48996
115.11023928899999,coredns,4946,0.15,0.0,65836,42402
115.11023928899999,coredns,4956,0.14,0.9898290227647201,65204,41902
116.119681391,nodestore,4298,2.02,2.971938652109019,63336,63616
116.119681391,nodeapiserver,4294,3.47,2.971938652109019,353524,353936
116.119681391,nodescheduler,4266,0.69,0.9906462173696731,63232,63640
116.119681391,nodecontroller,4272,1.12,1.9812924347393461,128092,128504
116.119681391,nodelet,4429,2.6,1.9812924347393461,99852,97834
116.119681391,nodeproxy,4625,0.01,0.0,51672,52156
116.119681391,containerd,3704,1.19,0.9906462173696731,94492,93149
116.119681391,flanneld,5249,0.14,0.0,48808,48996
116.119681391,coredns,4946,0.15,0.0,65836,42402
116.119681391,coredns,4956,0.14,0.0,65204,41902
117.128820843,nodestore,4298,2.03,0.9909433210822488,63336,63620
117.128820843,nodeapiserver,4294,3.49,1.9818866421644976,353524,353936
117.128820843,nodescheduler,4266,0.69,0.0,63232,63640
117.128820843,nodecontroller,4272,1.13,0.9909433210822488,128092,128504
117.128820843,nodelet,4429,2.62,1.9818866421644976,99980,97842
117.128820843,nodeproxy,4625,0.01,0.0,51672,52156
117.128820843,containerd,3704,1.19,0.0,94492,93149
117.128820843,flanneld,5249,0.14,0.0,48808,48996
117.128820843,coredns,4946,0.15,0.0,65836,42402
117.128820843,coredns,4956,0.14,0.0,65204,41902
118.13856995,nodestore,4298,2.05,1.9806900408578334,63336,63628
118.13856995,nodeapiserver,4294,3.52,2.97103506128675,353524,353936
118.13856995,nodescheduler,4266,0.69,0.0,63232,63640
118.13856995,nodecontroller,4272,1.13,0.0,128092,128504
118.13856995,nodelet,4429,2.64,1.9806900408578334,99980,97842
118.13856995,nodeproxy,4625,0.01,0.0,51672,52156
118.13856995,containerd,3704,1.19,0.0,94492,93149
118.13856995,flanneld,5249,0.14,0.0,48808,48996
118.13856995,coredns,4946,0.15,0.0,65836,42402
118.13856995,coredns,4956,0.14,0.0,65204,41902
119.14797282500001,nodestore,4298,2.07,1.981369430912298,63336,63628
119.14797282500001,nodeapiserver,4294,3.55,2.9720541463684467,353524,353936
119.14797282500001,nodescheduler,4266,0.7,0.990684715456149,63232,63640
119.14797282500001,nodecontroller,4272,1.16,2.9720541463684467,125376,125632
119.14797282500001,nodelet,4429,2.68,3.962738861824596,99980,97846
119.14797282500001,nodeproxy,4625,0.01,0.0,51672,52156
119.14797282500001,containerd,3704,1.21,1.981369430912298,94492,93149
119.14797282500001,flanneld,5249,0.15,0.990684715456149,48808,49000
119.14797282500001,coredns,4946,0.15,0.0,65836,42402
119.14797282500001,coredns,4956,0.14,0.0,65204,41910
120.157161844,nodestore,4298,2.08,0.9908946502320293,63336,63628
120.157161844,nodeapiserver,4294,3.57,1.9817893004640585,353524,353936
120.157161844,nodescheduler,4266,0.71,0.9908946502320293,63232,63640
120.157161844,nodecontroller,4272,1.16,0.0,125376,125632
120.157161844,nodelet,4429,2.73,4.954473251160146,99980,97846
120.157161844,nodeproxy,4625,0.01,0.0,51672,52156
120.157161844,containerd,3704,1.23,1.9817893004640585,94492,93149
120.157161844,flanneld,5249,0.15,0.0,48808,49000
120.157161844,coredns,4946,0.15,0.0,65836,42402
120.157161844,coredns,4956,0.14,0.0,65332,41974
121.166413347,nodestore,4298,2.1,1.9816666054546335,63336,63632
121.166413347,nodeapiserver,4294,3.6,2.9724999081819505,353524,353936
121.166413347,nodescheduler,4266,0.71,0.0,63232,63640
121.166413347,nodecontroller,4272,1.18,1.9816666054546335,125376,125632
121.166413347,nodelet,4429,2.75,1.9816666054546335,99980,97846
121.166413347,nodeproxy,4625,0.01,0.0,51672,52156
121.166413347,containerd,3704,1.23,0.0,94492,93149
121.166413347,flanneld,5249,0.15,0.0,48808,49000
121.166413347,coredns,4946,0.15,0.0,65836,42402
121.166413347,coredns,4956,0.14,0.0,65332,41974
122.17600209899999,nodestore,4298,2.12,1.9810046378171515,63336,63632
122.17600209899999,nodeapiserver,4294,3.63,2.9715069567257273,353524,353936
122.17600209899999,nodescheduler,4266,0.72,0.9905023189085758,63232,63640
122.17600209899999,nodecontroller,4272,1.19,0.9905023189085758,125376,125632
122.17600209899999,nodelet,4429,2.76,0.9905023189085758,99980,97846
122.17600209899999,nodeproxy,4625,0.02,0.9905023189085758,51672,52156
122.17600209899999,containerd,3704,1.24,0.9905023189085758,94492,93149
122.17600209899999,flanneld,5249,0.15,0.0,48808,49000
122.17600209899999,coredns,4946,0.16,0.9905023189085758,65836,42402
122.17600209899999,coredns,4956,0.14,0.0,65332,41974
123.186054853,nodestore,4298,2.14,1.9800945961283638,63336,63632
123.186054853,nodeapiserver,4294,3.65,1.9800945961283638,353524,353936
123.186054853,nodescheduler,4266,0.72,0.0,63232,63640
123.186054853,nodecontroller,4272,1.19,0.0,125376,125632
123.186054853,nodelet,4429,2.78,1.9800945961283638,99980,97846
123.186054853,nodeproxy,4625,0.02,0.0,51672,52156
123.186054853,containerd,3704,1.25,0.9900472980641819,94492,93153
123.186054853,flanneld,5249,0.15,0.0,48808,49000
123.186054853,coredns,4946,0.16,0.0,65836,42402
123.186054853,coredns,4956,0.14,0.0,65332,41974
124.19556076200001,nodestore,4298,2.15,0.9905836024185056,63336,63640
124.19556076200001,nodeapiserver,4294,3.69,3.9623344096740225,353524,353936
124.19556076200001,nodescheduler,4266,0.72,0.0,63232,63644
124.19556076200001,nodecontroller,4272,1.2,0.9905836024185056,125376,125632
124.19556076200001,nodelet,4429,2.79,0.9905836024185056,99980,97850
124.19556076200001,nodeproxy,4625,0.02,0.0,51672,52156
124.19556076200001,containerd,3704,1.26,0.9905836024185056,94492,93153
124.19556076200001,flanneld,5249,0.15,0.0,48808,49004
124.19556076200001,coredns,4946,0.16,0.0,65836,42402
124.19556076200001,coredns,4956,0.15,0.9905836024185056,65332,41974
125.204949376,nodestore,4298,2.17,1.9813974244017216,63336,63640
125.204949376,nodeapiserver,4294,3.7,0.9906987122008608,353524,353936
125.204949376,nodescheduler,4266,0.73,0.9906987122008608,63232,63644
125.204949376,nodecontroller,4272,1.22,1.9813974244017216,125376,125632
125.204949376,nodelet,4429,2.8,0.9906987122008608,99980,97850
125.204949376,nodeproxy,4625,0.02,0.0,51672,52156
125.204949376,containerd,3704,1.28,1.9813974244017216,94492,93165
125.204949376,flanneld,5249,0.15,0.0,48808,49004
125.204949376,coredns,4946,0.16,0.0,65836,42402
125.204949376,coredns,4956,0.15,0.0,65332,41974
126.214308303,nodestore,4298,2.18,0.9907278503715122,63336,63640
126.214308303,nodeapiserver,4294,3.74,3.962911401486049,353524,353936
126.214308303,nodescheduler,4266,0.74,0.9907278503715122,63232,63644
126.214308303,nodecontroller,4272,1.22,0.0,125376,125632
126.214308303,nodelet,4429,2.84,3.962911401486049,99980,97858
126.214308303,nodeproxy,4625,0.02,0.0,51672,52156
126.214308303,containerd,3704,1.28,0.0,94492,93165
126.214308303,flanneld,5249,0.15,0.0,48808,49004
126.214308303,coredns,4946,0.17,0.9907278503715122,65836,42402
126.214308303,coredns,4956,0.15,0.0,65332,41974
127.224221753,nodestore,4298,2.19,0.9901838617952864,63336,63640
127.224221753,nodeapiserver,4294,3.76,1.9803677235905728,353524,353936
127.224221753,nodescheduler,4266,0.75,0.9901838617952864,63232,63648
127.224221753,nodecontroller,4272,1.23,0.9901838617952864,125376,125632
127.224221753,nodelet,4429,2.85,0.9901838617952864,99980,97862
127.224221753,nodeproxy,4625,0.02,0.0,51672,52156
127.224221753,containerd,3704,1.3,1.9803677235905728,94492,93165
127.224221753,flanneld,5249,0.15,0.0,48808,49004
127.224221753,coredns,4946,0.17,0.0,65836,42402
127.224221753,coredns,4956,0.15,0.0,65332,41974
128.233676004,nodestore,4298,2.23,3.9625371789137414,63336,63644
128.233676004,nodeapiserver,4294,3.81,4.953171473642177,353524,353936
128.233676004,nodescheduler,4266,0.75,0.0,63232,63648
128.233676004,nodecontroller,4272,1.24,0.9906342947284353,125376,125632
128.233676004,nodelet,4429,2.87,1.9812685894568707,99980,97862
128.233676004,nodeproxy,4625,0.02,0.0,51672,52156
128.233676004,containerd,3704,1.3,0.0,94492,93169
128.233676004,flanneld,5249,0.15,0.0,48808,49004
128.233676004,coredns,4946,0.17,0.0,65836,42402
128.233676004,coredns,4956,0.15,0.0,65332,41978
129.243203373,nodestore,4298,2.24,0.9905625451150981,63336,63644
129.243203373,nodeapiserver,4294,3.83,1.9811250902301962,353524,353936
129.243203373,nodescheduler,4266,0.75,0.0,63232,63648
129.243203373,nodecontroller,4272,1.25,0.9905625451150981,125376,125632
129.243203373,nodelet,4429,2.9,2.9716876353452943,99980,97862
129.243203373,nodeproxy,4625,0.02,0.0,51672,52156
129.243203373,containerd,3704,1.31,0.9905625451150981,94492,93169
129.243203373,flanneld,5249,0.16,0.9905625451150981,48808,49016
129.243203373,coredns,4946,0.17,0.0,65836,42402
129.243203373,coredns,4956,0.15,0.0,65332,41978
130.253350362,nodestore,4298,2.25,0.9899549381322841,63336,63644
130.253350362,nodeapiserver,4294,3.86,2.969864814396852,353524,353936
130.253350362,nodescheduler,4266,0.76,0.9899549381322841,63232,63648
130.253350362,nodecontroller,4272,1.26,0.9899549381322841,125376,125632
130.253350362,nodelet,4429,2.95,4.94977469066142,99980,97890
130.253350362,nodeproxy,4625,0.02,0.0,51672,52156
130.253350362,containerd,3704,1.33,1.9799098762645682,94492,93173
130.253350362,flanneld,5249,0.16,0.0,48808,49016
130.253350362,coredns,4946,0.17,0.0,65836,42402
130.253350362,coredns,4956,0.15,0.0,65332,41978
131.262796895,nodestore,4298,2.27,1.9812837377885848,63336,63644
131.262796895,nodeapiserver,4294,3.89,2.971925606682877,353524,353936
131.262796895,nodescheduler,4266,0.77,0.9906418688942924,63232,63648
131.262796895,nodecontroller,4272,1.26,0.0,125376,125632
131.262796895,nodelet,4429,2.99,3.9625674755771696,99980,97894
131.262796895,nodeproxy,4625,0.02,0.0,51672,52156
131.262796895,containerd,3704,1.34,0.9906418688942924,94492,93173
131.262796895,flanneld,5249,0.16,0.0,48808,49016
131.262796895,coredns,4946,0.17,0.0,65836,42402
131.262796895,coredns,4956,0.15,0.0,65332,41978
132.273085699,nodestore,4298,2.29,1.9796319548246757,63336,63648
132.273085699,nodeapiserver,4294,3.92,2.9694479322370135,353524,353936
132.273085699,nodescheduler,4266,0.78,0.9898159774123378,65376,65712
132.273085699,nodecontroller,4272,1.28,1.9796319548246757,125376,125632
132.273085699,nodelet,4429,3.01,1.9796319548246757,99980,97894
132.273085699,nodeproxy,4625,0.02,0.0,51672,52156
132.273085699,containerd,3704,1.35,0.9898159774123378,94492,93173
132.273085699,flanneld,5249,0.16,0.0,48808,49016
132.273085699,coredns,4946,0.17,0.0,65836,42402
132.273085699,coredns,4956,0.15,0.0,65332,41978
133.283080911,nodestore,4298,2.3,0.9901037035807188,63336,63648
133.283080911,nodeapiserver,4294,3.94,1.9802074071614375,353524,353936
133.283080911,nodescheduler,4266,0.8,1.9802074071614375,65376,65712
133.283080911,nodecontroller,4272,1.28,0.0,125376,125632
133.283080911,nodelet,4429,3.02,0.9901037035807188,99980,97894
133.283080911,nodeproxy,4625,0.02,0.0,51672,52156
133.283080911,containerd,3704,1.35,0.0,94492,93173
133.283080911,flanneld,5249,0.16,0.0,48808,49016
133.283080911,coredns,4946,0.17,0.0,65836,42402
133.283080911,coredns,4956,0.15,0.0,65332,41978
134.292458476,nodestore,4298,2.32,1.9814191134711931,63336,63648
134.292458476,nodeapiserver,4294,3.98,3.9628382269423863,353524,353936
134.292458476,nodescheduler,4266,0.8,0.0,65376,65712
134.292458476,nodecontroller,4272,1.29,0.9907095567355966,125376,125632
134.292458476,nodelet,4429,3.04,1.9814191134711931,99980,97898
134.292458476,nodeproxy,4625,0.02,0.0,51672,52156
134.292458476,containerd,3704,1.36,0.9907095567355966,94492,93173
134.292458476,flanneld,5249,0.16,0.0,48116,48260
134.292458476,coredns,4946,0.17,0.0,65836,42402
134.292458476,coredns,4956,0.16,0.9907095567355966,65332,41978
135.301912497,nodestore,4298,2.33,0.9906345204404489,63336,63656
135.301912497,nodeapiserver,4294,4.01,2.9719035613213465,353524,353940
135.301912497,nodescheduler,4266,0.81,0.9906345204404489,65376,65712
135.301912497,nodecontroller,4272,1.32,2.9719035613213465,125376,125632
135.301912497,nodelet,4429,3.06,1.9812690408808977,99980,97898
135.301912497,nodeproxy,4625,0.02,0.0,51672,52156
135.301912497,containerd,3704,1.38,1.9812690408808977,94492,93177
135.301912497,flanneld,5249,0.16,0.0,48116,48260
135.301912497,coredns,4946,0.17,0.0,65836,42402
135.301912497,coredns,4956,0.16,0.0,65332,41978
136.31256764,nodestore,4298,2.35,1.9789143842510322,63336,63668
136.31256764,nodeapiserver,4294,4.05,3.9578287685020643,353524,353940
136.31256764,nodescheduler,4266,0.81,0.0,65376,65712
136.31256764,nodecontroller,4272,1.34,1.9789143842510322,125376,125632
136.31256764,nodelet,4429,3.08,1.9789143842510322,99980,97898
136.31256764,nodeproxy,4625,0.02,0.0,51672,52156
136.31256764,containerd,3704,1.38,0.0,94492,93177
136.31256764,flanneld,5249,0.16,0.0,48116,48260
136.31256764,coredns,4946,0.18,0.9894571921255161,65836,42402
136.31256764,coredns,4956,0.16,0.0,65332,41978
137.321882446,nodestore,4298,2.37,1.9815423177295748,63336,63668
137.321882446,nodeapiserver,4294,4.07,1.9815423177295748,353524,353944
137.321882446,nodescheduler,4266,0.81,0.0,65376,65712
137.321882446,nodecontroller,4272,1.35,0.9907711588647874,125376,125632
137.321882446,nodelet,4429,3.1,1.9815423177295748,99980,97898
137.321882446,nodeproxy,4625,0.02,0.0,51672,52156
137.321882446,containerd,3704,1.39,0.9907711588647874,94492,93177
137.321882446,flanneld,5249,0.16,0.0,48116,48260
137.321882446,coredns,4946,0.18,0.0,65836,42402
137.321882446,coredns,4956,0.16,0.0,65332,41978
138.331123569,nodestore,4298,2.39,1.9816869868073945,63336,63676
138.331123569,nodeapiserver,4294,4.1,2.9725304802110917,353524,353948
138.331123569,nodescheduler,4266,0.82,0.9908434934036973,65376,65712
138.331123569,nodecontroller,4272,1.35,0.0,125376,125632
138.331123569,nodelet,4429,3.12,1.9816869868073945,99980,97898
138.331123569,nodeproxy,4625,0.02,0.0,51672,52156
138.331123569,containerd,3704,1.4,0.9908434934036973,94492,93177
138.331123569,flanneld,5249,0.16,0.0,48116,48260
138.331123569,coredns,4946,0.18,0.0,65836,42402
138.331123569,coredns,4956,0.16,0.0,65332,41978
139.34072912800002,nodestore,4298,2.41,1.9809716598439973,63336,63676
139.34072912800002,nodeapiserver,4294,4.13,2.9714574897659958,353524,353948
139.34072912800002,nodescheduler,4266,0.82,0.0,65376,65712
139.34072912800002,nodecontroller,4272,1.36,0.9904858299219986,125376,125632
139.34072912800002,nodelet,4429,3.16,3.9619433196879945,99980,97898
139.34072912800002,nodeproxy,4625,0.02,0.0,51672,52156
139.34072912800002,containerd,3704,1.42,1.9809716598439973,94492,93181
139.34072912800002,flanneld,5249,0.17,0.9904858299219986,48116,48260
139.34072912800002,coredns,4946,0.18,0.0,65836,42402
139.34072912800002,coredns,4956,0.17,0.9904858299219986,65332,41978
140.350577301,nodestore,4298,2.42,0.9902478676861789,63336,63684
140.350577301,nodeapiserver,4294,4.15,1.9804957353723578,353524,353948
140.350577301,nodescheduler,4266,0.83,0.9902478676861789,65376,65712
140.350577301,nodecontroller,4272,1.37,0.9902478676861789,125376,125632
140.350577301,nodelet,4429,3.2,3.9609914707447156,99980,97910
140.350577301,nodeproxy,4625,0.02,0.0,51672,52156
140.350577301,containerd,3704,1.44,1.9804957353723578,94492,93217
140.350577301,flanneld,5249,0.17,0.0,48116,48260
140.350577301,coredns,4946,0.18,0.0,65836,42402
140.350577301,coredns,4956,0.17,0.0,65332,41978
141.360207985,nodestore,4298,2.44,1.980922362696336,63336,63684
141.360207985,nodeapiserver,4294,4.18,2.971383544044504,353524,353948
141.360207985,nodescheduler,4266,0.83,0.0,65376,65712
141.360207985,nodecontroller,4272,1.39,1.980922362696336,125376,125640
141.360207985,nodelet,4429,3.22,1.980922362696336,99980,97910
141.360207985,nodeproxy,4625,0.02,0.0,51672,52156
141.360207985,containerd,3704,1.44,0.0,94492,93217
141.360207985,flanneld,5249,0.17,0.0,48116,48260
141.360207985,coredns,4946,0.18,0.0,65836,42402
141.360207985,coredns,4956,0.17,0.0,65332,41978
142.369703443,nodestore,4298,2.45,0.9905938576298147,63336,63684
142.369703443,nodeapiserver,4294,4.21,2.971781572889444,353524,353948
142.369703443,nodescheduler,4266,0.85,1.9811877152596293,65376,65712
142.369703443,nodecontroller,4272,1.39,0.0,125376,125640
142.369703443,nodelet,4429,3.22,0.0,99980,97910
142.369703443,nodeproxy,4625,0.02,0.0,51672,52156
142.369703443,containerd,3704,1.45,0.9905938576298147,94492,93217
142.369703443,flanneld,5249,0.17,0.0,48116,48260
142.369703443,coredns,4946,0.18,0.0,65836,42406
142.369703443,coredns,4956,0.17,0.0,65332,41978
143.379361597,nodestore,4298,2.47,1.9808684672891348,63336,63684
143.379361597,nodeapiserver,4294,4.23,1.9808684672891348,353524,353948
143.379361597,nodescheduler,4266,0.85,0.0,65376,65712
143.379361597,nodecontroller,4272,1.4,0.9904342336445674,125376,125640
143.379361597,nodelet,4429,3.24,1.9808684672891348,99980,97910
143.379361597,nodeproxy,4625,0.02,0.0,51672,52156
143.379361597,containerd,3704,1.46,0.9904342336445674,94492,93217
143.379361597,flanneld,5249,0.17,0.0,48116,48260
143.379361597,coredns,4946,0.18,0.0,65836,42406
143.379361597,coredns,4956,0.17,0.0,65332,41978
144.389045743,nodestore,4298,2.48,0.9904087371893984,63336,63684
144.389045743,nodeapiserver,4294,4.27,3.9616349487575935,353524,353948
144.389045743,nodescheduler,4266,0.86,0.9904087371893984,65376,65712
144.389045743,nodecontroller,4272,1.41,0.9904087371893984,125376,125644
144.389045743,nodelet,4429,3.26,1.9808174743787967,99980,97914
144.389045743,nodeproxy,4625,0.02,0.0,51672,52156
144.389045743,containerd,3704,1.47,0.9904087371893984,94492,93217
144.389045743,flanneld,5249,0.18,0.9904087371893984,48116,48260
144.389045743,coredns,4946,0.18,0.0,65836,42406
144.389045743,coredns,4956,0.17,0.0,65332,41978
145.39921138900002,nodestore,4298,2.49,0.989936654408837,63336,63688
145.39921138900002,nodeapiserver,4294,4.29,1.979873308817674,353524,353948
145.39921138900002,nodescheduler,4266,0.86,0.0,65376,65712
145.39921138900002,nodecontroller,4272,1.41,0.0,125376,125644
145.39921138900002,nodelet,4429,3.28,1.979873308817674,99980,97914
145.39921138900002,nodeproxy,4625,0.02,0.0,51672,52156
145.39921138900002,containerd,3704,1.48,0.989936654408837,94492,93217
145.39921138900002,flanneld,5249,0.18,0.0,48116,48260
145.39921138900002,coredns,4946,0.18,0.0,65836,42406
145.39921138900002,coredns,4956,0.17,0.0,65332,41978
146.40869452700002,nodestore,4298,2.51,1.981211894200045,63336,63688
146.40869452700002,nodeapiserver,4294,4.31,1.981211894200045,353524,353948
146.40869452700002,nodescheduler,4266,0.87,0.9906059471000225,65376,65712
146.40869452700002,nodecontroller,4272,1.42,0.9906059471000225,125376,125644
146.40869452700002,nodelet,4429,3.29,0.9906059471000225,99980,97918
146.40869452700002,nodeproxy,4625,0.02,0.0,51672,52156
146.40869452700002,containerd,3704,1.49,0.9906059471000225,94492,93217
146.40869452700002,flanneld,5249,0.18,0.0,48116,48260
146.40869452700002,coredns,4946,0.19,0.9906059471000225,65836,42406
146.40869452700002,coredns,4956,0.17,0.0,65332,41978
147.420332352,nodestore,4298,2.53,1.976992111776801,63336,63688
147.420332352,nodeapiserver,4294,4.34,2.965488167665202,353524,353948
147.420332352,nodescheduler,4266,0.87,0.0,65376,65712
147.420332352,nodecontroller,4272,1.43,0.9884960558884005,125376,125644
147.420332352,nodelet,4429,3.32,2.965488167665202,99980,97922
147.420332352,nodeproxy,4625,0.02,0.0,51672,52156
147.420332352,containerd,3704,1.5,0.9884960558884005,94492,93217
147.420332352,flanneld,5249,0.18,0.0,48116,48260
147.420332352,coredns,4946,0.19,0.0,65836,42406
147.420332352,coredns,4956,0.17,0.0,65332,41978
148.432277592,nodestore,4298,2.54,0.9881957644269479,63336,63688
148.432277592,nodeapiserver,4294,4.37,2.9645872932808435,353524,353948
148.432277592,nodescheduler,4266,0.87,0.0,65376,65712
148.432277592,nodecontroller,4272,1.45,1.9763915288538958,125376,125644
148.432277592,nodelet,4429,3.34,1.9763915288538958,99980,97922
148.432277592,nodeproxy,4625,0.02,0.0,51672,52156
148.432277592,containerd,3704,1.5,0.0,94492,93217
148.432277592,flanneld,5249,0.18,0.0,48116,48260
148.432277592,coredns,4946,0.19,0.0,65836,42406
148.432277592,coredns,4956,0.17,0.0,65332,41978
149.441727995,nodestore,4298,2.56,1.9812761420037464,63336,63692
149.441727995,nodeapiserver,4294,4.39,1.9812761420037464,353524,353952
149.441727995,nodescheduler,4266,0.88,0.9906380710018732,65376,65712
149.441727995,nodecontroller,4272,1.46,0.9906380710018732,125376,125644
149.441727995,nodelet,4429,3.37,2.9719142130056198,99980,97926
149.441727995,nodeproxy,4625,0.02,0.0,51672,52156
149.441727995,containerd,3704,1.52,1.9812761420037464,94492,93221
149.441727995,flanneld,5249,0.18,0.0,48116,48260
149.441727995,coredns,4946,0.19,0.0,65836,42406
149.441727995,coredns,4956,0.17,0.0,65332,41978
150.45128016,nodestore,4298,2.58,1.9810764310529663,63336,63692
150.45128016,nodeapiserver,4294,4.42,2.9716146465794493,353524,353952
150.45128016,nodescheduler,4266,0.89,0.9905382155264831,65376,65712
150.45128016,nodecontroller,4272,1.46,0.0,125376,125644
150.45128016,nodelet,4429,3.41,3.9621528621059325,99980,97934
150.45128016,nodeproxy,4625,0.02,0.0,51672,52156
150.45128016,containerd,3704,1.53,0.9905382155264831,94492,93221
150.45128016,flanneld,5249,0.18,0.0,48116,48260
150.45128016,coredns,4946,0.2,0.9905382155264831,65836,42410
150.45128016,coredns,4956,0.17,0.0,65332,41978
151.46110064700002,nodestore,4298,2.59,0.9902750170684416,63336,63692
151.46110064700002,nodeapiserver,4294,4.44,1.9805500341368831,353524,353952
151.46110064700002,nodescheduler,4266,0.9,0.9902750170684416,65376,65716
151.46110064700002,nodecontroller,4272,1.47,0.9902750170684416,125376,125644
151.46110064700002,nodelet,4429,3.43,1.9805500341368831,99980,97942
151.46110064700002,nodeproxy,4625,0.02,0.0,51672,52156
151.46110064700002,containerd,3704,1.54,0.9902750170684416,94492,93221
151.46110064700002,flanneld,5249,0.18,0.0,48116,48260
151.46110064700002,coredns,4946,0.2,0.0,65836,42410
151.46110064700002,coredns,4956,0.18,0.9902750170684416,65332,41978
152.470530725,nodestore,4298,2.6,0.9906580176225143,63336,63696
152.470530725,nodeapiserver,4294,4.47,2.9719740528675427,353524,353952
152.470530725,nodescheduler,4266,0.9,0.0,65376,65716
152.470530725,nodecontroller,4272,1.48,0.9906580176225143,125376,125644
152.470530725,nodelet,4429,3.44,0.9906580176225143,99980,97946
152.470530725,nodeproxy,4625,0.02,0.0,51672,52156
152.470530725,containerd,3704,1.55,0.9906580176225143,94492,93221
152.470530725,flanneld,5249,0.18,0.0,48116,48260
152.470530725,coredns,4946,0.2,0.0,65836,42410
152.470530725,coredns,4956,0.18,0.0,65332,41978
153.48020580999997,nodestore,4298,2.62,1.9808352505797058,63336,63696
153.48020580999997,nodeapiserver,4294,4.49,1.9808352505797058,353524,353952
153.48020580999997,nodescheduler,4266,0.91,0.9904176252898529,65376,65716
153.48020580999997,nodecontroller,4272,1.48,0.0,125376,125644
153.48020580999997,nodelet,4429,3.47,2.9712528758695584,99980,97946
153.48020580999997,nodeproxy,4625,0.02,0.0,51672,52156
153.48020580999997,containerd,3704,1.56,0.9904176252898529,94492,93221
153.48020580999997,flanneld,5249,0.18,0.0,48116,48260
153.48020580999997,coredns,4946,0.2,0.0,65836,42410
153.48020580999997,coredns,4956,0.18,0.0,65332,41978
154.48987622099997,nodestore,4298,2.64,1.9808444203283642,63336,63700
154.48987622099997,nodeapiserver,4294,4.52,2.9712666304925466,353524,353956
154.48987622099997,nodescheduler,4266,0.91,0.0,65376,65716
154.48987622099997,nodecontroller,4272,1.49,0.9904222101641821,125376,125644
154.48987622099997,nodelet,4429,3.49,1.9808444203283642,99980,97950
154.48987622099997,nodeproxy,4625,0.02,0.0,51672,52156
154.48987622099997,containerd,3704,1.59,2.9712666304925466,94492,93221
154.48987622099997,flanneld,5249,0.18,0.0,48116,48260
154.48987622099997,coredns,4946,0.2,0.0,65836,42410
154.48987622099997,coredns,4956,0.18,0.0,65332,41978
155.499485584,nodestore,4298,2.65,0.9904820979755139,63336,63700
155.499485584,nodeapiserver,4294,4.55,2.9714462939265416,353524,353956
155.499485584,nodescheduler,4266,0.92,0.9904820979755139,65376,65716
155.499485584,nodecontroller,4272,1.5,0.9904820979755139,125376,125644
155.499485584,nodelet,4429,3.5,0.9904820979755139,99980,97950
155.499485584,nodeproxy,4625,0.02,0.0,51672,52156
155.499485584,containerd,3704,1.59,0.0,94492,93221
155.499485584,flanneld,5249,0.18,0.0,48116,48260
155.499485584,coredns,4946,0.2,0.0,65836,42410
155.499485584,coredns,4956,0.18,0.0,65332,41978
156.50890034999998,nodestore,4298,2.67,1.9813460901958635,63336,63700
156.50890034999998,nodeapiserver,4294,4.58,2.9720191352937952,353524,353956
156.50890034999998,nodescheduler,4266,0.92,0.0,65376,65716
156.50890034999998,nodecontroller,4272,1.51,0.9906730450979317,125376,125644
156.50890034999998,nodelet,4429,3.52,1.9813460901958635,99980,97950
156.50890034999998,nodeproxy,4625,0.02,0.0,51672,52156
156.50890034999998,containerd,3704,1.59,0.0,94492,93221
156.50890034999998,flanneld,5249,0.18,0.0,48116,48260
156.50890034999998,coredns,4946,0.2,0.0,65836,42410
156.50890034999998,coredns,4956,0.18,0.0,65332,41978
157.51829378399998,nodestore,4298,2.68,0.9906939814708531,63336,63704
157.51829378399998,nodeapiserver,4294,4.6,1.9813879629417062,353524,353956
157.51829378399998,nodescheduler,4266,0.93,0.9906939814708531,65376,65716
157.51829378399998,nodecontroller,4272,1.53,1.9813879629417062,125376,125644
157.51829378399998,nodelet,4429,3.54,1.9813879629417062,99980,97950
157.51829378399998,nodeproxy,4625,0.02,0.0,51672,52156
157.51829378399998,containerd,3704,1.61,1.9813879629417062,94492,93221
157.51829378399998,flanneld,5249,0.18,0.0,48116,48260
157.51829378399998,coredns,4946,0.2,0.0,65836,42410
157.51829378399998,coredns,4956,0.18,0.0,65332,41978
158.52798299900002,nodestore,4298,2.7,1.9808075299684431,63336,63708
158.52798299900002,nodeapiserver,4294,4.64,3.9616150599368862,353524,353960
158.52798299900002,nodescheduler,4266,0.93,0.0,65376,65716
158.52798299900002,nodecontroller,4272,1.53,0.0,125376,125644
158.52798299900002,nodelet,4429,3.55,0.9904037649842216,99980,97950
158.52798299900002,nodeproxy,4625,0.02,0.0,51672,52156
158.52798299900002,containerd,3704,1.61,0.0,94492,93225
158.52798299900002,flanneld,5249,0.18,0.0,48116,48260
158.52798299900002,coredns,4946,0.2,0.0,65836,42410
158.52798299900002,coredns,4956,0.19,0.9904037649842216,65332,41978
159.53744783000002,nodestore,4298,2.72,1.9812478241750604,63336,63708
159.53744783000002,nodeapiserver,4294,4.66,1.9812478241750604,353524,353960
159.53744783000002,nodescheduler,4266,0.93,0.0,65376,65716
159.53744783000002,nodecontroller,4272,1.54,0.9906239120875302,125376,125644
159.53744783000002,nodelet,4429,3.58,2.9718717362625906,99980,97958
159.53744783000002,nodeproxy,4625,0.02,0.0,51672,52156
159.53744783000002,containerd,3704,1.63,1.9812478241750604,94492,93233
159.53744783000002,flanneld,5249,0.19,0.9906239120875302,48116,48260
159.53744783000002,coredns,4946,0.2,0.0,65836,42410
159.53744783000002,coredns,4956,0.19,0.0,65332,41978
160.54683354500003,nodestore,4298,2.74,1.9814031150619016,63336,63712
160.54683354500003,nodeapiserver,4294,4.68,1.9814031150619016,353524,353960
160.54683354500003,nodescheduler,4266,0.94,0.9907015575309508,65376,65720
160.54683354500003,nodecontroller,4272,1.55,0.9907015575309508,125376,125644
160.54683354500003,nodelet,4429,3.64,5.944209345185705,99980,97958
160.54683354500003,nodeproxy,4625,0.02,0.0,51672,52156
160.54683354500003,containerd,3704,1.64,0.9907015575309508,94492,93233
160.54683354500003,flanneld,5249,0.19,0.0,48116,48260
160.54683354500003,coredns,4946,0.2,0.0,65836,42410
160.54683354500003,coredns,4956,0.19,0.0,65332,41978
161.55621145100002,nodestore,4298,2.75,0.9907092220423562,63336,63712
161.55621145100002,nodeapiserver,4294,4.71,2.9721276661270686,353524,353960
161.55621145100002,nodescheduler,4266,0.95,0.9907092220423562,65376,65720
161.55621145100002,nodecontroller,4272,1.55,0.0,125376,125644
161.55621145100002,nodelet,4429,3.65,0.9907092220423562,99980,97966
161.55621145100002,nodeproxy,4625,0.02,0.0,51672,52156
161.55621145100002,containerd,3704,1.65,0.9907092220423562,94628,93297
161.55621145100002,flanneld,5249,0.19,0.0,48116,48260
161.55621145100002,coredns,4946,0.2,0.0,65836,42410
161.55621145100002,coredns,4956,0.19,0.0,65332,41978
162.56567588399997,nodestore,4298,2.77,1.98124860531872,63336,63720
162.56567588399997,nodeapiserver,4294,4.73,1.98124860531872,353524,353960
162.56567588399997,nodescheduler,4266,0.96,0.99062430265936,65376,65724
162.56567588399997,nodecontroller,4272,1.56,0.99062430265936,125376,125644
162.56567588399997,nodelet,4429,3.66,0.99062430265936,99980,97966
162.56567588399997,nodeproxy,4625,0.02,0.0,51672,52156
162.56567588399997,containerd,3704,1.66,0.99062430265936,94628,93297
162.56567588399997,flanneld,5249,0.19,0.0,48116,48260
162.56567588399997,coredns,4946,0.2,0.0,65836,42410
162.56567588399997,coredns,4956,0.19,0.0,65332,41978
163.57511250200002,nodestore,4298,2.78,0.9906515992863937,63336,63720
163.57511250200002,nodeapiserver,4294,4.75,1.9813031985727874,353524,353960
163.57511250200002,nodescheduler,4266,0.96,0.0,65376,65724
163.57511250200002,nodecontroller,4272,1.57,0.9906515992863937,125376,125644
163.57511250200002,nodelet,4429,3.68,1.9813031985727874,99980,97966
163.57511250200002,nodeproxy,4625,0.02,0.0,51672,52156
163.57511250200002,containerd,3704,1.66,0.0,94628,93297
163.57511250200002,flanneld,5249,0.19,0.0,48116,48260
163.57511250200002,coredns,4946,0.21,0.9906515992863937,65836,42410
163.57511250200002,coredns,4956,0.19,0.0,65332,41978
164.58497247999998,nodestore,4298,2.79,0.9902362919466522,63336,63724
164.58497247999998,nodeapiserver,4294,4.78,2.9707088758399567,353524,353960
164.58497247999998,nodescheduler,4266,0.97,0.9902362919466522,65376,65724
164.58497247999998,nodecontroller,4272,1.57,0.0,125376,125644
164.58497247999998,nodelet,4429,3.69,0.9902362919466522,99980,97966
164.58497247999998,nodeproxy,4625,0.02,0.0,51672,52156
164.58497247999998,containerd,3704,1.68,1.9804725838933044,94628,93297
164.58497247999998,flanneld,5249,0.19,0.0,48116,48260
164.58497247999998,coredns,4946,0.21,0.0,65836,42410
164.58497247999998,coredns,4956,0.19,0.0,65332,41978
165.594732212,nodestore,4298,2.81,1.9806691994328405,63336,63724
165.594732212,nodeapiserver,4294,4.82,3.961338398865681,353524,353960
165.594732212,nodescheduler,4266,0.97,0.0,65376,65724
165.594732212,nodecontroller,4272,1.59,1.9806691994328405,125376,125648
165.594732212,nodelet,4429,3.72,2.9710037991492606,99980,97966
165.594732212,nodeproxy,4625,0.02,0.0,51672,52156
165.594732212,containerd,3704,1.68,0.0,94628,93297
165.594732212,flanneld,5249,0.19,0.0,48116,48260
165.594732212,coredns,4946,0.22,0.9903345997164202,65836,42410
165.594732212,coredns,4956,0.19,0.0,65332,41978
166.604053906,nodestore,4298,2.84,2.9722931923823483,63336,63728
166.604053906,nodeapiserver,4294,4.84,1.9815287949215654,353524,353960
166.604053906,nodescheduler,4266,0.98,0.9907643974607827,65376,65724
166.604053906,nodecontroller,4272,1.59,0.0,125376,125648
166.604053906,nodelet,4429,3.72,0.0,99980,97966
166.604053906,nodeproxy,4625,0.02,0.0,51672,52156
166.604053906,containerd,3704,1.68,0.0,94628,93297
166.604053906,flanneld,5249,0.19,0.0,48116,48260
166.604053906,coredns,4946,0.22,0.0,65836,42410
166.604053906,coredns,4956,0.19,0.0,65332,41978
167.61370050099998,nodestore,4298,2.85,0.9904455726907171,63336,63728
167.61370050099998,nodeapiserver,4294,4.87,2.971336718072151,353524,353960
167.61370050099998,nodescheduler,4266,0.98,0.0,65376,65724
167.61370050099998,nodecontroller,4272,1.61,1.9808911453814342,125376,125648
167.61370050099998,nodelet,4429,3.74,1.9808911453814342,99980,97966
167.61370050099998,nodeproxy,4625,0.02,0.0,51800,52156
167.61370050099998,containerd,3704,1.7,1.9808911453814342,94628,93297
167.61370050099998,flanneld,5249,0.19,0.0,48116,48260
167.61370050099998,coredns,4946,0.22,0.0,65836,42410
167.61370050099998,coredns,4956,0.19,0.0,65332,41978
168.62289953599998,nodestore,4298,2.87,1.9817696317951896,63336,63728
168.62289953599998,nodeapiserver,4294,4.9,2.9726544476927845,353524,353960
168.62289953599998,nodescheduler,4266,0.99,0.9908848158975948,65376,65724
168.62289953599998,nodecontroller,4272,1.62,0.9908848158975948,125376,125648
168.62289953599998,nodelet,4429,3.76,1.9817696317951896,99980,97966
168.62289953599998,nodeproxy,4625,0.02,0.0,51800,52156
168.62289953599998,containerd,3704,1.7,0.0,94628,93297
168.62289953599998,flanneld,5249,0.19,0.0,48116,48260
168.62289953599998,coredns,4946,0.22,0.0,65836,42410
168.62289953599998,coredns,4956,0.19,0.0,65332,41978
169.632487971,nodestore,4298,2.89,1.9810052598314247,63336,63728
169.632487971,nodeapiserver,4294,4.92,1.9810052598314247,353524,353960
169.632487971,nodescheduler,4266,0.99,0.0,65376,65724
169.632487971,nodecontroller,4272,1.63,0.9905026299157124,125376,125648
169.632487971,nodelet,4429,3.8,3.9620105196628495,99980,97978
169.632487971,nodeproxy,4625,0.02,0.0,51800,52156
169.632487971,containerd,3704,1.73,2.9715078897471368,94628,93305
169.632487971,flanneld,5249,0.21,1.9810052598314247,48116,48260
169.632487971,coredns,4946,0.22,0.0,65836,42410
169.632487971,coredns,4956,0.19,0.0,65332,41978
170.642047699,nodestore,4298,2.9,0.990530795023948,63336,63732
170.642047699,nodeapiserver,4294,4.95,2.971592385071844,353524,353964
170.642047699,nodescheduler,4266,1.0,0.990530795023948,65376,65724
170.642047699,nodecontroller,4272,1.63,0.0,125376,125648
170.642047699,nodelet,4429,3.84,3.962123180095792,99980,97978
170.642047699,nodeproxy,4625,0.02,0.0,51800,52156
170.642047699,containerd,3704,1.75,1.981061590047896,94628,93305
170.642047699,flanneld,5249,0.21,0.0,48116,48260
170.642047699,coredns,4946,0.22,0.0,65836,42414
170.642047699,coredns,4956,0.19,0.0,65332,41978
171.651828824,nodestore,4298,2.92,1.9806272374124292,63336,63732
171.651828824,nodeapiserver,4294,4.97,1.9806272374124292,353524,353964
171.651828824,nodescheduler,4266,1.01,0.9903136187062146,65376,65728
171.651828824,nodecontroller,4272,1.64,0.9903136187062146,125376,125648
171.651828824,nodelet,4429,3.85,0.9903136187062146,99980,97986
171.651828824,nodeproxy,4625,0.02,0.0,51800,52156
171.651828824,containerd,3704,1.75,0.0,94628,93305
171.651828824,flanneld,5249,0.21,0.0,48116,48260
171.651828824,coredns,4946,0.22,0.0,65836,42418
171.651828824,coredns,4956,0.2,0.9903136187062146,65332,41978
172.661245447,nodestore,4298,2.94,1.9813424451600439,63336,63732
172.661245447,nodeapiserver,4294,5.01,3.9626848903200877,353524,353968
172.661245447,nodescheduler,4266,1.01,0.0,65376,65728
172.661245447,nodecontroller,4272,1.65,0.9906712225800219,125376,125648
172.661245447,nodelet,4429,3.87,1.9813424451600439,99980,97990
172.661245447,nodeproxy,4625,0.02,0.0,51800,52156
172.661245447,containerd,3704,1.76,0.9906712225800219,94628,93305
172.661245447,flanneld,5249,0.21,0.0,48116,48260
172.661245447,coredns,4946,0.22,0.0,65836,42418
172.661245447,coredns,4956,0.2,0.0,65332,41978
173.67072931799999,nodestore,4298,2.95,0.9906052278075611,63336,63732
173.67072931799999,nodeapiserver,4294,5.02,0.9906052278075611,353524,353968
173.67072931799999,nodescheduler,4266,1.01,0.0,65376,65728
173.67072931799999,nodecontroller,4272,1.66,0.9906052278075611,125376,125648
173.67072931799999,nodelet,4429,3.88,0.9906052278075611,99980,97990
173.67072931799999,nodeproxy,4625,0.02,0.0,51800,52156
173.67072931799999,containerd,3704,1.76,0.0,94628,93305
173.67072931799999,flanneld,5249,0.21,0.0,48116,48260
173.67072931799999,coredns,4946,0.22,0.0,65836,42418
173.67072931799999,coredns,4956,0.2,0.0,65332,41978
174.680167687,nodestore,4298,2.97,1.981299761748984,63336,63736
174.680167687,nodeapiserver,4294,5.05,2.9719496426234757,353524,353968
174.680167687,nodescheduler,4266,1.02,0.990649880874492,65376,65728
174.680167687,nodecontroller,4272,1.67,0.990649880874492,125376,125648
174.680167687,nodelet,4429,3.9,1.981299761748984,99980,97990
174.680167687,nodeproxy,4625,0.02,0.0,51800,52156
174.680167687,containerd,3704,1.78,1.981299761748984,94628,93305
174.680167687,flanneld,5249,0.21,0.0,48116,48260
174.680167687,coredns,4946,0.22,0.0,65836,42418
174.680167687,coredns,4956,0.2,0.0,65332,41978
175.689670649,nodestore,4298,2.99,1.9811729883760378,63336,63736
175.689670649,nodeapiserver,4294,5.08,2.9717594825640568,353524,353968
175.689670649,nodescheduler,4266,1.02,0.0,65376,65728
175.689670649,nodecontroller,4272,1.67,0.0,125376,125648
175.689670649,nodelet,4429,3.94,3.9623459767520757,99980,97994
175.689670649,nodeproxy,4625,0.02,0.0,51800,52156
175.689670649,containerd,3704,1.79,0.9905864941880189,94628,93305
175.689670649,flanneld,5249,0.21,0.0,48116,48260
175.689670649,coredns,4946,0.22,0.0,65836,42418
175.689670649,coredns,4956,0.2,0.0,65332,41978
176.699127674,nodestore,4298,3.0,0.9906315724535006,63336,63736
176.699127674,nodeapiserver,4294,5.11,2.971894717360502,353524,353968
176.699127674,nodescheduler,4266,1.03,0.9906315724535006,65376,65728
176.699127674,nodecontroller,4272,1.68,0.9906315724535006,125376,125648
176.699127674,nodelet,4429,3.95,0.9906315724535006,99980,97994
176.699127674,nodeproxy,4625,0.02,0.0,51800,52156
176.699127674,containerd,3704,1.79,0.0,94628,93305
176.699127674,flanneld,5249,0.21,0.0,48116,48260
176.699127674,coredns,4946,0.22,0.0,65836,42422
176.699127674,coredns,4956,0.21,0.9906315724535006,65332,41978
177.70854281200002,nodestore,4298,3.02,1.981345360009831,63336,63736
177.70854281200002,nodeapiserver,4294,5.13,1.981345360009831,353524,353968
177.70854281200002,nodescheduler,4266,1.03,0.0,65376,65728
177.70854281200002,nodecontroller,4272,1.69,0.9906726800049155,125376,125648
177.70854281200002,nodelet,4429,3.98,2.9720180400147465,99980,97994
177.70854281200002,nodeproxy,4625,0.02,0.0,51800,52156
177.70854281200002,containerd,3704,1.8,0.9906726800049155,94628,93305
177.70854281200002,flanneld,5249,0.21,0.0,48116,48260
177.70854281200002,coredns,4946,0.22,0.0,65836,42422
177.70854281200002,coredns,4956,0.21,0.0,65332,41978
178.718989642,nodestore,4298,3.05,2.968983533750178,63336,63740
178.718989642,nodeapiserver,4294,5.17,3.9586447116669037,353524,353968
178.718989642,nodescheduler,4266,1.04,0.9896611779167259,65376,65728
178.718989642,nodecontroller,4272,1.7,0.9896611779167259,125376,125648
178.718989642,nodelet,4429,3.98,0.0,99980,97994
178.718989642,nodeproxy,4625,0.02,0.0,51800,52156
178.718989642,containerd,3704,1.81,0.9896611779167259,94628,93305
178.718989642,flanneld,5249,0.21,0.0,48116,48260
178.718989642,coredns,4946,0.22,0.0,65836,42422
178.718989642,coredns,4956,0.21,0.0,65332,41978
179.728165414,nodestore,4298,3.07,1.9818153145278008,63336,63740
179.728165414,nodeapiserver,4294,5.2,2.972722971791701,353524,353968
179.728165414,nodescheduler,4266,1.04,0.0,65376,65728
179.728165414,nodecontroller,4272,1.72,1.9818153145278008,125376,125648
179.728165414,nodelet,4429,4.02,3.9636306290556016,99980,97994
179.728165414,nodeproxy,4625,0.02,0.0,51800,52156
179.728165414,containerd,3704,1.82,0.9909076572639004,94628,93305
179.728165414,flanneld,5249,0.21,0.0,48116,48260
179.728165414,coredns,4946,0.22,0.0,65836,42422
179.728165414,coredns,4956,0.21,0.0,65332,41978
180.737420155,nodestore,4298,3.08,0.9908301238289585,63336,63740
180.737420155,nodeapiserver,4294,5.21,0.9908301238289585,353524,353968
180.737420155,nodescheduler,4266,1.06,1.981660247657917,65376,65728
180.737420155,nodecontroller,4272,1.72,0.0,125376,125648
180.737420155,nodelet,4429,4.05,2.9724903714868756,99980,97994
180.737420155,nodeproxy,4625,0.02,0.0,51800,52156
180.737420155,containerd,3704,1.84,1.981660247657917,94628,93309
180.737420155,flanneld,5249,0.21,0.0,48116,48260
180.737420155,coredns,4946,0.23,0.9908301238289585,65836,42422
180.737420155,coredns,4956,0.21,0.0,65332,41978
181.746981473,nodestore,4298,3.1,1.981058469991795,63336,63740
181.746981473,nodeapiserver,4294,5.25,3.96211693998359,353524,353968
181.746981473,nodescheduler,4266,1.06,0.0,65376,65728
181.746981473,nodecontroller,4272,1.73,0.9905292349958975,125376,125648
181.746981473,nodelet,4429,4.07,1.981058469991795,99980,97994
181.746981473,nodeproxy,4625,0.02,0.0,51800,52156
181.746981473,containerd,3704,1.84,0.0,94628,93309
181.746981473,flanneld,5249,0.21,0.0,48116,48260
181.746981473,coredns,4946,0.23,0.0,65836,42422
181.746981473,coredns,4956,0.21,0.0,65332,41978
182.75727994099998,nodestore,4298,3.12,1.979613018674846,63336,63740
182.75727994099998,nodeapiserver,4294,5.28,2.969419528012269,353524,353968
182.75727994099998,nodescheduler,4266,1.06,0.0,65376,65728
182.75727994099998,nodecontroller,4272,1.74,0.989806509337423,125376,125648
182.75727994099998,nodelet,4429,4.09,1.979613018674846,99980,97998
182.75727994099998,nodeproxy,4625,0.02,0.0,51800,52156
182.75727994099998,containerd,3704,1.86,1.979613018674846,94628,93309
182.75727994099998,flanneld,5249,0.21,0.0,48116,48260
182.75727994099998,coredns,4946,0.23,0.0,65836,42422
182.75727994099998,coredns,4956,0.21,0.0,65332,41978
183.76688136299998,nodestore,4298,3.14,1.9809797771857678,63336,63744
183.76688136299998,nodeapiserver,4294,5.31,2.9714696657786517,353524,353972
183.76688136299998,nodescheduler,4266,1.07,0.9904898885928839,65376,65728
183.76688136299998,nodecontroller,4272,1.75,0.9904898885928839,125376,125648
183.76688136299998,nodelet,4429,4.11,1.9809797771857678,99980,97998
183.76688136299998,nodeproxy,4625,0.02,0.0,51800,52156
183.76688136299998,containerd,3704,1.87,0.9904898885928839,94472,93117
183.76688136299998,flanneld,5249,0.21,0.0,48116,48260
183.76688136299998,coredns,4946,0.24,0.9904898885928839,65836,42422
183.76688136299998,coredns,4956,0.21,0.0,65332,41978
184.776483198,nodestore,4298,3.16,1.9809789668220796,63336,63744
184.776483198,nodeapiserver,4294,5.33,1.9809789668220796,353524,353972
184.776483198,nodescheduler,4266,1.07,0.0,65376,65728
184.776483198,nodecontroller,4272,1.76,0.9904894834110398,125376,125648
184.776483198,nodelet,4429,4.13,1.9809789668220796,99980,97998
184.776483198,nodeproxy,4625,0.02,0.0,51800,52156
184.776483198,containerd,3704,1.88,0.9904894834110398,94472,93121
184.776483198,flanneld,5249,0.22,0.9904894834110398,48116,48260
184.776483198,coredns,4946,0.24,0.0,65836,42422
184.776483198,coredns,4956,0.21,0.0,65332,41978
185.786193185,nodestore,4298,3.17,0.9903833901565561,63336,63744
185.786193185,nodeapiserver,4294,5.37,3.9615335606262243,353524,353976
185.786193185,nodescheduler,4266,1.08,0.9903833901565561,65376,65728
185.786193185,nodecontroller,4272,1.76,0.0,125376,125648
185.786193185,nodelet,4429,4.15,1.9807667803131122,99980,97998
185.786193185,nodeproxy,4625,0.02,0.0,51800,52156
185.786193185,containerd,3704,1.89,0.9903833901565561,94472,93121
185.786193185,flanneld,5249,0.22,0.0,48116,48260
185.786193185,coredns,4946,0.24,0.0,65836,42422
185.786193185,coredns,4956,0.21,0.0,65332,41978
186.79584407800002,nodestore,4298,3.19,1.9808827128922988,63336,63748
186.79584407800002,nodeapiserver,4294,5.39,1.9808827128922988,353524,353976
186.79584407800002,nodescheduler,4266,1.08,0.0,65376,65728
186.79584407800002,nodecontroller,4272,1.77,0.9904413564461494,125376,125648
186.79584407800002,nodelet,4429,4.17,1.9808827128922988,99980,97998
186.79584407800002,nodeproxy,4625,0.02,0.0,51800,52156
186.79584407800002,containerd,3704,1.91,1.9808827128922988,94472,93121
186.79584407800002,flanneld,5249,0.22,0.0,48116,48260
186.79584407800002,coredns,4946,0.24,0.0,65836,42422
186.79584407800002,coredns,4956,0.22,0.9904413564461494,65332,41978
187.80570417799998,nodestore,4298,3.21,1.9804723446347285,63336,63748
187.80570417799998,nodeapiserver,4294,5.43,3.960944689269457,353524,353976
187.80570417799998,nodescheduler,4266,1.09,0.9902361723173643,65376,65728
187.80570417799998,nodecontroller,4272,1.78,0.9902361723173643,125376,125648
187.80570417799998,nodelet,4429,4.2,2.970708516952093,99980,97998
187.80570417799998,nodeproxy,4625,0.02,0.0,51800,52156
187.80570417799998,containerd,3704,1.91,0.0,94472,93121
187.80570417799998,flanneld,5249,0.22,0.0,48116,48260
187.80570417799998,coredns,4946,0.24,0.0,65836,42422
187.80570417799998,coredns,4956,0.22,0.0,65332,41978
188.81539090400003,nodestore,4298,3.23,1.9808124128987699,63336,63748
188.81539090400003,nodeapiserver,4294,5.46,2.971218619348155,353524,353976
188.81539090400003,nodescheduler,4266,1.09,0.0,65376,65728
188.81539090400003,nodecontroller,4272,1.79,0.9904062064493849,125376,125648
188.81539090400003,nodelet,4429,4.21,0.9904062064493849,99980,98002
188.81539090400003,nodeproxy,4625,0.02,0.0,51800,52156
188.81539090400003,containerd,3704,1.91,0.0,94472,93121
188.81539090400003,flanneld,5249,0.22,0.0,48116,48260
188.81539090400003,coredns,4946,0.24,0.0,65836,42422
188.81539090400003,coredns,4956,0.22,0.0,65332,41978
189.82514476400002,nodestore,4298,3.24,0.9903403587880422,63336,63748
189.82514476400002,nodeapiserver,4294,5.49,2.9710210763641265,353524,353976
189.82514476400002,nodescheduler,4266,1.11,1.9806807175760843,65376,65732
189.82514476400002,nodecontroller,4272,1.8,0.9903403587880422,125376,125648
189.82514476400002,nodelet,4429,4.25,3.9613614351521687,99980,98006
189.82514476400002,nodeproxy,4625,0.02,0.0,51800,52156
189.82514476400002,containerd,3704,1.94,2.9710210763641265,94472,93121
189.82514476400002,flanneld,5249,0.22,0.0,48116,48260
189.82514476400002,coredns,4946,0.24,0.0,65836,42422
189.82514476400002,coredns,4956,0.22,0.0,65332,41978
190.834729799,nodestore,4298,3.26,1.9810119313030694,63464,63752
190.834729799,nodeapiserver,4294,5.51,1.9810119313030694,353524,353976
190.834729799,nodescheduler,4266,1.12,0.9905059656515347,65376,65732
190.834729799,nodecontroller,4272,1.81,0.9905059656515347,125376,125648
190.834729799,nodelet,4429,4.31,5.943035793909208,99980,98010
190.834729799,nodeproxy,4625,0.02,0.0,51800,52156
190.834729799,containerd,3704,1.95,0.9905059656515347,94472,93121
190.834729799,flanneld,5249,0.22,0.0,48116,48260
190.834729799,coredns,4946,0.24,0.0,65836,42422
190.834729799,coredns,4956,0.22,0.0,65332,41978
191.84412807299998,nodestore,4298,3.27,0.9906892311567618,63464,63752
191.84412807299998,nodeapiserver,4294,5.54,2.9720676934702857,353524,353976
191.84412807299998,nodescheduler,4266,1.12,0.0,65376,65732
191.84412807299998,nodecontroller,4272,1.82,0.9906892311567618,125376,125648
191.84412807299998,nodelet,4429,4.32,0.9906892311567618,99980,98010
191.84412807299998,nodeproxy,4625,0.02,0.0,51800,52156
191.84412807299998,containerd,3704,1.95,0.0,94472,93121
191.84412807299998,flanneld,5249,0.22,0.0,48116,48260
191.84412807299998,coredns,4946,0.24,0.0,65836,42422
191.84412807299998,coredns,4956,0.22,0.0,65332,41982
192.85369706400002,nodestore,4298,3.29,1.9810434134064305,63464,63752
192.85369706400002,nodeapiserver,4294,5.57,2.971565120109646,353524,353976
192.85369706400002,nodescheduler,4266,1.12,0.0,65376,65732
192.85369706400002,nodecontroller,4272,1.83,0.9905217067032153,125376,125648
192.85369706400002,nodelet,4429,4.34,1.9810434134064305,99980,98010
192.85369706400002,nodeproxy,4625,0.02,0.0,51800,52156
192.85369706400002,containerd,3704,1.96,0.9905217067032153,94472,93121
192.85369706400002,flanneld,5249,0.22,0.0,48116,48260
192.85369706400002,coredns,4946,0.24,0.0,65836,42422
192.85369706400002,coredns,4956,0.22,0.0,65332,41982
193.86354067899998,nodestore,4298,3.31,1.9805046744787984,63464,63752
193.86354067899998,nodeapiserver,4294,5.6,2.9707570117181974,353524,353976
193.86354067899998,nodescheduler,4266,1.13,0.9902523372393992,65376,65732
193.86354067899998,nodecontroller,4272,1.84,0.9902523372393992,125376,125648
193.86354067899998,nodelet,4429,4.35,0.9902523372393992,99980,98010
193.86354067899998,nodeproxy,4625,0.02,0.0,51800,52156
193.86354067899998,containerd,3704,1.97,0.9902523372393992,94472,93125
193.86354067899998,flanneld,5249,0.22,0.0,48116,48260
193.86354067899998,coredns,4946,0.24,0.0,65836,42422
193.86354067899998,coredns,4956,0.23,0.9902523372393992,65332,41982
194.87329882799997,nodestore,4298,3.33,1.980672304532216,63464,63756
194.87329882799997,nodeapiserver,4294,5.62,1.980672304532216,353524,353976
194.87329882799997,nodescheduler,4266,1.13,0.0,65376,65732
194.87329882799997,nodecontroller,4272,1.85,0.990336152266108,125376,125648
194.87329882799997,nodelet,4429,4.37,1.980672304532216,100108,98014
194.87329882799997,nodeproxy,4625,0.02,0.0,51800,52156
194.87329882799997,containerd,3704,1.99,1.980672304532216,94472,92997
194.87329882799997,flanneld,5249,0.24,1.980672304532216,48116,48260
194.87329882799997,coredns,4946,0.24,0.0,65836,42422
194.87329882799997,coredns,4956,0.23,0.0,65332,41982
195.882937255,nodestore,4298,3.35,1.980907170840028,63464,63756
195.882937255,nodeapiserver,4294,5.7,7.923628683360112,353652,354040
195.882937255,nodescheduler,4266,1.14,0.990453585420014,65376,65732
195.882937255,nodecontroller,4272,1.87,1.980907170840028,125376,125652
195.882937255,nodelet,4429,4.39,1.980907170840028,100108,98014
195.882937255,nodeproxy,4625,0.02,0.0,51800,52156
195.882937255,containerd,3704,2.01,1.980907170840028,94472,92997
195.882937255,flanneld,5249,0.24,0.0,48116,48260
195.882937255,coredns,4946,0.24,0.0,65836,42422
195.882937255,coredns,4956,0.23,0.0,65332,41986
196.89248855300002,nodestore,4298,3.36,0.9905390661980812,63464,63756
196.89248855300002,nodeapiserver,4294,5.77,6.933773463386569,345672,345952
196.89248855300002,nodescheduler,4266,1.14,0.0,65376,65732
196.89248855300002,nodecontroller,4272,1.89,1.9810781323961624,125376,125652
196.89248855300002,nodelet,4429,4.41,1.9810781323961624,100108,98012
196.89248855300002,nodeproxy,4625,0.02,0.0,51800,52168
196.89248855300002,containerd,3704,2.01,0.0,94472,92996
196.89248855300002,flanneld,5249,0.24,0.0,48116,48260
196.89248855300002,coredns,4946,0.24,0.0,65836,42422
196.89248855300002,coredns,4956,0.23,0.0,65332,41986
197.90223435299998,nodestore,4298,3.37,0.9903482638898202,63464,63756
197.90223435299998,nodeapiserver,4294,5.81,3.961393055559281,342952,343136
197.90223435299998,nodescheduler,4266,1.15,0.9903482638898202,65376,65732
197.90223435299998,nodecontroller,4272,1.9,0.9903482638898202,125376,125652
197.90223435299998,nodelet,4429,4.42,0.9903482638898202,100108,98012
197.90223435299998,nodeproxy,4625,0.02,0.0,51800,52168
197.90223435299998,containerd,3704,2.02,0.9903482638898202,94472,92996
197.90223435299998,flanneld,5249,0.24,0.0,48116,48260
197.90223435299998,coredns,4946,0.24,0.0,65836,42422
197.90223435299998,coredns,4956,0.23,0.0,65332,41986
198.913217224,nodestore,4298,3.4,2.9674093261664862,63464,63760
198.913217224,nodeapiserver,4294,5.83,1.978272884110991,342952,343136
198.913217224,nodescheduler,4266,1.15,0.0,65376,65732
198.913217224,nodecontroller,4272,1.92,1.978272884110991,125376,125652
198.913217224,nodelet,4429,4.44,1.978272884110991,100108,98016
198.913217224,nodeproxy,4625,0.02,0.0,51800,52168
198.913217224,containerd,3704,2.02,0.0,94472,92996
198.913217224,flanneld,5249,0.24,0.0,48116,48260
198.913217224,coredns,4946,0.26,1.978272884110991,65836,42422
198.913217224,coredns,4956,0.23,0.0,65332,41986
199.92333714900002,nodestore,4298,3.41,0.9899814618546149,63464,63760
199.92333714900002,nodeapiserver,4294,5.86,2.9699443855638448,342952,343136
199.92333714900002,nodescheduler,4266,1.17,1.9799629237092298,65376,65732
199.92333714900002,nodecontroller,4272,1.92,0.0,125376,125652
199.92333714900002,nodelet,4429,4.49,4.949907309273074,102224,100080
199.92333714900002,nodeproxy,4625,0.02,0.0,51800,52168
199.92333714900002,containerd,3704,2.05,2.9699443855638448,94472,92996
199.92333714900002,flanneld,5249,0.24,0.0,48116,48260
199.92333714900002,coredns,4946,0.26,0.0,65836,42422
199.92333714900002,coredns,4956,0.23,0.0,65332,41990
200.9333191,nodestore,4298,3.43,1.9802334071611816,63464,63760
200.9333191,nodeapiserver,4294,5.88,1.9802334071611816,342952,343136
200.9333191,nodescheduler,4266,1.17,0.0,65376,65732
200.9333191,nodecontroller,4272,1.93,0.9901167035805908,125376,125652
200.9333191,nodelet,4429,4.53,3.960466814322363,102224,100080
200.9333191,nodeproxy,4625,0.02,0.0,51800,52168
200.9333191,containerd,3704,2.05,0.0,94472,92996
200.9333191,flanneld,5249,0.24,0.0,48116,48260
200.9333191,coredns,4946,0.26,0.0,65836,42422
200.9333191,coredns,4956,0.24,0.9901167035805908,65332,41990
201.94299377,nodestore,4298,3.44,0.9904180323747436,63464,63760
201.94299377,nodeapiserver,4294,5.91,2.971254097124231,342952,343136
201.94299377,nodescheduler,4266,1.18,0.9904180323747436,65376,65732
201.94299377,nodecontroller,4272,1.94,0.9904180323747436,125376,125652
201.94299377,nodelet,4429,4.54,0.9904180323747436,102224,100080
201.94299377,nodeproxy,4625,0.02,0.0,51800,52168
201.94299377,containerd,3704,2.06,0.9904180323747436,94472,93000
201.94299377,flanneld,5249,0.24,0.0,48116,48260
201.94299377,coredns,4946,0.26,0.0,65836,42422
201.94299377,coredns,4956,0.24,0.0,65332,41990
202.953118088,nodestore,4298,3.46,1.9799543129106023,63464,63760
202.953118088,nodeapiserver,4294,5.93,1.9799543129106023,342952,343136
202.953118088,nodescheduler,4266,1.18,0.0,65376,65732
202.953118088,nodecontroller,4272,1.95,0.9899771564553012,125376,125652
202.953118088,nodelet,4429,4.56,1.9799543129106023,102224,100080
202.953118088,nodeproxy,4625,0.02,0.0,51800,52168
202.953118088,containerd,3704,2.07,0.9899771564553012,94472,93000
202.953118088,flanneld,5249,0.24,0.0,48116,48260
202.953118088,coredns,4946,0.26,0.0,65836,42422
202.953118088,coredns,4956,0.24,0.0,65332,41990
203.96305772300002,nodestore,4298,3.49,2.9704745670269,63464,63764
203.96305772300002,nodeapiserver,4294,5.97,3.9606327560358667,342952,343136
203.96305772300002,nodescheduler,4266,1.19,0.9901581890089667,65376,65732
203.96305772300002,nodecontroller,4272,1.95,0.0,125376,125652
203.96305772300002,nodelet,4429,4.57,0.9901581890089667,102224,100088
203.96305772300002,nodeproxy,4625,0.02,0.0,51800,52168
203.96305772300002,containerd,3704,2.07,0.0,94472,93000
203.96305772300002,flanneld,5249,0.24,0.0,48116,48260
203.96305772300002,coredns,4946,0.26,0.0,65836,42422
203.96305772300002,coredns,4956,0.24,0.0,65332,41990
204.97346956500002,nodestore,4298,3.5,0.989695447373828,63464,63764
204.97346956500002,nodeapiserver,4294,5.99,1.979390894747656,342952,343136
204.97346956500002,nodescheduler,4266,1.19,0.0,65376,65732
204.97346956500002,nodecontroller,4272,1.96,0.989695447373828,125376,125652
204.97346956500002,nodelet,4429,4.58,0.989695447373828,102224,100088
204.97346956500002,nodeproxy,4625,0.02,0.0,51800,52168
204.97346956500002,containerd,3704,2.09,1.979390894747656,94472,93000
204.97346956500002,flanneld,5249,0.24,0.0,48116,48260
204.97346956500002,coredns,4946,0.26,0.0,65836,42422
204.97346956500002,coredns,4956,0.24,0.0,65332,41990
205.983547691,nodestore,4298,3.52,1.9800448584310868,63464,63768
205.983547691,nodeapiserver,4294,6.03,3.9600897168621736,342952,343136
205.983547691,nodescheduler,4266,1.21,1.9800448584310868,65376,65740
205.983547691,nodecontroller,4272,1.97,0.9900224292155434,125376,125652
205.983547691,nodelet,4429,4.6,1.9800448584310868,102224,100088
205.983547691,nodeproxy,4625,0.02,0.0,51800,52168
205.983547691,containerd,3704,2.1,0.9900224292155434,94472,93000
205.983547691,flanneld,5249,0.24,0.0,48116,48260
205.983547691,coredns,4946,0.26,0.0,65836,42422
205.983547691,coredns,4956,0.24,0.0,65332,41990
206.99325393499998,nodestore,4298,3.52,0.0,63464,63776
206.99325393499998,nodeapiserver,4294,6.05,1.9807741230528193,342952,343136
206.99325393499998,nodescheduler,4266,1.21,0.0,65376,65740
206.99325393499998,nodecontroller,4272,1.99,1.9807741230528193,125376,125652
206.99325393499998,nodelet,4429,4.62,1.9807741230528193,102224,100100
206.99325393499998,nodeproxy,4625,0.03,0.9903870615264097,51800,52172
206.99325393499998,containerd,3704,2.1,0.0,94472,93000
206.99325393499998,flanneld,5249,0.24,0.0,48116,48260
206.99325393499998,coredns,4946,0.26,0.0,65836,42422
206.99325393499998,coredns,4956,0.24,0.0,65332,41990
208.002979384,nodestore,4298,3.54,1.9807364486858066,63464,63776
208.002979384,nodeapiserver,4294,6.08,2.9711046730287096,342952,343136
208.002979384,nodescheduler,4266,1.21,0.0,65376,65740
208.002979384,nodecontroller,4272,1.99,0.0,125376,125652
208.002979384,nodelet,4429,4.65,2.9711046730287096,102224,100100
208.002979384,nodeproxy,4625,0.03,0.0,51800,52172
208.002979384,containerd,3704,2.11,0.9903682243429033,94472,93000
208.002979384,flanneld,5249,0.24,0.0,48116,48260
208.002979384,coredns,4946,0.26,0.0,65836,42422
208.002979384,coredns,4956,0.24,0.0,65332,41990
209.012758986,nodestore,4298,3.57,2.9709453370400505,63464,63780
209.012758986,nodeapiserver,4294,6.11,2.9709453370400505,342952,343136
209.012758986,nodescheduler,4266,1.22,0.9903151123466835,65376,65740
209.012758986,nodecontroller,4272,2.01,1.980630224693367,125376,125652
209.012758986,nodelet,4429,4.67,1.980630224693367,102224,100102
209.012758986,nodeproxy,4625,0.03,0.0,51800,52172
209.012758986,containerd,3704,2.12,0.9903151123466835,94472,93001
209.012758986,flanneld,5249,0.24,0.0,48116,48260
209.012758986,coredns,4946,0.26,0.0,65836,42422
209.012758986,coredns,4956,0.24,0.0,65332,41990
210.02267822200002,nodestore,4298,3.59,1.980356377725179,63464,63784
210.02267822200002,nodeapiserver,4294,6.14,2.9705345665877685,342952,343136
210.02267822200002,nodescheduler,4266,1.23,0.9901781888625895,65376,65740
210.02267822200002,nodecontroller,4272,2.01,0.0,125376,125652
210.02267822200002,nodelet,4429,4.7,2.9705345665877685,102224,100110
210.02267822200002,nodeproxy,4625,0.03,0.0,51800,52172
210.02267822200002,containerd,3704,2.15,2.9705345665877685,94472,93005
210.02267822200002,flanneld,5249,0.25,0.9901781888625895,48116,48260
210.02267822200002,coredns,4946,0.26,0.0,65836,42422
210.02267822200002,coredns,4956,0.24,0.0,65332,41990
211.032340352,nodestore,4298,3.6,0.9904303333631209,63464,63788
211.032340352,nodeapiserver,4294,6.16,1.9808606667262418,342952,343136
211.032340352,nodescheduler,4266,1.24,0.9904303333631209,65376,65740
211.032340352,nodecontroller,4272,2.02,0.9904303333631209,125376,125652
211.032340352,nodelet,4429,4.74,3.9617213334524837,102224,100114
211.032340352,nodeproxy,4625,0.03,0.0,51800,52172
211.032340352,containerd,3704,2.17,1.9808606667262418,94472,93005
211.032340352,flanneld,5249,0.25,0.0,48116,48260
211.032340352,coredns,4946,0.26,0.0,65836,42422
211.032340352,coredns,4956,0.25,0.9904303333631209,65332,41990
212.04199276000003,nodestore,4298,3.62,1.980879740545279,63464,63788
212.04199276000003,nodeapiserver,4294,6.19,2.9713196108179183,342952,343136
212.04199276000003,nodescheduler,4266,1.24,0.0,65376,65740
212.04199276000003,nodecontroller,4272,2.04,1.980879740545279,125376,125652
212.04199276000003,nodelet,4429,4.76,1.980879740545279,102224,100114
212.04199276000003,nodeproxy,4625,0.03,0.0,50648,51020
212.04199276000003,containerd,3704,2.17,0.0,94472,93005
212.04199276000003,flanneld,5249,0.25,0.0,48116,48260
212.04199276000003,coredns,4946,0.27,0.9904398702726395,65836,42426
212.04199276000003,coredns,4956,0.25,0.0,65332,41990
213.051920447,nodestore,4298,3.63,0.9901699031249959,63464,63788
213.051920447,nodeapiserver,4294,6.22,2.9705097093749875,342952,343136
213.051920447,nodescheduler,4266,1.25,0.9901699031249959,65376,65740
213.051920447,nodecontroller,4272,2.04,0.0,125376,125652
213.051920447,nodelet,4429,4.78,1.9803398062499917,102224,100118
213.051920447,nodeproxy,4625,0.03,0.0,50648,51020
213.051920447,containerd,3704,2.18,0.9901699031249959,94472,93005
213.051920447,flanneld,5249,0.25,0.0,48116,48260
213.051920447,coredns,4946,0.28,0.9901699031249959,65836,42426
213.051920447,coredns,4956,0.25,0.0,65332,41990
214.062135969,nodestore,4298,3.66,2.9696633388295637,63464,63792
214.062135969,nodeapiserver,4294,6.25,2.9696633388295637,342952,343136
214.062135969,nodescheduler,4266,1.25,0.0,65376,65740
214.062135969,nodecontroller,4272,2.05,0.9898877796098545,125376,125656
214.062135969,nodelet,4429,4.79,0.9898877796098545,102224,100118
214.062135969,nodeproxy,4625,0.03,0.0,50648,51020
214.062135969,containerd,3704,2.18,0.0,94472,93005
214.062135969,flanneld,5249,0.25,0.0,48116,48260
214.062135969,coredns,4946,0.28,0.0,65836,42426
214.062135969,coredns,4956,0.25,0.0,65332,41994
215.07168857099998,nodestore,4298,3.67,0.9905377867571626,63464,63792
215.07168857099998,nodeapiserver,4294,6.27,1.9810755735143253,342952,343136
215.07168857099998,nodescheduler,4266,1.26,0.9905377867571626,65376,65740
215.07168857099998,nodecontroller,4272,2.06,0.9905377867571626,125376,125656
215.07168857099998,nodelet,4429,4.83,3.9621511470286506,102224,100118
215.07168857099998,nodeproxy,4625,0.03,0.0,50648,51020
215.07168857099998,containerd,3704,2.2,1.9810755735143253,94472,93005
215.07168857099998,flanneld,5249,0.25,0.0,48116,48260
215.07168857099998,coredns,4946,0.28,0.0,65836,42426
215.07168857099998,coredns,4956,0.25,0.0,65332,41994
216.08135635500003,nodestore,4298,3.69,1.9808495741802465,63464,63792
216.08135635500003,nodeapiserver,4294,6.3,2.97127436127037,342952,343136
216.08135635500003,nodescheduler,4266,1.27,0.9904247870901233,65376,65740
216.08135635500003,nodecontroller,4272,2.07,0.9904247870901233,125376,125656
216.08135635500003,nodelet,4429,4.85,1.9808495741802465,102224,100118
216.08135635500003,nodeproxy,4625,0.03,0.0,50648,51020
216.08135635500003,containerd,3704,2.21,0.9904247870901233,94472,93005
216.08135635500003,flanneld,5249,0.25,0.0,48116,48260
216.08135635500003,coredns,4946,0.28,0.0,65836,42426
216.08135635500003,coredns,4956,0.25,0.0,65332,41994
217.09164841900002,nodestore,4298,3.7,0.9898127834843629,63464,63792
217.09164841900002,nodeapiserver,4294,6.33,2.9694383504530886,342952,343136
217.09164841900002,nodescheduler,4266,1.27,0.0,65376,65740
217.09164841900002,nodecontroller,4272,2.08,0.9898127834843629,125376,125656
217.09164841900002,nodelet,4429,4.86,0.9898127834843629,102224,100118
217.09164841900002,nodeproxy,4625,0.03,0.0,50648,51020
217.09164841900002,containerd,3704,2.21,0.0,94472,93005
217.09164841900002,flanneld,5249,0.25,0.0,48116,48260
217.09164841900002,coredns,4946,0.28,0.0,65836,42426
217.09164841900002,coredns,4956,0.25,0.0,65332,41994
218.10180672899997,nodestore,4298,3.72,1.979887687109257,63464,63796
218.10180672899997,nodeapiserver,4294,6.35,1.979887687109257,342952,343140
218.10180672899997,nodescheduler,4266,1.28,0.9899438435546285,65376,65744
218.10180672899997,nodecontroller,4272,2.09,0.9899438435546285,125376,125656
218.10180672899997,nodelet,4429,4.88,1.979887687109257,102224,100118
218.10180672899997,nodeproxy,4625,0.03,0.0,50648,51020
218.10180672899997,containerd,3704,2.22,0.9899438435546285,94472,93005
218.10180672899997,flanneld,5249,0.25,0.0,48116,48260
218.10180672899997,coredns,4946,0.28,0.0,65836,42426
218.10180672899997,coredns,4956,0.25,0.0,65332,41994
219.11182409100002,nodestore,4298,3.75,2.970245970880524,63464,63796
219.11182409100002,nodeapiserver,4294,6.38,2.970245970880524,342952,343140
219.11182409100002,nodescheduler,4266,1.28,0.0,65376,65744
219.11182409100002,nodecontroller,4272,2.1,0.990081990293508,125376,125656
219.11182409100002,nodelet,4429,4.9,1.980163980587016,102224,100118
219.11182409100002,nodeproxy,4625,0.03,0.0,50648,51020
219.11182409100002,containerd,3704,2.23,0.990081990293508,94472,93009
219.11182409100002,flanneld,5249,0.26,0.990081990293508,48116,48260
219.11182409100002,coredns,4946,0.28,0.0,65836,42426
219.11182409100002,coredns,4956,0.26,0.990081990293508,65332,41994
220.122093034,nodestore,4298,3.76,0.9898354363250265,63464,63796
220.122093034,nodeapiserver,4294,6.41,2.9695063089750793,342952,343140
220.122093034,nodescheduler,4266,1.29,0.9898354363250265,65376,65744
220.122093034,nodecontroller,4272,2.11,0.9898354363250265,125376,125660
220.122093034,nodelet,4429,4.93,2.9695063089750793,102224,100118
220.122093034,nodeproxy,4625,0.03,0.0,50648,51020
220.122093034,containerd,3704,2.25,1.979670872650053,94472,93009
220.122093034,flanneld,5249,0.26,0.0,48116,48260
220.122093034,coredns,4946,0.28,0.0,65836,42426
220.122093034,coredns,4956,0.26,0.0,65332,41994
221.13200015299998,nodestore,4298,3.77,0.9901900691522995,63464,63796
221.13200015299998,nodeapiserver,4294,6.43,1.980380138304599,342952,343140
221.13200015299998,nodescheduler,4266,1.29,0.0,65376,65744
221.13200015299998,nodecontroller,4272,2.11,0.0,125376,125660
221.13200015299998,nodelet,4429,4.96,2.9705702074568983,102224,100122
221.13200015299998,nodeproxy,4625,0.03,0.0,50648,51020
221.13200015299998,containerd,3704,2.27,1.980380138304599,94472,93009
221.13200015299998,flanneld,5249,0.26,0.0,48116,48260
221.13200015299998,coredns,4946,0.28,0.0,65836,42426
221.13200015299998,coredns,4956,0.26,0.0,65332,41994
222.14174992699998,nodestore,4298,3.79,1.9806887324938398,63464,63796
222.14174992699998,nodeapiserver,4294,6.47,3.9613774649876796,342952,343140
222.14174992699998,nodescheduler,4266,1.3,0.9903443662469199,65376,65744
222.14174992699998,nodecontroller,4272,2.12,0.9903443662469199,125376,125660
222.14174992699998,nodelet,4429,4.99,2.9710330987407594,102224,100122
222.14174992699998,nodeproxy,4625,0.03,0.0,50648,51020
222.14174992699998,containerd,3704,2.28,0.9903443662469199,94472,93009
222.14174992699998,flanneld,5249,0.26,0.0,48116,48260
222.14174992699998,coredns,4946,0.28,0.0,65836,42426
222.14174992699998,coredns,4956,0.26,0.0,65332,41994
223.15190805100002,nodestore,4298,3.8,0.989944025832492,63464,63796
223.15190805100002,nodeapiserver,4294,6.49,1.979888051664984,342952,343140
223.15190805100002,nodescheduler,4266,1.3,0.0,65376,65744
223.15190805100002,nodecontroller,4272,2.14,1.979888051664984,125376,125660
223.15190805100002,nodelet,4429,5.01,1.979888051664984,102224,100122
223.15190805100002,nodeproxy,4625,0.03,0.0,50648,51020
223.15190805100002,containerd,3704,2.29,0.989944025832492,94472,93009
223.15190805100002,flanneld,5249,0.26,0.0,48116,48260
223.15190805100002,coredns,4946,0.28,0.0,65836,42426
223.15190805100002,coredns,4956,0.26,0.0,65332,41994
224.16190335599998,nodestore,4298,3.82,1.9802072248247498,63464,63800
224.16190335599998,nodeapiserver,4294,6.53,3.9604144496494995,342952,343140
224.16190335599998,nodescheduler,4266,1.31,0.9901036124123749,65376,65748
224.16190335599998,nodecontroller,4272,2.15,0.9901036124123749,125376,125660
224.16190335599998,nodelet,4429,5.02,0.9901036124123749,102224,100122
224.16190335599998,nodeproxy,4625,0.03,0.0,50648,51020
224.16190335599998,containerd,3704,2.3,0.9901036124123749,94472,93009
224.16190335599998,flanneld,5249,0.26,0.0,48116,48260
224.16190335599998,coredns,4946,0.28,0.0,65836,42426
224.16190335599998,coredns,4956,0.26,0.0,65332,41994
225.171620877,nodestore,4298,3.84,1.9807520008360298,63464,63800
225.171620877,nodeapiserver,4294,6.55,1.9807520008360298,342952,343140
225.171620877,nodescheduler,4266,1.32,0.9903760004180149,65376,65748
225.171620877,nodecontroller,4272,2.16,0.9903760004180149,125376,125660
225.171620877,nodelet,4429,5.05,2.9711280012540446,102224,100126
225.171620877,nodeproxy,4625,0.03,0.0,50648,51020
225.171620877,containerd,3704,2.3,0.0,94472,93009
225.171620877,flanneld,5249,0.27,0.9903760004180149,48116,48260
225.171620877,coredns,4946,0.28,0.0,65836,42426
225.171620877,coredns,4956,0.26,0.0,65332,41994
226.18277823199998,nodestore,4298,3.86,1.9779315159113557,63464,63804
226.18277823199998,nodeapiserver,4294,6.6,4.94482878977839,342952,343140
226.18277823199998,nodescheduler,4266,1.32,0.0,65376,65748
226.18277823199998,nodecontroller,4272,2.17,0.9889657579556779,125376,125660
226.18277823199998,nodelet,4429,5.07,1.9779315159113557,102224,100126
226.18277823199998,nodeproxy,4625,0.03,0.0,50648,51020
226.18277823199998,containerd,3704,2.32,1.9779315159113557,94472,93009
226.18277823199998,flanneld,5249,0.27,0.0,48116,48260
226.18277823199998,coredns,4946,0.28,0.0,65836,42426
226.18277823199998,coredns,4956,0.26,0.0,65332,41994
227.193799625,nodestore,4298,3.89,2.96729626175174,63464,63808
227.193799625,nodeapiserver,4294,6.62,1.978197507834493,342952,343140
227.193799625,nodescheduler,4266,1.32,0.0,65376,65748
227.193799625,nodecontroller,4272,2.18,0.9890987539172466,125376,125660
227.193799625,nodelet,4429,5.09,1.978197507834493,102224,100126
227.193799625,nodeproxy,4625,0.03,0.0,50648,51020
227.193799625,containerd,3704,2.33,0.9890987539172466,94472,93009
227.193799625,flanneld,5249,0.27,0.0,48116,48260
227.193799625,coredns,4946,0.3,1.978197507834493,65836,42426
227.193799625,coredns,4956,0.26,0.0,65332,41994
228.204228167,nodestore,4298,3.92,2.9690372701288963,63464,63808
228.204228167,nodeapiserver,4294,6.66,3.958716360171862,342952,343140
228.204228167,nodescheduler,4266,1.33,0.9896790900429655,65376,65748
228.204228167,nodecontroller,4272,2.19,0.9896790900429655,125376,125660
228.204228167,nodelet,4429,5.11,1.979358180085931,102224,100126
228.204228167,nodeproxy,4625,0.03,0.0,50648,51020
228.204228167,containerd,3704,2.33,0.0,94472,93009
228.204228167,flanneld,5249,0.27,0.0,48116,48260
228.204228167,coredns,4946,0.3,0.0,65836,42426
228.204228167,coredns,4956,0.26,0.0,65332,41994
229.21512680299998,nodestore,4298,3.94,1.9784377273608682,63464,63808
229.21512680299998,nodeapiserver,4294,6.69,2.9676565910413024,342952,343140
229.21512680299998,nodescheduler,4266,1.33,0.0,65376,65748
229.21512680299998,nodecontroller,4272,2.19,0.0,125376,125660
229.21512680299998,nodelet,4429,5.14,2.9676565910413024,102224,100126
229.21512680299998,nodeproxy,4625,0.03,0.0,50648,51020
229.21512680299998,containerd,3704,2.34,0.9892188636804341,94472,93009
229.21512680299998,flanneld,5249,0.27,0.0,48116,48260
229.21512680299998,coredns,4946,0.3,0.0,65836,42426
229.21512680299998,coredns,4956,0.26,0.0,65332,41994
230.22507844299997,nodestore,4298,3.96,1.9802928385759202,63464,63812
230.22507844299997,nodeapiserver,4294,6.71,1.9802928385759202,342952,343140
230.22507844299997,nodescheduler,4266,1.35,1.9802928385759202,65376,65752
230.22507844299997,nodecontroller,4272,2.21,1.9802928385759202,125376,125660
230.22507844299997,nodelet,4429,5.19,4.9507320964398005,102224,100126
230.22507844299997,nodeproxy,4625,0.03,0.0,50648,51020
230.22507844299997,containerd,3704,2.36,1.9802928385759202,94472,93009
230.22507844299997,flanneld,5249,0.27,0.0,48116,48260
230.22507844299997,coredns,4946,0.3,0.0,65836,42426
230.22507844299997,coredns,4956,0.27,0.9901464192879601,65332,41994
231.23845387300003,nodestore,4298,3.98,1.9736022216365507,63464,63812
231.23845387300003,nodeapiserver,4294,6.75,3.9472044432731015,342952,343140
231.23845387300003,nodescheduler,4266,1.35,0.0,65376,65752
231.23845387300003,nodecontroller,4272,2.22,0.9868011108182754,125376,125660
231.23845387300003,nodelet,4429,5.22,2.9604033324548262,102224,100126
231.23845387300003,nodeproxy,4625,0.03,0.0,50648,51020
231.23845387300003,containerd,3704,2.37,0.9868011108182754,94472,93009
231.23845387300003,flanneld,5249,0.27,0.0,48116,48260
231.23845387300003,coredns,4946,0.3,0.0,65836,42426
231.23845387300003,coredns,4956,0.27,0.0,65332,41994
232.247953957,nodestore,4298,4.0,1.981178636533987,63464,63816
232.247953957,nodeapiserver,4294,6.78,2.9717679548009803,342952,343140
232.247953957,nodescheduler,4266,1.36,0.9905893182669935,65376,65756
232.247953957,nodecontroller,4272,2.23,0.9905893182669935,125376,125660
232.247953957,nodelet,4429,5.24,1.981178636533987,102224,100126
232.247953957,nodeproxy,4625,0.03,0.0,50648,51020
232.247953957,containerd,3704,2.37,0.0,94472,93009
232.247953957,flanneld,5249,0.27,0.0,48116,48260
232.247953957,coredns,4946,0.3,0.0,65836,42426
232.247953957,coredns,4956,0.27,0.0,65332,41994
233.25806707100003,nodestore,4298,4.02,1.9799762742214344,63464,63816
233.25806707100003,nodeapiserver,4294,6.8,1.9799762742214344,342952,343140
233.25806707100003,nodescheduler,4266,1.36,0.0,65376,65756
233.25806707100003,nodecontroller,4272,2.24,0.9899881371107172,125376,125660
233.25806707100003,nodelet,4429,5.26,1.9799762742214344,102224,100134
233.25806707100003,nodeproxy,4625,0.03,0.0,50648,51020
233.25806707100003,containerd,3704,2.39,1.9799762742214344,94472,93013
233.25806707100003,flanneld,5249,0.27,0.0,48116,48260
233.25806707100003,coredns,4946,0.3,0.0,65836,42426
233.25806707100003,coredns,4956,0.27,0.0,65332,41994
234.268653593,nodestore,4298,4.03,0.9895243783985643,63464,63828
234.268653593,nodeapiserver,4294,6.82,1.9790487567971287,342952,343140
234.268653593,nodescheduler,4266,1.37,0.9895243783985643,65376,65756
234.268653593,nodecontroller,4272,2.25,0.9895243783985643,125376,125660
234.268653593,nodelet,4429,5.27,0.9895243783985643,102224,100138
234.268653593,nodeproxy,4625,0.03,0.0,50648,51020
234.268653593,containerd,3704,2.39,0.0,94472,93013
234.268653593,flanneld,5249,0.28,0.9895243783985643,48116,48260
234.268653593,coredns,4946,0.3,0.0,65836,42434
234.268653593,coredns,4956,0.27,0.0,65332,41994
235.278809175,nodestore,4298,4.04,0.9899465169713016,63464,63828
235.278809175,nodeapiserver,4294,6.85,2.969839550913905,342952,343140
235.278809175,nodescheduler,4266,1.38,0.9899465169713016,65376,65756
235.278809175,nodecontroller,4272,2.25,0.0,125376,125660
235.278809175,nodelet,4429,5.29,1.9798930339426033,102224,100138
235.278809175,nodeproxy,4625,0.03,0.0,50648,51020
235.278809175,containerd,3704,2.42,2.969839550913905,94472,93013
235.278809175,flanneld,5249,0.28,0.0,48116,48260
235.278809175,coredns,4946,0.3,0.0,65836,42434
235.278809175,coredns,4956,0.27,0.0,65332,41994
236.288683468,nodestore,4298,4.07,2.9706667659476826,63464,63828
236.288683468,nodeapiserver,4294,6.89,3.960889021263577,342952,343140
236.288683468,nodescheduler,4266,1.38,0.0,65376,65756
236.288683468,nodecontroller,4272,2.27,1.9804445106317885,125376,125660
236.288683468,nodelet,4429,5.31,1.9804445106317885,102224,100138
236.288683468,nodeproxy,4625,0.03,0.0,50648,51020
236.288683468,containerd,3704,2.42,0.0,94472,93013
236.288683468,flanneld,5249,0.28,0.0,48116,48260
236.288683468,coredns,4946,0.3,0.0,65836,42434
236.288683468,coredns,4956,0.28,0.9902222553158943,65332,41994
237.29871229999998,nodestore,4298,4.08,0.9900707468121176,63464,63832
237.29871229999998,nodeapiserver,4294,6.91,1.9801414936242352,342952,343140
237.29871229999998,nodescheduler,4266,1.39,0.9900707468121176,65376,65756
237.29871229999998,nodecontroller,4272,2.28,0.9900707468121176,125376,125660
237.29871229999998,nodelet,4429,5.33,1.9801414936242352,102224,100138
237.29871229999998,nodeproxy,4625,0.03,0.0,50648,51020
237.29871229999998,containerd,3704,2.43,0.9900707468121176,94472,93013
237.29871229999998,flanneld,5249,0.28,0.0,48116,48260
237.29871229999998,coredns,4946,0.3,0.0,65836,42434
237.29871229999998,coredns,4956,0.28,0.0,65332,41994
238.309079413,nodestore,4298,4.1,1.9794785224763565,63464,63836
238.309079413,nodeapiserver,4294,6.95,3.958957044952713,342952,343140
238.309079413,nodescheduler,4266,1.39,0.0,65376,65760
238.309079413,nodecontroller,4272,2.29,0.9897392612381782,125376,125660
238.309079413,nodelet,4429,5.35,1.9794785224763565,102224,100151
238.309079413,nodeproxy,4625,0.03,0.0,50648,51020
238.309079413,containerd,3704,2.44,0.9897392612381782,94472,93015
238.309079413,flanneld,5249,0.28,0.0,48116,48260
238.309079413,coredns,4946,0.3,0.0,65836,42434
238.309079413,coredns,4956,0.28,0.0,65332,41994
239.319163544,nodestore,4298,4.12,1.9800330869667226,63464,63836
239.319163544,nodeapiserver,4294,6.98,2.970049630450084,342952,343140
239.319163544,nodescheduler,4266,1.4,0.9900165434833613,65376,65760
239.319163544,nodecontroller,4272,2.31,1.9800330869667226,122512,122756
239.319163544,nodelet,4429,5.4,4.950082717416807,102224,100155
239.319163544,nodeproxy,4625,0.03,0.0,50648,51020
239.319163544,containerd,3704,2.45,0.9900165434833613,94472,93015
239.319163544,flanneld,5249,0.28,0.0,48116,48264
239.319163544,coredns,4946,0.31,0.9900165434833613,65836,42434
239.319163544,coredns,4956,0.28,0.0,65332,41994
240.32907508300002,nodestore,4298,4.13,0.9901857354656595,63464,63836
240.32907508300002,nodeapiserver,4294,7.0,1.980371470931319,342952,343140
240.32907508300002,nodescheduler,4266,1.41,0.9901857354656595,65376,65760
240.32907508300002,nodecontroller,4272,2.32,0.9901857354656595,122512,122756
240.32907508300002,nodelet,4429,5.44,3.960742941862638,102224,100159
240.32907508300002,nodeproxy,4625,0.03,0.0,50648,51020
240.32907508300002,containerd,3704,2.47,1.980371470931319,94472,93015
240.32907508300002,flanneld,5249,0.28,0.0,48116,48264
240.32907508300002,coredns,4946,0.31,0.0,65836,42434
240.32907508300002,coredns,4956,0.28,0.0,65332,41994
241.33914534899998,nodestore,4298,4.15,1.9800602664211928,63464,63836
241.33914534899998,nodeapiserver,4294,7.02,1.9800602664211928,342952,343140
241.33914534899998,nodescheduler,4266,1.42,0.9900301332105964,65376,65760
241.33914534899998,nodecontroller,4272,2.33,0.9900301332105964,122512,122756
241.33914534899998,nodelet,4429,5.45,0.9900301332105964,102224,100159
241.33914534899998,nodeproxy,4625,0.03,0.0,50648,51020
241.33914534899998,containerd,3704,2.47,0.0,94472,93015
241.33914534899998,flanneld,5249,0.28,0.0,48116,48264
241.33914534899998,coredns,4946,0.31,0.0,65836,42434
241.33914534899998,coredns,4956,0.28,0.0,65332,41994
242.34899396600002,nodestore,4298,4.17,1.9804948646079195,63464,63840
242.34899396600002,nodeapiserver,4294,7.05,2.970742296911879,342952,343140
242.34899396600002,nodescheduler,4266,1.42,0.0,65376,65760
242.34899396600002,nodecontroller,4272,2.34,0.9902474323039597,122512,122756
242.34899396600002,nodelet,4429,5.47,1.9804948646079195,102224,100159
242.34899396600002,nodeproxy,4625,0.03,0.0,50648,51020
242.34899396600002,containerd,3704,2.48,0.9902474323039597,94472,93015
242.34899396600002,flanneld,5249,0.28,0.0,48116,48264
242.34899396600002,coredns,4946,0.31,0.0,65836,42434
242.34899396600002,coredns,4956,0.29,0.9902474323039597,65332,41994
243.359318353,nodestore,4298,4.19,1.9795622334117349,63464,63840
243.359318353,nodeapiserver,4294,7.08,2.9693433501176023,342952,343140
243.359318353,nodescheduler,4266,1.43,0.9897811167058674,65376,65760
243.359318353,nodecontroller,4272,2.34,0.0,122512,122756
243.359318353,nodelet,4429,5.48,0.9897811167058674,102224,100163
243.359318353,nodeproxy,4625,0.03,0.0,50648,51020
243.359318353,containerd,3704,2.49,0.9897811167058674,94472,93015
243.359318353,flanneld,5249,0.28,0.0,48116,48264
243.359318353,coredns,4946,0.31,0.0,65836,42434
243.359318353,coredns,4956,0.29,0.0,65332,41994
244.36934732499998,nodestore,4298,4.2,0.9900706095785274,63464,63840
244.36934732499998,nodeapiserver,4294,7.1,1.9801412191570549,342952,343144
244.36934732499998,nodescheduler,4266,1.43,0.0,65376,65760
244.36934732499998,nodecontroller,4272,2.35,0.9900706095785274,122512,122756
244.36934732499998,nodelet,4429,5.5,1.9801412191570549,102224,100163
244.36934732499998,nodeproxy,4625,0.03,0.0,50648,51020
244.36934732499998,containerd,3704,2.5,0.9900706095785274,94472,93015
244.36934732499998,flanneld,5249,0.29,0.9900706095785274,48116,48264
244.36934732499998,coredns,4946,0.32,0.9900706095785274,65836,42434
244.36934732499998,coredns,4956,0.29,0.0,65332,41994
245.379484683,nodestore,4298,4.21,0.9899643767060752,63464,63840
245.379484683,nodeapiserver,4294,7.13,2.9698931301182254,342952,343144
245.379484683,nodescheduler,4266,1.44,0.9899643767060752,65376,65760
245.379484683,nodecontroller,4272,2.37,1.9799287534121504,122512,122756
245.379484683,nodelet,4429,5.52,1.9799287534121504,102224,100167
245.379484683,nodeproxy,4625,0.03,0.0,50648,51020
245.379484683,containerd,3704,2.51,0.9899643767060752,94472,93015
245.379484683,flanneld,5249,0.29,0.0,48116,48264
245.379484683,coredns,4946,0.32,0.0,65836,42434
245.379484683,coredns,4956,0.29,0.0,65332,41994
246.389292711,nodestore,4298,4.23,1.9805744701407564,63464,63844
246.389292711,nodeapiserver,4294,7.17,3.9611489402815128,342952,343144
246.389292711,nodescheduler,4266,1.44,0.0,65376,65760
246.389292711,nodecontroller,4272,2.38,0.9902872350703782,122512,122756
246.389292711,nodelet,4429,5.53,0.9902872350703782,102224,100167
246.389292711,nodeproxy,4625,0.03,0.0,50648,51020
246.389292711,containerd,3704,2.52,0.9902872350703782,94472,93015
246.389292711,flanneld,5249,0.29,0.0,48116,48264
246.389292711,coredns,4946,0.32,0.0,65836,42434
246.389292711,coredns,4956,0.29,0.0,65332,42002
247.39892587399999,nodestore,4298,4.26,2.971376248266155,63464,63844
247.39892587399999,nodeapiserver,4294,7.21,3.9618349976882064,342952,343208
247.39892587399999,nodescheduler,4266,1.45,0.9904587494220516,65376,65760
247.39892587399999,nodecontroller,4272,2.39,0.9904587494220516,122512,122756
247.39892587399999,nodelet,4429,5.56,2.971376248266155,102224,100167
247.39892587399999,nodeproxy,4625,0.03,0.0,50648,51020
247.39892587399999,containerd,3704,2.53,0.9904587494220516,94472,93015
247.39892587399999,flanneld,5249,0.29,0.0,48116,48264
247.39892587399999,coredns,4946,0.32,0.0,65836,42434
247.39892587399999,coredns,4956,0.29,0.0,65332,42006
248.40902661299998,nodestore,4298,4.28,1.9800005314123525,63464,63844
248.40902661299998,nodeapiserver,4294,7.25,3.960001062824705,342952,343208
248.40902661299998,nodescheduler,4266,1.45,0.0,65376,65760
248.40902661299998,nodecontroller,4272,2.4,0.9900002657061763,122512,122756
248.40902661299998,nodelet,4429,5.58,1.9800005314123525,102224,100167
248.40902661299998,nodeproxy,4625,0.03,0.0,50648,51020
248.40902661299998,containerd,3704,2.54,0.9900002657061763,94472,93015
248.40902661299998,flanneld,5249,0.29,0.0,48116,48264
248.40902661299998,coredns,4946,0.32,0.0,65836,42434
248.40902661299998,coredns,4956,0.3,0.9900002657061763,65332,42006
249.421221204,nodestore,4298,4.3,1.9759046509268994,63464,63908
249.421221204,nodeapiserver,4294,7.28,2.9638569763903493,342952,343212
249.421221204,nodescheduler,4266,1.46,0.9879523254634497,65376,65760
249.421221204,nodecontroller,4272,2.41,0.9879523254634497,122512,122760
249.421221204,nodelet,4429,5.64,5.927713952780699,102224,100247
249.421221204,nodeproxy,4625,0.03,0.0,50648,51020
249.421221204,containerd,3704,2.6,5.927713952780699,94472,93023
249.421221204,flanneld,5249,0.29,0.0,48116,48264
249.421221204,coredns,4946,0.32,0.0,65836,42434
249.421221204,coredns,4956,0.3,0.0,65332,42006
250.43333732999997,nodestore,4298,4.31,0.9880289171482215,63464,63912
250.43333732999997,nodeapiserver,4294,7.3,1.976057834296443,342952,343212
250.43333732999997,nodescheduler,4266,1.47,0.9880289171482215,65376,65760
250.43333732999997,nodecontroller,4272,2.41,0.0,122512,122760
250.43333732999997,nodelet,4429,5.68,3.952115668592886,102224,100251
250.43333732999997,nodeproxy,4625,0.03,0.0,50648,51020
250.43333732999997,containerd,3704,2.61,0.9880289171482215,94472,93023
250.43333732999997,flanneld,5249,0.3,0.9880289171482215,48116,48268
250.43333732999997,coredns,4946,0.32,0.0,65836,42434
250.43333732999997,coredns,4956,0.3,0.0,65332,42010
251.44320607499998,nodestore,4298,4.32,0.9902276953823285,63464,63912
251.44320607499998,nodeapiserver,4294,7.34,3.960910781529314,342952,343212
251.44320607499998,nodescheduler,4266,1.48,0.9902276953823285,65376,65768
251.44320607499998,nodecontroller,4272,2.42,0.9902276953823285,122512,122760
251.44320607499998,nodelet,4429,5.7,1.980455390764657,102224,100251
251.44320607499998,nodeproxy,4625,0.03,0.0,50648,51020
251.44320607499998,containerd,3704,2.62,0.9902276953823285,94472,93023
251.44320607499998,flanneld,5249,0.3,0.0,48116,48268
251.44320607499998,coredns,4946,0.32,0.0,65836,42434
251.44320607499998,coredns,4956,0.3,0.0,65332,42014
252.45310706499998,nodestore,4298,4.34,1.9803921570568903,63464,63912
252.45310706499998,nodeapiserver,4294,7.36,1.9803921570568903,342952,343212
252.45310706499998,nodescheduler,4266,1.48,0.0,65376,65768
252.45310706499998,nodecontroller,4272,2.44,1.9803921570568903,122512,122760
252.45310706499998,nodelet,4429,5.72,1.9803921570568903,102224,100251
252.45310706499998,nodeproxy,4625,0.03,0.0,50648,51020
252.45310706499998,containerd,3704,2.62,0.0,94472,93023
252.45310706499998,flanneld,5249,0.3,0.0,48116,48268
252.45310706499998,coredns,4946,0.32,0.0,65836,42434
252.45310706499998,coredns,4956,0.3,0.0,65332,42014
253.46297748,nodestore,4298,4.36,1.9804521157300705,63464,63912
253.46297748,nodeapiserver,4294,7.39,2.9706781735951058,342952,343212
253.46297748,nodescheduler,4266,1.49,0.9902260578650353,65376,65768
253.46297748,nodecontroller,4272,2.44,0.0,128272,128584
253.46297748,nodelet,4429,5.75,2.9706781735951058,101300,99291
253.46297748,nodeproxy,4625,0.03,0.0,50648,51020
253.46297748,containerd,3704,2.63,0.9902260578650353,94472,93023
253.46297748,flanneld,5249,0.3,0.0,48116,48268
253.46297748,coredns,4946,0.32,0.0,65836,42434
253.46297748,coredns,4956,0.3,0.0,65332,42014
254.473017299,nodestore,4298,4.38,1.9801199540629493,63464,63920
254.473017299,nodeapiserver,4294,7.42,2.9701799310944237,342952,343212
254.473017299,nodescheduler,4266,1.49,0.0,65376,65768
254.473017299,nodecontroller,4272,2.45,0.9900599770314746,128272,128592
254.473017299,nodelet,4429,5.76,0.9900599770314746,101300,99295
254.473017299,nodeproxy,4625,0.03,0.0,50648,51020
254.473017299,containerd,3704,2.65,1.9801199540629493,94472,93023
254.473017299,flanneld,5249,0.3,0.0,48116,48276
254.473017299,coredns,4946,0.32,0.0,65836,42434
254.473017299,coredns,4956,0.3,0.0,65332,42014
255.482798978,nodestore,4298,4.4,1.9806261507740948,63464,63920
255.482798978,nodeapiserver,4294,7.46,3.9612523015481895,342952,343216
255.482798978,nodescheduler,4266,1.5,0.9903130753870474,65376,65768
255.482798978,nodecontroller,4272,2.48,2.9709392261611423,128272,128596
255.482798978,nodelet,4429,5.78,1.9806261507740948,101300,99295
255.482798978,nodeproxy,4625,0.03,0.0,50648,51020
255.482798978,containerd,3704,2.66,0.9903130753870474,94472,93023
255.482798978,flanneld,5249,0.31,0.9903130753870474,48116,48276
255.482798978,coredns,4946,0.32,0.0,65836,42434
255.482798978,coredns,4956,0.3,0.0,65332,42014
256.492902131,nodestore,4298,4.41,0.9899978997491667,63464,63920
256.492902131,nodeapiserver,4294,7.49,2.9699936992475,342952,343216
256.492902131,nodescheduler,4266,1.5,0.0,65376,65768
256.492902131,nodecontroller,4272,2.49,0.9899978997491667,128272,128596
256.492902131,nodelet,4429,5.79,0.9899978997491667,101300,99295
256.492902131,nodeproxy,4625,0.03,0.0,50648,51020
256.492902131,containerd,3704,2.66,0.0,94472,93023
256.492902131,flanneld,5249,0.31,0.0,48116,48276
256.492902131,coredns,4946,0.32,0.0,65836,42434
256.492902131,coredns,4956,0.3,0.0,65332,42014
257.502974702,nodestore,4298,4.42,0.99002787394766,63464,63920
257.502974702,nodeapiserver,4294,7.53,3.96011149579064,342952,343220
257.502974702,nodescheduler,4266,1.51,0.99002787394766,65376,65768
257.502974702,nodecontroller,4272,2.51,1.98005574789532,128272,128596
257.502974702,nodelet,4429,5.81,1.98005574789532,101300,99295
257.502974702,nodeproxy,4625,0.03,0.0,50648,51020
257.502974702,containerd,3704,2.67,0.99002787394766,94472,93023
257.502974702,flanneld,5249,0.31,0.0,48116,48276
257.502974702,coredns,4946,0.32,0.0,65836,42434
257.502974702,coredns,4956,0.3,0.0,65332,42014
258.513090218,nodestore,4298,4.45,2.9699573489177498,63464,63924
258.513090218,nodeapiserver,4294,7.57,3.9599431318903333,342952,343220
258.513090218,nodescheduler,4266,1.51,0.0,65376,65768
258.513090218,nodecontroller,4272,2.53,1.9799715659451667,128272,128596
258.513090218,nodelet,4429,5.83,1.9799715659451667,101300,99299
258.513090218,nodeproxy,4625,0.03,0.0,50648,51020
258.513090218,containerd,3704,2.68,0.9899857829725833,94472,93023
258.513090218,flanneld,5249,0.31,0.0,48116,48276
258.513090218,coredns,4946,0.34,1.9799715659451667,65836,42434
258.513090218,coredns,4956,0.3,0.0,65332,42014
259.523614361,nodestore,4298,4.47,1.979170922193399,63464,63924
259.523614361,nodeapiserver,4294,7.6,2.9687563832900987,342952,343220
259.523614361,nodescheduler,4266,1.52,0.9895854610966995,65376,65768
259.523614361,nodecontroller,4272,2.53,0.0,128272,128596
259.523614361,nodelet,4429,5.86,2.9687563832900987,101300,99299
259.523614361,nodeproxy,4625,0.03,0.0,50648,51020
259.523614361,containerd,3704,2.7,1.979170922193399,94472,93023
259.523614361,flanneld,5249,0.31,0.0,48116,48276
259.523614361,coredns,4946,0.34,0.0,65836,42434
259.523614361,coredns,4956,0.31,0.9895854610966995,65332,42014
260.53329362,nodestore,4298,4.49,1.9808270618343067,63464,63928
260.53329362,nodeapiserver,4294,7.62,1.9808270618343067,342952,343220
260.53329362,nodescheduler,4266,1.53,0.9904135309171533,65376,65768
260.53329362,nodecontroller,4272,2.54,0.9904135309171533,128272,128596
260.53329362,nodelet,4429,5.92,5.94248118550292,101300,99299
260.53329362,nodeproxy,4625,0.03,0.0,50648,51020
260.53329362,containerd,3704,2.71,0.9904135309171533,94472,93023
260.53329362,flanneld,5249,0.31,0.0,48116,48276
260.53329362,coredns,4946,0.34,0.0,65836,42434
260.53329362,coredns,4956,0.31,0.0,65332,42014
261.543546961,nodestore,4298,4.5,0.9898507229979959,63464,63928
261.543546961,nodeapiserver,4294,7.64,1.9797014459959918,342952,343220
261.543546961,nodescheduler,4266,1.53,0.0,65376,65768
261.543546961,nodecontroller,4272,2.55,0.9898507229979959,128272,128596
261.543546961,nodelet,4429,5.94,1.9797014459959918,101300,99299
261.543546961,nodeproxy,4625,0.03,0.0,50648,51020
261.543546961,containerd,3704,2.72,0.9898507229979959,94472,93023
261.543546961,flanneld,5249,0.31,0.0,48116,48276
261.543546961,coredns,4946,0.34,0.0,65836,42434
261.543546961,coredns,4956,0.31,0.0,65332,42014
262.554647593,nodestore,4298,4.51,0.9890212391836161,63464,63928
262.554647593,nodeapiserver,4294,7.68,3.9560849567344643,342952,343220
262.554647593,nodescheduler,4266,1.54,0.9890212391836161,65376,65768
262.554647593,nodecontroller,4272,2.57,1.9780424783672321,128272,128596
262.554647593,nodelet,4429,5.96,1.9780424783672321,101300,99299
262.554647593,nodeproxy,4625,0.03,0.0,50648,51020
262.554647593,containerd,3704,2.74,1.9780424783672321,94472,93027
262.554647593,flanneld,5249,0.31,0.0,48116,48276
262.554647593,coredns,4946,0.34,0.0,65836,42434
262.554647593,coredns,4956,0.31,0.0,65332,42014
263.564602604,nodestore,4298,4.54,2.970429343213621,63464,63932
263.564602604,nodeapiserver,4294,7.71,2.970429343213621,342952,343220
263.564602604,nodescheduler,4266,1.55,0.9901431144045403,65376,65768
263.564602604,nodecontroller,4272,2.58,0.9901431144045403,128400,128640
263.564602604,nodelet,4429,5.97,0.9901431144045403,101300,99299
263.564602604,nodeproxy,4625,0.03,0.0,50648,51020
263.564602604,containerd,3704,2.75,0.9901431144045403,94472,93027
263.564602604,flanneld,5249,0.31,0.0,48116,48276
263.564602604,coredns,4946,0.34,0.0,65836,42434
263.564602604,coredns,4956,0.31,0.0,65332,42014
264.574649611,nodestore,4298,4.56,1.9801058625383976,63464,63932
264.574649611,nodeapiserver,4294,7.75,3.960211725076795,342952,343220
264.574649611,nodescheduler,4266,1.55,0.0,65376,65768
264.574649611,nodecontroller,4272,2.59,0.9900529312691988,128400,128640
264.574649611,nodelet,4429,5.99,1.9801058625383976,101300,99299
264.574649611,nodeproxy,4625,0.03,0.0,50648,51020
264.574649611,containerd,3704,2.76,0.9900529312691988,94472,93031
264.574649611,flanneld,5249,0.31,0.0,48116,48276
264.574649611,coredns,4946,0.34,0.0,65836,42434
264.574649611,coredns,4956,0.32,0.9900529312691988,65332,42014
265.585374226,nodestore,4298,4.57,0.9893891819385294,63464,63932
265.585374226,nodeapiserver,4294,7.77,1.9787783638770589,342952,343220
265.585374226,nodescheduler,4266,1.56,0.9893891819385294,65376,65768
265.585374226,nodecontroller,4272,2.59,0.0,128400,128640
265.585374226,nodelet,4429,6.01,1.9787783638770589,101300,99299
265.585374226,nodeproxy,4625,0.03,0.0,50648,51020
265.585374226,containerd,3704,2.76,0.0,94472,93031
265.585374226,flanneld,5249,0.31,0.0,48116,48276
265.585374226,coredns,4946,0.34,0.0,65836,42434
265.585374226,coredns,4956,0.32,0.0,65332,42022
266.595438843,nodestore,4298,4.58,0.9900356701634548,63464,63936
266.595438843,nodeapiserver,4294,7.79,1.9800713403269097,342952,343220
266.595438843,nodescheduler,4266,1.56,0.0,65376,65768
266.595438843,nodecontroller,4272,2.6,0.9900356701634548,128400,128640
266.595438843,nodelet,4429,6.03,1.9800713403269097,101300,99299
266.595438843,nodeproxy,4625,0.03,0.0,50648,51020
266.595438843,containerd,3704,2.78,1.9800713403269097,94472,93031
266.595438843,flanneld,5249,0.31,0.0,48116,48276
266.595438843,coredns,4946,0.34,0.0,65836,42434
266.595438843,coredns,4956,0.32,0.0,65332,42022
267.605349353,nodestore,4298,4.6,1.9803734887361506,63464,63940
267.605349353,nodeapiserver,4294,7.83,3.960746977472301,342952,343220
267.605349353,nodescheduler,4266,1.57,0.9901867443680753,65376,65768
267.605349353,nodecontroller,4272,2.62,1.9803734887361506,128400,128640
267.605349353,nodelet,4429,6.05,1.9803734887361506,101300,99299
267.605349353,nodeproxy,4625,0.03,0.0,50648,51020
267.605349353,containerd,3704,2.78,0.0,94472,93031
267.605349353,flanneld,5249,0.31,0.0,48116,48276
267.605349353,coredns,4946,0.35,0.9901867443680753,65836,42434
267.605349353,coredns,4956,0.32,0.0,65332,42022
268.615233206,nodestore,4298,4.63,2.9706386443233312,63464,63944
268.615233206,nodeapiserver,4294,7.86,2.9706386443233312,342952,343220
268.615233206,nodescheduler,4266,1.57,0.0,65376,65768
268.615233206,nodecontroller,4272,2.62,0.0,128400,128640
268.615233206,nodelet,4429,6.07,1.9804257628822208,101300,99299
268.615233206,nodeproxy,4625,0.03,0.0,50648,51020
268.615233206,containerd,3704,2.79,0.9902128814411104,94472,93031
268.615233206,flanneld,5249,0.31,0.0,48116,48276
268.615233206,coredns,4946,0.35,0.0,65836,42434
268.615233206,coredns,4956,0.32,0.0,65332,42022
269.624886529,nodestore,4298,4.65,1.9808779453698628,63464,63944
269.624886529,nodeapiserver,4294,7.89,2.9713169180547943,342952,343220
269.624886529,nodescheduler,4266,1.58,0.9904389726849314,65376,65772
269.624886529,nodecontroller,4272,2.63,0.9904389726849314,128400,128644
269.624886529,nodelet,4429,6.11,3.9617558907397257,101300,99303
269.624886529,nodeproxy,4625,0.03,0.0,50648,51020
269.624886529,containerd,3704,2.8,0.9904389726849314,94472,93031
269.624886529,flanneld,5249,0.32,0.9904389726849314,48116,48276
269.624886529,coredns,4946,0.35,0.0,65836,42434
269.624886529,coredns,4956,0.32,0.0,65332,42022
270.634980804,nodestore,4298,4.67,1.9800132022329733,63464,63948
270.634980804,nodeapiserver,4294,7.92,2.9700198033494596,342952,343220
270.634980804,nodescheduler,4266,1.58,0.0,65376,65772
270.634980804,nodecontroller,4272,2.64,0.9900066011164866,128400,128644
270.634980804,nodelet,4429,6.15,3.9600264044659466,101300,99303
270.634980804,nodeproxy,4625,0.03,0.0,50648,51020
270.634980804,containerd,3704,2.82,1.9800132022329733,94472,93031
270.634980804,flanneld,5249,0.32,0.0,48116,48276
270.634980804,coredns,4946,0.35,0.0,65836,42434
270.634980804,coredns,4956,0.33,0.9900066011164866,65332,42022
271.644938455,nodestore,4298,4.68,0.9901405261991728,63464,63952
271.644938455,nodeapiserver,4294,7.96,3.9605621047966912,342952,343224
271.644938455,nodescheduler,4266,1.59,0.9901405261991728,65376,65772
271.644938455,nodecontroller,4272,2.66,1.9802810523983456,128400,128644
271.644938455,nodelet,4429,6.18,2.9704215785975183,101300,99303
271.644938455,nodeproxy,4625,0.03,0.0,50648,51020
271.644938455,containerd,3704,2.83,0.9901405261991728,94472,93031
271.644938455,flanneld,5249,0.32,0.0,48116,48276
271.644938455,coredns,4946,0.35,0.0,65836,42434
271.644938455,coredns,4956,0.33,0.0,65332,42022
272.655301875,nodestore,4298,4.7,1.9794857577087805,63464,63952
272.655301875,nodeapiserver,4294,7.98,1.9794857577087805,342952,343224
272.655301875,nodescheduler,4266,1.59,0.0,65376,65772
272.655301875,nodecontroller,4272,2.66,0.0,128400,128644
272.655301875,nodelet,4429,6.19,0.9897428788543903,101300,99307
272.655301875,nodeproxy,4625,0.03,0.0,50648,51020
272.655301875,containerd,3704,2.83,0.0,94472,93031
272.655301875,flanneld,5249,0.32,0.0,48116,48276
272.655301875,coredns,4946,0.35,0.0,65836,42434
272.655301875,coredns,4956,0.33,0.0,65332,42022
273.665297531,nodestore,4298,4.71,0.9901032683253432,63464,63952
273.665297531,nodeapiserver,4294,8.01,2.9703098049760297,342952,343224
273.665297531,nodescheduler,4266,1.6,0.9901032683253432,65376,65772
273.665297531,nodecontroller,4272,2.67,0.9901032683253432,128400,128644
273.665297531,nodelet,4429,6.21,1.9802065366506865,101300,99307
273.665297531,nodeproxy,4625,0.03,0.0,50648,51020
273.665297531,containerd,3704,2.84,0.9901032683253432,94472,93031
273.665297531,flanneld,5249,0.32,0.0,48116,48276
273.665297531,coredns,4946,0.35,0.0,65836,42434
273.665297531,coredns,4956,0.33,0.0,65332,42022
274.675169707,nodestore,4298,4.74,2.970672993371031,63464,63952
274.675169707,nodeapiserver,4294,8.04,2.970672993371031,342952,343224
274.675169707,nodescheduler,4266,1.61,0.9902243311236771,65376,65772
274.675169707,nodecontroller,4272,2.68,0.9902243311236771,128400,128644
274.675169707,nodelet,4429,6.22,0.9902243311236771,101300,99307
274.675169707,nodeproxy,4625,0.03,0.0,50648,51020
274.675169707,containerd,3704,2.85,0.9902243311236771,94472,93039
274.675169707,flanneld,5249,0.32,0.0,48116,48276
274.675169707,coredns,4946,0.35,0.0,65836,42434
274.675169707,coredns,4956,0.33,0.0,65332,42022
275.684996362,nodestore,4298,4.76,1.980537936978929,63464,63956
275.684996362,nodeapiserver,4294,8.06,1.980537936978929,342952,343224
275.684996362,nodescheduler,4266,1.62,0.9902689684894646,65376,65772
275.684996362,nodecontroller,4272,2.69,0.9902689684894646,128400,128644
275.684996362,nodelet,4429,6.25,2.9708069054683937,101300,99307
275.684996362,nodeproxy,4625,0.03,0.0,50648,51020
275.684996362,containerd,3704,2.87,1.980537936978929,94472,93039
275.684996362,flanneld,5249,0.33,0.9902689684894646,48116,48276
275.684996362,coredns,4946,0.35,0.0,65836,42434
275.684996362,coredns,4956,0.33,0.0,65332,42022
276.694847245,nodestore,4298,4.78,1.9804904205841791,63464,63956
276.694847245,nodeapiserver,4294,8.1,3.9609808411683582,342952,343224
276.694847245,nodescheduler,4266,1.63,0.9902452102920896,65376,65772
276.694847245,nodecontroller,4272,2.7,0.9902452102920896,128400,128644
276.694847245,nodelet,4429,6.26,0.9902452102920896,101300,99307
276.694847245,nodeproxy,4625,0.03,0.0,50648,51020
276.694847245,containerd,3704,2.88,0.9902452102920896,94472,93039
276.694847245,flanneld,5249,0.33,0.0,48116,48276
276.694847245,coredns,4946,0.35,0.0,65836,42434
276.694847245,coredns,4956,0.33,0.0,65332,42022
277.704705296,nodestore,4298,4.79,0.9902381815045996,63464,63968
277.704705296,nodeapiserver,4294,8.13,2.970714544513799,342952,343228
277.704705296,nodescheduler,4266,1.63,0.0,65376,65772
277.704705296,nodecontroller,4272,2.71,0.9902381815045996,128400,128644
277.704705296,nodelet,4429,6.29,2.970714544513799,101300,99307
277.704705296,nodeproxy,4625,0.03,0.0,50648,51020
277.704705296,containerd,3704,2.89,0.9902381815045996,94472,93039
277.704705296,flanneld,5249,0.33,0.0,48116,48276
277.704705296,coredns,4946,0.35,0.0,65836,42434
277.704705296,coredns,4956,0.33,0.0,65332,42022
278.714529703,nodestore,4298,4.82,2.970813518869534,63464,63976
278.714529703,nodeapiserver,4294,8.16,2.970813518869534,342952,343228
278.714529703,nodescheduler,4266,1.64,0.9902711729565113,65376,65772
278.714529703,nodecontroller,4272,2.73,1.9805423459130227,128400,128644
278.714529703,nodelet,4429,6.31,1.9805423459130227,101300,99315
278.714529703,nodeproxy,4625,0.03,0.0,50648,51020
278.714529703,containerd,3704,2.9,0.9902711729565113,94472,93039
278.714529703,flanneld,5249,0.33,0.0,48116,48276
278.714529703,coredns,4946,0.36,0.9902711729565113,65836,42434
278.714529703,coredns,4956,0.34,0.9902711729565113,65332,42022
279.724538127,nodestore,4298,4.84,1.9801815039118251,63464,63980
279.724538127,nodeapiserver,4294,8.19,2.9702722558677377,342952,343228
279.724538127,nodescheduler,4266,1.64,0.0,65376,65772
279.724538127,nodecontroller,4272,2.74,0.9900907519559126,128400,128644
279.724538127,nodelet,4429,6.33,1.9801815039118251,101300,99315
279.724538127,nodeproxy,4625,0.03,0.0,50648,51020
279.724538127,containerd,3704,2.91,0.9900907519559126,94472,93043
279.724538127,flanneld,5249,0.33,0.0,48116,48276
279.724538127,coredns,4946,0.36,0.0,65836,42434
279.724538127,coredns,4956,0.34,0.0,65332,42022
280.734506111,nodestore,4298,4.85,0.9901303960542603,63464,63980
280.734506111,nodeapiserver,4294,8.21,1.9802607921085207,342952,343228
280.734506111,nodescheduler,4266,1.65,0.9901303960542603,65376,65772
280.734506111,nodecontroller,4272,2.74,0.0,128400,128644
280.734506111,nodelet,4429,6.38,4.950651980271302,101300,99327
280.734506111,nodeproxy,4625,0.03,0.0,50648,51020
280.734506111,containerd,3704,2.92,0.9901303960542603,94472,93043
280.734506111,flanneld,5249,0.33,0.0,48116,48276
280.734506111,coredns,4946,0.36,0.0,65836,42434
280.734506111,coredns,4956,0.34,0.0,65332,42022
281.74432213,nodestore,4298,4.86,0.9902793986079291,63464,63984
281.74432213,nodeapiserver,4294,8.24,2.9708381958237875,342952,343228
281.74432213,nodescheduler,4266,1.66,0.9902793986079291,65376,65772
281.74432213,nodecontroller,4272,2.75,0.9902793986079291,128400,128644
281.74432213,nodelet,4429,6.39,0.9902793986079291,101300,99327
281.74432213,nodeproxy,4625,0.03,0.0,50648,51020
281.74432213,containerd,3704,2.93,0.9902793986079291,94472,93043
281.74432213,flanneld,5249,0.33,0.0,48116,48276
281.74432213,coredns,4946,0.36,0.0,65836,42434
281.74432213,coredns,4956,0.34,0.0,65332,42022
282.754060829,nodestore,4298,4.88,1.980710457052564,63464,63984
282.754060829,nodeapiserver,4294,8.27,2.971065685578846,342952,343228
282.754060829,nodescheduler,4266,1.66,0.0,65376,65772
282.754060829,nodecontroller,4272,2.76,0.990355228526282,128400,128644
282.754060829,nodelet,4429,6.4,0.990355228526282,101300,99327
282.754060829,nodeproxy,4625,0.03,0.0,50648,51020
282.754060829,containerd,3704,2.94,0.990355228526282,94472,93047
282.754060829,flanneld,5249,0.33,0.0,48116,48276
282.754060829,coredns,4946,0.36,0.0,65836,42434
282.754060829,coredns,4956,0.34,0.0,65332,42022
283.763771405,nodestore,4298,4.89,0.9903828124308216,63464,63984
283.763771405,nodeapiserver,4294,8.3,2.971148437292465,342952,343228
283.763771405,nodescheduler,4266,1.67,0.9903828124308216,65376,65772
283.763771405,nodecontroller,4272,2.77,0.9903828124308216,128400,128644
283.763771405,nodelet,4429,6.42,1.9807656248616432,101300,99327
283.763771405,nodeproxy,4625,0.03,0.0,50648,51020
283.763771405,containerd,3704,2.94,0.0,94472,93047
283.763771405,flanneld,5249,0.33,0.0,48116,48276
283.763771405,coredns,4946,0.36,0.0,65836,42434
283.763771405,coredns,4956,0.34,0.0,65332,42022
284.773232622,nodestore,4298,4.91,1.981254917295108,63464,63984
284.773232622,nodeapiserver,4294,8.32,1.981254917295108,342952,343228
284.773232622,nodescheduler,4266,1.67,0.0,65376,65772
284.773232622,nodecontroller,4272,2.78,0.990627458647554,128400,128644
284.773232622,nodelet,4429,6.43,0.990627458647554,101300,99327
284.773232622,nodeproxy,4625,0.03,0.0,50648,51020
284.773232622,containerd,3704,2.96,1.981254917295108,94472,93051
284.773232622,flanneld,5249,0.34,0.990627458647554,48116,48276
284.773232622,coredns,4946,0.36,0.0,65836,42434
284.773232622,coredns,4956,0.34,0.0,65332,42022
285.782971998,nodestore,4298,4.93,1.9807091290456504,63464,63984
285.782971998,nodeapiserver,4294,8.36,3.961418258091301,342952,343228
285.782971998,nodescheduler,4266,1.68,0.9903545645228252,65376,65776
285.782971998,nodecontroller,4272,2.79,0.9903545645228252,128400,128644
285.782971998,nodelet,4429,6.47,3.961418258091301,101300,99331
285.782971998,nodeproxy,4625,0.03,0.0,50648,51020
285.782971998,containerd,3704,2.96,0.0,94472,93051
285.782971998,flanneld,5249,0.34,0.0,48116,48276
285.782971998,coredns,4946,0.36,0.0,65836,42434
285.782971998,coredns,4956,0.34,0.0,65332,42022
286.792647817,nodestore,4298,4.94,0.9904169052898804,63464,63984
286.792647817,nodeapiserver,4294,8.39,2.971250715869641,342952,343228
286.792647817,nodescheduler,4266,1.69,0.9904169052898804,65376,65776
286.792647817,nodecontroller,4272,2.8,0.9904169052898804,128400,128644
286.792647817,nodelet,4429,6.49,1.9808338105797607,101300,99331
286.792647817,nodeproxy,4625,0.03,0.0,50648,51020
286.792647817,containerd,3704,2.98,1.9808338105797607,94472,93051
286.792647817,flanneld,5249,0.34,0.0,48116,48276
286.792647817,coredns,4946,0.37,0.9904169052898804,65836,42434
286.792647817,coredns,4956,0.34,0.0,65332,42022
287.802988257,nodestore,4298,4.96,1.9795307807336837,63464,63984
287.802988257,nodeapiserver,4294,8.42,2.9692961711005257,342952,343228
287.802988257,nodescheduler,4266,1.7,0.9897653903668419,65376,65776
287.802988257,nodecontroller,4272,2.81,0.9897653903668419,128400,128644
287.802988257,nodelet,4429,6.5,0.9897653903668419,101300,99331
287.802988257,nodeproxy,4625,0.03,0.0,50648,51020
287.802988257,containerd,3704,2.98,0.0,94472,93051
287.802988257,flanneld,5249,0.34,0.0,48116,48276
287.802988257,coredns,4946,0.37,0.0,65836,42434
287.802988257,coredns,4956,0.34,0.0,65332,42022
288.813523998,nodestore,4298,4.99,2.9687223106342,63464,63988
288.813523998,nodeapiserver,4294,8.45,2.9687223106342,342952,343232
288.813523998,nodescheduler,4266,1.7,0.0,65376,65776
288.813523998,nodecontroller,4272,2.83,1.9791482070894664,128400,128644
288.813523998,nodelet,4429,6.52,1.9791482070894664,101300,99331
288.813523998,nodeproxy,4625,0.03,0.0,50648,51020
288.813523998,containerd,3704,2.99,0.9895741035447332,94472,93051
288.813523998,flanneld,5249,0.34,0.0,48116,48276
288.813523998,coredns,4946,0.37,0.0,65836,42434
288.813523998,coredns,4956,0.34,0.0,65332,42022
289.823482799,nodestore,4298,5.0,0.990139398765453,63464,63988
289.823482799,nodeapiserver,4294,8.47,1.980278797530906,342952,343232
289.823482799,nodescheduler,4266,1.7,0.0,65376,65776
289.823482799,nodecontroller,4272,2.83,0.0,128400,128644
289.823482799,nodelet,4429,6.55,2.970418196296359,101300,99331
289.823482799,nodeproxy,4625,0.03,0.0,50648,51020
289.823482799,containerd,3704,3.02,2.970418196296359,94472,93051
289.823482799,flanneld,5249,0.34,0.0,48116,48276
289.823482799,coredns,4946,0.37,0.0,65836,42434
289.823482799,coredns,4956,0.34,0.0,65332,42022
290.833105388,nodestore,4298,5.02,1.9809382454298419,63464,63988
290.833105388,nodeapiserver,4294,8.51,3.9618764908596837,342952,343232
290.833105388,nodescheduler,4266,1.71,0.9904691227149209,65376,65776
290.833105388,nodecontroller,4272,2.84,0.9904691227149209,128400,128648
290.833105388,nodelet,4429,6.59,3.9618764908596837,101428,99347
290.833105388,nodeproxy,4625,0.03,0.0,50648,51020
290.833105388,containerd,3704,3.03,0.9904691227149209,94472,93051
290.833105388,flanneld,5249,0.35,0.9904691227149209,48116,48276
290.833105388,coredns,4946,0.38,0.9904691227149209,65836,42438
290.833105388,coredns,4956,0.34,0.0,65332,42022
291.8430702,nodestore,4298,5.04,1.980267011520356,63464,63988
291.8430702,nodeapiserver,4294,8.53,1.980267011520356,342952,343232
291.8430702,nodescheduler,4266,1.71,0.0,65376,65776
291.8430702,nodecontroller,4272,2.85,0.990133505760178,128400,128648
291.8430702,nodelet,4429,6.6,0.990133505760178,101428,99347
291.8430702,nodeproxy,4625,0.03,0.0,50648,51020
291.8430702,containerd,3704,3.04,0.990133505760178,94472,93051
291.8430702,flanneld,5249,0.35,0.0,48116,48276
291.8430702,coredns,4946,0.38,0.0,65836,42438
291.8430702,coredns,4956,0.34,0.0,65332,42022
292.8531786,nodestore,4298,5.05,0.9899927572130091,63464,63996
292.8531786,nodeapiserver,4294,8.56,2.9699782716390275,342952,343232
292.8531786,nodescheduler,4266,1.73,1.9799855144260181,65376,65776
292.8531786,nodecontroller,4272,2.86,0.9899927572130091,128400,128648
292.8531786,nodelet,4429,6.64,3.9599710288520362,101428,99347
292.8531786,nodeproxy,4625,0.03,0.0,50648,51020
292.8531786,containerd,3704,3.04,0.0,94472,93051
292.8531786,flanneld,5249,0.35,0.0,48116,48276
292.8531786,coredns,4946,0.38,0.0,65836,42446
292.8531786,coredns,4956,0.35,0.9899927572130091,65332,42022
293.863004049,nodestore,4298,5.07,1.980540302267616,63464,63996
293.863004049,nodeapiserver,4294,8.58,1.980540302267616,342952,343232
293.863004049,nodescheduler,4266,1.73,0.0,65376,65776
293.863004049,nodecontroller,4272,2.86,0.0,128400,128648
293.863004049,nodelet,4429,6.65,0.990270151133808,101428,99347
293.863004049,nodeproxy,4625,0.03,0.0,50648,51020
293.863004049,containerd,3704,3.05,0.990270151133808,94472,93051
293.863004049,flanneld,5249,0.35,0.0,48116,48276
293.863004049,coredns,4946,0.38,0.0,65836,42446
293.863004049,coredns,4956,0.35,0.0,65332,42022
294.873086664,nodestore,4298,5.09,1.9800360587335841,63464,63996
294.873086664,nodeapiserver,4294,8.62,3.9600721174671683,342952,343232
294.873086664,nodescheduler,4266,1.74,0.9900180293667921,65376,65776
294.873086664,nodecontroller,4272,2.87,0.9900180293667921,128400,128648
294.873086664,nodelet,4429,6.67,1.9800360587335841,101428,99347
294.873086664,nodeproxy,4625,0.03,0.0,50648,51020
294.873086664,containerd,3704,3.07,1.9800360587335841,94472,93055
294.873086664,flanneld,5249,0.35,0.0,48116,48276
294.873086664,coredns,4946,0.38,0.0,65836,42446
294.873086664,coredns,4956,0.35,0.0,65332,42022
295.88353719,nodestore,4298,5.11,1.9793151159188973,63464,63996
295.88353719,nodeapiserver,4294,8.65,2.968972673878346,342952,343232
295.88353719,nodescheduler,4266,1.74,0.0,65376,65776
295.88353719,nodecontroller,4272,2.89,1.9793151159188973,128400,128648
295.88353719,nodelet,4429,6.69,1.9793151159188973,101428,99351
295.88353719,nodeproxy,4625,0.03,0.0,50648,51020
295.88353719,containerd,3704,3.07,0.0,94472,93055
295.88353719,flanneld,5249,0.35,0.0,48116,48276
295.88353719,coredns,4946,0.38,0.0,65836,42446
295.88353719,coredns,4956,0.36,0.9896575579594487,65332,42022
296.89317991,nodestore,4298,5.13,1.9808987480244733,63464,64000
296.89317991,nodeapiserver,4294,8.68,2.97134812203671,342952,343232
296.89317991,nodescheduler,4266,1.75,0.9904493740122366,65376,65776
296.89317991,nodecontroller,4272,2.9,0.9904493740122366,128400,128648
296.89317991,nodelet,4429,6.71,1.9808987480244733,101428,99351
296.89317991,nodeproxy,4625,0.03,0.0,50648,51020
296.89317991,containerd,3704,3.08,0.9904493740122366,94472,93055
296.89317991,flanneld,5249,0.35,0.0,48116,48276
296.89317991,coredns,4946,0.38,0.0,65836,42446
296.89317991,coredns,4956,0.36,0.0,65332,42022
297.903026287,nodestore,4298,5.14,0.9902496288304511,63464,64000
297.903026287,nodeapiserver,4294,8.7,1.9804992576609022,342952,343236
297.903026287,nodescheduler,4266,1.75,0.0,65376,65776
297.903026287,nodecontroller,4272,2.91,0.9902496288304511,128400,128648
297.903026287,nodelet,4429,6.73,1.9804992576609022,101428,99351
297.903026287,nodeproxy,4625,0.04,0.9902496288304511,50648,51028
297.903026287,containerd,3704,3.09,0.9902496288304511,94472,93055
297.903026287,flanneld,5249,0.35,0.0,48116,48276
297.903026287,coredns,4946,0.38,0.0,65836,42446
297.903026287,coredns,4956,0.36,0.0,65332,42022
298.912541338,nodestore,4298,5.16,1.981149263717131,63464,64004
298.912541338,nodeapiserver,4294,8.73,2.9717238955756966,342952,343236
298.912541338,nodescheduler,4266,1.75,0.0,65376,65776
298.912541338,nodecontroller,4272,2.92,0.9905746318585655,128400,128648
298.912541338,nodelet,4429,6.75,1.981149263717131,101428,99351
298.912541338,nodeproxy,4625,0.04,0.0,50648,51028
298.912541338,containerd,3704,3.1,0.9905746318585655,94472,93055
298.912541338,flanneld,5249,0.35,0.0,48116,48276
298.912541338,coredns,4946,0.38,0.0,65836,42446
298.912541338,coredns,4956,0.36,0.0,65332,42022
299.923004613,nodestore,4298,5.18,1.9792901429297243,63464,64004
299.923004613,nodeapiserver,4294,8.76,2.968935214394586,342952,343236
299.923004613,nodescheduler,4266,1.76,0.9896450714648621,65376,65776
299.923004613,nodecontroller,4272,2.93,0.9896450714648621,128400,128648
299.923004613,nodelet,4429,6.78,2.968935214394586,101428,99351
299.923004613,nodeproxy,4625,0.04,0.0,50648,51028
299.923004613,containerd,3704,3.12,1.9792901429297243,94472,93059
299.923004613,flanneld,5249,0.36,0.9896450714648621,48116,48276
299.923004613,coredns,4946,0.38,0.0,65836,42446
299.923004613,coredns,4956,0.36,0.0,65332,42022
300.932849085,nodestore,4298,5.2,1.9805029937322913,63464,64004
300.932849085,nodeapiserver,4294,8.79,2.970754490598437,342952,343236
300.932849085,nodescheduler,4266,1.77,0.9902514968661457,65376,65780
300.932849085,nodecontroller,4272,2.94,0.9902514968661457,128400,128648
300.932849085,nodelet,4429,6.83,4.951257484330728,101428,99375
300.932849085,nodeproxy,4625,0.04,0.0,50648,51028
300.932849085,containerd,3704,3.13,0.9902514968661457,94472,93059
300.932849085,flanneld,5249,0.36,0.0,48116,48276
300.932849085,coredns,4946,0.38,0.0,65836,42446
300.932849085,coredns,4956,0.36,0.0,65332,42022
