elapsed_seconds,component,pid,cpu_seconds,cpu_pct_one_core,rss_kib,pss_kib
1.0002128890000108,nodestore,2538,0.0,0.0,18636,11082
1.0002128890000108,nodeapiserver,2859,0.01,0.999787156312069,139672,130430
1.0002128890000108,nodescheduler,4085,0.0,0.0,21972,11182
1.0002128890000108,nodecontroller,3837,0.01,0.999787156312069,43604,32898
1.0002128890000108,nodelet,3227,0.0,0.0,25656,13859
1.0002128890000108,nodeproxy,4269,0.0,0.0,15964,6767
1.0002128890000108,containerd,2398,0.0,0.0,71824,70525
1.0002128890000108,flanneld,3384,0.0,0.0,39676,40200
1.0002128890000108,coredns,3910,0.0,0.0,65200,65428
2.008139447000005,nodestore,2538,0.0,0.0,18636,11082
2.008139447000005,nodeapiserver,2859,0.01,0.0,139672,130430
2.008139447000005,nodescheduler,4085,0.0,0.0,21972,11182
2.008139447000005,nodecontroller,3837,0.01,0.0,43604,32898
2.008139447000005,nodelet,3227,0.0,0.0,25656,13859
2.008139447000005,nodeproxy,4269,0.0,0.0,15964,6767
2.008139447000005,containerd,2398,0.0,0.0,71824,70525
2.008139447000005,flanneld,3384,0.0,0.0,39676,40204
2.008139447000005,coredns,3910,0.0,0.0,65200,65428
3.0159557810000024,nodestore,2538,0.02,1.9844885744826646,18636,11082
3.0159557810000024,nodeapiserver,2859,0.02,0.9922442872413323,139672,130446
3.0159557810000024,nodescheduler,4085,0.0,0.0,21972,11242
3.0159557810000024,nodecontroller,3837,0.01,0.0,43860,33050
3.0159557810000024,nodelet,3227,0.0,0.0,25656,13859
3.0159557810000024,nodeproxy,4269,0.0,0.0,15964,6767
3.0159557810000024,containerd,2398,0.0,0.0,71824,70530
3.0159557810000024,flanneld,3384,0.0,0.0,39676,40204
3.0159557810000024,coredns,3910,0.01,0.9922442872413323,65200,65432
4.023583991999999,nodestore,2538,0.03,0.9924295380808899,18636,11082
4.023583991999999,nodeapiserver,2859,0.02,0.0,139672,130482
4.023583991999999,nodescheduler,4085,0.0,0.0,21972,11250
4.023583991999999,nodecontroller,3837,0.01,0.0,43860,33082
4.023583991999999,nodelet,3227,0.0,0.0,25656,13859
4.023583991999999,nodeproxy,4269,0.0,0.0,15964,6767
4.023583991999999,containerd,2398,0.02,1.9848590761617797,71824,70530
4.023583991999999,flanneld,3384,0.0,0.0,39676,40204
4.023583991999999,coredns,3910,0.01,0.0,65200,65432
5.0315313910000015,nodestore,2538,0.03,0.0,18636,11082
5.0315313910000015,nodeapiserver,2859,0.03,0.9921152641418717,139672,130534
5.0315313910000015,nodescheduler,4085,0.0,0.0,21972,11250
5.0315313910000015,nodecontroller,3837,0.01,0.0,43860,33106
5.0315313910000015,nodelet,3227,0.0,0.0,25656,13859
5.0315313910000015,nodeproxy,4269,0.0,0.0,15964,6767
5.0315313910000015,containerd,2398,0.03,0.9921152641418717,71184,69890
5.0315313910000015,flanneld,3384,0.0,0.0,39676,40204
5.0315313910000015,coredns,3910,0.01,0.0,65200,65432
6.03938916700001,nodestore,2538,0.03,0.0,18636,11082
6.03938916700001,nodeapiserver,2859,0.04,0.992203487250756,139672,130594
6.03938916700001,nodescheduler,4085,0.0,0.0,21972,11254
6.03938916700001,nodecontroller,3837,0.02,0.992203487250756,43860,33134
6.03938916700001,nodelet,3227,0.0,0.0,25656,13859
6.03938916700001,nodeproxy,4269,0.0,0.0,15964,6767
6.03938916700001,containerd,2398,0.03,0.0,71184,69890
6.03938916700001,flanneld,3384,0.0,0.0,39676,40204
6.03938916700001,coredns,3910,0.01,0.0,65200,65432
7.0474423040000005,nodestore,2538,0.03,0.0,18636,11082
7.0474423040000005,nodeapiserver,2859,0.04,0.0,139788,130670
7.0474423040000005,nodescheduler,4085,0.0,0.0,21972,11254
7.0474423040000005,nodecontroller,3837,0.02,0.0,43860,33138
7.0474423040000005,nodelet,3227,0.0,0.0,25776,13887
7.0474423040000005,nodeproxy,4269,0.0,0.0,15964,6767
7.0474423040000005,containerd,2398,0.05,1.9840223958352894,71184,69898
7.0474423040000005,flanneld,3384,0.01,0.9920111979176447,39676,40212
7.0474423040000005,coredns,3910,0.01,0.0,65200,65432
8.055319139000005,nodestore,2538,0.03,0.0,18636,11082
8.055319139000005,nodeapiserver,2859,0.04,0.0,139788,130670
8.055319139000005,nodescheduler,4085,0.0,0.0,21972,11254
8.055319139000005,nodecontroller,3837,0.02,0.0,43860,33138
8.055319139000005,nodelet,3227,0.0,0.0,25776,13887
8.055319139000005,nodeproxy,4269,0.0,0.0,15964,6767
8.055319139000005,containerd,2398,0.06,0.9921847246345288,71184,69898
8.055319139000005,flanneld,3384,0.01,0.0,39676,40212
8.055319139000005,coredns,3910,0.01,0.0,65200,65432
9.063276034000012,nodestore,2538,0.04,0.9921059173864706,18636,11082
9.063276034000012,nodeapiserver,2859,0.05,0.9921059173864706,140044,130754
9.063276034000012,nodescheduler,4085,0.0,0.0,21972,11254
9.063276034000012,nodecontroller,3837,0.02,0.0,44116,33274
9.063276034000012,nodelet,3227,0.0,0.0,25776,13887
9.063276034000012,nodeproxy,4269,0.0,0.0,15964,6771
9.063276034000012,containerd,2398,0.06,0.0,71184,69898
9.063276034000012,flanneld,3384,0.01,0.0,39676,40212
9.063276034000012,coredns,3910,0.01,0.0,65200,65432
10.071193377,nodestore,2538,0.04,0.0,18636,11082
10.071193377,nodeapiserver,2859,0.06,0.9921448489253861,140044,130754
10.071193377,nodescheduler,4085,0.0,0.0,21972,11254
10.071193377,nodecontroller,3837,0.02,0.0,44116,33274
10.071193377,nodelet,3227,0.01,0.9921448489253861,25776,13887
10.071193377,nodeproxy,4269,0.0,0.0,15964,6771
10.071193377,containerd,2398,0.06,0.0,71184,69898
10.071193377,flanneld,3384,0.01,0.0,39676,40212
10.071193377,coredns,3910,0.01,0.0,65200,65432
11.079291642000001,nodestore,2538,0.04,0.0,18636,11082
11.079291642000001,nodeapiserver,2859,0.06,0.0,140044,130754
11.079291642000001,nodescheduler,4085,0.0,0.0,21972,11254
11.079291642000001,nodecontroller,3837,0.02,0.0,44116,33274
11.079291642000001,nodelet,3227,0.01,0.0,25776,13887
11.079291642000001,nodeproxy,4269,0.0,0.0,15964,6771
11.079291642000001,containerd,2398,0.07,0.9919667900628705,71184,69898
11.079291642000001,flanneld,3384,0.01,0.0,39676,40212
11.079291642000001,coredns,3910,0.01,0.0,65200,65432
12.08763371900001,nodestore,2538,0.04,0.0,18636,11082
12.08763371900001,nodeapiserver,2859,0.06,0.0,140044,130754
12.08763371900001,nodescheduler,4085,0.0,0.0,21972,11254
12.08763371900001,nodecontroller,3837,0.02,0.0,44116,33274
12.08763371900001,nodelet,3227,0.01,0.0,25776,13887
12.08763371900001,nodeproxy,4269,0.0,0.0,15964,6771
12.08763371900001,containerd,2398,0.07,0.0,71184,69898
12.08763371900001,flanneld,3384,0.01,0.0,39676,40216
12.08763371900001,coredns,3910,0.01,0.0,65200,65432
13.095488228000008,nodestore,2538,0.04,0.0,18636,11082
13.095488228000008,nodeapiserver,2859,0.06,0.0,140044,130754
13.095488228000008,nodescheduler,4085,0.0,0.0,21972,11254
13.095488228000008,nodecontroller,3837,0.03,0.9922067035173647,44116,33274
13.095488228000008,nodelet,3227,0.01,0.0,25776,13887
13.095488228000008,nodeproxy,4269,0.0,0.0,15964,6771
13.095488228000008,containerd,2398,0.08,0.9922067035173647,71184,69902
13.095488228000008,flanneld,3384,0.01,0.0,39676,40216
13.095488228000008,coredns,3910,0.02,0.9922067035173647,65200,65436
14.103279149000002,nodestore,2538,0.05,0.9922693082090244,18636,11082
14.103279149000002,nodeapiserver,2859,0.06,0.0,140044,130754
14.103279149000002,nodescheduler,4085,0.0,0.0,21972,11254
14.103279149000002,nodecontroller,3837,0.03,0.0,44116,33274
14.103279149000002,nodelet,3227,0.01,0.0,25776,13887
14.103279149000002,nodeproxy,4269,0.0,0.0,15964,6771
14.103279149000002,containerd,2398,0.08,0.0,71184,69902
14.103279149000002,flanneld,3384,0.01,0.0,39676,40216
14.103279149000002,coredns,3910,0.02,0.0,65200,65436
15.111241882000002,nodestore,2538,0.06,0.9921001712272636,18636,11082
15.111241882000002,nodeapiserver,2859,0.07,0.9921001712272636,140044,130754
15.111241882000002,nodescheduler,4085,0.0,0.0,21972,11254
15.111241882000002,nodecontroller,3837,0.03,0.0,44116,33274
15.111241882000002,nodelet,3227,0.01,0.0,25776,13887
15.111241882000002,nodeproxy,4269,0.0,0.0,15964,6771
15.111241882000002,containerd,2398,0.08,0.0,71184,69906
15.111241882000002,flanneld,3384,0.01,0.0,39676,40216
15.111241882000002,coredns,3910,0.02,0.0,65200,65448
16.11901740200001,nodestore,2538,0.06,0.0,18636,11082
16.11901740200001,nodeapiserver,2859,0.07,0.0,140044,130754
16.11901740200001,nodescheduler,4085,0.0,0.0,21972,11254
16.11901740200001,nodecontroller,3837,0.03,0.0,44116,33274
16.11901740200001,nodelet,3227,0.01,0.0,25776,13887
16.11901740200001,nodeproxy,4269,0.0,0.0,15964,6771
16.11901740200001,containerd,2398,0.08,0.0,71184,69906
16.11901740200001,flanneld,3384,0.01,0.0,39676,40216
16.11901740200001,coredns,3910,0.02,0.0,65200,65448
17.126774689,nodestore,2538,0.06,0.0,18636,11082
17.126774689,nodeapiserver,2859,0.08,0.9923024252961915,140044,130750
17.126774689,nodescheduler,4085,0.0,0.0,21972,11274
17.126774689,nodecontroller,3837,0.04,0.9923024252961915,44116,33286
17.126774689,nodelet,3227,0.01,0.0,25904,13883
17.126774689,nodeproxy,4269,0.0,0.0,15964,6771
17.126774689,containerd,2398,0.1,1.984604850592383,71184,69922
17.126774689,flanneld,3384,0.02,0.9923024252961915,39676,40232
17.126774689,coredns,3910,0.02,0.0,65200,65456
18.134511274000005,nodestore,2538,0.06,0.0,18636,11082
18.134511274000005,nodeapiserver,2859,0.09,0.9923228102312039,140044,130750
18.134511274000005,nodescheduler,4085,0.0,0.0,21972,11274
18.134511274000005,nodecontroller,3837,0.04,0.0,44116,33286
18.134511274000005,nodelet,3227,0.01,0.0,25904,13883
18.134511274000005,nodeproxy,4269,0.0,0.0,15964,6771
18.134511274000005,containerd,2398,0.11,0.9923228102312039,71184,69922
18.134511274000005,flanneld,3384,0.02,0.0,39676,40232
18.134511274000005,coredns,3910,0.03,0.9923228102312039,65200,65456
19.14239333200001,nodestore,2538,0.06,0.0,18636,11082
19.14239333200001,nodeapiserver,2859,0.09,0.0,140044,130750
19.14239333200001,nodescheduler,4085,0.0,0.0,21972,11274
19.14239333200001,nodecontroller,3837,0.04,0.0,44116,33286
19.14239333200001,nodelet,3227,0.01,0.0,25904,13883
19.14239333200001,nodeproxy,4269,0.0,0.0,15964,6771
19.14239333200001,containerd,2398,0.11,0.0,71184,69922
19.14239333200001,flanneld,3384,0.02,0.0,39676,40232
19.14239333200001,coredns,3910,0.03,0.0,65200,65456
20.150198476,nodestore,2538,0.07,0.9922553044639071,18636,11082
20.150198476,nodeapiserver,2859,0.09,0.0,140044,130750
20.150198476,nodescheduler,4085,0.0,0.0,21972,11274
20.150198476,nodecontroller,3837,0.04,0.0,44116,33286
20.150198476,nodelet,3227,0.02,0.9922553044639071,25904,13883
20.150198476,nodeproxy,4269,0.0,0.0,15964,6771
20.150198476,containerd,2398,0.11,0.0,71184,69926
20.150198476,flanneld,3384,0.02,0.0,39676,40232
20.150198476,coredns,3910,0.03,0.0,65200,65456
21.157983021000007,nodestore,2538,0.07,0.0,18636,11082
21.157983021000007,nodeapiserver,2859,0.09,0.0,140044,130750
21.157983021000007,nodescheduler,4085,0.0,0.0,21972,11274
21.157983021000007,nodecontroller,3837,0.04,0.0,44116,33286
21.157983021000007,nodelet,3227,0.02,0.0,25904,13883
21.157983021000007,nodeproxy,4269,0.0,0.0,15964,6771
21.157983021000007,containerd,2398,0.11,0.0,71184,69926
21.157983021000007,flanneld,3384,0.02,0.0,39676,40232
21.157983021000007,coredns,3910,0.03,0.0,65200,65456
22.16578032800001,nodestore,2538,0.07,0.0,18636,11082
22.16578032800001,nodeapiserver,2859,0.09,0.0,140044,130750
22.16578032800001,nodescheduler,4085,0.0,0.0,21972,11274
22.16578032800001,nodecontroller,3837,0.04,0.0,44116,33286
22.16578032800001,nodelet,3227,0.02,0.0,25904,13883
22.16578032800001,nodeproxy,4269,0.0,0.0,15964,6771
22.16578032800001,containerd,2398,0.13,1.9845260412072045,71184,69930
22.16578032800001,flanneld,3384,0.02,0.0,39804,40232
22.16578032800001,coredns,3910,0.03,0.0,65200,65456
23.174095925000003,nodestore,2538,0.07,0.0,18636,11082
23.174095925000003,nodeapiserver,2859,0.1,0.9917529818791524,140044,130750
23.174095925000003,nodescheduler,4085,0.0,0.0,21972,11274
23.174095925000003,nodecontroller,3837,0.04,0.0,44116,33286
23.174095925000003,nodelet,3227,0.02,0.0,25904,13883
23.174095925000003,nodeproxy,4269,0.0,0.0,15964,6771
23.174095925000003,containerd,2398,0.13,0.0,71184,69930
23.174095925000003,flanneld,3384,0.02,0.0,39804,40232
23.174095925000003,coredns,3910,0.03,0.0,65200,65456
24.181866947000003,nodestore,2538,0.09,1.984577802238096,18636,11082
24.181866947000003,nodeapiserver,2859,0.12,1.984577802238096,140044,130722
24.181866947000003,nodescheduler,4085,0.01,0.992288901119048,21972,11274
24.181866947000003,nodecontroller,3837,0.06,1.984577802238096,44372,33222
24.181866947000003,nodelet,3227,0.02,0.0,25904,13851
24.181866947000003,nodeproxy,4269,0.0,0.0,15964,6771
24.181866947000003,containerd,2398,0.13,0.0,71184,69934
24.181866947000003,flanneld,3384,0.02,0.0,39804,40232
24.181866947000003,coredns,3910,0.04,0.992288901119048,65200,65456
25.18965229700001,nodestore,2538,0.09,0.0,18636,11082
25.18965229700001,nodeapiserver,2859,0.12,0.0,140044,130722
25.18965229700001,nodescheduler,4085,0.01,0.0,21972,11274
25.18965229700001,nodecontroller,3837,0.06,0.0,44372,33222
25.18965229700001,nodelet,3227,0.02,0.0,25904,13851
25.18965229700001,nodeproxy,4269,0.0,0.0,15964,6771
25.18965229700001,containerd,2398,0.14,0.9922747934369099,71184,69934
25.18965229700001,flanneld,3384,0.02,0.0,39804,40232
25.18965229700001,coredns,3910,0.04,0.0,65200,65460
26.197282791000006,nodestore,2538,0.09,0.0,18636,11082
26.197282791000006,nodeapiserver,2859,0.12,0.0,140044,130722
26.197282791000006,nodescheduler,4085,0.01,0.0,21972,11274
26.197282791000006,nodecontroller,3837,0.06,0.0,44372,33222
26.197282791000006,nodelet,3227,0.02,0.0,25904,13851
26.197282791000006,nodeproxy,4269,0.0,0.0,15964,6771
26.197282791000006,containerd,2398,0.15,0.99242728952187,71184,69934
26.197282791000006,flanneld,3384,0.02,0.0,39804,40232
26.197282791000006,coredns,3910,0.04,0.0,65200,65460
27.205171726000003,nodestore,2538,0.09,0.0,18636,11082
27.205171726000003,nodeapiserver,2859,0.12,0.0,140172,130734
27.205171726000003,nodescheduler,4085,0.01,0.0,21972,11282
27.205171726000003,nodecontroller,3837,0.06,0.0,44372,33230
27.205171726000003,nodelet,3227,0.02,0.0,25776,13851
27.205171726000003,nodeproxy,4269,0.0,0.0,15964,6771
27.205171726000003,containerd,2398,0.16,0.9921728131681524,71184,69958
27.205171726000003,flanneld,3384,0.03,0.9921728131681524,39804,40240
27.205171726000003,coredns,3910,0.04,0.0,65200,65460
28.213764514000005,nodestore,2538,0.09,0.0,18636,11082
28.213764514000005,nodeapiserver,2859,0.13,0.9914804189537776,140172,130734
28.213764514000005,nodescheduler,4085,0.01,0.0,21972,11274
28.213764514000005,nodecontroller,3837,0.06,0.0,44372,33230
28.213764514000005,nodelet,3227,0.02,0.0,25776,13851
28.213764514000005,nodeproxy,4269,0.0,0.0,15964,6771
28.213764514000005,containerd,2398,0.17,0.9914804189537776,71184,69958
28.213764514000005,flanneld,3384,0.03,0.0,39804,40240
28.213764514000005,coredns,3910,0.04,0.0,65200,65460
29.22138002700001,nodestore,2538,0.1,0.9924420447067843,18636,11082
29.22138002700001,nodeapiserver,2859,0.13,0.0,140172,130738
29.22138002700001,nodescheduler,4085,0.01,0.0,21972,11274
29.22138002700001,nodecontroller,3837,0.06,0.0,44372,33234
29.22138002700001,nodelet,3227,0.02,0.0,25776,13851
29.22138002700001,nodeproxy,4269,0.0,0.0,15964,6771
29.22138002700001,containerd,2398,0.18,0.9924420447067843,71184,69958
29.22138002700001,flanneld,3384,0.03,0.0,39804,40240
29.22138002700001,coredns,3910,0.04,0.0,65200,65460
30.228838311999993,nodestore,2538,0.1,0.0,18636,11082
30.228838311999993,nodeapiserver,2859,0.13,0.0,140172,130742
30.228838311999993,nodescheduler,4085,0.01,0.0,21972,11274
30.228838311999993,nodecontroller,3837,0.06,0.0,44372,33234
30.228838311999993,nodelet,3227,0.03,0.992596929211829,25776,13851
30.228838311999993,nodeproxy,4269,0.0,0.0,15964,6771
30.228838311999993,containerd,2398,0.18,0.0,71184,69958
30.228838311999993,flanneld,3384,0.03,0.0,39804,40240
30.228838311999993,coredns,3910,0.04,0.0,65200,65460
31.236403384,nodestore,2538,0.1,0.0,18636,11082
31.236403384,nodeapiserver,2859,0.14,0.9924917286136279,140172,130742
31.236403384,nodescheduler,4085,0.01,0.0,21972,11274
31.236403384,nodecontroller,3837,0.06,0.0,44372,33242
31.236403384,nodelet,3227,0.03,0.0,25776,13851
31.236403384,nodeproxy,4269,0.0,0.0,15964,6771
31.236403384,containerd,2398,0.18,0.0,71184,69958
31.236403384,flanneld,3384,0.03,0.0,39804,40240
31.236403384,coredns,3910,0.04,0.0,65328,65472
32.243899907000014,nodestore,2538,0.1,0.0,18636,11082
32.243899907000014,nodeapiserver,2859,0.14,0.0,140172,130742
32.243899907000014,nodescheduler,4085,0.01,0.0,21972,11274
32.243899907000014,nodecontroller,3837,0.06,0.0,44372,33242
32.243899907000014,nodelet,3227,0.03,0.0,25776,13851
32.243899907000014,nodeproxy,4269,0.0,0.0,15964,6771
32.243899907000014,containerd,2398,0.19,0.9925592567032467,71184,69962
32.243899907000014,flanneld,3384,0.03,0.0,39804,40252
32.243899907000014,coredns,3910,0.04,0.0,65328,65472
33.25148069400001,nodestore,2538,0.1,0.0,18636,11082
33.25148069400001,nodeapiserver,2859,0.15,0.9924762489541249,140172,130750
33.25148069400001,nodescheduler,4085,0.02,0.9924762489541249,21972,11274
33.25148069400001,nodecontroller,3837,0.06,0.0,44372,33250
33.25148069400001,nodelet,3227,0.03,0.0,25776,13851
33.25148069400001,nodeproxy,4269,0.0,0.0,15964,6771
33.25148069400001,containerd,2398,0.19,0.0,71184,69966
33.25148069400001,flanneld,3384,0.03,0.0,39804,40252
33.25148069400001,coredns,3910,0.05,0.9924762489541249,65328,65472
34.259228568,nodestore,2538,0.1,0.0,18636,11082
34.259228568,nodeapiserver,2859,0.15,0.0,140172,130750
34.259228568,nodescheduler,4085,0.02,0.0,21972,11274
34.259228568,nodecontroller,3837,0.07,0.9923116940259712,44372,33250
34.259228568,nodelet,3227,0.03,0.0,25776,13851
34.259228568,nodeproxy,4269,0.0,0.0,15964,6771
34.259228568,containerd,2398,0.2,0.9923116940259712,71184,69966
34.259228568,flanneld,3384,0.03,0.0,39804,40252
34.259228568,coredns,3910,0.05,0.0,65328,65476
35.26692800800001,nodestore,2538,0.11,0.9923593884303337,18636,11082
35.26692800800001,nodeapiserver,2859,0.16,0.9923593884303337,140172,130750
35.26692800800001,nodescheduler,4085,0.02,0.0,21972,11274
35.26692800800001,nodecontroller,3837,0.08,0.9923593884303337,44372,33278
35.26692800800001,nodelet,3227,0.03,0.0,25776,13851
35.26692800800001,nodeproxy,4269,0.0,0.0,15964,6771
35.26692800800001,containerd,2398,0.2,0.0,71184,69966
35.26692800800001,flanneld,3384,0.03,0.0,39804,40252
35.26692800800001,coredns,3910,0.06,0.9923593884303337,65328,65476
36.27436029200001,nodestore,2538,0.11,0.0,18636,11082
36.27436029200001,nodeapiserver,2859,0.16,0.0,140172,130750
36.27436029200001,nodescheduler,4085,0.02,0.0,21972,11274
36.27436029200001,nodecontroller,3837,0.08,0.0,44372,33278
36.27436029200001,nodelet,3227,0.03,0.0,25776,13851
36.27436029200001,nodeproxy,4269,0.0,0.0,15964,6771
36.27436029200001,containerd,2398,0.2,0.0,71184,69966
36.27436029200001,flanneld,3384,0.03,0.0,39804,40252
36.27436029200001,coredns,3910,0.06,0.0,65328,65476
37.281801692000016,nodestore,2538,0.11,0.0,18636,11082
37.281801692000016,nodeapiserver,2859,0.17,0.9926135654143212,140172,130778
37.281801692000016,nodescheduler,4085,0.02,0.0,21972,11274
37.281801692000016,nodecontroller,3837,0.08,0.0,44372,33282
37.281801692000016,nodelet,3227,0.03,0.0,25768,13851
37.281801692000016,nodeproxy,4269,0.0,0.0,15964,6771
37.281801692000016,containerd,2398,0.22,1.9852271308286424,71184,69970
37.281801692000016,flanneld,3384,0.03,0.0,39804,40252
37.281801692000016,coredns,3910,0.06,0.0,65328,65484
38.289438867,nodestore,2538,0.11,0.0,18636,11082
38.289438867,nodeapiserver,2859,0.17,0.0,140172,130778
38.289438867,nodescheduler,4085,0.02,0.0,21972,11274
38.289438867,nodecontroller,3837,0.08,0.0,44372,33282
38.289438867,nodelet,3227,0.03,0.0,25768,13851
38.289438867,nodeproxy,4269,0.0,0.0,15964,6771
38.289438867,containerd,2398,0.23,0.9924207093689401,71184,69970
38.289438867,flanneld,3384,0.03,0.0,39804,40252
38.289438867,coredns,3910,0.06,0.0,65328,65484
39.297008207000005,nodestore,2538,0.12,0.9924875244814383,18636,11082
39.297008207000005,nodeapiserver,2859,0.18,0.9924875244814383,140300,130806
39.297008207000005,nodescheduler,4085,0.02,0.0,21972,11274
39.297008207000005,nodecontroller,3837,0.08,0.0,44372,33354
39.297008207000005,nodelet,3227,0.03,0.0,25768,13851
39.297008207000005,nodeproxy,4269,0.0,0.0,15964,6771
39.297008207000005,containerd,2398,0.23,0.0,71184,69970
39.297008207000005,flanneld,3384,0.03,0.0,39804,40252
39.297008207000005,coredns,3910,0.06,0.0,65328,65484
40.304577349,nodestore,2538,0.12,0.0,18636,11082
40.304577349,nodeapiserver,2859,0.18,0.0,140300,130814
40.304577349,nodescheduler,4085,0.02,0.0,21972,11274
40.304577349,nodecontroller,3837,0.08,0.0,44372,33358
40.304577349,nodelet,3227,0.03,0.0,25768,13851
40.304577349,nodeproxy,4269,0.0,0.0,15964,6771
40.304577349,containerd,2398,0.23,0.0,71184,69970
40.304577349,flanneld,3384,0.03,0.0,39804,40252
40.304577349,coredns,3910,0.06,0.0,65328,65488
41.312183833000006,nodestore,2538,0.13,0.992450937820675,18636,11082
41.312183833000006,nodeapiserver,2859,0.18,0.0,140300,130814
41.312183833000006,nodescheduler,4085,0.02,0.0,21972,11274
41.312183833000006,nodecontroller,3837,0.09,0.992450937820675,44372,33358
41.312183833000006,nodelet,3227,0.03,0.0,25768,13851
41.312183833000006,nodeproxy,4269,0.0,0.0,15964,6771
41.312183833000006,containerd,2398,0.23,0.0,71184,69970
41.312183833000006,flanneld,3384,0.03,0.0,39804,40256
41.312183833000006,coredns,3910,0.06,0.0,65328,65492
42.319721313,nodestore,2538,0.13,0.0,18636,11082
42.319721313,nodeapiserver,2859,0.18,0.0,140300,130822
42.319721313,nodescheduler,4085,0.02,0.0,21972,11274
42.319721313,nodecontroller,3837,0.09,0.0,44372,33358
42.319721313,nodelet,3227,0.03,0.0,25768,13851
42.319721313,nodeproxy,4269,0.0,0.0,15964,6771
42.319721313,containerd,2398,0.24,0.9925189085769828,71184,69970
42.319721313,flanneld,3384,0.04,0.9925189085769828,39804,40264
42.319721313,coredns,3910,0.06,0.0,65328,65492
43.327320326999995,nodestore,2538,0.13,0.0,18636,11082
43.327320326999995,nodeapiserver,2859,0.19,0.9924582955179498,140300,130830
43.327320326999995,nodescheduler,4085,0.02,0.0,21972,11274
43.327320326999995,nodecontroller,3837,0.09,0.0,44372,33374
43.327320326999995,nodelet,3227,0.03,0.0,25768,13851
43.327320326999995,nodeproxy,4269,0.0,0.0,15964,6771
43.327320326999995,containerd,2398,0.24,0.0,71184,69974
43.327320326999995,flanneld,3384,0.04,0.0,39804,40264
43.327320326999995,coredns,3910,0.06,0.0,65328,65492
44.33506348200001,nodestore,2538,0.13,0.0,18636,11082
44.33506348200001,nodeapiserver,2859,0.19,0.0,140300,130830
44.33506348200001,nodescheduler,4085,0.02,0.0,21972,11274
44.33506348200001,nodecontroller,3837,0.09,0.0,44372,33378
44.33506348200001,nodelet,3227,0.03,0.0,25768,13851
44.33506348200001,nodeproxy,4269,0.0,0.0,15964,6771
44.33506348200001,containerd,2398,0.24,0.0,71184,69974
44.33506348200001,flanneld,3384,0.04,0.0,39804,40264
44.33506348200001,coredns,3910,0.06,0.0,65328,65492
45.342941577999994,nodestore,2538,0.14,0.992183483269206,18636,11082
45.342941577999994,nodeapiserver,2859,0.2,0.992183483269206,140300,130830
45.342941577999994,nodescheduler,4085,0.02,0.0,21972,11274
45.342941577999994,nodecontroller,3837,0.09,0.0,44372,33386
45.342941577999994,nodelet,3227,0.03,0.0,25768,13851
45.342941577999994,nodeproxy,4269,0.0,0.0,15964,6771
45.342941577999994,containerd,2398,0.25,0.992183483269206,71184,69974
45.342941577999994,flanneld,3384,0.04,0.0,39804,40264
45.342941577999994,coredns,3910,0.06,0.0,65328,65492
46.35064886399999,nodestore,2538,0.14,0.0,18636,11082
46.35064886399999,nodeapiserver,2859,0.2,0.0,140300,130830
46.35064886399999,nodescheduler,4085,0.02,0.0,21972,11274
46.35064886399999,nodecontroller,3837,0.09,0.0,44372,33386
46.35064886399999,nodelet,3227,0.03,0.0,25768,13851
46.35064886399999,nodeproxy,4269,0.0,0.0,15964,6771
46.35064886399999,containerd,2398,0.25,0.0,71184,69974
46.35064886399999,flanneld,3384,0.04,0.0,39804,40264
46.35064886399999,coredns,3910,0.06,0.0,65328,65492
47.35811227799999,nodestore,2538,0.14,0.0,18636,11082
47.35811227799999,nodeapiserver,2859,0.21,0.9925918758971429,140300,130822
47.35811227799999,nodescheduler,4085,0.02,0.0,21972,11274
47.35811227799999,nodecontroller,3837,0.09,0.0,44372,33386
47.35811227799999,nodelet,3227,0.04,0.9925918758971429,25756,13851
47.35811227799999,nodeproxy,4269,0.0,0.0,15964,6771
47.35811227799999,containerd,2398,0.27,1.9851837517942859,71184,69978
47.35811227799999,flanneld,3384,0.04,0.0,39804,40276
47.35811227799999,coredns,3910,0.07,0.9925918758971429,65328,65492
48.36579681399999,nodestore,2538,0.14,0.0,18636,11082
48.36579681399999,nodeapiserver,2859,0.21,0.0,140300,130822
48.36579681399999,nodescheduler,4085,0.02,0.0,21972,11274
48.36579681399999,nodecontroller,3837,0.09,0.0,44372,33394
48.36579681399999,nodelet,3227,0.04,0.0,25756,13851
48.36579681399999,nodeproxy,4269,0.0,0.0,15964,6771
48.36579681399999,containerd,2398,0.29,1.9847481315323086,71184,69978
48.36579681399999,flanneld,3384,0.04,0.0,39804,40276
48.36579681399999,coredns,3910,0.08,0.9923740657661543,65328,65492
49.373618819,nodestore,2538,0.14,0.0,18636,11082
49.373618819,nodeapiserver,2859,0.22,0.9922387038969165,140300,130822
49.373618819,nodescheduler,4085,0.02,0.0,21972,11274
49.373618819,nodecontroller,3837,0.1,0.9922387038969165,44372,33394
49.373618819,nodelet,3227,0.04,0.0,25756,13851
49.373618819,nodeproxy,4269,0.0,0.0,15964,6771
49.373618819,containerd,2398,0.29,0.0,71184,69978
49.373618819,flanneld,3384,0.04,0.0,39804,40276
49.373618819,coredns,3910,0.08,0.0,65328,65492
50.38144424800001,nodestore,2538,0.15,0.992235332851472,18636,11082
50.38144424800001,nodeapiserver,2859,0.22,0.0,140300,130826
50.38144424800001,nodescheduler,4085,0.02,0.0,21972,11274
50.38144424800001,nodecontroller,3837,0.1,0.0,44372,33398
50.38144424800001,nodelet,3227,0.04,0.0,25756,13851
50.38144424800001,nodeproxy,4269,0.0,0.0,15964,6771
50.38144424800001,containerd,2398,0.29,0.0,71184,69978
50.38144424800001,flanneld,3384,0.04,0.0,39804,40276
50.38144424800001,coredns,3910,0.08,0.0,65328,65492
51.38928863699999,nodestore,2538,0.15,0.0,18636,11082
51.38928863699999,nodeapiserver,2859,0.22,0.0,140300,130826
51.38928863699999,nodescheduler,4085,0.02,0.0,21972,11274
51.38928863699999,nodecontroller,3837,0.1,0.0,44372,33406
51.38928863699999,nodelet,3227,0.04,0.0,25756,13851
51.38928863699999,nodeproxy,4269,0.0,0.0,15964,6771
51.38928863699999,containerd,2398,0.29,0.0,71184,69978
51.38928863699999,flanneld,3384,0.04,0.0,39804,40284
51.38928863699999,coredns,3910,0.08,0.0,65328,65492
52.39703015200001,nodestore,2538,0.15,0.0,18636,11082
52.39703015200001,nodeapiserver,2859,0.22,0.0,140300,130826
52.39703015200001,nodescheduler,4085,0.02,0.0,21972,11274
52.39703015200001,nodecontroller,3837,0.11,0.992317955661457,44372,33406
52.39703015200001,nodelet,3227,0.04,0.0,25756,13851
52.39703015200001,nodeproxy,4269,0.0,0.0,15964,6771
52.39703015200001,containerd,2398,0.3,0.992317955661457,71184,69978
52.39703015200001,flanneld,3384,0.05,0.992317955661457,39804,40288
52.39703015200001,coredns,3910,0.08,0.0,65328,65492
53.40493227100001,nodestore,2538,0.15,0.0,18636,11082
53.40493227100001,nodeapiserver,2859,0.23,0.9921598349174683,140300,130826
53.40493227100001,nodescheduler,4085,0.02,0.0,21972,11278
53.40493227100001,nodecontroller,3837,0.11,0.0,44372,33406
53.40493227100001,nodelet,3227,0.04,0.0,25756,13851
53.40493227100001,nodeproxy,4269,0.0,0.0,15964,6771
53.40493227100001,containerd,2398,0.3,0.0,71184,69982
53.40493227100001,flanneld,3384,0.05,0.0,39804,40288
53.40493227100001,coredns,3910,0.08,0.0,65328,65492
54.412702201,nodestore,2538,0.15,0.0,18636,11082
54.412702201,nodeapiserver,2859,0.23,0.0,140300,130826
54.412702201,nodescheduler,4085,0.02,0.0,21972,11278
54.412702201,nodecontroller,3837,0.11,0.0,44372,33406
54.412702201,nodelet,3227,0.04,0.0,25756,13851
54.412702201,nodeproxy,4269,0.0,0.0,15964,6771
54.412702201,containerd,2398,0.31,0.9922899763441096,71184,69986
54.412702201,flanneld,3384,0.05,0.0,39804,40288
54.412702201,coredns,3910,0.08,0.0,65328,65492
55.420486431,nodestore,2538,0.15,0.0,18636,11082
55.420486431,nodeapiserver,2859,0.23,0.0,140300,130826
55.420486431,nodescheduler,4085,0.02,0.0,21972,11278
55.420486431,nodecontroller,3837,0.11,0.0,44372,33406
55.420486431,nodelet,3227,0.04,0.0,25756,13851
55.420486431,nodeproxy,4269,0.0,0.0,15964,6771
55.420486431,containerd,2398,0.31,0.0,71184,69986
55.420486431,flanneld,3384,0.05,0.0,39804,40288
55.420486431,coredns,3910,0.08,0.0,65328,65492
56.428285383,nodestore,2538,0.15,0.0,18636,11082
56.428285383,nodeapiserver,2859,0.23,0.0,140300,130826
56.428285383,nodescheduler,4085,0.02,0.0,21972,11278
56.428285383,nodecontroller,3837,0.11,0.0,44372,33406
56.428285383,nodelet,3227,0.04,0.0,25756,13851
56.428285383,nodeproxy,4269,0.0,0.0,15964,6771
56.428285383,containerd,2398,0.31,0.0,71184,69986
56.428285383,flanneld,3384,0.05,0.0,39804,40288
56.428285383,coredns,3910,0.08,0.0,65328,65492
57.43599889700002,nodestore,2538,0.17,1.9846910577404115,18636,11082
57.43599889700002,nodeapiserver,2859,0.24,0.9923455288702058,140300,130834
57.43599889700002,nodescheduler,4085,0.02,0.0,21972,11278
57.43599889700002,nodecontroller,3837,0.11,0.0,44372,33406
57.43599889700002,nodelet,3227,0.04,0.0,25744,13851
57.43599889700002,nodeproxy,4269,0.0,0.0,15964,6771
57.43599889700002,containerd,2398,0.33,1.9846910577404115,71184,69986
57.43599889700002,flanneld,3384,0.06,0.9923455288702058,39804,40292
57.43599889700002,coredns,3910,0.08,0.0,65328,65500
58.443607566,nodestore,2538,0.17,0.0,18636,11082
58.443607566,nodeapiserver,2859,0.24,0.0,140300,130834
58.443607566,nodescheduler,4085,0.02,0.0,21972,11278
58.443607566,nodecontroller,3837,0.11,0.0,44372,33406
58.443607566,nodelet,3227,0.04,0.0,25744,13851
58.443607566,nodeproxy,4269,0.0,0.0,15964,6771
58.443607566,containerd,2398,0.33,0.0,71184,69986
58.443607566,flanneld,3384,0.06,0.0,39804,40292
58.443607566,coredns,3910,0.08,0.0,65328,65500
59.45147426700001,nodestore,2538,0.17,0.0,18636,11082
59.45147426700001,nodeapiserver,2859,0.24,0.0,140300,130834
59.45147426700001,nodescheduler,4085,0.02,0.0,21972,11278
59.45147426700001,nodecontroller,3837,0.12,0.9921947009538004,44372,33406
59.45147426700001,nodelet,3227,0.05,0.9921947009538004,25744,13851
59.45147426700001,nodeproxy,4269,0.0,0.0,15964,6771
59.45147426700001,containerd,2398,0.33,0.0,71184,69986
59.45147426700001,flanneld,3384,0.06,0.0,39804,40292
59.45147426700001,coredns,3910,0.08,0.0,65328,65500
60.45909940199999,nodestore,2538,0.17,0.0,18636,11082
60.45909940199999,nodeapiserver,2859,0.24,0.0,140300,130834
60.45909940199999,nodescheduler,4085,0.02,0.0,21972,11278
60.45909940199999,nodecontroller,3837,0.12,0.0,44372,33406
60.45909940199999,nodelet,3227,0.05,0.0,25744,13851
60.45909940199999,nodeproxy,4269,0.0,0.0,15964,6771
60.45909940199999,containerd,2398,0.34,0.9924325676929607,71184,69990
60.45909940199999,flanneld,3384,0.06,0.0,39804,40292
60.45909940199999,coredns,3910,0.09,0.9924325676929607,65328,65500
61.466788581,nodestore,2538,0.17,0.0,18636,11082
61.466788581,nodeapiserver,2859,0.25,0.9923694933316235,140300,130834
61.466788581,nodescheduler,4085,0.02,0.0,21972,11278
61.466788581,nodecontroller,3837,0.12,0.0,44372,33406
61.466788581,nodelet,3227,0.05,0.0,25744,13851
61.466788581,nodeproxy,4269,0.0,0.0,15964,6771
61.466788581,containerd,2398,0.35,0.9923694933316235,71184,69998
61.466788581,flanneld,3384,0.06,0.0,39804,40296
61.466788581,coredns,3910,0.1,0.9923694933316235,65328,65500
62.474467006,nodestore,2538,0.17,0.0,18636,11082
62.474467006,nodeapiserver,2859,0.25,0.0,140300,130834
62.474467006,nodescheduler,4085,0.02,0.0,21972,11278
62.474467006,nodecontroller,3837,0.12,0.0,44372,33406
62.474467006,nodelet,3227,0.05,0.0,25744,13851
62.474467006,nodeproxy,4269,0.0,0.0,15964,6771
62.474467006,containerd,2398,0.35,0.0,71184,69998
62.474467006,flanneld,3384,0.06,0.0,39932,40296
62.474467006,coredns,3910,0.1,0.0,65328,65500
63.482323377,nodestore,2538,0.2,2.97661461128968,18636,11106
63.482323377,nodeapiserver,2859,0.27,1.9844097408597865,140300,130854
63.482323377,nodescheduler,4085,0.02,0.0,21972,11282
63.482323377,nodecontroller,3837,0.12,0.0,44372,33422
63.482323377,nodelet,3227,0.05,0.0,25744,13851
63.482323377,nodeproxy,4269,0.0,0.0,15964,6771
63.482323377,containerd,2398,0.36,0.9922048704298932,71184,69998
63.482323377,flanneld,3384,0.06,0.0,39932,40296
63.482323377,coredns,3910,0.1,0.0,65328,65504
64.490152088,nodestore,2538,0.2,0.0,18636,11106
64.490152088,nodeapiserver,2859,0.27,0.0,140300,130854
64.490152088,nodescheduler,4085,0.02,0.0,21972,11282
64.490152088,nodecontroller,3837,0.13,0.9922321016314032,44372,33422
64.490152088,nodelet,3227,0.05,0.0,25744,13851
64.490152088,nodeproxy,4269,0.0,0.0,15964,6771
64.490152088,containerd,2398,0.36,0.0,71184,69998
64.490152088,flanneld,3384,0.06,0.0,39932,40296
64.490152088,coredns,3910,0.1,0.0,65328,65504
65.49969009200001,nodestore,2538,0.2,0.0,18636,11142
65.49969009200001,nodeapiserver,2859,0.28,0.9905521100124859,140300,130854
65.49969009200001,nodescheduler,4085,0.03,0.9905521100124859,21972,11282
65.49969009200001,nodecontroller,3837,0.13,0.0,44372,33426
65.49969009200001,nodelet,3227,0.05,0.0,25744,13851
65.49969009200001,nodeproxy,4269,0.0,0.0,15964,6771
65.49969009200001,containerd,2398,0.37,0.9905521100124859,71184,69998
65.49969009200001,flanneld,3384,0.06,0.0,39932,40296
65.49969009200001,coredns,3910,0.1,0.0,65328,65504
66.50845150700002,nodestore,2538,0.2,0.0,18636,11142
66.50845150700002,nodeapiserver,2859,0.28,0.0,140300,130854
66.50845150700002,nodescheduler,4085,0.03,0.0,21972,11282
66.50845150700002,nodecontroller,3837,0.13,0.0,44372,33426
66.50845150700002,nodelet,3227,0.05,0.0,25744,13851
66.50845150700002,nodeproxy,4269,0.0,0.0,15964,6771
66.50845150700002,containerd,2398,0.37,0.0,71184,69997
66.50845150700002,flanneld,3384,0.07,0.9913146806869004,42068,42432
66.50845150700002,coredns,3910,0.1,0.0,65328,65504
67.517535221,nodestore,2538,0.2,0.0,18636,11142
67.517535221,nodeapiserver,2859,0.28,0.0,140300,130854
67.517535221,nodescheduler,4085,0.03,0.0,21972,11282
67.517535221,nodecontroller,3837,0.13,0.0,44372,33426
67.517535221,nodelet,3227,0.05,0.0,25744,13851
67.517535221,nodeproxy,4269,0.0,0.0,15964,6771
67.517535221,containerd,2398,0.4,2.97299417122497,71184,70006
67.517535221,flanneld,3384,0.07,0.0,42068,42432
67.517535221,coredns,3910,0.1,0.0,65328,65504
68.525271312,nodestore,2538,0.2,0.0,18636,11142
68.525271312,nodeapiserver,2859,0.28,0.0,140300,130854
68.525271312,nodescheduler,4085,0.03,0.0,21972,11282
68.525271312,nodecontroller,3837,0.13,0.0,44372,33426
68.525271312,nodelet,3227,0.06,0.9923232966755001,25744,13851
68.525271312,nodeproxy,4269,0.0,0.0,15964,6771
68.525271312,containerd,2398,0.41,0.9923232966755001,71184,70006
68.525271312,flanneld,3384,0.07,0.0,42068,42432
68.525271312,coredns,3910,0.1,0.0,65328,65504
69.53350525300002,nodestore,2538,0.22,1.9836666062008432,18636,11142
69.53350525300002,nodeapiserver,2859,0.31,2.975499909301265,140428,130874
69.53350525300002,nodescheduler,4085,0.03,0.0,21972,11282
69.53350525300002,nodecontroller,3837,0.14,0.9918333031004216,44500,33378
69.53350525300002,nodelet,3227,0.06,0.0,25744,13851
69.53350525300002,nodeproxy,4269,0.0,0.0,15964,6771
69.53350525300002,containerd,2398,0.41,0.0,71184,70006
69.53350525300002,flanneld,3384,0.07,0.0,42068,42432
69.53350525300002,coredns,3910,0.1,0.0,65328,65504
70.541321592,nodestore,2538,0.22,0.0,18636,11142
70.541321592,nodeapiserver,2859,0.31,0.0,140428,130874
70.541321592,nodescheduler,4085,0.03,0.0,21972,11282
70.541321592,nodecontroller,3837,0.14,0.0,44500,33378
70.541321592,nodelet,3227,0.06,0.0,25744,13851
70.541321592,nodeproxy,4269,0.0,0.0,15964,6771
70.541321592,containerd,2398,0.41,0.0,71184,70006
70.541321592,flanneld,3384,0.07,0.0,42068,42432
70.541321592,coredns,3910,0.1,0.0,65328,65504
71.54894962099999,nodestore,2538,0.22,0.0,18636,11142
71.54894962099999,nodeapiserver,2859,0.32,0.9924297173357127,140428,130878
71.54894962099999,nodescheduler,4085,0.03,0.0,21972,11282
71.54894962099999,nodecontroller,3837,0.14,0.0,44500,33378
71.54894962099999,nodelet,3227,0.06,0.0,25744,13851
71.54894962099999,nodeproxy,4269,0.0,0.0,15964,6771
71.54894962099999,containerd,2398,0.41,0.0,71184,70006
71.54894962099999,flanneld,3384,0.07,0.0,42068,42436
71.54894962099999,coredns,3910,0.1,0.0,65328,65504
72.55646686400001,nodestore,2538,0.23,0.9925388443202818,18636,11142
72.55646686400001,nodeapiserver,2859,0.32,0.0,140428,130878
72.55646686400001,nodescheduler,4085,0.03,0.0,21972,11282
72.55646686400001,nodecontroller,3837,0.14,0.0,44500,33378
72.55646686400001,nodelet,3227,0.06,0.0,25744,13851
72.55646686400001,nodeproxy,4269,0.0,0.0,15964,6771
72.55646686400001,containerd,2398,0.42,0.9925388443202818,71184,70006
72.55646686400001,flanneld,3384,0.07,0.0,42068,42436
72.55646686400001,coredns,3910,0.1,0.0,65328,65508
73.56414412500001,nodestore,2538,0.23,0.0,18636,11142
73.56414412500001,nodeapiserver,2859,0.33,0.9923812302836138,140428,130878
73.56414412500001,nodescheduler,4085,0.03,0.0,21972,11282
73.56414412500001,nodecontroller,3837,0.14,0.0,44500,33378
73.56414412500001,nodelet,3227,0.06,0.0,25744,13851
73.56414412500001,nodeproxy,4269,0.0,0.0,15964,6771
73.56414412500001,containerd,2398,0.42,0.0,71184,70010
73.56414412500001,flanneld,3384,0.07,0.0,42068,42436
73.56414412500001,coredns,3910,0.1,0.0,65328,65508
74.57201149900001,nodestore,2538,0.23,0.0,18636,11142
74.57201149900001,nodeapiserver,2859,0.33,0.0,140428,130878
74.57201149900001,nodescheduler,4085,0.03,0.0,21972,11282
74.57201149900001,nodecontroller,3837,0.16,1.984388076838372,44500,33378
74.57201149900001,nodelet,3227,0.06,0.0,25744,13851
74.57201149900001,nodeproxy,4269,0.0,0.0,15964,6771
74.57201149900001,containerd,2398,0.43,0.992194038419186,71184,70010
74.57201149900001,flanneld,3384,0.07,0.0,42068,42436
74.57201149900001,coredns,3910,0.12,1.984388076838372,65328,65508
75.57962369200001,nodestore,2538,0.23,0.0,18636,11146
75.57962369200001,nodeapiserver,2859,0.33,0.0,140428,130878
75.57962369200001,nodescheduler,4085,0.03,0.0,21972,11282
75.57962369200001,nodecontroller,3837,0.16,0.0,44500,33378
75.57962369200001,nodelet,3227,0.06,0.0,25744,13851
75.57962369200001,nodeproxy,4269,0.0,0.0,15964,6771
75.57962369200001,containerd,2398,0.43,0.0,71184,70010
75.57962369200001,flanneld,3384,0.07,0.0,42068,42436
75.57962369200001,coredns,3910,0.12,0.0,65328,65508
76.587421976,nodestore,2538,0.23,0.0,18636,11146
76.587421976,nodeapiserver,2859,0.33,0.0,140428,130882
76.587421976,nodescheduler,4085,0.03,0.0,21972,11282
76.587421976,nodecontroller,3837,0.16,0.0,44500,33378
76.587421976,nodelet,3227,0.06,0.0,25744,13851
76.587421976,nodeproxy,4269,0.0,0.0,15964,6771
76.587421976,containerd,2398,0.43,0.0,72336,71190
76.587421976,flanneld,3384,0.09,1.9845241173282466,42068,42436
76.587421976,coredns,3910,0.12,0.0,65328,65508
77.594915861,nodestore,2538,0.24,0.992561855598754,18764,11146
77.594915861,nodeapiserver,2859,0.34,0.992561855598754,140428,130898
77.594915861,nodescheduler,4085,0.03,0.0,21972,11278
77.594915861,nodecontroller,3837,0.16,0.0,44500,33398
77.594915861,nodelet,3227,0.06,0.0,25616,13859
77.594915861,nodeproxy,4269,0.0,0.0,15964,6771
77.594915861,containerd,2398,0.45,1.985123711197508,72336,71198
77.594915861,flanneld,3384,0.09,0.0,42068,42436
77.594915861,coredns,3910,0.12,0.0,65328,65508
78.602577258,nodestore,2538,0.24,0.0,18764,11190
78.602577258,nodeapiserver,2859,0.34,0.0,140428,130898
78.602577258,nodescheduler,4085,0.03,0.0,21972,11278
78.602577258,nodecontroller,3837,0.16,0.0,44500,33402
78.602577258,nodelet,3227,0.06,0.0,25616,13859
78.602577258,nodeproxy,4269,0.0,0.0,15964,6771
78.602577258,containerd,2398,0.45,0.0,72336,71198
78.602577258,flanneld,3384,0.09,0.0,42068,42436
78.602577258,coredns,3910,0.12,0.0,65328,65512
79.61023538200001,nodestore,2538,0.24,0.0,18764,11190
79.61023538200001,nodeapiserver,2859,0.35,0.9924000771515473,140428,130898
79.61023538200001,nodescheduler,4085,0.03,0.0,21972,11278
79.61023538200001,nodecontroller,3837,0.16,0.0,44500,33410
79.61023538200001,nodelet,3227,0.06,0.0,25616,13859
79.61023538200001,nodeproxy,4269,0.0,0.0,15964,6771
79.61023538200001,containerd,2398,0.46,0.9924000771515473,72336,71198
79.61023538200001,flanneld,3384,0.09,0.0,42068,42436
79.61023538200001,coredns,3910,0.12,0.0,65328,65512
80.61794365200001,nodestore,2538,0.24,0.0,18764,11190
80.61794365200001,nodeapiserver,2859,0.35,0.0,140428,130902
80.61794365200001,nodescheduler,4085,0.03,0.0,21972,11278
80.61794365200001,nodecontroller,3837,0.17,0.9923506929242578,44500,33418
80.61794365200001,nodelet,3227,0.06,0.0,25616,13859
80.61794365200001,nodeproxy,4269,0.0,0.0,15964,6771
80.61794365200001,containerd,2398,0.46,0.0,72336,71198
80.61794365200001,flanneld,3384,0.09,0.0,42068,42436
80.61794365200001,coredns,3910,0.12,0.0,65328,65512
81.62591508,nodestore,2538,0.25,0.9920916131364881,18764,11190
81.62591508,nodeapiserver,2859,0.36,0.9920916131364881,140428,130902
81.62591508,nodescheduler,4085,0.03,0.0,21972,11278
81.62591508,nodecontroller,3837,0.17,0.0,44500,33418
81.62591508,nodelet,3227,0.06,0.0,25616,13859
81.62591508,nodeproxy,4269,0.0,0.0,15964,6771
81.62591508,containerd,2398,0.46,0.0,72336,71198
81.62591508,flanneld,3384,0.09,0.0,42068,42436
81.62591508,coredns,3910,0.12,0.0,65328,65512
82.63362524600001,nodestore,2538,0.25,0.0,18764,11190
82.63362524600001,nodeapiserver,2859,0.36,0.0,140428,130902
82.63362524600001,nodescheduler,4085,0.03,0.0,21972,11278
82.63362524600001,nodecontroller,3837,0.17,0.0,44500,33450
82.63362524600001,nodelet,3227,0.06,0.0,25616,13859
82.63362524600001,nodeproxy,4269,0.0,0.0,15964,6771
82.63362524600001,containerd,2398,0.47,0.9923488258229901,72336,71198
82.63362524600001,flanneld,3384,0.09,0.0,42068,42436
82.63362524600001,coredns,3910,0.12,0.0,65328,65512
83.641413981,nodestore,2538,0.25,0.0,18764,11190
83.641413981,nodeapiserver,2859,0.37,0.9922714605457549,140428,130902
83.641413981,nodescheduler,4085,0.03,0.0,21972,11278
83.641413981,nodecontroller,3837,0.17,0.0,44500,33454
83.641413981,nodelet,3227,0.06,0.0,25616,13859
83.641413981,nodeproxy,4269,0.0,0.0,15964,6771
83.641413981,containerd,2398,0.47,0.0,72336,71198
83.641413981,flanneld,3384,0.09,0.0,42068,42436
83.641413981,coredns,3910,0.12,0.0,65328,65512
84.648986484,nodestore,2538,0.25,0.0,18764,11190
84.648986484,nodeapiserver,2859,0.37,0.0,140428,130906
84.648986484,nodescheduler,4085,0.03,0.0,21972,11278
84.648986484,nodecontroller,3837,0.17,0.0,44500,33458
84.648986484,nodelet,3227,0.06,0.0,25616,13859
84.648986484,nodeproxy,4269,0.0,0.0,15964,6771
84.648986484,containerd,2398,0.48,0.9924844088366257,72336,71198
84.648986484,flanneld,3384,0.09,0.0,42068,42436
84.648986484,coredns,3910,0.12,0.0,65328,65512
85.65675225000001,nodestore,2538,0.25,0.0,18764,11190
85.65675225000001,nodeapiserver,2859,0.37,0.0,140428,130906
85.65675225000001,nodescheduler,4085,0.04,0.9922940763994899,21972,11282
85.65675225000001,nodecontroller,3837,0.17,0.0,44500,33458
85.65675225000001,nodelet,3227,0.06,0.0,25616,13859
85.65675225000001,nodeproxy,4269,0.0,0.0,15964,6771
85.65675225000001,containerd,2398,0.48,0.0,72336,71198
85.65675225000001,flanneld,3384,0.09,0.0,42068,42436
85.65675225000001,coredns,3910,0.12,0.0,65328,65512
86.664561617,nodestore,2538,0.25,0.0,18764,11190
86.664561617,nodeapiserver,2859,0.37,0.0,140428,130910
86.664561617,nodescheduler,4085,0.04,0.0,21972,11282
86.664561617,nodecontroller,3837,0.17,0.0,44500,33470
86.664561617,nodelet,3227,0.06,0.0,25616,13859
86.664561617,nodeproxy,4269,0.0,0.0,15964,6771
86.664561617,containerd,2398,0.49,0.9922511466397265,83600,82470
86.664561617,flanneld,3384,0.09,0.0,42068,42440
86.664561617,coredns,3910,0.13,0.9922511466397265,65328,65512
87.67229322,nodestore,2538,0.26,0.9923277160535806,18764,11190
87.67229322,nodeapiserver,2859,0.38,0.9923277160535806,140428,130914
87.67229322,nodescheduler,4085,0.04,0.0,21972,11282
87.67229322,nodecontroller,3837,0.18,0.9923277160535806,44500,33478
87.67229322,nodelet,3227,0.08,1.9846554321071612,25740,13863
87.67229322,nodeproxy,4269,0.0,0.0,15964,6771
87.67229322,containerd,2398,0.5,0.9923277160535806,83600,82474
87.67229322,flanneld,3384,0.09,0.0,42068,42440
87.67229322,coredns,3910,0.13,0.0,65328,65516
88.68015635,nodestore,2538,0.26,0.0,18764,11190
88.68015635,nodeapiserver,2859,0.38,0.0,140428,130914
88.68015635,nodescheduler,4085,0.04,0.0,21972,11282
88.68015635,nodecontroller,3837,0.18,0.0,44500,33486
88.68015635,nodelet,3227,0.08,0.0,25740,13863
88.68015635,nodeproxy,4269,0.0,0.0,15964,6771
88.68015635,containerd,2398,0.51,0.9921982164383729,83600,82478
88.68015635,flanneld,3384,0.09,0.0,42068,42440
88.68015635,coredns,3910,0.13,0.0,65328,65516
89.68771174,nodestore,2538,0.26,0.0,18764,11190
89.68771174,nodeapiserver,2859,0.39,0.9925012658609338,140428,130914
89.68771174,nodescheduler,4085,0.04,0.0,21972,11282
89.68771174,nodecontroller,3837,0.18,0.0,44500,33486
89.68771174,nodelet,3227,0.08,0.0,25740,13863
89.68771174,nodeproxy,4269,0.0,0.0,15964,6771
89.68771174,containerd,2398,0.51,0.0,83600,82478
89.68771174,flanneld,3384,0.09,0.0,42068,42440
89.68771174,coredns,3910,0.13,0.0,65328,65516
90.695135668,nodestore,2538,0.26,0.0,18764,11190
90.695135668,nodeapiserver,2859,0.39,0.0,140428,130914
90.695135668,nodescheduler,4085,0.04,0.0,21972,11282
90.695135668,nodecontroller,3837,0.18,0.0,44500,33486
90.695135668,nodelet,3227,0.08,0.0,25740,13863
90.695135668,nodeproxy,4269,0.0,0.0,15964,6771
90.695135668,containerd,2398,0.52,0.9926307805545705,83600,82478
90.695135668,flanneld,3384,0.09,0.0,42068,42440
90.695135668,coredns,3910,0.14,0.9926307805545705,65328,65516
91.70268671299999,nodestore,2538,0.26,0.0,18764,11190
91.70268671299999,nodeapiserver,2859,0.39,0.0,140428,130914
91.70268671299999,nodescheduler,4085,0.04,0.0,21972,11282
91.70268671299999,nodecontroller,3837,0.19,0.9925055459597231,44500,33490
91.70268671299999,nodelet,3227,0.08,0.0,25740,13863
91.70268671299999,nodeproxy,4269,0.0,0.0,15964,6771
91.70268671299999,containerd,2398,0.52,0.0,83448,82286
91.70268671299999,flanneld,3384,0.1,0.9925055459597231,42068,42440
91.70268671299999,coredns,3910,0.14,0.0,65328,65516
92.71033816799999,nodestore,2538,0.26,0.0,18764,11190
92.71033816799999,nodeapiserver,2859,0.39,0.0,140428,130914
92.71033816799999,nodescheduler,4085,0.04,0.0,21972,11282
92.71033816799999,nodecontroller,3837,0.19,0.0,44500,33490
92.71033816799999,nodelet,3227,0.08,0.0,25740,13863
92.71033816799999,nodeproxy,4269,0.0,0.0,15964,6771
92.71033816799999,containerd,2398,0.53,0.9924066452124547,83448,82286
92.71033816799999,flanneld,3384,0.1,0.0,42068,42440
92.71033816799999,coredns,3910,0.14,0.0,65328,65516
93.71800048200001,nodestore,2538,0.28,1.9847919012281032,18764,11190
93.71800048200001,nodeapiserver,2859,0.4,0.9923959506140516,140428,130918
93.71800048200001,nodescheduler,4085,0.04,0.0,21972,11282
93.71800048200001,nodecontroller,3837,0.19,0.0,44500,33498
93.71800048200001,nodelet,3227,0.08,0.0,25740,13863
93.71800048200001,nodeproxy,4269,0.0,0.0,15964,6771
93.71800048200001,containerd,2398,0.54,0.9923959506140516,83448,82286
93.71800048200001,flanneld,3384,0.1,0.0,42068,42440
93.71800048200001,coredns,3910,0.14,0.0,65328,65516
94.72573308599999,nodestore,2538,0.28,0.0,18764,11190
94.72573308599999,nodeapiserver,2859,0.4,0.0,140428,130918
94.72573308599999,nodescheduler,4085,0.04,0.0,21972,11282
94.72573308599999,nodecontroller,3837,0.19,0.0,44500,33502
94.72573308599999,nodelet,3227,0.08,0.0,25740,13863
94.72573308599999,nodeproxy,4269,0.0,0.0,15964,6771
94.72573308599999,containerd,2398,0.54,0.0,83448,82286
94.72573308599999,flanneld,3384,0.1,0.0,42068,42440
94.72573308599999,coredns,3910,0.14,0.0,65328,65516
95.733511096,nodestore,2538,0.28,0.0,18764,11190
95.733511096,nodeapiserver,2859,0.4,0.0,140428,130922
95.733511096,nodescheduler,4085,0.04,0.0,21972,11282
95.733511096,nodecontroller,3837,0.2,0.9922820205215535,44500,33506
95.733511096,nodelet,3227,0.08,0.0,25740,13863
95.733511096,nodeproxy,4269,0.0,0.0,15964,6771
95.733511096,containerd,2398,0.54,0.0,83448,82286
95.733511096,flanneld,3384,0.1,0.0,42068,42440
95.733511096,coredns,3910,0.14,0.0,65328,65516
96.74146925100001,nodestore,2538,0.28,0.0,18764,11190
96.74146925100001,nodeapiserver,2859,0.4,0.0,140428,130922
96.74146925100001,nodescheduler,4085,0.04,0.0,21972,11282
96.74146925100001,nodecontroller,3837,0.2,0.0,44500,33506
96.74146925100001,nodelet,3227,0.08,0.0,25740,13863
96.74146925100001,nodeproxy,4269,0.0,0.0,15964,6771
96.74146925100001,containerd,2398,0.55,0.9921046772025855,83448,82422
96.74146925100001,flanneld,3384,0.1,0.0,42068,42444
96.74146925100001,coredns,3910,0.14,0.0,65328,65516
97.74913846800001,nodestore,2538,0.28,0.0,18764,11190
97.74913846800001,nodeapiserver,2859,0.42,1.9847783044860046,140556,130926
97.74913846800001,nodescheduler,4085,0.04,0.0,21972,11282
97.74913846800001,nodecontroller,3837,0.2,0.0,44500,33506
97.74913846800001,nodelet,3227,0.08,0.0,25740,13863
97.74913846800001,nodeproxy,4269,0.0,0.0,15964,6771
97.74913846800001,containerd,2398,0.56,0.9923891522430023,83448,82430
97.74913846800001,flanneld,3384,0.1,0.0,42068,42444
97.74913846800001,coredns,3910,0.14,0.0,65328,65516
98.757070209,nodestore,2538,0.28,0.0,18764,11190
98.757070209,nodeapiserver,2859,0.43,0.9921306764363589,140684,130946
98.757070209,nodescheduler,4085,0.04,0.0,21972,11282
98.757070209,nodecontroller,3837,0.2,0.0,44628,33518
98.757070209,nodelet,3227,0.08,0.0,25740,13863
98.757070209,nodeproxy,4269,0.0,0.0,15964,6771
98.757070209,containerd,2398,0.57,0.9921306764363589,83448,82430
98.757070209,flanneld,3384,0.1,0.0,42068,42444
98.757070209,coredns,3910,0.15,0.9921306764363589,65328,65516
99.76466692400001,nodestore,2538,0.29,0.9924605599771081,18764,11190
99.76466692400001,nodeapiserver,2859,0.43,0.0,140684,130946
99.76466692400001,nodescheduler,4085,0.04,0.0,21972,11282
99.76466692400001,nodecontroller,3837,0.2,0.0,44628,33518
99.76466692400001,nodelet,3227,0.09,0.9924605599771081,25740,13863
99.76466692400001,nodeproxy,4269,0.0,0.0,15964,6771
99.76466692400001,containerd,2398,0.57,0.0,83448,82430
99.76466692400001,flanneld,3384,0.1,0.0,42068,42444
99.76466692400001,coredns,3910,0.15,0.0,65328,65516
100.77242036199999,nodestore,2538,0.29,0.0,18764,11190
100.77242036199999,nodeapiserver,2859,0.43,0.0,140684,130946
100.77242036199999,nodescheduler,4085,0.04,0.0,21972,11282
100.77242036199999,nodecontroller,3837,0.2,0.0,44628,33518
100.77242036199999,nodelet,3227,0.09,0.0,25740,13863
100.77242036199999,nodeproxy,4269,0.0,0.0,15964,6771
100.77242036199999,containerd,2398,0.57,0.0,83448,82430
100.77242036199999,flanneld,3384,0.1,0.0,42068,42444
100.77242036199999,coredns,3910,0.15,0.0,65328,65516
101.77998828400001,nodestore,2538,0.3,0.9924889212580341,18764,11190
101.77998828400001,nodeapiserver,2859,0.44,0.9924889212580341,140684,130946
101.77998828400001,nodescheduler,4085,0.04,0.0,21972,11282
101.77998828400001,nodecontroller,3837,0.2,0.0,44628,33518
101.77998828400001,nodelet,3227,0.09,0.0,25740,13863
101.77998828400001,nodeproxy,4269,0.0,0.0,15964,6771
101.77998828400001,containerd,2398,0.58,0.9924889212580341,83448,82434
101.77998828400001,flanneld,3384,0.11,0.9924889212580341,42068,42448
101.77998828400001,coredns,3910,0.15,0.0,65328,65516
102.78764547200001,nodestore,2538,0.3,0.0,18764,11190
102.78764547200001,nodeapiserver,2859,0.44,0.0,140684,130946
102.78764547200001,nodescheduler,4085,0.04,0.0,21972,11282
102.78764547200001,nodecontroller,3837,0.2,0.0,44628,33518
102.78764547200001,nodelet,3227,0.09,0.0,25740,13863
102.78764547200001,nodeproxy,4269,0.0,0.0,15964,6771
102.78764547200001,containerd,2398,0.58,0.0,83448,82434
102.78764547200001,flanneld,3384,0.11,0.0,42068,42448
102.78764547200001,coredns,3910,0.16,0.9924009989794306,65328,65580
103.79538781900001,nodestore,2538,0.3,0.0,18764,11190
103.79538781900001,nodeapiserver,2859,0.44,0.0,140684,130946
103.79538781900001,nodescheduler,4085,0.04,0.0,21972,11282
103.79538781900001,nodecontroller,3837,0.2,0.0,44628,33518
103.79538781900001,nodelet,3227,0.09,0.0,25740,13863
103.79538781900001,nodeproxy,4269,0.0,0.0,15964,6771
103.79538781900001,containerd,2398,0.59,0.9923171363959719,83448,82434
103.79538781900001,flanneld,3384,0.11,0.0,42068,42448
103.79538781900001,coredns,3910,0.16,0.0,65328,65580
104.803009834,nodestore,2538,0.3,0.0,18764,11190
104.803009834,nodeapiserver,2859,0.44,0.0,140684,130946
104.803009834,nodescheduler,4085,0.04,0.0,21972,11282
104.803009834,nodecontroller,3837,0.21,0.9924356406603706,44628,33518
104.803009834,nodelet,3227,0.09,0.0,25740,13863
104.803009834,nodeproxy,4269,0.0,0.0,15964,6771
104.803009834,containerd,2398,0.59,0.0,83448,82434
104.803009834,flanneld,3384,0.11,0.0,42068,42448
104.803009834,coredns,3910,0.16,0.0,65328,65580
105.8109437,nodestore,2538,0.3,0.0,18764,11190
105.8109437,nodeapiserver,2859,0.45,0.9921285847537918,140684,130946
105.8109437,nodescheduler,4085,0.04,0.0,21972,11282
105.8109437,nodecontroller,3837,0.21,0.0,44628,33518
105.8109437,nodelet,3227,0.09,0.0,25740,13863
105.8109437,nodeproxy,4269,0.0,0.0,15964,6771
105.8109437,containerd,2398,0.6,0.9921285847537918,83448,82434
105.8109437,flanneld,3384,0.11,0.0,42068,42448
105.8109437,coredns,3910,0.17,0.9921285847537918,65328,65580
106.818561638,nodestore,2538,0.3,0.0,18764,11190
106.818561638,nodeapiserver,2859,0.45,0.0,140684,130946
106.818561638,nodescheduler,4085,0.04,0.0,21972,11282
106.818561638,nodecontroller,3837,0.21,0.0,44628,33518
106.818561638,nodelet,3227,0.09,0.0,25740,13863
106.818561638,nodeproxy,4269,0.0,0.0,15964,6771
106.818561638,containerd,2398,0.6,0.0,83448,82438
106.818561638,flanneld,3384,0.12,0.9924396562300881,42068,42448
106.818561638,coredns,3910,0.17,0.0,65328,65580
107.826440513,nodestore,2538,0.31,0.9921827164003325,18764,11190
107.826440513,nodeapiserver,2859,0.45,0.0,140684,130938
107.826440513,nodescheduler,4085,0.04,0.0,21972,11282
107.826440513,nodecontroller,3837,0.22,0.9921827164003325,44628,33518
107.826440513,nodelet,3227,0.09,0.0,25860,13863
107.826440513,nodeproxy,4269,0.0,0.0,15964,6771
107.826440513,containerd,2398,0.61,0.9921827164003325,83448,82442
107.826440513,flanneld,3384,0.12,0.0,42068,42448
107.826440513,coredns,3910,0.17,0.0,65328,65580
108.834354032,nodestore,2538,0.31,0.0,18764,11190
108.834354032,nodeapiserver,2859,0.45,0.0,140684,130938
108.834354032,nodescheduler,4085,0.04,0.0,21972,11282
108.834354032,nodecontroller,3837,0.22,0.0,44628,33518
108.834354032,nodelet,3227,0.09,0.0,25860,13863
108.834354032,nodeproxy,4269,0.0,0.0,15964,6771
108.834354032,containerd,2398,0.62,0.9921486130994153,83448,82442
108.834354032,flanneld,3384,0.12,0.0,42068,42448
108.834354032,coredns,3910,0.17,0.0,65328,65580
109.842583026,nodestore,2538,0.31,0.0,18764,11190
109.842583026,nodeapiserver,2859,0.46,0.9918381696529484,140684,130938
109.842583026,nodescheduler,4085,0.04,0.0,21972,11282
109.842583026,nodecontroller,3837,0.22,0.0,44628,33518
109.842583026,nodelet,3227,0.09,0.0,25860,13863
109.842583026,nodeproxy,4269,0.0,0.0,15964,6771
109.842583026,containerd,2398,0.63,0.9918381696529484,83448,82446
109.842583026,flanneld,3384,0.12,0.0,42068,42448
109.842583026,coredns,3910,0.17,0.0,65328,65580
110.85044753400001,nodestore,2538,0.31,0.0,18764,11190
110.85044753400001,nodeapiserver,2859,0.46,0.0,140684,130938
110.85044753400001,nodescheduler,4085,0.04,0.0,21972,11282
110.85044753400001,nodecontroller,3837,0.22,0.0,44628,33518
110.85044753400001,nodelet,3227,0.09,0.0,25860,13863
110.85044753400001,nodeproxy,4269,0.0,0.0,15964,6771
110.85044753400001,containerd,2398,0.63,0.0,83448,82446
110.85044753400001,flanneld,3384,0.12,0.0,42068,42448
110.85044753400001,coredns,3910,0.17,0.0,65328,65580
111.85842313,nodestore,2538,0.31,0.0,18764,11190
111.85842313,nodeapiserver,2859,0.46,0.0,140684,130938
111.85842313,nodescheduler,4085,0.05,0.9920875108170829,21972,11282
111.85842313,nodecontroller,3837,0.22,0.0,44628,33518
111.85842313,nodelet,3227,0.09,0.0,25860,13863
111.85842313,nodeproxy,4269,0.0,0.0,15964,6771
111.85842313,containerd,2398,0.63,0.0,83448,82446
111.85842313,flanneld,3384,0.12,0.0,42068,42448
111.85842313,coredns,3910,0.17,0.0,65328,65580
112.86622246600001,nodestore,2538,0.31,0.0,18764,11190
112.86622246600001,nodeapiserver,2859,0.46,0.0,140684,130938
112.86622246600001,nodescheduler,4085,0.05,0.0,21972,11282
112.86622246600001,nodecontroller,3837,0.22,0.0,44628,33518
112.86622246600001,nodelet,3227,0.09,0.0,25860,13863
112.86622246600001,nodeproxy,4269,0.0,0.0,15964,6771
112.86622246600001,containerd,2398,0.63,0.0,83448,82454
112.86622246600001,flanneld,3384,0.12,0.0,42068,42448
112.86622246600001,coredns,3910,0.17,0.0,65328,65580
113.87391085499999,nodestore,2538,0.33,1.9847405426441194,18764,11190
113.87391085499999,nodeapiserver,2859,0.49,2.977110813966179,140556,130926
113.87391085499999,nodescheduler,4085,0.05,0.0,21972,11282
113.87391085499999,nodecontroller,3837,0.23,0.9923702713220597,44488,33402
113.87391085499999,nodelet,3227,0.1,0.9923702713220597,25860,13863
113.87391085499999,nodeproxy,4269,0.0,0.0,15964,6771
113.87391085499999,containerd,2398,0.64,0.9923702713220597,83448,82454
113.87391085499999,flanneld,3384,0.12,0.0,42068,42448
113.87391085499999,coredns,3910,0.18,0.9923702713220597,65328,65580
114.88165080000002,nodestore,2538,0.33,0.0,18764,11190
114.88165080000002,nodeapiserver,2859,0.49,0.0,140556,130926
114.88165080000002,nodescheduler,4085,0.05,0.0,21972,11282
114.88165080000002,nodecontroller,3837,0.23,0.0,44488,33406
114.88165080000002,nodelet,3227,0.1,0.0,25860,13863
114.88165080000002,nodeproxy,4269,0.0,0.0,15964,6771
114.88165080000002,containerd,2398,0.64,0.0,83448,82458
114.88165080000002,flanneld,3384,0.12,0.0,42068,42448
114.88165080000002,coredns,3910,0.18,0.0,65328,65580
115.89010416900001,nodestore,2538,0.33,0.0,18764,11190
115.89010416900001,nodeapiserver,2859,0.49,0.0,140556,130930
115.89010416900001,nodescheduler,4085,0.05,0.0,21972,11282
115.89010416900001,nodecontroller,3837,0.23,0.0,44488,33406
115.89010416900001,nodelet,3227,0.1,0.0,25860,13863
115.89010416900001,nodeproxy,4269,0.0,0.0,15964,6771
115.89010416900001,containerd,2398,0.65,0.9916174914380256,83448,82462
115.89010416900001,flanneld,3384,0.12,0.0,42068,42448
115.89010416900001,coredns,3910,0.18,0.0,65328,65580
116.89760843300002,nodestore,2538,0.34,0.992551630530861,18764,11190
116.89760843300002,nodeapiserver,2859,0.5,0.992551630530861,140556,130926
116.89760843300002,nodescheduler,4085,0.05,0.0,21972,11282
116.89760843300002,nodecontroller,3837,0.24,0.992551630530861,44488,33406
116.89760843300002,nodelet,3227,0.1,0.0,25848,13863
116.89760843300002,nodeproxy,4269,0.0,0.0,15964,6771
116.89760843300002,containerd,2398,0.68,2.977654891592583,83448,82462
116.89760843300002,flanneld,3384,0.12,0.0,42068,42448
116.89760843300002,coredns,3910,0.19,0.992551630530861,65328,65580
117.905271784,nodestore,2538,0.34,0.0,18764,11190
117.905271784,nodeapiserver,2859,0.5,0.0,140556,130926
117.905271784,nodescheduler,4085,0.05,0.0,21972,11282
117.905271784,nodecontroller,3837,0.24,0.0,44488,33406
117.905271784,nodelet,3227,0.1,0.0,25848,13863
117.905271784,nodeproxy,4269,0.0,0.0,15964,6771
117.905271784,containerd,2398,0.68,0.0,83448,82466
117.905271784,flanneld,3384,0.12,0.0,42068,42448
117.905271784,coredns,3910,0.19,0.0,65328,65580
118.91308198000002,nodestore,2538,0.34,0.0,18764,11190
118.91308198000002,nodeapiserver,2859,0.5,0.0,140556,130926
118.91308198000002,nodescheduler,4085,0.05,0.0,21972,11282
118.91308198000002,nodecontroller,3837,0.24,0.0,44488,33406
118.91308198000002,nodelet,3227,0.1,0.0,25848,13863
118.91308198000002,nodeproxy,4269,0.0,0.0,15964,6771
118.91308198000002,containerd,2398,0.68,0.0,83448,82470
118.91308198000002,flanneld,3384,0.12,0.0,42068,42448
118.91308198000002,coredns,3910,0.19,0.0,65328,65580
119.920811867,nodestore,2538,0.34,0.0,18764,11190
119.920811867,nodeapiserver,2859,0.51,0.992329405826204,140556,130926
119.920811867,nodescheduler,4085,0.05,0.0,21972,11282
119.920811867,nodecontroller,3837,0.25,0.992329405826204,44488,33406
119.920811867,nodelet,3227,0.1,0.0,25848,13863
119.920811867,nodeproxy,4269,0.0,0.0,15964,6771
119.920811867,containerd,2398,0.69,0.992329405826204,83448,82470
119.920811867,flanneld,3384,0.12,0.0,42068,42448
119.920811867,coredns,3910,0.19,0.0,65328,65580
120.928536326,nodestore,2538,0.34,0.0,18764,11190
120.928536326,nodeapiserver,2859,0.51,0.0,140556,130926
120.928536326,nodescheduler,4085,0.05,0.0,21972,11282
120.928536326,nodecontroller,3837,0.25,0.0,44488,33406
120.928536326,nodelet,3227,0.1,0.0,25848,13863
120.928536326,nodeproxy,4269,0.0,0.0,15964,6771
120.928536326,containerd,2398,0.69,0.0,83448,82470
120.928536326,flanneld,3384,0.12,0.0,42068,42448
120.928536326,coredns,3910,0.19,0.0,65328,65584
121.936233966,nodestore,2538,0.34,0.0,18764,11190
121.936233966,nodeapiserver,2859,0.51,0.0,140556,130934
121.936233966,nodescheduler,4085,0.05,0.0,21972,11282
121.936233966,nodecontroller,3837,0.25,0.0,44488,33406
121.936233966,nodelet,3227,0.1,0.0,25848,13863
121.936233966,nodeproxy,4269,0.0,0.0,15964,6771
121.936233966,containerd,2398,0.7,0.9923611610323871,83448,82470
121.936233966,flanneld,3384,0.13,0.9923611610323871,42068,42448
121.936233966,coredns,3910,0.19,0.0,65328,65584
122.943792245,nodestore,2538,0.36,1.9849968400686544,18764,11218
122.943792245,nodeapiserver,2859,0.53,1.9849968400686544,140556,130954
122.943792245,nodescheduler,4085,0.05,0.0,21972,11282
122.943792245,nodecontroller,3837,0.25,0.0,44488,33422
122.943792245,nodelet,3227,0.1,0.0,25848,13863
122.943792245,nodeproxy,4269,0.0,0.0,15964,6771
122.943792245,containerd,2398,0.7,0.0,83448,82470
122.943792245,flanneld,3384,0.13,0.0,42068,42448
122.943792245,coredns,3910,0.19,0.0,65328,65584
123.951276697,nodestore,2538,0.36,0.0,18764,11218
123.951276697,nodeapiserver,2859,0.53,0.0,140556,130954
123.951276697,nodescheduler,4085,0.05,0.0,21972,11282
123.951276697,nodecontroller,3837,0.25,0.0,44488,33434
123.951276697,nodelet,3227,0.1,0.0,25848,13863
123.951276697,nodeproxy,4269,0.0,0.0,15964,6771
123.951276697,containerd,2398,0.7,0.0,83448,82470
123.951276697,flanneld,3384,0.13,0.0,42068,42448
123.951276697,coredns,3910,0.19,0.0,65328,65584
124.958855355,nodestore,2538,0.37,0.9924783460429351,18764,11218
124.958855355,nodeapiserver,2859,0.54,0.9924783460429351,140556,130954
124.958855355,nodescheduler,4085,0.05,0.0,21972,11282
124.958855355,nodecontroller,3837,0.26,0.9924783460429351,44488,33438
124.958855355,nodelet,3227,0.1,0.0,25848,13863
124.958855355,nodeproxy,4269,0.0,0.0,15964,6771
124.958855355,containerd,2398,0.71,0.9924783460429351,83448,82470
124.958855355,flanneld,3384,0.13,0.0,42068,42448
124.958855355,coredns,3910,0.19,0.0,65328,65584
125.96669361300002,nodestore,2538,0.37,0.0,18764,11218
125.96669361300002,nodeapiserver,2859,0.54,0.0,140556,130954
125.96669361300002,nodescheduler,4085,0.05,0.0,21972,11282
125.96669361300002,nodecontroller,3837,0.26,0.0,44488,33454
125.96669361300002,nodelet,3227,0.1,0.0,25848,13863
125.96669361300002,nodeproxy,4269,0.0,0.0,15964,6771
125.96669361300002,containerd,2398,0.71,0.0,83448,82470
125.96669361300002,flanneld,3384,0.13,0.0,42068,42448
125.96669361300002,coredns,3910,0.2,0.9922227024646044,65328,65584
126.97433350400001,nodestore,2538,0.37,0.0,18764,11218
126.97433350400001,nodeapiserver,2859,0.55,0.9924180343908232,140556,130970
126.97433350400001,nodescheduler,4085,0.05,0.0,21972,11282
126.97433350400001,nodecontroller,3837,0.26,0.0,44488,33462
126.97433350400001,nodelet,3227,0.11,0.9924180343908232,25848,13863
126.97433350400001,nodeproxy,4269,0.0,0.0,15964,6771
126.97433350400001,containerd,2398,0.72,0.9924180343908232,83448,82470
126.97433350400001,flanneld,3384,0.13,0.0,42068,42448
126.97433350400001,coredns,3910,0.2,0.0,65328,65584
127.981977559,nodestore,2538,0.37,0.0,18764,11218
127.981977559,nodeapiserver,2859,0.55,0.0,140556,130974
127.981977559,nodescheduler,4085,0.05,0.0,21972,11286
127.981977559,nodecontroller,3837,0.26,0.0,44616,33466
127.981977559,nodelet,3227,0.11,0.0,25848,13863
127.981977559,nodeproxy,4269,0.0,0.0,15964,6771
127.981977559,containerd,2398,0.73,0.9924139333110182,83448,82470
127.981977559,flanneld,3384,0.13,0.0,42068,42448
127.981977559,coredns,3910,0.2,0.0,65328,65584
128.98958437000002,nodestore,2538,0.38,0.9924506157392218,18764,11218
128.98958437000002,nodeapiserver,2859,0.57,1.9849012314784436,140556,130990
128.98958437000002,nodescheduler,4085,0.05,0.0,21972,11286
128.98958437000002,nodecontroller,3837,0.26,0.0,44616,33454
128.98958437000002,nodelet,3227,0.11,0.0,25848,13863
128.98958437000002,nodeproxy,4269,0.0,0.0,15964,6771
128.98958437000002,containerd,2398,0.74,0.9924506157392218,83448,82470
128.98958437000002,flanneld,3384,0.13,0.0,42068,42448
128.98958437000002,coredns,3910,0.2,0.0,65328,65584
129.997094928,nodestore,2538,0.39,0.9925454299805176,18764,11218
129.997094928,nodeapiserver,2859,0.57,0.0,140556,130990
129.997094928,nodescheduler,4085,0.05,0.0,21972,11286
129.997094928,nodecontroller,3837,0.27,0.9925454299805176,44616,33482
129.997094928,nodelet,3227,0.11,0.0,25848,13863
129.997094928,nodeproxy,4269,0.0,0.0,15964,6771
129.997094928,containerd,2398,0.74,0.0,83448,82470
129.997094928,flanneld,3384,0.13,0.0,42068,42448
129.997094928,coredns,3910,0.21,0.9925454299805176,65328,65584
131.004612352,nodestore,2538,0.39,0.0,18764,11218
131.004612352,nodeapiserver,2859,0.57,0.0,140556,130994
131.004612352,nodescheduler,4085,0.05,0.0,21972,11286
131.004612352,nodecontroller,3837,0.27,0.0,44616,33482
131.004612352,nodelet,3227,0.11,0.0,25848,13863
131.004612352,nodeproxy,4269,0.0,0.0,15964,6771
131.004612352,containerd,2398,0.75,0.9925386660111859,83448,82470
131.004612352,flanneld,3384,0.13,0.0,42068,42448
131.004612352,coredns,3910,0.21,0.0,65328,65584
132.012088449,nodestore,2538,0.39,0.0,18764,11218
132.012088449,nodeapiserver,2859,0.58,0.9925793802728857,140556,130998
132.012088449,nodescheduler,4085,0.05,0.0,21972,11286
132.012088449,nodecontroller,3837,0.27,0.0,44616,33498
132.012088449,nodelet,3227,0.11,0.0,25848,13863
132.012088449,nodeproxy,4269,0.0,0.0,15964,6771
132.012088449,containerd,2398,0.75,0.0,83448,82470
132.012088449,flanneld,3384,0.14,0.9925793802728857,42068,42448
132.012088449,coredns,3910,0.21,0.0,65328,65584
133.01951833,nodestore,2538,0.39,0.0,18764,11218
133.01951833,nodeapiserver,2859,0.58,0.0,140556,130998
133.01951833,nodescheduler,4085,0.05,0.0,21972,11286
133.01951833,nodecontroller,3837,0.28,0.9926249150038788,44616,33498
133.01951833,nodelet,3227,0.11,0.0,25848,13863
133.01951833,nodeproxy,4269,0.0,0.0,15964,6771
133.01951833,containerd,2398,0.75,0.0,83448,82470
133.01951833,flanneld,3384,0.14,0.0,42068,42448
133.01951833,coredns,3910,0.21,0.0,65328,65584
134.027051713,nodestore,2538,0.39,0.0,18764,11218
134.027051713,nodeapiserver,2859,0.58,0.0,140556,130998
134.027051713,nodescheduler,4085,0.05,0.0,21972,11286
134.027051713,nodecontroller,3837,0.28,0.0,44616,33502
134.027051713,nodelet,3227,0.11,0.0,25848,13863
134.027051713,nodeproxy,4269,0.0,0.0,15964,6771
134.027051713,containerd,2398,0.75,0.0,83448,82470
134.027051713,flanneld,3384,0.14,0.0,42068,42448
134.027051713,coredns,3910,0.21,0.0,65328,65584
135.034410976,nodestore,2538,0.39,0.0,18764,11218
135.034410976,nodeapiserver,2859,0.58,0.0,140556,130998
135.034410976,nodescheduler,4085,0.05,0.0,21972,11286
135.034410976,nodecontroller,3837,0.28,0.0,44616,33510
135.034410976,nodelet,3227,0.11,0.0,25848,13863
135.034410976,nodeproxy,4269,0.0,0.0,15964,6771
135.034410976,containerd,2398,0.76,0.9926945000951344,83448,82470
135.034410976,flanneld,3384,0.14,0.0,42068,42448
135.034410976,coredns,3910,0.21,0.0,65328,65584
136.04208000100002,nodestore,2538,0.4,0.992389341331582,18764,11218
136.04208000100002,nodeapiserver,2859,0.58,0.0,140556,130998
136.04208000100002,nodescheduler,4085,0.05,0.0,21972,11286
136.04208000100002,nodecontroller,3837,0.28,0.0,44616,33510
136.04208000100002,nodelet,3227,0.11,0.0,25848,13863
136.04208000100002,nodeproxy,4269,0.0,0.0,15964,6771
136.04208000100002,containerd,2398,0.76,0.0,83448,82470
136.04208000100002,flanneld,3384,0.14,0.0,42068,42448
136.04208000100002,coredns,3910,0.21,0.0,65328,65584
137.049547493,nodestore,2538,0.4,0.0,18764,11218
137.049547493,nodeapiserver,2859,0.6,1.98517571622055,140684,131002
137.049547493,nodescheduler,4085,0.05,0.0,21972,11290
137.049547493,nodecontroller,3837,0.28,0.0,44616,33518
137.049547493,nodelet,3227,0.12,0.992587858110275,25720,13863
137.049547493,nodeproxy,4269,0.0,0.0,15964,6771
137.049547493,containerd,2398,0.78,1.98517571622055,83448,82474
137.049547493,flanneld,3384,0.15,0.992587858110275,42068,42448
137.049547493,coredns,3910,0.21,0.0,65328,65584
138.056880001,nodestore,2538,0.4,0.0,18764,11218
138.056880001,nodeapiserver,2859,0.61,0.9927208663060535,140684,131002
138.056880001,nodescheduler,4085,0.05,0.0,21972,11290
138.056880001,nodecontroller,3837,0.29,0.9927208663060535,44616,33522
138.056880001,nodelet,3227,0.12,0.0,25720,13863
138.056880001,nodeproxy,4269,0.0,0.0,15964,6771
138.056880001,containerd,2398,0.79,0.9927208663060535,83448,82474
138.056880001,flanneld,3384,0.15,0.0,42068,42448
138.056880001,coredns,3910,0.22,0.9927208663060535,65328,65584
139.064193495,nodestore,2538,0.41,0.9927396048563053,18764,11218
139.064193495,nodeapiserver,2859,0.61,0.0,140684,131002
139.064193495,nodescheduler,4085,0.05,0.0,21972,11290
139.064193495,nodecontroller,3837,0.29,0.0,44616,33522
139.064193495,nodelet,3227,0.12,0.0,25720,13863
139.064193495,nodeproxy,4269,0.0,0.0,15964,6771
139.064193495,containerd,2398,0.8,0.9927396048563053,83448,82474
139.064193495,flanneld,3384,0.15,0.0,42068,42448
139.064193495,coredns,3910,0.22,0.0,65328,65584
140.071306497,nodestore,2538,0.41,0.0,18764,11218
140.071306497,nodeapiserver,2859,0.61,0.0,140684,131006
140.071306497,nodescheduler,4085,0.06,0.9929372354583276,21972,11290
140.071306497,nodecontroller,3837,0.29,0.0,44616,33522
140.071306497,nodelet,3227,0.12,0.0,25720,13863
140.071306497,nodeproxy,4269,0.0,0.0,15964,6771
140.071306497,containerd,2398,0.8,0.0,83448,82474
140.071306497,flanneld,3384,0.15,0.0,42068,42448
140.071306497,coredns,3910,0.22,0.0,65328,65584
141.078427603,nodestore,2538,0.41,0.0,18764,11218
141.078427603,nodeapiserver,2859,0.62,0.9929292455916423,140684,131006
141.078427603,nodescheduler,4085,0.06,0.0,21972,11290
141.078427603,nodecontroller,3837,0.29,0.0,44616,33526
141.078427603,nodelet,3227,0.12,0.0,25720,13863
141.078427603,nodeproxy,4269,0.0,0.0,15964,6771
141.078427603,containerd,2398,0.8,0.0,83448,82474
141.078427603,flanneld,3384,0.15,0.0,42068,42448
141.078427603,coredns,3910,0.22,0.0,65328,65584
142.085814858,nodestore,2538,0.41,0.0,18764,11218
142.085814858,nodeapiserver,2859,0.62,0.0,140684,131006
142.085814858,nodescheduler,4085,0.06,0.0,21972,11290
142.085814858,nodecontroller,3837,0.29,0.0,44616,33526
142.085814858,nodelet,3227,0.12,0.0,25720,13863
142.085814858,nodeproxy,4269,0.0,0.0,15964,6771
142.085814858,containerd,2398,0.81,0.9926669163587963,83448,82474
142.085814858,flanneld,3384,0.15,0.0,42068,42448
142.085814858,coredns,3910,0.22,0.0,65328,65584
143.09296565,nodestore,2538,0.41,0.0,18764,11218
143.09296565,nodeapiserver,2859,0.62,0.0,140684,131006
143.09296565,nodescheduler,4085,0.06,0.0,21972,11290
143.09296565,nodecontroller,3837,0.29,0.0,44616,33526
143.09296565,nodelet,3227,0.12,0.0,25720,13863
143.09296565,nodeproxy,4269,0.0,0.0,15964,6771
143.09296565,containerd,2398,0.82,0.9928999787749714,83448,82478
143.09296565,flanneld,3384,0.15,0.0,42068,42448
143.09296565,coredns,3910,0.22,0.0,65328,65584
144.100106122,nodestore,2538,0.42,0.9929101528550198,18764,11218
144.100106122,nodeapiserver,2859,0.62,0.0,140684,131006
144.100106122,nodescheduler,4085,0.06,0.0,21972,11290
144.100106122,nodecontroller,3837,0.29,0.0,44616,33526
144.100106122,nodelet,3227,0.12,0.0,25720,13863
144.100106122,nodeproxy,4269,0.0,0.0,15964,6771
144.100106122,containerd,2398,0.82,0.0,83448,82478
144.100106122,flanneld,3384,0.15,0.0,42068,42448
144.100106122,coredns,3910,0.23,0.9929101528550198,65328,65584
145.10750334300002,nodestore,2538,0.42,0.0,18764,11218
145.10750334300002,nodeapiserver,2859,0.62,0.0,140684,131006
145.10750334300002,nodescheduler,4085,0.06,0.0,21972,11290
145.10750334300002,nodecontroller,3837,0.29,0.0,44616,33526
145.10750334300002,nodelet,3227,0.12,0.0,25720,13863
145.10750334300002,nodeproxy,4269,0.0,0.0,15964,6771
145.10750334300002,containerd,2398,0.82,0.0,83448,82478
145.10750334300002,flanneld,3384,0.15,0.0,42068,42448
145.10750334300002,coredns,3910,0.23,0.0,65328,65584
146.114721243,nodestore,2538,0.42,0.0,18764,11218
146.114721243,nodeapiserver,2859,0.63,0.9928338247364623,140684,131006
146.114721243,nodescheduler,4085,0.06,0.0,21972,11290
146.114721243,nodecontroller,3837,0.29,0.0,44616,33526
146.114721243,nodelet,3227,0.12,0.0,25720,13863
146.114721243,nodeproxy,4269,0.0,0.0,15964,6771
146.114721243,containerd,2398,0.82,0.0,83448,82478
146.114721243,flanneld,3384,0.15,0.0,42068,42448
146.114721243,coredns,3910,0.24,0.9928338247364623,65328,65584
147.12193069,nodestore,2538,0.43,0.9928421570890924,18764,11218
147.12193069,nodeapiserver,2859,0.63,0.0,140684,130994
147.12193069,nodescheduler,4085,0.06,0.0,21972,11290
147.12193069,nodecontroller,3837,0.31,1.9856843141781848,44616,33526
147.12193069,nodelet,3227,0.13,0.9928421570890924,25848,13863
147.12193069,nodeproxy,4269,0.0,0.0,15964,6771
147.12193069,containerd,2398,0.84,1.9856843141781848,83448,82490
147.12193069,flanneld,3384,0.15,0.0,42068,42452
147.12193069,coredns,3910,0.24,0.0,65328,65584
148.12929159,nodestore,2538,0.43,0.0,18764,11218
148.12929159,nodeapiserver,2859,0.63,0.0,140684,130994
148.12929159,nodescheduler,4085,0.07,0.9926928869285984,21972,11290
148.12929159,nodecontroller,3837,0.31,0.0,44616,33526
148.12929159,nodelet,3227,0.13,0.0,25848,13863
148.12929159,nodeproxy,4269,0.0,0.0,15964,6771
148.12929159,containerd,2398,0.85,0.9926928869285984,83448,82490
148.12929159,flanneld,3384,0.15,0.0,42068,42452
148.12929159,coredns,3910,0.24,0.0,65328,65584
149.136262743,nodestore,2538,0.43,0.0,18764,11218
149.136262743,nodeapiserver,2859,0.64,0.9930771075425285,140684,130994
149.136262743,nodescheduler,4085,0.07,0.0,21972,11290
149.136262743,nodecontroller,3837,0.31,0.0,44616,33526
149.136262743,nodelet,3227,0.13,0.0,25848,13863
149.136262743,nodeproxy,4269,0.0,0.0,15964,6771
149.136262743,containerd,2398,0.85,0.0,83448,82490
149.136262743,flanneld,3384,0.15,0.0,42068,42452
149.136262743,coredns,3910,0.24,0.0,65328,65584
150.14327012500002,nodestore,2538,0.43,0.0,18764,11218
150.14327012500002,nodeapiserver,2859,0.64,0.0,140684,130994
150.14327012500002,nodescheduler,4085,0.07,0.0,21972,11290
150.14327012500002,nodecontroller,3837,0.31,0.0,44616,33526
150.14327012500002,nodelet,3227,0.13,0.0,25848,13863
150.14327012500002,nodeproxy,4269,0.0,0.0,15964,6771
150.14327012500002,containerd,2398,0.85,0.0,83448,82490
150.14327012500002,flanneld,3384,0.15,0.0,42068,42452
150.14327012500002,coredns,3910,0.24,0.0,65328,65584
151.150284753,nodestore,2538,0.43,0.0,18764,11218
151.150284753,nodeapiserver,2859,0.64,0.0,140684,130994
151.150284753,nodescheduler,4085,0.07,0.0,21972,11290
151.150284753,nodecontroller,3837,0.31,0.0,44616,33526
151.150284753,nodelet,3227,0.13,0.0,25848,13863
151.150284753,nodeproxy,4269,0.0,0.0,15964,6771
151.150284753,containerd,2398,0.86,0.993034234255454,83448,82490
151.150284753,flanneld,3384,0.15,0.0,42068,42452
151.150284753,coredns,3910,0.24,0.0,65328,65584
152.157349248,nodestore,2538,0.43,0.0,18764,11218
152.157349248,nodeapiserver,2859,0.64,0.0,140684,130994
152.157349248,nodescheduler,4085,0.07,0.0,21972,11290
152.157349248,nodecontroller,3837,0.31,0.0,44616,33526
152.157349248,nodelet,3227,0.13,0.0,25848,13863
152.157349248,nodeproxy,4269,0.0,0.0,15964,6771
152.157349248,containerd,2398,0.87,0.9929850619944568,83448,82490
152.157349248,flanneld,3384,0.16,0.9929850619944568,42068,42452
152.157349248,coredns,3910,0.24,0.0,65328,65588
153.164490081,nodestore,2538,0.43,0.0,18764,11218
153.164490081,nodeapiserver,2859,0.65,0.9929097969558801,140684,130994
153.164490081,nodescheduler,4085,0.07,0.0,21972,11290
153.164490081,nodecontroller,3837,0.31,0.0,44616,33530
153.164490081,nodelet,3227,0.13,0.0,25848,13863
153.164490081,nodeproxy,4269,0.0,0.0,15964,6771
153.164490081,containerd,2398,0.87,0.0,83448,82490
153.164490081,flanneld,3384,0.16,0.0,42068,42452
153.164490081,coredns,3910,0.24,0.0,65328,65588
154.171459505,nodestore,2538,0.44,0.9930788126889495,18764,11218
154.171459505,nodeapiserver,2859,0.65,0.0,140684,130998
154.171459505,nodescheduler,4085,0.07,0.0,21972,11290
154.171459505,nodecontroller,3837,0.31,0.0,44616,33530
154.171459505,nodelet,3227,0.13,0.0,25848,13863
154.171459505,nodeproxy,4269,0.0,0.0,15964,6771
154.171459505,containerd,2398,0.87,0.0,83448,82490
154.171459505,flanneld,3384,0.16,0.0,42068,42452
154.171459505,coredns,3910,0.24,0.0,65328,65588
155.178555272,nodestore,2538,0.44,0.0,18764,11218
155.178555272,nodeapiserver,2859,0.65,0.0,140684,130998
155.178555272,nodescheduler,4085,0.07,0.0,21972,11290
155.178555272,nodecontroller,3837,0.31,0.0,44616,33530
155.178555272,nodelet,3227,0.13,0.0,25848,13863
155.178555272,nodeproxy,4269,0.0,0.0,15964,6771
155.178555272,containerd,2398,0.87,0.0,83448,82490
155.178555272,flanneld,3384,0.16,0.0,42068,42452
155.178555272,coredns,3910,0.25,0.9929542281553352,65328,65588
156.185483656,nodestore,2538,0.44,0.0,18764,11218
156.185483656,nodeapiserver,2859,0.66,0.9931192882134592,140684,130998
156.185483656,nodescheduler,4085,0.07,0.0,21972,11290
156.185483656,nodecontroller,3837,0.31,0.0,44616,33530
156.185483656,nodelet,3227,0.13,0.0,25848,13863
156.185483656,nodeproxy,4269,0.0,0.0,15964,6771
156.185483656,containerd,2398,0.88,0.9931192882134592,83448,82490
156.185483656,flanneld,3384,0.16,0.0,42068,42452
156.185483656,coredns,3910,0.25,0.0,65328,65588
157.192431325,nodestore,2538,0.44,0.0,18764,11218
157.192431325,nodeapiserver,2859,0.66,0.0,140684,131002
157.192431325,nodescheduler,4085,0.07,0.0,21972,11290
157.192431325,nodecontroller,3837,0.31,0.0,44616,33530
157.192431325,nodelet,3227,0.13,0.0,25820,13863
157.192431325,nodeproxy,4269,0.0,0.0,15964,6771
157.192431325,containerd,2398,0.9,1.986200536107505,83576,82502
157.192431325,flanneld,3384,0.17,0.9931002680537525,42068,42452
157.192431325,coredns,3910,0.25,0.0,65328,65592
158.199452725,nodestore,2538,0.44,0.0,18764,11218
158.199452725,nodeapiserver,2859,0.66,0.0,146956,137450
158.199452725,nodescheduler,4085,0.07,0.0,21972,11290
158.199452725,nodecontroller,3837,0.31,0.0,44616,33530
158.199452725,nodelet,3227,0.13,0.0,25820,13863
158.199452725,nodeproxy,4269,0.0,0.0,15964,6771
158.199452725,containerd,2398,0.9,0.0,83576,82502
158.199452725,flanneld,3384,0.17,0.0,42068,42452
158.199452725,coredns,3910,0.25,0.0,65328,65592
159.206420152,nodestore,2538,0.46,1.9861615642905868,18764,11218
159.206420152,nodeapiserver,2859,0.7,3.9723231285811735,146956,137458
159.206420152,nodescheduler,4085,0.07,0.0,21972,11290
159.206420152,nodecontroller,3837,0.33,1.9861615642905868,44476,33370
159.206420152,nodelet,3227,0.13,0.0,25820,13863
159.206420152,nodeproxy,4269,0.0,0.0,15964,6771
159.206420152,containerd,2398,0.9,0.0,83576,82502
159.206420152,flanneld,3384,0.17,0.0,42068,42452
159.206420152,coredns,3910,0.25,0.0,65328,65604
160.213436443,nodestore,2538,0.46,0.0,18764,11218
160.213436443,nodeapiserver,2859,0.7,0.0,146956,137458
160.213436443,nodescheduler,4085,0.07,0.0,21972,11290
160.213436443,nodecontroller,3837,0.34,0.993032594345573,44476,33370
160.213436443,nodelet,3227,0.14,0.993032594345573,25820,13863
160.213436443,nodeproxy,4269,0.0,0.0,15964,6771
160.213436443,containerd,2398,0.91,0.993032594345573,83576,82502
160.213436443,flanneld,3384,0.17,0.0,42068,42452
160.213436443,coredns,3910,0.25,0.0,65328,65604
161.220650791,nodestore,2538,0.46,0.0,18764,11218
161.220650791,nodeapiserver,2859,0.7,0.0,146956,137458
161.220650791,nodescheduler,4085,0.07,0.0,21972,11290
161.220650791,nodecontroller,3837,0.34,0.0,44476,33370
161.220650791,nodelet,3227,0.14,0.0,25820,13863
161.220650791,nodeproxy,4269,0.0,0.0,15964,6771
161.220650791,containerd,2398,0.91,0.0,83576,82502
161.220650791,flanneld,3384,0.17,0.0,42068,42452
161.220650791,coredns,3910,0.26,0.9928373260226919,65328,65604
162.22749272400003,nodestore,2538,0.46,0.0,18764,11218
162.22749272400003,nodeapiserver,2859,0.7,0.0,146956,137458
162.22749272400003,nodescheduler,4085,0.07,0.0,21972,11290
162.22749272400003,nodecontroller,3837,0.34,0.0,44476,33370
162.22749272400003,nodelet,3227,0.14,0.0,25820,13863
162.22749272400003,nodeproxy,4269,0.0,0.0,15964,6771
162.22749272400003,containerd,2398,0.91,0.0,83576,82502
162.22749272400003,flanneld,3384,0.17,0.0,41752,42068
162.22749272400003,coredns,3910,0.26,0.0,65328,65604
163.23447363900002,nodestore,2538,0.46,0.0,18764,11218
163.23447363900002,nodeapiserver,2859,0.7,0.0,146956,137458
163.23447363900002,nodescheduler,4085,0.07,0.0,21972,11290
163.23447363900002,nodecontroller,3837,0.34,0.0,44476,33398
163.23447363900002,nodelet,3227,0.14,0.0,25820,13863
163.23447363900002,nodeproxy,4269,0.0,0.0,15964,6771
163.23447363900002,containerd,2398,0.92,0.9930674803305626,83576,82502
163.23447363900002,flanneld,3384,0.17,0.0,41752,42068
163.23447363900002,coredns,3910,0.26,0.0,65328,65604
164.24148721600002,nodestore,2538,0.47,0.9930352706654627,18764,11218
164.24148721600002,nodeapiserver,2859,0.71,0.9930352706654627,146956,137458
164.24148721600002,nodescheduler,4085,0.07,0.0,21972,11290
164.24148721600002,nodecontroller,3837,0.34,0.0,44476,33398
164.24148721600002,nodelet,3227,0.14,0.0,25820,13863
164.24148721600002,nodeproxy,4269,0.0,0.0,15964,6771
164.24148721600002,containerd,2398,0.93,0.9930352706654627,83576,82502
164.24148721600002,flanneld,3384,0.17,0.0,41752,42068
164.24148721600002,coredns,3910,0.26,0.0,65328,65604
165.248271265,nodestore,2538,0.47,0.0,18764,11218
165.248271265,nodeapiserver,2859,0.71,0.0,146956,137462
165.248271265,nodescheduler,4085,0.07,0.0,21972,11290
165.248271265,nodecontroller,3837,0.35,0.9932616642002684,44476,33398
165.248271265,nodelet,3227,0.14,0.0,25820,13863
165.248271265,nodeproxy,4269,0.0,0.0,15964,6771
165.248271265,containerd,2398,0.93,0.0,83576,82502
165.248271265,flanneld,3384,0.17,0.0,41752,42068
165.248271265,coredns,3910,0.27,0.9932616642002684,65328,65604
166.255127956,nodestore,2538,0.48,0.9931900030448366,18764,11218
166.255127956,nodeapiserver,2859,0.71,0.0,146956,137462
166.255127956,nodescheduler,4085,0.07,0.0,21972,11290
166.255127956,nodecontroller,3837,0.35,0.0,44476,33398
166.255127956,nodelet,3227,0.14,0.0,25820,13863
166.255127956,nodeproxy,4269,0.0,0.0,15964,6771
166.255127956,containerd,2398,0.93,0.0,83576,82502
166.255127956,flanneld,3384,0.17,0.0,41752,42068
166.255127956,coredns,3910,0.27,0.0,65328,65604
167.26214334800002,nodestore,2538,0.48,0.0,18764,11218
167.26214334800002,nodeapiserver,2859,0.72,0.9930334808625966,146956,137454
167.26214334800002,nodescheduler,4085,0.07,0.0,21972,11290
167.26214334800002,nodecontroller,3837,0.35,0.0,44476,33406
167.26214334800002,nodelet,3227,0.14,0.0,25804,13879
167.26214334800002,nodeproxy,4269,0.0,0.0,15964,6771
167.26214334800002,containerd,2398,0.96,2.97910044258779,83576,82502
167.26214334800002,flanneld,3384,0.18,0.9930334808625966,41752,42068
167.26214334800002,coredns,3910,0.27,0.0,65328,65604
168.269210426,nodestore,2538,0.48,0.0,18764,11218
168.269210426,nodeapiserver,2859,0.72,0.0,151948,142602
168.269210426,nodescheduler,4085,0.07,0.0,21972,11290
168.269210426,nodecontroller,3837,0.35,0.0,44476,33418
168.269210426,nodelet,3227,0.14,0.0,25804,13879
168.269210426,nodeproxy,4269,0.0,0.0,15964,6771
168.269210426,containerd,2398,0.97,0.9929825151130822,83576,82502
168.269210426,flanneld,3384,0.18,0.0,41752,42068
168.269210426,coredns,3910,0.27,0.0,65328,65604
169.276101593,nodestore,2538,0.48,0.0,18764,11218
169.276101593,nodeapiserver,2859,0.72,0.0,151948,142602
169.276101593,nodescheduler,4085,0.07,0.0,21972,11290
169.276101593,nodecontroller,3837,0.35,0.0,44476,33418
169.276101593,nodelet,3227,0.14,0.0,25804,13879
169.276101593,nodeproxy,4269,0.0,0.0,15964,6771
169.276101593,containerd,2398,0.97,0.0,83576,82502
169.276101593,flanneld,3384,0.18,0.0,41752,42068
169.276101593,coredns,3910,0.27,0.0,65328,65604
170.28280036100003,nodestore,2538,0.48,0.0,18764,11218
170.28280036100003,nodeapiserver,2859,0.74,1.9866916137915946,151948,142606
170.28280036100003,nodescheduler,4085,0.07,0.0,21972,11290
170.28280036100003,nodecontroller,3837,0.36,0.9933458068957973,44476,33426
170.28280036100003,nodelet,3227,0.15,0.9933458068957973,25804,13879
170.28280036100003,nodeproxy,4269,0.0,0.0,15964,6771
170.28280036100003,containerd,2398,0.97,0.0,83576,82502
170.28280036100003,flanneld,3384,0.18,0.0,41752,42068
170.28280036100003,coredns,3910,0.27,0.0,65328,65604
171.28961786,nodestore,2538,0.48,0.0,18764,11218
171.28961786,nodeapiserver,2859,0.74,0.0,151948,142606
171.28961786,nodescheduler,4085,0.07,0.0,21972,11290
171.28961786,nodecontroller,3837,0.36,0.0,44476,33438
171.28961786,nodelet,3227,0.15,0.0,25804,13879
171.28961786,nodeproxy,4269,0.0,0.0,15964,6771
171.28961786,containerd,2398,0.97,0.0,83576,82502
171.28961786,flanneld,3384,0.18,0.0,41752,42068
171.28961786,coredns,3910,0.27,0.0,65328,65604
172.296528704,nodestore,2538,0.49,0.9931365879698445,18764,11218
172.296528704,nodeapiserver,2859,0.75,0.9931365879698445,151948,142606
172.296528704,nodescheduler,4085,0.07,0.0,21972,11290
172.296528704,nodecontroller,3837,0.36,0.0,44476,33442
172.296528704,nodelet,3227,0.15,0.0,25804,13879
172.296528704,nodeproxy,4269,0.0,0.0,15964,6771
172.296528704,containerd,2398,0.98,0.9931365879698445,83576,82502
172.296528704,flanneld,3384,0.19,0.9931365879698445,41752,42068
172.296528704,coredns,3910,0.27,0.0,65328,65604
173.303291138,nodestore,2538,0.49,0.0,18764,11218
173.303291138,nodeapiserver,2859,0.75,0.0,151948,142614
173.303291138,nodescheduler,4085,0.07,0.0,21972,11290
173.303291138,nodecontroller,3837,0.36,0.0,44476,33446
173.303291138,nodelet,3227,0.15,0.0,25804,13879
173.303291138,nodeproxy,4269,0.0,0.0,15964,6771
173.303291138,containerd,2398,0.99,0.9932829893412618,83576,82502
173.303291138,flanneld,3384,0.19,0.0,41752,42068
173.303291138,coredns,3910,0.27,0.0,65328,65604
174.310108832,nodestore,2538,0.49,0.0,18764,11218
174.310108832,nodeapiserver,2859,0.75,0.0,151948,142614
174.310108832,nodescheduler,4085,0.07,0.0,21972,11290
174.310108832,nodecontroller,3837,0.36,0.0,44476,33446
174.310108832,nodelet,3227,0.16,0.993228472204417,25804,13879
174.310108832,nodeproxy,4269,0.0,0.0,15964,6771
174.310108832,containerd,2398,0.99,0.0,83576,82502
174.310108832,flanneld,3384,0.19,0.0,41752,42068
174.310108832,coredns,3910,0.27,0.0,65328,65604
175.316882907,nodestore,2538,0.5,0.9932715043342671,18764,11218
175.316882907,nodeapiserver,2859,0.75,0.0,151948,142614
175.316882907,nodescheduler,4085,0.07,0.0,21972,11290
175.316882907,nodecontroller,3837,0.36,0.0,44476,33446
175.316882907,nodelet,3227,0.16,0.0,25804,13879
175.316882907,nodeproxy,4269,0.0,0.0,15964,6771
175.316882907,containerd,2398,0.99,0.0,83576,82502
175.316882907,flanneld,3384,0.19,0.0,41752,42068
175.316882907,coredns,3910,0.28,0.9932715043342671,65328,65604
176.32377559200003,nodestore,2538,0.5,0.0,18764,11218
176.32377559200003,nodeapiserver,2859,0.76,0.9931544988828426,151948,142614
176.32377559200003,nodescheduler,4085,0.07,0.0,21972,11290
176.32377559200003,nodecontroller,3837,0.37,0.9931544988828426,44476,33458
176.32377559200003,nodelet,3227,0.16,0.0,25804,13879
176.32377559200003,nodeproxy,4269,0.0,0.0,15964,6771
176.32377559200003,containerd,2398,0.99,0.0,83576,82510
176.32377559200003,flanneld,3384,0.19,0.0,41752,42068
176.32377559200003,coredns,3910,0.28,0.0,65328,65604
177.330670793,nodestore,2538,0.5,0.0,18764,11218
177.330670793,nodeapiserver,2859,0.77,0.9931520172177644,151948,142638
177.330670793,nodescheduler,4085,0.07,0.0,21972,11290
177.330670793,nodecontroller,3837,0.37,0.0,44476,33462
177.330670793,nodelet,3227,0.16,0.0,25804,13903
177.330670793,nodeproxy,4269,0.0,0.0,15964,6771
177.330670793,containerd,2398,1.01,1.9863040344355287,83576,82510
177.330670793,flanneld,3384,0.19,0.0,41752,42068
177.330670793,coredns,3910,0.28,0.0,65328,65604
178.337579773,nodestore,2538,0.51,0.9931384264742662,18764,11218
178.337579773,nodeapiserver,2859,0.77,0.0,152844,143514
178.337579773,nodescheduler,4085,0.07,0.0,21972,11290
178.337579773,nodecontroller,3837,0.37,0.0,44476,33474
178.337579773,nodelet,3227,0.16,0.0,25804,13903
178.337579773,nodeproxy,4269,0.0,0.0,15964,6771
178.337579773,containerd,2398,1.02,0.9931384264742662,83576,82510
178.337579773,flanneld,3384,0.19,0.0,41752,42068
178.337579773,coredns,3910,0.28,0.0,65328,65604
179.34455913600002,nodestore,2538,0.51,0.0,18764,11218
179.34455913600002,nodeapiserver,2859,0.77,0.0,152844,143514
179.34455913600002,nodescheduler,4085,0.07,0.0,21972,11290
179.34455913600002,nodecontroller,3837,0.37,0.0,44476,33474
179.34455913600002,nodelet,3227,0.16,0.0,25804,13903
179.34455913600002,nodeproxy,4269,0.0,0.0,15964,6771
179.34455913600002,containerd,2398,1.02,0.0,83576,82510
179.34455913600002,flanneld,3384,0.19,0.0,41752,42068
179.34455913600002,coredns,3910,0.28,0.0,65328,65604
180.35132879,nodestore,2538,0.51,0.0,18764,11218
180.35132879,nodeapiserver,2859,0.77,0.0,152844,143518
180.35132879,nodescheduler,4085,0.07,0.0,21972,11290
180.35132879,nodecontroller,3837,0.37,0.0,44476,33474
180.35132879,nodelet,3227,0.16,0.0,25804,13903
180.35132879,nodeproxy,4269,0.0,0.0,15964,6771
180.35132879,containerd,2398,1.03,0.9932758660602402,83576,82510
180.35132879,flanneld,3384,0.19,0.0,41752,42068
180.35132879,coredns,3910,0.29,0.9932758660602402,65328,65604
181.358109773,nodestore,2538,0.51,0.0,18764,11218
181.358109773,nodeapiserver,2859,0.78,0.993264689029194,152844,143518
181.358109773,nodescheduler,4085,0.07,0.0,21972,11290
181.358109773,nodecontroller,3837,0.38,0.993264689029194,44476,33478
181.358109773,nodelet,3227,0.16,0.0,25804,13903
181.358109773,nodeproxy,4269,0.0,0.0,15964,6771
181.358109773,containerd,2398,1.03,0.0,83576,82510
181.358109773,flanneld,3384,0.19,0.0,41752,42068
181.358109773,coredns,3910,0.29,0.0,65328,65608
182.364865553,nodestore,2538,0.51,0.0,18764,11218
182.364865553,nodeapiserver,2859,0.78,0.0,152844,143518
182.364865553,nodescheduler,4085,0.07,0.0,21972,11290
182.364865553,nodecontroller,3837,0.38,0.0,44476,33478
182.364865553,nodelet,3227,0.16,0.0,25804,13903
182.364865553,nodeproxy,4269,0.0,0.0,15964,6771
182.364865553,containerd,2398,1.03,0.0,83576,82514
182.364865553,flanneld,3384,0.19,0.0,41752,42068
182.364865553,coredns,3910,0.29,0.0,65328,65608
183.371638725,nodestore,2538,0.54,2.979817185672853,18764,11222
183.371638725,nodeapiserver,2859,0.8,1.9865447904485687,152844,143518
183.371638725,nodescheduler,4085,0.07,0.0,21972,11290
183.371638725,nodecontroller,3837,0.38,0.0,44476,33490
183.371638725,nodelet,3227,0.16,0.0,25804,13903
183.371638725,nodeproxy,4269,0.0,0.0,15964,6771
183.371638725,containerd,2398,1.03,0.0,83576,82514
183.371638725,flanneld,3384,0.19,0.0,41752,42068
183.371638725,coredns,3910,0.29,0.0,65328,65608
184.37843804500002,nodestore,2538,0.54,0.0,18764,11222
184.37843804500002,nodeapiserver,2859,0.8,0.0,152844,143522
184.37843804500002,nodescheduler,4085,0.07,0.0,21972,11290
184.37843804500002,nodecontroller,3837,0.39,0.9932465985376041,44476,33518
184.37843804500002,nodelet,3227,0.16,0.0,25804,13903
184.37843804500002,nodeproxy,4269,0.0,0.0,15964,6771
184.37843804500002,containerd,2398,1.04,0.9932465985376041,83576,82514
184.37843804500002,flanneld,3384,0.19,0.0,41752,42068
184.37843804500002,coredns,3910,0.29,0.0,65328,65608
185.38517292499998,nodestore,2538,0.54,0.0,18764,11222
185.38517292499998,nodeapiserver,2859,0.8,0.0,152844,143522
185.38517292499998,nodescheduler,4085,0.07,0.0,21972,11290
185.38517292499998,nodecontroller,3837,0.39,0.0,44476,33522
185.38517292499998,nodelet,3227,0.16,0.0,25804,13903
185.38517292499998,nodeproxy,4269,0.0,0.0,15964,6771
185.38517292499998,containerd,2398,1.05,0.993310175167514,83576,82514
185.38517292499998,flanneld,3384,0.19,0.0,41752,42068
185.38517292499998,coredns,3910,0.29,0.0,65328,65608
186.39195424599998,nodestore,2538,0.54,0.0,18764,11222
186.39195424599998,nodeapiserver,2859,0.81,0.9932643555670364,152844,143522
186.39195424599998,nodescheduler,4085,0.07,0.0,21972,11290
186.39195424599998,nodecontroller,3837,0.39,0.0,44476,33542
186.39195424599998,nodelet,3227,0.16,0.0,25804,13903
186.39195424599998,nodeproxy,4269,0.0,0.0,15964,6771
186.39195424599998,containerd,2398,1.05,0.0,83704,82522
186.39195424599998,flanneld,3384,0.19,0.0,41752,42068
186.39195424599998,coredns,3910,0.29,0.0,65328,65608
187.39880211800002,nodestore,2538,0.54,0.0,18764,11222
187.39880211800002,nodeapiserver,2859,0.81,0.0,152972,143518
187.39880211800002,nodescheduler,4085,0.07,0.0,21972,11290
187.39880211800002,nodecontroller,3837,0.39,0.0,44476,33546
187.39880211800002,nodelet,3227,0.17,0.9931987024152573,25932,13903
187.39880211800002,nodeproxy,4269,0.0,0.0,15964,6771
187.39880211800002,containerd,2398,1.07,1.9863974048305146,83704,82526
187.39880211800002,flanneld,3384,0.2,0.9931987024152573,41752,42068
187.39880211800002,coredns,3910,0.29,0.0,65328,65608
188.40562747100003,nodestore,2538,0.54,0.0,18764,11222
188.40562747100003,nodeapiserver,2859,0.81,0.0,152972,143518
188.40562747100003,nodescheduler,4085,0.08,0.9932209166369587,21972,11290
188.40562747100003,nodecontroller,3837,0.39,0.0,44476,33546
188.40562747100003,nodelet,3227,0.17,0.0,25932,13903
188.40562747100003,nodeproxy,4269,0.0,0.0,15964,6771
188.40562747100003,containerd,2398,1.07,0.0,83704,82526
188.40562747100003,flanneld,3384,0.2,0.0,41752,42068
188.40562747100003,coredns,3910,0.3,0.9932209166369587,65328,65608
189.412506214,nodestore,2538,0.54,0.0,18764,11222
189.412506214,nodeapiserver,2859,0.82,0.9931682508467069,152972,143534
189.412506214,nodescheduler,4085,0.08,0.0,21972,11290
189.412506214,nodecontroller,3837,0.39,0.0,44604,33502
189.412506214,nodelet,3227,0.17,0.0,25932,13903
189.412506214,nodeproxy,4269,0.0,0.0,15964,6771
189.412506214,containerd,2398,1.07,0.0,83704,82526
189.412506214,flanneld,3384,0.2,0.0,42136,42516
189.412506214,coredns,3910,0.3,0.0,65328,65608
190.419341773,nodestore,2538,0.55,0.993210848644626,18764,11222
190.419341773,nodeapiserver,2859,0.83,0.993210848644626,152972,143534
190.419341773,nodescheduler,4085,0.08,0.0,21972,11290
190.419341773,nodecontroller,3837,0.39,0.0,44604,33502
190.419341773,nodelet,3227,0.17,0.0,25932,13903
190.419341773,nodeproxy,4269,0.0,0.0,15964,6771
190.419341773,containerd,2398,1.08,0.993210848644626,83704,82526
190.419341773,flanneld,3384,0.2,0.0,42136,42516
190.419341773,coredns,3910,0.31,0.993210848644626,65328,65608
191.426277064,nodestore,2538,0.56,0.9931124759833343,18764,11222
191.426277064,nodeapiserver,2859,0.83,0.0,152972,143534
191.426277064,nodescheduler,4085,0.08,0.0,21972,11290
191.426277064,nodecontroller,3837,0.39,0.0,44604,33502
191.426277064,nodelet,3227,0.17,0.0,25932,13903
191.426277064,nodeproxy,4269,0.0,0.0,15964,6771
191.426277064,containerd,2398,1.09,0.9931124759833343,83704,82526
191.426277064,flanneld,3384,0.2,0.0,42136,42516
191.426277064,coredns,3910,0.31,0.0,65328,65608
192.43306581099998,nodestore,2538,0.56,0.0,18764,11222
192.43306581099998,nodeapiserver,2859,0.83,0.0,152972,143534
192.43306581099998,nodescheduler,4085,0.08,0.0,21972,11290
192.43306581099998,nodecontroller,3837,0.4,0.993257029321988,44604,33522
192.43306581099998,nodelet,3227,0.17,0.0,25932,13903
192.43306581099998,nodeproxy,4269,0.0,0.0,15964,6771
192.43306581099998,containerd,2398,1.09,0.0,83704,82526
192.43306581099998,flanneld,3384,0.21,0.993257029321988,42136,42516
192.43306581099998,coredns,3910,0.31,0.0,65328,65608
193.439899462,nodestore,2538,0.56,0.0,18764,11222
193.439899462,nodeapiserver,2859,0.84,0.9932127308287374,152972,143534
193.439899462,nodescheduler,4085,0.08,0.0,21972,11290
193.439899462,nodecontroller,3837,0.4,0.0,44604,33526
193.439899462,nodelet,3227,0.17,0.0,25932,13903
193.439899462,nodeproxy,4269,0.0,0.0,15964,6771
193.439899462,containerd,2398,1.09,0.0,83704,82526
193.439899462,flanneld,3384,0.21,0.0,42136,42516
193.439899462,coredns,3910,0.31,0.0,65328,65608
194.446876413,nodestore,2538,0.56,0.0,18764,11222
194.446876413,nodeapiserver,2859,0.84,0.0,152972,143534
194.446876413,nodescheduler,4085,0.08,0.0,21972,11290
194.446876413,nodecontroller,3837,0.4,0.0,44604,33526
194.446876413,nodelet,3227,0.17,0.0,25932,13903
194.446876413,nodeproxy,4269,0.0,0.0,15964,6771
194.446876413,containerd,2398,1.11,1.9861427791508353,83704,82526
194.446876413,flanneld,3384,0.21,0.0,42136,42516
194.446876413,coredns,3910,0.31,0.0,65328,65608
195.453833274,nodestore,2538,0.56,0.0,18764,11222
195.453833274,nodeapiserver,2859,0.84,0.0,152972,143534
195.453833274,nodescheduler,4085,0.08,0.0,21972,11290
195.453833274,nodecontroller,3837,0.4,0.0,44604,33526
195.453833274,nodelet,3227,0.17,0.0,25932,13903
195.453833274,nodeproxy,4269,0.0,0.0,15964,6771
195.453833274,containerd,2398,1.11,0.0,83704,82530
195.453833274,flanneld,3384,0.21,0.0,42136,42516
195.453833274,coredns,3910,0.31,0.0,65328,65608
196.46050783900003,nodestore,2538,0.56,0.0,18764,11222
196.46050783900003,nodeapiserver,2859,0.84,0.0,152972,143534
196.46050783900003,nodescheduler,4085,0.08,0.0,21972,11290
196.46050783900003,nodecontroller,3837,0.4,0.0,44604,33526
196.46050783900003,nodelet,3227,0.17,0.0,25932,13903
196.46050783900003,nodeproxy,4269,0.0,0.0,15964,6771
196.46050783900003,containerd,2398,1.11,0.0,83704,82530
196.46050783900003,flanneld,3384,0.21,0.0,42136,42516
196.46050783900003,coredns,3910,0.31,0.0,65328,65608
197.46713148900002,nodestore,2538,0.56,0.0,18764,11222
197.46713148900002,nodeapiserver,2859,0.85,0.9934199340538099,153100,143526
197.46713148900002,nodescheduler,4085,0.08,0.0,21972,11286
197.46713148900002,nodecontroller,3837,0.4,0.0,44604,33526
197.46713148900002,nodelet,3227,0.18,0.9934199340538099,25804,13899
197.46713148900002,nodeproxy,4269,0.0,0.0,15964,6771
197.46713148900002,containerd,2398,1.13,1.9868398681076198,83832,82546
197.46713148900002,flanneld,3384,0.21,0.0,42136,42516
197.46713148900002,coredns,3910,0.31,0.0,65328,65608
198.473803205,nodestore,2538,0.57,0.993372500792531,18764,11222
198.473803205,nodeapiserver,2859,0.86,0.993372500792531,153100,143526
198.473803205,nodescheduler,4085,0.08,0.0,21972,11286
198.473803205,nodecontroller,3837,0.4,0.0,44604,33526
198.473803205,nodelet,3227,0.18,0.0,25804,13899
198.473803205,nodeproxy,4269,0.0,0.0,15964,6771
198.473803205,containerd,2398,1.14,0.993372500792531,83832,82546
198.473803205,flanneld,3384,0.21,0.0,42136,42516
198.473803205,coredns,3910,0.31,0.0,65328,65608
199.48039148799998,nodestore,2538,0.57,0.0,18764,11222
199.48039148799998,nodeapiserver,2859,0.86,0.0,153100,143526
199.48039148799998,nodescheduler,4085,0.08,0.0,21972,11286
199.48039148799998,nodecontroller,3837,0.41,0.9934548383770675,44604,33526
199.48039148799998,nodelet,3227,0.18,0.0,25804,13899
199.48039148799998,nodeproxy,4269,0.0,0.0,15964,6771
199.48039148799998,containerd,2398,1.14,0.0,83832,82546
199.48039148799998,flanneld,3384,0.21,0.0,42136,42516
199.48039148799998,coredns,3910,0.31,0.0,65328,65608
200.487485963,nodestore,2538,0.57,0.0,18764,11222
200.487485963,nodeapiserver,2859,0.86,0.0,153100,143530
200.487485963,nodescheduler,4085,0.08,0.0,21972,11286
200.487485963,nodecontroller,3837,0.41,0.0,44604,33526
200.487485963,nodelet,3227,0.18,0.0,25804,13899
200.487485963,nodeproxy,4269,0.0,0.0,15964,6771
200.487485963,containerd,2398,1.14,0.0,83832,82546
200.487485963,flanneld,3384,0.21,0.0,42136,42516
200.487485963,coredns,3910,0.31,0.0,65328,65608
201.494126679,nodestore,2538,0.57,0.0,18764,11222
201.494126679,nodeapiserver,2859,0.86,0.0,153100,143530
201.494126679,nodescheduler,4085,0.08,0.0,21972,11286
201.494126679,nodecontroller,3837,0.41,0.0,44604,33526
201.494126679,nodelet,3227,0.18,0.0,25804,13899
201.494126679,nodeproxy,4269,0.0,0.0,15964,6771
201.494126679,containerd,2398,1.15,0.9934030921912435,83832,82550
201.494126679,flanneld,3384,0.21,0.0,42136,42516
201.494126679,coredns,3910,0.32,0.9934030921912435,65328,65608
202.503001479,nodestore,2538,0.57,0.0,18764,11222
202.503001479,nodeapiserver,2859,0.87,0.9912032692262698,153100,143530
202.503001479,nodescheduler,4085,0.08,0.0,21972,11286
202.503001479,nodecontroller,3837,0.41,0.0,44604,33526
202.503001479,nodelet,3227,0.18,0.0,25804,13899
202.503001479,nodeproxy,4269,0.0,0.0,15964,6771
202.503001479,containerd,2398,1.16,0.9912032692262698,83832,82554
202.503001479,flanneld,3384,0.21,0.0,42136,42516
202.503001479,coredns,3910,0.32,0.0,65328,65608
203.50984394500003,nodestore,2538,0.58,0.9932040351583431,18764,11222
203.50984394500003,nodeapiserver,2859,0.87,0.0,153100,143530
203.50984394500003,nodescheduler,4085,0.08,0.0,21972,11286
203.50984394500003,nodecontroller,3837,0.42,0.9932040351583431,44604,33526
203.50984394500003,nodelet,3227,0.18,0.0,25804,13899
203.50984394500003,nodeproxy,4269,0.0,0.0,15964,6771
203.50984394500003,containerd,2398,1.16,0.0,83832,82554
203.50984394500003,flanneld,3384,0.21,0.0,42136,42516
203.50984394500003,coredns,3910,0.32,0.0,65328,65608
204.51656245900003,nodestore,2538,0.59,0.9933263231910731,18764,11222
204.51656245900003,nodeapiserver,2859,0.89,1.9866526463821461,153100,143514
204.51656245900003,nodescheduler,4085,0.08,0.0,21972,11286
204.51656245900003,nodecontroller,3837,0.42,0.0,44604,33406
204.51656245900003,nodelet,3227,0.18,0.0,25804,13899
204.51656245900003,nodeproxy,4269,0.0,0.0,15964,6771
204.51656245900003,containerd,2398,1.16,0.0,83832,82554
204.51656245900003,flanneld,3384,0.21,0.0,42136,42516
204.51656245900003,coredns,3910,0.33,0.9933263231910731,65328,65608
205.523171168,nodestore,2538,0.59,0.0,18764,11222
205.523171168,nodeapiserver,2859,0.89,0.0,153100,143514
205.523171168,nodescheduler,4085,0.08,0.0,21972,11286
205.523171168,nodecontroller,3837,0.42,0.0,44604,33406
205.523171168,nodelet,3227,0.18,0.0,25804,13899
205.523171168,nodeproxy,4269,0.0,0.0,15964,6771
205.523171168,containerd,2398,1.16,0.0,83832,82554
205.523171168,flanneld,3384,0.21,0.0,42136,42516
205.523171168,coredns,3910,0.33,0.0,65328,65608
206.529822886,nodestore,2538,0.59,0.0,18764,11222
206.529822886,nodeapiserver,2859,0.9,0.9933922349894598,153100,143514
206.529822886,nodescheduler,4085,0.08,0.0,21972,11286
206.529822886,nodecontroller,3837,0.42,0.0,44452,33334
206.529822886,nodelet,3227,0.18,0.0,25804,13899
206.529822886,nodeproxy,4269,0.0,0.0,15964,6771
206.529822886,containerd,2398,1.18,1.9867844699789197,83832,82554
206.529822886,flanneld,3384,0.21,0.0,42136,42516
206.529822886,coredns,3910,0.33,0.0,65328,65608
207.536358589,nodestore,2538,0.6,0.9935067350512083,18764,11222
207.536358589,nodeapiserver,2859,0.9,0.0,153100,143510
207.536358589,nodescheduler,4085,0.08,0.0,21972,11286
207.536358589,nodecontroller,3837,0.43,0.9935067350512083,44452,33334
207.536358589,nodelet,3227,0.18,0.0,25676,13907
207.536358589,nodeproxy,4269,0.0,0.0,15964,6771
207.536358589,containerd,2398,1.18,0.0,83832,82554
207.536358589,flanneld,3384,0.22,0.9935067350512083,42136,42516
207.536358589,coredns,3910,0.33,0.0,65328,65608
208.54296856300002,nodestore,2538,0.6,0.0,18764,11222
208.54296856300002,nodeapiserver,2859,0.9,0.0,153100,143510
208.54296856300002,nodescheduler,4085,0.08,0.0,21972,11286
208.54296856300002,nodecontroller,3837,0.44,0.993433430851328,44452,33334
208.54296856300002,nodelet,3227,0.18,0.0,25676,13907
208.54296856300002,nodeproxy,4269,0.0,0.0,15964,6771
208.54296856300002,containerd,2398,1.19,0.993433430851328,83832,82554
208.54296856300002,flanneld,3384,0.22,0.0,42136,42516
208.54296856300002,coredns,3910,0.33,0.0,65328,65608
209.54971903499998,nodestore,2538,0.6,0.0,18764,11222
209.54971903499998,nodeapiserver,2859,0.91,0.9932947913234602,153100,143514
209.54971903499998,nodescheduler,4085,0.08,0.0,21972,11286
209.54971903499998,nodecontroller,3837,0.44,0.0,44452,33358
209.54971903499998,nodelet,3227,0.18,0.0,25676,13907
209.54971903499998,nodeproxy,4269,0.0,0.0,15964,6771
209.54971903499998,containerd,2398,1.19,0.0,83832,82558
209.54971903499998,flanneld,3384,0.22,0.0,42136,42516
209.54971903499998,coredns,3910,0.33,0.0,65328,65608
210.55644366700002,nodestore,2538,0.6,0.0,18764,11222
210.55644366700002,nodeapiserver,2859,0.92,0.9933202866143407,153100,143514
210.55644366700002,nodescheduler,4085,0.08,0.0,21972,11286
210.55644366700002,nodecontroller,3837,0.44,0.0,44452,33358
210.55644366700002,nodelet,3227,0.18,0.0,25676,13907
210.55644366700002,nodeproxy,4269,0.0,0.0,15964,6771
210.55644366700002,containerd,2398,1.2,0.9933202866143407,83832,82558
210.55644366700002,flanneld,3384,0.22,0.0,42136,42516
210.55644366700002,coredns,3910,0.33,0.0,65328,65608
211.56306170899998,nodestore,2538,0.61,0.9934254685254716,18764,11222
211.56306170899998,nodeapiserver,2859,0.92,0.0,153100,143514
211.56306170899998,nodescheduler,4085,0.08,0.0,21972,11286
211.56306170899998,nodecontroller,3837,0.44,0.0,44452,33358
211.56306170899998,nodelet,3227,0.18,0.0,25676,13907
211.56306170899998,nodeproxy,4269,0.0,0.0,15964,6771
211.56306170899998,containerd,2398,1.2,0.0,83832,82558
211.56306170899998,flanneld,3384,0.22,0.0,42136,42516
211.56306170899998,coredns,3910,0.34,0.9934254685254716,65328,65608
212.56989901800003,nodestore,2538,0.61,0.0,18764,11222
212.56989901800003,nodeapiserver,2859,0.92,0.0,153100,143514
212.56989901800003,nodescheduler,4085,0.08,0.0,21972,11286
212.56989901800003,nodecontroller,3837,0.44,0.0,44452,33366
212.56989901800003,nodelet,3227,0.18,0.0,25676,13907
212.56989901800003,nodeproxy,4269,0.0,0.0,15964,6771
212.56989901800003,containerd,2398,1.21,0.9932091223289706,83832,82558
212.56989901800003,flanneld,3384,0.22,0.0,42136,42516
212.56989901800003,coredns,3910,0.34,0.0,65328,65616
213.576587623,nodestore,2538,0.61,0.0,18764,11222
213.576587623,nodeapiserver,2859,0.93,0.9933558351939769,153100,143514
213.576587623,nodescheduler,4085,0.08,0.0,21972,11286
213.576587623,nodecontroller,3837,0.44,0.0,44452,33366
213.576587623,nodelet,3227,0.18,0.0,25676,13907
213.576587623,nodeproxy,4269,0.0,0.0,15964,6771
213.576587623,containerd,2398,1.21,0.0,83832,82558
213.576587623,flanneld,3384,0.22,0.0,42136,42516
213.576587623,coredns,3910,0.34,0.0,65328,65616
214.58325997900002,nodestore,2538,0.61,0.0,18764,11222
214.58325997900002,nodeapiserver,2859,0.93,0.0,153100,143514
214.58325997900002,nodescheduler,4085,0.09,0.9933718692479682,21972,11286
214.58325997900002,nodecontroller,3837,0.45,0.9933718692479682,44452,33366
214.58325997900002,nodelet,3227,0.18,0.0,25676,13907
214.58325997900002,nodeproxy,4269,0.0,0.0,15964,6771
214.58325997900002,containerd,2398,1.21,0.0,83832,82558
214.58325997900002,flanneld,3384,0.22,0.0,42136,42516
214.58325997900002,coredns,3910,0.34,0.0,65328,65624
215.589857874,nodestore,2538,0.61,0.0,18764,11222
215.589857874,nodeapiserver,2859,0.93,0.0,153100,143514
215.589857874,nodescheduler,4085,0.09,0.0,21972,11286
215.589857874,nodecontroller,3837,0.45,0.0,44452,33366
215.589857874,nodelet,3227,0.18,0.0,25676,13907
215.589857874,nodeproxy,4269,0.0,0.0,15964,6771
215.589857874,containerd,2398,1.22,0.9934453518800866,83832,82557
215.589857874,flanneld,3384,0.22,0.0,42136,42516
215.589857874,coredns,3910,0.34,0.0,65328,65624
216.596161863,nodestore,2538,0.61,0.0,18764,11222
216.596161863,nodeapiserver,2859,0.93,0.0,153100,143514
216.596161863,nodescheduler,4085,0.09,0.0,21972,11286
216.596161863,nodecontroller,3837,0.45,0.0,44452,33378
216.596161863,nodelet,3227,0.18,0.0,25676,13907
216.596161863,nodeproxy,4269,0.0,0.0,15964,6771
216.596161863,containerd,2398,1.23,0.9937355023244345,83832,82557
216.596161863,flanneld,3384,0.22,0.0,42136,42516
216.596161863,coredns,3910,0.34,0.0,65328,65624
217.60264152700003,nodestore,2538,0.62,0.993562051741525,18764,11222
217.60264152700003,nodeapiserver,2859,0.94,0.993562051741525,153100,143530
217.60264152700003,nodescheduler,4085,0.09,0.0,21972,11286
217.60264152700003,nodecontroller,3837,0.45,0.0,44452,33382
217.60264152700003,nodelet,3227,0.19,0.993562051741525,25804,13907
217.60264152700003,nodeproxy,4269,0.0,0.0,15964,6771
217.60264152700003,containerd,2398,1.25,1.98712410348305,83832,82557
217.60264152700003,flanneld,3384,0.23,0.993562051741525,42136,42516
217.60264152700003,coredns,3910,0.34,0.0,65328,65624
218.609152073,nodestore,2538,0.63,0.9935315670304374,18764,11222
218.609152073,nodeapiserver,2859,0.95,0.9935315670304374,153100,143538
218.609152073,nodescheduler,4085,0.09,0.0,21972,11286
218.609152073,nodecontroller,3837,0.45,0.0,44452,33398
218.609152073,nodelet,3227,0.2,0.9935315670304374,25804,13907
218.609152073,nodeproxy,4269,0.0,0.0,15964,6771
218.609152073,containerd,2398,1.25,0.0,83832,82557
218.609152073,flanneld,3384,0.23,0.0,42136,42516
218.609152073,coredns,3910,0.34,0.0,65328,65624
219.61575648,nodestore,2538,0.63,0.0,18764,11222
219.61575648,nodeapiserver,2859,0.95,0.0,153100,143538
219.61575648,nodescheduler,4085,0.09,0.0,21972,11286
219.61575648,nodecontroller,3837,0.45,0.0,44452,33402
219.61575648,nodelet,3227,0.2,0.0,25804,13907
219.61575648,nodeproxy,4269,0.0,0.0,15964,6771
219.61575648,containerd,2398,1.25,0.0,83832,82561
219.61575648,flanneld,3384,0.23,0.0,42136,42516
219.61575648,coredns,3910,0.34,0.0,65328,65624
220.622359629,nodestore,2538,0.63,0.0,18764,11222
220.622359629,nodeapiserver,2859,0.96,0.9934401665576351,153100,143542
220.622359629,nodescheduler,4085,0.09,0.0,21972,11286
220.622359629,nodecontroller,3837,0.46,0.9934401665576351,44452,33406
220.622359629,nodelet,3227,0.2,0.0,25804,13907
220.622359629,nodeproxy,4269,0.0,0.0,15964,6771
220.622359629,containerd,2398,1.26,0.9934401665576351,83832,82565
220.622359629,flanneld,3384,0.23,0.0,42136,42516
220.622359629,coredns,3910,0.34,0.0,65328,65624
221.62861581400003,nodestore,2538,0.63,0.0,18764,11222
221.62861581400003,nodeapiserver,2859,0.96,0.0,153100,143542
221.62861581400003,nodescheduler,4085,0.09,0.0,21972,11286
221.62861581400003,nodecontroller,3837,0.46,0.0,44452,33410
221.62861581400003,nodelet,3227,0.2,0.0,25804,13907
221.62861581400003,nodeproxy,4269,0.0,0.0,15964,6771
221.62861581400003,containerd,2398,1.27,0.9937827115069704,83832,82569
221.62861581400003,flanneld,3384,0.23,0.0,42136,42516
221.62861581400003,coredns,3910,0.35,0.9937827115069704,65328,65624
222.635425229,nodestore,2538,0.64,0.9932366395282825,18764,11222
222.635425229,nodeapiserver,2859,0.96,0.0,153100,143542
222.635425229,nodescheduler,4085,0.09,0.0,21972,11286
222.635425229,nodecontroller,3837,0.46,0.0,44452,33414
222.635425229,nodelet,3227,0.2,0.0,25804,13907
222.635425229,nodeproxy,4269,0.0,0.0,15964,6771
222.635425229,containerd,2398,1.27,0.0,83832,82569
222.635425229,flanneld,3384,0.24,0.9932366395282825,42136,42516
222.635425229,coredns,3910,0.36,0.9932366395282825,65328,65624
223.64175840100003,nodestore,2538,0.64,0.0,18764,11222
223.64175840100003,nodeapiserver,2859,0.97,0.9937066846485307,153100,143542
223.64175840100003,nodescheduler,4085,0.09,0.0,21972,11286
223.64175840100003,nodecontroller,3837,0.46,0.0,44452,33414
223.64175840100003,nodelet,3227,0.2,0.0,25804,13907
223.64175840100003,nodeproxy,4269,0.0,0.0,15964,6771
223.64175840100003,containerd,2398,1.27,0.0,83832,82569
223.64175840100003,flanneld,3384,0.24,0.0,42136,42516
223.64175840100003,coredns,3910,0.36,0.0,65328,65624
224.64825553,nodestore,2538,0.64,0.0,18764,11222
224.64825553,nodeapiserver,2859,0.97,0.0,153100,143542
224.64825553,nodescheduler,4085,0.1,0.9935448111944214,21972,11286
224.64825553,nodecontroller,3837,0.46,0.0,44452,33442
224.64825553,nodelet,3227,0.2,0.0,25804,13907
224.64825553,nodeproxy,4269,0.0,0.0,15964,6771
224.64825553,containerd,2398,1.28,0.9935448111944214,83832,82569
224.64825553,flanneld,3384,0.24,0.0,42136,42516
224.64825553,coredns,3910,0.36,0.0,65328,65624
225.65467899300003,nodestore,2538,0.64,0.0,18764,11222
225.65467899300003,nodeapiserver,2859,0.98,0.9936175345307579,153100,143542
225.65467899300003,nodescheduler,4085,0.1,0.0,21972,11286
225.65467899300003,nodecontroller,3837,0.47,0.9936175345307579,44452,33454
225.65467899300003,nodelet,3227,0.2,0.0,25804,13907
225.65467899300003,nodeproxy,4269,0.0,0.0,15964,6771
225.65467899300003,containerd,2398,1.28,0.0,83832,82569
225.65467899300003,flanneld,3384,0.24,0.0,42136,42516
225.65467899300003,coredns,3910,0.36,0.0,65328,65624
226.661058563,nodestore,2538,0.64,0.0,18764,11222
226.661058563,nodeapiserver,2859,0.98,0.0,153100,143542
226.661058563,nodescheduler,4085,0.1,0.0,21972,11286
226.661058563,nodecontroller,3837,0.47,0.0,44452,33462
226.661058563,nodelet,3227,0.2,0.0,25804,13907
226.661058563,nodeproxy,4269,0.0,0.0,15964,6771
226.661058563,containerd,2398,1.28,0.0,83832,82570
226.661058563,flanneld,3384,0.24,0.0,42136,42516
226.661058563,coredns,3910,0.36,0.0,65328,65632
227.667571874,nodestore,2538,0.65,0.9935288376926472,18764,11222
227.667571874,nodeapiserver,2859,0.99,0.9935288376926472,153100,143530
227.667571874,nodescheduler,4085,0.1,0.0,21972,11286
227.667571874,nodecontroller,3837,0.47,0.0,44452,33462
227.667571874,nodelet,3227,0.2,0.0,25932,13907
227.667571874,nodeproxy,4269,0.0,0.0,15964,6771
227.667571874,containerd,2398,1.3,1.9870576753852944,83832,82574
227.667571874,flanneld,3384,0.24,0.0,42136,42516
227.667571874,coredns,3910,0.36,0.0,65328,65632
228.674149469,nodestore,2538,0.65,0.0,18764,11222
228.674149469,nodeapiserver,2859,0.99,0.0,153100,143530
228.674149469,nodescheduler,4085,0.1,0.0,21972,11286
228.674149469,nodecontroller,3837,0.47,0.0,44452,33470
228.674149469,nodelet,3227,0.2,0.0,25932,13907
228.674149469,nodeproxy,4269,0.0,0.0,15964,6771
228.674149469,containerd,2398,1.31,0.9934653870375387,83832,82578
228.674149469,flanneld,3384,0.24,0.0,42136,42516
228.674149469,coredns,3910,0.37,0.9934653870375387,65328,65632
229.681288448,nodestore,2538,0.65,0.0,18764,11222
229.681288448,nodeapiserver,2859,0.99,0.0,153100,143530
229.681288448,nodescheduler,4085,0.1,0.0,21972,11286
229.681288448,nodecontroller,3837,0.48,0.9929116247619785,44452,33474
229.681288448,nodelet,3227,0.2,0.0,25932,13907
229.681288448,nodeproxy,4269,0.0,0.0,15964,6771
229.681288448,containerd,2398,1.31,0.0,83832,82578
229.681288448,flanneld,3384,0.24,0.0,42136,42516
229.681288448,coredns,3910,0.37,0.0,65328,65632
230.688237757,nodestore,2538,0.65,0.0,18764,11222
230.688237757,nodeapiserver,2859,1.0,0.9930986506094396,153100,143530
230.688237757,nodescheduler,4085,0.1,0.0,21972,11286
230.688237757,nodecontroller,3837,0.48,0.0,44452,33474
230.688237757,nodelet,3227,0.21,0.9930986506094396,25932,13907
230.688237757,nodeproxy,4269,0.0,0.0,15964,6771
230.688237757,containerd,2398,1.31,0.0,83832,82578
230.688237757,flanneld,3384,0.24,0.0,42136,42516
230.688237757,coredns,3910,0.37,0.0,65328,65632
231.69522025300003,nodestore,2538,0.65,0.0,18764,11222
231.69522025300003,nodeapiserver,2859,1.0,0.0,153100,143530
231.69522025300003,nodescheduler,4085,0.1,0.0,21972,11286
231.69522025300003,nodecontroller,3837,0.48,0.0,44452,33478
231.69522025300003,nodelet,3227,0.21,0.0,25932,13907
231.69522025300003,nodeproxy,4269,0.0,0.0,15964,6771
231.69522025300003,containerd,2398,1.32,0.9930659211776066,83832,82578
231.69522025300003,flanneld,3384,0.24,0.0,42136,42516
231.69522025300003,coredns,3910,0.37,0.0,65328,65632
232.702500968,nodestore,2538,0.66,0.9927719106585108,18764,11222
232.702500968,nodeapiserver,2859,1.0,0.0,153100,143530
232.702500968,nodescheduler,4085,0.1,0.0,21972,11286
232.702500968,nodecontroller,3837,0.48,0.0,44452,33478
232.702500968,nodelet,3227,0.21,0.0,25932,13907
232.702500968,nodeproxy,4269,0.0,0.0,15964,6771
232.702500968,containerd,2398,1.32,0.0,83832,82578
232.702500968,flanneld,3384,0.24,0.0,42136,42516
232.702500968,coredns,3910,0.37,0.0,65328,65632
233.709157649,nodestore,2538,0.66,0.0,18764,11222
233.709157649,nodeapiserver,2859,1.0,0.0,153100,143530
233.709157649,nodescheduler,4085,0.1,0.0,21972,11286
233.709157649,nodecontroller,3837,0.48,0.0,44452,33478
233.709157649,nodelet,3227,0.21,0.0,25932,13907
233.709157649,nodeproxy,4269,0.0,0.0,15964,6771
233.709157649,containerd,2398,1.33,0.9933873373856033,83832,82586
233.709157649,flanneld,3384,0.24,0.0,42136,42516
233.709157649,coredns,3910,0.38,0.9933873373856033,65328,65632
234.71570556100002,nodestore,2538,0.67,0.9934946842351303,18764,11222
234.71570556100002,nodeapiserver,2859,1.0,0.0,153100,143530
234.71570556100002,nodescheduler,4085,0.1,0.0,21972,11286
234.71570556100002,nodecontroller,3837,0.48,0.0,44452,33478
234.71570556100002,nodelet,3227,0.21,0.0,25932,13907
234.71570556100002,nodeproxy,4269,0.0,0.0,15964,6771
234.71570556100002,containerd,2398,1.33,0.0,83832,82586
234.71570556100002,flanneld,3384,0.24,0.0,42136,42516
234.71570556100002,coredns,3910,0.38,0.0,65328,65632
235.722157801,nodestore,2538,0.67,0.0,18764,11222
235.722157801,nodeapiserver,2859,1.02,1.9871782490146033,153100,143530
235.722157801,nodescheduler,4085,0.1,0.0,21972,11286
235.722157801,nodecontroller,3837,0.49,0.9935891245073016,44452,33478
235.722157801,nodelet,3227,0.21,0.0,25932,13907
235.722157801,nodeproxy,4269,0.0,0.0,15964,6771
235.722157801,containerd,2398,1.33,0.0,83832,82586
235.722157801,flanneld,3384,0.24,0.0,42136,42516
235.722157801,coredns,3910,0.38,0.0,65328,65632
236.72964227600002,nodestore,2538,0.67,0.0,18764,11222
236.72964227600002,nodeapiserver,2859,1.02,0.0,153100,143530
236.72964227600002,nodescheduler,4085,0.1,0.0,21972,11286
236.72964227600002,nodecontroller,3837,0.49,0.0,44452,33478
236.72964227600002,nodelet,3227,0.21,0.0,25932,13907
236.72964227600002,nodeproxy,4269,0.0,0.0,15964,6771
236.72964227600002,containerd,2398,1.34,0.9925711262200716,83832,82590
236.72964227600002,flanneld,3384,0.24,0.0,42136,42516
236.72964227600002,coredns,3910,0.38,0.0,65328,65632
237.73598021,nodestore,2538,0.67,0.0,18764,11222
237.73598021,nodeapiserver,2859,1.02,0.0,153096,143534
237.73598021,nodescheduler,4085,0.1,0.0,21972,11290
237.73598021,nodecontroller,3837,0.49,0.0,44452,33478
237.73598021,nodelet,3227,0.21,0.0,25932,13907
237.73598021,nodeproxy,4269,0.0,0.0,15964,6771
237.73598021,containerd,2398,1.35,0.9937019824197674,83832,82590
237.73598021,flanneld,3384,0.25,0.9937019824197674,42136,42516
237.73598021,coredns,3910,0.38,0.0,65328,65632
238.742667086,nodestore,2538,0.67,0.0,18764,11222
238.742667086,nodeapiserver,2859,1.02,0.0,153096,143534
238.742667086,nodescheduler,4085,0.1,0.0,21972,11290
238.742667086,nodecontroller,3837,0.49,0.0,44452,33478
238.742667086,nodelet,3227,0.21,0.0,25932,13907
238.742667086,nodeproxy,4269,0.0,0.0,15964,6771
238.742667086,containerd,2398,1.36,0.9933575412976742,83832,82590
238.742667086,flanneld,3384,0.25,0.0,42136,42516
238.742667086,coredns,3910,0.38,0.0,65328,65632
239.74931601400002,nodestore,2538,0.67,0.0,18764,11222
239.74931601400002,nodeapiserver,2859,1.03,0.9933949882475769,153096,143538
239.74931601400002,nodescheduler,4085,0.1,0.0,21972,11290
239.74931601400002,nodecontroller,3837,0.49,0.0,44452,33478
239.74931601400002,nodelet,3227,0.21,0.0,25932,13907
239.74931601400002,nodeproxy,4269,0.0,0.0,15964,6771
239.74931601400002,containerd,2398,1.36,0.0,83832,82590
239.74931601400002,flanneld,3384,0.25,0.0,42136,42516
239.74931601400002,coredns,3910,0.39,0.9933949882475769,65328,65632
240.75657872399998,nodestore,2538,0.67,0.0,18764,11222
240.75657872399998,nodeapiserver,2859,1.03,0.0,153096,143538
240.75657872399998,nodescheduler,4085,0.1,0.0,21972,11290
240.75657872399998,nodecontroller,3837,0.49,0.0,44452,33478
240.75657872399998,nodelet,3227,0.21,0.0,25932,13907
240.75657872399998,nodeproxy,4269,0.0,0.0,15964,6771
240.75657872399998,containerd,2398,1.37,0.9927896566329117,83832,82590
240.75657872399998,flanneld,3384,0.25,0.0,42136,42516
240.75657872399998,coredns,3910,0.39,0.0,65328,65632
241.763123368,nodestore,2538,0.69,1.9869958197303172,18764,11222
241.763123368,nodeapiserver,2859,1.03,0.0,153096,143538
241.763123368,nodescheduler,4085,0.1,0.0,21972,11290
241.763123368,nodecontroller,3837,0.5,0.9934979098651586,44452,33478
241.763123368,nodelet,3227,0.21,0.0,25932,13907
241.763123368,nodeproxy,4269,0.0,0.0,15964,6771
241.763123368,containerd,2398,1.37,0.0,83832,82590
241.763123368,flanneld,3384,0.25,0.0,42136,42516
241.763123368,coredns,3910,0.39,0.0,65328,65632
242.77018704600002,nodestore,2538,0.69,0.0,18764,11222
242.77018704600002,nodeapiserver,2859,1.03,0.0,153096,143538
242.77018704600002,nodescheduler,4085,0.1,0.0,21972,11290
242.77018704600002,nodecontroller,3837,0.5,0.0,44452,33478
242.77018704600002,nodelet,3227,0.21,0.0,25932,13907
242.77018704600002,nodeproxy,4269,0.0,0.0,15964,6771
242.77018704600002,containerd,2398,1.39,1.9859717351458115,83832,82590
242.77018704600002,flanneld,3384,0.26,0.9929858675729057,42136,42516
242.77018704600002,coredns,3910,0.39,0.0,65328,65636
243.777090613,nodestore,2538,0.7,0.9931437654744202,18764,11226
243.777090613,nodeapiserver,2859,1.05,1.9862875309488404,153096,143538
243.777090613,nodescheduler,4085,0.1,0.0,21972,11290
243.777090613,nodecontroller,3837,0.5,0.0,44452,33542
243.777090613,nodelet,3227,0.21,0.0,25932,13907
243.777090613,nodeproxy,4269,0.0,0.0,15964,6771
243.777090613,containerd,2398,1.39,0.0,83832,82590
243.777090613,flanneld,3384,0.26,0.0,42136,42516
243.777090613,coredns,3910,0.39,0.0,65328,65636
244.78386328899998,nodestore,2538,0.7,0.0,18764,11226
244.78386328899998,nodeapiserver,2859,1.05,0.0,153096,143538
244.78386328899998,nodescheduler,4085,0.1,0.0,21972,11290
244.78386328899998,nodecontroller,3837,0.5,0.0,44452,33542
244.78386328899998,nodelet,3227,0.21,0.0,25932,13907
244.78386328899998,nodeproxy,4269,0.0,0.0,15964,6771
244.78386328899998,containerd,2398,1.39,0.0,83832,82590
244.78386328899998,flanneld,3384,0.26,0.0,42136,42516
244.78386328899998,coredns,3910,0.39,0.0,65328,65636
245.790552909,nodestore,2538,0.7,0.0,18764,11226
245.790552909,nodeapiserver,2859,1.06,0.9933548336377689,153096,143538
245.790552909,nodescheduler,4085,0.1,0.0,21972,11290
245.790552909,nodecontroller,3837,0.5,0.0,44452,33542
245.790552909,nodelet,3227,0.21,0.0,25932,13907
245.790552909,nodeproxy,4269,0.0,0.0,15964,6771
245.790552909,containerd,2398,1.39,0.0,83832,82590
245.790552909,flanneld,3384,0.26,0.0,42136,42516
245.790552909,coredns,3910,0.4,0.9933548336377689,65328,65636
246.79742641700003,nodestore,2538,0.7,0.0,18764,11226
246.79742641700003,nodeapiserver,2859,1.06,0.0,152968,143446
246.79742641700003,nodescheduler,4085,0.1,0.0,21972,11290
246.79742641700003,nodecontroller,3837,0.5,0.0,44452,33542
246.79742641700003,nodelet,3227,0.22,0.99317341458942,25932,13911
246.79742641700003,nodeproxy,4269,0.0,0.0,15964,6771
246.79742641700003,containerd,2398,1.4,0.99317341458942,83832,82590
246.79742641700003,flanneld,3384,0.26,0.0,42136,42516
246.79742641700003,coredns,3910,0.4,0.0,65328,65636
247.804077793,nodestore,2538,0.71,0.9933925724848167,18764,11226
247.804077793,nodeapiserver,2859,1.07,0.9933925724848167,152964,143438
247.804077793,nodescheduler,4085,0.1,0.0,21972,11290
247.804077793,nodecontroller,3837,0.5,0.0,44452,33542
247.804077793,nodelet,3227,0.22,0.0,25928,13911
247.804077793,nodeproxy,4269,0.0,0.0,15964,6771
247.804077793,containerd,2398,1.42,1.9867851449696334,83832,82594
247.804077793,flanneld,3384,0.26,0.0,42136,42520
247.804077793,coredns,3910,0.4,0.0,65328,65640
248.810936565,nodestore,2538,0.72,0.9931879502957869,18764,11226
248.810936565,nodeapiserver,2859,1.09,1.9863759005915738,152964,143438
248.810936565,nodescheduler,4085,0.1,0.0,21972,11290
248.810936565,nodecontroller,3837,0.52,1.9863759005915738,44580,33494
248.810936565,nodelet,3227,0.22,0.0,25928,13911
248.810936565,nodeproxy,4269,0.0,0.0,15964,6771
248.810936565,containerd,2398,1.42,0.0,83832,82594
248.810936565,flanneld,3384,0.26,0.0,42136,42520
248.810936565,coredns,3910,0.4,0.0,65328,65640
249.817760167,nodestore,2538,0.73,0.9932226439800949,18764,11226
249.817760167,nodeapiserver,2859,1.1,0.9932226439800949,152964,143438
249.817760167,nodescheduler,4085,0.1,0.0,21972,11290
249.817760167,nodecontroller,3837,0.52,0.0,44580,33494
249.817760167,nodelet,3227,0.22,0.0,25928,13911
249.817760167,nodeproxy,4269,0.0,0.0,15964,6771
249.817760167,containerd,2398,1.42,0.0,83832,82594
249.817760167,flanneld,3384,0.26,0.0,42136,42520
249.817760167,coredns,3910,0.4,0.0,65328,65640
250.82460846,nodestore,2538,0.73,0.0,18764,11226
250.82460846,nodeapiserver,2859,1.1,0.0,152964,143438
250.82460846,nodescheduler,4085,0.1,0.0,21972,11290
250.82460846,nodecontroller,3837,0.52,0.0,44580,33494
250.82460846,nodelet,3227,0.22,0.0,25928,13911
250.82460846,nodeproxy,4269,0.0,0.0,15964,6771
250.82460846,containerd,2398,1.42,0.0,83832,82594
250.82460846,flanneld,3384,0.26,0.0,42136,42520
250.82460846,coredns,3910,0.4,0.0,65328,65640
251.831807989,nodestore,2538,0.73,0.0,18764,11226
251.831807989,nodeapiserver,2859,1.1,0.0,152964,143438
251.831807989,nodescheduler,4085,0.1,0.0,21972,11290
251.831807989,nodecontroller,3837,0.53,0.9928519337105542,44580,33494
251.831807989,nodelet,3227,0.22,0.0,25928,13911
251.831807989,nodeproxy,4269,0.0,0.0,15964,6771
251.831807989,containerd,2398,1.43,0.9928519337105542,83832,82594
251.831807989,flanneld,3384,0.26,0.0,42136,42520
251.831807989,coredns,3910,0.4,0.0,65328,65640
252.83850102099998,nodestore,2538,0.73,0.0,18764,11226
252.83850102099998,nodeapiserver,2859,1.11,0.9933514668451713,152964,143438
252.83850102099998,nodescheduler,4085,0.1,0.0,21972,11290
252.83850102099998,nodecontroller,3837,0.53,0.0,44580,33494
252.83850102099998,nodelet,3227,0.22,0.0,25928,13911
252.83850102099998,nodeproxy,4269,0.0,0.0,15964,6771
252.83850102099998,containerd,2398,1.44,0.9933514668451713,83832,82594
252.83850102099998,flanneld,3384,0.27,0.9933514668451713,42136,42520
252.83850102099998,coredns,3910,0.4,0.0,65328,65640
253.845435171,nodestore,2538,0.73,0.0,18764,11226
253.845435171,nodeapiserver,2859,1.11,0.0,152964,143438
253.845435171,nodescheduler,4085,0.1,0.0,21972,11290
253.845435171,nodecontroller,3837,0.53,0.0,44580,33506
253.845435171,nodelet,3227,0.22,0.0,25928,13911
253.845435171,nodeproxy,4269,0.0,0.0,15964,6771
253.845435171,containerd,2398,1.44,0.0,83832,82594
253.845435171,flanneld,3384,0.27,0.0,42136,42520
253.845435171,coredns,3910,0.41,0.9931136013213909,65328,65640
254.852009594,nodestore,2538,0.73,0.0,18764,11226
254.852009594,nodeapiserver,2859,1.11,0.0,152964,143438
254.852009594,nodescheduler,4085,0.1,0.0,21972,11290
254.852009594,nodecontroller,3837,0.54,0.9934685177272603,44580,33514
254.852009594,nodelet,3227,0.22,0.0,25928,13911
254.852009594,nodeproxy,4269,0.0,0.0,15964,6771
254.852009594,containerd,2398,1.44,0.0,83832,82595
254.852009594,flanneld,3384,0.27,0.0,42136,42520
254.852009594,coredns,3910,0.41,0.0,65328,65640
255.85878500200002,nodestore,2538,0.74,0.9932701892138291,18764,11226
255.85878500200002,nodeapiserver,2859,1.12,0.9932701892138291,152964,143438
255.85878500200002,nodescheduler,4085,0.1,0.0,21972,11290
255.85878500200002,nodecontroller,3837,0.54,0.0,44580,33522
255.85878500200002,nodelet,3227,0.22,0.0,25928,13911
255.85878500200002,nodeproxy,4269,0.0,0.0,15964,6771
255.85878500200002,containerd,2398,1.44,0.0,83832,82595
255.85878500200002,flanneld,3384,0.27,0.0,42136,42520
255.85878500200002,coredns,3910,0.41,0.0,65328,65640
256.86539437,nodestore,2538,0.75,0.9934340289191512,18764,11226
256.86539437,nodeapiserver,2859,1.13,0.9934340289191512,152964,143402
256.86539437,nodescheduler,4085,0.1,0.0,21972,11298
256.86539437,nodecontroller,3837,0.54,0.0,44580,33530
256.86539437,nodelet,3227,0.23,0.9934340289191512,25800,13843
256.86539437,nodeproxy,4269,0.0,0.0,15964,6771
256.86539437,containerd,2398,1.46,1.9868680578383024,83832,82595
256.86539437,flanneld,3384,0.27,0.0,42136,42520
256.86539437,coredns,3910,0.41,0.0,65328,65640
257.871629581,nodestore,2538,0.75,0.0,18764,11226
257.871629581,nodeapiserver,2859,1.15,1.9876068518934202,152964,143406
257.871629581,nodescheduler,4085,0.1,0.0,21972,11298
257.871629581,nodecontroller,3837,0.54,0.0,44580,33534
257.871629581,nodelet,3227,0.23,0.0,25788,13851
257.871629581,nodeproxy,4269,0.0,0.0,15964,6771
257.871629581,containerd,2398,1.48,1.9876068518934202,83832,82595
257.871629581,flanneld,3384,0.27,0.0,42136,42520
257.871629581,coredns,3910,0.41,0.0,65328,65640
258.880412138,nodestore,2538,0.75,0.0,18764,11226
258.880412138,nodeapiserver,2859,1.15,0.0,152964,143406
258.880412138,nodescheduler,4085,0.1,0.0,21972,11298
258.880412138,nodecontroller,3837,0.54,0.0,44580,33534
258.880412138,nodelet,3227,0.23,0.0,25788,13851
258.880412138,nodeproxy,4269,0.0,0.0,15964,6771
258.880412138,containerd,2398,1.48,0.0,83832,82595
258.880412138,flanneld,3384,0.27,0.0,42136,42520
258.880412138,coredns,3910,0.41,0.0,65328,65640
259.88698596899997,nodestore,2538,0.75,0.0,18764,11226
259.88698596899997,nodeapiserver,2859,1.15,0.0,152964,143410
259.88698596899997,nodescheduler,4085,0.1,0.0,21972,11298
259.88698596899997,nodecontroller,3837,0.54,0.0,44580,33562
259.88698596899997,nodelet,3227,0.23,0.0,25788,13851
259.88698596899997,nodeproxy,4269,0.0,0.0,15964,6771
259.88698596899997,containerd,2398,1.48,0.0,83832,82595
259.88698596899997,flanneld,3384,0.27,0.0,42136,42520
259.88698596899997,coredns,3910,0.41,0.0,65328,65640
260.893722541,nodestore,2538,0.75,0.0,18764,11226
260.893722541,nodeapiserver,2859,1.15,0.0,152964,143410
260.893722541,nodescheduler,4085,0.1,0.0,21972,11298
260.893722541,nodecontroller,3837,0.54,0.0,44580,33566
260.893722541,nodelet,3227,0.23,0.0,25788,13851
260.893722541,nodeproxy,4269,0.0,0.0,15964,6771
260.893722541,containerd,2398,1.48,0.0,83832,82595
260.893722541,flanneld,3384,0.27,0.0,42136,42584
260.893722541,coredns,3910,0.42,0.9933085057328955,65328,65640
261.90046361199995,nodestore,2538,0.76,0.9933040667614075,18764,11226
261.90046361199995,nodeapiserver,2859,1.16,0.9933040667614075,152964,143410
261.90046361199995,nodescheduler,4085,0.1,0.0,21972,11298
261.90046361199995,nodecontroller,3837,0.55,0.9933040667614075,44580,33578
261.90046361199995,nodelet,3227,0.23,0.0,25788,13851
261.90046361199995,nodeproxy,4269,0.0,0.0,15964,6771
261.90046361199995,containerd,2398,1.49,0.9933040667614075,83832,82595
261.90046361199995,flanneld,3384,0.27,0.0,42136,42584
261.90046361199995,coredns,3910,0.42,0.0,65328,65640
262.90708405600003,nodestore,2538,0.76,0.0,18764,11226
262.90708405600003,nodeapiserver,2859,1.16,0.0,152964,143410
262.90708405600003,nodescheduler,4085,0.1,0.0,21972,11298
262.90708405600003,nodecontroller,3837,0.55,0.0,44580,33578
262.90708405600003,nodelet,3227,0.24,0.9934230980112893,25788,13851
262.90708405600003,nodeproxy,4269,0.0,0.0,15964,6771
262.90708405600003,containerd,2398,1.49,0.0,83832,82595
262.90708405600003,flanneld,3384,0.28,0.9934230980112893,42136,42584
262.90708405600003,coredns,3910,0.43,0.9934230980112893,65328,65640
263.91359464699997,nodestore,2538,0.77,0.9935315226106802,18764,11226
263.91359464699997,nodeapiserver,2859,1.16,0.0,152964,143410
263.91359464699997,nodescheduler,4085,0.1,0.0,21972,11298
263.91359464699997,nodecontroller,3837,0.56,0.9935315226106802,44580,33582
263.91359464699997,nodelet,3227,0.24,0.0,25788,13851
263.91359464699997,nodeproxy,4269,0.0,0.0,15964,6771
263.91359464699997,containerd,2398,1.49,0.0,83832,82595
263.91359464699997,flanneld,3384,0.28,0.0,42136,42584
263.91359464699997,coredns,3910,0.43,0.0,65328,65640
264.92026843300005,nodestore,2538,0.77,0.0,18764,11226
264.92026843300005,nodeapiserver,2859,1.16,0.0,152964,143410
264.92026843300005,nodescheduler,4085,0.1,0.0,21972,11298
264.92026843300005,nodecontroller,3837,0.56,0.0,44580,33594
264.92026843300005,nodelet,3227,0.24,0.0,25788,13851
264.92026843300005,nodeproxy,4269,0.0,0.0,15964,6771
264.92026843300005,containerd,2398,1.5,0.9933704581436061,83832,82595
264.92026843300005,flanneld,3384,0.28,0.0,42136,42584
264.92026843300005,coredns,3910,0.43,0.0,65328,65640
265.92688798100005,nodestore,2538,0.77,0.0,18764,11226
265.92688798100005,nodeapiserver,2859,1.16,0.0,152964,143414
265.92688798100005,nodescheduler,4085,0.1,0.0,21972,11298
265.92688798100005,nodecontroller,3837,0.56,0.0,44580,33594
265.92688798100005,nodelet,3227,0.24,0.0,25788,13851
265.92688798100005,nodeproxy,4269,0.0,0.0,15964,6771
265.92688798100005,containerd,2398,1.51,0.9934239822650421,83832,82595
265.92688798100005,flanneld,3384,0.28,0.0,42136,42584
265.92688798100005,coredns,3910,0.43,0.0,65328,65640
266.93336127500004,nodestore,2538,0.77,0.0,18764,11226
266.93336127500004,nodeapiserver,2859,1.17,0.9935683400259315,152964,143414
266.93336127500004,nodescheduler,4085,0.1,0.0,21972,11298
266.93336127500004,nodecontroller,3837,0.57,0.9935683400259315,44580,33594
266.93336127500004,nodelet,3227,0.24,0.0,25788,13855
266.93336127500004,nodeproxy,4269,0.0,0.0,15964,6771
266.93336127500004,containerd,2398,1.52,0.9935683400259315,83832,82595
266.93336127500004,flanneld,3384,0.29,0.9935683400259315,42136,42584
266.93336127500004,coredns,3910,0.43,0.0,65328,65640
267.939827603,nodestore,2538,0.77,0.0,18764,11226
267.939827603,nodeapiserver,2859,1.18,0.9935752167557982,152964,143430
267.939827603,nodescheduler,4085,0.11,0.9935752167557982,21972,11298
267.939827603,nodecontroller,3837,0.57,0.0,44580,33594
267.939827603,nodelet,3227,0.24,0.0,25784,13855
267.939827603,nodeproxy,4269,0.0,0.0,15964,6771
267.939827603,containerd,2398,1.53,0.9935752167557982,83832,82595
267.939827603,flanneld,3384,0.29,0.0,42136,42584
267.939827603,coredns,3910,0.43,0.0,65328,65640
268.946336064,nodestore,2538,0.77,0.0,18764,11226
268.946336064,nodeapiserver,2859,1.18,0.0,152608,142994
268.946336064,nodescheduler,4085,0.11,0.0,21972,11298
268.946336064,nodecontroller,3837,0.57,0.0,44580,33462
268.946336064,nodelet,3227,0.24,0.0,25784,13855
268.946336064,nodeproxy,4269,0.0,0.0,15964,6771
268.946336064,containerd,2398,1.53,0.0,83832,82595
268.946336064,flanneld,3384,0.29,0.0,42136,42584
268.946336064,coredns,3910,0.43,0.0,65328,65640
269.95295144,nodestore,2538,0.86,8.940852896329968,18892,11350
269.95295144,nodeapiserver,2859,1.45,26.822558688989904,152924,143398
269.95295144,nodescheduler,4085,0.12,0.9934280995922188,22228,11486
269.95295144,nodecontroller,3837,0.64,6.953996697145532,45428,34594
269.95295144,nodelet,3227,0.25,0.9934280995922188,26040,14175
269.95295144,nodeproxy,4269,0.0,0.0,15964,6739
269.95295144,containerd,2398,1.64,10.927709095514405,84064,82776
269.95295144,flanneld,3384,0.29,0.0,42136,42584
269.95295144,coredns,3910,0.43,0.0,65328,65644
270.96497343500005,nodestore,2538,1.02,15.809933063757212,19020,11370
270.96497343500005,nodeapiserver,2859,1.73,27.667382861575124,152924,143415
270.96497343500005,nodescheduler,4085,0.14,1.9762416329696515,22228,11426
270.96497343500005,nodecontroller,3837,0.71,6.916845715393781,45676,34771
270.96497343500005,nodelet,3227,0.29,3.952483265939303,25900,13856
270.96497343500005,nodeproxy,4269,0.0,0.0,15964,6739
270.96497343500005,containerd,2398,1.82,17.786174696726864,83896,82671
270.96497343500005,flanneld,3384,0.29,0.0,42136,42584
270.96497343500005,coredns,3910,0.43,0.0,65328,65644
271.97143677400004,nodestore,2538,1.02,0.0,19020,11370
271.97143677400004,nodeapiserver,2859,1.77,3.9743126699223263,152592,143423
271.97143677400004,nodescheduler,4085,0.16,1.9871563349611632,22224,11290
271.97143677400004,nodecontroller,3837,0.71,0.0,45676,34760
271.97143677400004,nodelet,3227,0.29,0.0,25900,13846
271.97143677400004,nodeproxy,4269,0.01,0.9935781674805816,15964,6757
271.97143677400004,containerd,2398,1.82,0.0,83896,82671
271.97143677400004,flanneld,3384,0.29,0.0,42136,42584
271.97143677400004,coredns,3910,0.43,0.0,65328,65644
272.97814957,nodestore,2538,1.02,0.0,19020,11370
272.97814957,nodeapiserver,2859,1.77,0.0,152592,143423
272.97814957,nodescheduler,4085,0.16,0.0,22224,11290
272.97814957,nodecontroller,3837,0.71,0.0,45676,34760
272.97814957,nodelet,3227,0.29,0.0,25900,13846
272.97814957,nodeproxy,4269,0.01,0.0,15964,6757
272.97814957,containerd,2398,1.84,1.9866639303152593,83896,82671
272.97814957,flanneld,3384,0.29,0.0,42136,42584
272.97814957,coredns,3910,0.45,1.9866639303152593,65328,65644
273.98487259700005,nodestore,2538,1.03,0.9933218702466207,19020,11370
273.98487259700005,nodeapiserver,2859,1.77,0.0,152592,143427
273.98487259700005,nodescheduler,4085,0.16,0.0,22224,11290
273.98487259700005,nodecontroller,3837,0.71,0.0,45676,34724
273.98487259700005,nodelet,3227,0.29,0.0,25900,13846
273.98487259700005,nodeproxy,4269,0.01,0.0,15964,6757
273.98487259700005,containerd,2398,1.84,0.0,83896,82679
273.98487259700005,flanneld,3384,0.29,0.0,42136,42584
273.98487259700005,coredns,3910,0.45,0.0,65328,65644
274.991499515,nodestore,2538,1.03,0.0,19020,11370
274.991499515,nodeapiserver,2859,1.77,0.0,152592,143427
274.991499515,nodescheduler,4085,0.16,0.0,22224,11290
274.991499515,nodecontroller,3837,0.71,0.0,45676,34644
274.991499515,nodelet,3227,0.29,0.0,25900,13846
274.991499515,nodeproxy,4269,0.01,0.0,15964,6757
274.991499515,containerd,2398,1.84,0.0,83896,82683
274.991499515,flanneld,3384,0.29,0.0,42136,42584
274.991499515,coredns,3910,0.45,0.0,65328,65644
275.998150948,nodestore,2538,1.03,0.0,19020,11370
275.998150948,nodeapiserver,2859,1.77,0.0,152592,143427
275.998150948,nodescheduler,4085,0.16,0.0,22224,11290
275.998150948,nodecontroller,3837,0.71,0.0,45676,34644
275.998150948,nodelet,3227,0.29,0.0,25900,13846
275.998150948,nodeproxy,4269,0.01,0.0,15964,6757
275.998150948,containerd,2398,1.84,0.0,83896,82683
275.998150948,flanneld,3384,0.29,0.0,42136,42584
275.998150948,coredns,3910,0.45,0.0,65328,65644
277.004704277,nodestore,2538,1.04,0.9934893375132984,19020,11370
277.004704277,nodeapiserver,2859,1.78,0.9934893375132984,152592,143435
277.004704277,nodescheduler,4085,0.16,0.0,22224,11290
277.004704277,nodecontroller,3837,0.71,0.0,45676,34644
277.004704277,nodelet,3227,0.29,0.0,25900,13862
277.004704277,nodeproxy,4269,0.01,0.0,15964,6757
277.004704277,containerd,2398,1.85,0.9934893375132984,83896,82683
277.004704277,flanneld,3384,0.3,0.9934893375132984,42136,42584
277.004704277,coredns,3910,0.45,0.0,65328,65644
278.011448482,nodestore,2538,1.04,0.0,19020,11378
278.011448482,nodeapiserver,2859,1.78,0.0,152720,143487
278.011448482,nodescheduler,4085,0.16,0.0,22224,11290
278.011448482,nodecontroller,3837,0.72,0.9933009746005759,45676,34644
278.011448482,nodelet,3227,0.29,0.0,25748,13894
278.011448482,nodeproxy,4269,0.01,0.0,15964,6757
278.011448482,containerd,2398,1.87,1.9866019492011517,86000,84803
278.011448482,flanneld,3384,0.3,0.0,42136,42584
278.011448482,coredns,3910,0.45,0.0,65328,65644
279.01800327399997,nodestore,2538,1.04,0.0,19020,11430
279.01800327399997,nodeapiserver,2859,1.79,0.9934878935035912,152968,143523
279.01800327399997,nodescheduler,4085,0.16,0.0,22224,11290
279.01800327399997,nodecontroller,3837,0.72,0.0,45932,34716
279.01800327399997,nodelet,3227,0.29,0.0,25748,13894
279.01800327399997,nodeproxy,4269,0.01,0.0,15964,6757
279.01800327399997,containerd,2398,1.87,0.0,86000,84803
279.01800327399997,flanneld,3384,0.3,0.0,42136,42584
279.01800327399997,coredns,3910,0.45,0.0,65328,65644
280.02470021399995,nodestore,2538,1.04,0.0,19020,11430
280.02470021399995,nodeapiserver,2859,1.79,0.0,152968,143527
280.02470021399995,nodescheduler,4085,0.16,0.0,22224,11290
280.02470021399995,nodecontroller,3837,0.72,0.0,45932,34716
280.02470021399995,nodelet,3227,0.29,0.0,25748,13894
280.02470021399995,nodeproxy,4269,0.01,0.0,15964,6757
280.02470021399995,containerd,2398,1.87,0.0,86000,84803
280.02470021399995,flanneld,3384,0.3,0.0,42136,42584
280.02470021399995,coredns,3910,0.46,0.9933476106523345,65328,65644
281.03131436600006,nodestore,2538,1.04,0.0,19020,11462
281.03131436600006,nodeapiserver,2859,1.81,1.986858615116999,152968,143591
281.03131436600006,nodescheduler,4085,0.16,0.0,22224,11290
281.03131436600006,nodecontroller,3837,0.73,0.9934293075584995,45932,34716
281.03131436600006,nodelet,3227,0.29,0.0,25748,13894
281.03131436600006,nodeproxy,4269,0.01,0.0,15964,6757
281.03131436600006,containerd,2398,1.87,0.0,86000,84803
281.03131436600006,flanneld,3384,0.3,0.0,42136,42584
281.03131436600006,coredns,3910,0.46,0.0,65328,65644
282.03795434200003,nodestore,2538,1.04,0.0,19020,11462
282.03795434200003,nodeapiserver,2859,1.81,0.0,152968,143599
282.03795434200003,nodescheduler,4085,0.17,0.9934038224605793,22224,11290
282.03795434200003,nodecontroller,3837,0.73,0.0,45932,34716
282.03795434200003,nodelet,3227,0.29,0.0,25748,13894
282.03795434200003,nodeproxy,4269,0.01,0.0,15964,6757
282.03795434200003,containerd,2398,1.88,0.9934038224605793,86000,84803
282.03795434200003,flanneld,3384,0.3,0.0,42136,42588
282.03795434200003,coredns,3910,0.46,0.0,65328,65644
283.044538655,nodestore,2538,1.04,0.0,19020,11462
283.044538655,nodeapiserver,2859,1.81,0.0,152968,143599
283.044538655,nodescheduler,4085,0.17,0.0,22224,11290
283.044538655,nodecontroller,3837,0.73,0.0,45932,34716
283.044538655,nodelet,3227,0.29,0.0,25748,13894
283.044538655,nodeproxy,4269,0.01,0.0,15964,6757
283.044538655,containerd,2398,1.89,0.9934587565939756,86000,84803
283.044538655,flanneld,3384,0.31,0.9934587565939756,42136,42588
283.044538655,coredns,3910,0.46,0.0,65328,65644
284.05127441900004,nodestore,2538,1.05,0.9933093029562977,19020,11462
284.05127441900004,nodeapiserver,2859,1.81,0.0,152968,143599
284.05127441900004,nodescheduler,4085,0.17,0.0,22224,11290
284.05127441900004,nodecontroller,3837,0.74,0.9933093029562977,45932,34716
284.05127441900004,nodelet,3227,0.29,0.0,25748,13894
284.05127441900004,nodeproxy,4269,0.01,0.0,15964,6757
284.05127441900004,containerd,2398,1.89,0.0,86000,84803
284.05127441900004,flanneld,3384,0.31,0.0,42136,42588
284.05127441900004,coredns,3910,0.46,0.0,65328,65652
285.05786718,nodestore,2538,1.05,0.0,19020,11462
285.05786718,nodeapiserver,2859,1.81,0.0,152968,143599
285.05786718,nodescheduler,4085,0.17,0.0,22224,11290
285.05786718,nodecontroller,3837,0.74,0.0,45932,34716
285.05786718,nodelet,3227,0.29,0.0,25748,13894
285.05786718,nodeproxy,4269,0.01,0.0,15964,6757
285.05786718,containerd,2398,1.89,0.0,86000,84803
285.05786718,flanneld,3384,0.31,0.0,42136,42588
285.05786718,coredns,3910,0.46,0.0,65328,65652
286.06462195000006,nodestore,2538,1.05,0.0,19020,11462
286.06462195000006,nodeapiserver,2859,1.82,0.9932905507862229,152968,143599
286.06462195000006,nodescheduler,4085,0.17,0.0,22224,11290
286.06462195000006,nodecontroller,3837,0.74,0.0,45932,34716
286.06462195000006,nodelet,3227,0.29,0.0,25748,13894
286.06462195000006,nodeproxy,4269,0.01,0.0,15964,6757
286.06462195000006,containerd,2398,1.9,0.9932905507862229,86000,84803
286.06462195000006,flanneld,3384,0.31,0.0,42136,42588
286.06462195000006,coredns,3910,0.46,0.0,65328,65652
287.071614725,nodestore,2538,1.05,0.0,19020,11462
287.071614725,nodeapiserver,2859,1.82,0.0,153096,143627
287.071614725,nodescheduler,4085,0.17,0.0,22224,11290
287.071614725,nodecontroller,3837,0.74,0.0,45932,34716
287.071614725,nodelet,3227,0.3,0.9930557843377197,25876,13990
287.071614725,nodeproxy,4269,0.01,0.0,15964,6757
287.071614725,containerd,2398,1.91,0.9930557843377197,86000,84807
287.071614725,flanneld,3384,0.31,0.0,42136,42588
287.071614725,coredns,3910,0.46,0.0,65328,65652
288.07941112699996,nodestore,2538,1.06,0.9922639116546511,19020,11462
288.07941112699996,nodeapiserver,2859,1.83,0.9922639116546511,153096,143627
288.07941112699996,nodescheduler,4085,0.17,0.0,22224,11290
288.07941112699996,nodecontroller,3837,0.74,0.0,45932,34716
288.07941112699996,nodelet,3227,0.3,0.0,25580,13830
288.07941112699996,nodeproxy,4269,0.01,0.0,15964,6757
288.07941112699996,containerd,2398,1.91,0.0,86000,84807
288.07941112699996,flanneld,3384,0.31,0.0,42136,42588
288.07941112699996,coredns,3910,0.46,0.0,65328,65652
289.08641440200006,nodestore,2538,1.06,0.0,19020,11462
289.08641440200006,nodeapiserver,2859,1.83,0.0,153096,143643
289.08641440200006,nodescheduler,4085,0.17,0.0,22224,11290
289.08641440200006,nodecontroller,3837,0.74,0.0,45932,34716
289.08641440200006,nodelet,3227,0.31,0.9930454297677982,25580,13818
289.08641440200006,nodeproxy,4269,0.01,0.0,15964,6757
289.08641440200006,containerd,2398,1.92,0.9930454297677982,86000,84807
289.08641440200006,flanneld,3384,0.31,0.0,42136,42588
289.08641440200006,coredns,3910,0.46,0.0,65328,65652
290.093614282,nodestore,2538,1.07,0.9928515877107,19020,11462
290.093614282,nodeapiserver,2859,1.83,0.0,153096,143643
290.093614282,nodescheduler,4085,0.17,0.0,22224,11290
290.093614282,nodecontroller,3837,0.74,0.0,45932,34716
290.093614282,nodelet,3227,0.31,0.0,25580,13818
290.093614282,nodeproxy,4269,0.01,0.0,15964,6757
290.093614282,containerd,2398,1.93,0.9928515877107,86000,84807
290.093614282,flanneld,3384,0.31,0.0,42136,42588
290.093614282,coredns,3910,0.46,0.0,65328,65652
291.100514031,nodestore,2538,1.07,0.0,19020,11462
291.100514031,nodeapiserver,2859,1.83,0.0,153096,143643
291.100514031,nodescheduler,4085,0.17,0.0,22224,11290
291.100514031,nodecontroller,3837,0.74,0.0,45932,34716
291.100514031,nodelet,3227,0.31,0.0,25580,13818
291.100514031,nodeproxy,4269,0.01,0.0,15964,6757
291.100514031,containerd,2398,1.93,0.0,86000,84807
291.100514031,flanneld,3384,0.31,0.0,42136,42588
291.100514031,coredns,3910,0.46,0.0,65328,65652
292.10753399400005,nodestore,2538,1.07,0.0,19020,11462
292.10753399400005,nodeapiserver,2859,1.84,0.9930289733491562,153096,143643
292.10753399400005,nodescheduler,4085,0.17,0.0,22224,11290
292.10753399400005,nodecontroller,3837,0.74,0.0,45932,34716
292.10753399400005,nodelet,3227,0.31,0.0,25580,13818
292.10753399400005,nodeproxy,4269,0.01,0.0,15964,6757
292.10753399400005,containerd,2398,1.93,0.0,86000,84807
292.10753399400005,flanneld,3384,0.31,0.0,42136,42588
292.10753399400005,coredns,3910,0.48,1.9860579466983124,65328,65652
293.11451812999996,nodestore,2538,1.07,0.0,19020,11462
293.11451812999996,nodeapiserver,2859,1.84,0.0,153096,143643
293.11451812999996,nodescheduler,4085,0.17,0.0,22224,11290
293.11451812999996,nodecontroller,3837,0.74,0.0,45932,34716
293.11451812999996,nodelet,3227,0.31,0.0,25580,13818
293.11451812999996,nodeproxy,4269,0.01,0.0,15964,6757
293.11451812999996,containerd,2398,1.93,0.0,86000,84807
293.11451812999996,flanneld,3384,0.31,0.0,42136,42588
293.11451812999996,coredns,3910,0.48,0.0,65328,65652
294.12155035600006,nodestore,2538,1.08,0.993016880871859,19020,11462
294.12155035600006,nodeapiserver,2859,1.86,1.986033761743718,153096,143627
294.12155035600006,nodescheduler,4085,0.17,0.0,22224,11290
294.12155035600006,nodecontroller,3837,0.76,1.986033761743718,45796,34480
294.12155035600006,nodelet,3227,0.31,0.0,25580,13818
294.12155035600006,nodeproxy,4269,0.01,0.0,15964,6757
294.12155035600006,containerd,2398,1.94,0.993016880871859,86000,84807
294.12155035600006,flanneld,3384,0.31,0.0,42136,42588
294.12155035600006,coredns,3910,0.48,0.0,65328,65652
295.128215886,nodestore,2538,1.08,0.0,19020,11462
295.128215886,nodeapiserver,2859,1.86,0.0,153096,143627
295.128215886,nodescheduler,4085,0.17,0.0,22224,11290
295.128215886,nodecontroller,3837,0.76,0.0,45796,34480
295.128215886,nodelet,3227,0.31,0.0,25580,13818
295.128215886,nodeproxy,4269,0.01,0.0,15964,6757
295.128215886,containerd,2398,1.95,0.9933786051063415,86000,84807
295.128215886,flanneld,3384,0.31,0.0,42136,42588
295.128215886,coredns,3910,0.48,0.0,65328,65652
296.13485710199996,nodestore,2538,1.09,0.9934025987666381,19020,11462
296.13485710199996,nodeapiserver,2859,1.87,0.9934025987666381,153096,143627
296.13485710199996,nodescheduler,4085,0.17,0.0,22224,11290
296.13485710199996,nodecontroller,3837,0.76,0.0,45796,34480
296.13485710199996,nodelet,3227,0.31,0.0,25580,13818
296.13485710199996,nodeproxy,4269,0.01,0.0,15964,6757
296.13485710199996,containerd,2398,1.95,0.0,86000,84807
296.13485710199996,flanneld,3384,0.31,0.0,42136,42588
296.13485710199996,coredns,3910,0.48,0.0,65328,65652
297.14169055700006,nodestore,2538,1.09,0.0,19020,11474
297.14169055700006,nodeapiserver,2859,1.88,0.9932129241771687,153224,143631
297.14169055700006,nodescheduler,4085,0.17,0.0,22224,11290
297.14169055700006,nodecontroller,3837,0.77,0.9932129241771687,45796,34480
297.14169055700006,nodelet,3227,0.32,0.9932129241771687,25708,13826
297.14169055700006,nodeproxy,4269,0.01,0.0,15964,6757
297.14169055700006,containerd,2398,1.98,2.979638772531506,86128,84763
297.14169055700006,flanneld,3384,0.31,0.0,42136,42588
297.14169055700006,coredns,3910,0.48,0.0,65328,65652
298.148309347,nodestore,2538,1.1,0.9934247303291964,19020,11474
298.148309347,nodeapiserver,2859,1.89,0.9934247303291964,153224,143631
298.148309347,nodescheduler,4085,0.17,0.0,22224,11290
298.148309347,nodecontroller,3837,0.77,0.0,45796,34480
298.148309347,nodelet,3227,0.32,0.0,25708,13826
298.148309347,nodeproxy,4269,0.01,0.0,15964,6757
298.148309347,containerd,2398,1.98,0.0,86128,84763
298.148309347,flanneld,3384,0.32,0.9934247303291964,42136,42588
298.148309347,coredns,3910,0.48,0.0,65328,65652
299.15509203700003,nodestore,2538,1.1,0.0,19020,11474
299.15509203700003,nodeapiserver,2859,1.89,0.0,153224,143631
299.15509203700003,nodescheduler,4085,0.17,0.0,22224,11290
299.15509203700003,nodecontroller,3837,0.77,0.0,45796,34480
299.15509203700003,nodelet,3227,0.32,0.0,25708,13826
299.15509203700003,nodeproxy,4269,0.01,0.0,15964,6757
299.15509203700003,containerd,2398,1.99,0.9932630049489403,86128,84767
299.15509203700003,flanneld,3384,0.32,0.0,42136,42588
299.15509203700003,coredns,3910,0.48,0.0,65328,65652
300.162222737,nodestore,2538,1.1,0.0,19020,11474
300.162222737,nodeapiserver,2859,1.89,0.0,153224,143635
300.162222737,nodescheduler,4085,0.17,0.0,22224,11290
300.162222737,nodecontroller,3837,0.77,0.0,45796,34480
300.162222737,nodelet,3227,0.32,0.0,25708,13826
300.162222737,nodeproxy,4269,0.01,0.0,15964,6757
300.162222737,containerd,2398,1.99,0.0,86128,84771
300.162222737,flanneld,3384,0.32,0.0,42136,42588
300.162222737,coredns,3910,0.49,0.9929197868757206,65328,65652
