elapsed_seconds,component,pid,cpu_seconds,cpu_pct_one_core,rss_kib,pss_kib
1.0006179399999837,nodestore,10054,0.09,8.994441974526408,21264,11301
1.0006179399999837,nodeapiserver,10369,0.16,15.990119065824725,229956,218087
1.0006179399999837,nodescheduler,11615,0.0,0.0,22872,10652
1.0006179399999837,nodecontroller,11294,0.0,0.0,44388,31314
1.0006179399999837,nodelet,10742,0.04,3.9975297664561813,24020,10587
1.0006179399999837,nodeproxy,11844,0.0,0.0,15904,5006
2.0044509570000173,nodestore,10054,0.12,2.988544856758681,21264,11301
2.0044509570000173,nodeapiserver,10369,0.18,1.9923632378391207,229956,218103
2.0044509570000173,nodescheduler,11615,0.0,0.0,23128,10716
2.0044509570000173,nodecontroller,11294,0.01,0.9961816189195604,44516,31414
2.0044509570000173,nodelet,10742,0.04,0.0,24020,10587
2.0044509570000173,nodeproxy,11844,0.01,0.9961816189195604,15904,5006
3.008298775000071,nodestore,10054,0.12,0.0,21264,11301
3.008298775000071,nodeapiserver,10369,0.2,1.9923338619040487,229956,218103
3.008298775000071,nodescheduler,11615,0.0,0.0,23128,10716
3.008298775000071,nodecontroller,11294,0.01,0.0,44516,31418
3.008298775000071,nodelet,10742,0.04,0.0,24404,10903
3.008298775000071,nodeproxy,11844,0.01,0.0,15904,5006
4.012206251000066,nodestore,10054,0.13,0.9961077329401271,21264,11315
4.012206251000066,nodeapiserver,10369,0.21,0.9961077329401271,229956,218105
4.012206251000066,nodescheduler,11615,0.01,0.9961077329401271,23128,10718
4.012206251000066,nodecontroller,11294,0.01,0.0,44516,31432
4.012206251000066,nodelet,10742,0.04,0.0,24404,10904
4.012206251000066,nodeproxy,11844,0.01,0.0,15904,5008
5.016218297000023,nodestore,10054,0.13,0.0,21264,11315
5.016218297000023,nodeapiserver,10369,0.21,0.0,229956,218105
5.016218297000023,nodescheduler,11615,0.01,0.0,23128,10718
5.016218297000023,nodecontroller,11294,0.01,0.0,44516,31432
5.016218297000023,nodelet,10742,0.04,0.0,24404,10904
5.016218297000023,nodeproxy,11844,0.01,0.0,15904,5008
6.021170869999992,nodestore,10054,0.14,0.9950718341014001,21264,11315
6.021170869999992,nodeapiserver,10369,0.22,0.9950718341014001,229956,218105
6.021170869999992,nodescheduler,11615,0.01,0.0,23128,10718
6.021170869999992,nodecontroller,11294,0.01,0.0,44516,31436
6.021170869999992,nodelet,10742,0.04,0.0,24404,10904
6.021170869999992,nodeproxy,11844,0.01,0.0,15904,5008
7.024968274000003,nodestore,10054,0.14,0.0,21264,11315
7.024968274000003,nodeapiserver,10369,0.22,0.0,229956,218105
7.024968274000003,nodescheduler,11615,0.01,0.0,23128,10718
7.024968274000003,nodecontroller,11294,0.01,0.0,44516,31436
7.024968274000003,nodelet,10742,0.04,0.0,24404,10904
7.024968274000003,nodeproxy,11844,0.01,0.0,15904,5008
8.028780192,nodestore,10054,0.14,0.0,21264,11311
8.028780192,nodeapiserver,10369,0.23,0.9962025575392733,229956,218105
8.028780192,nodescheduler,11615,0.01,0.0,23128,10718
8.028780192,nodecontroller,11294,0.02,0.9962025575392733,44516,31440
8.028780192,nodelet,10742,0.04,0.0,24404,10904
8.028780192,nodeproxy,11844,0.01,0.0,15904,5008
9.032613139999967,nodestore,10054,0.14,0.0,21264,11311
9.032613139999967,nodeapiserver,10369,0.23,0.0,229956,218105
9.032613139999967,nodescheduler,11615,0.01,0.0,23128,10718
9.032613139999967,nodecontroller,11294,0.02,0.0,44516,31440
9.032613139999967,nodelet,10742,0.04,0.0,24404,10904
9.032613139999967,nodeproxy,11844,0.01,0.0,15904,5008
10.036513038000066,nodestore,10054,0.15,0.9961152521203869,21264,11311
10.036513038000066,nodeapiserver,10369,0.25,1.9922305042407737,229956,218105
10.036513038000066,nodescheduler,11615,0.01,0.0,23128,10722
10.036513038000066,nodecontroller,11294,0.02,0.0,44516,31448
10.036513038000066,nodelet,10742,0.04,0.0,24404,10904
10.036513038000066,nodeproxy,11844,0.01,0.0,15904,5008
11.040358016000027,nodestore,10054,0.15,0.0,21264,11311
11.040358016000027,nodeapiserver,10369,0.25,0.0,229956,218105
11.040358016000027,nodescheduler,11615,0.01,0.0,23128,10722
11.040358016000027,nodecontroller,11294,0.02,0.0,44516,31448
11.040358016000027,nodelet,10742,0.04,0.0,24404,10904
11.040358016000027,nodeproxy,11844,0.01,0.0,15904,5008
12.04419142300003,nodestore,10054,0.16,0.9961812318923932,21264,11315
12.04419142300003,nodeapiserver,10369,0.26,0.9961812318923932,229956,218105
12.04419142300003,nodescheduler,11615,0.01,0.0,23128,10722
12.04419142300003,nodecontroller,11294,0.02,0.0,44516,31448
12.04419142300003,nodelet,10742,0.04,0.0,24404,10904
12.04419142300003,nodeproxy,11844,0.01,0.0,15904,5008
13.048070695999968,nodestore,10054,0.18,1.99227143521283,21264,11315
13.048070695999968,nodeapiserver,10369,0.28,1.99227143521283,229956,218109
13.048070695999968,nodescheduler,11615,0.01,0.0,23128,10726
13.048070695999968,nodecontroller,11294,0.02,0.0,44644,31452
13.048070695999968,nodelet,10742,0.05,0.996135717606415,24532,11112
13.048070695999968,nodeproxy,11844,0.01,0.0,15904,5008
14.051905271999999,nodestore,10054,0.18,0.0,21264,11315
14.051905271999999,nodeapiserver,10369,0.29,0.9961800718049475,233540,221693
14.051905271999999,nodescheduler,11615,0.01,0.0,23128,10726
14.051905271999999,nodecontroller,11294,0.02,0.0,44644,31456
14.051905271999999,nodelet,10742,0.05,0.0,24532,11112
14.051905271999999,nodeproxy,11844,0.01,0.0,15904,5008
15.055691155999966,nodestore,10054,0.18,0.0,21264,11315
15.055691155999966,nodeapiserver,10369,0.29,0.0,233540,221693
15.055691155999966,nodescheduler,11615,0.01,0.0,23128,10726
15.055691155999966,nodecontroller,11294,0.02,0.0,44644,31456
15.055691155999966,nodelet,10742,0.05,0.0,24532,11112
15.055691155999966,nodeproxy,11844,0.01,0.0,15904,5008
16.059547773000077,nodestore,10054,0.19,0.9961581993535736,21264,11315
16.059547773000077,nodeapiserver,10369,0.31,1.9923163987071473,233540,221693
16.059547773000077,nodescheduler,11615,0.02,0.9961581993535736,23128,10726
16.059547773000077,nodecontroller,11294,0.02,0.0,44644,31460
16.059547773000077,nodelet,10742,0.05,0.0,24532,11112
16.059547773000077,nodeproxy,11844,0.01,0.0,15904,5008
17.063281792999987,nodestore,10054,0.19,0.0,21264,11315
17.063281792999987,nodeapiserver,10369,0.31,0.0,233540,221693
17.063281792999987,nodescheduler,11615,0.02,0.0,23128,10726
17.063281792999987,nodecontroller,11294,0.02,0.0,44644,31460
17.063281792999987,nodelet,10742,0.05,0.0,24532,11112
17.063281792999987,nodeproxy,11844,0.01,0.0,15904,5008
18.067014721000078,nodestore,10054,0.2,0.9962809549273948,21264,11315
18.067014721000078,nodeapiserver,10369,0.32,0.9962809549273948,233540,221693
18.067014721000078,nodescheduler,11615,0.02,0.0,23128,10734
18.067014721000078,nodecontroller,11294,0.02,0.0,44644,31460
18.067014721000078,nodelet,10742,0.05,0.0,24532,11112
18.067014721000078,nodeproxy,11844,0.01,0.0,15904,5008
19.070714013000043,nodestore,10054,0.2,0.0,21264,11315
19.070714013000043,nodeapiserver,10369,0.32,0.0,233540,221693
19.070714013000043,nodescheduler,11615,0.02,0.0,23128,10734
19.070714013000043,nodecontroller,11294,0.02,0.0,44644,31460
19.070714013000043,nodelet,10742,0.06,0.9963143423239907,24532,11112
19.070714013000043,nodeproxy,11844,0.01,0.0,15904,5008
20.074485382000034,nodestore,10054,0.21,0.9962428007846557,21264,11315
20.074485382000034,nodeapiserver,10369,0.33,0.9962428007846557,233540,221693
20.074485382000034,nodescheduler,11615,0.02,0.0,23128,10738
20.074485382000034,nodecontroller,11294,0.02,0.0,44644,31464
20.074485382000034,nodelet,10742,0.06,0.0,24532,11112
20.074485382000034,nodeproxy,11844,0.01,0.0,15904,5008
21.07812595300004,nodestore,10054,0.21,0.0,21264,11315
21.07812595300004,nodeapiserver,10369,0.33,0.0,233540,221693
21.07812595300004,nodescheduler,11615,0.02,0.0,23128,10738
21.07812595300004,nodecontroller,11294,0.02,0.0,44644,31464
21.07812595300004,nodelet,10742,0.06,0.0,24532,11112
21.07812595300004,nodeproxy,11844,0.01,0.0,15904,5008
22.081847701000015,nodestore,10054,0.22,0.9962920520478994,21264,11315
22.081847701000015,nodeapiserver,10369,0.34,0.9962920520478994,233540,221693
22.081847701000015,nodescheduler,11615,0.02,0.0,23128,10738
22.081847701000015,nodecontroller,11294,0.02,0.0,44644,31464
22.081847701000015,nodelet,10742,0.06,0.0,24532,11112
22.081847701000015,nodeproxy,11844,0.01,0.0,15904,5008
23.08561828400002,nodestore,10054,0.23,0.996243580890032,21264,11315
23.08561828400002,nodeapiserver,10369,0.35,0.996243580890032,233540,221693
23.08561828400002,nodescheduler,11615,0.02,0.0,23128,10738
23.08561828400002,nodecontroller,11294,0.02,0.0,44644,31464
23.08561828400002,nodelet,10742,0.06,0.0,24788,11208
23.08561828400002,nodeproxy,11844,0.01,0.0,15904,5008
24.089438379000057,nodestore,10054,0.24,0.9961944425907939,21264,11315
24.089438379000057,nodeapiserver,10369,0.36,0.9961944425907939,237380,225529
24.089438379000057,nodescheduler,11615,0.02,0.0,23128,10738
24.089438379000057,nodecontroller,11294,0.02,0.0,44644,31468
24.089438379000057,nodelet,10742,0.06,0.0,24788,11208
24.089438379000057,nodeproxy,11844,0.01,0.0,15904,5008
25.09300237499997,nodestore,10054,0.24,0.0,21264,11315
25.09300237499997,nodeapiserver,10369,0.36,0.0,237380,225529
25.09300237499997,nodescheduler,11615,0.02,0.0,23128,10738
25.09300237499997,nodecontroller,11294,0.02,0.0,44644,31468
25.09300237499997,nodelet,10742,0.06,0.0,24788,11208
25.09300237499997,nodeproxy,11844,0.01,0.0,15904,5008
26.096721597000055,nodestore,10054,0.24,0.0,21264,11315
26.096721597000055,nodeapiserver,10369,0.38,1.992589118712552,237380,225529
26.096721597000055,nodescheduler,11615,0.02,0.0,23128,10742
26.096721597000055,nodecontroller,11294,0.02,0.0,44644,31468
26.096721597000055,nodelet,10742,0.06,0.0,24788,11208
26.096721597000055,nodeproxy,11844,0.01,0.0,15904,5008
27.100379901999986,nodestore,10054,0.24,0.0,21264,11315
27.100379901999986,nodeapiserver,10369,0.38,0.0,237380,225529
27.100379901999986,nodescheduler,11615,0.02,0.0,23128,10742
27.100379901999986,nodecontroller,11294,0.03,0.9963550294141879,44644,31468
27.100379901999986,nodelet,10742,0.06,0.0,24788,11208
27.100379901999986,nodeproxy,11844,0.01,0.0,15904,5008
28.10405188300001,nodestore,10054,0.25,0.9963414531146259,21264,11315
28.10405188300001,nodeapiserver,10369,0.4,1.9926829062292517,237380,225529
28.10405188300001,nodescheduler,11615,0.02,0.0,23128,10742
28.10405188300001,nodecontroller,11294,0.03,0.0,44644,31468
28.10405188300001,nodelet,10742,0.06,0.0,24788,11208
28.10405188300001,nodeproxy,11844,0.01,0.0,15904,5008
29.10768352399998,nodestore,10054,0.25,0.0,21264,11315
29.10768352399998,nodeapiserver,10369,0.4,0.0,237380,225529
29.10768352399998,nodescheduler,11615,0.02,0.0,23128,10742
29.10768352399998,nodecontroller,11294,0.03,0.0,44644,31468
29.10768352399998,nodelet,10742,0.06,0.0,24788,11208
29.10768352399998,nodeproxy,11844,0.01,0.0,15904,5008
30.11129865099997,nodestore,10054,0.26,0.9963978950668116,21264,11319
30.11129865099997,nodeapiserver,10369,0.41,0.9963978950668116,237380,225529
30.11129865099997,nodescheduler,11615,0.02,0.0,23128,10742
30.11129865099997,nodecontroller,11294,0.03,0.0,44644,31468
30.11129865099997,nodelet,10742,0.06,0.0,24788,11208
30.11129865099997,nodeproxy,11844,0.01,0.0,15904,5008
31.114923694000026,nodestore,10054,0.26,0.0,21264,11319
31.114923694000026,nodeapiserver,10369,0.41,0.0,237380,225529
31.114923694000026,nodescheduler,11615,0.02,0.0,23128,10742
31.114923694000026,nodecontroller,11294,0.03,0.0,44644,31468
31.114923694000026,nodelet,10742,0.06,0.0,24788,11208
31.114923694000026,nodeproxy,11844,0.01,0.0,15904,5008
32.118564289000005,nodestore,10054,0.27,0.996372610854806,21264,11319
32.118564289000005,nodeapiserver,10369,0.42,0.996372610854806,237380,225529
32.118564289000005,nodescheduler,11615,0.02,0.0,23128,10742
32.118564289000005,nodecontroller,11294,0.03,0.0,44644,31468
32.118564289000005,nodelet,10742,0.06,0.0,24788,11208
32.118564289000005,nodeproxy,11844,0.01,0.0,15904,5008
33.122379687000034,nodestore,10054,0.28,0.9961991039312302,21264,11319
33.122379687000034,nodeapiserver,10369,0.43,0.9961991039312302,237380,225529
33.122379687000034,nodescheduler,11615,0.02,0.0,23128,10742
33.122379687000034,nodecontroller,11294,0.03,0.0,44644,31468
33.122379687000034,nodelet,10742,0.06,0.0,24788,11268
33.122379687000034,nodeproxy,11844,0.01,0.0,15904,5008
34.12600218400007,nodestore,10054,0.29,0.996390578119895,21264,11319
34.12600218400007,nodeapiserver,10369,0.44,0.996390578119895,237380,225529
34.12600218400007,nodescheduler,11615,0.02,0.0,23128,10742
34.12600218400007,nodecontroller,11294,0.03,0.0,44644,31468
34.12600218400007,nodelet,10742,0.06,0.0,24788,11268
34.12600218400007,nodeproxy,11844,0.01,0.0,15904,5008
35.12988802899997,nodestore,10054,0.29,0.0,21264,11319
35.12988802899997,nodeapiserver,10369,0.44,0.0,237380,225529
35.12988802899997,nodescheduler,11615,0.02,0.0,23128,10742
35.12988802899997,nodecontroller,11294,0.03,0.0,44644,31468
35.12988802899997,nodelet,10742,0.06,0.0,24788,11268
35.12988802899997,nodeproxy,11844,0.01,0.0,15904,5008
36.13346202499997,nodestore,10054,0.29,0.0,21264,11319
36.13346202499997,nodeapiserver,10369,0.45,0.9964387319577379,237380,225529
36.13346202499997,nodescheduler,11615,0.02,0.0,23128,10742
36.13346202499997,nodecontroller,11294,0.03,0.0,44644,31468
36.13346202499997,nodelet,10742,0.06,0.0,24788,11268
36.13346202499997,nodeproxy,11844,0.01,0.0,15904,5008
37.13805269300008,nodestore,10054,0.3,0.99543030992987,21264,11319
37.13805269300008,nodeapiserver,10369,0.46,0.99543030992987,237380,225529
37.13805269300008,nodescheduler,11615,0.02,0.0,23128,10742
37.13805269300008,nodecontroller,11294,0.03,0.0,44644,31468
37.13805269300008,nodelet,10742,0.06,0.0,24788,11268
37.13805269300008,nodeproxy,11844,0.01,0.0,15904,5008
38.14158927599999,nodestore,10054,0.3,0.0,21264,11319
38.14158927599999,nodeapiserver,10369,0.46,0.0,237380,225529
38.14158927599999,nodescheduler,11615,0.02,0.0,23128,10742
38.14158927599999,nodecontroller,11294,0.03,0.0,44644,31468
38.14158927599999,nodelet,10742,0.06,0.0,24788,11268
38.14158927599999,nodeproxy,11844,0.01,0.0,15904,5008
39.14670872600004,nodestore,10054,0.31,0.9949066252771731,21264,11319
39.14670872600004,nodeapiserver,10369,0.47,0.9949066252771731,237380,225529
39.14670872600004,nodescheduler,11615,0.02,0.0,23128,10742
39.14670872600004,nodecontroller,11294,0.03,0.0,44644,31468
39.14670872600004,nodelet,10742,0.06,0.0,24788,11268
39.14670872600004,nodeproxy,11844,0.01,0.0,15904,5008
40.150243869000064,nodestore,10054,0.32,0.9964773102121229,21264,11319
40.150243869000064,nodeapiserver,10369,0.47,0.0,237380,225529
40.150243869000064,nodescheduler,11615,0.02,0.0,23128,10742
40.150243869000064,nodecontroller,11294,0.03,0.0,44644,31472
40.150243869000064,nodelet,10742,0.06,0.0,24788,11268
40.150243869000064,nodeproxy,11844,0.01,0.0,15904,5008
41.154649081,nodestore,10054,0.32,0.0,21264,11319
41.154649081,nodeapiserver,10369,0.48,0.9956141087806919,237380,225529
41.154649081,nodescheduler,11615,0.02,0.0,23128,10742
41.154649081,nodecontroller,11294,0.03,0.0,44644,31472
41.154649081,nodelet,10742,0.06,0.0,24788,11268
41.154649081,nodeproxy,11844,0.01,0.0,15904,5008
42.15816307800003,nodestore,10054,0.33,0.9964983079353827,21264,11319
42.15816307800003,nodeapiserver,10369,0.5,1.9929966158707655,237380,225529
42.15816307800003,nodescheduler,11615,0.02,0.0,23128,10742
42.15816307800003,nodecontroller,11294,0.04,0.9964983079353827,44644,31472
42.15816307800003,nodelet,10742,0.06,0.0,24788,11268
42.15816307800003,nodeproxy,11844,0.01,0.0,15904,5008
43.16167905200007,nodestore,10054,0.34,0.9964963447606884,21264,11319
43.16167905200007,nodeapiserver,10369,0.51,0.9964963447606884,237380,225529
43.16167905200007,nodescheduler,11615,0.02,0.0,23128,10742
43.16167905200007,nodecontroller,11294,0.04,0.0,44644,31476
43.16167905200007,nodelet,10742,0.06,0.0,24788,11360
43.16167905200007,nodeproxy,11844,0.01,0.0,15904,5008
44.16521055700002,nodestore,10054,0.34,0.0,21264,11319
44.16521055700002,nodeapiserver,10369,0.52,0.9964809226393391,237380,225529
44.16521055700002,nodescheduler,11615,0.02,0.0,23128,10742
44.16521055700002,nodecontroller,11294,0.05,0.9964809226393391,44644,31476
44.16521055700002,nodelet,10742,0.06,0.0,24788,11360
44.16521055700002,nodeproxy,11844,0.01,0.0,15904,5008
45.168712235000044,nodestore,10054,0.34,0.0,21264,11319
45.168712235000044,nodeapiserver,10369,0.52,0.0,237380,225529
45.168712235000044,nodescheduler,11615,0.02,0.0,23128,10742
45.168712235000044,nodecontroller,11294,0.05,0.0,44644,31476
45.168712235000044,nodelet,10742,0.06,0.0,24788,11360
45.168712235000044,nodeproxy,11844,0.01,0.0,15904,5008
46.17210105700008,nodestore,10054,0.35,0.9966226233283338,21264,11319
46.17210105700008,nodeapiserver,10369,0.53,0.9966226233283338,237380,225529
46.17210105700008,nodescheduler,11615,0.02,0.0,23128,10742
46.17210105700008,nodecontroller,11294,0.05,0.0,44644,31476
46.17210105700008,nodelet,10742,0.06,0.0,24788,11360
46.17210105700008,nodeproxy,11844,0.01,0.0,15904,5008
47.175507186999994,nodestore,10054,0.35,0.0,21264,11319
47.175507186999994,nodeapiserver,10369,0.53,0.0,237380,225529
47.175507186999994,nodescheduler,11615,0.02,0.0,23128,10742
47.175507186999994,nodecontroller,11294,0.05,0.0,44644,31476
47.175507186999994,nodelet,10742,0.06,0.0,24788,11360
47.175507186999994,nodeproxy,11844,0.01,0.0,15904,5008
48.178882391,nodestore,10054,0.36,0.9966361496810439,21264,11319
48.178882391,nodeapiserver,10369,0.54,0.9966361496810439,237380,225529
48.178882391,nodescheduler,11615,0.02,0.0,23128,10742
48.178882391,nodecontroller,11294,0.05,0.0,44644,31476
48.178882391,nodelet,10742,0.06,0.0,24788,11360
48.178882391,nodeproxy,11844,0.01,0.0,15904,5008
49.18223697500002,nodestore,10054,0.36,0.0,21264,11319
49.18223697500002,nodeapiserver,10369,0.54,0.0,237380,225529
49.18223697500002,nodescheduler,11615,0.02,0.0,23128,10742
49.18223697500002,nodecontroller,11294,0.05,0.0,44644,31476
49.18223697500002,nodelet,10742,0.06,0.0,24788,11360
49.18223697500002,nodeproxy,11844,0.01,0.0,15904,5008
50.18561743200007,nodestore,10054,0.37,0.9966309319894914,21264,11319
50.18561743200007,nodeapiserver,10369,0.55,0.9966309319894914,237380,225529
50.18561743200007,nodescheduler,11615,0.02,0.0,23128,10742
50.18561743200007,nodecontroller,11294,0.05,0.0,44644,31476
50.18561743200007,nodelet,10742,0.07,0.9966309319894914,24788,11360
50.18561743200007,nodeproxy,11844,0.01,0.0,15904,5008
51.188962795000066,nodestore,10054,0.37,0.0,21264,11319
51.188962795000066,nodeapiserver,10369,0.56,0.9966657911389639,237380,225529
51.188962795000066,nodescheduler,11615,0.02,0.0,23128,10742
51.188962795000066,nodecontroller,11294,0.05,0.0,44644,31476
51.188962795000066,nodelet,10742,0.07,0.0,24788,11360
51.188962795000066,nodeproxy,11844,0.01,0.0,15904,5008
52.19236255200008,nodestore,10054,0.37,0.0,21264,11319
52.19236255200008,nodeapiserver,10369,0.57,0.9966117621852174,237380,225529
52.19236255200008,nodescheduler,11615,0.02,0.0,23128,10742
52.19236255200008,nodecontroller,11294,0.05,0.0,44644,31476
52.19236255200008,nodelet,10742,0.07,0.0,24788,11360
52.19236255200008,nodeproxy,11844,0.01,0.0,15904,5008
53.19574688400007,nodestore,10054,0.38,0.9966270830707011,21264,11319
53.19574688400007,nodeapiserver,10369,0.58,0.9966270830707011,237380,225529
53.19574688400007,nodescheduler,11615,0.02,0.0,23128,10742
53.19574688400007,nodecontroller,11294,0.05,0.0,44644,31480
53.19574688400007,nodelet,10742,0.08,0.9966270830707011,24788,11420
53.19574688400007,nodeproxy,11844,0.01,0.0,15904,5008
54.19915270600006,nodestore,10054,0.39,0.9966057382513467,21264,11319
54.19915270600006,nodeapiserver,10369,0.59,0.9966057382513467,237380,225533
54.19915270600006,nodescheduler,11615,0.02,0.0,23128,10742
54.19915270600006,nodecontroller,11294,0.05,0.0,44644,31480
54.19915270600006,nodelet,10742,0.08,0.0,24788,11420
54.19915270600006,nodeproxy,11844,0.01,0.0,15904,5008
55.20251188899999,nodestore,10054,0.39,0.0,21264,11319
55.20251188899999,nodeapiserver,10369,0.59,0.0,239940,228113
55.20251188899999,nodescheduler,11615,0.02,0.0,23128,10742
55.20251188899999,nodecontroller,11294,0.05,0.0,44644,31480
55.20251188899999,nodelet,10742,0.08,0.0,24788,11420
55.20251188899999,nodeproxy,11844,0.01,0.0,15904,5008
56.205772895999985,nodestore,10054,0.4,0.9967495926012881,21264,11331
56.205772895999985,nodeapiserver,10369,0.6,0.9967495926012881,239940,228113
56.205772895999985,nodescheduler,11615,0.02,0.0,23128,10742
56.205772895999985,nodecontroller,11294,0.05,0.0,44644,31480
56.205772895999985,nodelet,10742,0.08,0.0,24788,11420
56.205772895999985,nodeproxy,11844,0.01,0.0,15904,5008
57.20900012499999,nodestore,10054,0.41,0.9967831525035254,21264,11331
57.20900012499999,nodeapiserver,10369,0.61,0.9967831525035254,239940,228113
57.20900012499999,nodescheduler,11615,0.02,0.0,23128,10742
57.20900012499999,nodecontroller,11294,0.05,0.0,44644,31480
57.20900012499999,nodelet,10742,0.08,0.0,24788,11420
57.20900012499999,nodeproxy,11844,0.01,0.0,15904,5008
58.21227203500007,nodestore,10054,0.41,0.0,21264,11331
58.21227203500007,nodeapiserver,10369,0.61,0.0,239940,228113
58.21227203500007,nodescheduler,11615,0.02,0.0,23128,10742
58.21227203500007,nodecontroller,11294,0.05,0.0,44644,31480
58.21227203500007,nodelet,10742,0.08,0.0,24788,11420
58.21227203500007,nodeproxy,11844,0.01,0.0,15904,5008
59.215487682,nodestore,10054,0.42,0.9967946602412454,21264,11331
59.215487682,nodeapiserver,10369,0.62,0.9967946602412454,239940,228113
59.215487682,nodescheduler,11615,0.02,0.0,23128,10742
59.215487682,nodecontroller,11294,0.05,0.0,44644,31480
59.215487682,nodelet,10742,0.08,0.0,24788,11420
59.215487682,nodeproxy,11844,0.01,0.0,15904,5008
60.218736509999985,nodestore,10054,0.42,0.0,21264,11331
60.218736509999985,nodeapiserver,10369,0.63,0.9967616927034352,239940,228113
60.218736509999985,nodescheduler,11615,0.02,0.0,23128,10742
60.218736509999985,nodecontroller,11294,0.05,0.0,44644,31480
60.218736509999985,nodelet,10742,0.08,0.0,24788,11420
60.218736509999985,nodeproxy,11844,0.01,0.0,15904,5008
61.22198563799998,nodestore,10054,0.43,0.9967613946433521,21264,11331
61.22198563799998,nodeapiserver,10369,0.63,0.0,239940,228113
61.22198563799998,nodescheduler,11615,0.03,0.9967613946433521,23128,10758
61.22198563799998,nodecontroller,11294,0.05,0.0,44644,31492
61.22198563799998,nodelet,10742,0.08,0.0,24788,11420
61.22198563799998,nodeproxy,11844,0.01,0.0,15904,5008
62.225995201000046,nodestore,10054,0.44,0.9960064493926861,21264,11331
62.225995201000046,nodeapiserver,10369,0.65,1.9920128987853722,239940,228113
62.225995201000046,nodescheduler,11615,0.03,0.0,23128,10794
62.225995201000046,nodecontroller,11294,0.06,0.9960064493926861,44644,31532
62.225995201000046,nodelet,10742,0.08,0.0,24788,11420
62.225995201000046,nodeproxy,11844,0.01,0.0,15904,5008
63.22930953000002,nodestore,10054,0.44,0.0,21264,11335
63.22930953000002,nodeapiserver,10369,0.66,0.9966966194898457,239940,228113
63.22930953000002,nodescheduler,11615,0.03,0.0,23128,10798
63.22930953000002,nodecontroller,11294,0.06,0.0,44644,31540
63.22930953000002,nodelet,10742,0.08,0.0,24916,11448
63.22930953000002,nodeproxy,11844,0.01,0.0,15904,5008
64.23258431199997,nodestore,10054,0.45,0.9967359071924239,21264,11335
64.23258431199997,nodeapiserver,10369,0.67,0.9967359071924239,239940,228113
64.23258431199997,nodescheduler,11615,0.03,0.0,23128,10798
64.23258431199997,nodecontroller,11294,0.06,0.0,44644,31540
64.23258431199997,nodelet,10742,0.08,0.0,24916,11448
64.23258431199997,nodeproxy,11844,0.01,0.0,15904,5008
65.23582425899997,nodestore,10054,0.45,0.0,21264,11335
65.23582425899997,nodeapiserver,10369,0.67,0.0,239940,228113
65.23582425899997,nodescheduler,11615,0.03,0.0,23128,10802
65.23582425899997,nodecontroller,11294,0.06,0.0,44644,31540
65.23582425899997,nodelet,10742,0.08,0.0,24916,11448
65.23582425899997,nodeproxy,11844,0.01,0.0,15904,5008
66.23891970299997,nodestore,10054,0.47,1.9938282164104895,21264,11335
66.23891970299997,nodeapiserver,10369,0.68,0.9969141082052447,239940,228113
66.23891970299997,nodescheduler,11615,0.03,0.0,23128,10802
66.23891970299997,nodecontroller,11294,0.06,0.0,44644,31544
66.23891970299997,nodelet,10742,0.08,0.0,24916,11448
66.23891970299997,nodeproxy,11844,0.01,0.0,15904,5008
67.24201705600001,nodestore,10054,0.47,0.0,21264,11335
67.24201705600001,nodeapiserver,10369,0.69,0.9969122109725639,239940,228113
67.24201705600001,nodescheduler,11615,0.03,0.0,23128,10802
67.24201705600001,nodecontroller,11294,0.06,0.0,44644,31544
67.24201705600001,nodelet,10742,0.08,0.0,24916,11448
67.24201705600001,nodeproxy,11844,0.01,0.0,15904,5008
68.24514055899999,nodestore,10054,0.47,0.0,21264,11335
68.24514055899999,nodeapiserver,10369,0.7,0.9968862228921542,239940,228113
68.24514055899999,nodescheduler,11615,0.03,0.0,23128,10802
68.24514055899999,nodecontroller,11294,0.07,0.9968862228921542,44644,31544
68.24514055899999,nodelet,10742,0.08,0.0,24916,11448
68.24514055899999,nodeproxy,11844,0.01,0.0,15904,5008
69.24828129399998,nodestore,10054,0.48,0.9968690983324606,21264,11335
69.24828129399998,nodeapiserver,10369,0.7,0.0,239940,228113
69.24828129399998,nodescheduler,11615,0.03,0.0,23128,10802
69.24828129399998,nodecontroller,11294,0.07,0.0,44644,31544
69.24828129399998,nodelet,10742,0.08,0.0,24916,11448
69.24828129399998,nodeproxy,11844,0.01,0.0,15904,5008
70.25140448100001,nodestore,10054,0.48,0.0,21264,11335
70.25140448100001,nodeapiserver,10369,0.71,0.9968865369273652,239940,228113
70.25140448100001,nodescheduler,11615,0.03,0.0,23128,10802
70.25140448100001,nodecontroller,11294,0.07,0.0,44644,31544
70.25140448100001,nodelet,10742,0.08,0.0,24916,11448
70.25140448100001,nodeproxy,11844,0.01,0.0,15904,5008
71.254486284,nodestore,10054,0.49,0.9969276653302159,21264,11335
71.254486284,nodeapiserver,10369,0.71,0.0,239940,228113
71.254486284,nodescheduler,11615,0.03,0.0,23128,10802
71.254486284,nodecontroller,11294,0.07,0.0,44644,31544
71.254486284,nodelet,10742,0.08,0.0,24916,11448
71.254486284,nodeproxy,11844,0.01,0.0,15904,5008
72.25760037400005,nodestore,10054,0.49,0.0,21264,11335
72.25760037400005,nodeapiserver,10369,0.72,0.9968955774511616,239940,228113
72.25760037400005,nodescheduler,11615,0.03,0.0,23128,10802
72.25760037400005,nodecontroller,11294,0.07,0.0,44644,31548
72.25760037400005,nodelet,10742,0.08,0.0,24916,11448
72.25760037400005,nodeproxy,11844,0.01,0.0,15904,5008
73.26069399100004,nodestore,10054,0.5,0.9969159239501068,21264,11335
73.26069399100004,nodeapiserver,10369,0.75,2.9907477718503204,239940,228113
73.26069399100004,nodescheduler,11615,0.04,0.9969159239501068,23128,10806
73.26069399100004,nodecontroller,11294,0.07,0.0,44644,31548
73.26069399100004,nodelet,10742,0.08,0.0,25172,11700
73.26069399100004,nodeproxy,11844,0.01,0.0,15904,5008
74.26377711800001,nodestore,10054,0.51,0.9969263494550157,21264,11339
74.26377711800001,nodeapiserver,10369,0.75,0.0,239940,228113
74.26377711800001,nodescheduler,11615,0.04,0.0,23128,10806
74.26377711800001,nodecontroller,11294,0.07,0.0,44644,31548
74.26377711800001,nodelet,10742,0.08,0.0,25172,11700
74.26377711800001,nodeproxy,11844,0.01,0.0,15904,5008
75.26686694400007,nodestore,10054,0.51,0.0,21264,11339
75.26686694400007,nodeapiserver,10369,0.75,0.0,239940,228113
75.26686694400007,nodescheduler,11615,0.04,0.0,23128,10806
75.26686694400007,nodecontroller,11294,0.07,0.0,44644,31548
75.26686694400007,nodelet,10742,0.08,0.0,25172,11700
75.26686694400007,nodeproxy,11844,0.01,0.0,15904,5008
76.26983278800003,nodestore,10054,0.52,0.9970429262195698,21264,11339
76.26983278800003,nodeapiserver,10369,0.76,0.9970429262195698,239940,228113
76.26983278800003,nodescheduler,11615,0.04,0.0,23128,10806
76.26983278800003,nodecontroller,11294,0.07,0.0,44644,31552
76.26983278800003,nodelet,10742,0.08,0.0,25172,11700
76.26983278800003,nodeproxy,11844,0.01,0.0,15904,5008
77.27277080600004,nodestore,10054,0.52,0.0,21264,11339
77.27277080600004,nodeapiserver,10369,0.77,0.997070588663228,239940,228113
77.27277080600004,nodescheduler,11615,0.04,0.0,23128,10810
77.27277080600004,nodecontroller,11294,0.07,0.0,44644,31552
77.27277080600004,nodelet,10742,0.08,0.0,25172,11700
77.27277080600004,nodeproxy,11844,0.01,0.0,15904,5008
78.27574823200007,nodestore,10054,0.53,0.9970314127488354,21264,11339
78.27574823200007,nodeapiserver,10369,0.77,0.0,239940,228113
78.27574823200007,nodescheduler,11615,0.04,0.0,23128,10810
78.27574823200007,nodecontroller,11294,0.07,0.0,44644,31552
78.27574823200007,nodelet,10742,0.08,0.0,25172,11700
78.27574823200007,nodeproxy,11844,0.01,0.0,15904,5008
79.27878259600004,nodestore,10054,0.53,0.0,21264,11339
79.27878259600004,nodeapiserver,10369,0.78,0.996974815510934,239940,228113
79.27878259600004,nodescheduler,11615,0.04,0.0,23128,10810
79.27878259600004,nodecontroller,11294,0.07,0.0,44644,31552
79.27878259600004,nodelet,10742,0.08,0.0,25172,11700
79.27878259600004,nodeproxy,11844,0.01,0.0,15904,5008
80.28174055500006,nodestore,10054,0.54,0.9970507647170345,21264,11339
80.28174055500006,nodeapiserver,10369,0.79,0.9970507647170345,239940,228113
80.28174055500006,nodescheduler,11615,0.04,0.0,23128,10810
80.28174055500006,nodecontroller,11294,0.07,0.0,44644,31552
80.28174055500006,nodelet,10742,0.08,0.0,25172,11700
80.28174055500006,nodeproxy,11844,0.01,0.0,15904,5008
81.28470094,nodestore,10054,0.55,0.9970483530115322,21264,11343
81.28470094,nodeapiserver,10369,0.8,0.9970483530115322,239940,228113
81.28470094,nodescheduler,11615,0.04,0.0,23128,10810
81.28470094,nodecontroller,11294,0.07,0.0,44644,31552
81.28470094,nodelet,10742,0.08,0.0,25172,11700
81.28470094,nodeproxy,11844,0.01,0.0,15904,5008
82.28765911599999,nodestore,10054,0.55,0.0,21264,11343
82.28765911599999,nodeapiserver,10369,0.8,0.0,239940,228113
82.28765911599999,nodescheduler,11615,0.04,0.0,23128,10810
82.28765911599999,nodecontroller,11294,0.08,0.9970505489951828,44644,31552
82.28765911599999,nodelet,10742,0.08,0.0,25172,11700
82.28765911599999,nodeproxy,11844,0.01,0.0,15904,5008
83.29058782100003,nodestore,10054,0.56,0.9970798472658685,21264,11343
83.29058782100003,nodeapiserver,10369,0.82,1.994159694531737,239940,228113
83.29058782100003,nodescheduler,11615,0.04,0.0,23128,10810
83.29058782100003,nodecontroller,11294,0.08,0.0,44644,31552
83.29058782100003,nodelet,10742,0.1,1.994159694531737,25172,11668
83.29058782100003,nodeproxy,11844,0.01,0.0,15904,5008
84.29356882499997,nodestore,10054,0.56,0.0,21264,11343
84.29356882499997,nodeapiserver,10369,0.82,0.0,239940,228113
84.29356882499997,nodescheduler,11615,0.04,0.0,23128,10810
84.29356882499997,nodecontroller,11294,0.08,0.0,44644,31552
84.29356882499997,nodelet,10742,0.1,0.0,25172,11668
84.29356882499997,nodeproxy,11844,0.01,0.0,15904,5008
85.29653404300007,nodestore,10054,0.57,0.9970435485230364,21264,11343
85.29653404300007,nodeapiserver,10369,0.83,0.9970435485230364,239940,228113
85.29653404300007,nodescheduler,11615,0.04,0.0,23128,10810
85.29653404300007,nodecontroller,11294,0.08,0.0,44644,31552
85.29653404300007,nodelet,10742,0.1,0.0,25172,11668
85.29653404300007,nodeproxy,11844,0.01,0.0,15904,5008
86.299499642,nodestore,10054,0.57,0.0,21264,11343
86.299499642,nodeapiserver,10369,0.83,0.0,239940,228113
86.299499642,nodescheduler,11615,0.04,0.0,23128,10810
86.299499642,nodecontroller,11294,0.08,0.0,44644,31552
86.299499642,nodelet,10742,0.1,0.0,25172,11668
86.299499642,nodeproxy,11844,0.01,0.0,15904,5008
87.30231159100003,nodestore,10054,0.58,0.9971959358852499,21264,11343
87.30231159100003,nodeapiserver,10369,0.84,0.9971959358852499,239940,228113
87.30231159100003,nodescheduler,11615,0.04,0.0,23128,10810
87.30231159100003,nodecontroller,11294,0.08,0.0,44644,31552
87.30231159100003,nodelet,10742,0.1,0.0,25172,11668
87.30231159100003,nodeproxy,11844,0.01,0.0,15904,5008
88.30514919500001,nodestore,10054,0.58,0.0,21264,11343
88.30514919500001,nodeapiserver,10369,0.85,0.9971704252127561,239940,228113
88.30514919500001,nodescheduler,11615,0.04,0.0,23128,10810
88.30514919500001,nodecontroller,11294,0.08,0.0,44644,31552
88.30514919500001,nodelet,10742,0.1,0.0,25172,11668
88.30514919500001,nodeproxy,11844,0.01,0.0,15904,5008
89.30797613200002,nodestore,10054,0.59,0.9971810320448055,21264,11343
89.30797613200002,nodeapiserver,10369,0.85,0.0,239940,228113
89.30797613200002,nodescheduler,11615,0.04,0.0,23128,10810
89.30797613200002,nodecontroller,11294,0.08,0.0,44644,31552
89.30797613200002,nodelet,10742,0.1,0.0,25172,11668
89.30797613200002,nodeproxy,11844,0.01,0.0,15904,5008
90.31078631800005,nodestore,10054,0.59,0.0,21264,11343
90.31078631800005,nodeapiserver,10369,0.87,1.9943953780301285,239940,228113
90.31078631800005,nodescheduler,11615,0.04,0.0,23128,10810
90.31078631800005,nodecontroller,11294,0.08,0.0,44644,31552
90.31078631800005,nodelet,10742,0.1,0.0,25172,11668
90.31078631800005,nodeproxy,11844,0.01,0.0,15904,5008
91.31365583399997,nodestore,10054,0.6,0.9971386945618167,21264,11343
91.31365583399997,nodeapiserver,10369,0.87,0.0,239940,228113
91.31365583399997,nodescheduler,11615,0.04,0.0,23128,10810
91.31365583399997,nodecontroller,11294,0.08,0.0,44644,31552
91.31365583399997,nodelet,10742,0.1,0.0,25172,11668
91.31365583399997,nodeproxy,11844,0.01,0.0,15904,5008
92.31654632100003,nodestore,10054,0.61,0.9971178438348687,21264,11343
92.31654632100003,nodeapiserver,10369,0.88,0.9971178438348687,239940,228113
92.31654632100003,nodescheduler,11615,0.04,0.0,23128,10810
92.31654632100003,nodecontroller,11294,0.08,0.0,44644,31552
92.31654632100003,nodelet,10742,0.1,0.0,25172,11668
92.31654632100003,nodeproxy,11844,0.01,0.0,15904,5008
93.31932874899996,nodestore,10054,0.62,0.9972252924241185,21264,11351
93.31932874899996,nodeapiserver,10369,0.89,0.9972252924241185,239940,228113
93.31932874899996,nodescheduler,11615,0.04,0.0,23128,10810
93.31932874899996,nodecontroller,11294,0.08,0.0,44644,31552
93.31932874899996,nodelet,10742,0.1,0.0,25300,11752
93.31932874899996,nodeproxy,11844,0.01,0.0,15904,5008
94.32211512399999,nodestore,10054,0.62,0.0,21264,11351
94.32211512399999,nodeapiserver,10369,0.89,0.0,239940,228113
94.32211512399999,nodescheduler,11615,0.04,0.0,23128,10810
94.32211512399999,nodecontroller,11294,0.09,0.9972213673126264,44644,31552
94.32211512399999,nodelet,10742,0.1,0.0,25300,11752
94.32211512399999,nodeproxy,11844,0.01,0.0,15904,5008
95.32493248900005,nodestore,10054,0.63,0.9971905502453527,21264,11351
95.32493248900005,nodeapiserver,10369,0.9,0.9971905502453527,239940,228113
95.32493248900005,nodescheduler,11615,0.04,0.0,23128,10810
95.32493248900005,nodecontroller,11294,0.09,0.0,44644,31552
95.32493248900005,nodelet,10742,0.1,0.0,25300,11752
95.32493248900005,nodeproxy,11844,0.01,0.0,15904,5008
96.32774532799999,nodestore,10054,0.63,0.0,21264,11351
96.32774532799999,nodeapiserver,10369,0.91,0.997195050870361,243780,231957
96.32774532799999,nodescheduler,11615,0.04,0.0,23128,10810
96.32774532799999,nodecontroller,11294,0.09,0.0,44644,31552
96.32774532799999,nodelet,10742,0.1,0.0,25300,11752
96.32774532799999,nodeproxy,11844,0.01,0.0,15904,5008
97.33051613200007,nodestore,10054,0.63,0.0,21264,11351
97.33051613200007,nodeapiserver,10369,0.92,0.9972368521410615,243780,231957
97.33051613200007,nodescheduler,11615,0.04,0.0,23128,10810
97.33051613200007,nodecontroller,11294,0.09,0.0,44644,31552
97.33051613200007,nodelet,10742,0.1,0.0,25300,11752
97.33051613200007,nodeproxy,11844,0.01,0.0,15904,5008
98.33315276899998,nodestore,10054,0.64,0.9973702965734437,21264,11351
98.33315276899998,nodeapiserver,10369,0.93,0.9973702965734437,243780,231957
98.33315276899998,nodescheduler,11615,0.04,0.0,23128,10810
98.33315276899998,nodecontroller,11294,0.09,0.0,44644,31552
98.33315276899998,nodelet,10742,0.1,0.0,25300,11752
98.33315276899998,nodeproxy,11844,0.01,0.0,15904,5008
99.33589461999998,nodestore,10054,0.64,0.0,21264,11363
99.33589461999998,nodeapiserver,10369,0.93,0.0,243780,231957
99.33589461999998,nodescheduler,11615,0.04,0.0,23128,10810
99.33589461999998,nodecontroller,11294,0.09,0.0,44644,31552
99.33589461999998,nodelet,10742,0.1,0.0,25300,11752
99.33589461999998,nodeproxy,11844,0.01,0.0,15904,5008
100.33859979300007,nodestore,10054,0.65,0.9973021252179233,21264,11363
100.33859979300007,nodeapiserver,10369,0.94,0.9973021252179233,243780,231957
100.33859979300007,nodescheduler,11615,0.04,0.0,23128,10810
100.33859979300007,nodecontroller,11294,0.09,0.0,44644,31552
100.33859979300007,nodelet,10742,0.1,0.0,25300,11752
100.33859979300007,nodeproxy,11844,0.01,0.0,15904,5008
101.34133289700003,nodestore,10054,0.65,0.0,21264,11363
101.34133289700003,nodeapiserver,10369,0.94,0.0,243780,231957
101.34133289700003,nodescheduler,11615,0.04,0.0,23128,10810
101.34133289700003,nodecontroller,11294,0.09,0.0,44644,31552
101.34133289700003,nodelet,10742,0.1,0.0,25300,11752
101.34133289700003,nodeproxy,11844,0.01,0.0,15904,5008
102.34403982100002,nodestore,10054,0.65,0.0,21264,11363
102.34403982100002,nodeapiserver,10369,0.95,0.9973003836562769,243780,231957
102.34403982100002,nodescheduler,11615,0.04,0.0,23128,10810
102.34403982100002,nodecontroller,11294,0.09,0.0,44644,31552
102.34403982100002,nodelet,10742,0.1,0.0,25300,11752
102.34403982100002,nodeproxy,11844,0.01,0.0,15904,5008
103.346648824,nodestore,10054,0.67,1.9947955723673567,21264,11363
103.346648824,nodeapiserver,10369,0.97,1.9947955723673567,243780,231957
103.346648824,nodescheduler,11615,0.04,0.0,23128,10810
103.346648824,nodecontroller,11294,0.09,0.0,44644,31552
103.346648824,nodelet,10742,0.1,0.0,25556,11908
103.346648824,nodeproxy,11844,0.01,0.0,15904,5008
104.34934127100007,nodestore,10054,0.68,0.9973147828049093,21264,11363
104.34934127100007,nodeapiserver,10369,0.98,0.9973147828049093,243780,231957
104.34934127100007,nodescheduler,11615,0.04,0.0,23128,10810
104.34934127100007,nodecontroller,11294,0.09,0.0,44644,31552
104.34934127100007,nodelet,10742,0.1,0.0,25556,11908
104.34934127100007,nodeproxy,11844,0.01,0.0,15904,5008
105.35200544300005,nodestore,10054,0.68,0.0,21264,11363
105.35200544300005,nodeapiserver,10369,0.98,0.0,243780,231957
105.35200544300005,nodescheduler,11615,0.04,0.0,23128,10810
105.35200544300005,nodecontroller,11294,0.09,0.0,44644,31552
105.35200544300005,nodelet,10742,0.1,0.0,25556,11908
105.35200544300005,nodeproxy,11844,0.01,0.0,15904,5008
106.35470952100002,nodestore,10054,0.68,0.0,21264,11363
106.35470952100002,nodeapiserver,10369,0.99,0.9973032143188658,244420,232621
106.35470952100002,nodescheduler,11615,0.04,0.0,23128,10810
106.35470952100002,nodecontroller,11294,0.09,0.0,44644,31552
106.35470952100002,nodelet,10742,0.1,0.0,25556,11908
106.35470952100002,nodeproxy,11844,0.01,0.0,15904,5008
107.35724543599997,nodestore,10054,0.69,0.9974704995980586,21264,11367
107.35724543599997,nodeapiserver,10369,0.99,0.0,244420,232621
107.35724543599997,nodescheduler,11615,0.04,0.0,23128,10810
107.35724543599997,nodecontroller,11294,0.09,0.0,44644,31552
107.35724543599997,nodelet,10742,0.1,0.0,25556,11908
107.35724543599997,nodeproxy,11844,0.01,0.0,15904,5008
108.35979609900005,nodestore,10054,0.69,0.0,21264,11367
108.35979609900005,nodeapiserver,10369,1.0,0.9974558263295679,244420,232621
108.35979609900005,nodescheduler,11615,0.04,0.0,23128,10810
108.35979609900005,nodecontroller,11294,0.09,0.0,44644,31552
108.35979609900005,nodelet,10742,0.1,0.0,25556,11908
108.35979609900005,nodeproxy,11844,0.01,0.0,15904,5008
109.36230734399999,nodestore,10054,0.7,0.9974950455543897,21264,11367
109.36230734399999,nodeapiserver,10369,1.0,0.0,244420,232621
109.36230734399999,nodescheduler,11615,0.05,0.9974950455543897,23128,10810
109.36230734399999,nodecontroller,11294,0.09,0.0,44644,31552
109.36230734399999,nodelet,10742,0.1,0.0,25556,11908
109.36230734399999,nodeproxy,11844,0.01,0.0,15904,5008
110.36484033099998,nodestore,10054,0.7,0.0,21264,11367
110.36484033099998,nodeapiserver,10369,1.01,0.9974734128125052,244420,232621
110.36484033099998,nodescheduler,11615,0.05,0.0,23128,10810
110.36484033099998,nodecontroller,11294,0.09,0.0,44644,31552
110.36484033099998,nodelet,10742,0.1,0.0,25556,11908
110.36484033099998,nodeproxy,11844,0.01,0.0,15904,5008
111.36744549499997,nodestore,10054,0.71,0.9974016052444871,21264,11367
111.36744549499997,nodeapiserver,10369,1.01,0.0,244420,232621
111.36744549499997,nodescheduler,11615,0.05,0.0,23128,10810
111.36744549499997,nodecontroller,11294,0.09,0.0,44644,31552
111.36744549499997,nodelet,10742,0.11,0.9974016052444871,25556,11908
111.36744549499997,nodeproxy,11844,0.01,0.0,15904,5008
112.37010925699997,nodestore,10054,0.71,0.0,21264,11367
112.37010925699997,nodeapiserver,10369,1.03,1.9946866295542904,244420,232621
112.37010925699997,nodescheduler,11615,0.05,0.0,23128,10810
112.37010925699997,nodecontroller,11294,0.1,0.9973433147771452,44644,31552
112.37010925699997,nodelet,10742,0.11,0.0,25556,11908
112.37010925699997,nodeproxy,11844,0.01,0.0,15904,5008
113.37265983600003,nodestore,10054,0.73,1.994911819805437,21264,11367
113.37265983600003,nodeapiserver,10369,1.04,0.9974559099027185,244420,232621
113.37265983600003,nodescheduler,11615,0.05,0.0,23128,10810
113.37265983600003,nodecontroller,11294,0.1,0.0,44644,31552
113.37265983600003,nodelet,10742,0.11,0.0,25556,11928
113.37265983600003,nodeproxy,11844,0.01,0.0,15904,5008
114.37512921100006,nodestore,10054,0.73,0.0,21264,11367
114.37512921100006,nodeapiserver,10369,1.05,0.9975367077921634,244420,232621
114.37512921100006,nodescheduler,11615,0.05,0.0,23128,10810
114.37512921100006,nodecontroller,11294,0.11,0.9975367077921634,44644,31552
114.37512921100006,nodelet,10742,0.11,0.0,25556,11928
114.37512921100006,nodeproxy,11844,0.01,0.0,15904,5008
115.37766288600005,nodestore,10054,0.73,0.0,21264,11367
115.37766288600005,nodeapiserver,10369,1.05,0.0,244420,232621
115.37766288600005,nodescheduler,11615,0.05,0.0,23128,10810
115.37766288600005,nodecontroller,11294,0.11,0.0,44644,31552
115.37766288600005,nodelet,10742,0.11,0.0,25556,11928
115.37766288600005,nodeproxy,11844,0.01,0.0,15904,5008
116.38020157599999,nodestore,10054,0.74,0.9974677386266881,21264,11367
116.38020157599999,nodeapiserver,10369,1.06,0.9974677386266881,244420,232621
116.38020157599999,nodescheduler,11615,0.05,0.0,23128,10810
116.38020157599999,nodecontroller,11294,0.11,0.0,44644,31552
116.38020157599999,nodelet,10742,0.11,0.0,25556,11928
116.38020157599999,nodeproxy,11844,0.01,0.0,15904,5008
117.38258295700007,nodestore,10054,0.74,0.0,21264,11367
117.38258295700007,nodeapiserver,10369,1.06,0.0,244420,232621
117.38258295700007,nodescheduler,11615,0.05,0.0,23128,10810
117.38258295700007,nodecontroller,11294,0.11,0.0,44644,31552
117.38258295700007,nodelet,10742,0.11,0.0,25556,11928
117.38258295700007,nodeproxy,11844,0.01,0.0,15904,5008
118.38497967299998,nodestore,10054,0.75,0.9976090145132642,21264,11367
118.38497967299998,nodeapiserver,10369,1.07,0.9976090145132642,244420,232621
118.38497967299998,nodescheduler,11615,0.05,0.0,23128,10810
118.38497967299998,nodecontroller,11294,0.11,0.0,44644,31552
118.38497967299998,nodelet,10742,0.11,0.0,25556,11928
118.38497967299998,nodeproxy,11844,0.01,0.0,15904,5008
119.38734173099999,nodestore,10054,0.75,0.0,21264,11367
119.38734173099999,nodeapiserver,10369,1.08,0.9976435081703612,244420,232621
119.38734173099999,nodescheduler,11615,0.05,0.0,23128,10810
119.38734173099999,nodecontroller,11294,0.11,0.0,44644,31552
119.38734173099999,nodelet,10742,0.11,0.0,25556,11928
119.38734173099999,nodeproxy,11844,0.01,0.0,15904,5008
120.38966780600003,nodestore,10054,0.76,0.9976793230685517,21264,11367
120.38966780600003,nodeapiserver,10369,1.08,0.0,244420,232621
120.38966780600003,nodescheduler,11615,0.05,0.0,23128,10810
120.38966780600003,nodecontroller,11294,0.11,0.0,44644,31552
120.38966780600003,nodelet,10742,0.11,0.0,25556,11928
120.38966780600003,nodeproxy,11844,0.01,0.0,15904,5008
121.392045285,nodestore,10054,0.77,0.997628159999831,21264,11371
121.392045285,nodeapiserver,10369,1.1,1.995256319999662,244420,232621
121.392045285,nodescheduler,11615,0.05,0.0,23256,10850
121.392045285,nodecontroller,11294,0.11,0.0,44772,31624
121.392045285,nodelet,10742,0.11,0.0,25556,11928
121.392045285,nodeproxy,11844,0.01,0.0,15904,5008
122.39445047200002,nodestore,10054,0.77,0.0,21264,11371
122.39445047200002,nodeapiserver,10369,1.11,0.9976005840440428,244420,232621
122.39445047200002,nodescheduler,11615,0.05,0.0,23256,10850
122.39445047200002,nodecontroller,11294,0.11,0.0,44772,31628
122.39445047200002,nodelet,10742,0.11,0.0,25556,11928
122.39445047200002,nodeproxy,11844,0.01,0.0,15904,5008
123.396804159,nodestore,10054,0.79,1.9953036796681496,21264,11371
123.396804159,nodeapiserver,10369,1.12,0.9976518398340748,244420,232621
123.396804159,nodescheduler,11615,0.05,0.0,23256,10854
123.396804159,nodecontroller,11294,0.11,0.0,44772,31628
123.396804159,nodelet,10742,0.11,0.0,25556,11940
123.396804159,nodeproxy,11844,0.01,0.0,15904,5008
124.39909036100005,nodestore,10054,0.8,0.9977190127974543,21264,11371
124.39909036100005,nodeapiserver,10369,1.13,0.9977190127974543,244420,232621
124.39909036100005,nodescheduler,11615,0.05,0.0,23256,10854
124.39909036100005,nodecontroller,11294,0.11,0.0,44772,31632
124.39909036100005,nodelet,10742,0.11,0.0,25556,11940
124.39909036100005,nodeproxy,11844,0.01,0.0,15904,5008
125.40143697999997,nodestore,10054,0.8,0.0,21264,11371
125.40143697999997,nodeapiserver,10369,1.13,0.0,244420,232621
125.40143697999997,nodescheduler,11615,0.05,0.0,23256,10854
125.40143697999997,nodecontroller,11294,0.11,0.0,44772,31632
125.40143697999997,nodelet,10742,0.11,0.0,25556,11940
125.40143697999997,nodeproxy,11844,0.01,0.0,15904,5008
126.40375760699999,nodestore,10054,0.8,0.0,21264,11371
126.40375760699999,nodeapiserver,10369,1.14,0.9976847458412953,244420,232621
126.40375760699999,nodescheduler,11615,0.05,0.0,23256,10854
126.40375760699999,nodecontroller,11294,0.11,0.0,44772,31632
126.40375760699999,nodelet,10742,0.11,0.0,25556,11940
126.40375760699999,nodeproxy,11844,0.01,0.0,15904,5008
127.40612896300001,nodestore,10054,0.81,0.9976342540258842,21264,11371
127.40612896300001,nodeapiserver,10369,1.15,0.9976342540258842,244420,232621
127.40612896300001,nodescheduler,11615,0.05,0.0,23256,10854
127.40612896300001,nodecontroller,11294,0.11,0.0,44772,31632
127.40612896300001,nodelet,10742,0.11,0.0,25556,11940
127.40612896300001,nodeproxy,11844,0.01,0.0,15904,5008
128.408328149,nodestore,10054,0.81,0.0,21264,11371
128.408328149,nodeapiserver,10369,1.15,0.0,244420,232621
128.408328149,nodescheduler,11615,0.05,0.0,23256,10854
128.408328149,nodecontroller,11294,0.11,0.0,44772,31632
128.408328149,nodelet,10742,0.11,0.0,25556,11940
128.408328149,nodeproxy,11844,0.01,0.0,15904,5008
129.410464844,nodestore,10054,0.82,0.9978678607313245,21264,11371
129.410464844,nodeapiserver,10369,1.16,0.9978678607313245,244420,232621
129.410464844,nodescheduler,11615,0.05,0.0,23256,10854
129.410464844,nodecontroller,11294,0.11,0.0,44772,31632
129.410464844,nodelet,10742,0.11,0.0,25556,11940
129.410464844,nodeproxy,11844,0.01,0.0,15904,5008
130.41261369400002,nodestore,10054,0.82,0.0,21264,11371
130.41261369400002,nodeapiserver,10369,1.16,0.0,244420,232621
130.41261369400002,nodescheduler,11615,0.05,0.0,23256,10854
130.41261369400002,nodecontroller,11294,0.12,0.9978557576551369,44772,31632
130.41261369400002,nodelet,10742,0.11,0.0,25556,11940
130.41261369400002,nodeproxy,11844,0.01,0.0,15904,5008
131.41493317599998,nodestore,10054,0.83,0.9976858855468582,21264,11371
131.41493317599998,nodeapiserver,10369,1.18,1.9953717710937164,244420,232621
131.41493317599998,nodescheduler,11615,0.05,0.0,23256,10854
131.41493317599998,nodecontroller,11294,0.12,0.0,44772,31632
131.41493317599998,nodelet,10742,0.11,0.0,25556,11940
131.41493317599998,nodeproxy,11844,0.01,0.0,15904,5008
132.417134486,nodestore,10054,0.83,0.0,21264,11371
132.417134486,nodeapiserver,10369,1.18,0.0,244420,232621
132.417134486,nodescheduler,11615,0.05,0.0,23256,10854
132.417134486,nodecontroller,11294,0.12,0.0,44772,31632
132.417134486,nodelet,10742,0.11,0.0,25556,11940
132.417134486,nodeproxy,11844,0.01,0.0,15904,5008
133.41950509499998,nodestore,10054,0.84,0.9976349974962525,21264,11371
133.41950509499998,nodeapiserver,10369,1.2,1.995269994992505,244420,232621
133.41950509499998,nodescheduler,11615,0.05,0.0,23256,10858
133.41950509499998,nodecontroller,11294,0.12,0.0,44772,31632
133.41950509499998,nodelet,10742,0.12,0.9976349974962525,25556,11932
133.41950509499998,nodeproxy,11844,0.01,0.0,15904,5008
134.42169634699997,nodestore,10054,0.84,0.0,21264,11371
134.42169634699997,nodeapiserver,10369,1.2,0.0,244420,232621
134.42169634699997,nodescheduler,11615,0.05,0.0,23256,10858
134.42169634699997,nodecontroller,11294,0.12,0.0,44772,31632
134.42169634699997,nodelet,10742,0.12,0.0,25556,11932
134.42169634699997,nodeproxy,11844,0.01,0.0,15904,5008
135.42386053100006,nodestore,10054,0.85,0.9978404895778099,21264,11371
135.42386053100006,nodeapiserver,10369,1.21,0.9978404895778099,244420,232621
135.42386053100006,nodescheduler,11615,0.05,0.0,23256,10858
135.42386053100006,nodecontroller,11294,0.13,0.9978404895778099,44772,31632
135.42386053100006,nodelet,10742,0.12,0.0,25556,11932
135.42386053100006,nodeproxy,11844,0.01,0.0,15904,5008
136.42609659000004,nodestore,10054,0.85,0.0,21264,11371
136.42609659000004,nodeapiserver,10369,1.21,0.0,244420,232621
136.42609659000004,nodescheduler,11615,0.05,0.0,23256,10858
136.42609659000004,nodecontroller,11294,0.13,0.0,44772,31632
136.42609659000004,nodelet,10742,0.12,0.0,25556,11932
136.42609659000004,nodeproxy,11844,0.01,0.0,15904,5008
137.42827664200001,nodestore,10054,0.86,0.997824690288316,21264,11375
137.42827664200001,nodeapiserver,10369,1.23,1.995649380576632,244420,232621
137.42827664200001,nodescheduler,11615,0.05,0.0,23256,10858
137.42827664200001,nodecontroller,11294,0.13,0.0,44772,31632
137.42827664200001,nodelet,10742,0.12,0.0,25556,11932
137.42827664200001,nodeproxy,11844,0.01,0.0,15904,5008
138.43028711600004,nodestore,10054,0.86,0.0,21264,11375
138.43028711600004,nodeapiserver,10369,1.23,0.0,244420,232621
138.43028711600004,nodescheduler,11615,0.05,0.0,23256,10858
138.43028711600004,nodecontroller,11294,0.13,0.0,44772,31632
138.43028711600004,nodelet,10742,0.12,0.0,25556,11932
138.43028711600004,nodeproxy,11844,0.01,0.0,15904,5008
139.432293674,nodestore,10054,0.87,0.9979974602122831,21264,11375
139.432293674,nodeapiserver,10369,1.24,0.9979974602122831,244420,232621
139.432293674,nodescheduler,11615,0.05,0.0,23256,10858
139.432293674,nodecontroller,11294,0.13,0.0,44772,31632
139.432293674,nodelet,10742,0.13,0.9979974602122831,25556,11932
139.432293674,nodeproxy,11844,0.01,0.0,15904,5008
140.43430632900004,nodestore,10054,0.88,0.997991387643658,21264,11379
140.43430632900004,nodeapiserver,10369,1.24,0.0,244420,232621
140.43430632900004,nodescheduler,11615,0.05,0.0,23256,10858
140.43430632900004,nodecontroller,11294,0.13,0.0,44772,31632
140.43430632900004,nodelet,10742,0.13,0.0,25556,11932
140.43430632900004,nodeproxy,11844,0.01,0.0,15904,5008
141.43630126200003,nodestore,10054,0.89,0.9980090388341397,21264,11379
141.43630126200003,nodeapiserver,10369,1.25,0.9980090388341397,244420,232621
141.43630126200003,nodescheduler,11615,0.05,0.0,23256,10858
141.43630126200003,nodecontroller,11294,0.13,0.0,44772,31632
141.43630126200003,nodelet,10742,0.13,0.0,25556,11932
141.43630126200003,nodeproxy,11844,0.01,0.0,15904,5008
142.43836416500005,nodestore,10054,0.89,0.0,21264,11379
142.43836416500005,nodeapiserver,10369,1.26,0.9979413438080108,244420,232621
142.43836416500005,nodescheduler,11615,0.05,0.0,23256,10858
142.43836416500005,nodecontroller,11294,0.13,0.0,44772,31632
142.43836416500005,nodelet,10742,0.13,0.0,25556,11932
142.43836416500005,nodeproxy,11844,0.01,0.0,15904,5008
143.440452253,nodestore,10054,0.9,0.9979162630262332,21264,11379
143.440452253,nodeapiserver,10369,1.27,0.9979162630262332,244420,232621
143.440452253,nodescheduler,11615,0.05,0.0,23256,10858
143.440452253,nodecontroller,11294,0.13,0.0,44772,31632
143.440452253,nodelet,10742,0.13,0.0,25556,11936
143.440452253,nodeproxy,11844,0.01,0.0,15904,5008
144.442404313,nodestore,10054,0.9,0.0,21264,11379
144.442404313,nodeapiserver,10369,1.28,0.9980517431143284,244420,232621
144.442404313,nodescheduler,11615,0.05,0.0,23256,10858
144.442404313,nodecontroller,11294,0.13,0.0,44772,31632
144.442404313,nodelet,10742,0.13,0.0,25556,11936
144.442404313,nodeproxy,11844,0.01,0.0,15904,5008
145.444386958,nodestore,10054,0.91,0.9980212781030771,21264,11379
145.444386958,nodeapiserver,10369,1.28,0.0,244420,232621
145.444386958,nodescheduler,11615,0.05,0.0,23256,10858
145.444386958,nodecontroller,11294,0.13,0.0,44772,31632
145.444386958,nodelet,10742,0.13,0.0,25556,11936
145.444386958,nodeproxy,11844,0.01,0.0,15904,5008
146.44637196100007,nodestore,10054,0.91,0.0,21264,11379
146.44637196100007,nodeapiserver,10369,1.29,0.9980189294309504,244420,232621
146.44637196100007,nodescheduler,11615,0.05,0.0,23256,10858
146.44637196100007,nodecontroller,11294,0.13,0.0,44772,31632
146.44637196100007,nodelet,10742,0.13,0.0,25556,11936
146.44637196100007,nodeproxy,11844,0.01,0.0,15904,5008
147.44838453299997,nodestore,10054,0.92,0.9979914703107149,21264,11379
147.44838453299997,nodeapiserver,10369,1.29,0.0,244420,232621
147.44838453299997,nodescheduler,11615,0.05,0.0,23256,10858
147.44838453299997,nodecontroller,11294,0.13,0.0,44772,31632
147.44838453299997,nodelet,10742,0.13,0.0,25556,11936
147.44838453299997,nodeproxy,11844,0.01,0.0,15904,5008
148.45039891099998,nodestore,10054,0.92,0.0,21264,11379
148.45039891099998,nodeapiserver,10369,1.3,0.997989671561367,244420,232621
148.45039891099998,nodescheduler,11615,0.05,0.0,23256,10858
148.45039891099998,nodecontroller,11294,0.13,0.0,44772,31632
148.45039891099998,nodelet,10742,0.13,0.0,25556,11936
148.45039891099998,nodeproxy,11844,0.01,0.0,15904,5008
149.45258364100005,nodestore,10054,0.93,0.9978200326400233,21264,11379
149.45258364100005,nodeapiserver,10369,1.3,0.0,244420,232621
149.45258364100005,nodescheduler,11615,0.05,0.0,23256,10858
149.45258364100005,nodecontroller,11294,0.13,0.0,44772,31632
149.45258364100005,nodelet,10742,0.13,0.0,25556,11936
149.45258364100005,nodeproxy,11844,0.01,0.0,15904,5008
150.454586296,nodestore,10054,0.93,0.0,21264,11379
150.454586296,nodeapiserver,10369,1.3,0.0,244420,232621
150.454586296,nodescheduler,11615,0.05,0.0,23256,10858
150.454586296,nodecontroller,11294,0.13,0.0,44772,31632
150.454586296,nodelet,10742,0.13,0.0,25556,11936
150.454586296,nodeproxy,11844,0.01,0.0,15904,5008
151.45665294700007,nodestore,10054,0.94,0.9979376112377343,21264,11379
151.45665294700007,nodeapiserver,10369,1.33,2.993812833713203,244420,232621
151.45665294700007,nodescheduler,11615,0.06,0.9979376112377343,23256,10858
151.45665294700007,nodecontroller,11294,0.13,0.0,44772,31632
151.45665294700007,nodelet,10742,0.13,0.0,25556,11936
151.45665294700007,nodeproxy,11844,0.01,0.0,15904,5008
152.45878111399998,nodestore,10054,0.94,0.0,21264,11379
152.45878111399998,nodeapiserver,10369,1.33,0.0,244420,232621
152.45878111399998,nodescheduler,11615,0.06,0.0,23256,10858
152.45878111399998,nodecontroller,11294,0.13,0.0,44772,31632
152.45878111399998,nodelet,10742,0.13,0.0,25556,11936
152.45878111399998,nodeproxy,11844,0.01,0.0,15904,5008
153.46083030400007,nodestore,10054,0.96,1.9959100011844864,21264,11387
153.46083030400007,nodeapiserver,10369,1.35,1.9959100011844864,244420,232621
153.46083030400007,nodescheduler,11615,0.06,0.0,23256,10858
153.46083030400007,nodecontroller,11294,0.14,0.9979550005922432,44772,31632
153.46083030400007,nodelet,10742,0.13,0.0,25556,11964
153.46083030400007,nodeproxy,11844,0.01,0.0,15904,5008
154.46286457899998,nodestore,10054,0.96,0.0,21264,11387
154.46286457899998,nodeapiserver,10369,1.35,0.0,244420,232621
154.46286457899998,nodescheduler,11615,0.06,0.0,23256,10858
154.46286457899998,nodecontroller,11294,0.14,0.0,44772,31632
154.46286457899998,nodelet,10742,0.13,0.0,25556,11964
154.46286457899998,nodeproxy,11844,0.01,0.0,15904,5008
155.46500907200004,nodestore,10054,0.96,0.0,21264,11387
155.46500907200004,nodeapiserver,10369,1.36,0.9978600960090696,244420,232621
155.46500907200004,nodescheduler,11615,0.07,0.9978600960090696,23256,10858
155.46500907200004,nodecontroller,11294,0.14,0.0,44772,31632
155.46500907200004,nodelet,10742,0.13,0.0,25556,11964
155.46500907200004,nodeproxy,11844,0.01,0.0,15904,5008
156.46707031900007,nodestore,10054,0.96,0.0,21264,11387
156.46707031900007,nodeapiserver,10369,1.36,0.0,244420,232621
156.46707031900007,nodescheduler,11615,0.07,0.0,23256,10858
156.46707031900007,nodecontroller,11294,0.14,0.0,44772,31632
156.46707031900007,nodelet,10742,0.13,0.0,25556,11964
156.46707031900007,nodeproxy,11844,0.01,0.0,15904,5008
157.469083189,nodestore,10054,0.97,0.9979911735066531,21264,11387
157.469083189,nodeapiserver,10369,1.37,0.9979911735066531,244420,232621
157.469083189,nodescheduler,11615,0.07,0.0,23256,10858
157.469083189,nodecontroller,11294,0.14,0.0,44772,31632
157.469083189,nodelet,10742,0.13,0.0,25556,11964
157.469083189,nodeproxy,11844,0.01,0.0,15904,5008
158.47118870600002,nodestore,10054,0.97,0.0,21264,11387
158.47118870600002,nodeapiserver,10369,1.37,0.0,244420,232621
158.47118870600002,nodescheduler,11615,0.07,0.0,23256,10858
158.47118870600002,nodecontroller,11294,0.14,0.0,44772,31632
158.47118870600002,nodelet,10742,0.13,0.0,25556,11964
158.47118870600002,nodeproxy,11844,0.01,0.0,15904,5008
159.473245721,nodestore,10054,0.98,0.9979472076247166,21264,11387
159.473245721,nodeapiserver,10369,1.39,1.9958944152494331,244420,232621
159.473245721,nodescheduler,11615,0.07,0.0,23256,10858
159.473245721,nodecontroller,11294,0.14,0.0,44772,31632
159.473245721,nodelet,10742,0.13,0.0,25556,11964
159.473245721,nodeproxy,11844,0.01,0.0,15904,5008
160.47529592600006,nodestore,10054,0.98,0.0,21264,11387
160.47529592600006,nodeapiserver,10369,1.39,0.0,244420,232621
160.47529592600006,nodescheduler,11615,0.07,0.0,23256,10858
160.47529592600006,nodecontroller,11294,0.14,0.0,44772,31632
160.47529592600006,nodelet,10742,0.13,0.0,25556,11964
160.47529592600006,nodeproxy,11844,0.01,0.0,15904,5008
161.47789021699998,nodestore,10054,1.0,1.9948248438611482,21264,11387
161.47789021699998,nodeapiserver,10369,1.4,0.9974124219305741,244420,232621
161.47789021699998,nodescheduler,11615,0.07,0.0,23256,10858
161.47789021699998,nodecontroller,11294,0.14,0.0,44772,31632
161.47789021699998,nodelet,10742,0.13,0.0,25556,11964
161.47789021699998,nodeproxy,11844,0.01,0.0,15904,5008
162.48115223900004,nodestore,10054,1.0,0.0,21264,11387
162.48115223900004,nodeapiserver,10369,1.4,0.0,244420,232621
162.48115223900004,nodescheduler,11615,0.07,0.0,23256,10858
162.48115223900004,nodecontroller,11294,0.14,0.0,44772,31632
162.48115223900004,nodelet,10742,0.13,0.0,25556,11964
162.48115223900004,nodeproxy,11844,0.01,0.0,15904,5008
163.484148483,nodestore,10054,1.01,0.9970127066597733,21264,11387
163.484148483,nodeapiserver,10369,1.42,1.9940254133195465,244420,232621
163.484148483,nodescheduler,11615,0.07,0.0,23256,10858
163.484148483,nodecontroller,11294,0.14,0.0,44772,31632
163.484148483,nodelet,10742,0.13,0.0,25556,11964
163.484148483,nodeproxy,11844,0.01,0.0,15904,5008
164.48616503200003,nodestore,10054,1.01,0.0,21264,11387
164.48616503200003,nodeapiserver,10369,1.42,0.0,244420,232621
164.48616503200003,nodescheduler,11615,0.07,0.0,23256,10858
164.48616503200003,nodecontroller,11294,0.14,0.0,44772,31632
164.48616503200003,nodelet,10742,0.13,0.0,25556,11964
164.48616503200003,nodeproxy,11844,0.01,0.0,15904,5008
165.488206643,nodestore,10054,1.02,0.9979625486830391,21264,11387
165.488206643,nodeapiserver,10369,1.43,0.9979625486830391,244420,232621
165.488206643,nodescheduler,11615,0.07,0.0,23256,10858
165.488206643,nodecontroller,11294,0.14,0.0,44772,31632
165.488206643,nodelet,10742,0.13,0.0,25556,11964
165.488206643,nodeproxy,11844,0.01,0.0,15904,5008
166.490170239,nodestore,10054,1.02,0.0,21264,11387
166.490170239,nodeapiserver,10369,1.43,0.0,244420,232621
166.490170239,nodescheduler,11615,0.07,0.0,23256,10858
166.490170239,nodecontroller,11294,0.14,0.0,44772,31632
166.490170239,nodelet,10742,0.13,0.0,25556,11964
166.490170239,nodeproxy,11844,0.01,0.0,15904,5008
167.49218386799998,nodestore,10054,1.03,0.9979904175535166,21264,11387
167.49218386799998,nodeapiserver,10369,1.44,0.9979904175535166,244420,232621
167.49218386799998,nodescheduler,11615,0.07,0.0,23256,10858
167.49218386799998,nodecontroller,11294,0.14,0.0,44772,31632
167.49218386799998,nodelet,10742,0.13,0.0,25556,11964
167.49218386799998,nodeproxy,11844,0.01,0.0,15904,5008
168.49420489500005,nodestore,10054,1.03,0.0,21264,11387
168.49420489500005,nodeapiserver,10369,1.44,0.0,244420,232621
168.49420489500005,nodescheduler,11615,0.07,0.0,23256,10858
168.49420489500005,nodecontroller,11294,0.15,0.9979830493117299,44772,31632
168.49420489500005,nodelet,10742,0.13,0.0,25556,11964
168.49420489500005,nodeproxy,11844,0.01,0.0,15904,5008
169.49630826600003,nodestore,10054,1.04,0.9979010438834501,21264,11387
169.49630826600003,nodeapiserver,10369,1.45,0.9979010438834501,244420,232621
169.49630826600003,nodescheduler,11615,0.07,0.0,23256,10858
169.49630826600003,nodecontroller,11294,0.15,0.0,44772,31632
169.49630826600003,nodelet,10742,0.14,0.9979010438834501,25556,11964
169.49630826600003,nodeproxy,11844,0.01,0.0,15904,5008
170.49829833600006,nodestore,10054,1.04,0.0,21264,11387
170.49829833600006,nodeapiserver,10369,1.45,0.0,244420,232621
170.49829833600006,nodescheduler,11615,0.07,0.0,23256,10858
170.49829833600006,nodecontroller,11294,0.15,0.0,44772,31632
170.49829833600006,nodelet,10742,0.14,0.0,25556,11964
170.49829833600006,nodeproxy,11844,0.01,0.0,15904,5008
171.500328244,nodestore,10054,1.05,0.9979742041792025,21264,11387
171.500328244,nodeapiserver,10369,1.47,1.995948408358405,244420,232621
171.500328244,nodescheduler,11615,0.07,0.0,23256,10858
171.500328244,nodecontroller,11294,0.15,0.0,44772,31632
171.500328244,nodelet,10742,0.14,0.0,25556,11964
171.500328244,nodeproxy,11844,0.01,0.0,15904,5008
172.50227003700002,nodestore,10054,1.05,0.0,21264,11387
172.50227003700002,nodeapiserver,10369,1.47,0.0,244420,232621
172.50227003700002,nodescheduler,11615,0.07,0.0,23256,10858
172.50227003700002,nodecontroller,11294,0.15,0.0,44772,31632
172.50227003700002,nodelet,10742,0.14,0.0,25556,11964
172.50227003700002,nodeproxy,11844,0.01,0.0,15904,5008
173.50428148700007,nodestore,10054,1.06,0.9979925878091968,21264,11387
173.50428148700007,nodeapiserver,10369,1.49,1.9959851756183935,244420,232621
173.50428148700007,nodescheduler,11615,0.07,0.0,23256,10858
173.50428148700007,nodecontroller,11294,0.15,0.0,44772,31632
173.50428148700007,nodelet,10742,0.14,0.0,25684,12116
173.50428148700007,nodeproxy,11844,0.01,0.0,15904,5008
174.506294411,nodestore,10054,1.06,0.0,21264,11387
174.506294411,nodeapiserver,10369,1.49,0.0,244420,232621
174.506294411,nodescheduler,11615,0.07,0.0,23256,10858
174.506294411,nodecontroller,11294,0.15,0.0,44772,31632
174.506294411,nodelet,10742,0.14,0.0,25684,12116
174.506294411,nodeproxy,11844,0.01,0.0,15904,5008
175.50834081799997,nodestore,10054,1.08,1.9959155444584789,21264,11387
175.50834081799997,nodeapiserver,10369,1.5,0.9979577722292394,244420,232621
175.50834081799997,nodescheduler,11615,0.07,0.0,23256,10858
175.50834081799997,nodecontroller,11294,0.16,0.9979577722292394,44772,31632
175.50834081799997,nodelet,10742,0.14,0.0,25684,12116
175.50834081799997,nodeproxy,11844,0.01,0.0,15904,5008
176.51032545400005,nodestore,10054,1.08,0.0,21264,11387
176.51032545400005,nodeapiserver,10369,1.5,0.0,244420,232621
176.51032545400005,nodescheduler,11615,0.07,0.0,23256,10858
176.51032545400005,nodecontroller,11294,0.16,0.0,44772,31632
176.51032545400005,nodelet,10742,0.14,0.0,25684,12116
176.51032545400005,nodeproxy,11844,0.01,0.0,15904,5008
177.51238086900003,nodestore,10054,1.09,0.9979488010650862,21264,11387
177.51238086900003,nodeapiserver,10369,1.52,1.9958976021301724,244420,232621
177.51238086900003,nodescheduler,11615,0.07,0.0,23256,10858
177.51238086900003,nodecontroller,11294,0.16,0.0,44772,31632
177.51238086900003,nodelet,10742,0.14,0.0,25684,12116
177.51238086900003,nodeproxy,11844,0.01,0.0,15904,5008
178.51439713000002,nodestore,10054,1.09,0.0,21264,11387
178.51439713000002,nodeapiserver,10369,1.52,0.0,244420,232621
178.51439713000002,nodescheduler,11615,0.07,0.0,23256,10858
178.51439713000002,nodecontroller,11294,0.16,0.0,44772,31632
178.51439713000002,nodelet,10742,0.14,0.0,25684,12116
178.51439713000002,nodeproxy,11844,0.01,0.0,15904,5008
179.51635778600007,nodestore,10054,1.1,0.9980431806495493,21264,11387
179.51635778600007,nodeapiserver,10369,1.53,0.9980431806495493,244420,232621
179.51635778600007,nodescheduler,11615,0.07,0.0,23256,10858
179.51635778600007,nodecontroller,11294,0.16,0.0,44772,31632
179.51635778600007,nodelet,10742,0.14,0.0,25684,12116
179.51635778600007,nodeproxy,11844,0.01,0.0,15904,5008
180.51837478200002,nodestore,10054,1.1,0.0,21264,11387
180.51837478200002,nodeapiserver,10369,1.53,0.0,244420,232621
180.51837478200002,nodescheduler,11615,0.07,0.0,23256,10858
180.51837478200002,nodecontroller,11294,0.16,0.0,44772,31632
180.51837478200002,nodelet,10742,0.14,0.0,25684,12116
180.51837478200002,nodeproxy,11844,0.01,0.0,15904,5008
181.52040675299997,nodestore,10054,1.12,1.9959442990667784,21264,11387
181.52040675299997,nodeapiserver,10369,1.54,0.9979721495333892,244420,232621
181.52040675299997,nodescheduler,11615,0.07,0.0,23256,10894
181.52040675299997,nodecontroller,11294,0.16,0.0,44772,31648
181.52040675299997,nodelet,10742,0.14,0.0,25684,12116
181.52040675299997,nodeproxy,11844,0.01,0.0,15904,5012
182.52245908600003,nodestore,10054,1.12,0.0,21264,11387
182.52245908600003,nodeapiserver,10369,1.54,0.0,244420,232621
182.52245908600003,nodescheduler,11615,0.07,0.0,23256,10894
182.52245908600003,nodecontroller,11294,0.16,0.0,44772,31648
182.52245908600003,nodelet,10742,0.14,0.0,25684,12116
182.52245908600003,nodeproxy,11844,0.01,0.0,15904,5012
183.524550644,nodestore,10054,1.13,0.9979128074842428,21264,11395
183.524550644,nodeapiserver,10369,1.57,2.9937384224527284,244420,232621
183.524550644,nodescheduler,11615,0.07,0.0,23256,10894
183.524550644,nodecontroller,11294,0.16,0.0,44772,31648
183.524550644,nodelet,10742,0.14,0.0,25684,12128
183.524550644,nodeproxy,11844,0.01,0.0,15904,5012
184.52660798400007,nodestore,10054,1.13,0.0,21264,11395
184.52660798400007,nodeapiserver,10369,1.57,0.0,244420,232621
184.52660798400007,nodescheduler,11615,0.07,0.0,23256,10894
184.52660798400007,nodecontroller,11294,0.16,0.0,44772,31648
184.52660798400007,nodelet,10742,0.14,0.0,25684,12128
184.52660798400007,nodeproxy,11844,0.01,0.0,15904,5012
185.52871348899998,nodestore,10054,1.14,0.9978989188369763,21264,11395
185.52871348899998,nodeapiserver,10369,1.58,0.9978989188369763,244420,232621
185.52871348899998,nodescheduler,11615,0.07,0.0,23256,10894
185.52871348899998,nodecontroller,11294,0.16,0.0,44772,31652
185.52871348899998,nodelet,10742,0.15,0.9978989188369763,25684,12128
185.52871348899998,nodeproxy,11844,0.01,0.0,15904,5012
186.53079390900007,nodestore,10054,1.14,0.0,21264,11395
186.53079390900007,nodeapiserver,10369,1.58,0.0,244420,232621
186.53079390900007,nodescheduler,11615,0.07,0.0,23256,10894
186.53079390900007,nodecontroller,11294,0.16,0.0,44772,31652
186.53079390900007,nodelet,10742,0.15,0.0,25684,12128
186.53079390900007,nodeproxy,11844,0.01,0.0,15904,5012
187.53286704900006,nodestore,10054,1.15,0.9979311490177322,21264,11395
187.53286704900006,nodeapiserver,10369,1.59,0.9979311490177322,244420,232621
187.53286704900006,nodescheduler,11615,0.07,0.0,23256,10898
187.53286704900006,nodecontroller,11294,0.16,0.0,44772,31664
187.53286704900006,nodelet,10742,0.15,0.0,25684,12128
187.53286704900006,nodeproxy,11844,0.01,0.0,15904,5012
188.534960361,nodestore,10054,1.15,0.0,21264,11395
188.534960361,nodeapiserver,10369,1.59,0.0,244420,232621
188.534960361,nodescheduler,11615,0.07,0.0,23256,10898
188.534960361,nodecontroller,11294,0.17,0.9979110608015486,44772,31664
188.534960361,nodelet,10742,0.15,0.0,25684,12128
188.534960361,nodeproxy,11844,0.01,0.0,15904,5012
189.53699887599998,nodestore,10054,1.16,0.9979656320895199,21264,11395
189.53699887599998,nodeapiserver,10369,1.6,0.9979656320895199,244420,232621
189.53699887599998,nodescheduler,11615,0.07,0.0,23256,10898
189.53699887599998,nodecontroller,11294,0.17,0.0,44772,31664
189.53699887599998,nodelet,10742,0.15,0.0,25684,12128
189.53699887599998,nodeproxy,11844,0.01,0.0,15904,5012
190.539044258,nodestore,10054,1.16,0.0,21264,11395
190.539044258,nodeapiserver,10369,1.6,0.0,244420,232621
190.539044258,nodescheduler,11615,0.07,0.0,23256,10898
190.539044258,nodecontroller,11294,0.17,0.0,44772,31664
190.539044258,nodelet,10742,0.15,0.0,25684,12128
190.539044258,nodeproxy,11844,0.01,0.0,15904,5012
191.54106942500005,nodestore,10054,1.17,0.9979789260122884,21264,11395
191.54106942500005,nodeapiserver,10369,1.61,0.9979789260122884,244420,232621
191.54106942500005,nodescheduler,11615,0.07,0.0,23256,10898
191.54106942500005,nodecontroller,11294,0.17,0.0,44772,31664
191.54106942500005,nodelet,10742,0.15,0.0,25684,12128
191.54106942500005,nodeproxy,11844,0.01,0.0,15904,5012
192.54319467599998,nodestore,10054,1.17,0.0,21264,11395
192.54319467599998,nodeapiserver,10369,1.61,0.0,244420,232621
192.54319467599998,nodescheduler,11615,0.07,0.0,23256,10898
192.54319467599998,nodecontroller,11294,0.17,0.0,44772,31664
192.54319467599998,nodelet,10742,0.15,0.0,25684,12128
192.54319467599998,nodeproxy,11844,0.01,0.0,15904,5012
193.54528271700008,nodestore,10054,1.19,1.9958326196608256,21264,11403
193.54528271700008,nodeapiserver,10369,1.64,2.9937489294912387,244420,232621
193.54528271700008,nodescheduler,11615,0.07,0.0,23256,10902
193.54528271700008,nodecontroller,11294,0.17,0.0,44772,31668
193.54528271700008,nodelet,10742,0.16,0.9979163098304128,25684,12132
193.54528271700008,nodeproxy,11844,0.01,0.0,15904,5012
194.54734194900004,nodestore,10054,1.19,0.0,21264,11403
194.54734194900004,nodeapiserver,10369,1.64,0.0,244420,232621
194.54734194900004,nodescheduler,11615,0.07,0.0,23256,10902
194.54734194900004,nodecontroller,11294,0.17,0.0,44772,31668
194.54734194900004,nodelet,10742,0.16,0.0,25684,12132
194.54734194900004,nodeproxy,11844,0.01,0.0,15904,5012
195.54938956900003,nodestore,10054,1.2,0.9979565641800687,21264,11411
195.54938956900003,nodeapiserver,10369,1.66,1.9959131283601375,244420,232621
195.54938956900003,nodescheduler,11615,0.07,0.0,23256,10902
195.54938956900003,nodecontroller,11294,0.17,0.0,44772,31668
195.54938956900003,nodelet,10742,0.16,0.0,25684,12132
195.54938956900003,nodeproxy,11844,0.01,0.0,15904,5012
196.55145382800004,nodestore,10054,1.2,0.0,21264,11411
196.55145382800004,nodeapiserver,10369,1.66,0.0,244420,232621
196.55145382800004,nodescheduler,11615,0.07,0.0,23256,10902
196.55145382800004,nodecontroller,11294,0.17,0.0,44772,31668
196.55145382800004,nodelet,10742,0.16,0.0,25684,12132
196.55145382800004,nodeproxy,11844,0.01,0.0,15904,5012
197.55349377699997,nodestore,10054,1.21,0.9979642039202407,21264,11411
197.55349377699997,nodeapiserver,10369,1.67,0.9979642039202407,244420,232621
197.55349377699997,nodescheduler,11615,0.07,0.0,23256,10902
197.55349377699997,nodecontroller,11294,0.18,0.9979642039202407,44772,31668
197.55349377699997,nodelet,10742,0.16,0.0,25684,12132
197.55349377699997,nodeproxy,11844,0.01,0.0,15904,5012
198.55555076200005,nodestore,10054,1.21,0.0,21264,11411
198.55555076200005,nodeapiserver,10369,1.67,0.0,244420,232621
198.55555076200005,nodescheduler,11615,0.07,0.0,23256,10902
198.55555076200005,nodecontroller,11294,0.18,0.0,44772,31668
198.55555076200005,nodelet,10742,0.16,0.0,25684,12132
198.55555076200005,nodeproxy,11844,0.01,0.0,15904,5012
199.55760349000002,nodestore,10054,1.22,0.9979514770604297,21264,11411
199.55760349000002,nodeapiserver,10369,1.68,0.9979514770604297,244420,232621
199.55760349000002,nodescheduler,11615,0.07,0.0,23256,10902
199.55760349000002,nodecontroller,11294,0.18,0.0,44772,31668
199.55760349000002,nodelet,10742,0.16,0.0,25684,12132
199.55760349000002,nodeproxy,11844,0.01,0.0,15904,5012
200.55964144899997,nodestore,10054,1.22,0.0,21264,11411
200.55964144899997,nodeapiserver,10369,1.68,0.0,244420,232621
200.55964144899997,nodescheduler,11615,0.07,0.0,23256,10902
200.55964144899997,nodecontroller,11294,0.18,0.0,44772,31668
200.55964144899997,nodelet,10742,0.16,0.0,25684,12132
200.55964144899997,nodeproxy,11844,0.01,0.0,15904,5012
201.56167657499998,nodestore,10054,1.23,0.9979690073259869,21264,11415
201.56167657499998,nodeapiserver,10369,1.69,0.9979690073259869,244420,232621
201.56167657499998,nodescheduler,11615,0.07,0.0,23256,10902
201.56167657499998,nodecontroller,11294,0.18,0.0,44772,31668
201.56167657499998,nodelet,10742,0.16,0.0,25684,12132
201.56167657499998,nodeproxy,11844,0.01,0.0,15904,5012
202.563766278,nodestore,10054,1.23,0.0,21264,11415
202.563766278,nodeapiserver,10369,1.69,0.0,244420,232621
202.563766278,nodescheduler,11615,0.07,0.0,23256,10902
202.563766278,nodecontroller,11294,0.18,0.0,44772,31668
202.563766278,nodelet,10742,0.16,0.0,25684,12132
202.563766278,nodeproxy,11844,0.01,0.0,15904,5012
203.56577963400002,nodestore,10054,1.25,1.9959813789148328,21264,11415
203.56577963400002,nodeapiserver,10369,1.71,1.9959813789148328,244420,232621
203.56577963400002,nodescheduler,11615,0.07,0.0,23256,10902
203.56577963400002,nodecontroller,11294,0.18,0.0,44772,31668
203.56577963400002,nodelet,10742,0.16,0.0,25812,12176
203.56577963400002,nodeproxy,11844,0.01,0.0,15904,5012
204.56790209100006,nodestore,10054,1.25,0.0,21264,11415
204.56790209100006,nodeapiserver,10369,1.71,0.0,244420,232621
204.56790209100006,nodescheduler,11615,0.07,0.0,23256,10902
204.56790209100006,nodecontroller,11294,0.18,0.0,44772,31668
204.56790209100006,nodelet,10742,0.16,0.0,25812,12176
204.56790209100006,nodeproxy,11844,0.01,0.0,15904,5012
205.56997073700006,nodestore,10054,1.25,0.0,21264,11415
205.56997073700006,nodeapiserver,10369,1.72,0.9979356244622009,244420,232621
205.56997073700006,nodescheduler,11615,0.07,0.0,23256,10902
205.56997073700006,nodecontroller,11294,0.18,0.0,44772,31668
205.56997073700006,nodelet,10742,0.16,0.0,25812,12176
205.56997073700006,nodeproxy,11844,0.01,0.0,15904,5012
206.57203936500002,nodestore,10054,1.26,0.9979356423879973,21264,11415
206.57203936500002,nodeapiserver,10369,1.72,0.0,244420,232621
206.57203936500002,nodescheduler,11615,0.07,0.0,23256,10902
206.57203936500002,nodecontroller,11294,0.18,0.0,44772,31668
206.57203936500002,nodelet,10742,0.16,0.0,25812,12176
206.57203936500002,nodeproxy,11844,0.01,0.0,15904,5012
207.57411113600006,nodestore,10054,1.26,0.0,21264,11415
207.57411113600006,nodeapiserver,10369,1.73,0.997932512360901,244420,232621
207.57411113600006,nodescheduler,11615,0.07,0.0,23256,10902
207.57411113600006,nodecontroller,11294,0.18,0.0,44772,31668
207.57411113600006,nodelet,10742,0.16,0.0,25812,12176
207.57411113600006,nodeproxy,11844,0.01,0.0,15904,5012
208.57614543199998,nodestore,10054,1.26,0.0,21264,11415
208.57614543199998,nodeapiserver,10369,1.73,0.0,244420,232621
208.57614543199998,nodescheduler,11615,0.07,0.0,23256,10902
208.57614543199998,nodecontroller,11294,0.19,0.9979698339587372,45028,31836
208.57614543199998,nodelet,10742,0.16,0.0,25812,12176
208.57614543199998,nodeproxy,11844,0.01,0.0,15904,5012
209.57805082599998,nodestore,10054,1.27,0.998098229621863,21264,11415
209.57805082599998,nodeapiserver,10369,1.76,2.994294688865589,244420,232621
209.57805082599998,nodescheduler,11615,0.08,0.998098229621863,23256,10902
209.57805082599998,nodecontroller,11294,0.19,0.0,45028,31836
209.57805082599998,nodelet,10742,0.16,0.0,25812,12176
209.57805082599998,nodeproxy,11844,0.01,0.0,15904,5012
210.580005647,nodestore,10054,1.27,0.0,21264,11415
210.580005647,nodeapiserver,10369,1.76,0.0,244420,232621
210.580005647,nodescheduler,11615,0.08,0.0,23256,10902
210.580005647,nodecontroller,11294,0.19,0.0,45028,31836
210.580005647,nodelet,10742,0.16,0.0,25812,12176
210.580005647,nodeproxy,11844,0.01,0.0,15904,5012
211.581971071,nodestore,10054,1.28,0.9980384313141818,21264,11415
211.581971071,nodeapiserver,10369,1.77,0.9980384313141818,244420,232621
211.581971071,nodescheduler,11615,0.08,0.0,23256,10902
211.581971071,nodecontroller,11294,0.19,0.0,45028,31836
211.581971071,nodelet,10742,0.16,0.0,25812,12176
211.581971071,nodeproxy,11844,0.01,0.0,15904,5012
212.58392243700007,nodestore,10054,1.28,0.0,21264,11415
212.58392243700007,nodeapiserver,10369,1.77,0.0,244420,232621
212.58392243700007,nodescheduler,11615,0.08,0.0,23256,10902
212.58392243700007,nodecontroller,11294,0.19,0.0,45028,31836
212.58392243700007,nodelet,10742,0.16,0.0,25812,12176
212.58392243700007,nodeproxy,11844,0.01,0.0,15904,5012
213.58586600900003,nodestore,10054,1.3,1.9961203962892249,21264,11415
213.58586600900003,nodeapiserver,10369,1.78,0.9980601981446124,244420,232621
213.58586600900003,nodescheduler,11615,0.08,0.0,23256,10902
213.58586600900003,nodecontroller,11294,0.19,0.0,45028,31836
213.58586600900003,nodelet,10742,0.16,0.0,25812,12204
213.58586600900003,nodeproxy,11844,0.01,0.0,15904,5012
214.58785256800002,nodestore,10054,1.3,0.0,21264,11415
214.58785256800002,nodeapiserver,10369,1.78,0.0,244420,232621
214.58785256800002,nodescheduler,11615,0.08,0.0,23256,10902
214.58785256800002,nodecontroller,11294,0.19,0.0,45028,31836
214.58785256800002,nodelet,10742,0.16,0.0,25812,12204
214.58785256800002,nodeproxy,11844,0.01,0.0,15904,5012
215.590100205,nodestore,10054,1.31,0.9977574035427911,21264,11415
215.590100205,nodeapiserver,10369,1.79,0.9977574035427911,244420,232621
215.590100205,nodescheduler,11615,0.09,0.9977574035427911,23256,10902
215.590100205,nodecontroller,11294,0.19,0.0,45028,31836
215.590100205,nodelet,10742,0.16,0.0,25812,12204
215.590100205,nodeproxy,11844,0.01,0.0,15904,5012
216.59208814300007,nodestore,10054,1.31,0.0,21264,11415
216.59208814300007,nodeapiserver,10369,1.79,0.0,244420,232621
216.59208814300007,nodescheduler,11615,0.09,0.0,23256,10902
216.59208814300007,nodecontroller,11294,0.19,0.0,45028,31836
216.59208814300007,nodelet,10742,0.16,0.0,25812,12204
216.59208814300007,nodeproxy,11844,0.01,0.0,15904,5012
217.59408187400004,nodestore,10054,1.32,0.9980102360540911,21264,11419
217.59408187400004,nodeapiserver,10369,1.81,1.9960204721081822,244420,232621
217.59408187400004,nodescheduler,11615,0.09,0.0,23256,10902
217.59408187400004,nodecontroller,11294,0.19,0.0,45028,31836
217.59408187400004,nodelet,10742,0.16,0.0,25812,12204
217.59408187400004,nodeproxy,11844,0.01,0.0,15904,5012
218.596050009,nodestore,10054,1.33,0.9980357309467031,21264,11419
218.596050009,nodeapiserver,10369,1.81,0.0,244420,232621
218.596050009,nodescheduler,11615,0.09,0.0,23256,10902
218.596050009,nodecontroller,11294,0.19,0.0,45028,31836
218.596050009,nodelet,10742,0.16,0.0,25812,12204
218.596050009,nodeproxy,11844,0.01,0.0,15904,5012
219.597934806,nodestore,10054,1.33,0.0,21264,11419
219.597934806,nodeapiserver,10369,1.82,0.9981187487766595,244420,232621
219.597934806,nodescheduler,11615,0.09,0.0,23256,10902
219.597934806,nodecontroller,11294,0.19,0.0,45028,31836
219.597934806,nodelet,10742,0.17,0.9981187487766595,25812,12204
219.597934806,nodeproxy,11844,0.01,0.0,15904,5012
220.59983738000005,nodestore,10054,1.33,0.0,21264,11419
220.59983738000005,nodeapiserver,10369,1.82,0.0,244420,232621
220.59983738000005,nodescheduler,11615,0.09,0.0,23256,10902
220.59983738000005,nodecontroller,11294,0.19,0.0,45028,31836
220.59983738000005,nodelet,10742,0.17,0.0,25812,12204
220.59983738000005,nodeproxy,11844,0.01,0.0,15904,5012
221.60174309700005,nodestore,10054,1.34,0.9980979078493474,21264,11419
221.60174309700005,nodeapiserver,10369,1.83,0.9980979078493474,244420,232621
221.60174309700005,nodescheduler,11615,0.09,0.0,23256,10902
221.60174309700005,nodecontroller,11294,0.19,0.0,45028,31836
221.60174309700005,nodelet,10742,0.17,0.0,25812,12204
221.60174309700005,nodeproxy,11844,0.01,0.0,15904,5012
222.60364954300007,nodestore,10054,1.34,0.0,21264,11419
222.60364954300007,nodeapiserver,10369,1.83,0.0,244420,232621
222.60364954300007,nodescheduler,11615,0.09,0.0,23256,10902
222.60364954300007,nodecontroller,11294,0.19,0.0,45028,31836
222.60364954300007,nodelet,10742,0.17,0.0,25812,12204
222.60364954300007,nodeproxy,11844,0.01,0.0,15904,5012
223.60555885500003,nodestore,10054,1.36,1.9961886530505615,21264,11419
223.60555885500003,nodeapiserver,10369,1.85,1.9961886530505615,244420,232621
223.60555885500003,nodescheduler,11615,0.09,0.0,23256,10902
223.60555885500003,nodecontroller,11294,0.2,0.9980943265252807,45028,31836
223.60555885500003,nodelet,10742,0.17,0.0,25812,12204
223.60555885500003,nodeproxy,11844,0.01,0.0,15904,5012
224.607453964,nodestore,10054,1.36,0.0,21264,11419
224.607453964,nodeapiserver,10369,1.85,0.0,244420,232621
224.607453964,nodescheduler,11615,0.09,0.0,23256,10902
224.607453964,nodecontroller,11294,0.2,0.0,45028,31836
224.607453964,nodelet,10742,0.17,0.0,25812,12204
224.607453964,nodeproxy,11844,0.01,0.0,15904,5012
225.609429987,nodestore,10054,1.37,0.9980278739664038,21264,11419
225.609429987,nodeapiserver,10369,1.87,1.9960557479328076,244420,232621
225.609429987,nodescheduler,11615,0.09,0.0,23256,10902
225.609429987,nodecontroller,11294,0.2,0.0,45028,31836
225.609429987,nodelet,10742,0.17,0.0,25812,12204
225.609429987,nodeproxy,11844,0.01,0.0,15904,5012
226.61132255200005,nodestore,10054,1.37,0.0,21264,11419
226.61132255200005,nodeapiserver,10369,1.87,0.0,244420,232621
226.61132255200005,nodescheduler,11615,0.09,0.0,23256,10902
226.61132255200005,nodecontroller,11294,0.2,0.0,45028,31836
226.61132255200005,nodelet,10742,0.17,0.0,25812,12204
226.61132255200005,nodeproxy,11844,0.01,0.0,15904,5012
227.613268566,nodestore,10054,1.38,0.9980577656153626,21264,11419
227.613268566,nodeapiserver,10369,1.88,0.9980577656153626,244420,232621
227.613268566,nodescheduler,11615,0.09,0.0,23256,10902
227.613268566,nodecontroller,11294,0.2,0.0,45028,31836
227.613268566,nodelet,10742,0.17,0.0,25812,12204
227.613268566,nodeproxy,11844,0.01,0.0,15904,5012
228.61515430200006,nodestore,10054,1.38,0.0,21264,11419
228.61515430200006,nodeapiserver,10369,1.88,0.0,244420,232621
228.61515430200006,nodescheduler,11615,0.09,0.0,23256,10902
228.61515430200006,nodecontroller,11294,0.2,0.0,45028,31836
228.61515430200006,nodelet,10742,0.17,0.0,25812,12204
228.61515430200006,nodeproxy,11844,0.01,0.0,15904,5012
229.61708838699997,nodestore,10054,1.39,0.9980696484640477,21392,11427
229.61708838699997,nodeapiserver,10369,1.9,1.9961392969280953,244420,232621
229.61708838699997,nodescheduler,11615,0.09,0.0,23256,10902
229.61708838699997,nodecontroller,11294,0.2,0.0,45028,31836
229.61708838699997,nodelet,10742,0.17,0.0,25812,12204
229.61708838699997,nodeproxy,11844,0.01,0.0,15904,5012
230.619001281,nodestore,10054,1.39,0.0,21392,11427
230.619001281,nodeapiserver,10369,1.9,0.0,244420,232621
230.619001281,nodescheduler,11615,0.09,0.0,23256,10902
230.619001281,nodecontroller,11294,0.2,0.0,45028,31836
230.619001281,nodelet,10742,0.17,0.0,25812,12204
230.619001281,nodeproxy,11844,0.01,0.0,15904,5012
231.62093180800002,nodestore,10054,1.39,0.0,21392,11427
231.62093180800002,nodeapiserver,10369,1.91,0.9980731927534002,244420,232621
231.62093180800002,nodescheduler,11615,0.09,0.0,23256,10902
231.62093180800002,nodecontroller,11294,0.21,0.9980731927534002,45028,31836
231.62093180800002,nodelet,10742,0.17,0.0,25812,12204
231.62093180800002,nodeproxy,11844,0.01,0.0,15904,5012
232.62284371200008,nodestore,10054,1.39,0.0,21392,11427
232.62284371200008,nodeapiserver,10369,1.91,0.0,244420,232621
232.62284371200008,nodescheduler,11615,0.09,0.0,23256,10902
232.62284371200008,nodecontroller,11294,0.21,0.0,45028,31836
232.62284371200008,nodelet,10742,0.17,0.0,25812,12204
232.62284371200008,nodeproxy,11844,0.01,0.0,15904,5012
233.62480437700003,nodestore,10054,1.41,1.996086343369665,21392,11427
233.62480437700003,nodeapiserver,10369,1.93,1.996086343369665,244420,232621
233.62480437700003,nodescheduler,11615,0.09,0.0,23256,10902
233.62480437700003,nodecontroller,11294,0.21,0.0,45028,31836
233.62480437700003,nodelet,10742,0.17,0.0,25812,12204
233.62480437700003,nodeproxy,11844,0.01,0.0,15904,5012
234.62675412500005,nodestore,10054,1.42,0.9980540461196709,21392,11427
234.62675412500005,nodeapiserver,10369,1.93,0.0,244420,232621
234.62675412500005,nodescheduler,11615,0.09,0.0,23256,10902
234.62675412500005,nodecontroller,11294,0.21,0.0,45028,31836
234.62675412500005,nodelet,10742,0.17,0.0,25812,12204
234.62675412500005,nodeproxy,11844,0.01,0.0,15904,5012
235.62872937999998,nodestore,10054,1.42,0.0,21392,11427
235.62872937999998,nodeapiserver,10369,1.94,0.9980286389408548,244420,232621
235.62872937999998,nodescheduler,11615,0.09,0.0,23256,10902
235.62872937999998,nodecontroller,11294,0.21,0.0,45028,31836
235.62872937999998,nodelet,10742,0.17,0.0,25812,12204
235.62872937999998,nodeproxy,11844,0.01,0.0,15904,5012
236.63061107400006,nodestore,10054,1.42,0.0,21392,11427
236.63061107400006,nodeapiserver,10369,1.94,0.0,244420,232621
236.63061107400006,nodescheduler,11615,0.09,0.0,23256,10902
236.63061107400006,nodecontroller,11294,0.21,0.0,45028,31836
236.63061107400006,nodelet,10742,0.17,0.0,25812,12204
236.63061107400006,nodeproxy,11844,0.01,0.0,15904,5012
237.63248115199997,nodestore,10054,1.43,0.9981334126640011,21392,11427
237.63248115199997,nodeapiserver,10369,1.95,0.9981334126640011,244420,232621
237.63248115199997,nodescheduler,11615,0.09,0.0,23256,10902
237.63248115199997,nodecontroller,11294,0.21,0.0,45028,31836
237.63248115199997,nodelet,10742,0.17,0.0,25812,12204
237.63248115199997,nodeproxy,11844,0.01,0.0,15904,5012
238.63440564899997,nodestore,10054,1.43,0.0,21392,11427
238.63440564899997,nodeapiserver,10369,1.95,0.0,244420,232621
238.63440564899997,nodescheduler,11615,0.09,0.0,23256,10902
238.63440564899997,nodecontroller,11294,0.21,0.0,45028,31836
238.63440564899997,nodelet,10742,0.17,0.0,25812,12204
238.63440564899997,nodeproxy,11844,0.01,0.0,15904,5012
239.63628341800006,nodestore,10054,1.44,0.998125750407694,21392,11427
239.63628341800006,nodeapiserver,10369,1.97,1.996251500815388,244420,232621
239.63628341800006,nodescheduler,11615,0.09,0.0,23256,10902
239.63628341800006,nodecontroller,11294,0.21,0.0,45028,31836
239.63628341800006,nodelet,10742,0.18,0.998125750407694,25812,12204
239.63628341800006,nodeproxy,11844,0.01,0.0,15904,5012
240.63811048900004,nodestore,10054,1.44,0.0,21392,11427
240.63811048900004,nodeapiserver,10369,1.97,0.0,244420,232621
240.63811048900004,nodescheduler,11615,0.09,0.0,23256,10902
240.63811048900004,nodecontroller,11294,0.21,0.0,45028,31836
240.63811048900004,nodelet,10742,0.18,0.0,25812,12204
240.63811048900004,nodeproxy,11844,0.01,0.0,15904,5012
241.640017134,nodestore,10054,1.47,2.9942909501314983,21392,11431
241.640017134,nodeapiserver,10369,1.99,1.996193966754332,244420,232621
241.640017134,nodescheduler,11615,0.09,0.0,23256,10926
241.640017134,nodecontroller,11294,0.21,0.0,45028,31916
241.640017134,nodelet,10742,0.18,0.0,25812,12204
241.640017134,nodeproxy,11844,0.01,0.0,15904,5012
242.64191726500007,nodestore,10054,1.47,0.0,21392,11431
242.64191726500007,nodeapiserver,10369,1.99,0.0,244420,232621
242.64191726500007,nodescheduler,11615,0.09,0.0,23256,10926
242.64191726500007,nodecontroller,11294,0.21,0.0,45028,31916
242.64191726500007,nodelet,10742,0.18,0.0,25812,12204
242.64191726500007,nodeproxy,11844,0.01,0.0,15904,5012
243.643811896,nodestore,10054,1.48,0.9981089518385553,21392,11431
243.643811896,nodeapiserver,10369,2.01,1.9962179036771106,244420,232621
243.643811896,nodescheduler,11615,0.09,0.0,23256,10926
243.643811896,nodecontroller,11294,0.21,0.0,45028,31924
243.643811896,nodelet,10742,0.18,0.0,25812,12204
243.643811896,nodeproxy,11844,0.01,0.0,15904,5012
244.64570355800004,nodestore,10054,1.48,0.0,21392,11431
244.64570355800004,nodeapiserver,10369,2.01,0.0,244420,232621
244.64570355800004,nodescheduler,11615,0.09,0.0,23256,10926
244.64570355800004,nodecontroller,11294,0.21,0.0,45028,31924
244.64570355800004,nodelet,10742,0.18,0.0,25812,12204
244.64570355800004,nodeproxy,11844,0.01,0.0,15904,5012
245.64765455600002,nodestore,10054,1.49,0.9980528009814069,21392,11431
245.64765455600002,nodeapiserver,10369,2.02,0.9980528009814069,244420,232621
245.64765455600002,nodescheduler,11615,0.09,0.0,23256,10926
245.64765455600002,nodecontroller,11294,0.21,0.0,45028,31924
245.64765455600002,nodelet,10742,0.18,0.0,25812,12204
245.64765455600002,nodeproxy,11844,0.01,0.0,15904,5012
246.64957718699998,nodestore,10054,1.49,0.0,21392,11431
246.64957718699998,nodeapiserver,10369,2.02,0.0,244420,232621
246.64957718699998,nodescheduler,11615,0.09,0.0,23256,10926
246.64957718699998,nodecontroller,11294,0.21,0.0,45028,31924
246.64957718699998,nodelet,10742,0.18,0.0,25812,12204
246.64957718699998,nodeproxy,11844,0.01,0.0,15904,5012
247.65144058200008,nodestore,10054,1.5,0.9981400707827037,21392,11431
247.65144058200008,nodeapiserver,10369,2.03,0.9981400707827037,244420,232621
247.65144058200008,nodescheduler,11615,0.1,0.9981400707827037,23256,10926
247.65144058200008,nodecontroller,11294,0.21,0.0,45028,31924
247.65144058200008,nodelet,10742,0.18,0.0,25812,12204
247.65144058200008,nodeproxy,11844,0.01,0.0,15904,5012
248.653345286,nodestore,10054,1.5,0.0,21392,11431
248.653345286,nodeapiserver,10369,2.03,0.0,244420,232621
248.653345286,nodescheduler,11615,0.1,0.0,23256,10926
248.653345286,nodecontroller,11294,0.21,0.0,45028,31924
248.653345286,nodelet,10742,0.18,0.0,25812,12204
248.653345286,nodeproxy,11844,0.01,0.0,15904,5012
249.65519190400005,nodestore,10054,1.51,0.9981567857126223,21392,11431
249.65519190400005,nodeapiserver,10369,2.05,1.9963135714252447,244420,232621
249.65519190400005,nodescheduler,11615,0.1,0.0,23256,10926
249.65519190400005,nodecontroller,11294,0.22,0.9981567857126223,45028,31924
249.65519190400005,nodelet,10742,0.18,0.0,25812,12204
249.65519190400005,nodeproxy,11844,0.01,0.0,15904,5012
250.65703426100004,nodestore,10054,1.51,0.0,21392,11431
250.65703426100004,nodeapiserver,10369,2.05,0.0,244420,232621
250.65703426100004,nodescheduler,11615,0.1,0.0,23256,10926
250.65703426100004,nodecontroller,11294,0.22,0.0,45028,31924
250.65703426100004,nodelet,10742,0.18,0.0,25812,12204
250.65703426100004,nodeproxy,11844,0.01,0.0,15904,5012
251.65888586699998,nodestore,10054,1.53,1.9963036322168741,21392,11431
251.65888586699998,nodeapiserver,10369,2.06,0.9981518161084371,244420,232621
251.65888586699998,nodescheduler,11615,0.1,0.0,23256,10926
251.65888586699998,nodecontroller,11294,0.22,0.0,45028,31924
251.65888586699998,nodelet,10742,0.18,0.0,25812,12204
251.65888586699998,nodeproxy,11844,0.01,0.0,15904,5012
252.66076913799998,nodestore,10054,1.53,0.0,21392,11432
252.66076913799998,nodeapiserver,10369,2.06,0.0,244420,232622
252.66076913799998,nodescheduler,11615,0.1,0.0,23256,10927
252.66076913799998,nodecontroller,11294,0.22,0.0,45028,31925
252.66076913799998,nodelet,10742,0.18,0.0,25812,12205
252.66076913799998,nodeproxy,11844,0.01,0.0,15904,5013
253.66261492600006,nodestore,10054,1.54,0.9981576126563679,21520,11436
253.66261492600006,nodeapiserver,10369,2.09,2.994472837969104,244420,232622
253.66261492600006,nodescheduler,11615,0.1,0.0,23256,10921
253.66261492600006,nodecontroller,11294,0.22,0.0,45028,31909
253.66261492600006,nodelet,10742,0.19,0.9981576126563679,25940,12267
253.66261492600006,nodeproxy,11844,0.01,0.0,15904,5013
254.66445026100007,nodestore,10054,1.54,0.0,21520,11436
254.66445026100007,nodeapiserver,10369,2.09,0.0,244420,232622
254.66445026100007,nodescheduler,11615,0.1,0.0,23256,10921
254.66445026100007,nodecontroller,11294,0.22,0.0,45028,31909
254.66445026100007,nodelet,10742,0.19,0.0,25940,12267
254.66445026100007,nodeproxy,11844,0.01,0.0,15904,5013
255.66631280900003,nodestore,10054,1.55,0.9981409146357642,21520,11436
255.66631280900003,nodeapiserver,10369,2.1,0.9981409146357642,244420,232622
255.66631280900003,nodescheduler,11615,0.1,0.0,23256,10921
255.66631280900003,nodecontroller,11294,0.23,0.9981409146357642,45028,31909
255.66631280900003,nodelet,10742,0.19,0.0,25940,12267
255.66631280900003,nodeproxy,11844,0.01,0.0,15904,5013
256.66815578800004,nodestore,10054,1.55,0.0,21520,11436
256.66815578800004,nodeapiserver,10369,2.11,0.998160411323297,244420,232622
256.66815578800004,nodescheduler,11615,0.1,0.0,23256,10921
256.66815578800004,nodecontroller,11294,0.23,0.0,45028,31909
256.66815578800004,nodelet,10742,0.19,0.0,25940,12235
256.66815578800004,nodeproxy,11844,0.01,0.0,15904,5049
257.67000308900003,nodestore,10054,1.56,0.998156105228657,21520,11436
257.67000308900003,nodeapiserver,10369,2.12,0.998156105228657,244420,232622
257.67000308900003,nodescheduler,11615,0.1,0.0,23256,10921
257.67000308900003,nodecontroller,11294,0.23,0.0,45028,31909
257.67000308900003,nodelet,10742,0.19,0.0,25940,12235
257.67000308900003,nodeproxy,11844,0.01,0.0,15904,5049
258.67182638200006,nodestore,10054,1.56,0.0,21520,11436
258.67182638200006,nodeapiserver,10369,2.12,0.0,244420,232622
258.67182638200006,nodescheduler,11615,0.1,0.0,23256,10921
258.67182638200006,nodecontroller,11294,0.23,0.0,45028,31909
258.67182638200006,nodelet,10742,0.19,0.0,25940,12235
258.67182638200006,nodeproxy,11844,0.01,0.0,15904,5049
259.67372453200005,nodestore,10054,1.57,0.9981054461474071,21520,11436
259.67372453200005,nodeapiserver,10369,2.14,1.9962108922948143,244420,232622
259.67372453200005,nodescheduler,11615,0.1,0.0,23256,10921
259.67372453200005,nodecontroller,11294,0.23,0.0,45028,31909
259.67372453200005,nodelet,10742,0.19,0.0,25940,12235
259.67372453200005,nodeproxy,11844,0.01,0.0,15904,5049
260.675554067,nodestore,10054,1.57,0.0,21520,11436
260.675554067,nodeapiserver,10369,2.14,0.0,244420,232622
260.675554067,nodescheduler,11615,0.1,0.0,23256,10921
260.675554067,nodecontroller,11294,0.23,0.0,45028,31909
260.675554067,nodelet,10742,0.19,0.0,25940,12235
260.675554067,nodeproxy,11844,0.01,0.0,15904,5049
261.677452982,nodestore,10054,1.58,0.9981046840439289,21520,11436
261.677452982,nodeapiserver,10369,2.15,0.9981046840439289,244420,232622
261.677452982,nodescheduler,11615,0.1,0.0,23256,10921
261.677452982,nodecontroller,11294,0.23,0.0,45028,31909
261.677452982,nodelet,10742,0.19,0.0,25940,12235
261.677452982,nodeproxy,11844,0.01,0.0,15904,5049
262.679339389,nodestore,10054,1.58,0.0,21520,11436
262.679339389,nodeapiserver,10369,2.15,0.0,244420,232622
262.679339389,nodescheduler,11615,0.1,0.0,23256,10921
262.679339389,nodecontroller,11294,0.23,0.0,45028,31909
262.679339389,nodelet,10742,0.19,0.0,25940,12235
262.679339389,nodeproxy,11844,0.01,0.0,15904,5049
263.68127206300005,nodestore,10054,1.61,2.9942131620710724,21520,11440
263.68127206300005,nodeapiserver,10369,2.17,1.9961421080473816,244420,232622
263.68127206300005,nodescheduler,11615,0.1,0.0,23256,10921
263.68127206300005,nodecontroller,11294,0.24,0.9980710540236908,45028,31909
263.68127206300005,nodelet,10742,0.2,0.9980710540236908,25940,12247
263.68127206300005,nodeproxy,11844,0.01,0.0,15904,5049
264.68316851,nodestore,10054,1.61,0.0,21520,11440
264.68316851,nodeapiserver,10369,2.17,0.0,244420,232622
264.68316851,nodescheduler,11615,0.1,0.0,23256,10921
264.68316851,nodecontroller,11294,0.24,0.0,45028,31909
264.68316851,nodelet,10742,0.2,0.0,25940,12247
264.68316851,nodeproxy,11844,0.01,0.0,15904,5049
265.685005166,nodestore,10054,1.64,2.9945001333629886,21520,11436
265.685005166,nodeapiserver,10369,2.23,5.989000266725977,244420,232622
265.685005166,nodescheduler,11615,0.1,0.0,23256,10921
265.685005166,nodecontroller,11294,0.24,0.0,45028,31946
265.685005166,nodelet,10742,0.2,0.0,25940,12237
265.685005166,nodeproxy,11844,0.01,0.0,15904,5038
266.68688157300005,nodestore,10054,1.64,0.0,21520,11436
266.68688157300005,nodeapiserver,10369,2.24,0.9981271073089016,244420,232622
266.68688157300005,nodescheduler,11615,0.1,0.0,23256,10921
266.68688157300005,nodecontroller,11294,0.24,0.0,45028,31946
266.68688157300005,nodelet,10742,0.2,0.0,25940,12237
266.68688157300005,nodeproxy,11844,0.01,0.0,15904,5038
267.68880007100006,nodestore,10054,1.65,0.998085175586798,21520,11436
267.68880007100006,nodeapiserver,10369,2.25,0.998085175586798,244420,232622
267.68880007100006,nodescheduler,11615,0.1,0.0,23256,10921
267.68880007100006,nodecontroller,11294,0.24,0.0,45156,31950
267.68880007100006,nodelet,10742,0.2,0.0,25940,12237
267.68880007100006,nodeproxy,11844,0.01,0.0,15904,5038
268.69069892699997,nodestore,10054,1.67,1.99620948564111,21520,11444
268.69069892699997,nodeapiserver,10369,2.29,3.99241897128222,244344,232478
268.69069892699997,nodescheduler,11615,0.1,0.0,23256,10925
268.69069892699997,nodecontroller,11294,0.24,0.0,45156,31950
268.69069892699997,nodelet,10742,0.2,0.0,25940,12237
268.69069892699997,nodeproxy,11844,0.01,0.0,15904,5038
269.692533091,nodestore,10054,1.68,0.9981691939984573,21520,11444
269.692533091,nodeapiserver,10369,2.3,0.9981691939984573,244344,232478
269.692533091,nodescheduler,11615,0.1,0.0,23256,10925
269.692533091,nodecontroller,11294,0.24,0.0,45156,31950
269.692533091,nodelet,10742,0.2,0.0,25940,12237
269.692533091,nodeproxy,11844,0.01,0.0,15904,5038
270.69444159700004,nodestore,10054,1.68,0.0,21520,11444
270.69444159700004,nodeapiserver,10369,2.3,0.0,244344,232478
270.69444159700004,nodescheduler,11615,0.1,0.0,23256,10925
270.69444159700004,nodecontroller,11294,0.24,0.0,45156,31950
270.69444159700004,nodelet,10742,0.2,0.0,25940,12237
270.69444159700004,nodeproxy,11844,0.01,0.0,15904,5038
271.69627889599997,nodestore,10054,1.7,1.9963321409538959,21520,11444
271.69627889599997,nodeapiserver,10369,2.31,0.9981660704769479,244344,232478
271.69627889599997,nodescheduler,11615,0.1,0.0,23256,10925
271.69627889599997,nodecontroller,11294,0.24,0.0,45156,31954
271.69627889599997,nodelet,10742,0.2,0.0,25940,12237
271.69627889599997,nodeproxy,11844,0.01,0.0,15904,5038
272.69819309700006,nodestore,10054,1.7,0.0,21520,11444
272.69819309700006,nodeapiserver,10369,2.31,0.0,244344,232478
272.69819309700006,nodescheduler,11615,0.1,0.0,23256,10925
272.69819309700006,nodecontroller,11294,0.24,0.0,45156,31954
272.69819309700006,nodelet,10742,0.2,0.0,25940,12237
272.69819309700006,nodeproxy,11844,0.01,0.0,15904,5038
273.70006168,nodestore,10054,1.71,0.9981349020903286,21520,11444
273.70006168,nodeapiserver,10369,2.34,2.994404706270986,244344,232478
273.70006168,nodescheduler,11615,0.1,0.0,23256,10925
273.70006168,nodecontroller,11294,0.24,0.0,45156,31954
273.70006168,nodelet,10742,0.2,0.0,25940,12225
273.70006168,nodeproxy,11844,0.01,0.0,15904,5038
274.701903323,nodestore,10054,1.71,0.0,21520,11444
274.701903323,nodeapiserver,10369,2.34,0.0,244344,232478
274.701903323,nodescheduler,11615,0.1,0.0,23256,10925
274.701903323,nodecontroller,11294,0.24,0.0,45156,31954
274.701903323,nodelet,10742,0.2,0.0,25940,12225
274.701903323,nodeproxy,11844,0.01,0.0,15904,5038
275.703757442,nodestore,10054,1.72,0.998149312395079,21520,11444
275.703757442,nodeapiserver,10369,2.36,1.996298624790158,244344,232478
275.703757442,nodescheduler,11615,0.11,0.998149312395079,23256,10929
275.703757442,nodecontroller,11294,0.24,0.0,45156,31970
275.703757442,nodelet,10742,0.2,0.0,25940,12225
275.703757442,nodeproxy,11844,0.01,0.0,15904,5038
276.705636603,nodestore,10054,1.72,0.0,21520,11444
276.705636603,nodeapiserver,10369,2.37,0.998124363622697,244344,232478
276.705636603,nodescheduler,11615,0.11,0.0,23256,10929
276.705636603,nodecontroller,11294,0.25,0.998124363622697,45284,32082
276.705636603,nodelet,10742,0.2,0.0,25940,12225
276.705636603,nodeproxy,11844,0.01,0.0,15904,5038
277.7075037430001,nodestore,10054,1.73,0.9981363397146069,21520,11444
277.7075037430001,nodeapiserver,10369,2.39,1.9962726794292138,244344,232478
277.7075037430001,nodescheduler,11615,0.11,0.0,23256,10929
277.7075037430001,nodecontroller,11294,0.25,0.0,45284,32086
277.7075037430001,nodelet,10742,0.2,0.0,25940,12225
277.7075037430001,nodeproxy,11844,0.01,0.0,15904,5038
278.70936861000007,nodestore,10054,1.74,0.998138604255503,21520,11444
278.70936861000007,nodeapiserver,10369,2.39,0.0,244344,232478
278.70936861000007,nodescheduler,11615,0.11,0.0,23256,10929
278.70936861000007,nodecontroller,11294,0.25,0.0,45284,32086
278.70936861000007,nodelet,10742,0.2,0.0,25940,12225
278.70936861000007,nodeproxy,11844,0.01,0.0,15904,5038
279.711221368,nodestore,10054,1.75,0.9981506683640557,21520,11444
279.711221368,nodeapiserver,10369,2.4,0.9981506683640557,244344,232478
279.711221368,nodescheduler,11615,0.11,0.0,23256,10929
279.711221368,nodecontroller,11294,0.25,0.0,45284,32086
279.711221368,nodelet,10742,0.2,0.0,25940,12225
279.711221368,nodeproxy,11844,0.01,0.0,15904,5038
280.71312516500006,nodestore,10054,1.75,0.0,21520,11444
280.71312516500006,nodeapiserver,10369,2.4,0.0,244344,232478
280.71312516500006,nodescheduler,11615,0.11,0.0,23256,10929
280.71312516500006,nodecontroller,11294,0.25,0.0,45284,32086
280.71312516500006,nodelet,10742,0.2,0.0,25940,12225
280.71312516500006,nodeproxy,11844,0.01,0.0,15904,5038
281.7150619380001,nodestore,10054,1.76,0.9980669708386766,21520,11444
281.7150619380001,nodeapiserver,10369,2.41,0.9980669708386766,244344,232478
281.7150619380001,nodescheduler,11615,0.11,0.0,23256,10929
281.7150619380001,nodecontroller,11294,0.26,0.9980669708386766,45284,32090
281.7150619380001,nodelet,10742,0.2,0.0,25940,12225
281.7150619380001,nodeproxy,11844,0.01,0.0,15904,5038
282.71699484600003,nodestore,10054,1.76,0.0,21520,11444
282.71699484600003,nodeapiserver,10369,2.42,0.9980708209257081,244344,232478
282.71699484600003,nodescheduler,11615,0.11,0.0,23256,10929
282.71699484600003,nodecontroller,11294,0.26,0.0,45284,32090
282.71699484600003,nodelet,10742,0.2,0.0,25940,12225
282.71699484600003,nodeproxy,11844,0.01,0.0,15904,5038
283.71899218199997,nodestore,10054,1.78,1.996013290797948,21520,11444
283.71899218199997,nodeapiserver,10369,2.43,0.998006645398974,244344,232478
283.71899218199997,nodescheduler,11615,0.11,0.0,23256,10929
283.71899218199997,nodecontroller,11294,0.26,0.0,45284,32090
283.71899218199997,nodelet,10742,0.2,0.0,25940,12237
283.71899218199997,nodeproxy,11844,0.01,0.0,15904,5038
284.720919868,nodestore,10054,1.78,0.0,21520,11452
284.720919868,nodeapiserver,10369,2.44,0.9980760228238224,244344,232478
284.720919868,nodescheduler,11615,0.11,0.0,23256,10929
284.720919868,nodecontroller,11294,0.26,0.0,45284,32090
284.720919868,nodelet,10742,0.2,0.0,25940,12237
284.720919868,nodeproxy,11844,0.01,0.0,15904,5038
285.7228397020001,nodestore,10054,1.79,0.9980838447000032,21520,11452
285.7228397020001,nodeapiserver,10369,2.46,1.9961676894000064,244344,232478
285.7228397020001,nodescheduler,11615,0.11,0.0,23256,10929
285.7228397020001,nodecontroller,11294,0.26,0.0,45284,32090
285.7228397020001,nodelet,10742,0.2,0.0,25940,12237
285.7228397020001,nodeproxy,11844,0.01,0.0,15904,5038
286.72481472999993,nodestore,10054,1.79,0.0,21520,11452
286.72481472999993,nodeapiserver,10369,2.46,0.0,244344,232478
286.72481472999993,nodescheduler,11615,0.11,0.0,23256,10929
286.72481472999993,nodecontroller,11294,0.26,0.0,45284,32090
286.72481472999993,nodelet,10742,0.2,0.0,25940,12237
286.72481472999993,nodeproxy,11844,0.01,0.0,15904,5038
287.72673918600003,nodestore,10054,1.81,1.9961584808344135,21520,11452
287.72673918600003,nodeapiserver,10369,2.47,0.9980792404172067,244344,232478
287.72673918600003,nodescheduler,11615,0.11,0.0,23256,10929
287.72673918600003,nodecontroller,11294,0.26,0.0,45284,32094
287.72673918600003,nodelet,10742,0.2,0.0,25940,12237
287.72673918600003,nodeproxy,11844,0.01,0.0,15904,5038
288.7286733149999,nodestore,10054,1.81,0.0,21520,11452
288.7286733149999,nodeapiserver,10369,2.47,0.0,244344,232478
288.7286733149999,nodescheduler,11615,0.11,0.0,23256,10929
288.7286733149999,nodecontroller,11294,0.26,0.0,45284,32094
288.7286733149999,nodelet,10742,0.2,0.0,25940,12237
288.7286733149999,nodeproxy,11844,0.01,0.0,15904,5038
289.7306070479999,nodestore,10054,1.82,0.9980699991064308,21520,11456
289.7306070479999,nodeapiserver,10369,2.48,0.9980699991064308,244344,232478
289.7306070479999,nodescheduler,11615,0.11,0.0,23256,10929
289.7306070479999,nodecontroller,11294,0.26,0.0,45284,32094
289.7306070479999,nodelet,10742,0.2,0.0,25940,12237
289.7306070479999,nodeproxy,11844,0.01,0.0,15904,5038
290.7325154770001,nodestore,10054,1.82,0.0,21520,11456
290.7325154770001,nodeapiserver,10369,2.49,0.9980952061636011,244344,232478
290.7325154770001,nodescheduler,11615,0.11,0.0,23256,10929
290.7325154770001,nodecontroller,11294,0.26,0.0,45284,32030
290.7325154770001,nodelet,10742,0.21,0.9980952061636011,25940,12237
290.7325154770001,nodeproxy,11844,0.01,0.0,15904,5038
291.73443934600004,nodestore,10054,1.83,0.9980798251649013,21520,11456
291.73443934600004,nodeapiserver,10369,2.51,1.9961596503298027,244344,232478
291.73443934600004,nodescheduler,11615,0.11,0.0,23256,10929
291.73443934600004,nodecontroller,11294,0.26,0.0,45284,32034
291.73443934600004,nodelet,10742,0.21,0.0,25940,12237
291.73443934600004,nodeproxy,11844,0.01,0.0,15904,5038
292.7363110210001,nodestore,10054,1.83,0.0,21520,11456
292.7363110210001,nodeapiserver,10369,2.51,0.0,244344,232478
292.7363110210001,nodescheduler,11615,0.11,0.0,23256,10929
292.7363110210001,nodecontroller,11294,0.27,0.9981318216226895,45284,32038
292.7363110210001,nodelet,10742,0.21,0.0,25940,12237
292.7363110210001,nodeproxy,11844,0.01,0.0,15904,5038
293.7382372090001,nodestore,10054,1.85,1.9961550301348738,21520,11456
293.7382372090001,nodeapiserver,10369,2.54,2.9942325452023106,244344,232478
293.7382372090001,nodescheduler,11615,0.11,0.0,23256,10929
293.7382372090001,nodecontroller,11294,0.27,0.0,45284,32038
293.7382372090001,nodelet,10742,0.22,0.9980775150674369,26068,12313
293.7382372090001,nodeproxy,11844,0.01,0.0,15904,5038
294.74017870500006,nodestore,10054,1.85,0.0,21520,11456
294.74017870500006,nodeapiserver,10369,2.54,0.0,244344,232478
294.74017870500006,nodescheduler,11615,0.11,0.0,23256,10929
294.74017870500006,nodecontroller,11294,0.27,0.0,45284,32038
294.74017870500006,nodelet,10742,0.22,0.0,26068,12313
294.74017870500006,nodeproxy,11844,0.01,0.0,15904,5038
295.74207632499997,nodestore,10054,1.86,0.9981059741414408,21520,11456
295.74207632499997,nodeapiserver,10369,2.55,0.9981059741414408,244344,232478
295.74207632499997,nodescheduler,11615,0.11,0.0,23256,10929
295.74207632499997,nodecontroller,11294,0.27,0.0,45284,32038
295.74207632499997,nodelet,10742,0.22,0.0,26068,12313
295.74207632499997,nodeproxy,11844,0.01,0.0,15904,5038
296.74397213099996,nodestore,10054,1.86,0.0,21520,11456
296.74397213099996,nodeapiserver,10369,2.55,0.0,244344,232478
296.74397213099996,nodescheduler,11615,0.11,0.0,23256,10929
296.74397213099996,nodecontroller,11294,0.27,0.0,45284,32038
296.74397213099996,nodelet,10742,0.22,0.0,26068,12313
296.74397213099996,nodeproxy,11844,0.01,0.0,15904,5038
297.745906183,nodestore,10054,1.87,0.9980696813366474,21520,11456
297.745906183,nodeapiserver,10369,2.56,0.9980696813366474,244344,232478
297.745906183,nodescheduler,11615,0.11,0.0,23256,10929
297.745906183,nodecontroller,11294,0.27,0.0,45284,32038
297.745906183,nodelet,10742,0.22,0.0,26068,12313
297.745906183,nodeproxy,11844,0.01,0.0,15904,5038
298.74781334,nodestore,10054,1.87,0.0,21520,11456
298.74781334,nodeapiserver,10369,2.56,0.0,244344,232478
298.74781334,nodescheduler,11615,0.11,0.0,23256,10929
298.74781334,nodecontroller,11294,0.27,0.0,45284,32038
298.74781334,nodelet,10742,0.22,0.0,26068,12313
298.74781334,nodeproxy,11844,0.01,0.0,15904,5038
299.7497016530001,nodestore,10054,1.89,1.996230492010723,21520,11456
299.7497016530001,nodeapiserver,10369,2.58,1.996230492010723,244344,232478
299.7497016530001,nodescheduler,11615,0.11,0.0,23256,10933
299.7497016530001,nodecontroller,11294,0.27,0.0,45284,32038
299.7497016530001,nodelet,10742,0.22,0.0,26068,12313
299.7497016530001,nodeproxy,11844,0.01,0.0,15904,5038
300.75153619499997,nodestore,10054,1.89,0.0,21520,11457
300.75153619499997,nodeapiserver,10369,2.58,0.0,244344,232479
300.75153619499997,nodescheduler,11615,0.11,0.0,23256,10934
300.75153619499997,nodecontroller,11294,0.27,0.0,45284,32040
300.75153619499997,nodelet,10742,0.22,0.0,26068,12314
300.75153619499997,nodeproxy,11844,0.01,0.0,15904,5039
