elapsed_seconds,component,pid,cpu_seconds,cpu_pct_one_core,rss_kib,pss_kib
1.0001881869999352,nodestore,4306,0.11,10.997930332485234,61556,62108
1.0001881869999352,nodeapiserver,4263,0.3,29.994355452232455,337260,337376
1.0001881869999352,nodescheduler,4298,0.01,0.9998118484077485,67232,67560
1.0001881869999352,nodecontroller,4271,0.04,3.999247393630994,128984,129224
1.0001881869999352,nodelet,4427,0.09,8.998306635669737,104080,101926
1.0001881869999352,nodeproxy,4640,0.0,0.0,50268,50372
1.0001881869999352,containerd,3718,0.08,7.998494787261988,89788,88645
1.0001881869999352,flanneld,5270,0.0,0.0,47484,47840
1.0001881869999352,coredns,4939,0.01,0.9998118484077485,66308,42556
1.0001881869999352,coredns,4948,0.0,0.0,64680,41004
2.0156348829999615,nodestore,4306,0.19,7.8783061991466585,61556,62140
2.0156348829999615,nodeapiserver,4263,0.55,24.619706872333307,337260,337380
2.0156348829999615,nodescheduler,4298,0.02,0.9847882748933323,67232,67564
2.0156348829999615,nodecontroller,4271,0.06,1.9695765497866646,128984,129228
2.0156348829999615,nodelet,4427,0.14,4.923941374466661,104080,101934
2.0156348829999615,nodeproxy,4640,0.0,0.0,50268,50372
2.0156348829999615,containerd,3718,0.09,0.9847882748933323,89788,88645
2.0156348829999615,flanneld,5270,0.0,0.0,47484,47840
2.0156348829999615,coredns,4939,0.02,0.9847882748933323,66308,42560
2.0156348829999615,coredns,4948,0.01,0.9847882748933323,64680,41004
3.0432455010000012,nodestore,4306,0.26,6.811918714525905,61556,62176
3.0432455010000012,nodeapiserver,4263,0.8,24.328281123306798,337260,337448
3.0432455010000012,nodescheduler,4298,0.02,0.0,67232,67572
3.0432455010000012,nodecontroller,4271,0.08,1.946262489864544,128984,129228
3.0432455010000012,nodelet,4427,0.18,3.892524979729088,104080,101938
3.0432455010000012,nodeproxy,4640,0.0,0.0,50268,50372
3.0432455010000012,containerd,3718,0.13,3.892524979729088,89788,88645
3.0432455010000012,flanneld,5270,0.01,0.973131244932272,47612,48036
3.0432455010000012,coredns,4939,0.02,0.0,66308,42560
3.0432455010000012,coredns,4948,0.02,0.973131244932272,64680,41004
4.0907505969998965,nodestore,4306,0.36,9.546492936585198,61556,62224
4.0907505969998965,nodeapiserver,4263,1.12,30.548777397072634,337260,337524
4.0907505969998965,nodescheduler,4298,0.03,0.9546492936585198,67232,67576
4.0907505969998965,nodecontroller,4271,0.12,3.818597174634079,128984,129240
4.0907505969998965,nodelet,4427,0.22,3.818597174634079,104080,101938
4.0907505969998965,nodeproxy,4640,0.0,0.0,50268,50372
4.0907505969998965,containerd,3718,0.14,0.9546492936585198,89788,88645
4.0907505969998965,flanneld,5270,0.02,0.9546492936585198,47612,48036
4.0907505969998965,coredns,4939,0.03,0.9546492936585198,66308,42562
4.0907505969998965,coredns,4948,0.03,0.9546492936585198,64680,41006
5.123567424999919,nodestore,4306,0.49,12.586936664436024,61812,62300
5.123567424999919,nodeapiserver,4263,1.59,45.50661717142255,337260,337604
5.123567424999919,nodescheduler,4298,0.06,2.9046776917929282,67232,67588
5.123567424999919,nodecontroller,4271,0.17,4.841129486321547,128984,129252
5.123567424999919,nodelet,4427,0.31,8.714033075378785,104080,101964
5.123567424999919,nodeproxy,4640,0.0,0.0,50268,50372
5.123567424999919,containerd,3718,0.19,4.841129486321547,89924,88727
5.123567424999919,flanneld,5270,0.03,0.9682258972643095,47860,48260
5.123567424999919,coredns,4939,0.03,0.0,66308,42562
5.123567424999919,coredns,4948,0.04,0.9682258972643095,64680,41006
6.154487301999893,nodestore,4306,0.61,11.640089853462301,61944,62460
6.154487301999893,nodeapiserver,4263,1.91,31.040239609232803,337260,337684
6.154487301999893,nodescheduler,4298,0.08,1.9400149755770502,67360,67600
6.154487301999893,nodecontroller,4271,0.2,2.9100224633655754,128984,129264
6.154487301999893,nodelet,4427,0.41,9.700074877885251,104080,102034
6.154487301999893,nodeproxy,4640,0.01,0.9700074877885251,50268,50372
6.154487301999893,containerd,3718,0.36,16.490127292404928,90192,89073
6.154487301999893,flanneld,5270,0.03,0.0,48116,48544
6.154487301999893,coredns,4939,0.04,0.9700074877885251,66308,42562
6.154487301999893,coredns,4948,0.04,0.0,64680,41006
7.196768851000002,nodestore,4306,0.72,10.553770246199432,62112,62620
7.196768851000002,nodeapiserver,4263,2.26,33.5801780560891,337260,337692
7.196768851000002,nodescheduler,4298,0.09,0.9594336587454029,67360,67604
7.196768851000002,nodecontroller,4271,0.25,4.797168293727014,128984,129264
7.196768851000002,nodelet,4427,0.5,8.634902928708627,104080,102053
7.196768851000002,nodeproxy,4640,0.01,0.0,50268,50372
7.196768851000002,containerd,3718,0.44,7.675469269963223,90320,89233
7.196768851000002,flanneld,5270,0.03,0.0,48116,48544
7.196768851000002,coredns,4939,0.04,0.0,66308,42598
7.196768851000002,coredns,4948,0.05,0.9594336587454029,66732,43022
8.219813133999992,nodestore,4306,0.82,9.77474794216713,62112,62660
8.219813133999992,nodeapiserver,4263,2.58,31.279193414934813,337260,337700
8.219813133999992,nodescheduler,4298,0.09,0.0,67360,67604
8.219813133999992,nodecontroller,4271,0.29,3.9098991768668516,128984,129264
8.219813133999992,nodelet,4427,0.57,6.842323559516991,104080,102073
8.219813133999992,nodeproxy,4640,0.01,0.0,50268,50372
8.219813133999992,containerd,3718,0.46,1.9549495884334258,90448,89269
8.219813133999992,flanneld,5270,0.03,0.0,48116,48544
8.219813133999992,coredns,4939,0.06,1.9549495884334258,66308,42598
8.219813133999992,coredns,4948,0.07,1.9549495884334258,66732,43026
9.244287111999938,nodestore,4306,0.91,8.784996196360657,62240,62700
9.244287111999938,nodeapiserver,4263,2.86,27.33109927756649,337260,337708
9.244287111999938,nodescheduler,4298,0.11,1.9522213769690349,67360,67608
9.244287111999938,nodecontroller,4271,0.32,2.9283320654535525,128984,129264
9.244287111999938,nodelet,4427,0.62,4.880553442422587,104080,102073
9.244287111999938,nodeproxy,4640,0.01,0.0,50268,50372
9.244287111999938,containerd,3718,0.5,3.9044427539380697,90592,89333
9.244287111999938,flanneld,5270,0.04,0.9761106884845174,48116,48544
9.244287111999938,coredns,4939,0.07,0.9761106884845174,66308,42598
9.244287111999938,coredns,4948,0.07,0.0,66732,43026
10.27154252199989,nodestore,4306,1.01,9.734677376875982,62240,62744
10.27154252199989,nodeapiserver,4263,3.15,28.230564392940348,337260,337712
10.27154252199989,nodescheduler,4298,0.12,0.9734677376875983,67360,67608
10.27154252199989,nodecontroller,4271,0.35,2.920403213062795,128984,129268
10.27154252199989,nodelet,4427,0.68,5.84080642612559,104080,102077
10.27154252199989,nodeproxy,4640,0.01,0.0,50268,50372
10.27154252199989,containerd,3718,0.57,6.814274163813189,90592,89385
10.27154252199989,flanneld,5270,0.04,0.0,48116,48544
10.27154252199989,coredns,4939,0.07,0.0,66308,42598
10.27154252199989,coredns,4948,0.07,0.0,66732,43026
11.292674794999925,nodestore,4306,1.1,8.81374552344571,62368,62780
11.292674794999925,nodeapiserver,4263,3.44,28.3998466866584,337260,337716
11.292674794999925,nodescheduler,4298,0.12,0.0,67360,67608
11.292674794999925,nodecontroller,4271,0.37,1.9586101163212692,128984,129268
11.292674794999925,nodelet,4427,0.74,5.875830348963808,104080,102145
11.292674794999925,nodeproxy,4640,0.01,0.0,50268,50372
11.292674794999925,containerd,3718,0.64,6.855135407124443,90592,89393
11.292674794999925,flanneld,5270,0.04,0.0,48116,48544
11.292674794999925,coredns,4939,0.08,0.9793050581606346,66308,42598
11.292674794999925,coredns,4948,0.08,0.9793050581606346,66732,43030
12.309974747999945,nodestore,4306,1.2,9.829942457492482,62496,62832
12.309974747999945,nodeapiserver,4263,3.86,41.28575832146842,337260,337728
12.309974747999945,nodescheduler,4298,0.14,1.9659884914984962,67360,67608
12.309974747999945,nodecontroller,4271,0.41,3.9319769829969924,128984,129276
12.309974747999945,nodelet,4427,0.81,6.880959720244738,104080,102161
12.309974747999945,nodeproxy,4640,0.01,0.0,50268,50372
12.309974747999945,containerd,3718,0.67,2.9489827372477446,90592,89393
12.309974747999945,flanneld,5270,0.05,0.9829942457492481,48116,48544
12.309974747999945,coredns,4939,0.09,0.9829942457492481,66308,42606
12.309974747999945,coredns,4948,0.09,0.9829942457492481,66732,43030
13.325521807999962,nodestore,4306,1.3,9.846909507078708,62496,62872
13.325521807999962,nodeapiserver,4263,4.14,27.571346619820385,337260,337732
13.325521807999962,nodescheduler,4298,0.15,0.9846909507078708,67360,67608
13.325521807999962,nodecontroller,4271,0.44,2.9540728521236126,128984,129284
13.325521807999962,nodelet,4427,0.88,6.892836654955096,104080,102169
13.325521807999962,nodeproxy,4640,0.01,0.0,50268,50372
13.325521807999962,containerd,3718,0.68,0.9846909507078708,90592,89393
13.325521807999962,flanneld,5270,0.05,0.0,48116,48544
13.325521807999962,coredns,4939,0.09,0.0,66308,42606
13.325521807999962,coredns,4948,0.1,0.9846909507078708,66732,43038
14.342665858999908,nodestore,4306,1.38,7.865159307705992,62636,62920
14.342665858999908,nodeapiserver,4263,4.42,27.528057576970973,337260,337736
14.342665858999908,nodescheduler,4298,0.15,0.0,67360,67608
14.342665858999908,nodecontroller,4271,0.46,1.966289826926498,128984,129284
14.342665858999908,nodelet,4427,0.92,3.932579653852996,104080,102169
14.342665858999908,nodeproxy,4640,0.01,0.0,50268,50372
14.342665858999908,containerd,3718,0.76,7.865159307705992,90720,89477
14.342665858999908,flanneld,5270,0.06,0.983144913463249,48244,48756
14.342665858999908,coredns,4939,0.1,0.983144913463249,66308,42610
14.342665858999908,coredns,4948,0.11,0.983144913463249,66732,43038
15.359161315999927,nodestore,4306,1.47,8.85395004770772,62636,62956
15.359161315999927,nodeapiserver,4263,4.69,26.561850143123163,337260,337744
15.359161315999927,nodescheduler,4298,0.16,0.98377222752308,67360,67612
15.359161315999927,nodecontroller,4271,0.49,2.95131668256924,128984,129284
15.359161315999927,nodelet,4427,0.95,2.95131668256924,104080,102169
15.359161315999927,nodeproxy,4640,0.01,0.0,50268,50372
15.359161315999927,containerd,3718,0.78,1.96754445504616,90720,89481
15.359161315999927,flanneld,5270,0.06,0.0,48244,48756
15.359161315999927,coredns,4939,0.1,0.0,66308,42610
15.359161315999927,coredns,4948,0.11,0.0,66732,43046
16.38559721799993,nodestore,4306,1.57,9.742449558238437,62764,62996
16.38559721799993,nodeapiserver,4263,5.02,32.15008354218684,337260,337748
16.38559721799993,nodescheduler,4298,0.17,0.9742449558238437,67360,67616
16.38559721799993,nodecontroller,4271,0.53,3.896979823295375,131148,131364
16.38559721799993,nodelet,4427,1.0,4.871224779119219,104080,102169
16.38559721799993,nodeproxy,4640,0.01,0.0,50268,50380
16.38559721799993,containerd,3718,0.81,2.922734867471531,90720,89481
16.38559721799993,flanneld,5270,0.06,0.0,48244,48756
16.38559721799993,coredns,4939,0.11,0.9742449558238437,66308,42610
16.38559721799993,coredns,4948,0.12,0.9742449558238437,66860,43054
17.413699796999936,nodestore,4306,1.65,7.781324707677788,62764,63116
17.413699796999936,nodeapiserver,4263,5.29,26.261970888412534,337260,337748
17.413699796999936,nodescheduler,4298,0.17,0.0,67360,67616
17.413699796999936,nodecontroller,4271,0.59,5.835993530758341,131148,131408
17.413699796999936,nodelet,4427,1.05,4.863327942298618,104080,102169
17.413699796999936,nodeproxy,4640,0.01,0.0,50268,50380
17.413699796999936,containerd,3718,0.83,1.945331176919447,90720,89481
17.413699796999936,flanneld,5270,0.06,0.0,48244,48756
17.413699796999936,coredns,4939,0.12,0.9726655884597235,66308,42622
17.413699796999936,coredns,4948,0.13,0.9726655884597235,66860,43054
18.45756122299997,nodestore,4306,1.75,9.579815625833524,64864,65236
18.45756122299997,nodeapiserver,4263,5.58,27.781465314917217,337260,337752
18.45756122299997,nodescheduler,4298,0.19,1.9159631251667049,67360,67628
18.45756122299997,nodecontroller,4271,0.62,2.873944687750057,131148,131408
18.45756122299997,nodelet,4427,1.11,5.747889375500114,104080,102169
18.45756122299997,nodeproxy,4640,0.01,0.0,50268,50388
18.45756122299997,containerd,3718,0.91,7.6638525006668194,90720,89505
18.45756122299997,flanneld,5270,0.06,0.0,48244,48756
18.45756122299997,coredns,4939,0.13,0.9579815625833524,66308,42622
18.45756122299997,coredns,4948,0.13,0.0,66860,43054
19.47795910399998,nodestore,4306,1.83,7.8400790014968065,64864,65260
19.47795910399998,nodeapiserver,4263,5.87,28.420286380425917,337260,337756
19.47795910399998,nodescheduler,4298,0.2,0.9800098751871008,67360,67628
19.47795910399998,nodecontroller,4271,0.65,2.9400296255613023,131148,131408
19.47795910399998,nodelet,4427,1.14,2.9400296255613023,104080,102173
19.47795910399998,nodeproxy,4640,0.01,0.0,50268,50388
19.47795910399998,containerd,3718,0.93,1.9600197503742016,90720,89505
19.47795910399998,flanneld,5270,0.07,0.9800098751871008,48244,48756
19.47795910399998,coredns,4939,0.13,0.0,66308,42622
19.47795910399998,coredns,4948,0.14,0.9800098751871008,66860,43054
20.510555759,nodestore,4306,1.92,8.715891104644168,64864,65352
20.510555759,nodeapiserver,4263,6.15,27.116105658892973,337260,337768
20.510555759,nodescheduler,4298,0.2,0.0,67360,67628
20.510555759,nodecontroller,4271,0.68,2.9052970348813894,131148,131408
20.510555759,nodelet,4427,1.17,2.9052970348813894,104080,102173
20.510555759,nodeproxy,4640,0.01,0.0,50268,50388
20.510555759,containerd,3718,0.95,1.9368646899209263,90720,89517
20.510555759,flanneld,5270,0.07,0.0,48244,48756
20.510555759,coredns,4939,0.13,0.0,66308,42622
20.510555759,coredns,4948,0.15,0.9684323449604632,66860,43058
21.532093781999947,nodestore,4306,2.03,10.768076911808262,64864,65392
21.532093781999947,nodeapiserver,4263,6.5,34.262062901208104,343660,345884
21.532093781999947,nodescheduler,4298,0.21,0.9789160828916602,67360,67628
21.532093781999947,nodecontroller,4271,0.73,4.894580414458301,131148,131420
21.532093781999947,nodelet,4427,1.25,7.831328663133282,104080,102173
21.532093781999947,nodeproxy,4640,0.01,0.0,50268,50388
21.532093781999947,containerd,3718,0.99,3.915664331566641,90720,89517
21.532093781999947,flanneld,5270,0.07,0.0,48244,48756
21.532093781999947,coredns,4939,0.15,1.9578321657833204,66308,42622
21.532093781999947,coredns,4948,0.16,0.9789160828916602,66860,43058
22.62997619199996,nodestore,4306,2.16,11.840976667072995,65032,65552
22.62997619199996,nodeapiserver,4263,6.98,43.72052923226953,349036,349604
22.62997619199996,nodescheduler,4298,0.23,1.8216887180112302,67360,67632
22.62997619199996,nodecontroller,4271,0.77,3.6433774360224604,131148,131436
22.62997619199996,nodelet,4427,1.34,8.197599231050535,104080,102176
22.62997619199996,nodeproxy,4640,0.02,0.9108443590056151,50268,50392
22.62997619199996,containerd,3718,1.05,5.465066154033691,90720,89592
22.62997619199996,flanneld,5270,0.08,0.9108443590056151,48244,48760
22.62997619199996,coredns,4939,0.16,0.9108443590056151,66308,42626
22.62997619199996,coredns,4948,0.16,0.0,66860,43062
23.68330924099996,nodestore,4306,2.26,9.493673448766891,65184,65648
23.68330924099996,nodeapiserver,4263,7.28,28.481020346300674,349036,349624
23.68330924099996,nodescheduler,4298,0.24,0.9493673448766892,67360,67632
23.68330924099996,nodecontroller,4271,0.8,2.8481020346300676,131148,131440
23.68330924099996,nodelet,4427,1.38,3.7974693795067567,104080,102177
23.68330924099996,nodeproxy,4640,0.02,0.0,50268,50392
23.68330924099996,containerd,3718,1.1,4.746836724383446,90420,89305
23.68330924099996,flanneld,5270,0.08,0.0,48244,48760
23.68330924099996,coredns,4939,0.16,0.0,66308,42630
23.68330924099996,coredns,4948,0.17,0.9493673448766892,66860,43070
24.712402595999947,nodestore,4306,2.34,7.773833113517778,65316,65684
24.712402595999947,nodeapiserver,4263,7.55,26.236686758122502,349036,349624
24.712402595999947,nodescheduler,4298,0.24,0.0,67360,67636
24.712402595999947,nodecontroller,4271,0.82,1.9434582783794445,131148,131440
24.712402595999947,nodelet,4427,1.43,4.858645695948612,104080,102197
24.712402595999947,nodeproxy,4640,0.02,0.0,50268,50392
24.712402595999947,containerd,3718,1.13,2.9151874175691668,90420,89308
24.712402595999947,flanneld,5270,0.08,0.0,48244,48760
24.712402595999947,coredns,4939,0.17,0.9717291391897223,66308,42630
24.712402595999947,coredns,4948,0.17,0.0,66860,43070
25.73096831199996,nodestore,4306,2.45,10.799499558259107,65444,65740
25.73096831199996,nodeapiserver,4263,7.87,31.416725987662858,349036,349636
25.73096831199996,nodescheduler,4298,0.25,0.9817726871144643,67360,67636
25.73096831199996,nodecontroller,4271,0.86,3.927090748457857,131148,131440
25.73096831199996,nodelet,4427,1.48,4.9088634355723215,104080,102201
25.73096831199996,nodeproxy,4640,0.02,0.0,50268,50392
25.73096831199996,containerd,3718,1.15,1.9635453742289286,90420,89313
25.73096831199996,flanneld,5270,0.08,0.0,48244,48760
25.73096831199996,coredns,4939,0.18,0.9817726871144643,66308,42630
25.73096831199996,coredns,4948,0.19,1.9635453742289286,66860,43070
26.752108256999918,nodestore,4306,2.55,9.792977004734059,65444,65772
26.752108256999918,nodeapiserver,4263,8.16,28.399633313728767,349036,349636
26.752108256999918,nodescheduler,4298,0.25,0.0,67360,67644
26.752108256999918,nodecontroller,4271,0.88,1.9585954009468118,131148,131440
26.752108256999918,nodelet,4427,1.53,4.8964885023670295,104080,102205
26.752108256999918,nodeproxy,4640,0.02,0.0,50268,50392
26.752108256999918,containerd,3718,1.16,0.9792977004734059,90420,89313
26.752108256999918,flanneld,5270,0.08,0.0,48244,48760
26.752108256999918,coredns,4939,0.19,0.9792977004734059,66308,42634
26.752108256999918,coredns,4948,0.19,0.0,66860,43070
27.77841308099994,nodestore,4306,2.66,10.71806323303394,65444,65892
27.77841308099994,nodeapiserver,4263,8.48,31.17982031428055,349036,349648
27.77841308099994,nodescheduler,4298,0.28,2.923108154463802,67360,67712
27.77841308099994,nodecontroller,4271,0.93,4.871846924106336,131148,131440
27.77841308099994,nodelet,4427,1.66,12.666802002676473,106336,104276
27.77841308099994,nodeproxy,4640,0.02,0.0,50268,50392
27.77841308099994,containerd,3718,1.32,15.589910157140276,90828,89580
27.77841308099994,flanneld,5270,0.1,1.9487387696425345,48080,48440
27.77841308099994,coredns,4939,0.19,0.0,66308,42634
27.77841308099994,coredns,4948,0.19,0.0,66860,43070
28.82141703399998,nodestore,4306,2.81,14.381537056359983,65704,66132
28.82141703399998,nodeapiserver,4263,8.92,42.18584203198928,349292,349800
28.82141703399998,nodescheduler,4298,0.31,2.8763074112719966,67360,67720
28.82141703399998,nodecontroller,4271,1.01,7.670153096725324,131148,131460
28.82141703399998,nodelet,4427,1.81,14.381537056359983,106336,104293
28.82141703399998,nodeproxy,4640,0.03,0.9587691370906655,50268,50392
28.82141703399998,containerd,3718,1.51,18.216613604722646,91500,90185
28.82141703399998,flanneld,5270,0.1,0.0,48080,48440
28.82141703399998,coredns,4939,0.21,1.917538274181331,66308,42634
28.82141703399998,coredns,4948,0.21,1.917538274181331,66860,43074
29.84894769199991,nodestore,4306,2.92,10.705276688689054,65704,66188
29.84894769199991,nodeapiserver,4263,9.19,26.27658823587313,349548,350068
29.84894769199991,nodescheduler,4298,0.32,0.9732069716990048,67360,67728
29.84894769199991,nodecontroller,4271,1.03,1.9464139433980097,131148,131460
29.84894769199991,nodelet,4427,1.88,6.8124488018930345,106336,104297
29.84894769199991,nodeproxy,4640,0.03,0.0,50268,50436
29.84894769199991,containerd,3718,1.54,2.9196209150970147,91500,90185
29.84894769199991,flanneld,5270,0.11,0.9732069716990048,48080,48440
29.84894769199991,coredns,4939,0.21,0.0,66308,42634
29.84894769199991,coredns,4948,0.22,0.9732069716990048,66184,42306
30.881753851999974,nodestore,4306,3.01,8.714123083850938,65704,66224
30.881753851999974,nodeapiserver,4263,9.48,28.078841047964126,358232,359052
30.881753851999974,nodescheduler,4298,0.33,0.9682358982056597,67360,67728
30.881753851999974,nodecontroller,4271,1.06,2.904707694616979,131148,131464
30.881753851999974,nodelet,4427,1.95,6.777651287439618,108456,106353
30.881753851999974,nodeproxy,4640,0.03,0.0,50268,50436
30.881753851999974,containerd,3718,1.58,3.872943592822639,91500,90197
30.881753851999974,flanneld,5270,0.11,0.0,48080,48440
30.881753851999974,coredns,4939,0.22,0.9682358982056597,66308,42642
30.881753851999974,coredns,4948,0.23,0.9682358982056597,66184,42306
31.92824580299998,nodestore,4306,3.1,8.60016170348924,65832,66264
31.92824580299998,nodeapiserver,4263,9.89,39.17851442700653,363096,363532
31.92824580299998,nodescheduler,4298,0.34,0.9555735226099155,67360,67736
31.92824580299998,nodecontroller,4271,1.09,2.8667205678297463,131148,131464
31.92824580299998,nodelet,4427,1.97,1.911147045219831,108456,106353
31.92824580299998,nodeproxy,4640,0.03,0.0,50268,50436
31.92824580299998,containerd,3718,1.6,1.911147045219831,93560,92245
31.92824580299998,flanneld,5270,0.11,0.0,48080,48440
31.92824580299998,coredns,4939,0.22,0.0,66308,42642
31.92824580299998,coredns,4948,0.23,0.0,66184,42306
32.951262853,nodestore,4306,3.19,8.797507333821867,65964,66308
32.951262853,nodeapiserver,4263,10.19,29.325024446072895,363096,363668
32.951262853,nodescheduler,4298,0.34,0.0,67360,67736
32.951262853,nodecontroller,4271,1.13,3.910003259476386,131148,131464
32.951262853,nodelet,4427,2.06,8.797507333821867,110524,108429
32.951262853,nodeproxy,4640,0.03,0.0,50268,50436
32.951262853,containerd,3718,1.68,7.820006518952772,93560,92305
32.951262853,flanneld,5270,0.11,0.0,48080,48440
32.951262853,coredns,4939,0.24,1.955001629738193,66308,42642
32.951262853,coredns,4948,0.23,0.0,66184,42306
33.97984352799995,nodestore,4306,3.28,8.749921341853415,65964,66340
33.97984352799995,nodeapiserver,4263,10.47,27.22197750798841,363096,363676
33.97984352799995,nodescheduler,4298,0.35,0.9722134824281573,67360,67736
33.97984352799995,nodecontroller,4271,1.15,1.9444269648563146,131148,131468
33.97984352799995,nodelet,4427,2.11,4.861067412140787,112660,110557
33.97984352799995,nodeproxy,4640,0.03,0.0,50268,50436
33.97984352799995,containerd,3718,1.69,0.9722134824281573,93560,92305
33.97984352799995,flanneld,5270,0.12,0.9722134824281573,48080,48440
33.97984352799995,coredns,4939,0.24,0.0,66308,42706
33.97984352799995,coredns,4948,0.25,1.9444269648563146,66184,42306
34.998040351999975,nodestore,4306,3.38,9.821283826750296,68060,68412
34.998040351999975,nodeapiserver,4263,10.73,25.53533794955077,363096,363680
34.998040351999975,nodescheduler,4298,0.35,0.0,67360,67740
34.998040351999975,nodecontroller,4271,1.17,1.964256765350059,131148,131476
34.998040351999975,nodelet,4427,2.14,2.946385148025089,112660,110557
34.998040351999975,nodeproxy,4640,0.03,0.0,50268,50436
34.998040351999975,containerd,3718,1.73,3.928513530700118,93560,92309
34.998040351999975,flanneld,5270,0.13,0.9821283826750296,48080,48440
34.998040351999975,coredns,4939,0.25,0.9821283826750296,66308,42706
34.998040351999975,coredns,4948,0.25,0.0,66184,42306
36.02746185199999,nodestore,4306,3.48,9.714193845766658,68060,68464
36.02746185199999,nodeapiserver,4263,11.04,30.114000921876638,363096,363684
36.02746185199999,nodescheduler,4298,0.37,1.9428387691533315,67360,67740
36.02746185199999,nodecontroller,4271,1.2,2.9142581537299974,131148,131480
36.02746185199999,nodelet,4427,2.18,3.885677538306663,112660,110557
36.02746185199999,nodeproxy,4640,0.03,0.0,50268,50436
36.02746185199999,containerd,3718,1.74,0.9714193845766658,95676,94357
36.02746185199999,flanneld,5270,0.13,0.0,48080,48440
36.02746185199999,coredns,4939,0.25,0.0,66308,42714
36.02746185199999,coredns,4948,0.25,0.0,66184,42306
37.05098607599996,nodestore,4306,3.57,8.793148016397371,68200,68496
37.05098607599996,nodeapiserver,4263,11.33,28.333476941724857,363096,363696
37.05098607599996,nodescheduler,4298,0.38,0.9770164462663745,67360,67744
37.05098607599996,nodecontroller,4271,1.24,3.908065785065498,131148,131480
37.05098607599996,nodelet,4427,2.23,4.8850822313318725,112660,110559
37.05098607599996,nodeproxy,4640,0.03,0.0,50268,50436
37.05098607599996,containerd,3718,1.77,2.9310493387991237,95804,94391
37.05098607599996,flanneld,5270,0.13,0.0,48080,48440
37.05098607599996,coredns,4939,0.26,0.9770164462663745,66308,42718
37.05098607599996,coredns,4948,0.27,1.954032892532749,66184,42306
38.1129070049999,nodestore,4306,3.67,9.416896990077662,68200,68548
38.1129070049999,nodeapiserver,4263,11.62,27.309001271225217,363096,363696
38.1129070049999,nodescheduler,4298,0.38,0.0,67360,67744
38.1129070049999,nodecontroller,4271,1.26,1.8833793980155324,131148,131484
38.1129070049999,nodelet,4427,2.29,5.650138194046598,112660,110573
38.1129070049999,nodeproxy,4640,0.03,0.0,50268,50436
38.1129070049999,containerd,3718,1.85,7.53351759206213,95804,94461
38.1129070049999,flanneld,5270,0.13,0.0,48080,48440
38.1129070049999,coredns,4939,0.28,1.8833793980155324,66308,42722
38.1129070049999,coredns,4948,0.27,0.0,66184,42306
39.127785206,nodestore,4306,3.76,8.868059232261606,68200,68588
39.127785206,nodeapiserver,4263,11.91,28.574857526176284,363096,363700
39.127785206,nodescheduler,4298,0.39,0.9853399146957341,67360,67744
39.127785206,nodecontroller,4271,1.3,3.9413596587829365,131148,131484
39.127785206,nodelet,4427,2.36,6.89737940287014,112660,110581
39.127785206,nodeproxy,4640,0.03,0.0,50268,50488
39.127785206,containerd,3718,1.9,4.926699573478671,95804,94477
39.127785206,flanneld,5270,0.13,0.0,48080,48440
39.127785206,coredns,4939,0.28,0.0,66308,42722
39.127785206,coredns,4948,0.28,0.9853399146957341,66184,42306
40.14653929999997,nodestore,4306,3.87,10.797502620883,68200,68644
40.14653929999997,nodeapiserver,4263,12.21,29.44773442059,363096,363708
40.14653929999997,nodescheduler,4298,0.4,0.981591147353,67360,67744
40.14653929999997,nodecontroller,4271,1.33,2.944773442059,131148,131492
40.14653929999997,nodelet,4427,2.4,3.926364589412,112660,110581
40.14653929999997,nodeproxy,4640,0.03,0.0,50268,50488
40.14653929999997,containerd,3718,1.91,0.981591147353,95804,94477
40.14653929999997,flanneld,5270,0.13,0.0,48080,48440
40.14653929999997,coredns,4939,0.29,0.981591147353,66308,42726
40.14653929999997,coredns,4948,0.29,0.981591147353,66184,42310
41.16527048599994,nodestore,4306,3.96,8.834518981732911,68200,68676
41.16527048599994,nodeapiserver,4263,12.49,27.485170165391285,363096,363708
41.16527048599994,nodescheduler,4298,0.42,1.9632264403850914,67360,67748
41.16527048599994,nodecontroller,4271,1.36,2.944839660577637,131148,131492
41.16527048599994,nodelet,4427,2.45,4.908066100962729,112660,110585
41.16527048599994,nodeproxy,4640,0.03,0.0,50268,50488
41.16527048599994,containerd,3718,1.94,2.944839660577637,95804,94481
41.16527048599994,flanneld,5270,0.13,0.0,48080,48440
41.16527048599994,coredns,4939,0.29,0.0,66308,42734
41.16527048599994,coredns,4948,0.29,0.0,66184,42310
42.18833911399997,nodestore,4306,4.06,9.77451534170167,68496,68792
42.18833911399997,nodeapiserver,4263,12.78,28.346094490934842,363096,363712
42.18833911399997,nodescheduler,4298,0.43,0.9774515341701672,67360,67748
42.18833911399997,nodecontroller,4271,1.39,2.9323546025105016,131148,131496
42.18833911399997,nodelet,4427,2.52,6.842160739191171,112660,110589
42.18833911399997,nodeproxy,4640,0.03,0.0,50268,50488
42.18833911399997,containerd,3718,2.03,8.797063807531504,95804,94573
42.18833911399997,flanneld,5270,0.13,0.0,48080,48312
42.18833911399997,coredns,4939,0.29,0.0,66308,42734
42.18833911399997,coredns,4948,0.3,0.9774515341701672,66184,42310
43.2115336679999,nodestore,4306,4.13,6.841318664798609,68496,68816
43.2115336679999,nodeapiserver,4263,13.17,38.115918275306534,363096,363732
43.2115336679999,nodescheduler,4298,0.43,0.0,67360,67748
43.2115336679999,nodecontroller,4271,1.41,1.9546624756567452,131148,131496
43.2115336679999,nodelet,4427,2.61,8.795981140455353,112660,110653
43.2115336679999,nodeproxy,4640,0.03,0.0,50268,50488
43.2115336679999,containerd,3718,2.06,2.931993713485118,95804,94605
43.2115336679999,flanneld,5270,0.13,0.0,48080,48312
43.2115336679999,coredns,4939,0.31,1.9546624756567452,66308,42734
43.2115336679999,coredns,4948,0.31,0.9773312378283726,66184,42310
44.22459328599996,nodestore,4306,4.26,12.832413580618384,68784,68980
44.22459328599996,nodeapiserver,4263,13.54,36.523023267913864,363096,363744
44.22459328599996,nodescheduler,4298,0.44,0.987108736970645,67360,67752
44.22459328599996,nodecontroller,4271,1.5,8.883978632735806,133272,133596
44.22459328599996,nodelet,4427,2.67,5.92265242182387,112848,110717
44.22459328599996,nodeproxy,4640,0.03,0.0,50268,50516
44.22459328599996,containerd,3718,2.08,1.97421747394129,95804,94609
44.22459328599996,flanneld,5270,0.14,0.987108736970645,48080,48312
44.22459328599996,coredns,4939,0.31,0.0,66436,42746
44.22459328599996,coredns,4948,0.31,0.0,66184,42314
45.24163361899991,nodestore,4306,4.35,8.849206573207164,68784,69004
45.24163361899991,nodeapiserver,4263,13.8,25.564374544820698,363096,363744
45.24163361899991,nodescheduler,4298,0.45,0.983245174800796,67360,67752
45.24163361899991,nodecontroller,4271,1.52,1.966490349601592,133272,133596
45.24163361899991,nodelet,4427,2.7,2.949735524402388,112848,110717
45.24163361899991,nodeproxy,4640,0.04,0.983245174800796,50268,50516
45.24163361899991,containerd,3718,2.09,0.983245174800796,95804,94609
45.24163361899991,flanneld,5270,0.14,0.0,48080,48312
45.24163361899991,coredns,4939,0.32,0.983245174800796,66436,42750
45.24163361899991,coredns,4948,0.32,0.983245174800796,66184,42314
46.272252366999965,nodestore,4306,4.46,10.673199979474319,68784,69064
46.272252366999965,nodeapiserver,4263,14.1,29.108727216748143,363096,363760
46.272252366999965,nodescheduler,4298,0.46,0.970290907224938,67360,67752
46.272252366999965,nodecontroller,4271,1.55,2.910872721674814,133272,133608
46.272252366999965,nodelet,4427,2.76,5.821745443349628,112848,110725
46.272252366999965,nodeproxy,4640,0.04,0.0,50268,50516
46.272252366999965,containerd,3718,2.16,6.792036350574567,95936,94673
46.272252366999965,flanneld,5270,0.14,0.0,48080,48312
46.272252366999965,coredns,4939,0.34,1.940581814449876,66436,42750
46.272252366999965,coredns,4948,0.32,0.0,66184,42314
47.295248973999946,nodestore,4306,4.53,6.842642440944211,68784,69092
47.295248973999946,nodeapiserver,4263,14.39,28.34809011248315,363096,363760
47.295248973999946,nodescheduler,4298,0.47,0.9775203487063157,67360,67752
47.295248973999946,nodecontroller,4271,1.58,2.932561046118947,133272,133608
47.295248973999946,nodelet,4427,2.8,3.9100813948252626,115044,112821
47.295248973999946,nodeproxy,4640,0.04,0.0,50268,50516
47.295248973999946,containerd,3718,2.19,2.932561046118947,95936,94717
47.295248973999946,flanneld,5270,0.14,0.0,48080,48312
47.295248973999946,coredns,4939,0.34,0.0,66436,42750
47.295248973999946,coredns,4948,0.33,0.9775203487063157,66184,42318
48.31111453699998,nodestore,4306,4.62,8.859439996589096,68784,69124
48.31111453699998,nodeapiserver,4263,14.67,27.56270221161052,363096,363760
48.31111453699998,nodescheduler,4298,0.47,0.0,67360,67752
48.31111453699998,nodecontroller,4271,1.61,2.9531466655296983,133272,133608
48.31111453699998,nodelet,4427,2.85,4.921911109216164,115044,112821
48.31111453699998,nodeproxy,4640,0.05,0.9843822218432328,50396,50580
48.31111453699998,containerd,3718,2.22,2.9531466655296983,95936,94717
48.31111453699998,flanneld,5270,0.15,0.9843822218432328,48080,48312
48.31111453699998,coredns,4939,0.35,0.9843822218432328,66436,42750
48.31111453699998,coredns,4948,0.33,0.0,66184,42318
49.33894570899997,nodestore,4306,4.76,13.62091399967787,68924,69248
49.33894570899997,nodeapiserver,4263,15.06,37.94397471338834,363096,363768
49.33894570899997,nodescheduler,4298,0.5,2.918767285645257,67360,67752
49.33894570899997,nodecontroller,4271,1.66,4.864612142742096,133272,133624
49.33894570899997,nodelet,4427,2.96,10.70214671403261,115044,112837
49.33894570899997,nodeproxy,4640,0.05,0.0,50396,50580
49.33894570899997,containerd,3718,2.27,4.864612142742096,95936,94725
49.33894570899997,flanneld,5270,0.16,0.972922428548419,48080,48312
49.33894570899997,coredns,4939,0.35,0.0,66436,42754
49.33894570899997,coredns,4948,0.35,1.945844857096838,66184,42318
50.37933245499994,nodestore,4306,4.9,13.456534364577958,69064,69460
50.37933245499994,nodeapiserver,4263,15.41,33.64133591144489,363224,363780
50.37933245499994,nodescheduler,4298,0.52,1.9223620520825653,67676,68020
50.37933245499994,nodecontroller,4271,1.72,5.7670861562476965,133400,133756
50.37933245499994,nodelet,4427,3.16,19.223620520825655,117252,115075
50.37933245499994,nodeproxy,4640,0.05,0.0,50396,50584
50.37933245499994,containerd,3718,2.52,24.029525651032067,96220,95179
50.37933245499994,flanneld,5270,0.17,0.9611810260412826,48308,48568
50.37933245499994,coredns,4939,0.37,1.9223620520825653,66436,42766
50.37933245499994,coredns,4948,0.35,0.0,66184,42322
51.41625106699996,nodestore,4306,5.0,9.643958440201848,69200,69524
51.41625106699996,nodeapiserver,4263,15.69,27.00308363256518,363224,363804
51.41625106699996,nodescheduler,4298,0.52,0.0,67676,68020
51.41625106699996,nodecontroller,4271,1.76,3.8575833760807394,133400,133756
51.41625106699996,nodelet,4427,3.23,6.750770908141295,117252,115093
51.41625106699996,nodeproxy,4640,0.05,0.0,50396,50584
51.41625106699996,containerd,3718,2.61,8.679562596181663,92176,91148
51.41625106699996,flanneld,5270,0.17,0.0,48308,48568
51.41625106699996,coredns,4939,0.37,0.0,66436,42766
51.41625106699996,coredns,4948,0.35,0.0,66184,42322
52.44154091799999,nodestore,4306,5.09,8.778005547623216,69200,69628
52.44154091799999,nodeapiserver,4263,16.12,41.93935983864425,363480,363824
52.44154091799999,nodescheduler,4298,0.55,2.9260018492077386,67676,68028
52.44154091799999,nodecontroller,4271,1.81,4.876669748679564,133400,133768
52.44154091799999,nodelet,4427,3.38,14.630009246038693,115792,113477
52.44154091799999,nodeproxy,4640,0.06,0.9753339497359129,50524,50756
52.44154091799999,containerd,3718,2.75,13.654675296302782,94192,93220
52.44154091799999,flanneld,5270,0.17,0.0,48308,48568
52.44154091799999,coredns,4939,0.38,0.9753339497359129,66436,42766
52.44154091799999,coredns,4948,0.37,1.9506678994718258,66184,42322
53.470620142999906,nodestore,4306,5.24,14.57613722597615,69336,69720
53.470620142999906,nodeapiserver,4263,16.47,34.01098686061102,363480,363828
53.470620142999906,nodescheduler,4298,0.55,0.0,67676,68028
53.470620142999906,nodecontroller,4271,1.87,5.8304548903904605,133400,133776
53.470620142999906,nodelet,4427,3.54,15.547879707707894,114896,112585
53.470620142999906,nodeproxy,4640,0.06,0.0,50524,50764
53.470620142999906,containerd,3718,2.83,7.773939853853947,94192,93232
53.470620142999906,flanneld,5270,0.18,0.9717424817317434,48180,48312
53.470620142999906,coredns,4939,0.39,0.9717424817317434,66436,42766
53.470620142999906,coredns,4948,0.38,0.9717424817317434,66184,42322
54.48650913999995,nodestore,4306,5.32,7.874876117001223,69336,69760
54.48650913999995,nodeapiserver,4263,16.74,26.577706894879128,363480,363828
54.48650913999995,nodescheduler,4298,0.56,0.9843595146251529,67676,68028
54.48650913999995,nodecontroller,4271,1.89,1.9687190292503058,133400,133776
54.48650913999995,nodelet,4427,3.57,2.9530785438754585,114896,112585
54.48650913999995,nodeproxy,4640,0.06,0.0,50524,50764
54.48650913999995,containerd,3718,2.86,2.9530785438754585,94192,93232
54.48650913999995,flanneld,5270,0.18,0.0,48180,48312
54.48650913999995,coredns,4939,0.39,0.0,66436,42766
54.48650913999995,coredns,4948,0.39,0.9843595146251529,66184,42322
55.505399447999935,nodestore,4306,5.41,8.833139278423836,69336,69796
55.505399447999935,nodeapiserver,4263,17.01,26.499417835271508,363480,363828
55.505399447999935,nodescheduler,4298,0.57,0.9814599198248707,67676,68036
55.505399447999935,nodecontroller,4271,1.92,2.944379759474612,133400,133776
55.505399447999935,nodelet,4427,3.63,5.888759518949224,114896,112589
55.505399447999935,nodeproxy,4640,0.06,0.0,50524,50764
55.505399447999935,containerd,3718,2.92,5.888759518949224,94192,93240
55.505399447999935,flanneld,5270,0.19,0.9814599198248707,48180,48312
55.505399447999935,coredns,4939,0.4,0.9814599198248707,66436,42770
55.505399447999935,coredns,4948,0.39,0.0,66184,42322
56.524624778999964,nodestore,4306,5.49,7.849098483600941,69336,69824
56.524624778999964,nodeapiserver,4263,17.28,26.490707382153175,363480,363836
56.524624778999964,nodescheduler,4298,0.57,0.0,67676,68036
56.524624778999964,nodecontroller,4271,1.94,1.9622746209002353,133400,133780
56.524624778999964,nodelet,4427,3.65,1.9622746209002353,114896,112597
56.524624778999964,nodeproxy,4640,0.06,0.0,50524,50764
56.524624778999964,containerd,3718,2.94,1.9622746209002353,94192,93240
56.524624778999964,flanneld,5270,0.19,0.0,48180,48312
56.524624778999964,coredns,4939,0.41,0.9811373104501177,66436,42770
56.524624778999964,coredns,4948,0.4,0.9811373104501177,66184,42322
57.570944521,nodestore,4306,5.58,8.601577164927164,69336,69880
57.570944521,nodeapiserver,4263,17.58,28.671923883090546,363480,363836
57.570944521,nodescheduler,4298,0.59,1.9114615922060365,67676,68036
57.570944521,nodecontroller,4271,1.97,2.867192388309055,133400,133792
57.570944521,nodelet,4427,3.72,6.690115572721129,113976,111645
57.570944521,nodeproxy,4640,0.06,0.0,50524,50764
57.570944521,containerd,3718,2.98,3.822923184412073,94192,93240
57.570944521,flanneld,5270,0.19,0.0,48180,48312
57.570944521,coredns,4939,0.42,0.9557307961030183,66436,42770
57.570944521,coredns,4948,0.41,0.9557307961030183,66184,42322
58.61023645599994,nodestore,4306,5.68,9.621935534408436,71408,71956
58.61023645599994,nodeapiserver,4263,17.84,25.01703238946193,363480,363840
58.61023645599994,nodescheduler,4298,0.59,0.0,67676,68036
58.61023645599994,nodecontroller,4271,2.0,2.886580660322531,133400,133792
58.61023645599994,nodelet,4427,3.76,3.8487742137633743,113976,111645
58.61023645599994,nodeproxy,4640,0.06,0.0,50524,50764
58.61023645599994,containerd,3718,3.01,2.886580660322531,94192,93240
58.61023645599994,flanneld,5270,0.19,0.0,48180,48312
58.61023645599994,coredns,4939,0.42,0.0,66436,42774
58.61023645599994,coredns,4948,0.42,0.9621935534408436,66184,42322
59.64471241399997,nodestore,4306,5.79,10.633403236617008,71408,72020
59.64471241399997,nodeapiserver,4263,18.17,31.900209709851026,363480,363856
59.64471241399997,nodescheduler,4298,0.61,1.9333460430212743,67676,68036
59.64471241399997,nodecontroller,4271,2.03,2.9000190645319117,133400,133792
59.64471241399997,nodelet,4427,3.84,7.733384172085097,113976,111645
59.64471241399997,nodeproxy,4640,0.06,0.0,50524,50764
59.64471241399997,containerd,3718,3.08,6.766711150574461,96260,95328
59.64471241399997,flanneld,5270,0.2,0.9666730215106372,48180,48312
59.64471241399997,coredns,4939,0.43,0.9666730215106372,66436,42774
59.64471241399997,coredns,4948,0.42,0.0,66184,42322
60.685430213999894,nodestore,4306,5.89,9.608752728165813,71544,72112
60.685430213999894,nodeapiserver,4263,18.48,29.787133457314017,363480,363864
60.685430213999894,nodescheduler,4298,0.62,0.9608752728165812,67676,68036
60.685430213999894,nodecontroller,4271,2.07,3.843501091266325,133400,133804
60.685430213999894,nodelet,4427,3.89,4.8043763640829065,114616,112429
60.685430213999894,nodeproxy,4640,0.07,0.9608752728165812,50524,50764
60.685430213999894,containerd,3718,3.1,1.9217505456331625,96260,95332
60.685430213999894,flanneld,5270,0.2,0.0,48180,48312
60.685430213999894,coredns,4939,0.44,0.9608752728165812,66436,42778
60.685430213999894,coredns,4948,0.43,0.9608752728165812,66184,42326
61.703692810999996,nodestore,4306,5.98,8.838584493346653,71544,72132
61.703692810999996,nodeapiserver,4263,18.77,28.479883367450324,363480,363864
61.703692810999996,nodescheduler,4298,0.63,0.9820649437051837,67676,68036
61.703692810999996,nodecontroller,4271,2.1,2.9461948311155512,133400,133804
61.703692810999996,nodelet,4427,3.96,6.874454605936287,114616,112429
61.703692810999996,nodeproxy,4640,0.07,0.0,50524,50764
61.703692810999996,containerd,3718,3.16,5.8923896622311025,95952,95012
61.703692810999996,flanneld,5270,0.2,0.0,48180,48312
61.703692810999996,coredns,4939,0.44,0.0,66436,42778
61.703692810999996,coredns,4948,0.43,0.0,66184,42326
62.721331600999974,nodestore,4306,6.06,7.861335553060209,71672,72180
62.721331600999974,nodeapiserver,4263,19.19,41.272011653566096,363480,363880
62.721331600999974,nodescheduler,4298,0.63,0.0,67676,68036
62.721331600999974,nodecontroller,4271,2.14,3.9306677765301044,133400,133808
62.721331600999974,nodelet,4427,4.04,7.861335553060209,114616,112429
62.721331600999974,nodeproxy,4640,0.07,0.0,50524,50764
62.721331600999974,containerd,3718,3.18,1.9653338882650522,95952,95012
62.721331600999974,flanneld,5270,0.2,0.0,48180,48312
62.721331600999974,coredns,4939,0.46,1.9653338882650522,66436,42778
62.721331600999974,coredns,4948,0.43,0.0,66184,42326
63.74340880099999,nodestore,4306,6.17,10.762396421718307,71672,72200
63.74340880099999,nodeapiserver,4263,19.47,27.395190891646603,363480,363884
63.74340880099999,nodescheduler,4298,0.64,0.9783996747016642,67676,68040
63.74340880099999,nodecontroller,4271,2.16,1.9567993494033284,133400,133808
63.74340880099999,nodelet,4427,4.08,3.913598698806657,114616,112427
63.74340880099999,nodeproxy,4640,0.07,0.0,50524,50764
63.74340880099999,containerd,3718,3.22,3.913598698806657,96336,95350
63.74340880099999,flanneld,5270,0.2,0.0,47788,47996
63.74340880099999,coredns,4939,0.46,0.0,66436,42778
63.74340880099999,coredns,4948,0.45,1.9567993494033284,66184,42326
64.76330285899996,nodestore,4306,6.26,8.82444596024914,71672,72240
64.76330285899996,nodeapiserver,4263,19.75,27.45383187633066,363480,363884
64.76330285899996,nodescheduler,4298,0.65,0.9804939955832378,67676,68040
64.76330285899996,nodecontroller,4271,2.18,1.9609879911664756,133400,133808
64.76330285899996,nodelet,4427,4.12,3.921975982332951,114616,112429
64.76330285899996,nodeproxy,4640,0.07,0.0,50524,50764
64.76330285899996,containerd,3718,3.27,4.902469977916189,96336,95400
64.76330285899996,flanneld,5270,0.21,0.9804939955832378,47788,47996
64.76330285899996,coredns,4939,0.46,0.0,66436,42778
64.76330285899996,coredns,4948,0.45,0.0,66184,42326
65.7884787989999,nodestore,4306,6.38,11.705307871350065,71932,72368
65.7884787989999,nodeapiserver,4263,20.13,37.066808259275206,363480,363896
65.7884787989999,nodescheduler,4298,0.66,0.9754423226125054,67676,68040
65.7884787989999,nodecontroller,4271,2.28,9.754423226125054,133400,133836
65.7884787989999,nodelet,4427,4.22,9.754423226125054,111112,108781
65.7884787989999,nodeproxy,4640,0.07,0.0,50524,50800
65.7884787989999,containerd,3718,3.32,4.877211613062527,95000,94056
65.7884787989999,flanneld,5270,0.21,0.0,47788,47996
65.7884787989999,coredns,4939,0.47,0.9754423226125054,66260,42590
65.7884787989999,coredns,4948,0.46,0.9754423226125054,66184,42326
66.81083702599994,nodestore,4306,6.48,9.78130731078824,72188,72424
66.81083702599994,nodeapiserver,4263,20.43,29.34392193236472,363480,363900
66.81083702599994,nodescheduler,4298,0.67,0.978130731078824,67676,68040
66.81083702599994,nodecontroller,4271,2.32,3.912522924315296,133400,133840
66.81083702599994,nodelet,4427,4.27,4.89065365539412,111112,108781
66.81083702599994,nodeproxy,4640,0.07,0.0,50524,50848
66.81083702599994,containerd,3718,3.34,1.956261462157648,97144,96104
66.81083702599994,flanneld,5270,0.21,0.0,47788,47996
66.81083702599994,coredns,4939,0.49,1.956261462157648,66260,42590
66.81083702599994,coredns,4948,0.47,0.978130731078824,66184,42326
67.83096709999995,nodestore,4306,6.57,8.822404347624332,72188,72448
67.83096709999995,nodeapiserver,4263,20.73,29.408014492081104,363480,363908
67.83096709999995,nodescheduler,4298,0.68,0.9802671497360368,67676,68040
67.83096709999995,nodecontroller,4271,2.35,2.9408014492081103,133400,133840
67.83096709999995,nodelet,4427,4.3,2.9408014492081103,111880,109564
67.83096709999995,nodeproxy,4640,0.07,0.0,50524,50848
67.83096709999995,containerd,3718,3.35,0.9802671497360368,97144,96103
67.83096709999995,flanneld,5270,0.22,0.9802671497360368,47788,47996
67.83096709999995,coredns,4939,0.49,0.0,66260,42590
67.83096709999995,coredns,4948,0.47,0.0,66184,42326
68.85142446999998,nodestore,4306,6.67,9.799527441307712,72188,72508
68.85142446999998,nodeapiserver,4263,21.01,27.438676835661596,363480,363912
68.85142446999998,nodescheduler,4298,0.69,0.9799527441307712,67676,68040
68.85142446999998,nodecontroller,4271,2.37,1.9599054882615423,133400,133844
68.85142446999998,nodelet,4427,4.39,8.81957469717694,111312,108993
68.85142446999998,nodeproxy,4640,0.07,0.0,50524,50848
68.85142446999998,containerd,3718,3.44,8.81957469717694,97328,96176
68.85142446999998,flanneld,5270,0.22,0.0,47788,48000
68.85142446999998,coredns,4939,0.49,0.0,66260,42590
68.85142446999998,coredns,4948,0.48,0.9799527441307712,66184,42326
69.87062784699992,nodestore,4306,6.77,9.811584444937127,72188,72528
69.87062784699992,nodeapiserver,4263,21.29,27.47243644582396,363480,363912
69.87062784699992,nodescheduler,4298,0.7,0.9811584444937127,67676,68040
69.87062784699992,nodecontroller,4271,2.39,1.9623168889874254,133400,133844
69.87062784699992,nodelet,4427,4.41,1.9623168889874254,111312,108993
69.87062784699992,nodeproxy,4640,0.07,0.0,50524,50848
69.87062784699992,containerd,3718,3.45,0.9811584444937127,97328,96176
69.87062784699992,flanneld,5270,0.22,0.0,47916,48028
69.87062784699992,coredns,4939,0.51,1.9623168889874254,66260,42594
69.87062784699992,coredns,4948,0.48,0.0,66184,42326
70.92014906599991,nodestore,4306,6.89,11.43378502764714,72188,72580
70.92014906599991,nodeapiserver,4263,21.63,32.39572424500023,363480,363916
70.92014906599991,nodescheduler,4298,0.71,0.952815418970595,67676,68040
70.92014906599991,nodecontroller,4271,2.44,4.764077094852975,133400,133852
70.92014906599991,nodelet,4427,4.53,11.43378502764714,113476,111053
70.92014906599991,nodeproxy,4640,0.07,0.0,50524,50848
70.92014906599991,containerd,3718,3.59,13.33941586558833,98352,97264
70.92014906599991,flanneld,5270,0.22,0.0,47916,47988
70.92014906599991,coredns,4939,0.51,0.0,66260,42594
70.92014906599991,coredns,4948,0.5,1.90563083794119,66184,42326
72.05304558799992,nodestore,4306,7.01,10.592317803937872,72316,72712
72.05304558799992,nodeapiserver,4263,22.1,41.48657806542334,363608,364020
72.05304558799992,nodescheduler,4298,0.73,1.7653863006563122,67676,68044
72.05304558799992,nodecontroller,4271,2.5,5.296158901968936,133400,133852
72.05304558799992,nodelet,4427,4.71,15.88847670590681,113476,111225
72.05304558799992,nodeproxy,4640,0.07,0.0,50524,50848
72.05304558799992,containerd,3718,3.9,27.363487660172837,98580,97355
72.05304558799992,flanneld,5270,0.23,0.8826931503281561,48172,48324
72.05304558799992,coredns,4939,0.52,0.8826931503281561,66260,42594
72.05304558799992,coredns,4948,0.51,0.8826931503281561,66184,42326
73.1824224149999,nodestore,4306,7.15,12.396216803198282,72444,72912
73.1824224149999,nodeapiserver,4263,22.48,33.64687418010962,363608,364080
73.1824224149999,nodescheduler,4298,0.75,1.7708881147426114,67676,68044
73.1824224149999,nodecontroller,4271,2.55,4.427220286856529,133400,133868
73.1824224149999,nodelet,4427,4.92,18.59432520479742,114460,112269
73.1824224149999,nodeproxy,4640,0.08,0.8854440573713057,50524,50880
73.1824224149999,containerd,3718,4.18,24.792433606396564,98172,96992
73.1824224149999,flanneld,5270,0.24,0.8854440573713057,48172,48324
73.1824224149999,coredns,4939,0.53,0.8854440573713057,66260,42594
73.1824224149999,coredns,4948,0.52,0.8854440573713057,66184,42358
74.24061150299997,nodestore,4306,7.23,7.560085518477322,72444,72932
74.24061150299997,nodeapiserver,4263,22.73,23.625267245241634,363608,364084
74.24061150299997,nodescheduler,4298,0.76,0.9450106898096653,67676,68048
74.24061150299997,nodecontroller,4271,2.58,2.835032069428996,133400,133872
74.24061150299997,nodelet,4427,4.97,4.7250534490483265,114460,112280
74.24061150299997,nodeproxy,4640,0.08,0.0,50524,50904
74.24061150299997,containerd,3718,4.29,10.395117587906318,98300,97007
74.24061150299997,flanneld,5270,0.25,0.9450106898096653,48172,48324
74.24061150299997,coredns,4939,0.54,0.9450106898096653,66260,42594
74.24061150299997,coredns,4948,0.52,0.0,66184,42430
75.27676128099995,nodestore,4306,7.35,11.581337230185868,72592,73108
75.27676128099995,nodeapiserver,4263,23.05,30.883565947162314,363608,364096
75.27676128099995,nodescheduler,4298,0.77,0.9651114358488223,67676,68048
75.27676128099995,nodecontroller,4271,2.64,5.790668615092934,133400,133880
75.27676128099995,nodelet,4427,5.16,18.337117281127625,115356,113185
75.27676128099995,nodeproxy,4640,0.09,0.9651114358488223,50652,50992
75.27676128099995,containerd,3718,4.39,9.651114358488224,94944,93544
75.27676128099995,flanneld,5270,0.25,0.0,48172,48324
75.27676128099995,coredns,4939,0.55,0.9651114358488223,66260,42594
75.27676128099995,coredns,4948,0.53,0.9651114358488223,66184,42450
76.3299507239999,nodestore,4306,7.46,10.444464738145415,72592,73184
76.3299507239999,nodeapiserver,4263,23.38,31.333394214436247,363608,364100
76.3299507239999,nodescheduler,4298,0.78,0.949496794376856,67676,68048
76.3299507239999,nodecontroller,4271,2.68,3.797987177507424,133400,133888
76.3299507239999,nodelet,4427,5.19,2.8484903831305677,115356,113197
76.3299507239999,nodeproxy,4640,0.09,0.0,50652,50992
76.3299507239999,containerd,3718,4.41,1.898993588753712,94944,93544
76.3299507239999,flanneld,5270,0.25,0.0,48172,48324
76.3299507239999,coredns,4939,0.56,0.949496794376856,66260,42594
76.3299507239999,coredns,4948,0.54,0.949496794376856,66184,42458
77.36204097399991,nodestore,4306,7.55,8.720167640378262,72720,73220
77.36204097399991,nodeapiserver,4263,23.67,28.098317952329953,363608,364104
77.36204097399991,nodescheduler,4298,0.8,1.9378150311951694,67676,68056
77.36204097399991,nodecontroller,4271,2.71,2.906722546792754,133400,133888
77.36204097399991,nodelet,4427,5.23,3.875630062390339,115356,113209
77.36204097399991,nodeproxy,4640,0.09,0.0,50652,50992
77.36204097399991,containerd,3718,4.43,1.9378150311951694,94944,93544
77.36204097399991,flanneld,5270,0.25,0.0,48172,48324
77.36204097399991,coredns,4939,0.56,0.0,66260,42594
77.36204097399991,coredns,4948,0.55,0.9689075155975847,66184,42494
78.42381437099993,nodestore,4306,7.68,12.243667091990345,74888,75396
78.42381437099993,nodeapiserver,4263,24.01,32.021898548282444,363736,364208
78.42381437099993,nodescheduler,4298,0.81,0.9418205455377189,67676,68060
78.42381437099993,nodecontroller,4271,2.79,7.534564364301751,133400,133904
78.42381437099993,nodelet,4427,5.31,7.534564364301751,112944,110737
78.42381437099993,nodeproxy,4640,0.09,0.0,50780,51108
78.42381437099993,containerd,3718,4.49,5.650923273226313,94944,93556
78.42381437099993,flanneld,5270,0.25,0.0,48172,48324
78.42381437099993,coredns,4939,0.56,0.0,66260,42594
78.42381437099993,coredns,4948,0.56,0.9418205455377189,66184,42522
79.4569595879999,nodestore,4306,7.76,7.7433451448677015,75144,75404
79.4569595879999,nodeapiserver,4263,24.26,24.197953577711566,363736,364208
79.4569595879999,nodescheduler,4298,0.82,0.9679181431084627,67676,68060
79.4569595879999,nodecontroller,4271,2.83,3.8716725724338508,133400,133904
79.4569595879999,nodelet,4427,5.35,3.8716725724338508,112944,110777
79.4569595879999,nodeproxy,4640,0.09,0.0,50780,51164
79.4569595879999,containerd,3718,4.56,6.7754270017592395,94176,92776
79.4569595879999,flanneld,5270,0.27,1.9358362862169254,48172,48324
79.4569595879999,coredns,4939,0.58,1.9358362862169254,66260,42594
79.4569595879999,coredns,4948,0.57,0.9679181431084627,66312,42538
80.47826943199993,nodestore,4306,7.87,10.770482693986139,75280,75456
80.47826943199993,nodeapiserver,4263,24.55,28.394908920508907,363736,364208
80.47826943199993,nodescheduler,4298,0.83,0.9791347903623763,67676,68072
80.47826943199993,nodecontroller,4271,2.85,1.9582695807247525,133400,133908
80.47826943199993,nodelet,4427,5.4,4.895673951811881,112944,110821
80.47826943199993,nodeproxy,4640,0.1,0.9791347903623763,50780,51164
80.47826943199993,containerd,3718,4.57,0.9791347903623763,94176,92776
80.47826943199993,flanneld,5270,0.27,0.0,48172,48324
80.47826943199993,coredns,4939,0.58,0.0,66260,42598
80.47826943199993,coredns,4948,0.57,0.0,66312,42542
81.50254447999998,nodestore,4306,7.95,7.810402113788105,75280,75484
81.50254447999998,nodeapiserver,4263,24.85,29.289007926705395,363864,364264
81.50254447999998,nodescheduler,4298,0.84,0.9763002642235131,67676,68072
81.50254447999998,nodecontroller,4271,2.89,3.9052010568940525,133400,133908
81.50254447999998,nodelet,4427,5.47,6.834101849564593,113456,111429
81.50254447999998,nodeproxy,4640,0.1,0.0,50780,51172
81.50254447999998,containerd,3718,4.61,3.9052010568940525,94176,92812
81.50254447999998,flanneld,5270,0.27,0.0,48172,48324
81.50254447999998,coredns,4939,0.59,0.9763002642235131,66260,42598
81.50254447999998,coredns,4948,0.57,0.0,66312,42566
82.53351695099991,nodestore,4306,8.04,8.72962203469023,75280,75540
82.53351695099991,nodeapiserver,4263,25.14,28.12878211177963,370608,371040
82.53351695099991,nodescheduler,4298,0.85,0.9699580038544701,67676,68072
82.53351695099991,nodecontroller,4271,2.91,1.9399160077089401,133400,133912
82.53351695099991,nodelet,4427,5.53,5.81974802312682,113456,111433
82.53351695099991,nodeproxy,4640,0.1,0.0,50780,51172
82.53351695099991,containerd,3718,4.67,5.81974802312682,95072,93800
82.53351695099991,flanneld,5270,0.27,0.0,48172,48324
82.53351695099991,coredns,4939,0.59,0.0,66260,42602
82.53351695099991,coredns,4948,0.59,1.9399160077089401,66312,42582
83.5581908239999,nodestore,4306,8.15,10.735122939940695,75416,75656
83.5581908239999,nodeapiserver,4263,25.62,46.84417282883212,381996,382320
83.5581908239999,nodescheduler,4298,0.86,0.9759202672673359,67676,68088
83.5581908239999,nodecontroller,4271,2.96,4.8796013363366795,133400,133916
83.5581908239999,nodelet,4427,5.69,15.614724276277375,114480,112425
83.5581908239999,nodeproxy,4640,0.1,0.0,50780,51172
83.5581908239999,containerd,3718,4.75,7.8073621381386875,95072,93806
83.5581908239999,flanneld,5270,0.27,0.0,48040,48132
83.5581908239999,coredns,4939,0.59,0.0,66260,42602
83.5581908239999,coredns,4948,0.59,0.0,66312,42606
84.61277438699994,nodestore,4306,8.28,12.327140736972941,75416,75864
84.61277438699994,nodeapiserver,4263,25.98,34.13669742546353,382124,382360
84.61277438699994,nodescheduler,4298,0.88,1.8964831903035295,67676,68088
84.61277438699994,nodecontroller,4271,3.02,5.689449570910589,133400,133940
84.61277438699994,nodelet,4427,5.87,17.068348712731765,112880,110673
84.61277438699994,nodeproxy,4640,0.1,0.0,51036,51412
84.61277438699994,containerd,3718,4.96,19.91307349818706,95200,94280
84.61277438699994,flanneld,5270,0.29,1.8964831903035295,48168,48388
84.61277438699994,coredns,4939,0.61,1.8964831903035295,66260,42602
84.61277438699994,coredns,4948,0.6,0.9482415951517648,66312,42658
85.64242567999997,nodestore,4306,8.4,11.654431050182406,75588,75980
85.64242567999997,nodeapiserver,4263,26.32,33.020887975516814,382124,382384
85.64242567999997,nodescheduler,4298,0.89,0.9712025875152005,67676,68088
85.64242567999997,nodecontroller,4271,3.07,4.856012937576002,133400,133948
85.64242567999997,nodelet,4427,5.91,3.884810350060802,112880,110713
85.64242567999997,nodeproxy,4640,0.1,0.0,51036,51528
85.64242567999997,containerd,3718,4.97,0.9712025875152005,95200,94280
85.64242567999997,flanneld,5270,0.29,0.0,48168,48388
85.64242567999997,coredns,4939,0.62,0.9712025875152005,66260,42602
85.64242567999997,coredns,4948,0.61,0.9712025875152005,66312,42686
86.65946178099989,nodestore,4306,8.49,8.84924339573737,75588,76044
86.65946178099989,nodeapiserver,4263,26.62,29.497477985791235,382124,382396
86.65946178099989,nodescheduler,4298,0.9,0.9832492661930411,67676,68088
86.65946178099989,nodecontroller,4271,3.1,2.9497477985791236,133400,133948
86.65946178099989,nodelet,4427,5.99,7.865994129544329,113196,110817
86.65946178099989,nodeproxy,4640,0.1,0.0,51164,51604
86.65946178099989,containerd,3718,5.03,5.899495597158247,95200,94284
86.65946178099989,flanneld,5270,0.29,0.0,48168,48388
86.65946178099989,coredns,4939,0.62,0.0,66260,42602
86.65946178099989,coredns,4948,0.62,0.9832492661930411,66440,42702
87.725245825,nodestore,4306,8.6,10.321040235050521,75588,76088
87.725245825,nodeapiserver,4263,26.9,26.2717387801286,382124,382396
87.725245825,nodescheduler,4298,0.91,0.9382763850045929,67676,68088
87.725245825,nodecontroller,4271,3.14,3.7531055400183715,133400,133948
87.725245825,nodelet,4427,6.05,5.629658310027557,112516,110065
87.725245825,nodeproxy,4640,0.1,0.0,51164,51604
87.725245825,containerd,3718,5.05,1.8765527700091857,95200,94284
87.725245825,flanneld,5270,0.29,0.0,48168,48388
87.725245825,coredns,4939,0.62,0.0,66260,42602
87.725245825,coredns,4948,0.63,0.9382763850045929,66440,42706
88.7539362519999,nodestore,4306,8.67,6.804768292065259,75588,76112
88.7539362519999,nodeapiserver,4263,27.17,26.246963412251713,382124,382396
88.7539362519999,nodescheduler,4298,0.92,0.9721097560093227,67676,68088
88.7539362519999,nodecontroller,4271,3.15,0.9721097560093227,133400,133948
88.7539362519999,nodelet,4427,6.09,3.888439024037291,112516,110065
88.7539362519999,nodeproxy,4640,0.1,0.0,51164,51604
88.7539362519999,containerd,3718,5.12,6.804768292065259,95456,94452
88.7539362519999,flanneld,5270,0.3,0.9721097560093227,47396,47492
88.7539362519999,coredns,4939,0.64,1.9442195120186454,66260,42602
88.7539362519999,coredns,4948,0.63,0.0,66440,42710
89.773111739,nodestore,4306,8.78,10.793038235621285,75588,76144
89.773111739,nodeapiserver,4263,27.46,28.454373530274296,382124,382408
89.773111739,nodescheduler,4298,0.92,0.0,67676,68088
89.773111739,nodecontroller,4271,3.19,3.9247411765895586,133400,133948
89.773111739,nodelet,4427,6.13,3.9247411765895586,113412,111049
89.773111739,nodeproxy,4640,0.1,0.0,51164,51604
89.773111739,containerd,3718,5.14,1.9623705882947793,95712,94648
89.773111739,flanneld,5270,0.31,0.9811852941473896,47396,47492
89.773111739,coredns,4939,0.64,0.0,66260,42602
89.773111739,coredns,4948,0.65,1.9623705882947793,66440,42714
90.7974826379999,nodestore,4306,8.9,11.714506934661674,75860,76264
90.7974826379999,nodeapiserver,4263,27.82,35.14352080398502,382124,382412
90.7974826379999,nodescheduler,4298,0.94,1.9524178224436124,67676,68088
90.7974826379999,nodecontroller,4271,3.25,5.857253467330837,133400,133956
90.7974826379999,nodelet,4427,6.23,9.762089112218062,113412,111143
90.7974826379999,nodeproxy,4640,0.11,0.9762089112218062,51420,51752
90.7974826379999,containerd,3718,5.18,3.904835644887225,96736,95654
90.7974826379999,flanneld,5270,0.31,0.0,47396,47492
90.7974826379999,coredns,4939,0.65,0.9762089112218062,66260,42602
90.7974826379999,coredns,4948,0.65,0.0,66440,42714
91.82582904999992,nodestore,4306,8.99,8.751914622326542,75860,76308
91.82582904999992,nodeapiserver,4263,28.09,26.255743866979625,382124,382416
91.82582904999992,nodescheduler,4298,0.95,0.9724349580362823,67804,68152
91.82582904999992,nodecontroller,4271,3.28,2.917304874108847,133400,133956
91.82582904999992,nodelet,4427,6.3,6.807044706253977,113540,111241
91.82582904999992,nodeproxy,4640,0.12,0.9724349580362823,51420,51860
91.82582904999992,containerd,3718,5.24,5.834609748217694,96736,95688
91.82582904999992,flanneld,5270,0.31,0.0,47396,47492
91.82582904999992,coredns,4939,0.66,0.9724349580362823,66260,42618
91.82582904999992,coredns,4948,0.65,0.0,66440,42714
92.84619597599999,nodestore,4306,9.07,7.840316846960883,75860,76340
92.84619597599999,nodeapiserver,4263,28.34,24.50099014675276,382124,382420
92.84619597599999,nodescheduler,4298,0.96,0.9800396058701104,67932,68156
92.84619597599999,nodecontroller,4271,3.3,1.9600792117402208,133400,133956
92.84619597599999,nodelet,4427,6.38,7.840316846960883,113668,111297
92.84619597599999,nodeproxy,4640,0.12,0.0,51420,51860
92.84619597599999,containerd,3718,5.3,5.880237635220663,98872,97748
92.84619597599999,flanneld,5270,0.31,0.0,47396,47492
92.84619597599999,coredns,4939,0.66,0.0,66260,42634
92.84619597599999,coredns,4948,0.66,0.9800396058701104,66440,42714
93.86413336699991,nodestore,4306,9.17,9.82378689339333,75996,76388
93.86413336699991,nodeapiserver,4263,28.63,28.48898199084065,382252,382560
93.86413336699991,nodescheduler,4298,0.96,0.0,67932,68156
93.86413336699991,nodecontroller,4271,3.33,2.9471360680179988,133400,133968
93.86413336699991,nodelet,4427,6.41,2.9471360680179988,113668,111341
93.86413336699991,nodeproxy,4640,0.12,0.0,51420,51860
93.86413336699991,containerd,3718,5.32,1.9647573786786658,98872,97748
93.86413336699991,flanneld,5270,0.31,0.0,47396,47492
93.86413336699991,coredns,4939,0.68,1.9647573786786658,66388,42642
93.86413336699991,coredns,4948,0.67,0.9823786893393329,66440,42714
94.88895487399998,nodestore,4306,9.26,8.782017101051519,76124,76416
94.88895487399998,nodeapiserver,4263,29.05,40.98274647157375,384352,384704
94.88895487399998,nodescheduler,4298,0.97,0.9757796778946131,67932,68160
94.88895487399998,nodecontroller,4271,3.36,2.927339033683839,133400,133968
94.88895487399998,nodelet,4427,6.45,3.9031187115784522,114948,112797
94.88895487399998,nodeproxy,4640,0.12,0.0,51420,51860
94.88895487399998,containerd,3718,5.33,0.9757796778946131,98872,97748
94.88895487399998,flanneld,5270,0.31,0.0,47396,47492
94.88895487399998,coredns,4939,0.68,0.0,66388,42642
94.88895487399998,coredns,4948,0.67,0.0,66440,42714
95.9256687589999,nodestore,4306,9.34,7.7166903190464815,76124,76456
95.9256687589999,nodeapiserver,4263,29.3,24.114657247020254,384352,384712
95.9256687589999,nodescheduler,4298,0.98,0.9645862898808102,67932,68160
95.9256687589999,nodecontroller,4271,3.38,1.9291725797616204,133400,133968
95.9256687589999,nodelet,4427,6.53,7.7166903190464815,115332,113047
95.9256687589999,nodeproxy,4640,0.12,0.0,51420,51860
95.9256687589999,containerd,3718,5.46,12.539621768450532,98872,97743
95.9256687589999,flanneld,5270,0.32,0.9645862898808102,47396,47492
95.9256687589999,coredns,4939,0.69,0.9645862898808102,66388,42646
95.9256687589999,coredns,4948,0.69,1.9291725797616204,66144,42406
96.99651761199993,nodestore,4306,9.5,14.941417694173465,76268,76700
96.99651761199993,nodeapiserver,4263,29.71,38.2873828413195,384352,384728
96.99651761199993,nodescheduler,4298,1.01,2.8015158176575246,67932,68164
96.99651761199993,nodecontroller,4271,3.47,8.404547452972574,135580,136072
96.99651761199993,nodelet,4427,6.77,22.412126541260196,117636,115356
96.99651761199993,nodeproxy,4640,0.12,0.0,51548,51908
96.99651761199993,containerd,3718,5.64,16.809094905945148,99392,98356
96.99651761199993,flanneld,5270,0.34,1.867677211771683,47652,47984
96.99651761199993,coredns,4939,0.7,0.9338386058858416,66388,42666
96.99651761199993,coredns,4948,0.69,0.0,66144,42406
98.02536616199995,nodestore,4306,9.67,16.523326003617985,76412,76952
98.02536616199995,nodeapiserver,4263,30.13,40.822334832467966,384352,384736
98.02536616199995,nodescheduler,4298,1.03,1.9439207063079984,67932,68164
98.02536616199995,nodecontroller,4271,3.58,10.691563884693991,137692,138236
98.02536616199995,nodelet,4427,6.91,13.60744494415599,117764,115545
98.02536616199995,nodeproxy,4640,0.12,0.0,53708,54164
98.02536616199995,containerd,3718,5.81,16.523326003617985,93528,92268
98.02536616199995,flanneld,5270,0.34,0.0,47780,47984
98.02536616199995,coredns,4939,0.71,0.9719603531539992,66388,42666
98.02536616199995,coredns,4948,0.71,1.9439207063079984,66144,42406
99.04449540899998,nodestore,4306,9.75,7.849838500415262,76412,76984
99.04449540899998,nodeapiserver,4263,30.41,27.474434751453423,384352,384740
99.04449540899998,nodescheduler,4298,1.03,0.0,67932,68164
99.04449540899998,nodecontroller,4271,3.61,2.943689437655723,137692,138240
99.04449540899998,nodelet,4427,6.99,7.849838500415262,117764,115553
99.04449540899998,nodeproxy,4640,0.13,0.9812298125519078,53836,54340
99.04449540899998,containerd,3718,5.86,4.906149062759539,92724,91460
99.04449540899998,flanneld,5270,0.34,0.0,47780,47984
99.04449540899998,coredns,4939,0.71,0.0,66388,42666
99.04449540899998,coredns,4948,0.71,0.0,66144,42406
100.06951146899996,nodestore,4306,9.86,10.731539172176646,76672,77056
100.06951146899996,nodeapiserver,4263,30.72,30.243428576134182,384352,384744
100.06951146899996,nodescheduler,4298,1.05,1.9511889403957536,67932,68164
100.06951146899996,nodecontroller,4271,3.64,2.9267834105936306,137692,138244
100.06951146899996,nodelet,4427,7.05,5.853566821187261,117764,115557
100.06951146899996,nodeproxy,4640,0.14,0.9755944701978768,53836,54340
100.06951146899996,containerd,3718,5.93,6.829161291385139,92852,91572
100.06951146899996,flanneld,5270,0.35,0.9755944701978768,47780,47984
100.06951146899996,coredns,4939,0.72,0.9755944701978768,66388,42666
100.06951146899996,coredns,4948,0.73,1.9511889403957536,66144,42406
101.08982743899992,nodestore,4306,9.93,6.860619852887633,76672,77080
101.08982743899992,nodeapiserver,4263,30.98,25.48230231072549,384352,384744
101.08982743899992,nodescheduler,4298,1.05,0.0,67932,68164
101.08982743899992,nodecontroller,4271,3.67,2.940265651237557,137692,138244
101.08982743899992,nodelet,4427,7.1,4.900442752062594,117764,115561
101.08982743899992,nodeproxy,4640,0.14,0.0,53836,54340
101.08982743899992,containerd,3718,5.97,3.9203542016500754,93748,92596
101.08982743899992,flanneld,5270,0.35,0.0,47780,47984
101.08982743899992,coredns,4939,0.73,0.9800885504125189,66388,42666
101.08982743899992,coredns,4948,0.73,0.0,66144,42406
102.10424898199994,nodestore,4306,10.03,9.857834811380524,78836,79164
102.10424898199994,nodeapiserver,4263,31.25,26.616153990727415,384352,384752
102.10424898199994,nodescheduler,4298,1.07,1.9715669622761047,67932,68164
102.10424898199994,nodecontroller,4271,3.69,1.9715669622761047,137692,138244
102.10424898199994,nodelet,4427,7.14,3.9431339245522095,117764,115565
102.10424898199994,nodeproxy,4640,0.14,0.0,53836,54340
102.10424898199994,containerd,3718,6.0,2.9573504434141573,93748,92620
102.10424898199994,flanneld,5270,0.35,0.0,47780,47988
102.10424898199994,coredns,4939,0.74,0.9857834811380524,66388,42666
102.10424898199994,coredns,4948,0.74,0.9857834811380524,66144,42406
103.12576308399991,nodestore,4306,10.12,8.810451057287775,78836,79192
103.12576308399991,nodeapiserver,4263,31.55,29.368170190959248,384352,384760
103.12576308399991,nodescheduler,4298,1.07,0.0,67932,68164
103.12576308399991,nodecontroller,4271,3.73,3.915756025461233,137820,138252
103.12576308399991,nodelet,4427,7.26,11.7472680763837,116308,114037
103.12576308399991,nodeproxy,4640,0.14,0.0,53836,54340
103.12576308399991,containerd,3718,6.05,4.894695031826542,94644,93604
103.12576308399991,flanneld,5270,0.35,0.0,47364,47668
103.12576308399991,coredns,4939,0.74,0.0,66388,42666
103.12576308399991,coredns,4948,0.74,0.0,66144,42406
104.15327896399992,nodestore,4306,10.24,11.678651623369445,78836,79336
104.15327896399992,nodeapiserver,4263,32.04,47.6878274620919,384480,384780
104.15327896399992,nodescheduler,4298,1.09,1.9464419372282409,67932,68172
104.15327896399992,nodecontroller,4271,3.78,4.866104843070602,137820,138256
104.15327896399992,nodelet,4427,7.32,5.839325811684723,116436,114091
104.15327896399992,nodeproxy,4640,0.14,0.0,53964,54352
104.15327896399992,containerd,3718,6.08,2.9196629058423613,95692,94595
104.15327896399992,flanneld,5270,0.35,0.0,47364,47668
104.15327896399992,coredns,4939,0.75,0.9732209686141204,66388,42674
104.15327896399992,coredns,4948,0.76,1.9464419372282409,66144,42406
105.18809226299993,nodestore,4306,10.33,8.69722104334875,78836,79376
105.18809226299993,nodeapiserver,4263,32.31,26.09166313004625,384480,384788
105.18809226299993,nodescheduler,4298,1.1,0.9663578937054166,67932,68172
105.18809226299993,nodecontroller,4271,3.81,2.8990736811162496,137820,138256
105.18809226299993,nodelet,4427,7.4,7.730863149643333,115136,112589
105.18809226299993,nodeproxy,4640,0.14,0.0,53964,54356
105.18809226299993,containerd,3718,6.14,5.798147362232499,95692,94636
105.18809226299993,flanneld,5270,0.35,0.0,47364,47668
105.18809226299993,coredns,4939,0.75,0.0,66388,42698
105.18809226299993,coredns,4948,0.76,0.0,66144,42406
106.20343648599999,nodestore,4306,10.4,6.894213648369388,78836,79412
106.20343648599999,nodeapiserver,4263,32.57,25.60707926537201,384480,384792
106.20343648599999,nodescheduler,4298,1.1,0.0,67932,68172
106.20343648599999,nodecontroller,4271,3.84,2.9546629921583087,137820,138260
106.20343648599999,nodelet,4427,7.44,3.9395506562110785,116160,113569
106.20343648599999,nodeproxy,4640,0.14,0.0,53964,54356
106.20343648599999,containerd,3718,6.17,2.9546629921583087,95820,94636
106.20343648599999,flanneld,5270,0.36,0.9848876640527696,47364,47668
106.20343648599999,coredns,4939,0.76,0.9848876640527696,66388,42722
106.20343648599999,coredns,4948,0.77,0.9848876640527696,66144,42406
107.25393192199999,nodestore,4306,10.5,9.519317892590964,79100,79440
107.25393192199999,nodeapiserver,4263,32.87,28.557953677772893,384480,384792
107.25393192199999,nodescheduler,4298,1.11,0.9519317892590965,67932,68172
107.25393192199999,nodecontroller,4271,3.87,2.8557953677772896,137820,138264
107.25393192199999,nodelet,4427,7.47,2.8557953677772896,116160,113569
107.25393192199999,nodeproxy,4640,0.14,0.0,53964,54356
107.25393192199999,containerd,3718,6.19,1.903863578518193,95820,94636
107.25393192199999,flanneld,5270,0.36,0.0,47364,47668
107.25393192199999,coredns,4939,0.77,0.9519317892590965,66388,42722
107.25393192199999,coredns,4948,0.77,0.0,66144,42406
108.28054240799997,nodestore,4306,10.6,9.740792770355728,79228,79480
108.28054240799997,nodeapiserver,4263,33.13,25.326061202924894,384480,384804
108.28054240799997,nodescheduler,4298,1.12,0.9740792770355728,67932,68172
108.28054240799997,nodecontroller,4271,3.91,3.8963171081422914,137820,138264
108.28054240799997,nodelet,4427,7.54,6.818554939249011,116928,114554
108.28054240799997,nodeproxy,4640,0.14,0.0,53964,54356
108.28054240799997,containerd,3718,6.31,11.688951324426874,98764,97544
108.28054240799997,flanneld,5270,0.37,0.9740792770355728,47364,47668
108.28054240799997,coredns,4939,0.79,1.9481585540711457,66388,42722
108.28054240799997,coredns,4948,0.78,0.9740792770355728,66144,42406
109.31989883699998,nodestore,4306,10.75,14.432007713111357,79356,79712
109.31989883699998,nodeapiserver,4263,33.52,37.52322005408953,384480,384808
109.31989883699998,nodescheduler,4298,1.15,2.8864015426222713,67932,68172
109.31989883699998,nodecontroller,4271,3.99,7.697070780326057,137820,138280
109.31989883699998,nodelet,4427,7.77,22.129078493437415,118336,116105
109.31989883699998,nodeproxy,4640,0.15,0.9621338475407571,53964,54356
109.31989883699998,containerd,3718,6.45,13.469873865570602,99020,97848
109.31989883699998,flanneld,5270,0.37,0.0,47364,47668
109.31989883699998,coredns,4939,0.79,0.0,66388,42722
109.31989883699998,coredns,4948,0.79,0.9621338475407571,66144,42406
110.38766889899989,nodestore,4306,10.87,11.238374652988751,79492,79784
110.38766889899989,nodeapiserver,4263,33.84,29.968999074636667,384480,384816
110.38766889899989,nodescheduler,4298,1.16,0.9365312210823958,67932,68176
110.38766889899989,nodecontroller,4271,4.02,2.809593663247188,137820,138280
110.38766889899989,nodelet,4427,7.92,14.047968316235938,118464,116222
110.38766889899989,nodeproxy,4640,0.16,0.9365312210823958,53964,54360
110.38766889899989,containerd,3718,6.65,18.730624421647917,97304,96229
110.38766889899989,flanneld,5270,0.39,1.8730624421647917,47620,47924
110.38766889899989,coredns,4939,0.8,0.9365312210823958,66388,42722
110.38766889899989,coredns,4948,0.8,0.9365312210823958,66144,42406
111.45803807599998,nodestore,4306,11.02,14.01385645468634,79620,80020
111.45803807599998,nodeapiserver,4263,34.24,37.37028387916358,384480,384836
111.45803807599998,nodescheduler,4298,1.17,0.9342570969790894,67932,68176
111.45803807599998,nodecontroller,4271,4.09,6.539799678853627,137820,138288
111.45803807599998,nodelet,4427,8.02,9.342570969790895,117256,114993
111.45803807599998,nodeproxy,4640,0.16,0.0,53964,54364
111.45803807599998,containerd,3718,6.75,9.342570969790895,97560,96548
111.45803807599998,flanneld,5270,0.39,0.0,47620,47924
111.45803807599998,coredns,4939,0.81,0.9342570969790894,66388,42722
111.45803807599998,coredns,4948,0.8,0.0,66144,42422
112.50029006699992,nodestore,4306,11.1,7.675686944310603,79748,80056
112.50029006699992,nodeapiserver,4263,34.53,27.824365173125933,384480,384836
112.50029006699992,nodescheduler,4298,1.17,0.0,67932,68176
112.50029006699992,nodecontroller,4271,4.11,1.9189217360776507,137820,138288
112.50029006699992,nodelet,4427,8.06,3.8378434721553014,117384,115009
112.50029006699992,nodeproxy,4640,0.16,0.0,53964,54372
112.50029006699992,containerd,3718,6.77,1.9189217360776507,97560,96592
112.50029006699992,flanneld,5270,0.39,0.0,47620,47924
112.50029006699992,coredns,4939,0.81,0.0,66388,42722
112.50029006699992,coredns,4948,0.82,1.9189217360776507,66144,42426
113.52823158899992,nodestore,4306,11.19,8.755361863862982,79876,80184
113.52823158899992,nodeapiserver,4263,34.82,28.211721561336272,384480,384840
113.52823158899992,nodescheduler,4298,1.19,1.9456359697473293,67932,68176
113.52823158899992,nodecontroller,4271,4.14,2.918453954620994,137820,138288
113.52823158899992,nodelet,4427,8.18,11.673815818483977,119800,117425
113.52823158899992,nodeproxy,4640,0.16,0.0,53964,54372
113.52823158899992,containerd,3718,6.84,6.809725894115654,98712,97688
113.52823158899992,flanneld,5270,0.39,0.0,47620,47924
113.52823158899992,coredns,4939,0.82,0.9728179848736647,66388,42722
113.52823158899992,coredns,4948,0.82,0.0,66144,42442
114.5466687469999,nodestore,4306,11.27,7.8551729354715185,79876,80200
114.5466687469999,nodeapiserver,4263,35.22,39.275864677357596,386612,386916
114.5466687469999,nodescheduler,4298,1.19,0.0,67932,68176
114.5466687469999,nodecontroller,4271,4.17,2.9456898508018194,137820,138288
114.5466687469999,nodelet,4427,8.23,4.9094830846696995,119800,117425
114.5466687469999,nodeproxy,4640,0.16,0.0,53964,54372
114.5466687469999,containerd,3718,6.86,1.9637932338678796,99608,98676
114.5466687469999,flanneld,5270,0.4,0.9818966169339398,47620,47924
114.5466687469999,coredns,4939,0.83,0.9818966169339398,66388,42690
114.5466687469999,coredns,4948,0.82,0.0,66144,42490
115.56831166999996,nodestore,4306,11.36,8.809340129887518,79876,80228
115.56831166999996,nodeapiserver,4263,35.5,27.40683595965006,386612,386920
115.56831166999996,nodescheduler,4298,1.2,0.9788155699875021,67932,68176
115.56831166999996,nodecontroller,4271,4.19,1.9576311399750042,137820,138288
115.56831166999996,nodelet,4427,8.29,5.8728934199250125,118104,115641
115.56831166999996,nodeproxy,4640,0.16,0.0,53964,54372
115.56831166999996,containerd,3718,6.91,4.894077849937511,99608,98680
115.56831166999996,flanneld,5270,0.4,0.0,47620,47924
115.56831166999996,coredns,4939,0.83,0.0,66388,42690
115.56831166999996,coredns,4948,0.84,1.9576311399750042,66144,42514
116.59139620099995,nodestore,4306,11.5,13.68410876696177,80004,80364
116.59139620099995,nodeapiserver,4263,35.87,36.16514459839896,386612,386928
116.59139620099995,nodescheduler,4298,1.23,2.9323090214918075,67932,68180
116.59139620099995,nodecontroller,4271,4.29,9.774363404972691,139888,140360
116.59139620099995,nodelet,4427,8.35,5.864618042983615,118104,115649
116.59139620099995,nodeproxy,4640,0.16,0.0,53964,54380
116.59139620099995,containerd,3718,6.93,1.9548726809945383,99608,98680
116.59139620099995,flanneld,5270,0.4,0.0,47620,47924
116.59139620099995,coredns,4939,0.83,0.0,66388,42690
116.59139620099995,coredns,4948,0.84,0.0,66144,42562
117.61167242299996,nodestore,4306,11.57,6.860887129446358,80004,80376
117.61167242299996,nodeapiserver,4263,36.15,27.44354851778543,386612,386928
117.61167242299996,nodescheduler,4298,1.23,0.0,67932,68188
117.61167242299996,nodecontroller,4271,4.31,1.960253465556102,139888,140360
117.61167242299996,nodelet,4427,8.41,5.880760396668306,120112,117703
117.61167242299996,nodeproxy,4640,0.16,0.0,53964,54380
117.61167242299996,containerd,3718,6.96,2.940380198334153,99748,98714
117.61167242299996,flanneld,5270,0.41,0.980126732778051,47620,47924
117.61167242299996,coredns,4939,0.85,1.960253465556102,66388,42690
117.61167242299996,coredns,4948,0.84,0.0,66272,42618
118.63039510199997,nodestore,4306,11.66,8.834592755738523,80004,80408
118.63039510199997,nodeapiserver,4263,36.4,24.540535432607005,386612,386928
118.63039510199997,nodescheduler,4298,1.25,1.9632428346085604,67932,68188
118.63039510199997,nodecontroller,4271,4.35,3.926485669217121,139888,140364
118.63039510199997,nodelet,4427,8.45,3.926485669217121,120112,117713
118.63039510199997,nodeproxy,4640,0.16,0.0,53964,54380
118.63039510199997,containerd,3718,7.04,7.852971338434242,100404,99236
118.63039510199997,flanneld,5270,0.41,0.0,47620,47924
118.63039510199997,coredns,4939,0.85,0.0,66388,42698
118.63039510199997,coredns,4948,0.86,1.9632428346085604,66400,42666
119.65425207299995,nodestore,4306,11.75,8.790290299249346,80136,80436
119.65425207299995,nodeapiserver,4263,36.67,26.370870897748038,386612,386932
119.65425207299995,nodescheduler,4298,1.26,0.9766989221388162,67932,68192
119.65425207299995,nodecontroller,4271,4.36,0.9766989221388162,139888,140368
119.65425207299995,nodelet,4427,8.51,5.860193532832897,119796,117425
119.65425207299995,nodeproxy,4640,0.16,0.0,53964,54380
119.65425207299995,containerd,3718,7.06,1.9533978442776323,100404,99236
119.65425207299995,flanneld,5270,0.41,0.0,47620,47924
119.65425207299995,coredns,4939,0.86,0.9766989221388162,66388,42698
119.65425207299995,coredns,4948,0.87,0.9766989221388162,66400,42714
120.676668963,nodestore,4306,11.84,8.802671481688456,80136,80492
120.676668963,nodeapiserver,4263,36.96,28.364163663218356,386612,386940
120.676668963,nodescheduler,4298,1.26,0.0,67932,68192
120.676668963,nodecontroller,4271,4.4,3.912298436305981,139888,140368
120.676668963,nodelet,4427,8.58,6.8465222635354674,120820,118453
120.676668963,nodeproxy,4640,0.16,0.0,53964,54380
120.676668963,containerd,3718,7.15,8.802671481688456,103376,102255
120.676668963,flanneld,5270,0.41,0.0,47620,47924
120.676668963,coredns,4939,0.86,0.0,66388,42698
120.676668963,coredns,4948,0.89,1.9561492181529905,66400,42714
121.82939463299999,nodestore,4306,12.01,14.747654574223258,80264,80708
121.82939463299999,nodeapiserver,4263,37.39,37.30289098185883,386612,386948
121.82939463299999,nodescheduler,4298,1.29,2.6025272778041044,67932,68204
121.82939463299999,nodecontroller,4271,4.49,7.807581833412313,140016,140392
121.82939463299999,nodelet,4427,8.78,17.35018185202736,119696,117335
121.82939463299999,nodeproxy,4640,0.17,0.8675090926013681,53964,54392
121.82939463299999,containerd,3718,7.3,13.012636389020521,104016,102910
121.82939463299999,flanneld,5270,0.43,1.7350181852027362,48004,48504
121.82939463299999,coredns,4939,0.87,0.8675090926013681,66388,42698
121.82939463299999,coredns,4948,0.89,0.0,66400,42718
122.95781427199995,nodestore,4306,12.14,11.520536820434126,80264,80832
122.95781427199995,nodeapiserver,4263,37.72,29.244439621102014,386612,386956
122.95781427199995,nodescheduler,4298,1.3,0.8861951400333944,67932,68204
122.95781427199995,nodecontroller,4271,4.54,4.430975700166972,140016,140392
122.95781427199995,nodelet,4427,9.02,21.268683360801464,118112,115998
122.95781427199995,nodeproxy,4640,0.17,0.0,53964,54404
122.95781427199995,containerd,3718,7.54,21.268683360801464,103372,102150
122.95781427199995,flanneld,5270,0.44,0.8861951400333944,48120,48568
122.95781427199995,coredns,4939,0.89,1.7723902800667888,66388,42698
122.95781427199995,coredns,4948,0.89,0.0,66528,42750
124.01695594699993,nodestore,4306,12.26,11.329929020119286,80592,80984
124.01695594699993,nodeapiserver,4263,38.05,31.157304805328035,386612,386964
124.01695594699993,nodescheduler,4298,1.31,0.9441607516766072,67932,68204
124.01695594699993,nodecontroller,4271,4.59,4.720803758383036,140016,140392
124.01695594699993,nodelet,4427,9.16,13.218250523472502,118112,116049
124.01695594699993,nodeproxy,4640,0.18,0.9441607516766072,53964,54404
124.01695594699993,containerd,3718,7.63,8.497446765089464,103500,102936
124.01695594699993,flanneld,5270,0.44,0.0,48120,48568
124.01695594699993,coredns,4939,0.89,0.0,66388,42614
124.01695594699993,coredns,4948,0.91,1.8883215033532144,66528,42778
125.06177594399992,nodestore,4306,12.36,9.571026615793315,80592,81048
125.06177594399992,nodeapiserver,4263,38.51,44.026722432649244,388732,389048
125.06177594399992,nodescheduler,4298,1.32,0.9571026615793314,67932,68204
125.06177594399992,nodecontroller,4271,4.63,3.8284106463173257,140016,140400
125.06177594399992,nodelet,4427,9.22,5.742615969475988,118112,116052
125.06177594399992,nodeproxy,4640,0.18,0.0,53964,54404
125.06177594399992,containerd,3718,7.66,2.871307984737994,104652,103440
125.06177594399992,flanneld,5270,0.44,0.0,48120,48568
125.06177594399992,coredns,4939,0.91,1.9142053231586629,66388,42614
125.06177594399992,coredns,4948,0.91,0.0,66656,42818
126.11570485599998,nodestore,4306,12.46,9.488305981684112,80592,81096
126.11570485599998,nodeapiserver,4263,38.83,30.36257914138916,388732,389052
126.11570485599998,nodescheduler,4298,1.33,0.9488305981684112,67932,68204
126.11570485599998,nodecontroller,4271,4.66,2.8464917945052335,140016,140400
126.11570485599998,nodelet,4427,9.28,5.692983589010467,120408,118129
126.11570485599998,nodeproxy,4640,0.18,0.0,53964,54404
126.11570485599998,containerd,3718,7.68,1.8976611963368224,104652,103440
126.11570485599998,flanneld,5270,0.44,0.0,48120,48568
126.11570485599998,coredns,4939,0.92,0.9488305981684112,66388,42614
126.11570485599998,coredns,4948,0.91,0.0,66656,42818
127.15019048199997,nodestore,4306,12.56,9.666639872674347,80720,81132
127.15019048199997,nodeapiserver,4263,39.11,27.066591643488174,388732,389052
127.15019048199997,nodescheduler,4298,1.34,0.9666639872674347,67932,68204
127.15019048199997,nodecontroller,4271,4.69,2.899991961802304,140016,140400
127.15019048199997,nodelet,4427,9.33,4.8333199363371735,120920,118705
127.15019048199997,nodeproxy,4640,0.18,0.0,53964,54404
127.15019048199997,containerd,3718,7.71,2.899991961802304,104652,103440
127.15019048199997,flanneld,5270,0.44,0.0,48120,48568
127.15019048199997,coredns,4939,0.93,0.9666639872674347,66388,42614
127.15019048199997,coredns,4948,0.93,1.9333279745348695,66656,42818
128.17829399599998,nodestore,4306,12.66,9.72664703877271,80720,81180
128.17829399599998,nodeapiserver,4263,39.41,29.17994111631813,388732,389056
128.17829399599998,nodescheduler,4298,1.35,0.972664703877271,67932,68204
128.17829399599998,nodecontroller,4271,4.71,1.945329407754542,140016,140400
128.17829399599998,nodelet,4427,9.39,5.835988223263626,120920,118733
128.17829399599998,nodeproxy,4640,0.18,0.0,53964,54404
128.17829399599998,containerd,3718,7.77,5.835988223263626,104652,103520
128.17829399599998,flanneld,5270,0.45,0.972664703877271,48120,48568
128.17829399599998,coredns,4939,0.93,0.0,66388,42614
128.17829399599998,coredns,4948,0.93,0.0,66656,42818
129.2032550219999,nodestore,4306,12.74,7.805174828179923,80720,81208
129.2032550219999,nodeapiserver,4263,39.68,26.34246504510724,388732,389056
129.2032550219999,nodescheduler,4298,1.36,0.9756468535224904,67932,68204
129.2032550219999,nodecontroller,4271,4.74,2.926940560567471,140016,140400
129.2032550219999,nodelet,4427,9.44,4.878234267612452,120920,118745
129.2032550219999,nodeproxy,4640,0.18,0.0,53964,54404
129.2032550219999,containerd,3718,7.84,6.8295279746574336,104652,103528
129.2032550219999,flanneld,5270,0.45,0.0,48120,48568
129.2032550219999,coredns,4939,0.94,0.9756468535224904,66388,42614
129.2032550219999,coredns,4948,0.94,0.9756468535224904,66656,42822
130.23416478499996,nodestore,4306,12.86,11.640204051495834,81024,81336
130.23416478499996,nodeapiserver,4263,40.04,34.9206121544875,388732,389064
130.23416478499996,nodescheduler,4298,1.38,1.940034008582639,67932,68204
130.23416478499996,nodecontroller,4271,4.79,4.850085021456597,140016,140404
130.23416478499996,nodelet,4427,9.49,4.850085021456597,120920,118749
130.23416478499996,nodeproxy,4640,0.19,0.9700170042913195,53964,54404
130.23416478499996,containerd,3718,7.86,1.940034008582639,104652,103528
130.23416478499996,flanneld,5270,0.46,0.9700170042913195,47844,48120
130.23416478499996,coredns,4939,0.94,0.0,66388,42614
130.23416478499996,coredns,4948,0.95,0.9700170042913195,66656,42822
131.27374982499998,nodestore,4306,12.96,9.61922268523584,81024,81376
131.27374982499998,nodeapiserver,4263,40.35,29.819590324231104,388732,389068
131.27374982499998,nodescheduler,4298,1.38,0.0,67932,68204
131.27374982499998,nodecontroller,4271,4.84,4.80961134261792,140016,140404
131.27374982499998,nodelet,4427,9.62,12.504989490806592,123096,120785
131.27374982499998,nodeproxy,4640,0.19,0.0,53964,54404
131.27374982499998,containerd,3718,7.92,5.771533611141504,106816,105580
131.27374982499998,flanneld,5270,0.46,0.0,47844,48120
131.27374982499998,coredns,4939,0.95,0.961922268523584,66388,42614
131.27374982499998,coredns,4948,0.95,0.0,66656,42826
132.29230097799996,nodestore,4306,13.05,8.836080518383366,81024,81412
132.29230097799996,nodeapiserver,4263,40.64,28.471815003679726,388732,389068
132.29230097799996,nodescheduler,4298,1.39,0.9817867242648183,67932,68204
132.29230097799996,nodecontroller,4271,4.87,2.945360172794455,140016,140404
132.29230097799996,nodelet,4427,9.67,4.908933621324092,123224,120985
132.29230097799996,nodeproxy,4640,0.19,0.0,53964,54404
132.29230097799996,containerd,3718,7.98,5.89072034558891,106816,105627
132.29230097799996,flanneld,5270,0.46,0.0,47844,48120
132.29230097799996,coredns,4939,0.96,0.9817867242648183,66388,42622
132.29230097799996,coredns,4948,0.96,0.9817867242648183,66656,42826
133.37575590099993,nodestore,4306,13.15,9.229733316741056,81024,81456
133.37575590099993,nodeapiserver,4263,40.92,25.843253286874962,388860,389136
133.37575590099993,nodescheduler,4298,1.4,0.9229733316741057,67932,68204
133.37575590099993,nodecontroller,4271,4.89,1.8459466633482113,140016,140404
133.37575590099993,nodelet,4427,9.78,10.152706648415162,123224,121021
133.37575590099993,nodeproxy,4640,0.19,0.0,53964,54404
133.37575590099993,containerd,3718,8.14,14.76757330678569,106816,105640
133.37575590099993,flanneld,5270,0.46,0.0,47844,48120
133.37575590099993,coredns,4939,0.97,0.9229733316741057,66388,42622
133.37575590099993,coredns,4948,0.96,0.0,66656,42826
134.42096447199992,nodestore,4306,13.21,5.740481054666038,81024,81468
134.42096447199992,nodeapiserver,4263,41.12,19.13493684888679,388860,389136
134.42096447199992,nodescheduler,4298,1.41,0.9567468424443396,67932,68204
134.42096447199992,nodecontroller,4271,4.91,1.9134936848886792,140016,140404
134.42096447199992,nodelet,4427,9.84,5.740481054666038,123224,121034
134.42096447199992,nodeproxy,4640,0.19,0.0,53964,54404
134.42096447199992,containerd,3718,8.42,26.78891158844151,102564,101278
134.42096447199992,flanneld,5270,0.47,0.9567468424443396,47844,48120
134.42096447199992,coredns,4939,0.97,0.0,66388,42622
134.42096447199992,coredns,4948,0.97,0.9567468424443396,66656,42826
135.4748260319999,nodestore,4306,13.39,17.08004227803931,81320,81748
135.4748260319999,nodeapiserver,4263,41.56,41.75121445742943,388988,389152
135.4748260319999,nodescheduler,4298,1.43,1.897782475337701,67932,68216
135.4748260319999,nodecontroller,4271,5.04,12.335586089695058,140016,140424
135.4748260319999,nodelet,4427,10.14,28.466737130065518,121368,119085
135.4748260319999,nodeproxy,4640,0.2,0.9488912376688505,53964,54404
135.4748260319999,containerd,3718,8.68,24.671172179390116,98120,96710
135.4748260319999,flanneld,5270,0.48,0.9488912376688505,47844,48124
135.4748260319999,coredns,4939,0.99,1.897782475337701,66388,42622
135.4748260319999,coredns,4948,0.98,0.9488912376688505,66656,42826
136.50881232999996,nodestore,4306,13.51,11.605569651368162,81616,81920
136.50881232999996,nodeapiserver,4263,42.05,47.38940940975333,393144,393352
136.50881232999996,nodescheduler,4298,1.45,1.9342616085613602,67932,68216
136.50881232999996,nodecontroller,4271,5.11,6.769915629964762,140016,140432
136.50881232999996,nodelet,4427,10.28,13.539831259929525,121496,119456
136.50881232999996,nodeproxy,4640,0.2,0.0,53964,54412
136.50881232999996,containerd,3718,8.93,24.178270107017003,96004,94608
136.50881232999996,flanneld,5270,0.49,0.9671308042806801,47844,48124
136.50881232999996,coredns,4939,0.99,0.0,66388,42626
136.50881232999996,coredns,4948,0.99,0.9671308042806801,66656,42834
137.56642832299997,nodestore,4306,13.63,11.346273202583701,83748,84084
137.56642832299997,nodeapiserver,4263,42.36,29.31120577334123,393144,393360
137.56642832299997,nodescheduler,4298,1.46,0.9455227668819751,67932,68220
137.56642832299997,nodecontroller,4271,5.15,3.7820910675279005,140016,140436
137.56642832299997,nodelet,4427,10.41,12.291795969465676,120468,118184
137.56642832299997,nodeproxy,4640,0.2,0.0,53964,54424
137.56642832299997,containerd,3718,9.16,21.747023638285427,97284,96112
137.56642832299997,flanneld,5270,0.49,0.0,47844,48124
137.56642832299997,coredns,4939,1.0,0.9455227668819751,66388,42626
137.56642832299997,coredns,4948,0.99,0.0,66656,42838
138.5882370239999,nodestore,4306,13.7,6.850597370280571,83748,84128
138.5882370239999,nodeapiserver,4263,42.63,26.42373271393934,393144,393364
138.5882370239999,nodescheduler,4298,1.47,0.9786567671829386,67932,68220
138.5882370239999,nodecontroller,4271,5.19,3.9146270687317544,140016,140436
138.5882370239999,nodelet,4427,10.44,2.935970301548816,120596,118224
138.5882370239999,nodeproxy,4640,0.2,0.0,53964,54432
138.5882370239999,containerd,3718,9.19,2.935970301548816,97412,96192
138.5882370239999,flanneld,5270,0.5,0.9786567671829386,47844,48124
138.5882370239999,coredns,4939,1.0,0.0,66388,42626
138.5882370239999,coredns,4948,1.0,0.9786567671829386,66656,42838
139.61779685499994,nodestore,4306,13.79,8.74159978760841,83892,84168
139.61779685499994,nodeapiserver,4263,42.89,25.2535104975354,393144,393368
139.61779685499994,nodescheduler,4298,1.49,1.9425777305796463,67932,68220
139.61779685499994,nodecontroller,4271,5.21,1.9425777305796463,140016,140436
139.61779685499994,nodelet,4427,10.49,4.856444326449116,120596,118224
139.61779685499994,nodeproxy,4640,0.2,0.0,53964,54432
139.61779685499994,containerd,3718,9.23,3.8851554611592927,97412,96244
139.61779685499994,flanneld,5270,0.5,0.0,47844,48124
139.61779685499994,coredns,4939,1.01,0.9712888652898232,66388,42626
139.61779685499994,coredns,4948,1.01,0.9712888652898232,66656,42838
140.663985798,nodestore,4306,13.88,8.602652570759846,83892,84200
140.663985798,nodeapiserver,4263,43.17,26.76380799791952,393144,393372
140.663985798,nodescheduler,4298,1.49,0.0,67932,68220
140.663985798,nodecontroller,4271,5.24,2.8675508569199484,140016,140436
140.663985798,nodelet,4427,10.53,3.823401142559931,120596,118260
140.663985798,nodeproxy,4640,0.2,0.0,53964,54432
140.663985798,containerd,3718,9.25,1.9117005712799655,98436,97236
140.663985798,flanneld,5270,0.5,0.0,47844,48124
140.663985798,coredns,4939,1.02,0.9558502856399828,66388,42634
140.663985798,coredns,4948,1.02,0.9558502856399828,66656,42842
141.6872444799999,nodestore,4306,13.97,8.795429893064865,83892,84232
141.6872444799999,nodeapiserver,4263,43.47,29.31809964354955,393144,393376
141.6872444799999,nodescheduler,4298,1.51,1.9545399762366367,67932,68224
141.6872444799999,nodecontroller,4271,5.27,2.931809964354955,140016,140436
141.6872444799999,nodelet,4427,10.63,9.772699881183183,120276,117860
141.6872444799999,nodeproxy,4640,0.2,0.0,53964,54432
141.6872444799999,containerd,3718,9.34,8.795429893064865,99332,98264
141.6872444799999,flanneld,5270,0.51,0.9772699881183183,47844,48124
141.6872444799999,coredns,4939,1.02,0.0,66388,42650
141.6872444799999,coredns,4948,1.02,0.0,66656,42842
142.70340353999995,nodestore,4306,14.08,10.825076932344933,84064,84368
142.70340353999995,nodeapiserver,4263,43.77,29.522937088213457,393144,393388
142.70340353999995,nodescheduler,4298,1.51,0.0,67932,68224
142.70340353999995,nodecontroller,4271,5.31,3.936391611761794,140016,140436
142.70340353999995,nodelet,4427,10.69,5.904587417642691,120276,117864
142.70340353999995,nodeproxy,4640,0.2,0.0,54092,54432
142.70340353999995,containerd,3718,9.37,2.9522937088213457,99332,98264
142.70340353999995,flanneld,5270,0.51,0.0,47844,48124
142.70340353999995,coredns,4939,1.04,1.968195805880897,66388,42698
142.70340353999995,coredns,4948,1.04,1.968195805880897,66656,42850
143.730249211,nodestore,4306,14.15,6.816993242210089,84196,84408
143.730249211,nodeapiserver,4263,44.02,24.3464044364646,393144,393388
143.730249211,nodescheduler,4298,1.52,0.973856177458584,67932,68228
143.730249211,nodecontroller,4271,5.34,2.921568532375752,140016,140436
143.730249211,nodelet,4427,10.77,7.790849419668672,121300,118888
143.730249211,nodeproxy,4640,0.22,1.947712354917168,54092,54444
143.730249211,containerd,3718,9.41,3.895424709834336,99332,98264
143.730249211,flanneld,5270,0.51,0.0,47844,48124
143.730249211,coredns,4939,1.04,0.0,66516,42706
143.730249211,coredns,4948,1.04,0.0,66656,42850
144.74828010299996,nodestore,4306,14.24,8.84059616532775,84196,84444
144.74828010299996,nodeapiserver,4263,44.3,27.504076958797445,393144,393388
144.74828010299996,nodescheduler,4298,1.53,0.9822884628141944,67932,68228
144.74828010299996,nodecontroller,4271,5.37,2.9468653884425833,140016,140440
144.74828010299996,nodelet,4427,10.84,6.876019239699361,121300,118888
144.74828010299996,nodeproxy,4640,0.22,0.0,54092,54444
144.74828010299996,containerd,3718,9.42,0.9822884628141944,99332,98264
144.74828010299996,flanneld,5270,0.51,0.0,47844,48124
144.74828010299996,coredns,4939,1.04,0.0,66516,42706
144.74828010299996,coredns,4948,1.06,1.9645769256283887,66656,42850
145.7682666139999,nodestore,4306,14.33,8.823646100159442,84196,84476
145.7682666139999,nodeapiserver,4263,44.58,27.451343422718264,393144,393392
145.7682666139999,nodescheduler,4298,1.54,0.9804051222399379,67932,68232
145.7682666139999,nodecontroller,4271,5.4,2.9412153667198138,140016,140448
145.7682666139999,nodelet,4427,10.87,2.9412153667198138,121300,118890
145.7682666139999,nodeproxy,4640,0.22,0.0,54092,54444
145.7682666139999,containerd,3718,9.45,2.9412153667198138,99460,98362
145.7682666139999,flanneld,5270,0.52,0.9804051222399379,47844,48124
145.7682666139999,coredns,4939,1.05,0.9804051222399379,66516,42706
145.7682666139999,coredns,4948,1.06,0.0,66656,42850
146.78680418099998,nodestore,4306,14.43,9.817998200550756,84328,84624
146.78680418099998,nodeapiserver,4263,44.88,29.45399460165227,393144,393408
146.78680418099998,nodescheduler,4298,1.55,0.9817998200550756,67932,68232
146.78680418099998,nodecontroller,4271,5.45,4.908999100275378,140016,140452
146.78680418099998,nodelet,4427,11.05,17.67239676099136,121300,118892
146.78680418099998,nodeproxy,4640,0.22,0.0,54092,54444
146.78680418099998,containerd,3718,9.62,16.690596940936285,99588,98448
146.78680418099998,flanneld,5270,0.53,0.9817998200550756,47844,48124
146.78680418099998,coredns,4939,1.06,0.9817998200550756,66516,42722
146.78680418099998,coredns,4948,1.07,0.9817998200550756,66656,42850
147.81420780899998,nodestore,4306,14.54,10.706600308014467,84328,84684
147.81420780899998,nodeapiserver,4263,45.24,35.039782826229164,399436,399668
147.81420780899998,nodescheduler,4298,1.56,0.9733273007285879,67932,68236
147.81420780899998,nodecontroller,4271,5.49,3.8933092029143515,140016,140456
147.81420780899998,nodelet,4427,11.11,5.839963804371527,121300,118896
147.81420780899998,nodeproxy,4640,0.22,0.0,54092,54444
147.81420780899998,containerd,3718,9.67,4.8666365036429395,96732,95480
147.81420780899998,flanneld,5270,0.53,0.0,47844,48124
147.81420780899998,coredns,4939,1.07,0.9733273007285879,66516,42738
147.81420780899998,coredns,4948,1.08,0.9733273007285879,66656,42850
148.84952812099993,nodestore,4306,14.65,10.62473117981336,84456,84816
148.84952812099993,nodeapiserver,4263,45.66,40.56715541383282,403616,403836
148.84952812099993,nodescheduler,4298,1.58,1.9317693054206106,67932,68236
148.84952812099993,nodecontroller,4271,5.53,3.8635386108412213,140016,140464
148.84952812099993,nodelet,4427,11.28,16.42003909607519,120380,117839
148.84952812099993,nodeproxy,4640,0.22,0.0,54092,54444
148.84952812099993,containerd,3718,9.84,16.42003909607519,96860,95799
148.84952812099993,flanneld,5270,0.55,1.9317693054206106,47972,48252
148.84952812099993,coredns,4939,1.07,0.0,66516,42786
148.84952812099993,coredns,4948,1.08,0.0,66656,42850
149.91438022599993,nodestore,4306,14.8,14.086463208897916,84612,84956
149.91438022599993,nodeapiserver,4263,46.05,36.624804343134585,403616,403844
149.91438022599993,nodescheduler,4298,1.59,0.939097547259861,67932,68236
149.91438022599993,nodecontroller,4271,5.59,5.634585283559167,140016,140468
149.91438022599993,nodelet,4427,11.38,9.39097547259861,120380,117884
149.91438022599993,nodeproxy,4640,0.22,0.0,54092,54444
149.91438022599993,containerd,3718,9.92,7.512780378078888,97244,96056
149.91438022599993,flanneld,5270,0.55,0.0,47972,48252
149.91438022599993,coredns,4939,1.08,0.939097547259861,66516,42806
149.91438022599993,coredns,4948,1.09,0.939097547259861,66656,42850
150.93664716799992,nodestore,4306,14.88,7.8257445989093695,84612,85008
150.93664716799992,nodeapiserver,4263,46.32,26.411888021319122,403616,403844
150.93664716799992,nodescheduler,4298,1.61,1.9564361497273424,67932,68236
150.93664716799992,nodecontroller,4271,5.62,2.934654224591014,140016,140468
150.93664716799992,nodelet,4427,11.49,10.760398823500383,118928,116536
150.93664716799992,nodeproxy,4640,0.23,0.9782180748636712,54092,54444
150.93664716799992,containerd,3718,10.0,7.8257445989093695,98652,97516
150.93664716799992,flanneld,5270,0.55,0.0,47972,48252
150.93664716799992,coredns,4939,1.09,0.9782180748636712,66516,42806
150.93664716799992,coredns,4948,1.09,0.0,66656,42850
151.95488980599998,nodestore,4306,14.96,7.856673548568807,84612,85036
151.95488980599998,nodeapiserver,4263,46.6,27.49835741999083,403616,403844
151.95488980599998,nodescheduler,4298,1.61,0.0,67932,68240
151.95488980599998,nodecontroller,4271,5.65,2.9462525807133026,140016,140468
151.95488980599998,nodelet,4427,11.52,2.9462525807133026,118928,116536
151.95488980599998,nodeproxy,4640,0.23,0.0,54092,54444
151.95488980599998,containerd,3718,10.03,2.9462525807133026,98908,97764
151.95488980599998,flanneld,5270,0.55,0.0,47972,48252
151.95488980599998,coredns,4939,1.11,1.9641683871422018,66516,42810
151.95488980599998,coredns,4948,1.1,0.9820841935711009,66656,42858
152.97679466199997,nodestore,4306,15.05,8.80708213407303,84612,85064
152.97679466199997,nodeapiserver,4263,46.87,26.421246402219086,403616,403852
152.97679466199997,nodescheduler,4298,1.62,0.9785646815636698,67932,68240
152.97679466199997,nodecontroller,4271,5.68,2.9356940446910094,140016,140468
152.97679466199997,nodelet,4427,11.57,4.89282340781835,118928,116536
152.97679466199997,nodeproxy,4640,0.23,0.0,54092,54444
152.97679466199997,containerd,3718,10.07,3.9142587262546793,99420,98204
152.97679466199997,flanneld,5270,0.55,0.0,47972,48252
152.97679466199997,coredns,4939,1.12,0.9785646815636698,66516,42810
152.97679466199997,coredns,4948,1.1,0.0,66656,42858
154.0002379099999,nodestore,4306,15.15,9.770937489247833,84748,85096
154.0002379099999,nodeapiserver,4263,47.17,29.312812467743502,403616,403856
154.0002379099999,nodescheduler,4298,1.62,0.0,67932,68244
154.0002379099999,nodecontroller,4271,5.7,1.9541874978495668,140016,140468
154.0002379099999,nodelet,4427,11.68,10.748031238172617,118928,116536
154.0002379099999,nodeproxy,4640,0.23,0.0,54092,54444
154.0002379099999,containerd,3718,10.1,2.93128124677435,100444,99292
154.0002379099999,flanneld,5270,0.55,0.0,47972,48252
154.0002379099999,coredns,4939,1.12,0.0,66516,42810
154.0002379099999,coredns,4948,1.11,0.9770937489247834,66656,42858
155.032293396,nodestore,4306,15.24,8.720461372557535,84748,85136
155.032293396,nodeapiserver,4263,47.44,26.161384117672604,403616,403856
155.032293396,nodescheduler,4298,1.63,0.9689401525063928,67932,68244
155.032293396,nodecontroller,4271,5.73,2.9068204575191783,140016,140468
155.032293396,nodelet,4427,11.72,3.875760610025571,118928,116534
155.032293396,nodeproxy,4640,0.23,0.0,54092,54444
155.032293396,containerd,3718,10.13,2.9068204575191783,100444,99318
155.032293396,flanneld,5270,0.57,1.9378803050127855,47972,48252
155.032293396,coredns,4939,1.12,0.0,66516,42810
155.032293396,coredns,4948,1.12,0.9689401525063928,66656,42858
156.05217259799997,nodestore,4306,15.32,7.84406622305083,84748,85172
156.05217259799997,nodeapiserver,4263,47.7,25.493215224915197,403616,403856
156.05217259799997,nodescheduler,4298,1.64,0.9805082778813538,67932,68244
156.05217259799997,nodecontroller,4271,5.75,1.9610165557627075,140016,140468
156.05217259799997,nodelet,4427,11.76,3.922033111525415,118928,116536
156.05217259799997,nodeproxy,4640,0.23,0.0,54092,54444
156.05217259799997,containerd,3718,10.19,5.883049667288122,100700,99380
156.05217259799997,flanneld,5270,0.57,0.0,47972,48252
156.05217259799997,coredns,4939,1.14,1.9610165557627075,66516,42810
156.05217259799997,coredns,4948,1.12,0.0,66656,42862
157.07760652399998,nodestore,4306,15.39,6.826378397002603,84748,85192
157.07760652399998,nodeapiserver,4263,47.93,22.429529018722835,403616,403856
157.07760652399998,nodescheduler,4298,1.65,0.9751969138575146,67932,68244
157.07760652399998,nodecontroller,4271,5.81,5.851181483145087,140016,140468
157.07760652399998,nodelet,4427,11.8,3.9007876554300585,119824,117520
157.07760652399998,nodeproxy,4640,0.23,0.0,54092,54444
157.07760652399998,containerd,3718,10.21,1.9503938277150292,101596,100360
157.07760652399998,flanneld,5270,0.57,0.0,47972,48252
157.07760652399998,coredns,4939,1.14,0.0,66516,42810
157.07760652399998,coredns,4948,1.13,0.9751969138575146,66656,42862
158.1098681719999,nodestore,4306,15.49,9.687466369961276,84748,85224
158.1098681719999,nodeapiserver,4263,48.22,28.093652472887698,403616,403864
158.1098681719999,nodescheduler,4298,1.65,0.0,67932,68244
158.1098681719999,nodecontroller,4271,5.84,2.9062399109883827,140016,140468
158.1098681719999,nodelet,4427,11.84,3.8749865479845105,119824,117520
158.1098681719999,nodeproxy,4640,0.23,0.0,54092,54444
158.1098681719999,containerd,3718,10.24,2.9062399109883827,101596,100372
158.1098681719999,flanneld,5270,0.57,0.0,47972,48252
158.1098681719999,coredns,4939,1.16,1.9374932739922552,66516,42810
158.1098681719999,coredns,4948,1.14,0.9687466369961276,66656,42862
159.133162653,nodestore,4306,15.57,7.817886393935473,84748,85232
159.133162653,nodeapiserver,4263,48.48,25.40813078029029,403616,403872
159.133162653,nodescheduler,4298,1.66,0.9772357992419342,67932,68244
159.133162653,nodecontroller,4271,5.87,2.9317073977258024,140016,140468
159.133162653,nodelet,4427,11.91,6.84065059469354,119952,117764
159.133162653,nodeproxy,4640,0.23,0.0,54092,54444
159.133162653,containerd,3718,10.3,5.863414795451605,101980,100728
159.133162653,flanneld,5270,0.57,0.0,47972,48252
159.133162653,coredns,4939,1.16,0.0,66516,42810
159.133162653,coredns,4948,1.15,0.9772357992419342,66656,42862
160.184045955,nodestore,4306,15.69,11.418965338170473,85040,85396
160.184045955,nodeapiserver,4263,48.87,37.111637349054035,403616,403876
160.184045955,nodescheduler,4298,1.7,3.8063217793901574,67932,68244
160.184045955,nodecontroller,4271,5.93,5.7094826690852365,140016,140476
160.184045955,nodelet,4427,12.01,9.515804448475393,121104,118868
160.184045955,nodeproxy,4640,0.24,0.9515804448475393,54092,54452
160.184045955,containerd,3718,10.44,13.322126227865553,102108,101020
160.184045955,flanneld,5270,0.58,0.9515804448475393,47972,48252
160.184045955,coredns,4939,1.16,0.0,66516,42810
160.184045955,coredns,4948,1.15,0.0,66656,42862
161.21910178399992,nodestore,4306,15.79,9.661314607214948,85040,85480
161.21910178399992,nodeapiserver,4263,49.21,32.848469664530825,403616,403884
161.21910178399992,nodescheduler,4298,1.7,0.0,67932,68244
161.21910178399992,nodecontroller,4271,5.96,2.8983943821644846,140016,140480
161.21910178399992,nodelet,4427,12.16,14.491971910822421,121488,119288
161.21910178399992,nodeproxy,4640,0.24,0.0,54092,54452
161.21910178399992,containerd,3718,10.55,10.627446067936443,99332,98204
161.21910178399992,flanneld,5270,0.58,0.0,47972,48252
161.21910178399992,coredns,4939,1.17,0.9661314607214948,66516,42810
161.21910178399992,coredns,4948,1.16,0.9661314607214948,66656,42866
162.24992959399992,nodestore,4306,15.87,7.760752981625476,85040,85500
162.24992959399992,nodeapiserver,4263,49.48,26.19254131298598,403616,403888
162.24992959399992,nodescheduler,4298,1.71,0.9700941227031845,67932,68244
162.24992959399992,nodecontroller,4271,5.99,2.9102823681095535,140016,140480
162.24992959399992,nodelet,4427,12.2,3.880376490812738,121488,119288
162.24992959399992,nodeproxy,4640,0.24,0.0,54092,54452
162.24992959399992,containerd,3718,10.58,2.9102823681095535,99588,98396
162.24992959399992,flanneld,5270,0.58,0.0,47972,48252
162.24992959399992,coredns,4939,1.18,0.9700941227031845,66516,42810
162.24992959399992,coredns,4948,1.17,0.9700941227031845,66656,42866
163.27103159299998,nodestore,4306,15.96,8.814006836548696,85040,85528
163.27103159299998,nodeapiserver,4263,49.76,27.421354602595944,403616,403888
163.27103159299998,nodescheduler,4298,1.72,0.9793340929498551,67932,68248
163.27103159299998,nodecontroller,4271,6.02,2.938002278849565,140016,140480
163.27103159299998,nodelet,4427,12.23,2.938002278849565,121488,119288
163.27103159299998,nodeproxy,4640,0.24,0.0,54092,54452
163.27103159299998,containerd,3718,10.59,0.9793340929498551,100484,99384
163.27103159299998,flanneld,5270,0.58,0.0,47972,48252
163.27103159299998,coredns,4939,1.18,0.0,66516,42810
163.27103159299998,coredns,4948,1.18,0.9793340929498551,66656,42866
164.30219775399996,nodestore,4306,16.04,7.758206487538237,85180,85572
164.30219775399996,nodeapiserver,4263,50.05,28.123498517326105,403616,403888
164.30219775399996,nodescheduler,4298,1.72,0.0,67932,68252
164.30219775399996,nodecontroller,4271,6.05,2.9093274328268386,140016,140480
164.30219775399996,nodelet,4427,12.3,6.788430676595958,121488,119300
164.30219775399996,nodeproxy,4640,0.24,0.0,54092,54452
164.30219775399996,containerd,3718,10.61,1.9395516218845592,101508,100420
164.30219775399996,flanneld,5270,0.58,0.0,47972,48252
164.30219775399996,coredns,4939,1.18,0.0,66516,42810
164.30219775399996,coredns,4948,1.18,0.0,66656,42866
165.33190463799997,nodestore,4306,16.14,9.711501549988604,85324,85768
165.33190463799997,nodeapiserver,4263,50.38,32.0479551149624,403616,403900
165.33190463799997,nodescheduler,4298,1.74,1.942300309997721,67932,68256
165.33190463799997,nodecontroller,4271,6.09,3.884600619995442,140016,140552
165.33190463799997,nodelet,4427,12.39,8.740351394989744,121488,119300
165.33190463799997,nodeproxy,4640,0.24,0.0,54092,54452
165.33190463799997,containerd,3718,10.69,7.769201239990884,101636,100436
165.33190463799997,flanneld,5270,0.59,0.9711501549988605,47972,48252
165.33190463799997,coredns,4939,1.2,1.942300309997721,66516,42810
165.33190463799997,coredns,4948,1.19,0.9711501549988605,66656,42866
166.34976884699995,nodestore,4306,16.24,9.824493200153563,85324,85800
166.34976884699995,nodeapiserver,4263,50.64,25.543682320399263,403616,403904
166.34976884699995,nodescheduler,4298,1.75,0.9824493200153562,67932,68256
166.34976884699995,nodecontroller,4271,6.12,2.9473479600460686,140144,140556
166.34976884699995,nodelet,4427,12.42,2.9473479600460686,121488,119300
166.34976884699995,nodeproxy,4640,0.24,0.0,54092,54452
166.34976884699995,containerd,3718,10.71,1.9648986400307125,102532,101420
166.34976884699995,flanneld,5270,0.59,0.0,47972,48252
166.34976884699995,coredns,4939,1.21,0.9824493200153562,66516,42810
166.34976884699995,coredns,4948,1.2,0.9824493200153562,66656,42870
167.36706698399996,nodestore,4306,16.32,7.8639680041013476,85324,85840
167.36706698399996,nodeapiserver,4263,50.93,28.50688401486738,403616,403904
167.36706698399996,nodescheduler,4298,1.75,0.0,67932,68256
167.36706698399996,nodecontroller,4271,6.16,3.9319840020506738,140144,140556
167.36706698399996,nodelet,4427,12.46,3.9319840020506738,121488,119300
167.36706698399996,nodeproxy,4640,0.24,0.0,54092,54452
167.36706698399996,containerd,3718,10.74,2.948988001538005,102532,101420
167.36706698399996,flanneld,5270,0.59,0.0,48100,48444
167.36706698399996,coredns,4939,1.21,0.0,66516,42810
167.36706698399996,coredns,4948,1.2,0.0,66656,42870
168.3877545879999,nodestore,4306,16.41,8.81758528733989,85324,85860
168.3877545879999,nodeapiserver,4263,51.22,28.41221925920631,403616,403908
168.3877545879999,nodescheduler,4298,1.76,0.9797316985933211,67932,68256
168.3877545879999,nodecontroller,4271,6.19,2.9391950957799633,140144,140560
168.3877545879999,nodelet,4427,12.51,4.8986584929666055,121488,119300
168.3877545879999,nodeproxy,4640,0.24,0.0,54092,54452
168.3877545879999,containerd,3718,10.76,1.9594633971866422,102532,101420
168.3877545879999,flanneld,5270,0.6,0.9797316985933211,48100,48444
168.3877545879999,coredns,4939,1.22,0.9797316985933211,66516,42810
168.3877545879999,coredns,4948,1.2,0.0,66656,42870
169.43168362999995,nodestore,4306,16.49,7.663356107684136,85456,85924
169.43168362999995,nodeapiserver,4263,51.49,25.86382686343396,403616,403908
169.43168362999995,nodescheduler,4298,1.78,1.915839026921034,67932,68256
169.43168362999995,nodecontroller,4271,6.2,0.957919513460517,140144,140560
169.43168362999995,nodelet,4427,12.59,7.663356107684136,121744,119496
169.43168362999995,nodeproxy,4640,0.24,0.0,54092,54452
169.43168362999995,containerd,3718,10.86,9.57919513460517,101876,100576
169.43168362999995,flanneld,5270,0.6,0.0,48100,48444
169.43168362999995,coredns,4939,1.23,0.957919513460517,66516,42810
169.43168362999995,coredns,4948,1.22,1.915839026921034,66656,42886
170.46278263299996,nodestore,4306,16.6,10.668228722940498,85620,86024
170.46278263299996,nodeapiserver,4263,51.81,31.03484719400872,403616,403916
170.46278263299996,nodescheduler,4298,1.79,0.9698389748127725,67932,68264
170.46278263299996,nodecontroller,4271,6.25,4.849194874063862,140144,140560
170.46278263299996,nodelet,4427,12.69,9.698389748127724,122000,119625
170.46278263299996,nodeproxy,4640,0.24,0.0,54092,54452
170.46278263299996,containerd,3718,10.97,10.668228722940498,101876,100564
170.46278263299996,flanneld,5270,0.61,0.9698389748127725,48100,48444
170.46278263299996,coredns,4939,1.23,0.0,66516,42814
170.46278263299996,coredns,4948,1.22,0.0,66656,42926
171.49858526999992,nodestore,4306,16.73,12.550653508329013,85756,86220
171.49858526999992,nodeapiserver,4263,52.32,49.23717914805997,403616,403924
171.49858526999992,nodescheduler,4298,1.8,0.965434885256078,67932,68268
171.49858526999992,nodecontroller,4271,6.31,5.792609311536467,140144,140572
171.49858526999992,nodelet,4427,12.84,14.48152327884117,122000,119640
171.49858526999992,nodeproxy,4640,0.24,0.0,54092,54456
171.49858526999992,containerd,3718,11.12,14.48152327884117,101876,100592
171.49858526999992,flanneld,5270,0.61,0.0,48100,48444
171.49858526999992,coredns,4939,1.24,0.965434885256078,66516,42822
171.49858526999992,coredns,4948,1.24,1.930869770512156,66784,42990
172.53183758499995,nodestore,4306,16.83,9.678178170836945,85756,86272
172.53183758499995,nodeapiserver,4263,52.62,29.034534512510835,403616,403924
172.53183758499995,nodescheduler,4298,1.81,0.9678178170836945,67932,68268
172.53183758499995,nodecontroller,4271,6.34,2.9034534512510835,140144,140572
172.53183758499995,nodelet,4427,12.89,4.839089085418473,122000,119640
172.53183758499995,nodeproxy,4640,0.25,0.9678178170836945,54092,54456
172.53183758499995,containerd,3718,11.13,0.9678178170836945,101876,100593
172.53183758499995,flanneld,5270,0.61,0.0,48100,48444
172.53183758499995,coredns,4939,1.25,0.9678178170836945,66516,42822
172.53183758499995,coredns,4948,1.24,0.0,66784,42990
173.59314666599994,nodestore,4306,16.92,8.480093274543536,86012,86408
173.59314666599994,nodeapiserver,4263,52.9,26.382512409691007,403744,403940
173.59314666599994,nodescheduler,4298,1.82,0.942232586060393,67932,68268
173.59314666599994,nodecontroller,4271,6.4,5.653395516362358,140144,140576
173.59314666599994,nodelet,4427,13.0,10.364558446664324,122000,119639
173.59314666599994,nodeproxy,4640,0.26,0.942232586060393,54092,54456
173.59314666599994,containerd,3718,11.27,13.191256204845503,102772,101579
173.59314666599994,flanneld,5270,0.62,0.942232586060393,48356,48700
173.59314666599994,coredns,4939,1.25,0.0,66516,42822
173.59314666599994,coredns,4948,1.25,0.942232586060393,66784,42990
174.613174824,nodestore,4306,17.04,11.764381116231208,86012,86484
174.613174824,nodeapiserver,4263,53.22,31.371682976616555,403744,403940
174.613174824,nodescheduler,4298,1.84,1.9607301860385347,67932,68268
174.613174824,nodecontroller,4271,6.43,2.941095279057802,140144,140580
174.613174824,nodelet,4427,13.16,15.685841488308277,122000,119644
174.613174824,nodeproxy,4640,0.26,0.0,54092,54456
174.613174824,containerd,3718,11.37,9.803650930192674,102772,101580
174.613174824,flanneld,5270,0.62,0.0,48356,48700
174.613174824,coredns,4939,1.26,0.9803650930192673,66516,42822
174.613174824,coredns,4948,1.26,0.9803650930192673,66784,42990
175.63172254999995,nodestore,4306,17.12,7.854320220631841,86012,86504
175.63172254999995,nodeapiserver,4263,53.49,26.508330744632463,403744,403940
175.63172254999995,nodescheduler,4298,1.84,0.0,67932,68268
175.63172254999995,nodecontroller,4271,6.46,2.9453700827369405,140144,140580
175.63172254999995,nodelet,4427,13.2,3.9271601103159206,122000,119644
175.63172254999995,nodeproxy,4640,0.26,0.0,54092,54456
175.63172254999995,containerd,3718,11.39,1.9635800551579603,102772,101580
175.63172254999995,flanneld,5270,0.62,0.0,48356,48700
175.63172254999995,coredns,4939,1.27,0.9817900275789802,66516,42822
175.63172254999995,coredns,4948,1.26,0.0,66784,42990
176.65915686699998,nodestore,4306,17.23,10.70628050668828,86012,86624
176.65915686699998,nodeapiserver,4263,53.8,30.172245064303333,403744,403948
176.65915686699998,nodescheduler,4298,1.85,0.9732982278807527,67932,68268
176.65915686699998,nodecontroller,4271,6.52,5.839789367284516,140144,140580
176.65915686699998,nodelet,4427,13.25,4.866491139403763,122000,119660
176.65915686699998,nodeproxy,4640,0.26,0.0,54092,54456
176.65915686699998,containerd,3718,11.41,1.9465964557615054,102772,101580
176.65915686699998,flanneld,5270,0.62,0.0,48356,48700
176.65915686699998,coredns,4939,1.27,0.0,66516,42830
176.65915686699998,coredns,4948,1.27,0.9732982278807527,66784,42990
177.69666205299995,nodestore,4306,17.35,11.566207245927231,86292,86740
177.69666205299995,nodeapiserver,4263,54.18,36.626322945436236,403744,403952
177.69666205299995,nodescheduler,4298,1.87,1.9277012076545386,67932,68268
177.69666205299995,nodecontroller,4271,6.58,5.7831036229636155,140144,140580
177.69666205299995,nodelet,4427,13.34,8.674655434445423,122000,119660
177.69666205299995,nodeproxy,4640,0.26,0.0,54092,54456
177.69666205299995,containerd,3718,11.45,3.855402415309077,102772,101580
177.69666205299995,flanneld,5270,0.62,0.0,48356,48700
177.69666205299995,coredns,4939,1.28,0.9638506038272693,66516,42830
177.69666205299995,coredns,4948,1.28,0.9638506038272693,66784,42990
178.729057345,nodestore,4306,17.44,8.717591091067852,86292,86772
178.729057345,nodeapiserver,4263,54.46,27.121394505544433,403744,403960
178.729057345,nodescheduler,4298,1.87,0.0,67932,68268
178.729057345,nodecontroller,4271,6.6,1.937242464681745,140144,140580
178.729057345,nodelet,4427,13.39,4.8431061617043625,122000,119660
178.729057345,nodeproxy,4640,0.26,0.0,54092,54456
178.729057345,containerd,3718,11.55,9.686212323408725,102388,101136
178.729057345,flanneld,5270,0.64,1.937242464681745,48356,48700
178.729057345,coredns,4939,1.29,0.9686212323408725,66516,42834
178.729057345,coredns,4948,1.29,0.9686212323408725,66784,42990
179.74999640099998,nodestore,4306,17.53,8.815413561767219,86420,86796
179.74999640099998,nodeapiserver,4263,54.73,26.44624068530166,403744,403960
179.74999640099998,nodescheduler,4298,1.88,0.9794903957519133,67932,68268
179.74999640099998,nodecontroller,4271,6.64,3.9179615830076533,140144,140584
179.74999640099998,nodelet,4427,13.41,1.9589807915038266,122000,119664
179.74999640099998,nodeproxy,4640,0.26,0.0,54092,54456
179.74999640099998,containerd,3718,11.57,1.9589807915038266,102388,101135
179.74999640099998,flanneld,5270,0.64,0.0,48356,48700
179.74999640099998,coredns,4939,1.29,0.0,66516,42834
179.74999640099998,coredns,4948,1.29,0.0,66784,42990
180.7717563079999,nodestore,4306,17.62,8.80833152518735,86420,86844
180.7717563079999,nodeapiserver,4263,55.03,29.361105083957835,403744,403960
180.7717563079999,nodescheduler,4298,1.89,0.9787035027985945,67932,68268
180.7717563079999,nodecontroller,4271,6.67,2.9361105083957835,140144,140592
180.7717563079999,nodelet,4427,13.49,7.829628022388756,122000,119788
180.7717563079999,nodeproxy,4640,0.26,0.0,54092,54456
180.7717563079999,containerd,3718,11.6,2.9361105083957835,102644,101456
180.7717563079999,flanneld,5270,0.64,0.0,48172,48480
180.7717563079999,coredns,4939,1.31,1.957407005597189,66516,42838
180.7717563079999,coredns,4948,1.3,0.9787035027985945,66784,42990
181.79526766699996,nodestore,4306,17.72,9.77028726849672,86420,86864
181.79526766699996,nodeapiserver,4263,55.32,28.33383307864048,403744,403960
181.79526766699996,nodescheduler,4298,1.9,0.9770287268496719,67932,68268
181.79526766699996,nodecontroller,4271,6.7,2.931086180549016,140144,140592
181.79526766699996,nodelet,4427,13.54,4.88514363424836,122000,119788
181.79526766699996,nodeproxy,4640,0.26,0.0,54092,54456
181.79526766699996,containerd,3718,11.67,6.839201087947704,102512,101248
181.79526766699996,flanneld,5270,0.64,0.0,48172,48480
181.79526766699996,coredns,4939,1.31,0.0,66516,42838
181.79526766699996,coredns,4948,1.31,0.9770287268496719,66784,42990
182.81560215799993,nodestore,4306,17.84,11.76084911942895,86684,87016
182.81560215799993,nodeapiserver,4263,55.78,45.08325495781098,403744,403976
182.81560215799993,nodescheduler,4298,1.93,2.9402122798572377,67932,68268
182.81560215799993,nodecontroller,4271,6.74,3.92028303980965,140144,140596
182.81560215799993,nodelet,4427,13.69,14.701061399286187,122000,119798
182.81560215799993,nodeproxy,4640,0.26,0.0,54092,54456
182.81560215799993,containerd,3718,11.79,11.76084911942895,102512,101301
182.81560215799993,flanneld,5270,0.65,0.9800707599524126,48428,48804
182.81560215799993,coredns,4939,1.31,0.0,66516,42838
182.81560215799993,coredns,4948,1.32,0.9800707599524126,66784,42990
183.86042833599993,nodestore,4306,17.97,12.442260993962266,86948,87232
183.86042833599993,nodeapiserver,4263,56.15,35.412588982815684,403744,403988
183.86042833599993,nodescheduler,4298,1.94,0.9570969995355589,67932,68268
183.86042833599993,nodecontroller,4271,6.81,6.699678996748913,140144,140608
183.86042833599993,nodelet,4427,13.81,11.485163994426708,122128,119810
183.86042833599993,nodeproxy,4640,0.27,0.9570969995355589,54092,54456
183.86042833599993,containerd,3718,11.94,14.356454993033385,102512,101328
183.86042833599993,flanneld,5270,0.65,0.0,48428,48804
183.86042833599993,coredns,4939,1.32,0.9570969995355589,66704,42974
183.86042833599993,coredns,4948,1.32,0.0,66784,43058
184.89750881999998,nodestore,4306,18.06,8.678207852573477,87076,87264
184.89750881999998,nodeapiserver,4263,56.41,25.070378240767823,403744,403988
184.89750881999998,nodescheduler,4298,1.95,0.9642453169526085,67932,68268
184.89750881999998,nodecontroller,4271,6.84,2.892735950857826,140144,140608
184.89750881999998,nodelet,4427,13.93,11.570943803431303,122128,119812
184.89750881999998,nodeproxy,4640,0.27,0.0,54092,54456
184.89750881999998,containerd,3718,11.97,2.892735950857826,104560,103300
184.89750881999998,flanneld,5270,0.66,0.9642453169526085,48428,48804
184.89750881999998,coredns,4939,1.34,1.928490633905217,66704,42974
184.89750881999998,coredns,4948,1.33,0.9642453169526085,66784,43058
185.93753002899996,nodestore,4306,18.16,9.615188530256454,87076,87300
185.93753002899996,nodeapiserver,4263,56.72,29.807084443795006,403744,403992
185.93753002899996,nodescheduler,4298,1.96,0.9615188530256453,67932,68268
185.93753002899996,nodecontroller,4271,6.87,2.8845565590769358,140272,140612
185.93753002899996,nodelet,4427,13.97,3.8460754121025813,122128,119812
185.93753002899996,nodeproxy,4640,0.27,0.0,54092,54456
185.93753002899996,containerd,3718,11.99,1.9230377060512907,104560,103300
185.93753002899996,flanneld,5270,0.66,0.0,48428,48804
185.93753002899996,coredns,4939,1.34,0.0,66704,42974
185.93753002899996,coredns,4948,1.34,0.9615188530256453,66784,43062
186.9548413629999,nodestore,4306,18.25,8.846849237993956,87076,87340
186.9548413629999,nodeapiserver,4263,57.0,27.523530962647868,403744,403996
186.9548413629999,nodescheduler,4298,1.97,0.9829832486659952,67932,68268
186.9548413629999,nodecontroller,4271,6.9,2.9489497459979854,140272,140612
186.9548413629999,nodelet,4427,14.02,4.914916243329976,122128,119811
186.9548413629999,nodeproxy,4640,0.27,0.0,54092,54456
186.9548413629999,containerd,3718,12.06,6.880882740661967,104688,103619
186.9548413629999,flanneld,5270,0.66,0.0,47776,47972
186.9548413629999,coredns,4939,1.34,0.0,66704,42974
186.9548413629999,coredns,4948,1.34,0.0,66784,43062
187.979189035,nodestore,4306,18.34,8.786079420112364,87076,87380
187.979189035,nodeapiserver,4263,57.27,26.358238260337092,403744,403996
187.979189035,nodescheduler,4298,1.98,0.9762310466791515,67932,68268
187.979189035,nodecontroller,4271,6.92,1.952462093358303,140272,140612
187.979189035,nodelet,4427,14.05,2.9286931400374545,122128,119812
187.979189035,nodeproxy,4640,0.27,0.0,54092,54456
187.979189035,containerd,3718,12.09,2.9286931400374545,105072,103924
187.979189035,flanneld,5270,0.66,0.0,47776,47972
187.979189035,coredns,4939,1.35,0.9762310466791515,66704,42974
187.979189035,coredns,4948,1.35,0.9762310466791515,66784,43062
189.01047868599994,nodestore,4306,18.41,6.787617807676738,87076,87392
189.01047868599994,nodeapiserver,4263,57.53,25.21115185708502,403744,403996
189.01047868599994,nodescheduler,4298,1.98,0.0,67932,68268
189.01047868599994,nodecontroller,4271,6.95,2.908979060432887,140272,140612
189.01047868599994,nodelet,4427,14.11,5.817958120865774,122640,120500
189.01047868599994,nodeproxy,4640,0.27,0.0,54092,54456
189.01047868599994,containerd,3718,12.15,5.817958120865774,105200,104112
189.01047868599994,flanneld,5270,0.67,0.9696596868109624,47776,47972
189.01047868599994,coredns,4939,1.36,0.9696596868109624,66704,42974
189.01047868599994,coredns,4948,1.36,0.9696596868109624,66784,43062
190.04308709399993,nodestore,4306,18.52,10.652634546435085,87212,87436
190.04308709399993,nodeapiserver,4263,57.84,30.021060994498875,403744,403996
190.04308709399993,nodescheduler,4298,1.99,0.9684213224031896,67932,68272
190.04308709399993,nodecontroller,4271,6.98,2.9052639672095686,140272,140612
190.04308709399993,nodelet,4427,14.16,4.8421066120159475,123024,120768
190.04308709399993,nodeproxy,4640,0.27,0.0,54092,54456
190.04308709399993,containerd,3718,12.17,1.9368426448063791,105200,104112
190.04308709399993,flanneld,5270,0.68,0.9684213224031896,47776,47972
190.04308709399993,coredns,4939,1.37,0.9684213224031896,66704,42974
190.04308709399993,coredns,4948,1.37,0.9684213224031896,66784,43066
191.09926982399998,nodestore,4306,18.61,8.521252757086465,87212,87472
191.09926982399998,nodeapiserver,4263,58.13,27.457369995056382,403744,404000
191.09926982399998,nodescheduler,4298,2.01,1.893611723796992,67932,68272
191.09926982399998,nodecontroller,4271,7.02,3.787223447593984,140272,140612
191.09926982399998,nodelet,4427,14.23,6.627641033289473,123152,120840
191.09926982399998,nodeproxy,4640,0.27,0.0,54092,54456
191.09926982399998,containerd,3718,12.22,4.73402930949248,105328,104151
191.09926982399998,flanneld,5270,0.68,0.0,47776,47972
191.09926982399998,coredns,4939,1.38,0.946805861898496,66704,42974
191.09926982399998,coredns,4948,1.37,0.0,66784,43066
192.13007110299998,nodestore,4306,18.69,7.760952729667678,87212,87528
192.13007110299998,nodeapiserver,4263,58.39,25.223096371419953,403744,404000
192.13007110299998,nodescheduler,4298,2.01,0.0,67932,68272
192.13007110299998,nodecontroller,4271,7.04,1.9402381824169195,140272,140612
192.13007110299998,nodelet,4427,14.29,5.820714547250759,123152,120852
192.13007110299998,nodeproxy,4640,0.27,0.0,54092,54456
192.13007110299998,containerd,3718,12.27,4.850595456042299,105328,104224
192.13007110299998,flanneld,5270,0.68,0.0,47776,47972
192.13007110299998,coredns,4939,1.38,0.0,66704,42974
192.13007110299998,coredns,4948,1.38,0.9701190912084597,66784,43066
193.15543090699998,nodestore,4306,18.77,7.802139277150723,87212,87544
193.15543090699998,nodeapiserver,4263,58.64,24.381685241096008,403744,404004
193.15543090699998,nodescheduler,4298,2.02,0.9752674096438404,67932,68272
193.15543090699998,nodecontroller,4271,7.06,1.9505348192876808,140272,140612
193.15543090699998,nodelet,4427,14.35,5.851604457863042,121572,119260
193.15543090699998,nodeproxy,4640,0.27,0.0,54092,54456
193.15543090699998,containerd,3718,12.32,4.876337048219201,105456,104228
193.15543090699998,flanneld,5270,0.68,0.0,47776,47972
193.15543090699998,coredns,4939,1.39,0.9752674096438404,66704,42974
193.15543090699998,coredns,4948,1.39,0.9752674096438404,66784,43066
194.18353989499997,nodestore,4306,18.88,10.699254775895565,87212,87612
194.18353989499997,nodeapiserver,4263,58.95,30.152445277523864,403744,404004
194.18353989499997,nodescheduler,4298,2.03,0.972659525081415,67932,68272
194.18353989499997,nodecontroller,4271,7.1,3.89063810032566,140272,140612
194.18353989499997,nodelet,4427,14.44,8.753935725732735,122084,119884
194.18353989499997,nodeproxy,4640,0.27,0.0,54092,54456
194.18353989499997,containerd,3718,12.34,1.94531905016283,105456,104228
194.18353989499997,flanneld,5270,0.68,0.0,47776,47972
194.18353989499997,coredns,4939,1.39,0.0,66704,42974
194.18353989499997,coredns,4948,1.4,0.972659525081415,66784,43066
195.204434409,nodestore,4306,18.98,9.795331312750896,87360,87700
195.204434409,nodeapiserver,4263,59.39,43.09945777610394,403744,404024
195.204434409,nodescheduler,4298,2.04,0.9795331312750896,67932,68272
195.204434409,nodecontroller,4271,7.15,4.897665656375448,140272,140624
195.204434409,nodelet,4427,14.6,15.672530100401433,119296,116864
195.204434409,nodeproxy,4640,0.28,0.9795331312750896,54220,54456
195.204434409,containerd,3718,12.48,13.713463837851256,105456,104232
195.204434409,flanneld,5270,0.68,0.0,47520,47716
195.204434409,coredns,4939,1.41,1.9590662625501791,66704,42974
195.204434409,coredns,4948,1.4,0.0,66784,43066
196.25137559299992,nodestore,4306,19.08,9.551634946477215,87488,87800
196.25137559299992,nodeapiserver,4263,59.68,27.69974134478392,403744,404032
196.25137559299992,nodescheduler,4298,2.05,0.9551634946477214,67932,68272
196.25137559299992,nodecontroller,4271,7.2,4.775817473238607,140272,140628
196.25137559299992,nodelet,4427,14.69,8.596471451829494,119296,116864
196.25137559299992,nodeproxy,4640,0.29,0.9551634946477214,54220,54460
196.25137559299992,containerd,3718,12.55,6.686144462534051,105456,104324
196.25137559299992,flanneld,5270,0.68,0.0,47520,47716
196.25137559299992,coredns,4939,1.41,0.0,66704,42974
196.25137559299992,coredns,4948,1.4,0.0,66784,43066
197.26869356099996,nodestore,4306,19.16,7.86381470851959,87488,87824
197.26869356099996,nodeapiserver,4263,59.94,25.557397802688666,403744,404032
197.26869356099996,nodescheduler,4298,2.06,0.9829768385649488,67932,68272
197.26869356099996,nodecontroller,4271,7.22,1.9659536771298975,140272,140628
197.26869356099996,nodelet,4427,14.73,3.931907354259795,120192,117840
197.26869356099996,nodeproxy,4640,0.29,0.0,54220,54460
197.26869356099996,containerd,3718,12.59,3.931907354259795,104808,103592
197.26869356099996,flanneld,5270,0.68,0.0,47520,47716
197.26869356099996,coredns,4939,1.42,0.9829768385649488,66704,42982
197.26869356099996,coredns,4948,1.42,1.9659536771298975,66784,43066
198.28517045399997,nodestore,4306,19.24,7.870321553881079,87488,87848
198.28517045399997,nodeapiserver,4263,60.2,25.578545050113508,403744,404036
198.28517045399997,nodescheduler,4298,2.06,0.0,67932,68272
198.28517045399997,nodecontroller,4271,7.25,2.9513705827054046,140272,140628
198.28517045399997,nodelet,4427,14.84,10.821692136586483,120832,118568
198.28517045399997,nodeproxy,4640,0.29,0.0,54220,54460
198.28517045399997,containerd,3718,12.9,30.49749602128918,104108,102732
198.28517045399997,flanneld,5270,0.7,1.9675803884702698,47520,47716
198.28517045399997,coredns,4939,1.43,0.9837901942351349,66704,42986
198.28517045399997,coredns,4948,1.42,0.0,66784,43066
199.31606287099999,nodestore,4306,19.33,8.730299933906528,87616,87928
199.31606287099999,nodeapiserver,4263,60.49,28.13096645369881,403744,404044
199.31606287099999,nodescheduler,4298,2.08,1.9400666519792285,67932,68280
199.31606287099999,nodecontroller,4271,7.3,4.850166629948071,140272,140628
199.31606287099999,nodelet,4427,14.9,5.820199955937685,121088,118800
199.31606287099999,nodeproxy,4640,0.29,0.0,54220,54468
199.31606287099999,containerd,3718,13.16,25.22086647572997,99960,98524
199.31606287099999,flanneld,5270,0.7,0.0,47520,47716
199.31606287099999,coredns,4939,1.43,0.0,66704,42986
199.31606287099999,coredns,4948,1.43,0.9700333259896142,66784,43066
200.34358801199994,nodestore,4306,19.43,9.732121970532333,87748,87968
200.34358801199994,nodeapiserver,4263,60.76,26.276729320437298,403744,404044
200.34358801199994,nodescheduler,4298,2.09,0.9732121970532333,67932,68280
200.34358801199994,nodecontroller,4271,7.32,1.9464243941064665,140272,140628
200.34358801199994,nodelet,4427,14.98,7.785697576425866,121088,118836
200.34358801199994,nodeproxy,4640,0.29,0.0,54220,54468
200.34358801199994,containerd,3718,13.4,23.3570927292776,98752,97300
200.34358801199994,flanneld,5270,0.7,0.0,47520,47716
200.34358801199994,coredns,4939,1.43,0.0,66704,42986
200.34358801199994,coredns,4948,1.45,1.9464243941064665,66784,43066
201.36930313799996,nodestore,4306,19.52,8.774366070916068,87748,87996
201.36930313799996,nodeapiserver,4263,61.05,28.27295733961844,403744,404044
201.36930313799996,nodescheduler,4298,2.1,0.9749295634351187,67932,68280
201.36930313799996,nodecontroller,4271,7.38,5.849577380610712,140272,140628
201.36930313799996,nodelet,4427,15.04,5.849577380610712,121088,118856
201.36930313799996,nodeproxy,4640,0.29,0.0,54220,54468
201.36930313799996,containerd,3718,13.43,2.924788690305356,98752,97300
201.36930313799996,flanneld,5270,0.7,0.0,47520,47716
201.36930313799996,coredns,4939,1.44,0.9749295634351187,66704,42986
201.36930313799996,coredns,4948,1.45,0.0,66784,43066
202.395922703,nodestore,4306,19.61,8.766635964121445,87876,88024
202.395922703,nodeapiserver,4263,61.32,26.299907892364335,403744,404048
202.395922703,nodescheduler,4298,2.1,0.0,67932,68280
202.395922703,nodecontroller,4271,7.41,2.9222119880404818,140272,140628
202.395922703,nodelet,4427,15.07,2.9222119880404818,121088,118860
202.395922703,nodeproxy,4640,0.29,0.0,54220,54468
202.395922703,containerd,3718,13.46,2.9222119880404818,98752,97300
202.395922703,flanneld,5270,0.7,0.0,47520,47716
202.395922703,coredns,4939,1.45,0.9740706626801605,66704,42986
202.395922703,coredns,4948,1.46,0.9740706626801605,66784,43066
203.4206191899999,nodestore,4306,19.7,8.783088567376682,87876,88052
203.4206191899999,nodeapiserver,4263,61.62,29.27696189125561,403744,404052
203.4206191899999,nodescheduler,4298,2.12,1.9517974594170406,67932,68280
203.4206191899999,nodecontroller,4271,7.44,2.927696189125561,140272,140628
203.4206191899999,nodelet,4427,15.14,6.831291107959643,115896,113708
203.4206191899999,nodeproxy,4640,0.29,0.0,54220,54468
203.4206191899999,containerd,3718,13.48,1.9517974594170406,98752,97300
203.4206191899999,flanneld,5270,0.71,0.9758987297085203,47520,47716
203.4206191899999,coredns,4939,1.46,0.9758987297085203,66704,42986
203.4206191899999,coredns,4948,1.46,0.0,66784,43066
204.45102196799996,nodestore,4306,19.8,9.704942779181337,87876,88208
204.45102196799996,nodeapiserver,4263,61.94,31.055816893380282,403744,404060
204.45102196799996,nodescheduler,4298,2.14,1.9409885558362676,67932,68284
204.45102196799996,nodecontroller,4271,7.49,4.852471389590669,140272,140628
204.45102196799996,nodelet,4427,15.29,14.557414168772008,116664,114405
204.45102196799996,nodeproxy,4640,0.29,0.0,54220,54468
204.45102196799996,containerd,3718,13.57,8.734448501263204,98752,97298
204.45102196799996,flanneld,5270,0.73,1.9409885558362676,47648,47972
204.45102196799996,coredns,4939,1.46,0.0,66704,43050
204.45102196799996,coredns,4948,1.47,0.9704942779181338,66784,43066
205.58418059999997,nodestore,4306,19.95,13.237334629420133,88004,88444
205.58418059999997,nodeapiserver,4263,62.34,35.29955901178702,403744,404068
205.58418059999997,nodescheduler,4298,2.17,2.6474669258840264,67932,68288
205.58418059999997,nodecontroller,4271,7.55,5.294933851768053,140272,140644
205.58418059999997,nodelet,4427,15.45,14.119823604714808,116664,114456
205.58418059999997,nodeproxy,4640,0.29,0.0,54220,54480
205.58418059999997,containerd,3718,13.76,16.767290530598835,98752,97396
205.58418059999997,flanneld,5270,0.73,0.0,47648,47972
205.58418059999997,coredns,4939,1.47,0.8824889752946755,66704,43050
205.58418059999997,coredns,4948,1.48,0.8824889752946755,66784,43066
206.616393002,nodestore,4306,20.04,8.71913569587179,88132,88456
206.616393002,nodeapiserver,4263,62.8,44.56447133445581,403744,404080
206.616393002,nodescheduler,4298,2.17,0.0,67932,68288
206.616393002,nodecontroller,4271,7.59,3.875171420387462,140272,140644
206.616393002,nodelet,4427,15.48,2.9063785652905962,117560,115444
206.616393002,nodeproxy,4640,0.3,0.9687928550968655,54220,54480
206.616393002,containerd,3718,13.78,1.937585710193731,99648,98384
206.616393002,flanneld,5270,0.73,0.0,47648,47972
206.616393002,coredns,4939,1.48,0.9687928550968655,66704,43050
206.616393002,coredns,4948,1.5,1.937585710193731,66784,43066
207.6353297899999,nodestore,4306,20.13,8.832736344387278,88260,88528
207.6353297899999,nodeapiserver,4263,63.08,27.479624182538203,403744,404092
207.6353297899999,nodescheduler,4298,2.18,0.9814151493763643,67932,68288
207.6353297899999,nodecontroller,4271,7.63,3.9256605975054573,140272,140648
207.6353297899999,nodelet,4427,15.6,11.776981792516372,117560,115444
207.6353297899999,nodeproxy,4640,0.3,0.0,54220,54492
207.6353297899999,containerd,3718,13.92,13.739812091269101,99648,98424
207.6353297899999,flanneld,5270,0.74,0.9814151493763643,47648,47972
207.6353297899999,coredns,4939,1.49,0.9814151493763643,66704,43054
207.6353297899999,coredns,4948,1.5,0.0,66784,43066
208.6658346559999,nodestore,4306,20.25,11.644777619128668,88388,88628
208.6658346559999,nodeapiserver,4263,63.41,32.02313845260384,403744,404092
208.6658346559999,nodescheduler,4298,2.19,0.970398134927389,67932,68288
208.6658346559999,nodecontroller,4271,7.68,4.851990674636945,140272,140648
208.6658346559999,nodelet,4427,15.72,11.644777619128668,117560,115480
208.6658346559999,nodeproxy,4640,0.31,0.970398134927389,54220,54492
208.6658346559999,containerd,3718,14.02,9.70398134927389,99648,98428
208.6658346559999,flanneld,5270,0.74,0.0,47648,47972
208.6658346559999,coredns,4939,1.49,0.0,66704,43054
208.6658346559999,coredns,4948,1.51,0.970398134927389,66784,43066
209.69262935799998,nodestore,4306,20.33,7.79123614917076,88388,88636
209.69262935799998,nodeapiserver,4263,63.67,25.321517484804968,403744,404092
209.69262935799998,nodescheduler,4298,2.2,0.973904518646345,67932,68288
209.69262935799998,nodecontroller,4271,7.7,1.94780903729269,140272,140648
209.69262935799998,nodelet,4427,15.76,3.89561807458538,117560,115480
209.69262935799998,nodeproxy,4640,0.31,0.0,54220,54492
209.69262935799998,containerd,3718,14.03,0.973904518646345,99648,98428
209.69262935799998,flanneld,5270,0.74,0.0,47648,47972
209.69262935799998,coredns,4939,1.51,1.94780903729269,66704,43054
209.69262935799998,coredns,4948,1.51,0.0,66784,43066
210.72129325899994,nodestore,4306,20.47,13.609887531185525,88536,88780
210.72129325899994,nodeapiserver,4263,64.02,34.0247188279638,403744,404100
210.72129325899994,nodescheduler,4298,2.21,0.9721348236561087,67932,68288
210.72129325899994,nodecontroller,4271,7.75,4.860674118280544,140272,140648
210.72129325899994,nodelet,4427,15.87,10.693483060217195,117560,115508
210.72129325899994,nodeproxy,4640,0.31,0.0,54220,54492
210.72129325899994,containerd,3718,14.1,6.804943765592762,99648,98428
210.72129325899994,flanneld,5270,0.75,0.9721348236561087,47648,47972
210.72129325899994,coredns,4939,1.51,0.0,66704,43054
210.72129325899994,coredns,4948,1.53,1.9442696473122174,66784,43066
211.73873748199992,nodestore,4306,20.55,7.862838885075792,88536,88812
211.73873748199992,nodeapiserver,4263,64.3,27.519936097765274,403744,404100
211.73873748199992,nodescheduler,4298,2.23,1.965709721268948,67932,68288
211.73873748199992,nodecontroller,4271,7.78,2.948564581903422,140272,140648
211.73873748199992,nodelet,4427,15.9,2.948564581903422,117560,115508
211.73873748199992,nodeproxy,4640,0.31,0.0,54220,54516
211.73873748199992,containerd,3718,14.14,3.931419442537896,99648,98428
211.73873748199992,flanneld,5270,0.75,0.0,47648,47972
211.73873748199992,coredns,4939,1.51,0.0,66704,43054
211.73873748199992,coredns,4948,1.53,0.0,66784,43066
212.76625871499994,nodestore,4306,20.64,8.758943086483022,88536,88840
212.76625871499994,nodeapiserver,4263,64.57,26.27682925944907,403744,404104
212.76625871499994,nodescheduler,4298,2.23,0.0,67932,68288
212.76625871499994,nodecontroller,4271,7.8,1.9464317969962273,140272,140648
212.76625871499994,nodelet,4427,15.94,3.8928635939924545,117560,115516
212.76625871499994,nodeproxy,4640,0.31,0.0,54220,54516
212.76625871499994,containerd,3718,14.16,1.9464317969962273,99648,98428
212.76625871499994,flanneld,5270,0.75,0.0,47648,47972
212.76625871499994,coredns,4939,1.52,0.9732158984981136,66704,43062
212.76625871499994,coredns,4948,1.53,0.0,66784,43066
213.79803719799997,nodestore,4306,20.73,8.722802566914606,88536,88872
213.79803719799997,nodeapiserver,4263,64.86,28.10680827116928,403744,404112
213.79803719799997,nodescheduler,4298,2.24,0.969200285212734,67932,68288
213.79803719799997,nodecontroller,4271,7.84,3.876801140850936,140272,140652
213.79803719799997,nodelet,4427,15.98,3.876801140850936,117560,115516
213.79803719799997,nodeproxy,4640,0.31,0.0,54220,54516
213.79803719799997,containerd,3718,14.2,3.876801140850936,95900,94680
213.79803719799997,flanneld,5270,0.75,0.0,47648,47972
213.79803719799997,coredns,4939,1.54,1.938400570425468,66704,43062
213.79803719799997,coredns,4948,1.55,1.938400570425468,66784,43066
214.81762518799997,nodestore,4306,20.82,8.827094952344506,88536,88904
214.81762518799997,nodeapiserver,4263,65.14,27.462073185071798,403744,404112
214.81762518799997,nodescheduler,4298,2.24,0.0,67932,68288
214.81762518799997,nodecontroller,4271,7.86,1.9615766560765568,140272,140652
214.81762518799997,nodelet,4427,16.1,11.769459936459342,115340,113110
214.81762518799997,nodeproxy,4640,0.31,0.0,54220,54516
214.81762518799997,containerd,3718,14.25,4.903941640191392,95900,94682
214.81762518799997,flanneld,5270,0.75,0.0,47648,47972
214.81762518799997,coredns,4939,1.54,0.0,66704,43062
214.81762518799997,coredns,4948,1.55,0.0,66784,43066
215.85946399099998,nodestore,4306,20.93,10.558255239030295,88704,88996
215.85946399099998,nodeapiserver,4263,65.47,31.67476571709089,403744,404116
215.85946399099998,nodescheduler,4298,2.26,1.919682770732781,67932,68292
215.85946399099998,nodecontroller,4271,7.91,4.799206926831952,140272,140660
215.85946399099998,nodelet,4427,16.18,7.678731082931124,116108,113856
215.85946399099998,nodeproxy,4640,0.31,0.0,54220,54516
215.85946399099998,containerd,3718,14.28,2.8795241560991713,95900,94720
215.85946399099998,flanneld,5270,0.75,0.0,47648,47972
215.85946399099998,coredns,4939,1.54,0.0,66704,43062
215.85946399099998,coredns,4948,1.56,0.9598413853663905,66784,43066
216.89609444199994,nodestore,4306,21.01,7.717311402808076,88704,89084
216.89609444199994,nodeapiserver,4263,65.7,22.18727028307322,403744,404116
216.89609444199994,nodescheduler,4298,2.27,0.9646639253510095,67932,68292
216.89609444199994,nodecontroller,4271,7.94,2.8939917760530287,140272,140660
216.89609444199994,nodelet,4427,16.34,15.434622805616153,115224,112879
216.89609444199994,nodeproxy,4640,0.31,0.0,54220,54516
216.89609444199994,containerd,3718,14.49,20.257942432371202,94816,93467
216.89609444199994,flanneld,5270,0.77,1.929327850702019,47648,47908
216.89609444199994,coredns,4939,1.55,0.9646639253510095,66704,43062
216.89609444199994,coredns,4948,1.56,0.0,66784,43066
217.96937742499995,nodestore,4306,21.15,13.044090162379696,88840,89216
217.96937742499995,nodeapiserver,4263,66.21,47.51775702009746,403744,404120
217.96937742499995,nodescheduler,4298,2.29,1.8634414517685278,67932,68292
217.96937742499995,nodecontroller,4271,7.99,4.65860362942132,140400,140732
217.96937742499995,nodelet,4427,16.41,6.522045081189848,117264,114932
217.96937742499995,nodeproxy,4640,0.33,1.8634414517685278,54220,54516
217.96937742499995,containerd,3718,14.55,5.590324355305583,94944,93872
217.96937742499995,flanneld,5270,0.77,0.0,47648,47908
217.96937742499995,coredns,4939,1.56,0.9317207258842639,66704,43062
217.96937742499995,coredns,4948,1.58,1.8634414517685278,66784,43066
218.993469119,nodestore,4306,21.23,7.811800492934784,88976,89248
218.993469119,nodeapiserver,4263,66.49,27.341301725271748,403744,404120
218.993469119,nodescheduler,4298,2.29,0.0,67932,68292
218.993469119,nodecontroller,4271,8.02,2.9294251848505444,140400,140732
218.993469119,nodelet,4427,16.47,5.858850369701089,117264,114932
218.993469119,nodeproxy,4640,0.33,0.0,54220,54516
218.993469119,containerd,3718,14.59,3.905900246467392,95968,94860
218.993469119,flanneld,5270,0.78,0.976475061616848,47648,47908
218.993469119,coredns,4939,1.57,0.976475061616848,66704,43062
218.993469119,coredns,4948,1.58,0.0,66784,43066
220.02024433199995,nodestore,4306,21.32,8.765307037072418,88976,89284
220.02024433199995,nodeapiserver,4263,66.76,26.295921111217254,403744,404120
220.02024433199995,nodescheduler,4298,2.31,1.9478460082383153,67932,68292
220.02024433199995,nodecontroller,4271,8.04,1.9478460082383153,140400,140732
220.02024433199995,nodelet,4427,16.53,5.843538024714945,117264,114932
220.02024433199995,nodeproxy,4640,0.33,0.0,54220,54516
220.02024433199995,containerd,3718,14.64,4.869615020595788,97120,95932
220.02024433199995,flanneld,5270,0.78,0.0,47648,47908
220.02024433199995,coredns,4939,1.57,0.0,66704,43062
220.02024433199995,coredns,4948,1.58,0.0,66784,43066
221.0510668679999,nodestore,4306,21.4,7.760792687986318,88976,89312
221.0510668679999,nodeapiserver,4263,67.04,27.162774407952117,403744,404124
221.0510668679999,nodescheduler,4298,2.31,0.0,67932,68292
221.0510668679999,nodecontroller,4271,8.07,2.9102972579948694,140400,140732
221.0510668679999,nodelet,4427,16.58,4.850495429991449,117264,114972
221.0510668679999,nodeproxy,4640,0.33,0.0,54220,54516
221.0510668679999,containerd,3718,14.68,3.880396343993159,97120,95944
221.0510668679999,flanneld,5270,0.78,0.0,47648,47908
221.0510668679999,coredns,4939,1.58,0.9700990859982898,66704,43062
221.0510668679999,coredns,4948,1.59,0.9700990859982898,66784,43066
222.06991828699995,nodestore,4306,21.5,9.814973816117908,88976,89360
222.06991828699995,nodeapiserver,4263,67.34,29.44492144835372,403744,404128
222.06991828699995,nodescheduler,4298,2.32,0.9814973816117908,67932,68292
222.06991828699995,nodecontroller,4271,8.11,3.925989526447163,140400,140732
222.06991828699995,nodelet,4427,16.62,3.925989526447163,118160,115956
222.06991828699995,nodeproxy,4640,0.33,0.0,54220,54516
222.06991828699995,containerd,3718,14.74,5.888984289670745,97504,96424
222.06991828699995,flanneld,5270,0.79,0.9814973816117908,47648,47908
222.06991828699995,coredns,4939,1.6,1.9629947632235816,66704,43062
222.06991828699995,coredns,4948,1.6,0.9814973816117908,66784,43066
223.09324298499996,nodestore,4306,21.58,7.81765554533691,88976,89376
223.09324298499996,nodeapiserver,4263,67.61,26.384587465512073,403744,404128
223.09324298499996,nodescheduler,4298,2.32,0.0,67932,68292
223.09324298499996,nodecontroller,4271,8.13,1.9544138863342275,140400,140732
223.09324298499996,nodelet,4427,16.65,2.9316208295013415,118160,115956
223.09324298499996,nodeproxy,4640,0.33,0.0,54220,54516
223.09324298499996,containerd,3718,14.75,0.9772069431671138,97504,96440
223.09324298499996,flanneld,5270,0.79,0.0,47648,47908
223.09324298499996,coredns,4939,1.6,0.0,66704,43062
223.09324298499996,coredns,4948,1.6,0.0,66784,43066
224.111159037,nodestore,4306,21.68,9.82399283354624,88976,89432
224.111159037,nodeapiserver,4263,67.89,27.50717993392948,403744,404128
224.111159037,nodescheduler,4298,2.34,1.9647985667092482,67932,68292
224.111159037,nodecontroller,4271,8.16,2.9471978500638722,140400,140736
224.111159037,nodelet,4427,16.74,8.841593550191616,118160,115956
224.111159037,nodeproxy,4640,0.33,0.0,54220,54516
224.111159037,containerd,3718,14.82,6.87679498348237,98528,97480
224.111159037,flanneld,5270,0.79,0.0,47648,47908
224.111159037,coredns,4939,1.6,0.0,66704,43062
224.111159037,coredns,4948,1.61,0.9823992833546241,66784,43066
225.14960024999993,nodestore,4306,21.76,7.703854488680091,88976,89448
225.14960024999993,nodeapiserver,4263,68.16,26.000508899295305,403744,404132
225.14960024999993,nodescheduler,4298,2.35,0.9629818110850114,67932,68292
225.14960024999993,nodecontroller,4271,8.18,1.9259636221700227,140400,140736
225.14960024999993,nodelet,4427,16.82,7.703854488680091,119056,116847
225.14960024999993,nodeproxy,4640,0.33,0.0,54220,54516
225.14960024999993,containerd,3718,14.84,1.9259636221700227,98656,97540
225.14960024999993,flanneld,5270,0.79,0.0,47648,47908
225.14960024999993,coredns,4939,1.6,0.0,66704,43062
225.14960024999993,coredns,4948,1.62,0.9629818110850114,66784,43066
226.1759928639999,nodestore,4306,21.84,7.794288356015199,88976,89472
226.1759928639999,nodeapiserver,4263,68.44,27.2800092460532,403744,404132
226.1759928639999,nodescheduler,4298,2.35,0.0,67932,68292
226.1759928639999,nodecontroller,4271,8.24,5.845716267011399,140400,140736
226.1759928639999,nodelet,4427,16.87,4.8714302225095,119184,116944
226.1759928639999,nodeproxy,4640,0.33,0.0,54220,54516
226.1759928639999,containerd,3718,14.88,3.8971441780075997,98784,97540
226.1759928639999,flanneld,5270,0.8,0.9742860445018999,47648,47908
226.1759928639999,coredns,4939,1.62,1.9485720890037999,66704,43062
226.1759928639999,coredns,4948,1.63,0.9742860445018999,66784,43066
227.1924972899999,nodestore,4306,21.95,10.821399020647434,89240,89588
227.1924972899999,nodeapiserver,4263,68.75,30.496669967279132,403744,404136
227.1924972899999,nodescheduler,4298,2.37,1.96752709466317,67932,68292
227.1924972899999,nodecontroller,4271,8.29,4.918817736657925,140400,140740
227.1924972899999,nodelet,4427,16.94,6.886344831321096,119184,116944
227.1924972899999,nodeproxy,4640,0.33,0.0,54220,54516
227.1924972899999,containerd,3718,14.9,1.96752709466317,98784,97540
227.1924972899999,flanneld,5270,0.8,0.0,47648,47908
227.1924972899999,coredns,4939,1.62,0.0,66704,43062
227.1924972899999,coredns,4948,1.63,0.0,66784,43066
228.21858781699996,nodestore,4306,22.03,7.7965830396946005,89240,89628
228.21858781699996,nodeapiserver,4263,69.04,28.262613518892923,403744,404148
228.21858781699996,nodescheduler,4298,2.37,0.0,67932,68292
228.21858781699996,nodecontroller,4271,8.33,3.8982915198473003,140400,140740
228.21858781699996,nodelet,4427,16.98,3.8982915198473003,119184,116942
228.21858781699996,nodeproxy,4640,0.33,0.0,54220,54516
228.21858781699996,containerd,3718,14.95,4.872864399809125,99040,97970
228.21858781699996,flanneld,5270,0.8,0.0,47648,47908
228.21858781699996,coredns,4939,1.63,0.9745728799618251,66704,43062
228.21858781699996,coredns,4948,1.64,0.9745728799618251,66784,43090
229.281240895,nodestore,4306,22.15,11.292490699396021,89524,89748
229.281240895,nodeapiserver,4263,69.33,27.290185856873716,403744,404148
229.281240895,nodescheduler,4298,2.38,0.9410408916163352,67932,68292
229.281240895,nodecontroller,4271,8.37,3.764163566465341,140400,140744
229.281240895,nodelet,4427,17.12,13.174572482628694,119184,116948
229.281240895,nodeproxy,4640,0.33,0.0,54220,54516
229.281240895,containerd,3718,15.13,16.938736049094032,101344,100172
229.281240895,flanneld,5270,0.81,0.9410408916163352,47648,47908
229.281240895,coredns,4939,1.64,0.9410408916163352,66832,43098
229.281240895,coredns,4948,1.66,1.8820817832326704,66784,43082
230.310165117,nodestore,4306,22.25,9.718888705489134,89524,89804
230.310165117,nodeapiserver,4263,69.61,27.21288837536958,403872,404152
230.310165117,nodescheduler,4298,2.4,1.9437777410978268,67932,68292
230.310165117,nodecontroller,4271,8.41,3.8875554821956535,140400,140744
230.310165117,nodelet,4427,17.2,7.775110964391307,119184,116968
230.310165117,nodeproxy,4640,0.34,0.9718888705489134,54220,54516
230.310165117,containerd,3718,15.17,3.8875554821956535,101472,100352
230.310165117,flanneld,5270,0.81,0.0,47648,47908
230.310165117,coredns,4939,1.64,0.0,66832,43098
230.310165117,coredns,4948,1.66,0.0,66784,43082
231.34120302399992,nodestore,4306,22.35,9.698964443603824,89660,89872
231.34120302399992,nodeapiserver,4263,70.07,44.61523644057759,403872,404156
231.34120302399992,nodescheduler,4298,2.4,0.0,67932,68296
231.34120302399992,nodecontroller,4271,8.44,2.9096893330811473,140400,140748
231.34120302399992,nodelet,4427,17.28,7.75917155488306,119184,116968
231.34120302399992,nodeproxy,4640,0.34,0.0,54220,54516
231.34120302399992,containerd,3718,15.23,5.819378666162295,101308,100076
231.34120302399992,flanneld,5270,0.81,0.0,47648,47908
231.34120302399992,coredns,4939,1.65,0.9698964443603825,66832,43098
231.34120302399992,coredns,4948,1.67,0.9698964443603825,66784,43086
232.36674145799998,nodestore,4306,22.46,10.726072895284014,89660,89956
232.36674145799998,nodeapiserver,4263,70.42,34.128413757721866,403872,404156
232.36674145799998,nodescheduler,4298,2.47,6.825682751544374,67932,68360
232.36674145799998,nodecontroller,4271,8.5,5.850585215609462,140400,140748
232.36674145799998,nodelet,4427,17.34,5.850585215609462,119184,116968
232.36674145799998,nodeproxy,4640,0.34,0.0,54220,54516
232.36674145799998,containerd,3718,15.24,0.9750975359349104,101308,100136
232.36674145799998,flanneld,5270,0.81,0.0,47648,47908
232.36674145799998,coredns,4939,1.66,0.9750975359349104,66832,43098
232.36674145799998,coredns,4948,1.68,0.9750975359349104,66784,43094
233.4209340189999,nodestore,4306,22.55,8.537339697657629,89792,90056
233.4209340189999,nodeapiserver,4263,70.7,26.560612392712628,403872,404160
233.4209340189999,nodescheduler,4298,2.47,0.0,67932,68360
233.4209340189999,nodecontroller,4271,8.51,0.9485932997397365,140400,140748
233.4209340189999,nodelet,4427,17.4,5.691559798438419,119184,116968
233.4209340189999,nodeproxy,4640,0.35,0.9485932997397365,54220,54516
233.4209340189999,containerd,3718,15.32,7.588746397917892,101564,100512
233.4209340189999,flanneld,5270,0.81,0.0,47648,47908
233.4209340189999,coredns,4939,1.67,0.9485932997397365,66832,43098
233.4209340189999,coredns,4948,1.69,0.9485932997397365,66784,43110
234.44724859199994,nodestore,4306,22.64,8.769241163254616,89792,90064
234.44724859199994,nodeapiserver,4263,70.97,26.307723489763845,403872,404164
234.44724859199994,nodescheduler,4298,2.48,0.9743601292505129,67932,68360
234.44724859199994,nodecontroller,4271,8.55,3.8974405170020514,140400,140748
234.44724859199994,nodelet,4427,17.45,4.871800646252564,119568,117312
234.44724859199994,nodeproxy,4640,0.35,0.0,54220,54516
234.44724859199994,containerd,3718,15.34,1.9487202585010257,101564,100528
234.44724859199994,flanneld,5270,0.82,0.9743601292505129,47776,48036
234.44724859199994,coredns,4939,1.67,0.0,66832,43098
234.44724859199994,coredns,4948,1.69,0.0,66784,43126
235.47081774499998,nodestore,4306,22.74,9.769735606715392,91876,92228
235.47081774499998,nodeapiserver,4263,71.26,28.33223325947463,403872,404164
235.47081774499998,nodescheduler,4298,2.48,0.0,67932,68360
235.47081774499998,nodecontroller,4271,8.57,1.9539471213430784,140400,140748
235.47081774499998,nodelet,4427,17.53,7.815788485372313,119568,117324
235.47081774499998,nodeproxy,4640,0.35,0.0,54220,54516
235.47081774499998,containerd,3718,15.37,2.9309206820146176,101564,100572
235.47081774499998,flanneld,5270,0.83,0.9769735606715392,47776,48036
235.47081774499998,coredns,4939,1.67,0.0,66832,43098
235.47081774499998,coredns,4948,1.7,0.9769735606715392,66784,43150
236.50736932099994,nodestore,4306,22.83,8.68263597141094,91876,92232
236.50736932099994,nodeapiserver,4263,71.53,26.047907914232823,403872,404164
236.50736932099994,nodescheduler,4298,2.49,0.9647373301567712,67932,68368
236.50736932099994,nodecontroller,4271,8.6,2.8942119904703136,140584,140812
236.50736932099994,nodelet,4427,17.56,2.8942119904703136,119568,117324
236.50736932099994,nodeproxy,4640,0.35,0.0,54220,54516
236.50736932099994,containerd,3718,15.39,1.9294746603135424,101692,100576
236.50736932099994,flanneld,5270,0.83,0.0,47776,48036
236.50736932099994,coredns,4939,1.68,0.9647373301567712,66832,43098
236.50736932099994,coredns,4948,1.71,0.9647373301567712,66784,43170
237.56580850599994,nodestore,4306,22.93,9.447873946579202,91876,92296
237.56580850599994,nodeapiserver,4263,71.82,27.398834445079682,403872,404164
237.56580850599994,nodescheduler,4298,2.5,0.9447873946579202,67932,68368
237.56580850599994,nodecontroller,4271,8.63,2.8343621839737607,140584,140812
237.56580850599994,nodelet,4427,17.64,7.558299157263361,119568,117332
237.56580850599994,nodeproxy,4640,0.35,0.0,54220,54516
237.56580850599994,containerd,3718,15.47,7.558299157263361,102588,101564
237.56580850599994,flanneld,5270,0.83,0.0,47776,48036
237.56580850599994,coredns,4939,1.69,0.9447873946579202,66832,43098
237.56580850599994,coredns,4948,1.72,0.9447873946579202,66912,43206
238.58640837299993,nodestore,4306,23.02,8.818343300842418,91876,92396
238.58640837299993,nodeapiserver,4263,72.11,28.4146617471589,403872,404172
238.58640837299993,nodescheduler,4298,2.52,1.9596318446316485,67932,68376
238.58640837299993,nodecontroller,4271,8.68,4.899079611579121,140584,140816
238.58640837299993,nodelet,4427,17.75,10.777975145474066,119568,117335
238.58640837299993,nodeproxy,4640,0.35,0.0,54220,54516
238.58640837299993,containerd,3718,15.61,13.717422912421542,103612,102542
238.58640837299993,flanneld,5270,0.85,1.9596318446316485,47904,48228
238.58640837299993,coredns,4939,1.7,0.9798159223158243,66832,43102
238.58640837299993,coredns,4948,1.72,0.0,66912,43222
239.6442834589999,nodestore,4306,23.17,14.179367865366729,92272,92632
239.6442834589999,nodeapiserver,4263,72.53,39.702230023026836,403872,404184
239.6442834589999,nodescheduler,4298,2.54,1.8905823820488972,67932,68376
239.6442834589999,nodecontroller,4271,8.75,6.617038337171141,140584,140816
239.6442834589999,nodelet,4427,17.92,16.069950247415626,119568,117356
239.6442834589999,nodeproxy,4640,0.35,0.0,54220,54516
239.6442834589999,containerd,3718,15.75,13.234076674342282,104764,103664
239.6442834589999,flanneld,5270,0.85,0.0,47904,48228
239.6442834589999,coredns,4939,1.7,0.0,66832,43106
239.6442834589999,coredns,4948,1.73,0.9452911910244486,67040,43290
240.668238246,nodestore,4306,23.29,11.71926744456824,92272,92680
240.668238246,nodeapiserver,4263,72.82,28.321562991039908,403872,404184
240.668238246,nodescheduler,4298,2.55,0.9766056203806867,67932,68376
240.668238246,nodecontroller,4271,8.79,3.9064224815227466,140584,140824
240.668238246,nodelet,4427,17.97,4.883028101903433,119568,117354
240.668238246,nodeproxy,4640,0.35,0.0,54220,54516
240.668238246,containerd,3718,15.81,5.85963372228412,104764,103674
240.668238246,flanneld,5270,0.85,0.0,47904,48228
240.668238246,coredns,4939,1.72,1.9532112407613733,66832,43106
240.668238246,coredns,4948,1.74,0.9766056203806867,67040,43346
241.71823382499997,nodestore,4306,23.41,11.428619548502112,92416,92832
241.71823382499997,nodeapiserver,4263,73.33,48.571633081133974,403872,404188
241.71823382499997,nodescheduler,4298,2.57,1.904769924750352,67932,68376
241.71823382499997,nodecontroller,4271,8.85,5.714309774251056,140584,140840
241.71823382499997,nodelet,4427,18.16,18.095314285128342,120336,118118
241.71823382499997,nodeproxy,4640,0.35,0.0,54220,54520
241.71823382499997,containerd,3718,15.98,16.19054436037799,101264,99958
241.71823382499997,flanneld,5270,0.85,0.0,47904,48232
241.71823382499997,coredns,4939,1.72,0.0,66832,43142
241.71823382499997,coredns,4948,1.74,0.0,67040,43322
242.74920237899994,nodestore,4306,23.51,9.69961689054611,92548,92876
242.74920237899994,nodeapiserver,4263,73.62,28.128888982583717,403872,404192
242.74920237899994,nodescheduler,4298,2.58,0.969961689054611,67932,68380
242.74920237899994,nodecontroller,4271,8.88,2.909885067163833,140584,140840
242.74920237899994,nodelet,4427,18.22,5.819770134327666,120336,118120
242.74920237899994,nodeproxy,4640,0.36,0.969961689054611,54220,54520
242.74920237899994,containerd,3718,16.03,4.849808445273055,101264,99964
242.74920237899994,flanneld,5270,0.85,0.0,47904,48232
242.74920237899994,coredns,4939,1.73,0.969961689054611,66832,43146
242.74920237899994,coredns,4948,1.75,0.969961689054611,67040,43322
243.76630804599995,nodestore,4306,23.58,6.882274110856894,92548,92900
243.76630804599995,nodeapiserver,4263,73.88,25.562732411754176,403872,404200
243.76630804599995,nodescheduler,4298,2.58,0.0,67932,68380
243.76630804599995,nodecontroller,4271,8.9,1.9663640316733981,140584,140840
243.76630804599995,nodelet,4427,18.25,2.949546047510097,120336,118120
243.76630804599995,nodeproxy,4640,0.36,0.0,54220,54520
243.76630804599995,containerd,3718,16.05,1.9663640316733981,101264,100004
243.76630804599995,flanneld,5270,0.85,0.0,47904,48232
243.76630804599995,coredns,4939,1.74,0.9831820158366991,66832,43146
243.76630804599995,coredns,4948,1.76,0.9831820158366991,67040,43322
244.78066954999997,nodestore,4306,23.7,11.830101943616096,92548,92988
244.78066954999997,nodeapiserver,4263,74.24,35.49030583084829,403872,404204
244.78066954999997,nodescheduler,4298,2.6,1.9716836572693495,67932,68380
244.78066954999997,nodecontroller,4271,8.98,7.886734629077398,140584,140872
244.78066954999997,nodelet,4427,18.38,12.815943772250773,119288,116944
244.78066954999997,nodeproxy,4640,0.37,0.9858418286346747,54220,54520
244.78066954999997,containerd,3718,16.09,3.943367314538699,101264,100044
244.78066954999997,flanneld,5270,0.85,0.0,47904,48232
244.78066954999997,coredns,4939,1.75,0.9858418286346747,66832,43146
244.78066954999997,coredns,4948,1.77,0.9858418286346747,67040,43322
245.8053649069999,nodestore,4306,23.8,9.758998058972082,92548,93000
245.8053649069999,nodeapiserver,4263,74.51,26.349294759224623,403872,404204
245.8053649069999,nodescheduler,4298,2.6,0.0,67932,68380
245.8053649069999,nodecontroller,4271,9.02,3.903599223588833,140584,140872
245.8053649069999,nodelet,4427,18.4,1.9517996117944165,119544,117228
245.8053649069999,nodeproxy,4640,0.37,0.0,54220,54524
245.8053649069999,containerd,3718,16.11,1.9517996117944165,101264,100044
245.8053649069999,flanneld,5270,0.86,0.9758998058972083,47904,48232
245.8053649069999,coredns,4939,1.75,0.0,66832,43146
245.8053649069999,coredns,4948,1.77,0.0,67040,43322
246.84596946299996,nodestore,4306,23.89,8.648818562350657,92548,93056
246.84596946299996,nodeapiserver,4263,74.8,27.868415367574332,403872,404204
246.84596946299996,nodescheduler,4298,2.61,0.960979840261184,67932,68380
246.84596946299996,nodecontroller,4271,9.04,1.921959680522368,140584,140872
246.84596946299996,nodelet,4427,18.46,5.765879041567104,119544,117288
246.84596946299996,nodeproxy,4640,0.37,0.0,54220,54524
246.84596946299996,containerd,3718,16.18,6.7268588818282895,102160,101028
246.84596946299996,flanneld,5270,0.86,0.0,47904,48232
246.84596946299996,coredns,4939,1.77,1.921959680522368,66832,43146
246.84596946299996,coredns,4948,1.78,0.960979840261184,67040,43326
247.87235488599993,nodestore,4306,23.99,9.742928704863669,92804,93148
247.87235488599993,nodeapiserver,4263,75.09,28.254493244104637,403872,404212
247.87235488599993,nodescheduler,4298,2.62,0.9742928704863669,67932,68380
247.87235488599993,nodecontroller,4271,9.07,2.922878611459101,140584,140872
247.87235488599993,nodelet,4427,18.49,2.922878611459101,119544,117300
247.87235488599993,nodeproxy,4640,0.37,0.0,54220,54524
247.87235488599993,containerd,3718,16.2,1.9485857409727338,102160,101028
247.87235488599993,flanneld,5270,0.86,0.0,47904,48232
247.87235488599993,coredns,4939,1.77,0.0,66832,43146
247.87235488599993,coredns,4948,1.79,0.9742928704863669,67040,43326
248.901271179,nodestore,4306,24.08,8.747067240774488,92804,93148
248.901271179,nodeapiserver,4263,75.37,27.213098082409523,403872,404212
248.901271179,nodescheduler,4298,2.62,0.0,67932,68380
248.901271179,nodecontroller,4271,9.09,1.9437927201721086,140584,140876
248.901271179,nodelet,4427,18.54,4.859481800430271,119544,117304
248.901271179,nodeproxy,4640,0.37,0.0,54220,54524
248.901271179,containerd,3718,16.25,4.859481800430271,102160,101028
248.901271179,flanneld,5270,0.87,0.9718963600860543,47904,48360
248.901271179,coredns,4939,1.78,0.9718963600860543,66832,43146
248.901271179,coredns,4948,1.79,0.0,67040,43326
249.93474020399992,nodestore,4306,24.2,11.611378483260104,92952,93252
249.93474020399992,nodeapiserver,4263,75.73,34.83413544978031,403872,404216
249.93474020399992,nodescheduler,4298,2.65,2.902844620815026,67932,68380
249.93474020399992,nodecontroller,4271,9.15,5.805689241630052,140584,140880
249.93474020399992,nodelet,4427,18.62,7.740918988840069,117264,114864
249.93474020399992,nodeproxy,4640,0.37,0.0,54220,54524
249.93474020399992,containerd,3718,16.26,0.9676148736050086,102160,101028
249.93474020399992,flanneld,5270,0.87,0.0,47904,48360
249.93474020399992,coredns,4939,1.78,0.0,66832,43146
249.93474020399992,coredns,4948,1.8,0.9676148736050086,67040,43326
250.968302624,nodestore,4306,24.28,7.740219502175287,93084,93316
250.968302624,nodeapiserver,4263,75.99,25.15571338206968,403872,404216
250.968302624,nodescheduler,4298,2.66,0.9675274377719109,67932,68388
250.968302624,nodecontroller,4271,9.18,2.9025823133157327,140584,140884
250.968302624,nodelet,4427,18.83,20.31807619321013,118544,115957
250.968302624,nodeproxy,4640,0.37,0.0,54220,54524
250.968302624,containerd,3718,16.48,21.28560363098204,103184,102099
250.968302624,flanneld,5270,0.89,1.9350548755438217,47904,48360
250.968302624,coredns,4939,1.79,0.9675274377719109,66960,43154
250.968302624,coredns,4948,1.81,0.9675274377719109,67040,43326
252.0043744159999,nodestore,4306,24.45,16.408129370248677,93084,93356
252.0043744159999,nodeapiserver,4263,76.56,55.0154925943632,403872,404220
252.0043744159999,nodescheduler,4298,2.69,2.89555224180859,67932,68388
252.0043744159999,nodecontroller,4271,9.25,6.756288564220044,140584,140884
252.0043744159999,nodelet,4427,18.97,13.512577128440087,124304,121952
252.0043744159999,nodeproxy,4640,0.37,0.0,54220,54524
252.0043744159999,containerd,3718,16.62,13.512577128440087,103348,102156
252.0043744159999,flanneld,5270,0.89,0.0,47904,48360
252.0043744159999,coredns,4939,1.8,0.9651840806028633,66960,43154
252.0043744159999,coredns,4948,1.82,0.9651840806028633,67040,43326
253.025247251,nodestore,4306,24.52,6.856877526767941,93084,93420
253.025247251,nodeapiserver,4263,76.83,26.447956174676342,404000,404228
253.025247251,nodescheduler,4298,2.7,0.97955393239542,67932,68388
253.025247251,nodecontroller,4271,9.28,2.9386617971862603,140584,140888
253.025247251,nodelet,4427,19.02,4.8977696619771,124304,121952
253.025247251,nodeproxy,4640,0.37,0.0,54220,54524
253.025247251,containerd,3718,16.64,1.95910786479084,104372,103140
253.025247251,flanneld,5270,0.89,0.0,47904,48360
253.025247251,coredns,4939,1.81,0.97955393239542,66960,43154
253.025247251,coredns,4948,1.82,0.0,67040,43326
254.05118039299998,nodestore,4306,24.62,9.74722385954478,93084,93420
254.05118039299998,nodeapiserver,4263,77.1,26.317504420770906,404000,404228
254.05118039299998,nodescheduler,4298,2.7,0.0,67932,68388
254.05118039299998,nodecontroller,4271,9.3,1.949444771908956,140584,140888
254.05118039299998,nodelet,4427,19.06,3.898889543817912,124304,121952
254.05118039299998,nodeproxy,4640,0.37,0.0,54220,54524
254.05118039299998,containerd,3718,16.68,3.898889543817912,104372,103140
254.05118039299998,flanneld,5270,0.89,0.0,47904,48360
254.05118039299998,coredns,4939,1.81,0.0,66960,43154
254.05118039299998,coredns,4948,1.83,0.974722385954478,67040,43326
255.08033417699994,nodestore,4306,24.72,9.716720820025083,93084,93420
255.08033417699994,nodeapiserver,4263,77.39,28.178490378072738,404000,404232
255.08033417699994,nodescheduler,4298,2.71,0.9716720820025083,67932,68388
255.08033417699994,nodecontroller,4271,9.35,4.8583604100125415,140584,140888
255.08033417699994,nodelet,4427,19.14,7.7733766560200666,124304,121960
255.08033417699994,nodeproxy,4640,0.37,0.0,54220,54524
255.08033417699994,containerd,3718,16.72,3.8866883280100333,104372,103140
255.08033417699994,flanneld,5270,0.89,0.0,47904,48360
255.08033417699994,coredns,4939,1.82,0.9716720820025083,66960,43154
255.08033417699994,coredns,4948,1.85,1.9433441640050166,67040,43326
256.105073094,nodestore,4306,24.8,7.806866575752113,93084,93420
256.105073094,nodeapiserver,4263,77.67,27.324033015132397,404000,404232
256.105073094,nodescheduler,4298,2.72,0.9758583219690141,67932,68388
256.105073094,nodecontroller,4271,9.37,1.9517166439380282,140584,140888
256.105073094,nodelet,4427,19.19,4.879291609845071,124304,121960
256.105073094,nodeproxy,4640,0.37,0.0,54220,54524
256.105073094,containerd,3718,16.74,1.9517166439380282,104372,103140
256.105073094,flanneld,5270,0.89,0.0,47904,48360
256.105073094,coredns,4939,1.83,0.9758583219690141,66960,43154
256.105073094,coredns,4948,1.85,0.0,67040,43326
257.1226465,nodestore,4306,24.93,12.775491107911325,93084,93420
257.1226465,nodeapiserver,4263,78.0,32.430092812390285,404000,404232
257.1226465,nodescheduler,4298,2.74,1.9654601704478962,67932,68388
257.1226465,nodecontroller,4271,9.43,5.896380511343689,140584,140896
257.1226465,nodelet,4427,19.28,8.844570767015533,122844,120360
257.1226465,nodeproxy,4640,0.38,0.9827300852239481,54220,54524
257.1226465,containerd,3718,16.81,6.879110596567638,104372,103140
257.1226465,flanneld,5270,0.9,0.9827300852239481,47904,48360
257.1226465,coredns,4939,1.84,0.9827300852239481,66960,43154
257.1226465,coredns,4948,1.85,0.0,67040,43330
258.137093381,nodestore,4306,25.0,6.90031201347823,93084,93420
258.137093381,nodeapiserver,4263,78.26,25.629730335776276,404000,404236
258.137093381,nodescheduler,4298,2.74,0.0,67932,68388
258.137093381,nodecontroller,4271,9.46,2.957276577204955,140584,140900
258.137093381,nodelet,4427,19.31,2.957276577204955,123484,120984
258.137093381,nodeproxy,4640,0.38,0.0,54220,54528
258.137093381,containerd,3718,16.83,1.9715177181366368,104372,103140
258.137093381,flanneld,5270,0.9,0.0,47904,48360
258.137093381,coredns,4939,1.85,0.9857588590683184,66960,43158
258.137093381,coredns,4948,1.87,1.9715177181366368,67040,43330
259.159058686,nodestore,4306,25.1,9.785067997000338,93084,93420
259.159058686,nodeapiserver,4263,78.56,29.355203991001016,404000,404240
259.159058686,nodescheduler,4298,2.75,0.9785067997000338,67932,68388
259.159058686,nodecontroller,4271,9.48,1.9570135994000677,140584,140900
259.159058686,nodelet,4427,19.36,4.892533998500169,124380,121960
259.159058686,nodeproxy,4640,0.38,0.0,54220,54528
259.159058686,containerd,3718,16.88,4.892533998500169,104372,103140
259.159058686,flanneld,5270,0.91,0.9785067997000338,47904,48360
259.159058686,coredns,4939,1.85,0.0,66960,43158
259.159058686,coredns,4948,1.87,0.0,67040,43334
260.1757141979999,nodestore,4306,25.18,7.8689387954653105,93084,93420
260.1757141979999,nodeapiserver,4263,78.81,24.590433735829095,404000,404244
260.1757141979999,nodescheduler,4298,2.77,1.9672346988663276,67932,68388
260.1757141979999,nodecontroller,4271,9.51,2.9508520482994913,140584,140900
260.1757141979999,nodelet,4427,19.43,6.8853214460321475,122588,120104
260.1757141979999,nodeproxy,4640,0.38,0.0,54220,54528
260.1757141979999,containerd,3718,16.98,9.83617349433164,105524,104168
260.1757141979999,flanneld,5270,0.91,0.0,47904,48360
260.1757141979999,coredns,4939,1.86,0.9836173494331638,66960,43158
260.1757141979999,coredns,4948,1.87,0.0,67040,43334
261.2195300689999,nodestore,4306,25.26,7.664186972301801,93084,93420
261.2195300689999,nodeapiserver,4263,79.06,23.950584288443128,404000,404248
261.2195300689999,nodescheduler,4298,2.78,0.9580233715377251,67932,68388
261.2195300689999,nodecontroller,4271,9.54,2.8740701146131755,140584,140900
261.2195300689999,nodelet,4427,19.54,10.538257086914976,122588,120104
261.2195300689999,nodeproxy,4640,0.38,0.0,54220,54528
261.2195300689999,containerd,3718,17.3,30.656747889207203,106804,105616
261.2195300689999,flanneld,5270,0.92,0.9580233715377251,48092,48424
261.2195300689999,coredns,4939,1.86,0.0,66960,43158
261.2195300689999,coredns,4948,1.88,0.9580233715377251,67040,43334
262.2407837239999,nodestore,4306,25.36,9.79188661997974,93084,93420
262.2407837239999,nodeapiserver,4263,79.39,32.31322584593315,404000,404312
262.2407837239999,nodescheduler,4298,2.79,0.9791886619979742,67932,68392
262.2407837239999,nodecontroller,4271,9.59,4.89594330998987,140584,140964
262.2407837239999,nodelet,4427,19.67,12.729452605973664,122588,120108
262.2407837239999,nodeproxy,4640,0.38,0.0,54220,54528
262.2407837239999,containerd,3718,17.54,23.500527887951378,103292,102172
262.2407837239999,flanneld,5270,0.92,0.0,48092,48424
262.2407837239999,coredns,4939,1.88,1.9583773239959483,66960,43158
262.2407837239999,coredns,4948,1.9,1.9583773239959483,67040,43334
263.29149884899994,nodestore,4306,25.42,5.710396526365735,93084,93420
263.29149884899994,nodeapiserver,4263,79.58,18.082922333491496,404000,404312
263.29149884899994,nodescheduler,4298,2.8,0.9517327543942892,67932,68392
263.29149884899994,nodecontroller,4271,9.61,1.9034655087885783,140584,140964
263.29149884899994,nodelet,4427,19.73,5.710396526365735,122588,120102
263.29149884899994,nodeproxy,4640,0.38,0.0,54220,54528
263.29149884899994,containerd,3718,17.75,19.986387842280074,103292,102187
263.29149884899994,flanneld,5270,0.93,0.9517327543942892,48092,48456
263.29149884899994,coredns,4939,1.88,0.0,66960,43158
263.29149884899994,coredns,4948,1.9,0.0,67040,43334
264.338682685,nodestore,4306,25.61,18.14390114401956,93084,93420
264.338682685,nodeapiserver,4263,80.19,58.251472093957524,406272,406600
264.338682685,nodescheduler,4298,2.82,1.9098843309494271,67932,68396
264.338682685,nodecontroller,4271,9.73,11.459305985696563,140584,140964
264.338682685,nodelet,4427,19.97,22.918611971393126,121512,119100
264.338682685,nodeproxy,4640,0.38,0.0,54220,54532
264.338682685,containerd,3718,17.93,17.188958978544843,103676,102504
264.338682685,flanneld,5270,0.95,1.9098843309494271,48220,48584
264.338682685,coredns,4939,1.89,0.9549421654747136,66960,43158
264.338682685,coredns,4948,1.9,0.0,67040,43346
265.36024984999995,nodestore,4306,25.72,10.767769733476484,93084,93420
265.36024984999995,nodeapiserver,4263,80.5,30.34553288525191,406272,406612
265.36024984999995,nodescheduler,4298,2.83,0.9788881575887713,67932,68396
265.36024984999995,nodecontroller,4271,9.78,4.894440787943856,140584,141032
265.36024984999995,nodelet,4427,20.1,12.725546048654026,122024,119752
265.36024984999995,nodeproxy,4640,0.38,0.0,54220,54532
265.36024984999995,containerd,3718,17.95,1.9577763151775427,104572,103376
265.36024984999995,flanneld,5270,0.95,0.0,48220,48584
265.36024984999995,coredns,4939,1.89,0.0,66960,43158
265.36024984999995,coredns,4948,1.92,1.9577763151775427,67040,43346
266.383251579,nodestore,4306,25.8,7.820123635391883,93084,93420
266.383251579,nodeapiserver,4263,80.79,28.34794817829557,406272,406612
266.383251579,nodescheduler,4298,2.84,0.9775154544239854,67932,68396
266.383251579,nodecontroller,4271,9.81,2.932546363271956,140584,141032
266.383251579,nodelet,4427,20.16,5.865092726543912,122024,119692
266.383251579,nodeproxy,4640,0.4,1.9550309088479707,54220,54536
266.383251579,containerd,3718,17.97,1.9550309088479707,104572,103376
266.383251579,flanneld,5270,0.95,0.0,48220,48584
266.383251579,coredns,4939,1.9,0.9775154544239854,66960,43158
266.383251579,coredns,4948,1.92,0.0,67040,43350
267.42206037899996,nodestore,4306,25.88,7.7011284463514675,93084,93420
267.42206037899996,nodeapiserver,4263,81.06,25.991308506436205,406272,406612
267.42206037899996,nodescheduler,4298,2.84,0.0,67932,68396
267.42206037899996,nodecontroller,4271,9.83,1.9252821115878669,140584,141032
267.42206037899996,nodelet,4427,20.22,5.775846334763601,122024,119730
267.42206037899996,nodeproxy,4640,0.4,0.0,54220,54536
267.42206037899996,containerd,3718,18.05,7.7011284463514675,104572,103381
267.42206037899996,flanneld,5270,0.95,0.0,48220,48584
267.42206037899996,coredns,4939,1.9,0.0,66960,43162
267.42206037899996,coredns,4948,1.94,1.9252821115878669,67040,43350
268.45779179399995,nodestore,4306,25.98,9.65501273319988,93084,93420
268.45779179399995,nodeapiserver,4263,81.33,26.06853437963968,406272,406612
268.45779179399995,nodescheduler,4298,2.85,0.965501273319988,67932,68396
268.45779179399995,nodecontroller,4271,9.86,2.896503819959964,140584,141032
268.45779179399995,nodelet,4427,20.25,2.896503819959964,122024,119730
268.45779179399995,nodeproxy,4640,0.4,0.0,54220,54536
268.45779179399995,containerd,3718,18.08,2.896503819959964,104572,103389
268.45779179399995,flanneld,5270,0.95,0.0,48220,48584
268.45779179399995,coredns,4939,1.91,0.965501273319988,66960,43162
268.45779179399995,coredns,4948,1.94,0.0,67040,43350
269.4857428869999,nodestore,4306,26.05,6.809662490431634,93084,93420
269.4857428869999,nodeapiserver,4263,81.59,25.293032107317494,406272,406612
269.4857428869999,nodescheduler,4298,2.87,1.9456178544090381,67932,68396
269.4857428869999,nodecontroller,4271,9.89,2.918426781613557,140584,141032
269.4857428869999,nodelet,4427,20.3,4.864044636022595,122024,119730
269.4857428869999,nodeproxy,4640,0.4,0.0,54220,54536
269.4857428869999,containerd,3718,18.13,4.864044636022595,106632,105437
269.4857428869999,flanneld,5270,0.95,0.0,48220,48584
269.4857428869999,coredns,4939,1.92,0.9728089272045191,66960,43162
269.4857428869999,coredns,4948,1.95,0.9728089272045191,67040,43350
270.521331413,nodestore,4306,26.15,9.656344917826171,93084,93420
270.521331413,nodeapiserver,4263,81.87,27.037765769913285,406272,406616
270.521331413,nodescheduler,4298,2.87,0.0,67932,68396
270.521331413,nodecontroller,4271,9.92,2.8969034753478518,140584,141032
270.521331413,nodelet,4427,20.36,5.7938069506957035,122024,119730
270.521331413,nodeproxy,4640,0.4,0.0,54220,54536
270.521331413,containerd,3718,18.14,0.9656344917826172,106632,105437
270.521331413,flanneld,5270,0.95,0.0,48220,48584
270.521331413,coredns,4939,1.94,1.9312689835652344,66960,43170
270.521331413,coredns,4948,1.95,0.0,67040,43358
271.56813546699993,nodestore,4306,26.24,8.597597578658629,93084,93420
271.56813546699993,nodeapiserver,4263,82.15,26.748081355826848,406272,406620
271.56813546699993,nodescheduler,4298,2.88,0.9552886198509587,67932,68396
271.56813546699993,nodecontroller,4271,9.95,2.8658658595528763,140584,141032
271.56813546699993,nodelet,4427,20.45,8.597597578658629,122024,119730
271.56813546699993,nodeproxy,4640,0.4,0.0,54220,54536
271.56813546699993,containerd,3718,18.26,11.463463438211505,106632,105437
271.56813546699993,flanneld,5270,0.96,0.9552886198509587,48220,48596
271.56813546699993,coredns,4939,1.94,0.0,66960,43170
271.56813546699993,coredns,4948,1.96,0.9552886198509587,67040,43362
272.5855806689999,nodestore,4306,26.32,7.862831319342333,93084,93428
272.5855806689999,nodeapiserver,4263,82.43,27.519909617698172,406272,406620
272.5855806689999,nodescheduler,4298,2.89,0.9828539149177916,67932,68396
272.5855806689999,nodecontroller,4271,9.98,2.948561744753375,140584,141032
272.5855806689999,nodelet,4427,20.47,1.9657078298355832,122024,119730
272.5855806689999,nodeproxy,4640,0.4,0.0,54220,54536
272.5855806689999,containerd,3718,18.26,0.0,106632,105437
272.5855806689999,flanneld,5270,0.96,0.0,48220,48596
272.5855806689999,coredns,4939,1.95,0.9828539149177916,66960,43170
272.5855806689999,coredns,4948,1.97,0.9828539149177916,67040,43362
273.61230851999994,nodestore,4306,26.4,7.791743442245191,93084,93428
273.61230851999994,nodeapiserver,4263,82.7,26.29713411757752,406272,406620
273.61230851999994,nodescheduler,4298,2.89,0.0,67932,68396
273.61230851999994,nodecontroller,4271,10.0,1.9479358605612977,140584,141032
273.61230851999994,nodelet,4427,20.51,3.8958717211225955,122024,119738
273.61230851999994,nodeproxy,4640,0.4,0.0,54220,54536
273.61230851999994,containerd,3718,18.29,2.9219037908419465,106632,105437
273.61230851999994,flanneld,5270,0.97,0.9739679302806489,48348,48632
273.61230851999994,coredns,4939,1.95,0.0,66960,43170
273.61230851999994,coredns,4948,1.97,0.0,67040,43362
274.6381615759999,nodestore,4306,26.51,10.722783283301375,93084,93432
274.6381615759999,nodeapiserver,4263,83.02,31.193551369604002,406272,406620
274.6381615759999,nodescheduler,4298,2.91,1.9495969606002501,67932,68396
274.6381615759999,nodecontroller,4271,10.04,3.8991939212005002,140584,141032
274.6381615759999,nodelet,4427,20.56,4.873992401500625,122024,119736
274.6381615759999,nodeproxy,4640,0.4,0.0,54220,54536
274.6381615759999,containerd,3718,18.34,4.873992401500625,106632,105438
274.6381615759999,flanneld,5270,0.97,0.0,48348,48632
274.6381615759999,coredns,4939,1.97,1.9495969606002501,66960,43170
274.6381615759999,coredns,4948,1.98,0.9747984803001251,67040,43362
275.774899796,nodestore,4306,26.63,10.556520216236743,93212,93520
275.774899796,nodeapiserver,4263,83.35,29.030430594651044,406272,406624
275.774899796,nodescheduler,4298,2.92,0.8797100180197286,67932,68396
275.774899796,nodecontroller,4271,10.09,4.398550090098643,140584,141044
275.774899796,nodelet,4427,20.72,14.075360288315657,123016,120628
275.774899796,nodeproxy,4640,0.4,0.0,54220,54536
275.774899796,containerd,3718,18.45,9.676810198217014,106760,105599
275.774899796,flanneld,5270,0.97,0.0,48348,48632
275.774899796,coredns,4939,1.97,0.0,66960,43206
275.774899796,coredns,4948,1.99,0.8797100180197286,67040,43330
276.803121339,nodestore,4306,26.73,9.725530522171008,93212,93560
276.803121339,nodeapiserver,4263,83.66,30.149144618730123,406272,406628
276.803121339,nodescheduler,4298,2.92,0.0,67932,68396
276.803121339,nodecontroller,4271,10.13,3.890212208868403,140584,141044
276.803121339,nodelet,4427,20.86,13.615742731039411,121892,119474
276.803121339,nodeproxy,4640,0.4,0.0,54220,54536
276.803121339,containerd,3718,18.52,6.807871365519706,105608,104457
276.803121339,flanneld,5270,0.97,0.0,48348,48632
276.803121339,coredns,4939,1.98,0.9725530522171008,66960,43210
276.803121339,coredns,4948,1.99,0.0,67040,43330
277.8257489539999,nodestore,4306,26.82,8.80085758294402,93212,93612
277.8257489539999,nodeapiserver,4263,84.1,43.02641484994855,406272,406632
277.8257489539999,nodescheduler,4298,2.94,1.955746129543116,67932,68396
277.8257489539999,nodecontroller,4271,10.15,1.955746129543116,140584,141044
277.8257489539999,nodelet,4427,20.88,1.955746129543116,121892,119474
277.8257489539999,nodeproxy,4640,0.4,0.0,54220,54536
277.8257489539999,containerd,3718,18.54,1.955746129543116,105608,104457
277.8257489539999,flanneld,5270,0.97,0.0,48348,48632
277.8257489539999,coredns,4939,1.98,0.0,66960,43210
277.8257489539999,coredns,4948,2.0,0.977873064771558,67040,43330
278.852349787,nodestore,4306,26.91,8.766795925636291,93212,93652
278.852349787,nodeapiserver,4263,84.39,28.248564649272492,406272,406632
278.852349787,nodescheduler,4298,2.94,0.0,67932,68396
278.852349787,nodecontroller,4271,10.19,3.8963537447272407,140584,141044
278.852349787,nodelet,4427,20.93,4.870442180909051,121892,119478
278.852349787,nodeproxy,4640,0.4,0.0,54220,54536
278.852349787,containerd,3718,18.58,3.8963537447272407,105608,104457
278.852349787,flanneld,5270,0.98,0.9740884361818102,48348,48632
278.852349787,coredns,4939,2.0,1.9481768723636204,66960,43210
278.852349787,coredns,4948,2.01,0.9740884361818102,67040,43338
279.8761526569999,nodestore,4306,27.03,11.721006408197214,93344,93776
279.8761526569999,nodeapiserver,4263,84.74,34.186268690575204,406272,406644
279.8761526569999,nodescheduler,4298,2.96,1.9535010680328688,67932,68396
279.8761526569999,nodecontroller,4271,10.24,4.883752670082172,140584,141044
279.8761526569999,nodelet,4427,21.0,6.837253738115042,121892,119478
279.8761526569999,nodeproxy,4640,0.4,0.0,54220,54536
279.8761526569999,containerd,3718,18.61,2.9302516020493035,105608,104457
279.8761526569999,flanneld,5270,0.98,0.0,48348,48632
279.8761526569999,coredns,4939,2.0,0.0,66960,43210
279.8761526569999,coredns,4948,2.02,0.9767505340164344,67040,43338
280.89624226699993,nodestore,4306,27.13,9.803060340943837,93344,93832
280.89624226699993,nodeapiserver,4263,85.02,27.44856895464275,406272,406648
280.89624226699993,nodescheduler,4298,2.98,1.9606120681887675,67932,68396
280.89624226699993,nodecontroller,4271,10.27,2.940918102283151,140584,141044
280.89624226699993,nodelet,4427,21.09,8.822754306849454,121892,119478
280.89624226699993,nodeproxy,4640,0.4,0.0,54220,54536
280.89624226699993,containerd,3718,18.67,5.881836204566302,105608,104449
280.89624226699993,flanneld,5270,0.99,0.9803060340943838,48348,48632
280.89624226699993,coredns,4939,2.01,0.9803060340943838,66960,43210
280.89624226699993,coredns,4948,2.02,0.0,67040,43338
281.912541004,nodestore,4306,27.21,7.871701212199337,93344,93856
281.912541004,nodeapiserver,4263,85.28,25.583028939647846,406272,406648
281.912541004,nodescheduler,4298,2.98,0.0,67932,68396
281.912541004,nodecontroller,4271,10.29,1.9679253030498343,140584,141044
281.912541004,nodelet,4427,21.13,3.9358506060996685,121892,119478
281.912541004,nodeproxy,4640,0.4,0.0,54220,54536
281.912541004,containerd,3718,18.72,4.919813257624586,105608,104449
281.912541004,flanneld,5270,0.99,0.0,48348,48632
281.912541004,coredns,4939,2.02,0.9839626515249171,66960,43210
281.912541004,coredns,4948,2.03,0.9839626515249171,67040,43338
282.9333907649999,nodestore,4306,27.3,8.816184656971092,93472,93892
282.9333907649999,nodeapiserver,4263,85.59,30.36685826290043,406272,406648
282.9333907649999,nodescheduler,4298,2.99,0.9795760729967881,67932,68396
282.9333907649999,nodecontroller,4271,10.33,3.9183042919871522,140584,141044
282.9333907649999,nodelet,4427,21.18,4.89788036498394,121892,119574
282.9333907649999,nodeproxy,4640,0.4,0.0,54220,54536
282.9333907649999,containerd,3718,18.76,3.9183042919871522,106504,105289
282.9333907649999,flanneld,5270,0.99,0.0,48348,48632
282.9333907649999,coredns,4939,2.02,0.0,66960,43210
282.9333907649999,coredns,4948,2.04,0.9795760729967881,67040,43338
283.9677307349999,nodestore,4306,27.39,8.701201018075164,93472,93912
283.9677307349999,nodeapiserver,4263,85.84,24.170002827986565,406272,406648
283.9677307349999,nodescheduler,4298,2.99,0.0,67932,68396
283.9677307349999,nodecontroller,4271,10.35,1.9336002262389251,140584,141044
283.9677307349999,nodelet,4427,21.2,1.9336002262389251,121892,119574
283.9677307349999,nodeproxy,4640,0.4,0.0,54220,54536
283.9677307349999,containerd,3718,18.78,1.9336002262389251,106504,105289
283.9677307349999,flanneld,5270,0.99,0.0,48348,48632
283.9677307349999,coredns,4939,2.02,0.0,66960,43210
283.9677307349999,coredns,4948,2.05,0.9668001131194626,66744,42966
285.0052483799999,nodestore,4306,27.5,10.602229324013292,93472,94068
285.0052483799999,nodeapiserver,4263,86.21,35.662044089862896,406272,406656
285.0052483799999,nodescheduler,4298,3.01,1.9276780589115077,68060,68400
285.0052483799999,nodecontroller,4271,10.4,4.819195147278769,140584,141044
285.0052483799999,nodelet,4427,21.35,14.457585441836308,122020,119750
285.0052483799999,nodeproxy,4640,0.4,0.0,54220,54536
285.0052483799999,containerd,3718,18.84,5.783034176734523,106504,105281
285.0052483799999,flanneld,5270,0.99,0.0,48348,48632
285.0052483799999,coredns,4939,2.03,0.9638390294557538,66960,43210
285.0052483799999,coredns,4948,2.05,0.0,66744,42966
286.025310388,nodestore,4306,27.6,9.803325603318813,93612,94148
286.025310388,nodeapiserver,4263,86.47,25.488646568628912,406272,406668
286.025310388,nodescheduler,4298,3.03,1.9606651206637624,68060,68400
286.025310388,nodecontroller,4271,10.45,4.901662801659406,140584,141044
286.025310388,nodelet,4427,21.54,18.626318646305744,120312,117899
286.025310388,nodeproxy,4640,0.41,0.9803325603318812,54220,54536
286.025310388,containerd,3718,19.05,20.586983766969507,106504,105324
286.025310388,flanneld,5270,1.0,0.9803325603318812,48348,48632
286.025310388,coredns,4939,2.04,0.9803325603318812,66960,43210
286.025310388,coredns,4948,2.07,1.9606651206637624,66744,42970
287.1091834309999,nodestore,4306,27.71,10.148790092199711,93792,94272
287.1091834309999,nodeapiserver,4263,86.75,25.833283871053816,406272,406672
287.1091834309999,nodescheduler,4298,3.04,0.9226172811090647,68060,68400
287.1091834309999,nodecontroller,4271,10.52,6.458320967763454,140584,141044
287.1091834309999,nodelet,4427,21.62,7.380938248872518,120312,117904
287.1091834309999,nodeproxy,4640,0.42,0.9226172811090647,54220,54536
287.1091834309999,containerd,3718,19.19,12.916641935526908,104176,102893
287.1091834309999,flanneld,5270,1.02,1.8452345622181294,48348,48632
287.1091834309999,coredns,4939,2.04,0.0,66960,43210
287.1091834309999,coredns,4948,2.08,0.9226172811090647,66744,42970
288.17569666099996,nodestore,4306,27.83,11.251618510160798,94088,94400
288.17569666099996,nodeapiserver,4263,87.26,47.81937866818339,406272,406740
288.17569666099996,nodescheduler,4298,3.06,1.8752697516934664,68060,68400
288.17569666099996,nodecontroller,4271,10.58,5.625809255080399,140584,141048
288.17569666099996,nodelet,4427,21.75,12.18925338600753,120312,117905
288.17569666099996,nodeproxy,4640,0.42,0.0,54220,54536
288.17569666099996,containerd,3718,19.23,3.750539503386933,104432,103189
288.17569666099996,flanneld,5270,1.02,0.0,48348,48632
288.17569666099996,coredns,4939,2.06,1.8752697516934664,66960,43210
288.17569666099996,coredns,4948,2.08,0.0,66744,42970
289.2113274359999,nodestore,4306,27.93,9.655950983110172,94088,94476
289.2113274359999,nodeapiserver,4263,87.57,29.93344804764153,406272,406740
289.2113274359999,nodescheduler,4298,3.07,0.9655950983110172,68060,68400
289.2113274359999,nodecontroller,4271,10.62,3.862380393244069,140584,141048
289.2113274359999,nodelet,4427,21.84,8.690355884799155,120312,117904
289.2113274359999,nodeproxy,4640,0.42,0.0,54220,54536
289.2113274359999,containerd,3718,19.3,6.759165688177121,104432,103231
289.2113274359999,flanneld,5270,1.02,0.0,48348,48632
289.2113274359999,coredns,4939,2.06,0.0,66960,43210
289.2113274359999,coredns,4948,2.09,0.9655950983110172,66744,42970
290.2255023759999,nodestore,4306,28.0,6.90216226403718,94088,94520
290.2255023759999,nodeapiserver,4263,87.84,26.622625875571977,406272,406744
290.2255023759999,nodescheduler,4298,3.07,0.0,68060,68400
290.2255023759999,nodecontroller,4271,10.64,1.9720463611534798,140584,141048
290.2255023759999,nodelet,4427,21.86,1.9720463611534798,120312,117953
290.2255023759999,nodeproxy,4640,0.42,0.0,54220,54536
290.2255023759999,containerd,3718,19.35,4.930115902883699,104296,103181
290.2255023759999,flanneld,5270,1.02,0.0,48348,48632
290.2255023759999,coredns,4939,2.07,0.9860231805767399,66960,43210
290.2255023759999,coredns,4948,2.1,0.9860231805767399,66744,42970
291.23865255299995,nodestore,4306,28.08,7.896164045184341,94088,94528
291.23865255299995,nodeapiserver,4263,88.07,22.70147162990498,406272,406752
291.23865255299995,nodescheduler,4298,3.08,0.9870205056480427,68060,68400
291.23865255299995,nodecontroller,4271,10.67,2.961061516944128,140584,141048
291.23865255299995,nodelet,4427,21.9,3.9480820225921707,121336,118977
291.23865255299995,nodeproxy,4640,0.42,0.0,54220,54536
291.23865255299995,containerd,3718,19.4,4.935102528240213,104296,103189
291.23865255299995,flanneld,5270,1.02,0.0,48348,48632
291.23865255299995,coredns,4939,2.07,0.0,66960,43210
291.23865255299995,coredns,4948,2.1,0.0,66744,42970
292.275325362,nodestore,4306,28.19,10.61086960562848,94216,94572
292.275325362,nodeapiserver,4263,88.36,27.97411077847508,406272,406752
292.275325362,nodescheduler,4298,3.09,0.964624509602589,68060,68400
292.275325362,nodecontroller,4271,10.7,2.893873528807767,140584,141052
292.275325362,nodelet,4427,21.96,5.787747057615534,121336,118977
292.275325362,nodeproxy,4640,0.42,0.0,54220,54536
292.275325362,containerd,3718,19.41,0.964624509602589,104296,103189
292.275325362,flanneld,5270,1.02,0.0,48348,48632
292.275325362,coredns,4939,2.09,1.929249019205178,66960,43210
292.275325362,coredns,4948,2.11,0.964624509602589,66744,42970
293.29481759299995,nodestore,4306,28.27,7.847043613224285,94216,94612
293.29481759299995,nodeapiserver,4263,88.65,28.44553309793803,406272,406752
293.29481759299995,nodescheduler,4298,3.1,0.9808804516530356,68060,68400
293.29481759299995,nodecontroller,4271,10.72,1.9617609033060712,140584,141052
293.29481759299995,nodelet,4427,22.0,3.9235218066121424,121336,118977
293.29481759299995,nodeproxy,4640,0.42,0.0,54220,54536
293.29481759299995,containerd,3718,19.42,0.9808804516530356,104296,103189
293.29481759299995,flanneld,5270,1.02,0.0,48348,48632
293.29481759299995,coredns,4939,2.09,0.0,66960,43210
293.29481759299995,coredns,4948,2.11,0.0,66744,42970
294.3362447039999,nodestore,4306,28.36,8.641987427577474,94216,94644
294.3362447039999,nodeapiserver,4263,88.92,25.92596228273242,406272,406752
294.3362447039999,nodescheduler,4298,3.1,0.0,68060,68400
294.3362447039999,nodecontroller,4271,10.74,1.920441650572772,140584,141052
294.3362447039999,nodelet,4427,22.05,4.80110412643193,121336,118977
294.3362447039999,nodeproxy,4640,0.42,0.0,54220,54536
294.3362447039999,containerd,3718,19.49,6.721545777004703,104296,103189
294.3362447039999,flanneld,5270,1.04,1.920441650572772,48476,48632
294.3362447039999,coredns,4939,2.1,0.960220825286386,66960,43214
294.3362447039999,coredns,4948,2.12,0.960220825286386,66744,42970
295.37383611099995,nodestore,4306,28.44,7.710164083885595,94216,94656
295.37383611099995,nodeapiserver,4263,89.19,26.02180378311388,406272,406752
295.37383611099995,nodescheduler,4298,3.12,1.9275410209713988,68060,68400
295.37383611099995,nodecontroller,4271,10.77,2.891311531457098,140584,141052
295.37383611099995,nodelet,4427,22.09,3.8550820419427976,121336,118977
295.37383611099995,nodeproxy,4640,0.42,0.0,54220,54536
295.37383611099995,containerd,3718,19.52,2.891311531457098,104424,103233
295.37383611099995,flanneld,5270,1.04,0.0,48476,48632
295.37383611099995,coredns,4939,2.11,0.9637705104856994,66960,43214
295.37383611099995,coredns,4948,2.13,0.9637705104856994,66744,42970
296.4067664759999,nodestore,4306,28.53,8.713075251689652,94216,94720
296.4067664759999,nodeapiserver,4263,89.5,30.011703644708806,406272,406764
296.4067664759999,nodescheduler,4298,3.12,0.0,68060,68400
296.4067664759999,nodecontroller,4271,10.81,3.8724778896398457,140584,141052
296.4067664759999,nodelet,4427,22.19,9.681194724099614,121336,118977
296.4067664759999,nodeproxy,4640,0.42,0.0,54220,54536
296.4067664759999,containerd,3718,19.55,2.904358417229884,104424,103233
296.4067664759999,flanneld,5270,1.04,0.0,48476,48632
296.4067664759999,coredns,4939,2.11,0.0,66960,43214
296.4067664759999,coredns,4948,2.14,0.9681194724099614,66744,42970
297.46457111899997,nodestore,4306,28.61,7.562833130804845,94216,94732
297.46457111899997,nodeapiserver,4263,89.74,22.688499392414535,406272,406764
297.46457111899997,nodescheduler,4298,3.13,0.9453541413506056,68060,68400
297.46457111899997,nodecontroller,4271,10.83,1.8907082827012112,140584,141052
297.46457111899997,nodelet,4427,22.22,2.836062424051817,121336,118977
297.46457111899997,nodeproxy,4640,0.42,0.0,54220,54536
297.46457111899997,containerd,3718,19.58,2.836062424051817,104424,103233
297.46457111899997,flanneld,5270,1.04,0.0,48476,48632
297.46457111899997,coredns,4939,2.13,1.8907082827012112,66960,43214
297.46457111899997,coredns,4948,2.14,0.0,66744,42970
298.50347009199993,nodestore,4306,28.7,8.663017515563904,94484,94792
298.50347009199993,nodeapiserver,4263,90.02,26.95161004842104,406272,406768
298.50347009199993,nodescheduler,4298,3.14,0.9625575017293228,68060,68400
298.50347009199993,nodecontroller,4271,10.86,2.887672505187968,140584,141056
298.50347009199993,nodelet,4427,22.28,5.775345010375936,121336,118977
298.50347009199993,nodeproxy,4640,0.42,0.0,54220,54536
298.50347009199993,containerd,3718,19.67,8.663017515563904,104552,103485
298.50347009199993,flanneld,5270,1.04,0.0,48476,48632
298.50347009199993,coredns,4939,2.14,0.9625575017293228,66960,43214
298.50347009199993,coredns,4948,2.15,0.9625575017293228,66744,42970
299.53032248299996,nodestore,4306,28.79,8.764648238521463,94484,94880
299.53032248299996,nodeapiserver,4263,90.28,25.320094911284226,406272,406768
299.53032248299996,nodescheduler,4298,3.14,0.0,68060,68400
299.53032248299996,nodecontroller,4271,10.88,1.9476996085603249,140584,141056
299.53032248299996,nodelet,4427,22.32,3.8953992171206497,121336,118977
299.53032248299996,nodeproxy,4640,0.42,0.0,54220,54536
299.53032248299996,containerd,3718,19.7,2.9215494128404873,104552,103493
299.53032248299996,flanneld,5270,1.04,0.0,48476,48632
299.53032248299996,coredns,4939,2.14,0.0,66960,43214
299.53032248299996,coredns,4948,2.16,0.9738498042801624,66744,42970
300.55825478199995,nodestore,4306,28.87,7.782613706936465,94484,94896
300.55825478199995,nodeapiserver,4263,90.57,28.211974687644684,406272,406768
300.55825478199995,nodescheduler,4298,3.16,1.9456534267341163,68060,68400
300.55825478199995,nodecontroller,4271,10.91,2.9184801401011744,140584,141056
300.55825478199995,nodelet,4427,22.35,2.9184801401011744,122360,119957
300.55825478199995,nodeproxy,4640,0.42,0.0,54220,54536
300.55825478199995,containerd,3718,19.73,2.9184801401011744,104552,103493
300.55825478199995,flanneld,5270,1.04,0.0,48476,48632
300.55825478199995,coredns,4939,2.15,0.9728267133670582,66568,42646
300.55825478199995,coredns,4948,2.16,0.0,66744,42970
