elapsed_seconds,component,pid,cpu_seconds,cpu_pct_one_core,rss_kib,pss_kib
1.000198571000027,nodestore,2527,0.0,0.0,18564,11090
1.000198571000027,nodeapiserver,2845,0.01,0.9998014684225869,139284,129774
1.000198571000027,nodescheduler,4070,0.0,0.0,21720,11206
1.000198571000027,nodecontroller,3913,0.0,0.0,43480,32726
1.000198571000027,nodelet,3214,0.0,0.0,25528,13879
1.000198571000027,nodeproxy,4253,0.0,0.0,15952,6755
1.000198571000027,containerd,2387,0.0,0.0,72524,71414
1.000198571000027,flanneld,3353,0.0,0.0,39944,40168
1.000198571000027,coredns,3824,0.0,0.0,65576,65988
2.0082768690000137,nodestore,2527,0.0,0.0,18564,11090
2.0082768690000137,nodeapiserver,2845,0.01,0.0,139284,129774
2.0082768690000137,nodescheduler,4070,0.0,0.0,21720,11206
2.0082768690000137,nodecontroller,3913,0.0,0.0,43480,32734
2.0082768690000137,nodelet,3214,0.0,0.0,25528,13879
2.0082768690000137,nodeproxy,4253,0.0,0.0,15952,6755
2.0082768690000137,containerd,2387,0.0,0.0,72524,71414
2.0082768690000137,flanneld,3353,0.0,0.0,39944,40168
2.0082768690000137,coredns,3824,0.0,0.0,65576,65992
3.0172165050000217,nodestore,2527,0.0,0.0,18564,11086
3.0172165050000217,nodeapiserver,2845,0.01,0.0,139284,129822
3.0172165050000217,nodescheduler,4070,0.0,0.0,21720,11206
3.0172165050000217,nodecontroller,3913,0.01,0.991139572992246,43480,32754
3.0172165050000217,nodelet,3214,0.0,0.0,25528,13879
3.0172165050000217,nodeproxy,4253,0.0,0.0,15952,6755
3.0172165050000217,containerd,2387,0.02,1.982279145984492,72524,71414
3.0172165050000217,flanneld,3353,0.0,0.0,39944,40168
3.0172165050000217,coredns,3824,0.0,0.0,65576,65992
4.026353499999999,nodestore,2527,0.02,1.9818914675703123,18564,11086
4.026353499999999,nodeapiserver,2845,0.01,0.0,139284,129882
4.026353499999999,nodescheduler,4070,0.0,0.0,21720,11206
4.026353499999999,nodecontroller,3913,0.01,0.0,43480,32798
4.026353499999999,nodelet,3214,0.0,0.0,25528,13879
4.026353499999999,nodeproxy,4253,0.0,0.0,15952,6755
4.026353499999999,containerd,2387,0.02,0.0,72524,71418
4.026353499999999,flanneld,3353,0.01,0.9909457337851562,39944,40180
4.026353499999999,coredns,3824,0.0,0.0,65576,65992
5.034115067000016,nodestore,2527,0.02,0.0,18564,11086
5.034115067000016,nodeapiserver,2845,0.01,0.0,139284,129946
5.034115067000016,nodescheduler,4070,0.0,0.0,21720,11206
5.034115067000016,nodecontroller,3913,0.01,0.0,43480,32822
5.034115067000016,nodelet,3214,0.0,0.0,25528,13879
5.034115067000016,nodeproxy,4253,0.0,0.0,15952,6755
5.034115067000016,containerd,2387,0.02,0.0,72524,71422
5.034115067000016,flanneld,3353,0.01,0.0,39944,40180
5.034115067000016,coredns,3824,0.01,0.9922982109517013,65728,66152
6.0418318930000225,nodestore,2527,0.02,0.0,18564,11086
6.0418318930000225,nodeapiserver,2845,0.03,1.9846845347801976,139284,130026
6.0418318930000225,nodescheduler,4070,0.0,0.0,21720,11206
6.0418318930000225,nodecontroller,3913,0.01,0.0,43480,32870
6.0418318930000225,nodelet,3214,0.0,0.0,25528,13879
6.0418318930000225,nodeproxy,4253,0.0,0.0,15952,6755
6.0418318930000225,containerd,2387,0.02,0.0,72524,71422
6.0418318930000225,flanneld,3353,0.01,0.0,39944,40180
6.0418318930000225,coredns,3824,0.01,0.0,65728,66152
7.049682862000026,nodestore,2527,0.03,0.9922101885680648,18564,11098
7.049682862000026,nodeapiserver,2845,0.03,0.0,139412,130126
7.049682862000026,nodescheduler,4070,0.0,0.0,21720,11266
7.049682862000026,nodecontroller,3913,0.02,0.9922101885680648,43864,33066
7.049682862000026,nodelet,3214,0.0,0.0,25528,13879
7.049682862000026,nodeproxy,4253,0.0,0.0,15952,6755
7.049682862000026,containerd,2387,0.03,0.9922101885680648,72652,71430
7.049682862000026,flanneld,3353,0.01,0.0,39944,40180
7.049682862000026,coredns,3824,0.01,0.0,65728,66152
8.05839505900002,nodestore,2527,0.03,0.0,18564,11098
8.05839505900002,nodeapiserver,2845,0.04,0.991363049811527,139540,130270
8.05839505900002,nodescheduler,4070,0.0,0.0,21848,11278
8.05839505900002,nodecontroller,3913,0.02,0.0,43864,33094
8.05839505900002,nodelet,3214,0.0,0.0,25528,13879
8.05839505900002,nodeproxy,4253,0.0,0.0,15952,6755
8.05839505900002,containerd,2387,0.04,0.991363049811527,72652,71434
8.05839505900002,flanneld,3353,0.01,0.0,39944,40180
8.05839505900002,coredns,3824,0.01,0.0,65728,66152
9.066336022000002,nodestore,2527,0.04,0.9921215990901426,18564,11098
9.066336022000002,nodeapiserver,2845,0.05,0.9921215990901426,139668,130362
9.066336022000002,nodescheduler,4070,0.0,0.0,21848,11278
9.066336022000002,nodecontroller,3913,0.02,0.0,43864,33094
9.066336022000002,nodelet,3214,0.0,0.0,25528,13911
9.066336022000002,nodeproxy,4253,0.0,0.0,15952,6755
9.066336022000002,containerd,2387,0.06,1.9842431981802853,72652,71438
9.066336022000002,flanneld,3353,0.01,0.0,39944,40188
9.066336022000002,coredns,3824,0.01,0.0,65728,66152
10.074212336000016,nodestore,2527,0.05,0.9921852375230888,18564,11098
10.074212336000016,nodeapiserver,2845,0.06,0.9921852375230888,139668,130370
10.074212336000016,nodescheduler,4070,0.0,0.0,21848,11278
10.074212336000016,nodecontroller,3913,0.02,0.0,43864,33098
10.074212336000016,nodelet,3214,0.01,0.9921852375230888,25528,13911
10.074212336000016,nodeproxy,4253,0.0,0.0,15952,6755
10.074212336000016,containerd,2387,0.07,0.9921852375230888,72780,71450
10.074212336000016,flanneld,3353,0.01,0.0,39944,40188
10.074212336000016,coredns,3824,0.01,0.0,65728,66152
11.082113793000019,nodestore,2527,0.05,0.0,18564,11098
11.082113793000019,nodeapiserver,2845,0.06,0.0,139796,130426
11.082113793000019,nodescheduler,4070,0.0,0.0,21848,11278
11.082113793000019,nodecontroller,3913,0.02,0.0,43992,33222
11.082113793000019,nodelet,3214,0.01,0.0,25528,13911
11.082113793000019,nodeproxy,4253,0.0,0.0,15952,6755
11.082113793000019,containerd,2387,0.07,0.0,72780,71450
11.082113793000019,flanneld,3353,0.01,0.0,39944,40188
11.082113793000019,coredns,3824,0.01,0.0,65728,66152
12.090033231000007,nodestore,2527,0.05,0.0,18564,11098
12.090033231000007,nodeapiserver,2845,0.07,0.9921427867134875,139796,130426
12.090033231000007,nodescheduler,4070,0.0,0.0,21848,11278
12.090033231000007,nodecontroller,3913,0.02,0.0,43992,33222
12.090033231000007,nodelet,3214,0.01,0.0,25528,13911
12.090033231000007,nodeproxy,4253,0.0,0.0,15952,6755
12.090033231000007,containerd,2387,0.08,0.9921427867134875,72780,71450
12.090033231000007,flanneld,3353,0.01,0.0,39944,40188
12.090033231000007,coredns,3824,0.02,0.9921427867134875,65728,66152
13.097805775000012,nodestore,2527,0.05,0.0,18564,11098
13.097805775000012,nodeapiserver,2845,0.07,0.0,139796,130426
13.097805775000012,nodescheduler,4070,0.0,0.0,21848,11278
13.097805775000012,nodecontroller,3913,0.02,0.0,43992,33222
13.097805775000012,nodelet,3214,0.01,0.0,25528,13911
13.097805775000012,nodeproxy,4253,0.0,0.0,15952,6755
13.097805775000012,containerd,2387,0.08,0.0,72780,71450
13.097805775000012,flanneld,3353,0.01,0.0,39944,40188
13.097805775000012,coredns,3824,0.02,0.0,65728,66152
14.105502948000009,nodestore,2527,0.05,0.0,18564,11098
14.105502948000009,nodeapiserver,2845,0.07,0.0,139796,130426
14.105502948000009,nodescheduler,4070,0.0,0.0,21848,11278
14.105502948000009,nodecontroller,3913,0.04,1.984723241850363,43992,33222
14.105502948000009,nodelet,3214,0.01,0.0,25528,13911
14.105502948000009,nodeproxy,4253,0.0,0.0,15952,6755
14.105502948000009,containerd,2387,0.08,0.0,72780,71450
14.105502948000009,flanneld,3353,0.02,0.9923616209251815,39944,40192
14.105502948000009,coredns,3824,0.02,0.0,65728,66152
15.113276462000016,nodestore,2527,0.05,0.0,18564,11098
15.113276462000016,nodeapiserver,2845,0.07,0.0,139796,130426
15.113276462000016,nodescheduler,4070,0.0,0.0,21848,11278
15.113276462000016,nodecontroller,3913,0.04,0.0,43992,33222
15.113276462000016,nodelet,3214,0.01,0.0,25528,13911
15.113276462000016,nodeproxy,4253,0.0,0.0,15952,6755
15.113276462000016,containerd,2387,0.08,0.0,72780,71450
15.113276462000016,flanneld,3353,0.02,0.0,39944,40192
15.113276462000016,coredns,3824,0.02,0.0,65728,66152
16.121043552000003,nodestore,2527,0.05,0.0,18564,11098
16.121043552000003,nodeapiserver,2845,0.08,0.9922927727278855,139796,130426
16.121043552000003,nodescheduler,4070,0.0,0.0,21848,11278
16.121043552000003,nodecontroller,3913,0.04,0.0,43992,33226
16.121043552000003,nodelet,3214,0.01,0.0,25528,13911
16.121043552000003,nodeproxy,4253,0.0,0.0,15952,6755
16.121043552000003,containerd,2387,0.09,0.9922927727278855,72780,71450
16.121043552000003,flanneld,3353,0.02,0.0,39944,40192
16.121043552000003,coredns,3824,0.02,0.0,65728,66164
17.128911492000015,nodestore,2527,0.05,0.0,18564,11098
17.128911492000015,nodeapiserver,2845,0.08,0.0,139796,130426
17.128911492000015,nodescheduler,4070,0.0,0.0,21848,11278
17.128911492000015,nodecontroller,3913,0.04,0.0,43992,33226
17.128911492000015,nodelet,3214,0.01,0.0,25528,13911
17.128911492000015,nodeproxy,4253,0.0,0.0,15952,6755
17.128911492000015,containerd,2387,0.1,0.9921934812213482,72780,71450
17.128911492000015,flanneld,3353,0.02,0.0,39944,40192
17.128911492000015,coredns,3824,0.03,0.9921934812213482,65728,66164
18.136898691,nodestore,2527,0.06,0.9920760908393396,18564,11098
18.136898691,nodeapiserver,2845,0.08,0.0,139796,130426
18.136898691,nodescheduler,4070,0.0,0.0,21848,11278
18.136898691,nodecontroller,3913,0.04,0.0,43992,33226
18.136898691,nodelet,3214,0.01,0.0,25528,13911
18.136898691,nodeproxy,4253,0.0,0.0,15952,6755
18.136898691,containerd,2387,0.1,0.0,72780,71454
18.136898691,flanneld,3353,0.02,0.0,39944,40192
18.136898691,coredns,3824,0.03,0.0,65728,66164
19.155808323000002,nodestore,2527,0.06,0.0,18564,11098
19.155808323000002,nodeapiserver,2845,0.1,1.9628826121451304,139796,130426
19.155808323000002,nodescheduler,4070,0.0,0.0,21976,11298
19.155808323000002,nodecontroller,3913,0.04,0.0,43992,33238
19.155808323000002,nodelet,3214,0.02,0.9814413060725652,25640,13915
19.155808323000002,nodeproxy,4253,0.0,0.0,15952,6755
19.155808323000002,containerd,2387,0.11,0.9814413060725652,72780,71454
19.155808323000002,flanneld,3353,0.02,0.0,39944,40200
19.155808323000002,coredns,3824,0.03,0.0,65728,66164
20.16363511100002,nodestore,2527,0.07,0.9922339948756981,18564,11098
20.16363511100002,nodeapiserver,2845,0.1,0.0,139796,130426
20.16363511100002,nodescheduler,4070,0.0,0.0,21976,11298
20.16363511100002,nodecontroller,3913,0.04,0.0,43992,33238
20.16363511100002,nodelet,3214,0.02,0.0,25640,13915
20.16363511100002,nodeproxy,4253,0.0,0.0,15952,6755
20.16363511100002,containerd,2387,0.11,0.0,72780,71466
20.16363511100002,flanneld,3353,0.02,0.0,39944,40200
20.16363511100002,coredns,3824,0.03,0.0,65728,66164
21.171467835000016,nodestore,2527,0.07,0.0,18564,11098
21.171467835000016,nodeapiserver,2845,0.1,0.0,139796,130426
21.171467835000016,nodescheduler,4070,0.0,0.0,21976,11298
21.171467835000016,nodecontroller,3913,0.04,0.0,43992,33238
21.171467835000016,nodelet,3214,0.02,0.0,25640,13915
21.171467835000016,nodeproxy,4253,0.0,0.0,15952,6755
21.171467835000016,containerd,2387,0.12,0.9922281507501473,72780,71466
21.171467835000016,flanneld,3353,0.02,0.0,39944,40200
21.171467835000016,coredns,3824,0.03,0.0,65728,66164
22.17942221300001,nodestore,2527,0.08,0.9921083948107086,18564,11098
22.17942221300001,nodeapiserver,2845,0.1,0.0,139796,130430
22.17942221300001,nodescheduler,4070,0.0,0.0,21976,11298
22.17942221300001,nodecontroller,3913,0.04,0.0,43992,33238
22.17942221300001,nodelet,3214,0.02,0.0,25640,13915
22.17942221300001,nodeproxy,4253,0.0,0.0,15952,6755
22.17942221300001,containerd,2387,0.12,0.0,72780,71466
22.17942221300001,flanneld,3353,0.02,0.0,39944,40200
22.17942221300001,coredns,3824,0.03,0.0,65728,66164
23.187274348000017,nodestore,2527,0.08,0.0,18564,11098
23.187274348000017,nodeapiserver,2845,0.1,0.0,139796,130430
23.187274348000017,nodescheduler,4070,0.0,0.0,21976,11298
23.187274348000017,nodecontroller,3913,0.04,0.0,43992,33238
23.187274348000017,nodelet,3214,0.02,0.0,25640,13915
23.187274348000017,nodeproxy,4253,0.0,0.0,15952,6755
23.187274348000017,containerd,2387,0.13,0.9922090406644748,72780,71474
23.187274348000017,flanneld,3353,0.02,0.0,39944,40200
23.187274348000017,coredns,3824,0.03,0.0,65728,66164
24.195099305000014,nodestore,2527,0.08,0.0,18564,11098
24.195099305000014,nodeapiserver,2845,0.1,0.0,139796,130430
24.195099305000014,nodescheduler,4070,0.0,0.0,21976,11298
24.195099305000014,nodecontroller,3913,0.05,0.9922357975503112,43992,33238
24.195099305000014,nodelet,3214,0.02,0.0,25640,13915
24.195099305000014,nodeproxy,4253,0.0,0.0,15952,6755
24.195099305000014,containerd,2387,0.13,0.0,72780,71482
24.195099305000014,flanneld,3353,0.03,0.9922357975503112,39944,40208
24.195099305000014,coredns,3824,0.03,0.0,65728,66164
25.20285960000001,nodestore,2527,0.08,0.0,18564,11098
25.20285960000001,nodeapiserver,2845,0.1,0.0,139796,130430
25.20285960000001,nodescheduler,4070,0.0,0.0,21976,11298
25.20285960000001,nodecontroller,3913,0.05,0.0,43992,33238
25.20285960000001,nodelet,3214,0.02,0.0,25640,13915
25.20285960000001,nodeproxy,4253,0.0,0.0,15952,6755
25.20285960000001,containerd,2387,0.13,0.0,72780,71482
25.20285960000001,flanneld,3353,0.03,0.0,39944,40208
25.20285960000001,coredns,3824,0.04,0.9922994634354024,65728,66164
26.210631104000015,nodestore,2527,0.09,0.9922884265241099,18564,11098
26.210631104000015,nodeapiserver,2845,0.13,2.9768652795723294,139656,130130
26.210631104000015,nodescheduler,4070,0.0,0.0,21976,11298
26.210631104000015,nodecontroller,3913,0.05,0.0,44120,33198
26.210631104000015,nodelet,3214,0.02,0.0,25640,13883
26.210631104000015,nodeproxy,4253,0.0,0.0,15952,6755
26.210631104000015,containerd,2387,0.14,0.9922884265241099,72780,71482
26.210631104000015,flanneld,3353,0.03,0.0,39944,40208
26.210631104000015,coredns,3824,0.04,0.0,65728,66164
27.218457903,nodestore,2527,0.09,0.0,18564,11098
27.218457903,nodeapiserver,2845,0.13,0.0,139656,130130
27.218457903,nodescheduler,4070,0.0,0.0,21976,11298
27.218457903,nodecontroller,3913,0.05,0.0,44120,33198
27.218457903,nodelet,3214,0.02,0.0,25640,13883
27.218457903,nodeproxy,4253,0.0,0.0,15952,6755
27.218457903,containerd,2387,0.14,0.0,72780,71482
27.218457903,flanneld,3353,0.03,0.0,39944,40208
27.218457903,coredns,3824,0.04,0.0,65728,66164
28.226253114000002,nodestore,2527,0.1,0.9922650842999479,18564,11098
28.226253114000002,nodeapiserver,2845,0.13,0.0,139656,130130
28.226253114000002,nodescheduler,4070,0.01,0.9922650842999479,21976,11302
28.226253114000002,nodecontroller,3913,0.07,1.9845301685998957,44120,33198
28.226253114000002,nodelet,3214,0.02,0.0,25640,13883
28.226253114000002,nodeproxy,4253,0.0,0.0,15952,6755
28.226253114000002,containerd,2387,0.15,0.9922650842999479,72780,71482
28.226253114000002,flanneld,3353,0.03,0.0,39944,40208
28.226253114000002,coredns,3824,0.04,0.0,65728,66164
29.234113654000026,nodestore,2527,0.1,0.0,18564,11098
29.234113654000026,nodeapiserver,2845,0.14,0.9922007661893142,139656,130142
29.234113654000026,nodescheduler,4070,0.01,0.0,21976,11302
29.234113654000026,nodecontroller,3913,0.07,0.0,44120,33198
29.234113654000026,nodelet,3214,0.02,0.0,25768,13895
29.234113654000026,nodeproxy,4253,0.0,0.0,15952,6755
29.234113654000026,containerd,2387,0.16,0.9922007661893142,72780,71498
29.234113654000026,flanneld,3353,0.03,0.0,39944,40208
29.234113654000026,coredns,3824,0.04,0.0,65728,66172
30.24192110300001,nodestore,2527,0.1,0.0,18564,11098
30.24192110300001,nodeapiserver,2845,0.15,0.992253035033894,139656,130150
30.24192110300001,nodescheduler,4070,0.01,0.0,21976,11302
30.24192110300001,nodecontroller,3913,0.07,0.0,44120,33202
30.24192110300001,nodelet,3214,0.03,0.992253035033894,25768,13895
30.24192110300001,nodeproxy,4253,0.0,0.0,15952,6755
30.24192110300001,containerd,2387,0.16,0.0,72780,71498
30.24192110300001,flanneld,3353,0.03,0.0,39944,40208
30.24192110300001,coredns,3824,0.04,0.0,65728,66176
31.249750052000024,nodestore,2527,0.1,0.0,18564,11098
31.249750052000024,nodeapiserver,2845,0.15,0.0,139656,130158
31.249750052000024,nodescheduler,4070,0.01,0.0,21976,11302
31.249750052000024,nodecontroller,3913,0.07,0.0,44120,33210
31.249750052000024,nodelet,3214,0.03,0.0,25768,13895
31.249750052000024,nodeproxy,4253,0.0,0.0,15952,6755
31.249750052000024,containerd,2387,0.17,0.9922318673146048,72780,71498
31.249750052000024,flanneld,3353,0.03,0.0,39944,40208
31.249750052000024,coredns,3824,0.04,0.0,65728,66180
32.25755262200002,nodestore,2527,0.11,0.9922578387550693,18564,11098
32.25755262200002,nodeapiserver,2845,0.16,0.9922578387550693,139656,130170
32.25755262200002,nodescheduler,4070,0.01,0.0,21976,11302
32.25755262200002,nodecontroller,3913,0.08,0.9922578387550693,44120,33218
32.25755262200002,nodelet,3214,0.03,0.0,25768,13895
32.25755262200002,nodeproxy,4253,0.0,0.0,15952,6755
32.25755262200002,containerd,2387,0.18,0.9922578387550693,72780,71498
32.25755262200002,flanneld,3353,0.03,0.0,39944,40208
32.25755262200002,coredns,3824,0.04,0.0,65728,66180
33.265365633000016,nodestore,2527,0.11,0.0,18564,11098
33.265365633000016,nodeapiserver,2845,0.16,0.0,139656,130170
33.265365633000016,nodescheduler,4070,0.01,0.0,21976,11302
33.265365633000016,nodecontroller,3913,0.08,0.0,44120,33218
33.265365633000016,nodelet,3214,0.03,0.0,25768,13895
33.265365633000016,nodeproxy,4253,0.0,0.0,15952,6755
33.265365633000016,containerd,2387,0.18,0.0,72780,71498
33.265365633000016,flanneld,3353,0.03,0.0,39944,40208
33.265365633000016,coredns,3824,0.05,0.9922475589075361,65728,66180
34.273207806000016,nodestore,2527,0.11,0.0,18564,11098
34.273207806000016,nodeapiserver,2845,0.17,0.9922188481390327,139656,130170
34.273207806000016,nodescheduler,4070,0.01,0.0,21976,11302
34.273207806000016,nodecontroller,3913,0.08,0.0,44120,33222
34.273207806000016,nodelet,3214,0.03,0.0,25768,13895
34.273207806000016,nodeproxy,4253,0.0,0.0,15952,6755
34.273207806000016,containerd,2387,0.18,0.0,72780,71502
34.273207806000016,flanneld,3353,0.03,0.0,39944,40208
34.273207806000016,coredns,3824,0.05,0.0,65728,66180
35.28107323400002,nodestore,2527,0.11,0.0,18564,11098
35.28107323400002,nodeapiserver,2845,0.17,0.0,139656,130170
35.28107323400002,nodescheduler,4070,0.01,0.0,21976,11302
35.28107323400002,nodecontroller,3913,0.08,0.0,44120,33222
35.28107323400002,nodelet,3214,0.03,0.0,25768,13895
35.28107323400002,nodeproxy,4253,0.0,0.0,15952,6755
35.28107323400002,containerd,2387,0.18,0.0,72780,71502
35.28107323400002,flanneld,3353,0.03,0.0,39944,40208
35.28107323400002,coredns,3824,0.05,0.0,65728,66184
36.29148231100001,nodestore,2527,0.12,0.9896981556906664,18564,11098
36.29148231100001,nodeapiserver,2845,0.17,0.0,139656,130170
36.29148231100001,nodescheduler,4070,0.02,0.9896981556906664,21976,11302
36.29148231100001,nodecontroller,3913,0.08,0.0,44120,33226
36.29148231100001,nodelet,3214,0.03,0.0,25768,13895
36.29148231100001,nodeproxy,4253,0.0,0.0,15952,6755
36.29148231100001,containerd,2387,0.18,0.0,74836,73550
36.29148231100001,flanneld,3353,0.03,0.0,39944,40208
36.29148231100001,coredns,3824,0.05,0.0,65728,66184
37.29942799900002,nodestore,2527,0.12,0.0,18564,11098
37.29942799900002,nodeapiserver,2845,0.17,0.0,139656,130170
37.29942799900002,nodescheduler,4070,0.02,0.0,21976,11302
37.29942799900002,nodecontroller,3913,0.08,0.0,44120,33230
37.29942799900002,nodelet,3214,0.03,0.0,25768,13895
37.29942799900002,nodeproxy,4253,0.0,0.0,15952,6755
37.29942799900002,containerd,2387,0.19,0.9921169482695316,74068,72718
37.29942799900002,flanneld,3353,0.03,0.0,39944,40208
37.29942799900002,coredns,3824,0.05,0.0,65728,66188
38.30727763300001,nodestore,2527,0.12,0.0,18564,11098
38.30727763300001,nodeapiserver,2845,0.18,0.9922115028520258,139656,130170
38.30727763300001,nodescheduler,4070,0.02,0.0,21976,11302
38.30727763300001,nodecontroller,3913,0.08,0.0,44120,33230
38.30727763300001,nodelet,3214,0.03,0.0,25768,13895
38.30727763300001,nodeproxy,4253,0.0,0.0,15952,6755
38.30727763300001,containerd,2387,0.2,0.9922115028520258,74068,72718
38.30727763300001,flanneld,3353,0.03,0.0,39944,40208
38.30727763300001,coredns,3824,0.06,0.9922115028520258,65728,66188
39.31511216200002,nodestore,2527,0.12,0.0,18564,11098
39.31511216200002,nodeapiserver,2845,0.18,0.0,139656,130170
39.31511216200002,nodescheduler,4070,0.02,0.0,21976,11302
39.31511216200002,nodecontroller,3913,0.08,0.0,44120,33234
39.31511216200002,nodelet,3214,0.03,0.0,25768,13895
39.31511216200002,nodeproxy,4253,0.0,0.0,15952,6755
39.31511216200002,containerd,2387,0.21,0.99222637370067,74068,72718
39.31511216200002,flanneld,3353,0.04,0.99222637370067,39944,40208
39.31511216200002,coredns,3824,0.06,0.0,65728,66192
40.322955741000015,nodestore,2527,0.13,0.9922174639364391,18564,11098
40.322955741000015,nodeapiserver,2845,0.19,0.9922174639364391,139656,130178
40.322955741000015,nodescheduler,4070,0.02,0.0,21976,11302
40.322955741000015,nodecontroller,3913,0.09,0.9922174639364391,44120,33238
40.322955741000015,nodelet,3214,0.03,0.0,25768,13895
40.322955741000015,nodeproxy,4253,0.0,0.0,15952,6755
40.322955741000015,containerd,2387,0.22,0.9922174639364391,74068,72718
40.322955741000015,flanneld,3353,0.04,0.0,39944,40208
40.322955741000015,coredns,3824,0.06,0.0,65728,66192
41.330836628000014,nodestore,2527,0.13,0.0,18564,11098
41.330836628000014,nodeapiserver,2845,0.19,0.0,139656,130194
41.330836628000014,nodescheduler,4070,0.02,0.0,21976,11302
41.330836628000014,nodecontroller,3913,0.09,0.0,44120,33258
41.330836628000014,nodelet,3214,0.03,0.0,25768,13895
41.330836628000014,nodeproxy,4253,0.0,0.0,15952,6755
41.330836628000014,containerd,2387,0.22,0.0,74068,72718
41.330836628000014,flanneld,3353,0.04,0.0,39944,40208
41.330836628000014,coredns,3824,0.06,0.0,65728,66192
42.33862181500001,nodestore,2527,0.13,0.0,18564,11098
42.33862181500001,nodeapiserver,2845,0.2,0.992274953928256,139656,130206
42.33862181500001,nodescheduler,4070,0.02,0.0,21976,11302
42.33862181500001,nodecontroller,3913,0.1,0.992274953928256,44120,33274
42.33862181500001,nodelet,3214,0.03,0.0,25768,13895
42.33862181500001,nodeproxy,4253,0.0,0.0,15952,6755
42.33862181500001,containerd,2387,0.22,0.0,74452,73126
42.33862181500001,flanneld,3353,0.04,0.0,39944,40208
42.33862181500001,coredns,3824,0.06,0.0,65728,66192
43.346484032000006,nodestore,2527,0.13,0.0,18564,11098
43.346484032000006,nodeapiserver,2845,0.2,0.0,139656,130206
43.346484032000006,nodescheduler,4070,0.02,0.0,21976,11302
43.346484032000006,nodecontroller,3913,0.1,0.0,44120,33274
43.346484032000006,nodelet,3214,0.03,0.0,25768,13895
43.346484032000006,nodeproxy,4253,0.0,0.0,15952,6755
43.346484032000006,containerd,2387,0.23,0.9921991152487106,74452,73126
43.346484032000006,flanneld,3353,0.04,0.0,39944,40208
43.346484032000006,coredns,3824,0.06,0.0,65728,66192
44.35434390400002,nodestore,2527,0.13,0.0,18564,11098
44.35434390400002,nodeapiserver,2845,0.2,0.0,139656,130206
44.35434390400002,nodescheduler,4070,0.02,0.0,21976,11306
44.35434390400002,nodecontroller,3913,0.1,0.0,44120,33306
44.35434390400002,nodelet,3214,0.03,0.0,25768,13895
44.35434390400002,nodeproxy,4253,0.0,0.0,15952,6755
44.35434390400002,containerd,2387,0.23,0.0,74452,73126
44.35434390400002,flanneld,3353,0.04,0.0,42028,42268
44.35434390400002,coredns,3824,0.06,0.0,65728,66192
45.362122231,nodestore,2527,0.14,0.9922817083959945,18564,11098
45.362122231,nodeapiserver,2845,0.2,0.0,139656,130218
45.362122231,nodescheduler,4070,0.02,0.0,21976,11306
45.362122231,nodecontroller,3913,0.1,0.0,44120,33310
45.362122231,nodelet,3214,0.04,0.9922817083959945,25768,13895
45.362122231,nodeproxy,4253,0.0,0.0,15952,6755
45.362122231,containerd,2387,0.23,0.0,74452,73126
45.362122231,flanneld,3353,0.04,0.0,42028,42268
45.362122231,coredns,3824,0.06,0.0,65728,66192
46.36998472800002,nodestore,2527,0.15,0.9921988396002207,18564,11098
46.36998472800002,nodeapiserver,2845,0.22,1.9843976792004414,139656,130226
46.36998472800002,nodescheduler,4070,0.02,0.0,21976,11306
46.36998472800002,nodecontroller,3913,0.11,0.9921988396002207,44120,33318
46.36998472800002,nodelet,3214,0.04,0.0,25768,13895
46.36998472800002,nodeproxy,4253,0.0,0.0,15952,6755
46.36998472800002,containerd,2387,0.24,0.9921988396002207,74452,73126
46.36998472800002,flanneld,3353,0.04,0.0,42028,42268
46.36998472800002,coredns,3824,0.06,0.0,65728,66192
47.377823659,nodestore,2527,0.15,0.0,18564,11098
47.377823659,nodeapiserver,2845,0.22,0.0,139656,130226
47.377823659,nodescheduler,4070,0.02,0.0,21976,11306
47.377823659,nodecontroller,3913,0.11,0.0,44120,33318
47.377823659,nodelet,3214,0.04,0.0,25768,13895
47.377823659,nodeproxy,4253,0.0,0.0,15952,6755
47.377823659,containerd,2387,0.25,0.9922220398926217,74452,73126
47.377823659,flanneld,3353,0.04,0.0,42028,42268
47.377823659,coredns,3824,0.07,0.9922220398926217,65728,66192
48.385735127000004,nodestore,2527,0.15,0.0,18564,11098
48.385735127000004,nodeapiserver,2845,0.22,0.0,139656,130266
48.385735127000004,nodescheduler,4070,0.02,0.0,21976,11306
48.385735127000004,nodecontroller,3913,0.11,0.0,44120,33326
48.385735127000004,nodelet,3214,0.04,0.0,25768,13895
48.385735127000004,nodeproxy,4253,0.0,0.0,15952,6755
48.385735127000004,containerd,2387,0.25,0.0,74452,73126
48.385735127000004,flanneld,3353,0.04,0.0,42028,42268
48.385735127000004,coredns,3824,0.07,0.0,65728,66196
49.393554696000024,nodestore,2527,0.15,0.0,18564,11098
49.393554696000024,nodeapiserver,2845,0.23,0.9922411022364065,139656,130306
49.393554696000024,nodescheduler,4070,0.02,0.0,21976,11306
49.393554696000024,nodecontroller,3913,0.11,0.0,44120,33326
49.393554696000024,nodelet,3214,0.04,0.0,25768,13895
49.393554696000024,nodeproxy,4253,0.0,0.0,15952,6755
49.393554696000024,containerd,2387,0.26,0.9922411022364065,74452,73126
49.393554696000024,flanneld,3353,0.06,1.984482204472813,42028,42376
49.393554696000024,coredns,3824,0.07,0.0,65728,66196
50.401518353,nodestore,2527,0.16,0.9920992617693393,18564,11098
50.401518353,nodeapiserver,2845,0.23,0.0,139656,130306
50.401518353,nodescheduler,4070,0.02,0.0,21976,11306
50.401518353,nodecontroller,3913,0.11,0.0,44120,33326
50.401518353,nodelet,3214,0.04,0.0,25768,13895
50.401518353,nodeproxy,4253,0.0,0.0,15952,6755
50.401518353,containerd,2387,0.26,0.0,74452,73138
50.401518353,flanneld,3353,0.06,0.0,42028,42376
50.401518353,coredns,3824,0.07,0.0,65728,66196
51.40934675600002,nodestore,2527,0.16,0.0,18564,11098
51.40934675600002,nodeapiserver,2845,0.23,0.0,139656,130306
51.40934675600002,nodescheduler,4070,0.02,0.0,21976,11306
51.40934675600002,nodecontroller,3913,0.11,0.0,44120,33326
51.40934675600002,nodelet,3214,0.05,0.9922324048650384,25768,13895
51.40934675600002,nodeproxy,4253,0.0,0.0,15952,6755
51.40934675600002,containerd,2387,0.27,0.9922324048650384,74452,73138
51.40934675600002,flanneld,3353,0.06,0.0,42028,42376
51.40934675600002,coredns,3824,0.07,0.0,65728,66196
52.417202229000026,nodestore,2527,0.16,0.0,18564,11098
52.417202229000026,nodeapiserver,2845,0.23,0.0,139656,130306
52.417202229000026,nodescheduler,4070,0.02,0.0,21976,11306
52.417202229000026,nodecontroller,3913,0.11,0.0,44120,33326
52.417202229000026,nodelet,3214,0.05,0.0,25768,13895
52.417202229000026,nodeproxy,4253,0.0,0.0,15952,6755
52.417202229000026,containerd,2387,0.28,0.9922057544851905,83668,82394
52.417202229000026,flanneld,3353,0.06,0.0,42028,42376
52.417202229000026,coredns,3824,0.08,0.9922057544851905,65728,66196
53.42489611900001,nodestore,2527,0.16,0.0,18564,11098
53.42489611900001,nodeapiserver,2845,0.24,0.9923648539736758,139656,130330
53.42489611900001,nodescheduler,4070,0.02,0.0,21976,11306
53.42489611900001,nodecontroller,3913,0.12,0.9923648539736758,44120,33334
53.42489611900001,nodelet,3214,0.05,0.0,25768,13895
53.42489611900001,nodeproxy,4253,0.0,0.0,15952,6755
53.42489611900001,containerd,2387,0.28,0.0,83668,82394
53.42489611900001,flanneld,3353,0.06,0.0,42156,42384
53.42489611900001,coredns,3824,0.08,0.0,65728,66196
54.43270967900003,nodestore,2527,0.16,0.0,18564,11098
54.43270967900003,nodeapiserver,2845,0.24,0.0,139656,130330
54.43270967900003,nodescheduler,4070,0.02,0.0,21976,11306
54.43270967900003,nodecontroller,3913,0.12,0.0,44120,33334
54.43270967900003,nodelet,3214,0.05,0.0,25768,13895
54.43270967900003,nodeproxy,4253,0.0,0.0,15952,6755
54.43270967900003,containerd,2387,0.28,0.0,83668,82394
54.43270967900003,flanneld,3353,0.06,0.0,42156,42384
54.43270967900003,coredns,3824,0.08,0.0,65728,66196
55.44050275800001,nodestore,2527,0.16,0.0,18564,11098
55.44050275800001,nodeapiserver,2845,0.25,0.9922671834502832,139656,130330
55.44050275800001,nodescheduler,4070,0.02,0.0,21976,11306
55.44050275800001,nodecontroller,3913,0.12,0.0,44120,33334
55.44050275800001,nodelet,3214,0.05,0.0,25768,13895
55.44050275800001,nodeproxy,4253,0.0,0.0,15952,6755
55.44050275800001,containerd,2387,0.29,0.9922671834502832,83668,82394
55.44050275800001,flanneld,3353,0.06,0.0,42156,42384
55.44050275800001,coredns,3824,0.08,0.0,65728,66196
56.44833098800001,nodestore,2527,0.17,0.9922325751879354,18564,11098
56.44833098800001,nodeapiserver,2845,0.25,0.0,139656,130330
56.44833098800001,nodescheduler,4070,0.02,0.0,21976,11306
56.44833098800001,nodecontroller,3913,0.12,0.0,44120,33334
56.44833098800001,nodelet,3214,0.05,0.0,25768,13895
56.44833098800001,nodeproxy,4253,0.0,0.0,15952,6755
56.44833098800001,containerd,2387,0.29,0.0,83668,82394
56.44833098800001,flanneld,3353,0.06,0.0,42156,42384
56.44833098800001,coredns,3824,0.08,0.0,65728,66196
57.456071463,nodestore,2527,0.17,0.0,18564,11098
57.456071463,nodeapiserver,2845,0.25,0.0,139656,130330
57.456071463,nodescheduler,4070,0.02,0.0,21976,11306
57.456071463,nodecontroller,3913,0.12,0.0,44120,33334
57.456071463,nodelet,3214,0.05,0.0,25768,13895
57.456071463,nodeproxy,4253,0.0,0.0,15952,6755
57.456071463,containerd,2387,0.3,0.9923189797452648,83668,82394
57.456071463,flanneld,3353,0.06,0.0,42156,42384
57.456071463,coredns,3824,0.08,0.0,65728,66196
58.46379727300001,nodestore,2527,0.17,0.0,18564,11098
58.46379727300001,nodeapiserver,2845,0.25,0.0,139656,130330
58.46379727300001,nodescheduler,4070,0.02,0.0,21976,11306
58.46379727300001,nodecontroller,3913,0.12,0.0,44120,33334
58.46379727300001,nodelet,3214,0.05,0.0,25768,13895
58.46379727300001,nodeproxy,4253,0.0,0.0,15952,6755
58.46379727300001,containerd,2387,0.3,0.0,83668,82394
58.46379727300001,flanneld,3353,0.06,0.0,42156,42384
58.46379727300001,coredns,3824,0.09,0.9923334205362759,65728,66196
59.47149780400002,nodestore,2527,0.17,0.0,18564,11098
59.47149780400002,nodeapiserver,2845,0.26,0.9923583140396185,139656,130334
59.47149780400002,nodescheduler,4070,0.02,0.0,21976,11306
59.47149780400002,nodecontroller,3913,0.12,0.0,44120,33334
59.47149780400002,nodelet,3214,0.06,0.9923583140396185,25768,13895
59.47149780400002,nodeproxy,4253,0.0,0.0,15952,6755
59.47149780400002,containerd,2387,0.31,0.9923583140396185,83668,82406
59.47149780400002,flanneld,3353,0.06,0.0,42156,42388
59.47149780400002,coredns,3824,0.09,0.0,65728,66196
60.479272439,nodestore,2527,0.17,0.0,18564,11098
60.479272439,nodeapiserver,2845,0.26,0.0,139656,130334
60.479272439,nodescheduler,4070,0.02,0.0,21976,11306
60.479272439,nodecontroller,3913,0.12,0.0,44120,33334
60.479272439,nodelet,3214,0.06,0.0,25768,13895
60.479272439,nodeproxy,4253,0.0,0.0,15952,6755
60.479272439,containerd,2387,0.33,1.9845706872747877,83240,81958
60.479272439,flanneld,3353,0.06,0.0,42156,42388
60.479272439,coredns,3824,0.09,0.0,65728,66196
61.48699696700001,nodestore,2527,0.18,0.992334682956123,18564,11098
61.48699696700001,nodeapiserver,2845,0.26,0.0,139656,130334
61.48699696700001,nodescheduler,4070,0.02,0.0,21976,11306
61.48699696700001,nodecontroller,3913,0.12,0.0,44120,33334
61.48699696700001,nodelet,3214,0.06,0.0,25768,13895
61.48699696700001,nodeproxy,4253,0.0,0.0,15952,6755
61.48699696700001,containerd,2387,0.33,0.0,83240,81962
61.48699696700001,flanneld,3353,0.06,0.0,42156,42388
61.48699696700001,coredns,3824,0.09,0.0,65728,66196
62.494799333,nodestore,2527,0.18,0.0,18564,11098
62.494799333,nodeapiserver,2845,0.26,0.0,139656,130334
62.494799333,nodescheduler,4070,0.02,0.0,21976,11306
62.494799333,nodecontroller,3913,0.12,0.0,44120,33334
62.494799333,nodelet,3214,0.06,0.0,25768,13895
62.494799333,nodeproxy,4253,0.0,0.0,15952,6755
62.494799333,containerd,2387,0.33,0.0,85672,84434
62.494799333,flanneld,3353,0.06,0.0,42156,42388
62.494799333,coredns,3824,0.09,0.0,65728,66196
63.50243326500001,nodestore,2527,0.19,0.9924239034062179,18564,11098
63.50243326500001,nodeapiserver,2845,0.26,0.0,139656,130334
63.50243326500001,nodescheduler,4070,0.02,0.0,21976,11306
63.50243326500001,nodecontroller,3913,0.12,0.0,44120,33334
63.50243326500001,nodelet,3214,0.06,0.0,25768,13895
63.50243326500001,nodeproxy,4253,0.0,0.0,15952,6755
63.50243326500001,containerd,2387,0.34,0.9924239034062179,85672,84434
63.50243326500001,flanneld,3353,0.07,0.9924239034062179,42156,42388
63.50243326500001,coredns,3824,0.09,0.0,65728,66196
64.510193485,nodestore,2527,0.19,0.0,18564,11098
64.510193485,nodeapiserver,2845,0.27,0.9922995372847775,139656,130334
64.510193485,nodescheduler,4070,0.02,0.0,21976,11306
64.510193485,nodecontroller,3913,0.13,0.9922995372847775,44120,33334
64.510193485,nodelet,3214,0.06,0.0,25768,13895
64.510193485,nodeproxy,4253,0.0,0.0,15952,6755
64.510193485,containerd,2387,0.34,0.0,85672,84438
64.510193485,flanneld,3353,0.07,0.0,42156,42388
64.510193485,coredns,3824,0.09,0.0,65728,66196
65.51791725000001,nodestore,2527,0.19,0.0,18564,11098
65.51791725000001,nodeapiserver,2845,0.27,0.0,139656,130334
65.51791725000001,nodescheduler,4070,0.02,0.0,21976,11306
65.51791725000001,nodecontroller,3913,0.14,0.9923354343042525,44120,33334
65.51791725000001,nodelet,3214,0.06,0.0,25768,13895
65.51791725000001,nodeproxy,4253,0.0,0.0,15952,6755
65.51791725000001,containerd,2387,0.35,0.9923354343042525,85672,84438
65.51791725000001,flanneld,3353,0.07,0.0,42156,42388
65.51791725000001,coredns,3824,0.09,0.0,65728,66196
66.52558373500003,nodestore,2527,0.21,1.9847836856457213,18564,11102
66.52558373500003,nodeapiserver,2845,0.28,0.9923918428228606,139656,130350
66.52558373500003,nodescheduler,4070,0.03,0.9923918428228606,21976,11306
66.52558373500003,nodecontroller,3913,0.14,0.0,44120,33334
66.52558373500003,nodelet,3214,0.06,0.0,25768,13895
66.52558373500003,nodeproxy,4253,0.0,0.0,15952,6755
66.52558373500003,containerd,2387,0.35,0.0,85672,84438
66.52558373500003,flanneld,3353,0.07,0.0,42156,42388
66.52558373500003,coredns,3824,0.09,0.0,65728,66196
67.53324282600002,nodestore,2527,0.21,0.0,18564,11102
67.53324282600002,nodeapiserver,2845,0.29,0.992399124794882,139656,130350
67.53324282600002,nodescheduler,4070,0.03,0.0,21976,11306
67.53324282600002,nodecontroller,3913,0.14,0.0,44120,33334
67.53324282600002,nodelet,3214,0.06,0.0,25768,13895
67.53324282600002,nodeproxy,4253,0.0,0.0,15952,6755
67.53324282600002,containerd,2387,0.35,0.0,85672,84438
67.53324282600002,flanneld,3353,0.07,0.0,42156,42388
67.53324282600002,coredns,3824,0.1,0.992399124794882,65728,66196
68.54098155600002,nodestore,2527,0.21,0.0,18564,11102
68.54098155600002,nodeapiserver,2845,0.29,0.0,139656,130350
68.54098155600002,nodescheduler,4070,0.03,0.0,21976,11306
68.54098155600002,nodecontroller,3913,0.14,0.0,44120,33334
68.54098155600002,nodelet,3214,0.06,0.0,25768,13895
68.54098155600002,nodeproxy,4253,0.0,0.0,15952,6755
68.54098155600002,containerd,2387,0.36,0.9923206980444229,85672,84438
68.54098155600002,flanneld,3353,0.07,0.0,42156,42388
68.54098155600002,coredns,3824,0.1,0.0,65728,66196
69.54865099300002,nodestore,2527,0.21,0.0,18564,11102
69.54865099300002,nodeapiserver,2845,0.3,0.9923889355790751,139656,130350
69.54865099300002,nodescheduler,4070,0.03,0.0,21976,11306
69.54865099300002,nodecontroller,3913,0.14,0.0,44120,33334
69.54865099300002,nodelet,3214,0.06,0.0,25884,13895
69.54865099300002,nodeproxy,4253,0.0,0.0,15952,6755
69.54865099300002,containerd,2387,0.37,0.9923889355790751,85672,84438
69.54865099300002,flanneld,3353,0.07,0.0,42156,42388
69.54865099300002,coredns,3824,0.1,0.0,65728,66196
70.55646135,nodestore,2527,0.22,0.9922501719239797,18564,11102
70.55646135,nodeapiserver,2845,0.3,0.0,139656,130350
70.55646135,nodescheduler,4070,0.03,0.0,21976,11306
70.55646135,nodecontroller,3913,0.14,0.0,44120,33334
70.55646135,nodelet,3214,0.06,0.0,25884,13895
70.55646135,nodeproxy,4253,0.0,0.0,15952,6755
70.55646135,containerd,2387,0.38,0.9922501719239797,85672,84438
70.55646135,flanneld,3353,0.07,0.0,42156,42388
70.55646135,coredns,3824,0.1,0.0,65728,66196
71.56440973900001,nodestore,2527,0.23,0.9921142896930547,18564,11102
71.56440973900001,nodeapiserver,2845,0.33,2.976342869079164,139656,130234
71.56440973900001,nodescheduler,4070,0.03,0.0,21976,11306
71.56440973900001,nodecontroller,3913,0.16,1.9842285793861094,44248,33378
71.56440973900001,nodelet,3214,0.06,0.0,25884,13895
71.56440973900001,nodeproxy,4253,0.0,0.0,15952,6755
71.56440973900001,containerd,2387,0.38,0.0,85672,84438
71.56440973900001,flanneld,3353,0.07,0.0,42156,42388
71.56440973900001,coredns,3824,0.1,0.0,65728,66200
72.572155041,nodestore,2527,0.23,0.0,18564,11102
72.572155041,nodeapiserver,2845,0.33,0.0,139656,130242
72.572155041,nodescheduler,4070,0.03,0.0,21976,11306
72.572155041,nodecontroller,3913,0.16,0.0,44248,33378
72.572155041,nodelet,3214,0.06,0.0,25884,13895
72.572155041,nodeproxy,4253,0.0,0.0,15952,6755
72.572155041,containerd,2387,0.38,0.0,85672,84438
72.572155041,flanneld,3353,0.07,0.0,42156,42388
72.572155041,coredns,3824,0.11,0.9923142266358197,65728,66200
73.57981321700001,nodestore,2527,0.23,0.0,18564,11102
73.57981321700001,nodeapiserver,2845,0.33,0.0,139656,130242
73.57981321700001,nodescheduler,4070,0.03,0.0,21976,11306
73.57981321700001,nodecontroller,3913,0.16,0.0,44248,33378
73.57981321700001,nodelet,3214,0.06,0.0,25884,13895
73.57981321700001,nodeproxy,4253,0.0,0.0,15952,6755
73.57981321700001,containerd,2387,0.38,0.0,85672,84438
73.57981321700001,flanneld,3353,0.07,0.0,42156,42388
73.57981321700001,coredns,3824,0.11,0.0,65728,66200
74.58759240400002,nodestore,2527,0.23,0.0,18564,11102
74.58759240400002,nodeapiserver,2845,0.34,0.9922808616209186,139656,130242
74.58759240400002,nodescheduler,4070,0.03,0.0,21976,11306
74.58759240400002,nodecontroller,3913,0.16,0.0,44248,33378
74.58759240400002,nodelet,3214,0.06,0.0,25884,13895
74.58759240400002,nodeproxy,4253,0.0,0.0,15952,6755
74.58759240400002,containerd,2387,0.39,0.9922808616209186,85672,84438
74.58759240400002,flanneld,3353,0.07,0.0,42156,42388
74.58759240400002,coredns,3824,0.11,0.0,65728,66200
75.595278041,nodestore,2527,0.24,0.9923729814956365,18564,11102
75.595278041,nodeapiserver,2845,0.34,0.0,139656,130246
75.595278041,nodescheduler,4070,0.03,0.0,21976,11306
75.595278041,nodecontroller,3913,0.16,0.0,44248,33378
75.595278041,nodelet,3214,0.07,0.9923729814956365,25884,13895
75.595278041,nodeproxy,4253,0.0,0.0,15952,6755
75.595278041,containerd,2387,0.4,0.9923729814956365,85672,84438
75.595278041,flanneld,3353,0.07,0.0,42156,42388
75.595278041,coredns,3824,0.11,0.0,65728,66200
76.60306529800002,nodestore,2527,0.24,0.0,18564,11102
76.60306529800002,nodeapiserver,2845,0.34,0.0,139656,130246
76.60306529800002,nodescheduler,4070,0.03,0.0,21976,11306
76.60306529800002,nodecontroller,3913,0.16,0.0,44248,33378
76.60306529800002,nodelet,3214,0.07,0.0,25884,13895
76.60306529800002,nodeproxy,4253,0.0,0.0,15952,6755
76.60306529800002,containerd,2387,0.4,0.0,85672,84438
76.60306529800002,flanneld,3353,0.07,0.0,42156,42388
76.60306529800002,coredns,3824,0.11,0.0,65728,66200
77.61070145100001,nodestore,2527,0.24,0.0,18564,11102
77.61070145100001,nodeapiserver,2845,0.34,0.0,139656,130246
77.61070145100001,nodescheduler,4070,0.03,0.0,21976,11306
77.61070145100001,nodecontroller,3913,0.17,0.9924217159365927,44248,33386
77.61070145100001,nodelet,3214,0.07,0.0,25884,13895
77.61070145100001,nodeproxy,4253,0.0,0.0,15952,6755
77.61070145100001,containerd,2387,0.4,0.0,85672,84434
77.61070145100001,flanneld,3353,0.07,0.0,42156,42388
77.61070145100001,coredns,3824,0.11,0.0,65728,66200
78.62158903900001,nodestore,2527,0.24,0.0,18564,11102
78.62158903900001,nodeapiserver,2845,0.35,0.9892296748627181,139656,130250
78.62158903900001,nodescheduler,4070,0.03,0.0,21976,11306
78.62158903900001,nodecontroller,3913,0.17,0.0,44248,33386
78.62158903900001,nodelet,3214,0.07,0.0,25884,13895
78.62158903900001,nodeproxy,4253,0.0,0.0,15952,6755
78.62158903900001,containerd,2387,0.4,0.0,85672,84438
78.62158903900001,flanneld,3353,0.08,0.9892296748627181,42156,42388
78.62158903900001,coredns,3824,0.11,0.0,65728,66200
79.62964489100003,nodestore,2527,0.26,1.9840170522614806,18564,11102
79.62964489100003,nodeapiserver,2845,0.36,0.9920085261307403,139656,130270
79.62964489100003,nodescheduler,4070,0.03,0.0,21976,11306
79.62964489100003,nodecontroller,3913,0.17,0.0,44248,33390
79.62964489100003,nodelet,3214,0.07,0.0,25880,13899
79.62964489100003,nodeproxy,4253,0.0,0.0,15952,6755
79.62964489100003,containerd,2387,0.41,0.9920085261307403,85672,84438
79.62964489100003,flanneld,3353,0.09,0.9920085261307403,42156,42388
79.62964489100003,coredns,3824,0.12,0.9920085261307403,65728,66200
80.637316959,nodestore,2527,0.26,0.0,18564,11102
80.637316959,nodeapiserver,2845,0.36,0.0,139656,130270
80.637316959,nodescheduler,4070,0.04,0.9923863444828791,21976,11306
80.637316959,nodecontroller,3913,0.17,0.0,44248,33390
80.637316959,nodelet,3214,0.07,0.0,25880,13899
80.637316959,nodeproxy,4253,0.0,0.0,15952,6755
80.637316959,containerd,2387,0.43,1.9847726889657582,85672,84442
80.637316959,flanneld,3353,0.09,0.0,42156,42388
80.637316959,coredns,3824,0.12,0.0,65728,66204
81.64502802200002,nodestore,2527,0.26,0.0,18564,11102
81.64502802200002,nodeapiserver,2845,0.37,0.9923479424974655,139656,130270
81.64502802200002,nodescheduler,4070,0.04,0.0,21976,11306
81.64502802200002,nodecontroller,3913,0.17,0.0,44248,33402
81.64502802200002,nodelet,3214,0.07,0.0,25880,13899
81.64502802200002,nodeproxy,4253,0.0,0.0,15952,6755
81.64502802200002,containerd,2387,0.43,0.0,85672,84442
81.64502802200002,flanneld,3353,0.09,0.0,42156,42388
81.64502802200002,coredns,3824,0.12,0.0,65728,66204
82.65276152300001,nodestore,2527,0.26,0.0,18564,11102
82.65276152300001,nodeapiserver,2845,0.37,0.0,139656,130270
82.65276152300001,nodescheduler,4070,0.04,0.0,21976,11306
82.65276152300001,nodecontroller,3913,0.17,0.0,44248,33402
82.65276152300001,nodelet,3214,0.07,0.0,25880,13899
82.65276152300001,nodeproxy,4253,0.0,0.0,15952,6755
82.65276152300001,containerd,2387,0.43,0.0,85672,84442
82.65276152300001,flanneld,3353,0.09,0.0,42156,42388
82.65276152300001,coredns,3824,0.12,0.0,65728,66204
83.66041911900001,nodestore,2527,0.26,0.0,18564,11102
83.66041911900001,nodeapiserver,2845,0.37,0.0,139656,130270
83.66041911900001,nodescheduler,4070,0.04,0.0,21976,11306
83.66041911900001,nodecontroller,3913,0.17,0.0,44248,33402
83.66041911900001,nodelet,3214,0.07,0.0,25880,13899
83.66041911900001,nodeproxy,4253,0.0,0.0,15952,6755
83.66041911900001,containerd,2387,0.44,0.9924005971568131,85672,84442
83.66041911900001,flanneld,3353,0.09,0.0,42156,42388
83.66041911900001,coredns,3824,0.12,0.0,65728,66204
84.66807048400003,nodestore,2527,0.26,0.0,18692,11102
84.66807048400003,nodeapiserver,2845,0.37,0.0,139656,130270
84.66807048400003,nodescheduler,4070,0.04,0.0,21976,11306
84.66807048400003,nodecontroller,3913,0.17,0.0,44248,33406
84.66807048400003,nodelet,3214,0.07,0.0,25880,13899
84.66807048400003,nodeproxy,4253,0.0,0.0,15952,6755
84.66807048400003,containerd,2387,0.44,0.0,85672,84442
84.66807048400003,flanneld,3353,0.09,0.0,42156,42388
84.66807048400003,coredns,3824,0.12,0.0,65728,66204
85.67565960800002,nodestore,2527,0.26,0.0,18692,11102
85.67565960800002,nodeapiserver,2845,0.38,0.9924680370011696,139656,130270
85.67565960800002,nodescheduler,4070,0.04,0.0,21976,11306
85.67565960800002,nodecontroller,3913,0.18,0.9924680370011696,44248,33406
85.67565960800002,nodelet,3214,0.07,0.0,25880,13899
85.67565960800002,nodeproxy,4253,0.0,0.0,15952,6755
85.67565960800002,containerd,2387,0.45,0.9924680370011696,85672,84442
85.67565960800002,flanneld,3353,0.09,0.0,42156,42388
85.67565960800002,coredns,3824,0.13,0.9924680370011696,65728,66204
86.68337953800003,nodestore,2527,0.27,0.9923392107566956,18692,11102
86.68337953800003,nodeapiserver,2845,0.38,0.0,139656,130270
86.68337953800003,nodescheduler,4070,0.04,0.0,21976,11306
86.68337953800003,nodecontroller,3913,0.19,0.9923392107566956,44248,33406
86.68337953800003,nodelet,3214,0.07,0.0,25880,13899
86.68337953800003,nodeproxy,4253,0.0,0.0,15952,6755
86.68337953800003,containerd,2387,0.45,0.0,85672,84442
86.68337953800003,flanneld,3353,0.09,0.0,42156,42388
86.68337953800003,coredns,3824,0.13,0.0,65728,66204
87.69111964700002,nodestore,2527,0.28,0.992319340144477,18692,11102
87.69111964700002,nodeapiserver,2845,0.38,0.0,139656,130270
87.69111964700002,nodescheduler,4070,0.04,0.0,21976,11306
87.69111964700002,nodecontroller,3913,0.19,0.0,44248,33406
87.69111964700002,nodelet,3214,0.07,0.0,25880,13899
87.69111964700002,nodeproxy,4253,0.0,0.0,15952,6755
87.69111964700002,containerd,2387,0.45,0.0,85672,84442
87.69111964700002,flanneld,3353,0.09,0.0,42156,42388
87.69111964700002,coredns,3824,0.13,0.0,65728,66208
88.698759556,nodestore,2527,0.28,0.0,18692,11102
88.698759556,nodeapiserver,2845,0.39,0.9924180166627591,139656,130270
88.698759556,nodescheduler,4070,0.04,0.0,21976,11310
88.698759556,nodecontroller,3913,0.19,0.0,44248,33434
88.698759556,nodelet,3214,0.07,0.0,25880,13899
88.698759556,nodeproxy,4253,0.0,0.0,15952,6755
88.698759556,containerd,2387,0.47,1.9848360333255182,85672,84442
88.698759556,flanneld,3353,0.1,0.9924180166627591,42156,42388
88.698759556,coredns,3824,0.13,0.0,65728,66208
89.70651496000002,nodestore,2527,0.28,0.0,18692,11118
89.70651496000002,nodeapiserver,2845,0.4,0.9923042794221304,139656,130270
89.70651496000002,nodescheduler,4070,0.04,0.0,21976,11310
89.70651496000002,nodecontroller,3913,0.19,0.0,44248,33438
89.70651496000002,nodelet,3214,0.09,1.9846085588442608,25880,13903
89.70651496000002,nodeproxy,4253,0.0,0.0,15952,6755
89.70651496000002,containerd,2387,0.47,0.0,85672,84450
89.70651496000002,flanneld,3353,0.1,0.0,42156,42388
89.70651496000002,coredns,3824,0.13,0.0,65728,66208
90.71413391300001,nodestore,2527,0.28,0.0,18692,11166
90.71413391300001,nodeapiserver,2845,0.4,0.0,139656,130282
90.71413391300001,nodescheduler,4070,0.04,0.0,21976,11310
90.71413391300001,nodecontroller,3913,0.19,0.0,44248,33450
90.71413391300001,nodelet,3214,0.09,0.0,25880,13903
90.71413391300001,nodeproxy,4253,0.0,0.0,15952,6755
90.71413391300001,containerd,2387,0.48,0.9924386565205956,85672,84458
90.71413391300001,flanneld,3353,0.1,0.0,42156,42388
90.71413391300001,coredns,3824,0.13,0.0,65728,66208
91.72176615500001,nodestore,2527,0.28,0.0,18692,11166
91.72176615500001,nodeapiserver,2845,0.4,0.0,139656,130282
91.72176615500001,nodescheduler,4070,0.04,0.0,21976,11310
91.72176615500001,nodecontroller,3913,0.19,0.0,44248,33450
91.72176615500001,nodelet,3214,0.09,0.0,25880,13903
91.72176615500001,nodeproxy,4253,0.0,0.0,15952,6755
91.72176615500001,containerd,2387,0.49,0.9924255678988092,85672,84458
91.72176615500001,flanneld,3353,0.1,0.0,42156,42388
91.72176615500001,coredns,3824,0.13,0.0,65728,66208
92.729370426,nodestore,2527,0.29,0.9924531175394441,18692,11166
92.729370426,nodeapiserver,2845,0.4,0.0,139656,130290
92.729370426,nodescheduler,4070,0.04,0.0,21976,11306
92.729370426,nodecontroller,3913,0.19,0.0,44248,33458
92.729370426,nodelet,3214,0.09,0.0,25880,13903
92.729370426,nodeproxy,4253,0.0,0.0,15952,6755
92.729370426,containerd,2387,0.49,0.0,85672,84458
92.729370426,flanneld,3353,0.1,0.0,42156,42388
92.729370426,coredns,3824,0.13,0.0,65728,66208
93.73676009300002,nodestore,2527,0.29,0.0,18692,11182
93.73676009300002,nodeapiserver,2845,0.41,0.9926645396095647,139656,130306
93.73676009300002,nodescheduler,4070,0.04,0.0,21976,11306
93.73676009300002,nodecontroller,3913,0.2,0.9926645396095647,44248,33466
93.73676009300002,nodelet,3214,0.09,0.0,25880,13903
93.73676009300002,nodeproxy,4253,0.0,0.0,15952,6755
93.73676009300002,containerd,2387,0.49,0.0,85672,84458
93.73676009300002,flanneld,3353,0.1,0.0,42156,42388
93.73676009300002,coredns,3824,0.13,0.0,65728,66212
94.744245804,nodestore,2527,0.29,0.0,18692,11182
94.744245804,nodeapiserver,2845,0.41,0.0,139656,130306
94.744245804,nodescheduler,4070,0.04,0.0,21976,11310
94.744245804,nodecontroller,3913,0.2,0.0,44248,33466
94.744245804,nodelet,3214,0.09,0.0,25880,13903
94.744245804,nodeproxy,4253,0.0,0.0,15952,6755
94.744245804,containerd,2387,0.49,0.0,85672,84458
94.744245804,flanneld,3353,0.1,0.0,42156,42388
94.744245804,coredns,3824,0.13,0.0,65728,66212
95.75175849600001,nodestore,2527,0.29,0.0,18692,11182
95.75175849600001,nodeapiserver,2845,0.41,0.0,139656,130306
95.75175849600001,nodescheduler,4070,0.04,0.0,21976,11310
95.75175849600001,nodecontroller,3913,0.2,0.0,44248,33466
95.75175849600001,nodelet,3214,0.09,0.0,25880,13903
95.75175849600001,nodeproxy,4253,0.0,0.0,15952,6755
95.75175849600001,containerd,2387,0.5,0.9925433276824607,85672,84458
95.75175849600001,flanneld,3353,0.1,0.0,42156,42388
95.75175849600001,coredns,3824,0.14,0.9925433276824607,65728,66212
96.75921799900001,nodestore,2527,0.3,0.992595729180385,18692,11182
96.75921799900001,nodeapiserver,2845,0.41,0.0,139656,130306
96.75921799900001,nodescheduler,4070,0.04,0.0,21976,11310
96.75921799900001,nodecontroller,3913,0.2,0.0,44248,33466
96.75921799900001,nodelet,3214,0.09,0.0,25880,13903
96.75921799900001,nodeproxy,4253,0.0,0.0,15952,6755
96.75921799900001,containerd,2387,0.51,0.992595729180385,85672,84462
96.75921799900001,flanneld,3353,0.1,0.0,42156,42388
96.75921799900001,coredns,3824,0.15,0.992595729180385,65728,66212
97.766846711,nodestore,2527,0.3,0.0,18692,11182
97.766846711,nodeapiserver,2845,0.43,1.984858089276073,139656,130314
97.766846711,nodescheduler,4070,0.04,0.0,21976,11310
97.766846711,nodecontroller,3913,0.21,0.9924290446380365,44248,33470
97.766846711,nodelet,3214,0.09,0.0,25880,13903
97.766846711,nodeproxy,4253,0.0,0.0,15952,6755
97.766846711,containerd,2387,0.51,0.0,85672,84462
97.766846711,flanneld,3353,0.1,0.0,42156,42388
97.766846711,coredns,3824,0.15,0.0,65728,66212
98.77451781900001,nodestore,2527,0.3,0.0,18692,11182
98.77451781900001,nodeapiserver,2845,0.43,0.0,139656,130334
98.77451781900001,nodescheduler,4070,0.04,0.0,21976,11310
98.77451781900001,nodecontroller,3913,0.21,0.0,44248,33474
98.77451781900001,nodelet,3214,0.09,0.0,25880,13903
98.77451781900001,nodeproxy,4253,0.0,0.0,15952,6755
98.77451781900001,containerd,2387,0.51,0.0,85672,84462
98.77451781900001,flanneld,3353,0.1,0.0,42156,42388
98.77451781900001,coredns,3824,0.15,0.0,65728,66212
99.78207809300002,nodestore,2527,0.3,0.0,18692,11182
99.78207809300002,nodeapiserver,2845,0.43,0.0,139656,130338
99.78207809300002,nodescheduler,4070,0.04,0.0,21976,11310
99.78207809300002,nodecontroller,3913,0.21,0.0,44248,33474
99.78207809300002,nodelet,3214,0.09,0.0,25752,13903
99.78207809300002,nodeproxy,4253,0.0,0.0,15952,6755
99.78207809300002,containerd,2387,0.52,0.9924964548572371,85672,84470
99.78207809300002,flanneld,3353,0.1,0.0,42156,42388
99.78207809300002,coredns,3824,0.15,0.0,65728,66212
100.789513432,nodestore,2527,0.3,0.0,18692,11182
100.789513432,nodeapiserver,2845,0.44,0.9926195372425952,139656,130338
100.789513432,nodescheduler,4070,0.04,0.0,21976,11310
100.789513432,nodecontroller,3913,0.21,0.0,44248,33474
100.789513432,nodelet,3214,0.09,0.0,25752,13903
100.789513432,nodeproxy,4253,0.0,0.0,15952,6755
100.789513432,containerd,2387,0.54,1.9852390744851904,85672,84482
100.789513432,flanneld,3353,0.1,0.0,42156,42388
100.789513432,coredns,3824,0.15,0.0,65728,66212
101.79698985400003,nodestore,2527,0.31,0.9925790600784655,18692,11182
101.79698985400003,nodeapiserver,2845,0.45,0.9925790600784655,139656,130366
101.79698985400003,nodescheduler,4070,0.04,0.0,21976,11310
101.79698985400003,nodecontroller,3913,0.21,0.0,44236,33450
101.79698985400003,nodelet,3214,0.09,0.0,25752,13903
101.79698985400003,nodeproxy,4253,0.0,0.0,15952,6755
101.79698985400003,containerd,2387,0.54,0.0,85672,84482
101.79698985400003,flanneld,3353,0.1,0.0,42156,42388
101.79698985400003,coredns,3824,0.15,0.0,65728,66212
102.80456159000002,nodestore,2527,0.32,0.9924851643516243,18692,11182
102.80456159000002,nodeapiserver,2845,0.45,0.0,139656,130366
102.80456159000002,nodescheduler,4070,0.04,0.0,21976,11310
102.80456159000002,nodecontroller,3913,0.21,0.0,44236,33450
102.80456159000002,nodelet,3214,0.09,0.0,25752,13903
102.80456159000002,nodeproxy,4253,0.0,0.0,15952,6755
102.80456159000002,containerd,2387,0.54,0.0,85672,84482
102.80456159000002,flanneld,3353,0.1,0.0,42156,42388
102.80456159000002,coredns,3824,0.15,0.0,65728,66212
103.812121125,nodestore,2527,0.32,0.0,18692,11182
103.812121125,nodeapiserver,2845,0.45,0.0,139656,130366
103.812121125,nodescheduler,4070,0.04,0.0,21976,11310
103.812121125,nodecontroller,3913,0.21,0.0,44236,33450
103.812121125,nodelet,3214,0.09,0.0,25752,13903
103.812121125,nodeproxy,4253,0.0,0.0,15952,6755
103.812121125,containerd,2387,0.54,0.0,85672,84482
103.812121125,flanneld,3353,0.1,0.0,42156,42388
103.812121125,coredns,3824,0.15,0.0,65728,66212
104.81950657000002,nodestore,2527,0.32,0.0,18692,11182
104.81950657000002,nodeapiserver,2845,0.45,0.0,139656,130366
104.81950657000002,nodescheduler,4070,0.04,0.0,21976,11310
104.81950657000002,nodecontroller,3913,0.21,0.0,44236,33450
104.81950657000002,nodelet,3214,0.1,0.9926686999135558,25752,13903
104.81950657000002,nodeproxy,4253,0.0,0.0,15952,6755
104.81950657000002,containerd,2387,0.55,0.9926686999135558,85672,84482
104.81950657000002,flanneld,3353,0.11,0.9926686999135558,42156,42388
104.81950657000002,coredns,3824,0.16,0.9926686999135558,65728,66212
105.826876016,nodestore,2527,0.32,0.0,18692,11182
105.826876016,nodeapiserver,2845,0.45,0.0,139656,130366
105.826876016,nodescheduler,4070,0.04,0.0,21976,11310
105.826876016,nodecontroller,3913,0.23,1.9853689308738784,44236,33450
105.826876016,nodelet,3214,0.1,0.0,25752,13903
105.826876016,nodeproxy,4253,0.0,0.0,15952,6755
105.826876016,containerd,2387,0.55,0.0,85672,84482
105.826876016,flanneld,3353,0.11,0.0,42156,42388
105.826876016,coredns,3824,0.16,0.0,65728,66212
106.834154961,nodestore,2527,0.32,0.0,18692,11182
106.834154961,nodeapiserver,2845,0.45,0.0,139656,130366
106.834154961,nodescheduler,4070,0.04,0.0,21976,11310
106.834154961,nodecontroller,3913,0.23,0.0,44236,33450
106.834154961,nodelet,3214,0.1,0.0,25752,13903
106.834154961,nodeproxy,4253,0.0,0.0,15952,6755
106.834154961,containerd,2387,0.56,0.9927736551665974,85672,84482
106.834154961,flanneld,3353,0.11,0.0,42156,42388
106.834154961,coredns,3824,0.16,0.0,65728,66212
107.84142912400003,nodestore,2527,0.32,0.0,18692,11182
107.84142912400003,nodeapiserver,2845,0.46,0.99277836832589,139656,130366
107.84142912400003,nodescheduler,4070,0.04,0.0,21976,11310
107.84142912400003,nodecontroller,3913,0.23,0.0,44236,33450
107.84142912400003,nodelet,3214,0.1,0.0,25752,13903
107.84142912400003,nodeproxy,4253,0.0,0.0,15952,6755
107.84142912400003,containerd,2387,0.56,0.0,85672,84482
107.84142912400003,flanneld,3353,0.11,0.0,42156,42388
107.84142912400003,coredns,3824,0.16,0.0,65728,66212
108.848986269,nodestore,2527,0.32,0.0,18692,11182
108.848986269,nodeapiserver,2845,0.46,0.0,139656,130366
108.848986269,nodescheduler,4070,0.04,0.0,21976,11310
108.848986269,nodecontroller,3913,0.23,0.0,44236,33450
108.848986269,nodelet,3214,0.1,0.0,25752,13903
108.848986269,nodeproxy,4253,0.0,0.0,15952,6755
108.848986269,containerd,2387,0.56,0.0,85672,84482
108.848986269,flanneld,3353,0.11,0.0,42156,42388
108.848986269,coredns,3824,0.16,0.0,65728,66212
109.85630459199999,nodestore,2527,0.33,0.9927348457454866,18692,11182
109.85630459199999,nodeapiserver,2845,0.47,0.9927348457454866,139656,130366
109.85630459199999,nodescheduler,4070,0.04,0.0,21976,11310
109.85630459199999,nodecontroller,3913,0.23,0.0,44236,33450
109.85630459199999,nodelet,3214,0.1,0.0,25620,13903
109.85630459199999,nodeproxy,4253,0.0,0.0,15952,6755
109.85630459199999,containerd,2387,0.58,1.9854696914909733,85672,84550
109.85630459199999,flanneld,3353,0.12,0.9927348457454866,42156,42400
109.85630459199999,coredns,3824,0.16,0.0,65728,66212
110.86354114100001,nodestore,2527,0.33,0.0,18692,11182
110.86354114100001,nodeapiserver,2845,0.47,0.0,139656,130366
110.86354114100001,nodescheduler,4070,0.04,0.0,21976,11310
110.86354114100001,nodecontroller,3913,0.23,0.0,44236,33450
110.86354114100001,nodelet,3214,0.1,0.0,25620,13903
110.86354114100001,nodeproxy,4253,0.0,0.0,15952,6755
110.86354114100001,containerd,2387,0.59,0.9928154424030672,85672,84554
110.86354114100001,flanneld,3353,0.12,0.0,42156,42400
110.86354114100001,coredns,3824,0.16,0.0,65728,66212
111.87084417100002,nodestore,2527,0.33,0.0,18692,11182
111.87084417100002,nodeapiserver,2845,0.48,0.9927499175694897,139656,130366
111.87084417100002,nodescheduler,4070,0.04,0.0,21976,11310
111.87084417100002,nodecontroller,3913,0.23,0.0,44236,33450
111.87084417100002,nodelet,3214,0.1,0.0,25620,13903
111.87084417100002,nodeproxy,4253,0.0,0.0,15952,6755
111.87084417100002,containerd,2387,0.59,0.0,85672,84558
111.87084417100002,flanneld,3353,0.12,0.0,42156,42400
111.87084417100002,coredns,3824,0.16,0.0,65728,66212
112.87818680900003,nodestore,2527,0.33,0.0,18692,11182
112.87818680900003,nodeapiserver,2845,0.48,0.0,139656,130366
112.87818680900003,nodescheduler,4070,0.04,0.0,21976,11310
112.87818680900003,nodecontroller,3913,0.23,0.0,44236,33450
112.87818680900003,nodelet,3214,0.1,0.0,25620,13903
112.87818680900003,nodeproxy,4253,0.0,0.0,15952,6755
112.87818680900003,containerd,2387,0.6,0.9927108833449266,85672,84558
112.87818680900003,flanneld,3353,0.12,0.0,42156,42400
112.87818680900003,coredns,3824,0.16,0.0,65728,66212
113.88548263700002,nodestore,2527,0.33,0.0,18692,11182
113.88548263700002,nodeapiserver,2845,0.48,0.0,139656,130366
113.88548263700002,nodescheduler,4070,0.04,0.0,21976,11310
113.88548263700002,nodecontroller,3913,0.23,0.0,44236,33450
113.88548263700002,nodelet,3214,0.1,0.0,25620,13903
113.88548263700002,nodeproxy,4253,0.0,0.0,15952,6755
113.88548263700002,containerd,2387,0.6,0.0,85672,84558
113.88548263700002,flanneld,3353,0.12,0.0,42156,42400
113.88548263700002,coredns,3824,0.16,0.0,65728,66212
114.892710983,nodestore,2527,0.34,0.9928235280225356,18692,11182
114.892710983,nodeapiserver,2845,0.48,0.0,139656,130366
114.892710983,nodescheduler,4070,0.04,0.0,21976,11310
114.892710983,nodecontroller,3913,0.23,0.0,44236,33450
114.892710983,nodelet,3214,0.1,0.0,25620,13903
114.892710983,nodeproxy,4253,0.0,0.0,15952,6755
114.892710983,containerd,2387,0.6,0.0,85672,84558
114.892710983,flanneld,3353,0.12,0.0,42156,42404
114.892710983,coredns,3824,0.16,0.0,65728,66212
115.89986209899999,nodestore,2527,0.34,0.0,18692,11182
115.89986209899999,nodeapiserver,2845,0.48,0.0,139656,130366
115.89986209899999,nodescheduler,4070,0.04,0.0,21976,11310
115.89986209899999,nodecontroller,3913,0.24,0.9928996593595705,44236,33450
115.89986209899999,nodelet,3214,0.1,0.0,25620,13903
115.89986209899999,nodeproxy,4253,0.0,0.0,15952,6755
115.89986209899999,containerd,2387,0.6,0.0,85672,84558
115.89986209899999,flanneld,3353,0.12,0.0,42156,42404
115.89986209899999,coredns,3824,0.17,0.9928996593595705,65728,66216
116.90701007499999,nodestore,2527,0.35,0.9929027549373749,18692,11222
116.90701007499999,nodeapiserver,2845,0.5,1.9858055098747498,139656,130274
116.90701007499999,nodescheduler,4070,0.05,0.9929027549373749,21976,11310
116.90701007499999,nodecontroller,3913,0.24,0.0,44236,33378
116.90701007499999,nodelet,3214,0.1,0.0,25620,13903
116.90701007499999,nodeproxy,4253,0.0,0.0,15952,6755
116.90701007499999,containerd,2387,0.61,0.9929027549373749,85672,84558
116.90701007499999,flanneld,3353,0.12,0.0,42156,42404
116.90701007499999,coredns,3824,0.17,0.0,65728,66216
117.914179491,nodestore,2527,0.35,0.0,18692,11222
117.914179491,nodeapiserver,2845,0.51,0.9928816186372258,139656,130274
117.914179491,nodescheduler,4070,0.05,0.0,21976,11310
117.914179491,nodecontroller,3913,0.25,0.9928816186372258,44236,33378
117.914179491,nodelet,3214,0.1,0.0,25620,13903
117.914179491,nodeproxy,4253,0.0,0.0,15952,6755
117.914179491,containerd,2387,0.61,0.0,85672,84558
117.914179491,flanneld,3353,0.12,0.0,42156,42404
117.914179491,coredns,3824,0.18,0.9928816186372258,65728,66216
118.92127057400003,nodestore,2527,0.35,0.0,18692,11222
118.92127057400003,nodeapiserver,2845,0.51,0.0,139656,130274
118.92127057400003,nodescheduler,4070,0.05,0.0,21976,11310
118.92127057400003,nodecontroller,3913,0.25,0.0,44236,33378
118.92127057400003,nodelet,3214,0.1,0.0,25620,13903
118.92127057400003,nodeproxy,4253,0.0,0.0,15952,6755
118.92127057400003,containerd,2387,0.61,0.0,85672,84558
118.92127057400003,flanneld,3353,0.12,0.0,42156,42404
118.92127057400003,coredns,3824,0.18,0.0,65728,66224
119.92865141000001,nodestore,2527,0.36,0.9926732416021643,18692,11222
119.92865141000001,nodeapiserver,2845,0.52,0.9926732416021643,139656,130282
119.92865141000001,nodescheduler,4070,0.05,0.0,21976,11310
119.92865141000001,nodecontroller,3913,0.25,0.0,44236,33378
119.92865141000001,nodelet,3214,0.11,0.9926732416021643,25740,13903
119.92865141000001,nodeproxy,4253,0.0,0.0,15952,6755
119.92865141000001,containerd,2387,0.63,1.9853464832043286,85672,84562
119.92865141000001,flanneld,3353,0.12,0.0,42156,42404
119.92865141000001,coredns,3824,0.18,0.0,65728,66224
120.93707794299999,nodestore,2527,0.36,0.0,18692,11222
120.93707794299999,nodeapiserver,2845,0.52,0.0,139656,130286
120.93707794299999,nodescheduler,4070,0.05,0.0,21976,11310
120.93707794299999,nodecontroller,3913,0.25,0.0,44236,33406
120.93707794299999,nodelet,3214,0.11,0.0,25740,13903
120.93707794299999,nodeproxy,4253,0.0,0.0,15952,6755
120.93707794299999,containerd,2387,0.63,0.0,85672,84562
120.93707794299999,flanneld,3353,0.12,0.0,42156,42404
120.93707794299999,coredns,3824,0.18,0.0,65728,66228
121.94413200099999,nodestore,2527,0.37,0.9929953531849088,18692,11222
121.94413200099999,nodeapiserver,2845,0.53,0.9929953531849088,139656,130286
121.94413200099999,nodescheduler,4070,0.05,0.0,21976,11310
121.94413200099999,nodecontroller,3913,0.26,0.9929953531849088,44236,33406
121.94413200099999,nodelet,3214,0.11,0.0,25740,13903
121.94413200099999,nodeproxy,4253,0.0,0.0,15952,6755
121.94413200099999,containerd,2387,0.63,0.0,85672,84562
121.94413200099999,flanneld,3353,0.12,0.0,42156,42404
121.94413200099999,coredns,3824,0.18,0.0,65728,66228
122.951245473,nodestore,2527,0.37,0.0,18692,11222
122.951245473,nodeapiserver,2845,0.53,0.0,139656,130290
122.951245473,nodescheduler,4070,0.05,0.0,21976,11310
122.951245473,nodecontroller,3913,0.26,0.0,44236,33406
122.951245473,nodelet,3214,0.12,0.9929367720740663,25740,13903
122.951245473,nodeproxy,4253,0.0,0.0,15952,6755
122.951245473,containerd,2387,0.64,0.9929367720740663,85672,84562
122.951245473,flanneld,3353,0.12,0.0,42156,42404
122.951245473,coredns,3824,0.18,0.0,65728,66228
123.95832965299999,nodestore,2527,0.37,0.0,18692,11222
123.95832965299999,nodeapiserver,2845,0.53,0.0,144136,134822
123.95832965299999,nodescheduler,4070,0.05,0.0,21976,11310
123.95832965299999,nodecontroller,3913,0.26,0.0,44236,33406
123.95832965299999,nodelet,3214,0.12,0.0,25740,13903
123.95832965299999,nodeproxy,4253,0.0,0.0,15952,6755
123.95832965299999,containerd,2387,0.65,0.99296565258329,85672,84562
123.95832965299999,flanneld,3353,0.13,0.99296565258329,42156,42404
123.95832965299999,coredns,3824,0.18,0.0,65728,66236
124.96535610500004,nodestore,2527,0.37,0.0,18692,11222
124.96535610500004,nodeapiserver,2845,0.53,0.0,144136,134822
124.96535610500004,nodescheduler,4070,0.05,0.0,21976,11310
124.96535610500004,nodecontroller,3913,0.26,0.0,44236,33414
124.96535610500004,nodelet,3214,0.12,0.0,25740,13903
124.96535610500004,nodeproxy,4253,0.0,0.0,15952,6755
124.96535610500004,containerd,2387,0.65,0.0,85672,84562
124.96535610500004,flanneld,3353,0.13,0.0,42156,42404
124.96535610500004,coredns,3824,0.19,0.9930225745449957,65728,66300
125.972402088,nodestore,2527,0.38,0.9930033155199476,18692,11222
125.972402088,nodeapiserver,2845,0.54,0.9930033155199476,144136,134822
125.972402088,nodescheduler,4070,0.05,0.0,21976,11310
125.972402088,nodecontroller,3913,0.26,0.0,44236,33414
125.972402088,nodelet,3214,0.12,0.0,25740,13903
125.972402088,nodeproxy,4253,0.0,0.0,15952,6755
125.972402088,containerd,2387,0.65,0.0,85672,84562
125.972402088,flanneld,3353,0.13,0.0,42156,42404
125.972402088,coredns,3824,0.19,0.0,65728,66300
126.97940876999999,nodestore,2527,0.39,0.9930420700028716,18692,11222
126.97940876999999,nodeapiserver,2845,0.55,0.9930420700028716,144136,134838
126.97940876999999,nodescheduler,4070,0.05,0.0,21976,11314
126.97940876999999,nodecontroller,3913,0.26,0.0,44236,33414
126.97940876999999,nodelet,3214,0.12,0.0,25740,13903
126.97940876999999,nodeproxy,4253,0.0,0.0,15952,6755
126.97940876999999,containerd,2387,0.65,0.0,85672,84562
126.97940876999999,flanneld,3353,0.13,0.0,42156,42404
126.97940876999999,coredns,3824,0.19,0.0,65728,66300
127.986669235,nodestore,2527,0.39,0.0,18692,11222
127.986669235,nodeapiserver,2845,0.56,0.9927918693800797,144136,134838
127.986669235,nodescheduler,4070,0.06,0.9927918693800797,21976,11314
127.986669235,nodecontroller,3913,0.27,0.9927918693800797,44236,33418
127.986669235,nodelet,3214,0.12,0.0,25740,13903
127.986669235,nodeproxy,4253,0.0,0.0,15952,6755
127.986669235,containerd,2387,0.66,0.9927918693800797,85672,84562
127.986669235,flanneld,3353,0.13,0.0,42156,42404
127.986669235,coredns,3824,0.19,0.0,65728,66300
128.99355825199999,nodestore,2527,0.39,0.0,18692,11222
128.99355825199999,nodeapiserver,2845,0.56,0.0,144136,134838
128.99355825199999,nodescheduler,4070,0.06,0.0,21976,11314
128.99355825199999,nodecontroller,3913,0.28,0.9931581168493451,44236,33422
128.99355825199999,nodelet,3214,0.12,0.0,25740,13903
128.99355825199999,nodeproxy,4253,0.0,0.0,15952,6755
128.99355825199999,containerd,2387,0.67,0.9931581168493451,85672,84562
128.99355825199999,flanneld,3353,0.13,0.0,42156,42404
128.99355825199999,coredns,3824,0.2,0.9931581168493451,65728,66300
130.0004875,nodestore,2527,0.4,0.9931184360631405,18692,11222
130.0004875,nodeapiserver,2845,0.57,0.9931184360631405,144136,134846
130.0004875,nodescheduler,4070,0.06,0.0,21976,11314
130.0004875,nodecontroller,3913,0.28,0.0,44236,33422
130.0004875,nodelet,3214,0.13,0.9931184360631405,25868,13903
130.0004875,nodeproxy,4253,0.0,0.0,15952,6755
130.0004875,containerd,2387,0.68,0.9931184360631405,85672,84562
130.0004875,flanneld,3353,0.13,0.0,42156,42404
130.0004875,coredns,3824,0.2,0.0,65728,66300
131.00741479,nodestore,2527,0.4,0.0,18692,11222
131.00741479,nodeapiserver,2845,0.58,0.9931203672113988,144264,134846
131.00741479,nodescheduler,4070,0.06,0.0,21976,11314
131.00741479,nodecontroller,3913,0.28,0.0,44364,33462
131.00741479,nodelet,3214,0.13,0.0,25868,13903
131.00741479,nodeproxy,4253,0.0,0.0,15952,6755
131.00741479,containerd,2387,0.68,0.0,85672,84562
131.00741479,flanneld,3353,0.13,0.0,42156,42404
131.00741479,coredns,3824,0.2,0.0,65728,66308
132.01528077100002,nodestore,2527,0.41,0.9921954097585431,18692,11222
132.01528077100002,nodeapiserver,2845,0.59,0.9921954097585431,144264,134862
132.01528077100002,nodescheduler,4070,0.06,0.0,21976,11314
132.01528077100002,nodecontroller,3913,0.28,0.0,44364,33478
132.01528077100002,nodelet,3214,0.13,0.0,25868,13903
132.01528077100002,nodeproxy,4253,0.0,0.0,15952,6755
132.01528077100002,containerd,2387,0.69,0.9921954097585431,85672,84562
132.01528077100002,flanneld,3353,0.13,0.0,42156,42404
132.01528077100002,coredns,3824,0.2,0.0,65728,66308
133.02417027700002,nodestore,2527,0.41,0.0,18692,11222
133.02417027700002,nodeapiserver,2845,0.6,0.9911888210283331,144264,134870
133.02417027700002,nodescheduler,4070,0.06,0.0,21976,11314
133.02417027700002,nodecontroller,3913,0.28,0.0,44364,33486
133.02417027700002,nodelet,3214,0.13,0.0,25868,13903
133.02417027700002,nodeproxy,4253,0.0,0.0,15952,6755
133.02417027700002,containerd,2387,0.7,0.9911888210283331,85672,84562
133.02417027700002,flanneld,3353,0.13,0.0,42156,42404
133.02417027700002,coredns,3824,0.2,0.0,65728,66308
134.03113957000002,nodestore,2527,0.42,0.9930789418818977,18692,11222
134.03113957000002,nodeapiserver,2845,0.6,0.0,150536,141302
134.03113957000002,nodescheduler,4070,0.06,0.0,21976,11314
134.03113957000002,nodecontroller,3913,0.28,0.0,44364,33494
134.03113957000002,nodelet,3214,0.13,0.0,25868,13903
134.03113957000002,nodeproxy,4253,0.0,0.0,15952,6755
134.03113957000002,containerd,2387,0.7,0.0,85672,84562
134.03113957000002,flanneld,3353,0.13,0.0,42156,42408
134.03113957000002,coredns,3824,0.2,0.0,65728,66308
135.03792389600002,nodestore,2527,0.42,0.0,18692,11222
135.03792389600002,nodeapiserver,2845,0.6,0.0,150536,141310
135.03792389600002,nodescheduler,4070,0.06,0.0,21976,11314
135.03792389600002,nodecontroller,3913,0.29,0.9932613909207783,44364,33502
135.03792389600002,nodelet,3214,0.13,0.0,25868,13903
135.03792389600002,nodeproxy,4253,0.0,0.0,15952,6755
135.03792389600002,containerd,2387,0.71,0.9932613909207783,85672,84562
135.03792389600002,flanneld,3353,0.13,0.0,42156,42408
135.03792389600002,coredns,3824,0.2,0.0,65728,66308
136.044715459,nodestore,2527,0.42,0.0,18692,11222
136.044715459,nodeapiserver,2845,0.61,0.9932542511781269,150536,141310
136.044715459,nodescheduler,4070,0.06,0.0,21976,11314
136.044715459,nodecontroller,3913,0.3,0.9932542511781269,44364,33502
136.044715459,nodelet,3214,0.13,0.0,25868,13903
136.044715459,nodeproxy,4253,0.0,0.0,15952,6755
136.044715459,containerd,2387,0.72,0.9932542511781269,85672,84562
136.044715459,flanneld,3353,0.13,0.0,42156,42408
136.044715459,coredns,3824,0.2,0.0,65728,66308
137.05157129200003,nodestore,2527,0.42,0.0,18692,11222
137.05157129200003,nodeapiserver,2845,0.61,0.0,150536,141310
137.05157129200003,nodescheduler,4070,0.06,0.0,21976,11314
137.05157129200003,nodecontroller,3913,0.3,0.0,44364,33502
137.05157129200003,nodelet,3214,0.13,0.0,25868,13903
137.05157129200003,nodeproxy,4253,0.0,0.0,15952,6755
137.05157129200003,containerd,2387,0.72,0.0,85672,84562
137.05157129200003,flanneld,3353,0.13,0.0,42156,42408
137.05157129200003,coredns,3824,0.2,0.0,65728,66308
138.058381786,nodestore,2527,0.42,0.0,18692,11222
138.058381786,nodeapiserver,2845,0.61,0.0,150536,141310
138.058381786,nodescheduler,4070,0.06,0.0,21976,11314
138.058381786,nodecontroller,3913,0.3,0.0,44364,33506
138.058381786,nodelet,3214,0.13,0.0,25868,13903
138.058381786,nodeproxy,4253,0.0,0.0,15952,6755
138.058381786,containerd,2387,0.72,0.0,85672,84562
138.058381786,flanneld,3353,0.13,0.0,42156,42408
138.058381786,coredns,3824,0.2,0.0,65728,66308
139.065165716,nodestore,2527,0.42,0.0,18692,11222
139.065165716,nodeapiserver,2845,0.61,0.0,150536,141310
139.065165716,nodescheduler,4070,0.06,0.0,21976,11318
139.065165716,nodecontroller,3913,0.3,0.0,44364,33506
139.065165716,nodelet,3214,0.13,0.0,25868,13899
139.065165716,nodeproxy,4253,0.0,0.0,15952,6755
139.065165716,containerd,2387,0.73,0.9932617816019537,85672,84562
139.065165716,flanneld,3353,0.15,1.9865235632039073,42284,42460
139.065165716,coredns,3824,0.2,0.0,65728,66308
140.07194193800004,nodestore,2527,0.43,0.9932693861337127,18692,11222
140.07194193800004,nodeapiserver,2845,0.62,0.9932693861337127,150536,141338
140.07194193800004,nodescheduler,4070,0.06,0.0,21976,11318
140.07194193800004,nodecontroller,3913,0.3,0.0,44364,33518
140.07194193800004,nodelet,3214,0.13,0.0,25864,13899
140.07194193800004,nodeproxy,4253,0.0,0.0,15952,6755
140.07194193800004,containerd,2387,0.74,0.9932693861337127,85672,84566
140.07194193800004,flanneld,3353,0.15,0.0,42284,42460
140.07194193800004,coredns,3824,0.21,0.9932693861337127,65728,66308
141.07866997300002,nodestore,2527,0.43,0.0,18692,11222
141.07866997300002,nodeapiserver,2845,0.62,0.0,150536,141338
141.07866997300002,nodescheduler,4070,0.06,0.0,21976,11318
141.07866997300002,nodecontroller,3913,0.3,0.0,44364,33518
141.07866997300002,nodelet,3214,0.13,0.0,25864,13899
141.07866997300002,nodeproxy,4253,0.0,0.0,15952,6755
141.07866997300002,containerd,2387,0.74,0.0,85672,84566
141.07866997300002,flanneld,3353,0.15,0.0,42284,42460
141.07866997300002,coredns,3824,0.22,0.9933169289360451,65728,66308
142.08542622500002,nodestore,2527,0.44,0.9932890886085082,18692,11222
142.08542622500002,nodeapiserver,2845,0.63,0.9932890886085082,150536,141342
142.08542622500002,nodescheduler,4070,0.06,0.0,21976,11314
142.08542622500002,nodecontroller,3913,0.3,0.0,44364,33518
142.08542622500002,nodelet,3214,0.13,0.0,25864,13899
142.08542622500002,nodeproxy,4253,0.0,0.0,15952,6755
142.08542622500002,containerd,2387,0.75,0.9932890886085082,85672,84566
142.08542622500002,flanneld,3353,0.15,0.0,42284,42460
142.08542622500002,coredns,3824,0.22,0.0,65728,66308
143.09219324800003,nodestore,2527,0.44,0.0,18692,11222
143.09219324800003,nodeapiserver,2845,0.63,0.0,150536,141342
143.09219324800003,nodescheduler,4070,0.06,0.0,21976,11314
143.09219324800003,nodecontroller,3913,0.3,0.0,44364,33518
143.09219324800003,nodelet,3214,0.13,0.0,25864,13899
143.09219324800003,nodeproxy,4253,0.0,0.0,15952,6755
143.09219324800003,containerd,2387,0.75,0.0,85672,84566
143.09219324800003,flanneld,3353,0.15,0.0,42284,42460
143.09219324800003,coredns,3824,0.22,0.0,65728,66308
144.09894402300003,nodestore,2527,0.44,0.0,18692,11222
144.09894402300003,nodeapiserver,2845,0.64,0.9932944923732485,151816,142622
144.09894402300003,nodescheduler,4070,0.06,0.0,21976,11318
144.09894402300003,nodecontroller,3913,0.3,0.0,44364,33518
144.09894402300003,nodelet,3214,0.13,0.0,25864,13899
144.09894402300003,nodeproxy,4253,0.0,0.0,15952,6755
144.09894402300003,containerd,2387,0.76,0.9932944923732485,85672,84566
144.09894402300003,flanneld,3353,0.15,0.0,42284,42460
144.09894402300003,coredns,3824,0.22,0.0,65728,66308
145.105638853,nodestore,2527,0.44,0.0,18692,11222
145.105638853,nodeapiserver,2845,0.64,0.0,151816,142622
145.105638853,nodescheduler,4070,0.06,0.0,21976,11318
145.105638853,nodecontroller,3913,0.3,0.0,44364,33518
145.105638853,nodelet,3214,0.13,0.0,25864,13899
145.105638853,nodeproxy,4253,0.0,0.0,15952,6755
145.105638853,containerd,2387,0.76,0.0,85672,84566
145.105638853,flanneld,3353,0.15,0.0,42284,42460
145.105638853,coredns,3824,0.22,0.0,65728,66308
146.112307984,nodestore,2527,0.44,0.0,18692,11222
146.112307984,nodeapiserver,2845,0.64,0.0,151816,142622
146.112307984,nodescheduler,4070,0.06,0.0,21976,11318
146.112307984,nodecontroller,3913,0.3,0.0,44364,33518
146.112307984,nodelet,3214,0.13,0.0,25864,13899
146.112307984,nodeproxy,4253,0.0,0.0,15952,6755
146.112307984,containerd,2387,0.77,0.9933750516484015,85672,84566
146.112307984,flanneld,3353,0.15,0.0,42284,42460
146.112307984,coredns,3824,0.22,0.0,65728,66308
147.118940331,nodestore,2527,0.44,0.0,18692,11222
147.118940331,nodeapiserver,2845,0.64,0.0,151816,142622
147.118940331,nodescheduler,4070,0.06,0.0,21976,11318
147.118940331,nodecontroller,3913,0.31,0.9934113512050761,44364,33518
147.118940331,nodelet,3214,0.14,0.9934113512050761,25864,13899
147.118940331,nodeproxy,4253,0.0,0.0,15952,6755
147.118940331,containerd,2387,0.77,0.0,85672,84566
147.118940331,flanneld,3353,0.15,0.0,42284,42460
147.118940331,coredns,3824,0.22,0.0,65728,66308
148.12559049300003,nodestore,2527,0.45,0.9933937704963803,18692,11222
148.12559049300003,nodeapiserver,2845,0.65,0.9933937704963803,151816,142622
148.12559049300003,nodescheduler,4070,0.06,0.0,21976,11318
148.12559049300003,nodecontroller,3913,0.32,0.9933937704963803,44364,33518
148.12559049300003,nodelet,3214,0.14,0.0,25864,13899
148.12559049300003,nodeproxy,4253,0.0,0.0,15952,6755
148.12559049300003,containerd,2387,0.77,0.0,85672,84566
148.12559049300003,flanneld,3353,0.15,0.0,42284,42460
148.12559049300003,coredns,3824,0.22,0.0,65728,66308
149.13227694600002,nodestore,2527,0.45,0.0,18692,11222
149.13227694600002,nodeapiserver,2845,0.65,0.0,151816,142622
149.13227694600002,nodescheduler,4070,0.06,0.0,21976,11318
149.13227694600002,nodecontroller,3913,0.32,0.0,44364,33518
149.13227694600002,nodelet,3214,0.14,0.0,25864,13899
149.13227694600002,nodeproxy,4253,0.0,0.0,15952,6755
149.13227694600002,containerd,2387,0.77,0.0,85672,84566
149.13227694600002,flanneld,3353,0.16,0.9933579586970103,42284,42460
149.13227694600002,coredns,3824,0.22,0.0,65728,66308
150.13901659,nodestore,2527,0.45,0.0,18692,11222
150.13901659,nodeapiserver,2845,0.66,0.9933054747171628,151816,142622
150.13901659,nodescheduler,4070,0.06,0.0,21976,11318
150.13901659,nodecontroller,3913,0.32,0.0,44364,33518
150.13901659,nodelet,3214,0.14,0.0,25864,13899
150.13901659,nodeproxy,4253,0.0,0.0,15952,6755
150.13901659,containerd,2387,0.79,1.9866109494343256,85672,84570
150.13901659,flanneld,3353,0.16,0.0,42284,42460
150.13901659,coredns,3824,0.22,0.0,65728,66308
151.145754455,nodestore,2527,0.45,0.0,18692,11222
151.145754455,nodeapiserver,2845,0.66,0.0,151816,142622
151.145754455,nodescheduler,4070,0.06,0.0,21976,11318
151.145754455,nodecontroller,3913,0.32,0.0,44364,33518
151.145754455,nodelet,3214,0.14,0.0,25864,13899
151.145754455,nodeproxy,4253,0.0,0.0,15952,6755
151.145754455,containerd,2387,0.8,0.993307229980874,85672,84570
151.145754455,flanneld,3353,0.16,0.0,42284,42460
151.145754455,coredns,3824,0.22,0.0,65728,66308
152.15247177900002,nodestore,2527,0.45,0.0,18692,11222
152.15247177900002,nodeapiserver,2845,0.66,0.0,151816,142622
152.15247177900002,nodescheduler,4070,0.06,0.0,21976,11318
152.15247177900002,nodecontroller,3913,0.32,0.0,44364,33518
152.15247177900002,nodelet,3214,0.14,0.0,25864,13899
152.15247177900002,nodeproxy,4253,0.0,0.0,15952,6755
152.15247177900002,containerd,2387,0.8,0.0,85672,84570
152.15247177900002,flanneld,3353,0.16,0.0,42284,42460
152.15247177900002,coredns,3824,0.22,0.0,65728,66308
153.15918613300002,nodestore,2527,0.45,0.0,18692,11222
153.15918613300002,nodeapiserver,2845,0.66,0.0,151816,142622
153.15918613300002,nodescheduler,4070,0.06,0.0,21976,11318
153.15918613300002,nodecontroller,3913,0.32,0.0,44364,33518
153.15918613300002,nodelet,3214,0.14,0.0,25864,13899
153.15918613300002,nodeproxy,4253,0.0,0.0,15952,6755
153.15918613300002,containerd,2387,0.8,0.0,85672,84570
153.15918613300002,flanneld,3353,0.16,0.0,42284,42460
153.15918613300002,coredns,3824,0.23,0.9933304278683245,65728,66308
154.16585180400003,nodestore,2527,0.46,0.9933784659673693,18692,11222
154.16585180400003,nodeapiserver,2845,0.67,0.9933784659673693,151816,142622
154.16585180400003,nodescheduler,4070,0.06,0.0,21976,11318
154.16585180400003,nodecontroller,3913,0.32,0.0,44364,33518
154.16585180400003,nodelet,3214,0.14,0.0,25864,13899
154.16585180400003,nodeproxy,4253,0.0,0.0,15952,6755
154.16585180400003,containerd,2387,0.8,0.0,85672,84570
154.16585180400003,flanneld,3353,0.16,0.0,42284,42464
154.16585180400003,coredns,3824,0.23,0.0,65728,66308
155.172560628,nodestore,2527,0.46,0.0,18692,11222
155.172560628,nodeapiserver,2845,0.67,0.0,151816,142622
155.172560628,nodescheduler,4070,0.06,0.0,21976,11318
155.172560628,nodecontroller,3913,0.32,0.0,44364,33518
155.172560628,nodelet,3214,0.14,0.0,25864,13899
155.172560628,nodeproxy,4253,0.0,0.0,15952,6755
155.172560628,containerd,2387,0.81,0.9933358843788318,85672,84570
155.172560628,flanneld,3353,0.16,0.0,42284,42464
155.172560628,coredns,3824,0.24,0.9933358843788318,65728,66308
156.179345547,nodestore,2527,0.46,0.0,18692,11222
156.179345547,nodeapiserver,2845,0.67,0.0,151816,142622
156.179345547,nodescheduler,4070,0.06,0.0,21976,11318
156.179345547,nodecontroller,3913,0.32,0.0,44364,33518
156.179345547,nodelet,3214,0.14,0.0,25864,13899
156.179345547,nodeproxy,4253,0.0,0.0,15952,6755
156.179345547,containerd,2387,0.81,0.0,85672,84570
156.179345547,flanneld,3353,0.16,0.0,42284,42464
156.179345547,coredns,3824,0.24,0.0,65728,66308
157.18613577300002,nodestore,2527,0.46,0.0,18692,11222
157.18613577300002,nodeapiserver,2845,0.67,0.0,151816,142622
157.18613577300002,nodescheduler,4070,0.06,0.0,21976,11318
157.18613577300002,nodecontroller,3913,0.32,0.0,44364,33518
157.18613577300002,nodelet,3214,0.14,0.0,25864,13899
157.18613577300002,nodeproxy,4253,0.0,0.0,15952,6755
157.18613577300002,containerd,2387,0.82,0.993255570202545,85672,84570
157.18613577300002,flanneld,3353,0.16,0.0,42284,42464
157.18613577300002,coredns,3824,0.24,0.0,65728,66308
158.192812056,nodestore,2527,0.47,0.9933679941479358,18692,11222
158.192812056,nodeapiserver,2845,0.67,0.0,151816,142622
158.192812056,nodescheduler,4070,0.06,0.0,21976,11318
158.192812056,nodecontroller,3913,0.32,0.0,44364,33518
158.192812056,nodelet,3214,0.14,0.0,25864,13899
158.192812056,nodeproxy,4253,0.0,0.0,15952,6755
158.192812056,containerd,2387,0.82,0.0,85672,84570
158.192812056,flanneld,3353,0.16,0.0,42284,42464
158.192812056,coredns,3824,0.24,0.0,65728,66308
159.19948097,nodestore,2527,0.47,0.0,18692,11222
159.19948097,nodeapiserver,2845,0.67,0.0,151816,142622
159.19948097,nodescheduler,4070,0.06,0.0,21976,11318
159.19948097,nodecontroller,3913,0.32,0.0,44364,33518
159.19948097,nodelet,3214,0.14,0.0,25864,13899
159.19948097,nodeproxy,4253,0.0,0.0,15952,6755
159.19948097,containerd,2387,0.82,0.0,85672,84570
159.19948097,flanneld,3353,0.17,0.9933752657827793,42284,42464
159.19948097,coredns,3824,0.24,0.0,65728,66308
160.20628049300004,nodestore,2527,0.48,0.993246398270254,18692,11222
160.20628049300004,nodeapiserver,2845,0.68,0.993246398270254,151944,142626
160.20628049300004,nodescheduler,4070,0.06,0.0,21976,11318
160.20628049300004,nodecontroller,3913,0.32,0.0,44364,33518
160.20628049300004,nodelet,3214,0.16,1.986492796540508,25860,13899
160.20628049300004,nodeproxy,4253,0.0,0.0,15952,6755
160.20628049300004,containerd,2387,0.85,2.9797391948107617,85800,84670
160.20628049300004,flanneld,3353,0.17,0.0,42284,42464
160.20628049300004,coredns,3824,0.24,0.0,65728,66308
161.21308089200002,nodestore,2527,0.48,0.0,18692,11222
161.21308089200002,nodeapiserver,2845,0.71,2.979736602190246,151912,142554
161.21308089200002,nodescheduler,4070,0.06,0.0,21976,11318
161.21308089200002,nodecontroller,3913,0.34,1.9864910681268309,44492,33454
161.21308089200002,nodelet,3214,0.16,0.0,25860,13899
161.21308089200002,nodeproxy,4253,0.0,0.0,15952,6755
161.21308089200002,containerd,2387,0.86,0.9932455340634154,85800,84697
161.21308089200002,flanneld,3353,0.17,0.0,42284,42464
161.21308089200002,coredns,3824,0.24,0.0,65728,66308
162.219821177,nodestore,2527,0.49,0.9933048422712336,18692,11222
162.219821177,nodeapiserver,2845,0.71,0.0,151912,142554
162.219821177,nodescheduler,4070,0.06,0.0,21976,11318
162.219821177,nodecontroller,3913,0.34,0.0,44492,33454
162.219821177,nodelet,3214,0.16,0.0,25860,13899
162.219821177,nodeproxy,4253,0.0,0.0,15952,6755
162.219821177,containerd,2387,0.86,0.0,85800,84697
162.219821177,flanneld,3353,0.17,0.0,42284,42464
162.219821177,coredns,3824,0.24,0.0,65728,66308
163.22653117000002,nodestore,2527,0.49,0.0,18692,11230
163.22653117000002,nodeapiserver,2845,0.71,0.0,151912,142554
163.22653117000002,nodescheduler,4070,0.06,0.0,21976,11318
163.22653117000002,nodecontroller,3913,0.35,0.9933347309089289,44492,33458
163.22653117000002,nodelet,3214,0.16,0.0,25860,13899
163.22653117000002,nodeproxy,4253,0.0,0.0,15952,6755
163.22653117000002,containerd,2387,0.86,0.0,85800,84717
163.22653117000002,flanneld,3353,0.17,0.0,42284,42464
163.22653117000002,coredns,3824,0.24,0.0,65728,66308
164.233231819,nodestore,2527,0.5,0.9933439508491055,18692,11230
164.233231819,nodeapiserver,2845,0.72,0.9933439508491055,151912,142554
164.233231819,nodescheduler,4070,0.06,0.0,21976,11318
164.233231819,nodecontroller,3913,0.35,0.0,44492,33458
164.233231819,nodelet,3214,0.16,0.0,25860,13899
164.233231819,nodeproxy,4253,0.0,0.0,15952,6755
164.233231819,containerd,2387,0.86,0.0,85800,84717
164.233231819,flanneld,3353,0.17,0.0,42284,42464
164.233231819,coredns,3824,0.24,0.0,65728,66308
165.239920469,nodestore,2527,0.5,0.0,18692,11230
165.239920469,nodeapiserver,2845,0.72,0.0,151912,142554
165.239920469,nodescheduler,4070,0.06,0.0,21976,11318
165.239920469,nodecontroller,3913,0.35,0.0,44492,33458
165.239920469,nodelet,3214,0.16,0.0,25860,13899
165.239920469,nodeproxy,4253,0.0,0.0,15952,6755
165.239920469,containerd,2387,0.87,0.993355790789932,85928,84721
165.239920469,flanneld,3353,0.17,0.0,42284,42464
165.239920469,coredns,3824,0.24,0.0,65728,66316
166.2465776,nodestore,2527,0.5,0.0,18692,11230
166.2465776,nodeapiserver,2845,0.72,0.0,151912,142558
166.2465776,nodescheduler,4070,0.06,0.0,21976,11318
166.2465776,nodecontroller,3913,0.35,0.0,44492,33458
166.2465776,nodelet,3214,0.16,0.0,25860,13899
166.2465776,nodeproxy,4253,0.0,0.0,15952,6755
166.2465776,containerd,2387,0.87,0.0,85928,84721
166.2465776,flanneld,3353,0.17,0.0,42284,42464
166.2465776,coredns,3824,0.24,0.0,65728,66316
167.25327016600002,nodestore,2527,0.5,0.0,18692,11230
167.25327016600002,nodeapiserver,2845,0.73,0.9933519266695108,151912,142562
167.25327016600002,nodescheduler,4070,0.06,0.0,21976,11318
167.25327016600002,nodecontroller,3913,0.35,0.0,44492,33466
167.25327016600002,nodelet,3214,0.16,0.0,25860,13899
167.25327016600002,nodeproxy,4253,0.0,0.0,15952,6755
167.25327016600002,containerd,2387,0.87,0.0,85928,84721
167.25327016600002,flanneld,3353,0.17,0.0,42284,42464
167.25327016600002,coredns,3824,0.25,0.9933519266695108,65728,66316
168.25987160000003,nodestore,2527,0.51,0.9934418591340852,18692,11230
168.25987160000003,nodeapiserver,2845,0.74,0.9934418591340852,151912,142566
168.25987160000003,nodescheduler,4070,0.06,0.0,21976,11318
168.25987160000003,nodecontroller,3913,0.35,0.0,44492,33466
168.25987160000003,nodelet,3214,0.16,0.0,25860,13899
168.25987160000003,nodeproxy,4253,0.0,0.0,15952,6755
168.25987160000003,containerd,2387,0.88,0.9934418591340852,85928,84721
168.25987160000003,flanneld,3353,0.17,0.0,42284,42464
168.25987160000003,coredns,3824,0.26,0.9934418591340852,65728,66316
169.26838235099999,nodestore,2527,0.51,0.0,18692,11230
169.26838235099999,nodeapiserver,2845,0.75,0.9915610706266427,151912,142566
169.26838235099999,nodescheduler,4070,0.06,0.0,21976,11318
169.26838235099999,nodecontroller,3913,0.35,0.0,44492,33470
169.26838235099999,nodelet,3214,0.16,0.0,25860,13899
169.26838235099999,nodeproxy,4253,0.0,0.0,15952,6755
169.26838235099999,containerd,2387,0.89,0.9915610706266427,85928,84745
169.26838235099999,flanneld,3353,0.17,0.0,42284,42464
169.26838235099999,coredns,3824,0.26,0.0,65728,66316
170.27505262100001,nodestore,2527,0.51,0.0,18692,11230
170.27505262100001,nodeapiserver,2845,0.75,0.0,151912,142566
170.27505262100001,nodescheduler,4070,0.06,0.0,21976,11318
170.27505262100001,nodecontroller,3913,0.35,0.0,44492,33474
170.27505262100001,nodelet,3214,0.16,0.0,25860,13899
170.27505262100001,nodeproxy,4253,0.0,0.0,15952,6755
170.27505262100001,containerd,2387,0.89,0.0,85928,84745
170.27505262100001,flanneld,3353,0.17,0.0,42284,42464
170.27505262100001,coredns,3824,0.26,0.0,65728,66316
171.28171381500002,nodestore,2527,0.51,0.0,18692,11230
171.28171381500002,nodeapiserver,2845,0.75,0.0,151912,142574
171.28171381500002,nodescheduler,4070,0.06,0.0,21976,11318
171.28171381500002,nodecontroller,3913,0.36,0.993382883894099,44492,33474
171.28171381500002,nodelet,3214,0.16,0.0,25860,13899
171.28171381500002,nodeproxy,4253,0.0,0.0,15952,6755
171.28171381500002,containerd,2387,0.91,1.986765767788198,85928,84745
171.28171381500002,flanneld,3353,0.17,0.0,42284,42464
171.28171381500002,coredns,3824,0.26,0.0,65728,66316
172.28842682900003,nodestore,2527,0.51,0.0,18692,11230
172.28842682900003,nodeapiserver,2845,0.76,0.9933317500552218,151912,142574
172.28842682900003,nodescheduler,4070,0.06,0.0,21976,11318
172.28842682900003,nodecontroller,3913,0.36,0.0,44492,33474
172.28842682900003,nodelet,3214,0.16,0.0,25860,13899
172.28842682900003,nodeproxy,4253,0.0,0.0,15952,6755
172.28842682900003,containerd,2387,0.91,0.0,85928,84746
172.28842682900003,flanneld,3353,0.17,0.0,42284,42464
172.28842682900003,coredns,3824,0.26,0.0,65728,66316
173.29519110000004,nodestore,2527,0.51,0.0,18692,11230
173.29519110000004,nodeapiserver,2845,0.76,0.0,151912,142574
173.29519110000004,nodescheduler,4070,0.06,0.0,21976,11318
173.29519110000004,nodecontroller,3913,0.37,0.9932811769399705,44492,33502
173.29519110000004,nodelet,3214,0.16,0.0,25860,13899
173.29519110000004,nodeproxy,4253,0.0,0.0,15952,6755
173.29519110000004,containerd,2387,0.91,0.0,85928,84746
173.29519110000004,flanneld,3353,0.17,0.0,42284,42464
173.29519110000004,coredns,3824,0.26,0.0,65728,66316
174.301825756,nodestore,2527,0.52,0.993409072536481,18692,11230
174.301825756,nodeapiserver,2845,0.76,0.0,151912,142574
174.301825756,nodescheduler,4070,0.07,0.993409072536481,21976,11318
174.301825756,nodecontroller,3913,0.37,0.0,44492,33502
174.301825756,nodelet,3214,0.16,0.0,25860,13899
174.301825756,nodeproxy,4253,0.0,0.0,15952,6755
174.301825756,containerd,2387,0.91,0.0,85928,84746
174.301825756,flanneld,3353,0.18,0.993409072536481,42284,42464
174.301825756,coredns,3824,0.26,0.0,65728,66316
175.308524016,nodestore,2527,0.52,0.0,18692,11230
175.308524016,nodeapiserver,2845,0.76,0.0,151912,142586
175.308524016,nodescheduler,4070,0.07,0.0,21976,11318
175.308524016,nodecontroller,3913,0.37,0.0,44492,33510
175.308524016,nodelet,3214,0.16,0.0,25860,13899
175.308524016,nodeproxy,4253,0.0,0.0,15952,6755
175.308524016,containerd,2387,0.91,0.0,85928,84746
175.308524016,flanneld,3353,0.18,0.0,42284,42464
175.308524016,coredns,3824,0.26,0.0,65856,66320
176.31520333699999,nodestore,2527,0.52,0.0,18692,11230
176.31520333699999,nodeapiserver,2845,0.77,0.9933649963194398,151912,142586
176.31520333699999,nodescheduler,4070,0.07,0.0,21976,11318
176.31520333699999,nodecontroller,3913,0.37,0.0,44492,33510
176.31520333699999,nodelet,3214,0.16,0.0,25860,13899
176.31520333699999,nodeproxy,4253,0.0,0.0,15952,6755
176.31520333699999,containerd,2387,0.92,0.9933649963194398,85928,84746
176.31520333699999,flanneld,3353,0.18,0.0,42284,42464
176.31520333699999,coredns,3824,0.26,0.0,65856,66320
177.32191628,nodestore,2527,0.52,0.0,18692,11230
177.32191628,nodeapiserver,2845,0.77,0.0,151912,142598
177.32191628,nodescheduler,4070,0.07,0.0,21976,11318
177.32191628,nodecontroller,3913,0.38,0.9933318201114806,44492,33518
177.32191628,nodelet,3214,0.16,0.0,25860,13899
177.32191628,nodeproxy,4253,0.0,0.0,15952,6755
177.32191628,containerd,2387,0.93,0.9933318201114806,85928,84746
177.32191628,flanneld,3353,0.18,0.0,42284,42464
177.32191628,coredns,3824,0.26,0.0,65856,66320
178.328700408,nodestore,2527,0.53,0.9932615862613275,18692,11230
178.328700408,nodeapiserver,2845,0.78,0.9932615862613275,151912,142614
178.328700408,nodescheduler,4070,0.07,0.0,21976,11318
178.328700408,nodecontroller,3913,0.38,0.0,44492,33526
178.328700408,nodelet,3214,0.16,0.0,25860,13899
178.328700408,nodeproxy,4253,0.0,0.0,15952,6755
178.328700408,containerd,2387,0.93,0.0,85928,84746
178.328700408,flanneld,3353,0.18,0.0,42284,42464
178.328700408,coredns,3824,0.26,0.0,65856,66320
179.335518264,nodestore,2527,0.53,0.0,18692,11230
179.335518264,nodeapiserver,2845,0.78,0.0,151912,142614
179.335518264,nodescheduler,4070,0.07,0.0,21976,11318
179.335518264,nodecontroller,3913,0.38,0.0,44492,33526
179.335518264,nodelet,3214,0.17,0.9932283123909973,25860,13899
179.335518264,nodeproxy,4253,0.0,0.0,15952,6755
179.335518264,containerd,2387,0.94,0.9932283123909973,85928,84770
179.335518264,flanneld,3353,0.18,0.0,42284,42464
179.335518264,coredns,3824,0.27,0.9932283123909973,65856,66320
180.34219029,nodestore,2527,0.54,0.9933721948880402,18692,11230
180.34219029,nodeapiserver,2845,0.79,0.9933721948880402,151912,142626
180.34219029,nodescheduler,4070,0.07,0.0,21976,11318
180.34219029,nodecontroller,3913,0.38,0.0,44492,33534
180.34219029,nodelet,3214,0.17,0.0,25860,13899
180.34219029,nodeproxy,4253,0.0,0.0,15952,6755
180.34219029,containerd,2387,0.95,0.9933721948880402,85928,84774
180.34219029,flanneld,3353,0.18,0.0,42284,42464
180.34219029,coredns,3824,0.27,0.0,65856,66320
181.348985103,nodestore,2527,0.54,0.0,18692,11230
181.348985103,nodeapiserver,2845,0.79,0.0,151912,142626
181.348985103,nodescheduler,4070,0.07,0.0,21976,11318
181.348985103,nodecontroller,3913,0.38,0.0,44492,33534
181.348985103,nodelet,3214,0.17,0.0,25860,13899
181.348985103,nodeproxy,4253,0.0,0.0,15952,6755
181.348985103,containerd,2387,0.95,0.0,85928,84774
181.348985103,flanneld,3353,0.18,0.0,42284,42464
181.348985103,coredns,3824,0.27,0.0,65856,66320
182.35570107499998,nodestore,2527,0.54,0.0,18692,11230
182.35570107499998,nodeapiserver,2845,0.8,0.9933288313816531,151912,142630
182.35570107499998,nodescheduler,4070,0.08,0.9933288313816531,21976,11318
182.35570107499998,nodecontroller,3913,0.38,0.0,44492,33534
182.35570107499998,nodelet,3214,0.17,0.0,25860,13899
182.35570107499998,nodeproxy,4253,0.0,0.0,15952,6755
182.35570107499998,containerd,2387,0.95,0.0,85928,84774
182.35570107499998,flanneld,3353,0.18,0.0,42284,42464
182.35570107499998,coredns,3824,0.27,0.0,65856,66320
183.36245521600003,nodestore,2527,0.54,0.0,18692,11230
183.36245521600003,nodeapiserver,2845,0.8,0.0,151912,142630
183.36245521600003,nodescheduler,4070,0.08,0.0,21976,11318
183.36245521600003,nodecontroller,3913,0.38,0.0,44492,33538
183.36245521600003,nodelet,3214,0.17,0.0,25860,13899
183.36245521600003,nodeproxy,4253,0.0,0.0,15952,6755
183.36245521600003,containerd,2387,0.96,0.9932911713744377,85928,84774
183.36245521600003,flanneld,3353,0.18,0.0,42284,42464
183.36245521600003,coredns,3824,0.27,0.0,65856,66320
184.36914431800002,nodestore,2527,0.54,0.0,18692,11230
184.36914431800002,nodeapiserver,2845,0.8,0.0,151912,142630
184.36914431800002,nodescheduler,4070,0.08,0.0,21976,11318
184.36914431800002,nodecontroller,3913,0.39,0.9933553447765487,44492,33538
184.36914431800002,nodelet,3214,0.17,0.0,25860,13899
184.36914431800002,nodeproxy,4253,0.0,0.0,15952,6755
184.36914431800002,containerd,2387,0.96,0.0,85928,84774
184.36914431800002,flanneld,3353,0.19,0.9933553447765487,42284,42468
184.36914431800002,coredns,3824,0.27,0.0,65856,66320
185.37587295900002,nodestore,2527,0.54,0.0,18692,11230
185.37587295900002,nodeapiserver,2845,0.8,0.0,151912,142630
185.37587295900002,nodescheduler,4070,0.08,0.0,21976,11318
185.37587295900002,nodecontroller,3913,0.39,0.0,44492,33538
185.37587295900002,nodelet,3214,0.17,0.0,25860,13899
185.37587295900002,nodeproxy,4253,0.0,0.0,15952,6755
185.37587295900002,containerd,2387,0.96,0.0,85928,84774
185.37587295900002,flanneld,3353,0.19,0.0,42284,42468
185.37587295900002,coredns,3824,0.27,0.0,65856,66320
186.382514971,nodestore,2527,0.54,0.0,18692,11230
186.382514971,nodeapiserver,2845,0.81,0.9934018132356806,151912,142630
186.382514971,nodescheduler,4070,0.08,0.0,21976,11318
186.382514971,nodecontroller,3913,0.39,0.0,44492,33538
186.382514971,nodelet,3214,0.17,0.0,25860,13899
186.382514971,nodeproxy,4253,0.0,0.0,15952,6755
186.382514971,containerd,2387,0.97,0.9934018132356806,85928,84774
186.382514971,flanneld,3353,0.19,0.0,42284,42468
186.382514971,coredns,3824,0.27,0.0,65856,66320
187.38921835300002,nodestore,2527,0.57,2.9800237623518426,18692,11238
187.38921835300002,nodeapiserver,2845,0.81,0.0,151912,142654
187.38921835300002,nodescheduler,4070,0.08,0.0,21976,11318
187.38921835300002,nodecontroller,3913,0.39,0.0,44492,33542
187.38921835300002,nodelet,3214,0.17,0.0,25860,13899
187.38921835300002,nodeproxy,4253,0.0,0.0,15952,6755
187.38921835300002,containerd,2387,0.97,0.0,85928,84774
187.38921835300002,flanneld,3353,0.19,0.0,42284,42468
187.38921835300002,coredns,3824,0.28,0.9933412541172809,65856,66320
188.395934003,nodestore,2527,0.57,0.0,18692,11238
188.395934003,nodeapiserver,2845,0.82,0.9933291490998578,151912,142690
188.395934003,nodescheduler,4070,0.08,0.0,21976,11318
188.395934003,nodecontroller,3913,0.39,0.0,44492,33546
188.395934003,nodelet,3214,0.17,0.0,25860,13899
188.395934003,nodeproxy,4253,0.0,0.0,15952,6755
188.395934003,containerd,2387,0.98,0.9933291490998578,85520,84326
188.395934003,flanneld,3353,0.19,0.0,42284,42468
188.395934003,coredns,3824,0.28,0.0,65856,66320
189.402821891,nodestore,2527,0.57,0.0,18692,11238
189.402821891,nodeapiserver,2845,0.82,0.0,151912,142726
189.402821891,nodescheduler,4070,0.08,0.0,21976,11318
189.402821891,nodecontroller,3913,0.39,0.0,44492,33546
189.402821891,nodelet,3214,0.17,0.0,25860,13919
189.402821891,nodeproxy,4253,0.0,0.0,15952,6755
189.402821891,containerd,2387,1.0,1.9863184609089382,85520,84326
189.402821891,flanneld,3353,0.2,0.9931592304544691,42284,42468
189.402821891,coredns,3824,0.29,0.9931592304544691,65856,66320
190.409549673,nodestore,2527,0.57,0.0,18692,11238
190.409549673,nodeapiserver,2845,0.83,0.9933171785657698,151912,142730
190.409549673,nodescheduler,4070,0.08,0.0,21976,11318
190.409549673,nodecontroller,3913,0.39,0.0,44492,33546
190.409549673,nodelet,3214,0.18,0.9933171785657698,25860,13919
190.409549673,nodeproxy,4253,0.0,0.0,15952,6755
190.409549673,containerd,2387,1.0,0.0,85520,84326
190.409549673,flanneld,3353,0.2,0.0,42284,42468
190.409549673,coredns,3824,0.29,0.0,65856,66320
191.416288294,nodestore,2527,0.57,0.0,18692,11238
191.416288294,nodeapiserver,2845,0.84,0.993306484067019,152168,142754
191.416288294,nodescheduler,4070,0.08,0.0,21976,11318
191.416288294,nodecontroller,3913,0.4,0.993306484067019,44492,33578
191.416288294,nodelet,3214,0.18,0.0,25860,13919
191.416288294,nodeproxy,4253,0.0,0.0,15952,6755
191.416288294,containerd,2387,1.01,0.993306484067019,85520,84326
191.416288294,flanneld,3353,0.2,0.0,42284,42468
191.416288294,coredns,3824,0.29,0.0,65856,66320
192.42302920200004,nodestore,2527,0.58,0.9933042275857932,18692,11238
192.42302920200004,nodeapiserver,2845,0.85,0.9933042275857932,152168,142754
192.42302920200004,nodescheduler,4070,0.08,0.0,21976,11318
192.42302920200004,nodecontroller,3913,0.4,0.0,44492,33578
192.42302920200004,nodelet,3214,0.18,0.0,25860,13919
192.42302920200004,nodeproxy,4253,0.0,0.0,15952,6755
192.42302920200004,containerd,2387,1.01,0.0,85520,84326
192.42302920200004,flanneld,3353,0.2,0.0,42284,42468
192.42302920200004,coredns,3824,0.29,0.0,65856,66320
193.429821588,nodestore,2527,0.58,0.0,18692,11238
193.429821588,nodeapiserver,2845,0.85,0.0,152168,142754
193.429821588,nodescheduler,4070,0.08,0.0,21976,11318
193.429821588,nodecontroller,3913,0.4,0.0,44492,33578
193.429821588,nodelet,3214,0.18,0.0,25860,13919
193.429821588,nodeproxy,4253,0.0,0.0,15952,6755
193.429821588,containerd,2387,1.01,0.0,85520,84326
193.429821588,flanneld,3353,0.2,0.0,42284,42468
193.429821588,coredns,3824,0.29,0.0,65856,66320
194.436587634,nodestore,2527,0.58,0.0,18692,11238
194.436587634,nodeapiserver,2845,0.85,0.0,152168,142754
194.436587634,nodescheduler,4070,0.08,0.0,21976,11314
194.436587634,nodecontroller,3913,0.4,0.0,44492,33578
194.436587634,nodelet,3214,0.18,0.0,25860,13919
194.436587634,nodeproxy,4253,0.0,0.0,15952,6755
194.436587634,containerd,2387,1.02,0.9932794257147647,85520,84326
194.436587634,flanneld,3353,0.2,0.0,42284,42468
194.436587634,coredns,3824,0.29,0.0,65984,66328
195.443267003,nodestore,2527,0.58,0.0,18692,11238
195.443267003,nodeapiserver,2845,0.85,0.0,152168,142754
195.443267003,nodescheduler,4070,0.08,0.0,21976,11314
195.443267003,nodecontroller,3913,0.41,0.9933649489542854,44492,33578
195.443267003,nodelet,3214,0.18,0.0,25860,13919
195.443267003,nodeproxy,4253,0.0,0.0,15952,6755
195.443267003,containerd,2387,1.02,0.0,85520,84326
195.443267003,flanneld,3353,0.2,0.0,42284,42468
195.443267003,coredns,3824,0.29,0.0,65984,66328
196.44999091100001,nodestore,2527,0.58,0.0,18692,11238
196.44999091100001,nodeapiserver,2845,0.85,0.0,152168,142754
196.44999091100001,nodescheduler,4070,0.08,0.0,21976,11318
196.44999091100001,nodecontroller,3913,0.41,0.0,44492,33578
196.44999091100001,nodelet,3214,0.18,0.0,25860,13919
196.44999091100001,nodeproxy,4253,0.0,0.0,15952,6755
196.44999091100001,containerd,2387,1.02,0.0,85520,84326
196.44999091100001,flanneld,3353,0.2,0.0,42284,42468
196.44999091100001,coredns,3824,0.29,0.0,65984,66328
197.45681233400003,nodestore,2527,0.58,0.0,18692,11238
197.45681233400003,nodeapiserver,2845,0.85,0.0,152168,142754
197.45681233400003,nodescheduler,4070,0.08,0.0,21976,11318
197.45681233400003,nodecontroller,3913,0.41,0.0,44492,33578
197.45681233400003,nodelet,3214,0.18,0.0,25860,13919
197.45681233400003,nodeproxy,4253,0.0,0.0,15952,6755
197.45681233400003,containerd,2387,1.02,0.0,85520,84326
197.45681233400003,flanneld,3353,0.2,0.0,42284,42468
197.45681233400003,coredns,3824,0.29,0.0,65984,66328
198.463570991,nodestore,2527,0.59,0.9932867157853724,18692,11238
198.463570991,nodeapiserver,2845,0.86,0.9932867157853724,152168,142754
198.463570991,nodescheduler,4070,0.08,0.0,21976,11318
198.463570991,nodecontroller,3913,0.41,0.0,44492,33578
198.463570991,nodelet,3214,0.18,0.0,25860,13919
198.463570991,nodeproxy,4253,0.0,0.0,15952,6755
198.463570991,containerd,2387,1.04,1.9865734315707448,85520,84326
198.463570991,flanneld,3353,0.2,0.0,42284,42468
198.463570991,coredns,3824,0.29,0.0,65984,66332
199.47034540500002,nodestore,2527,0.6,0.9932711698809562,18692,11238
199.47034540500002,nodeapiserver,2845,0.86,0.0,152168,142754
199.47034540500002,nodescheduler,4070,0.08,0.0,21976,11314
199.47034540500002,nodecontroller,3913,0.41,0.0,44492,33578
199.47034540500002,nodelet,3214,0.19,0.9932711698809562,25852,13919
199.47034540500002,nodeproxy,4253,0.0,0.0,15952,6755
199.47034540500002,containerd,2387,1.04,0.0,85520,84330
199.47034540500002,flanneld,3353,0.2,0.0,42284,42468
199.47034540500002,coredns,3824,0.29,0.0,65984,66332
200.477125405,nodestore,2527,0.6,0.0,18692,11238
200.477125405,nodeapiserver,2845,0.87,0.9932656588331193,152168,142754
200.477125405,nodescheduler,4070,0.08,0.0,21976,11314
200.477125405,nodecontroller,3913,0.41,0.0,44492,33578
200.477125405,nodelet,3214,0.19,0.0,25852,13919
200.477125405,nodeproxy,4253,0.0,0.0,15952,6755
200.477125405,containerd,2387,1.06,1.9865313176662387,85520,84330
200.477125405,flanneld,3353,0.2,0.0,42284,42468
200.477125405,coredns,3824,0.3,0.9932656588331193,65984,66332
201.48393628800002,nodestore,2527,0.6,0.0,18692,11238
201.48393628800002,nodeapiserver,2845,0.87,0.0,152168,142754
201.48393628800002,nodescheduler,4070,0.08,0.0,21976,11314
201.48393628800002,nodecontroller,3913,0.41,0.0,44492,33578
201.48393628800002,nodelet,3214,0.19,0.0,25852,13919
201.48393628800002,nodeproxy,4253,0.0,0.0,15952,6755
201.48393628800002,containerd,2387,1.06,0.0,85520,84330
201.48393628800002,flanneld,3353,0.2,0.0,42284,42468
201.48393628800002,coredns,3824,0.3,0.0,65984,66332
202.490769261,nodestore,2527,0.6,0.0,18692,11238
202.490769261,nodeapiserver,2845,0.87,0.0,152168,142758
202.490769261,nodescheduler,4070,0.08,0.0,21976,11314
202.490769261,nodecontroller,3913,0.41,0.0,44492,33578
202.490769261,nodelet,3214,0.19,0.0,25852,13919
202.490769261,nodeproxy,4253,0.0,0.0,15952,6755
202.490769261,containerd,2387,1.06,0.0,85520,84330
202.490769261,flanneld,3353,0.2,0.0,42284,42468
202.490769261,coredns,3824,0.3,0.0,65984,66332
203.49760375000002,nodestore,2527,0.6,0.0,18692,11238
203.49760375000002,nodeapiserver,2845,0.87,0.0,152168,142758
203.49760375000002,nodescheduler,4070,0.08,0.0,21976,11314
203.49760375000002,nodecontroller,3913,0.41,0.0,44492,33578
203.49760375000002,nodelet,3214,0.19,0.0,25852,13919
203.49760375000002,nodeproxy,4253,0.0,0.0,15952,6755
203.49760375000002,containerd,2387,1.06,0.0,85520,84330
203.49760375000002,flanneld,3353,0.2,0.0,42284,42468
203.49760375000002,coredns,3824,0.3,0.0,65984,66332
204.50455292300003,nodestore,2527,0.61,0.9930987847387512,18692,11238
204.50455292300003,nodeapiserver,2845,0.88,0.9930987847387512,152168,142758
204.50455292300003,nodescheduler,4070,0.08,0.0,21976,11314
204.50455292300003,nodecontroller,3913,0.41,0.0,44492,33578
204.50455292300003,nodelet,3214,0.19,0.0,25852,13919
204.50455292300003,nodeproxy,4253,0.0,0.0,15952,6755
204.50455292300003,containerd,2387,1.06,0.0,85520,84330
204.50455292300003,flanneld,3353,0.21,0.9930987847387512,42284,42468
204.50455292300003,coredns,3824,0.3,0.0,65984,66332
205.51137644900004,nodestore,2527,0.61,0.0,18692,11238
205.51137644900004,nodeapiserver,2845,0.88,0.0,152168,142758
205.51137644900004,nodescheduler,4070,0.08,0.0,21976,11314
205.51137644900004,nodecontroller,3913,0.42,0.9932227189534255,44492,33578
205.51137644900004,nodelet,3214,0.19,0.0,25852,13919
205.51137644900004,nodeproxy,4253,0.0,0.0,15952,6755
205.51137644900004,containerd,2387,1.07,0.9932227189534255,85520,84330
205.51137644900004,flanneld,3353,0.21,0.0,42284,42468
205.51137644900004,coredns,3824,0.3,0.0,65984,66336
206.51822921800002,nodestore,2527,0.61,0.0,18692,11238
206.51822921800002,nodeapiserver,2845,0.9,1.9863877436483923,152036,142586
206.51822921800002,nodescheduler,4070,0.08,0.0,21976,11314
206.51822921800002,nodecontroller,3913,0.43,0.9931938718241962,44492,33494
206.51822921800002,nodelet,3214,0.19,0.0,25852,13919
206.51822921800002,nodeproxy,4253,0.0,0.0,15952,6755
206.51822921800002,containerd,2387,1.07,0.0,85520,84330
206.51822921800002,flanneld,3353,0.21,0.0,42284,42468
206.51822921800002,coredns,3824,0.3,0.0,65984,66336
207.525076934,nodestore,2527,0.61,0.0,18692,11238
207.525076934,nodeapiserver,2845,0.9,0.0,152036,142586
207.525076934,nodescheduler,4070,0.08,0.0,21976,11314
207.525076934,nodecontroller,3913,0.43,0.0,44492,33494
207.525076934,nodelet,3214,0.19,0.0,25852,13919
207.525076934,nodeproxy,4253,0.0,0.0,15952,6755
207.525076934,containerd,2387,1.07,0.0,85520,84330
207.525076934,flanneld,3353,0.21,0.0,42284,42468
207.525076934,coredns,3824,0.31,0.9931988563005474,65984,66336
208.531908668,nodestore,2527,0.63,1.9864292437965565,18692,11238
208.531908668,nodeapiserver,2845,0.91,0.9932146218982782,152036,142586
208.531908668,nodescheduler,4070,0.08,0.0,21976,11314
208.531908668,nodecontroller,3913,0.44,0.9932146218982782,44492,33494
208.531908668,nodelet,3214,0.19,0.0,25852,13919
208.531908668,nodeproxy,4253,0.0,0.0,15952,6755
208.531908668,containerd,2387,1.08,0.9932146218982782,85520,84330
208.531908668,flanneld,3353,0.21,0.0,42284,42468
208.531908668,coredns,3824,0.32,0.9932146218982782,65984,66336
209.538820495,nodestore,2527,0.63,0.0,18692,11238
209.538820495,nodeapiserver,2845,0.91,0.0,152036,142586
209.538820495,nodescheduler,4070,0.08,0.0,21976,11314
209.538820495,nodecontroller,3913,0.44,0.0,44492,33494
209.538820495,nodelet,3214,0.2,0.9931356184179468,25724,13927
209.538820495,nodeproxy,4253,0.0,0.0,15952,6755
209.538820495,containerd,2387,1.1,1.9862712368358937,85520,84342
209.538820495,flanneld,3353,0.21,0.0,42284,42468
209.538820495,coredns,3824,0.32,0.0,65984,66336
210.54574740900003,nodestore,2527,0.63,0.0,18692,11238
210.54574740900003,nodeapiserver,2845,0.92,0.993120738055852,152036,142586
210.54574740900003,nodescheduler,4070,0.08,0.0,21976,11314
210.54574740900003,nodecontroller,3913,0.44,0.0,44492,33494
210.54574740900003,nodelet,3214,0.2,0.0,25724,13927
210.54574740900003,nodeproxy,4253,0.0,0.0,15952,6755
210.54574740900003,containerd,2387,1.11,0.993120738055852,85520,84342
210.54574740900003,flanneld,3353,0.21,0.0,42284,42468
210.54574740900003,coredns,3824,0.32,0.0,65984,66340
211.552543891,nodestore,2527,0.63,0.0,18692,11238
211.552543891,nodeapiserver,2845,0.92,0.0,152036,142586
211.552543891,nodescheduler,4070,0.08,0.0,21976,11314
211.552543891,nodecontroller,3913,0.44,0.0,44492,33494
211.552543891,nodelet,3214,0.2,0.0,25724,13927
211.552543891,nodeproxy,4253,0.0,0.0,15952,6755
211.552543891,containerd,2387,1.11,0.0,85520,84342
211.552543891,flanneld,3353,0.21,0.0,42284,42468
211.552543891,coredns,3824,0.32,0.0,65984,66340
212.55955143000003,nodestore,2527,0.63,0.0,18692,11238
212.55955143000003,nodeapiserver,2845,0.92,0.0,152036,142586
212.55955143000003,nodescheduler,4070,0.08,0.0,21976,11314
212.55955143000003,nodecontroller,3913,0.44,0.0,44492,33494
212.55955143000003,nodelet,3214,0.2,0.0,25724,13927
212.55955143000003,nodeproxy,4253,0.0,0.0,15952,6755
212.55955143000003,containerd,2387,1.12,0.9930412248879616,85520,84342
212.55955143000003,flanneld,3353,0.21,0.0,42284,42468
212.55955143000003,coredns,3824,0.32,0.0,65984,66340
213.56640152000003,nodestore,2527,0.63,0.0,18692,11238
213.56640152000003,nodeapiserver,2845,0.92,0.0,152036,142586
213.56640152000003,nodescheduler,4070,0.08,0.0,21976,11314
213.56640152000003,nodecontroller,3913,0.45,0.99319651448807,44492,33494
213.56640152000003,nodelet,3214,0.2,0.0,25724,13927
213.56640152000003,nodeproxy,4253,0.0,0.0,15952,6755
213.56640152000003,containerd,2387,1.12,0.0,85520,84342
213.56640152000003,flanneld,3353,0.21,0.0,42284,42468
213.56640152000003,coredns,3824,0.32,0.0,65984,66340
214.57324319300002,nodestore,2527,0.64,0.99320481741721,18692,11238
214.57324319300002,nodeapiserver,2845,0.93,0.99320481741721,152036,142590
214.57324319300002,nodescheduler,4070,0.08,0.0,21976,11314
214.57324319300002,nodecontroller,3913,0.45,0.0,44492,33494
214.57324319300002,nodelet,3214,0.2,0.0,25724,13927
214.57324319300002,nodeproxy,4253,0.0,0.0,15952,6755
214.57324319300002,containerd,2387,1.13,0.99320481741721,85520,84342
214.57324319300002,flanneld,3353,0.22,0.99320481741721,42284,42468
214.57324319300002,coredns,3824,0.32,0.0,66112,66344
215.580131356,nodestore,2527,0.64,0.0,18692,11238
215.580131356,nodeapiserver,2845,0.93,0.0,152036,142594
215.580131356,nodescheduler,4070,0.08,0.0,21976,11314
215.580131356,nodecontroller,3913,0.45,0.0,44876,33826
215.580131356,nodelet,3214,0.2,0.0,25724,13927
215.580131356,nodeproxy,4253,0.0,0.0,15952,6755
215.580131356,containerd,2387,1.13,0.0,85520,84342
215.580131356,flanneld,3353,0.22,0.0,42284,42468
215.580131356,coredns,3824,0.32,0.0,66112,66344
216.586692946,nodestore,2527,0.64,0.0,18692,11238
216.586692946,nodeapiserver,2845,0.95,1.9869623675984103,152036,142598
216.586692946,nodescheduler,4070,0.09,0.9934811837992051,21976,11314
216.586692946,nodecontroller,3913,0.45,0.0,44876,33826
216.586692946,nodelet,3214,0.2,0.0,25724,13927
216.586692946,nodeproxy,4253,0.0,0.0,15952,6755
216.586692946,containerd,2387,1.14,0.9934811837992051,85520,84342
216.586692946,flanneld,3353,0.22,0.0,42284,42468
216.586692946,coredns,3824,0.33,0.9934811837992051,66112,66344
217.59325888000004,nodestore,2527,0.64,0.0,18692,11238
217.59325888000004,nodeapiserver,2845,0.95,0.0,152036,142598
217.59325888000004,nodescheduler,4070,0.09,0.0,21976,11314
217.59325888000004,nodecontroller,3913,0.45,0.0,44876,33830
217.59325888000004,nodelet,3214,0.2,0.0,25724,13927
217.59325888000004,nodeproxy,4253,0.0,0.0,15952,6755
217.59325888000004,containerd,2387,1.14,0.0,85520,84342
217.59325888000004,flanneld,3353,0.22,0.0,42284,42468
217.59325888000004,coredns,3824,0.33,0.0,66112,66344
218.599818752,nodestore,2527,0.65,0.9934828794764743,18692,11238
218.599818752,nodeapiserver,2845,0.95,0.0,152036,142598
218.599818752,nodescheduler,4070,0.09,0.0,21976,11314
218.599818752,nodecontroller,3913,0.46,0.9934828794764743,44876,33834
218.599818752,nodelet,3214,0.2,0.0,25724,13927
218.599818752,nodeproxy,4253,0.0,0.0,15952,6755
218.599818752,containerd,2387,1.14,0.0,85520,84346
218.599818752,flanneld,3353,0.22,0.0,42284,42468
218.599818752,coredns,3824,0.33,0.0,66112,66344
219.60644262000002,nodestore,2527,0.65,0.0,18692,11238
219.60644262000002,nodeapiserver,2845,0.96,0.9934197189133016,152036,142598
219.60644262000002,nodescheduler,4070,0.09,0.0,21976,11314
219.60644262000002,nodecontroller,3913,0.46,0.0,44876,33834
219.60644262000002,nodelet,3214,0.21,0.9934197189133016,25716,13927
219.60644262000002,nodeproxy,4253,0.0,0.0,15952,6755
219.60644262000002,containerd,2387,1.16,1.9868394378266032,85520,84346
219.60644262000002,flanneld,3353,0.23,0.9934197189133016,42284,42468
219.60644262000002,coredns,3824,0.33,0.0,66112,66344
220.613019852,nodestore,2527,0.65,0.0,18692,11238
220.613019852,nodeapiserver,2845,0.96,0.0,152036,142598
220.613019852,nodescheduler,4070,0.09,0.0,21976,11314
220.613019852,nodecontroller,3913,0.46,0.0,44876,33834
220.613019852,nodelet,3214,0.21,0.0,25716,13927
220.613019852,nodeproxy,4253,0.0,0.0,15952,6755
220.613019852,containerd,2387,1.16,0.0,85520,84354
220.613019852,flanneld,3353,0.23,0.0,42284,42468
220.613019852,coredns,3824,0.33,0.0,66112,66344
221.61961471600003,nodestore,2527,0.65,0.0,18692,11238
221.61961471600003,nodeapiserver,2845,0.96,0.0,152036,142610
221.61961471600003,nodescheduler,4070,0.09,0.0,21976,11314
221.61961471600003,nodecontroller,3913,0.46,0.0,44876,33838
221.61961471600003,nodelet,3214,0.22,0.9934483432849888,25716,13927
221.61961471600003,nodeproxy,4253,0.0,0.0,15952,6755
221.61961471600003,containerd,2387,1.16,0.0,85520,84354
221.61961471600003,flanneld,3353,0.23,0.0,42284,42468
221.61961471600003,coredns,3824,0.33,0.0,66112,66344
222.626111371,nodestore,2527,0.66,0.9935452790948637,18692,11238
222.626111371,nodeapiserver,2845,0.98,1.9870905581897274,152036,142614
222.626111371,nodescheduler,4070,0.09,0.0,21976,11314
222.626111371,nodecontroller,3913,0.47,0.9935452790948637,44876,33838
222.626111371,nodelet,3214,0.22,0.0,25716,13927
222.626111371,nodeproxy,4253,0.0,0.0,15952,6755
222.626111371,containerd,2387,1.17,0.9935452790948637,85520,84354
222.626111371,flanneld,3353,0.23,0.0,42284,42468
222.626111371,coredns,3824,0.33,0.0,66112,66344
223.632626364,nodestore,2527,0.66,0.0,18692,11238
223.632626364,nodeapiserver,2845,0.98,0.0,152036,142626
223.632626364,nodescheduler,4070,0.09,0.0,21976,11314
223.632626364,nodecontroller,3913,0.47,0.0,44876,33854
223.632626364,nodelet,3214,0.22,0.0,25716,13927
223.632626364,nodeproxy,4253,0.0,0.0,15952,6755
223.632626364,containerd,2387,1.17,0.0,85520,84354
223.632626364,flanneld,3353,0.23,0.0,42284,42468
223.632626364,coredns,3824,0.33,0.0,66112,66344
224.63920633300003,nodestore,2527,0.67,0.993463043968016,18692,11238
224.63920633300003,nodeapiserver,2845,0.98,0.0,152036,142626
224.63920633300003,nodescheduler,4070,0.09,0.0,21976,11314
224.63920633300003,nodecontroller,3913,0.47,0.0,44876,33854
224.63920633300003,nodelet,3214,0.22,0.0,25716,13927
224.63920633300003,nodeproxy,4253,0.0,0.0,15952,6755
224.63920633300003,containerd,2387,1.18,0.993463043968016,85520,84358
224.63920633300003,flanneld,3353,0.23,0.0,42284,42468
224.63920633300003,coredns,3824,0.34,0.993463043968016,66112,66344
225.645819697,nodestore,2527,0.67,0.0,18692,11238
225.645819697,nodeapiserver,2845,0.98,0.0,152036,142634
225.645819697,nodescheduler,4070,0.09,0.0,21976,11314
225.645819697,nodecontroller,3913,0.47,0.0,44876,33858
225.645819697,nodelet,3214,0.22,0.0,25716,13927
225.645819697,nodeproxy,4253,0.0,0.0,15952,6755
225.645819697,containerd,2387,1.18,0.0,85520,84358
225.645819697,flanneld,3353,0.23,0.0,42284,42468
225.645819697,coredns,3824,0.34,0.0,66112,66344
226.652461989,nodestore,2527,0.67,0.0,18692,11238
226.652461989,nodeapiserver,2845,0.99,0.9934015369185571,152036,142646
226.652461989,nodescheduler,4070,0.09,0.0,21976,11314
226.652461989,nodecontroller,3913,0.48,0.9934015369185571,44876,33866
226.652461989,nodelet,3214,0.22,0.0,25716,13927
226.652461989,nodeproxy,4253,0.0,0.0,15952,6755
226.652461989,containerd,2387,1.18,0.0,85520,84358
226.652461989,flanneld,3353,0.23,0.0,42284,42468
226.652461989,coredns,3824,0.34,0.0,66112,66344
227.65904536000002,nodestore,2527,0.67,0.0,18692,11238
227.65904536000002,nodeapiserver,2845,0.99,0.0,152036,142646
227.65904536000002,nodescheduler,4070,0.09,0.0,21976,11314
227.65904536000002,nodecontroller,3913,0.48,0.0,44876,33866
227.65904536000002,nodelet,3214,0.22,0.0,25716,13927
227.65904536000002,nodeproxy,4253,0.0,0.0,15952,6755
227.65904536000002,containerd,2387,1.18,0.0,85520,84358
227.65904536000002,flanneld,3353,0.23,0.0,42284,42468
227.65904536000002,coredns,3824,0.34,0.0,66112,66344
228.665636524,nodestore,2527,0.67,0.0,18692,11238
228.665636524,nodeapiserver,2845,1.0,0.993451994975007,152036,142654
228.665636524,nodescheduler,4070,0.09,0.0,21976,11314
228.665636524,nodecontroller,3913,0.48,0.0,44876,33874
228.665636524,nodelet,3214,0.22,0.0,25716,13927
228.665636524,nodeproxy,4253,0.0,0.0,15952,6755
228.665636524,containerd,2387,1.18,0.0,85520,84358
228.665636524,flanneld,3353,0.23,0.0,42284,42468
228.665636524,coredns,3824,0.34,0.0,66112,66344
229.672186966,nodestore,2527,0.68,0.9934921870512763,18692,11238
229.672186966,nodeapiserver,2845,1.0,0.0,152036,142682
229.672186966,nodescheduler,4070,0.09,0.0,21976,11314
229.672186966,nodecontroller,3913,0.49,0.9934921870512763,44876,33878
229.672186966,nodelet,3214,0.22,0.0,25708,13927
229.672186966,nodeproxy,4253,0.0,0.0,15952,6755
229.672186966,containerd,2387,1.2,1.9869843741025526,85520,84358
229.672186966,flanneld,3353,0.23,0.0,42284,42476
229.672186966,coredns,3824,0.34,0.0,66112,66344
230.678802682,nodestore,2527,0.68,0.0,18692,11238
230.678802682,nodeapiserver,2845,1.01,0.9934277640465541,152036,142686
230.678802682,nodescheduler,4070,0.09,0.0,21976,11314
230.678802682,nodecontroller,3913,0.49,0.0,44876,33878
230.678802682,nodelet,3214,0.22,0.0,25708,13927
230.678802682,nodeproxy,4253,0.0,0.0,15952,6755
230.678802682,containerd,2387,1.2,0.0,85520,84358
230.678802682,flanneld,3353,0.23,0.0,42284,42476
230.678802682,coredns,3824,0.35,0.9934277640465541,66112,66344
231.685318352,nodestore,2527,0.68,0.0,18692,11238
231.685318352,nodeapiserver,2845,1.01,0.0,152036,142686
231.685318352,nodescheduler,4070,0.09,0.0,21976,11314
231.685318352,nodecontroller,3913,0.49,0.0,44876,33878
231.685318352,nodelet,3214,0.22,0.0,25708,13927
231.685318352,nodeproxy,4253,0.0,0.0,15952,6755
231.685318352,containerd,2387,1.21,0.9935265091302564,85520,84358
231.685318352,flanneld,3353,0.23,0.0,42284,42476
231.685318352,coredns,3824,0.35,0.0,66112,66344
232.69179861800004,nodestore,2527,0.68,0.0,18692,11238
232.69179861800004,nodeapiserver,2845,1.01,0.0,152036,142686
232.69179861800004,nodescheduler,4070,0.09,0.0,21976,11314
232.69179861800004,nodecontroller,3913,0.49,0.0,44876,33878
232.69179861800004,nodelet,3214,0.22,0.0,25708,13927
232.69179861800004,nodeproxy,4253,0.0,0.0,15952,6755
232.69179861800004,containerd,2387,1.22,0.9935614574682189,85520,84358
232.69179861800004,flanneld,3353,0.23,0.0,42284,42476
232.69179861800004,coredns,3824,0.35,0.0,66112,66344
233.698297919,nodestore,2527,0.68,0.0,18692,11238
233.698297919,nodeapiserver,2845,1.01,0.0,152036,142722
233.698297919,nodescheduler,4070,0.09,0.0,21976,11314
233.698297919,nodecontroller,3913,0.49,0.0,44876,33882
233.698297919,nodelet,3214,0.22,0.0,25708,13927
233.698297919,nodeproxy,4253,0.0,0.0,15952,6755
233.698297919,containerd,2387,1.22,0.0,85520,84366
233.698297919,flanneld,3353,0.23,0.0,42284,42476
233.698297919,coredns,3824,0.35,0.0,66112,66344
234.70483308700003,nodestore,2527,0.69,0.9935072631262225,18692,11238
234.70483308700003,nodeapiserver,2845,1.02,0.9935072631262225,152036,142726
234.70483308700003,nodescheduler,4070,0.09,0.0,21976,11314
234.70483308700003,nodecontroller,3913,0.49,0.0,44876,33882
234.70483308700003,nodelet,3214,0.22,0.0,25708,13927
234.70483308700003,nodeproxy,4253,0.0,0.0,15952,6755
234.70483308700003,containerd,2387,1.22,0.0,85520,84366
234.70483308700003,flanneld,3353,0.24,0.9935072631262225,42284,42476
234.70483308700003,coredns,3824,0.35,0.0,66112,66344
235.71132084500002,nodestore,2527,0.69,0.0,18692,11238
235.71132084500002,nodeapiserver,2845,1.02,0.0,152036,142726
235.71132084500002,nodescheduler,4070,0.09,0.0,21976,11314
235.71132084500002,nodecontroller,3913,0.49,0.0,44876,33882
235.71132084500002,nodelet,3214,0.22,0.0,25708,13927
235.71132084500002,nodeproxy,4253,0.0,0.0,15952,6755
235.71132084500002,containerd,2387,1.22,0.0,85520,84366
235.71132084500002,flanneld,3353,0.24,0.0,42284,42476
235.71132084500002,coredns,3824,0.35,0.0,66112,66344
236.717890127,nodestore,2527,0.69,0.0,18692,11238
236.717890127,nodeapiserver,2845,1.03,0.9934735918158222,152036,142726
236.717890127,nodescheduler,4070,0.09,0.0,21976,11314
236.717890127,nodecontroller,3913,0.5,0.9934735918158222,44876,33882
236.717890127,nodelet,3214,0.22,0.0,25708,13927
236.717890127,nodeproxy,4253,0.0,0.0,15952,6755
236.717890127,containerd,2387,1.22,0.0,85520,84366
236.717890127,flanneld,3353,0.24,0.0,42284,42476
236.717890127,coredns,3824,0.35,0.0,66112,66344
237.72449954600003,nodestore,2527,0.69,0.0,18692,11238
237.72449954600003,nodeapiserver,2845,1.03,0.0,152036,142726
237.72449954600003,nodescheduler,4070,0.09,0.0,21976,11314
237.72449954600003,nodecontroller,3913,0.5,0.0,44876,33882
237.72449954600003,nodelet,3214,0.22,0.0,25708,13927
237.72449954600003,nodeproxy,4253,0.0,0.0,15952,6755
237.72449954600003,containerd,2387,1.24,1.9868679571733108,85520,84366
237.72449954600003,flanneld,3353,0.24,0.0,42284,42476
237.72449954600003,coredns,3824,0.36,0.9934339785866554,66112,66344
238.731135308,nodestore,2527,0.69,0.0,18692,11238
238.731135308,nodeapiserver,2845,1.03,0.0,152036,142726
238.731135308,nodescheduler,4070,0.09,0.0,21976,11314
238.731135308,nodecontroller,3913,0.5,0.0,44876,33882
238.731135308,nodelet,3214,0.22,0.0,25708,13927
238.731135308,nodeproxy,4253,0.0,0.0,15952,6755
238.731135308,containerd,2387,1.25,0.9934079810687536,85520,84366
238.731135308,flanneld,3353,0.24,0.0,42284,42476
238.731135308,coredns,3824,0.36,0.0,66112,66344
239.737570217,nodestore,2527,0.7,0.9936062343004376,18692,11238
239.737570217,nodeapiserver,2845,1.04,0.9936062343004376,152036,142762
239.737570217,nodescheduler,4070,0.09,0.0,21976,11314
239.737570217,nodecontroller,3913,0.5,0.0,44876,33882
239.737570217,nodelet,3214,0.22,0.0,25836,13927
239.737570217,nodeproxy,4253,0.0,0.0,15952,6755
239.737570217,containerd,2387,1.25,0.0,85520,84374
239.737570217,flanneld,3353,0.25,0.9936062343004376,42284,42476
239.737570217,coredns,3824,0.36,0.0,66112,66344
240.74398323200003,nodestore,2527,0.7,0.0,18692,11238
240.74398323200003,nodeapiserver,2845,1.04,0.0,152036,142762
240.74398323200003,nodescheduler,4070,0.09,0.0,21976,11310
240.74398323200003,nodecontroller,3913,0.5,0.0,44876,33882
240.74398323200003,nodelet,3214,0.23,0.9936278496954644,25836,13927
240.74398323200003,nodeproxy,4253,0.0,0.0,15952,6755
240.74398323200003,containerd,2387,1.27,1.9872556993909287,85520,84382
240.74398323200003,flanneld,3353,0.25,0.0,42284,42476
240.74398323200003,coredns,3824,0.36,0.0,66112,66344
241.750473928,nodestore,2527,0.7,0.0,18692,11238
241.750473928,nodeapiserver,2845,1.04,0.0,152036,142762
241.750473928,nodescheduler,4070,0.09,0.0,21976,11310
241.750473928,nodecontroller,3913,0.5,0.0,44876,33882
241.750473928,nodelet,3214,0.23,0.0,25836,13927
241.750473928,nodeproxy,4253,0.0,0.0,15952,6755
241.750473928,containerd,2387,1.27,0.0,85520,84382
241.750473928,flanneld,3353,0.25,0.0,42284,42476
241.750473928,coredns,3824,0.36,0.0,66112,66344
242.75696481000003,nodestore,2527,0.71,0.9935509778418076,18692,11238
242.75696481000003,nodeapiserver,2845,1.04,0.0,152036,142766
242.75696481000003,nodescheduler,4070,0.1,0.9935509778418076,21976,11314
242.75696481000003,nodecontroller,3913,0.5,0.0,44876,33882
242.75696481000003,nodelet,3214,0.23,0.0,25836,13927
242.75696481000003,nodeproxy,4253,0.0,0.0,15952,6755
242.75696481000003,containerd,2387,1.27,0.0,85520,84382
242.75696481000003,flanneld,3353,0.25,0.0,42284,42476
242.75696481000003,coredns,3824,0.37,0.9935509778418076,66112,66344
243.763473978,nodestore,2527,0.71,0.0,18692,11238
243.763473978,nodeapiserver,2845,1.04,0.0,152036,142766
243.763473978,nodescheduler,4070,0.1,0.0,21976,11314
243.763473978,nodecontroller,3913,0.5,0.0,44876,33882
243.763473978,nodelet,3214,0.23,0.0,25836,13927
243.763473978,nodeproxy,4253,0.0,0.0,15952,6755
243.763473978,containerd,2387,1.27,0.0,85520,84382
243.763473978,flanneld,3353,0.25,0.0,42284,42476
243.763473978,coredns,3824,0.37,0.0,66112,66344
244.76997661800002,nodestore,2527,0.72,0.9935393711436188,18692,11238
244.76997661800002,nodeapiserver,2845,1.05,0.9935393711436188,152036,142766
244.76997661800002,nodescheduler,4070,0.1,0.0,21976,11310
244.76997661800002,nodecontroller,3913,0.51,0.9935393711436188,44876,33882
244.76997661800002,nodelet,3214,0.23,0.0,25836,13927
244.76997661800002,nodeproxy,4253,0.0,0.0,15952,6755
244.76997661800002,containerd,2387,1.28,0.9935393711436188,85520,84382
244.76997661800002,flanneld,3353,0.25,0.0,42284,42476
244.76997661800002,coredns,3824,0.37,0.0,66112,66344
245.776578495,nodestore,2527,0.72,0.0,18692,11238
245.776578495,nodeapiserver,2845,1.05,0.0,152036,142766
245.776578495,nodescheduler,4070,0.1,0.0,21976,11310
245.776578495,nodecontroller,3913,0.51,0.0,44876,33882
245.776578495,nodelet,3214,0.23,0.0,25836,13927
245.776578495,nodeproxy,4253,0.0,0.0,15952,6755
245.776578495,containerd,2387,1.28,0.0,85520,84382
245.776578495,flanneld,3353,0.25,0.0,42284,42476
245.776578495,coredns,3824,0.37,0.0,66112,66344
246.783075336,nodestore,2527,0.74,1.9870901909765644,18692,11242
246.783075336,nodeapiserver,2845,1.06,0.9935450954882822,152036,142766
246.783075336,nodescheduler,4070,0.1,0.0,21976,11314
246.783075336,nodecontroller,3913,0.51,0.0,44876,33882
246.783075336,nodelet,3214,0.23,0.0,25836,13927
246.783075336,nodeproxy,4253,0.0,0.0,15952,6755
246.783075336,containerd,2387,1.29,0.9935450954882822,85520,84382
246.783075336,flanneld,3353,0.25,0.0,42284,42476
246.783075336,coredns,3824,0.37,0.0,66112,66344
247.789561417,nodestore,2527,0.74,0.0,18692,11242
247.789561417,nodeapiserver,2845,1.06,0.0,152036,142766
247.789561417,nodescheduler,4070,0.1,0.0,21976,11314
247.789561417,nodecontroller,3913,0.52,0.9935557171406214,44876,33882
247.789561417,nodelet,3214,0.23,0.0,25836,13927
247.789561417,nodeproxy,4253,0.0,0.0,15952,6755
247.789561417,containerd,2387,1.29,0.0,85520,84382
247.789561417,flanneld,3353,0.25,0.0,42284,42476
247.789561417,coredns,3824,0.37,0.0,66112,66344
248.79619996200003,nodestore,2527,0.74,0.0,18692,11242
248.79619996200003,nodeapiserver,2845,1.07,0.9934052346465199,152036,142766
248.79619996200003,nodescheduler,4070,0.1,0.0,21976,11314
248.79619996200003,nodecontroller,3913,0.52,0.0,44876,33886
248.79619996200003,nodelet,3214,0.23,0.0,25836,13927
248.79619996200003,nodeproxy,4253,0.0,0.0,15952,6755
248.79619996200003,containerd,2387,1.29,0.0,85520,84382
248.79619996200003,flanneld,3353,0.25,0.0,42284,42476
248.79619996200003,coredns,3824,0.37,0.0,66112,66344
249.80259582700003,nodestore,2527,0.74,0.0,18692,11242
249.80259582700003,nodeapiserver,2845,1.07,0.0,152036,142690
249.80259582700003,nodescheduler,4070,0.1,0.0,21976,11314
249.80259582700003,nodecontroller,3913,0.52,0.0,44876,33886
249.80259582700003,nodelet,3214,0.24,0.9936447821156322,25832,13931
249.80259582700003,nodeproxy,4253,0.0,0.0,15952,6755
249.80259582700003,containerd,2387,1.31,1.9872895642312645,85520,84382
249.80259582700003,flanneld,3353,0.26,0.9936447821156322,42284,42476
249.80259582700003,coredns,3824,0.38,0.9936447821156322,66112,66344
250.80913389600002,nodestore,2527,0.75,0.9935043996830814,18692,11242
250.80913389600002,nodeapiserver,2845,1.08,0.9935043996830814,152036,142690
250.80913389600002,nodescheduler,4070,0.1,0.0,21976,11314
250.80913389600002,nodecontroller,3913,0.52,0.0,44876,33886
250.80913389600002,nodelet,3214,0.24,0.0,25832,13931
250.80913389600002,nodeproxy,4253,0.0,0.0,15952,6755
250.80913389600002,containerd,2387,1.31,0.0,85520,84382
250.80913389600002,flanneld,3353,0.26,0.0,42284,42476
250.80913389600002,coredns,3824,0.38,0.0,66112,66344
251.815589991,nodestore,2527,0.75,0.0,18692,11242
251.815589991,nodeapiserver,2845,1.1,1.987170637582604,152036,142546
251.815589991,nodescheduler,4070,0.1,0.0,21976,11314
251.815589991,nodecontroller,3913,0.53,0.993585318791302,44732,33834
251.815589991,nodelet,3214,0.24,0.0,25832,13931
251.815589991,nodeproxy,4253,0.0,0.0,15952,6755
251.815589991,containerd,2387,1.32,0.993585318791302,85520,84382
251.815589991,flanneld,3353,0.26,0.0,42284,42476
251.815589991,coredns,3824,0.39,0.993585318791302,66112,66344
252.822084285,nodestore,2527,0.75,0.0,18692,11242
252.822084285,nodeapiserver,2845,1.11,0.993547609719492,152036,142546
252.822084285,nodescheduler,4070,0.1,0.0,21976,11314
252.822084285,nodecontroller,3913,0.53,0.0,44732,33834
252.822084285,nodelet,3214,0.24,0.0,25832,13931
252.822084285,nodeproxy,4253,0.0,0.0,15952,6755
252.822084285,containerd,2387,1.32,0.0,85520,84382
252.822084285,flanneld,3353,0.26,0.0,42284,42476
252.822084285,coredns,3824,0.39,0.0,66112,66344
253.828520431,nodestore,2527,0.75,0.0,18692,11242
253.828520431,nodeapiserver,2845,1.11,0.0,152036,142546
253.828520431,nodescheduler,4070,0.1,0.0,21976,11314
253.828520431,nodecontroller,3913,0.53,0.0,44732,33834
253.828520431,nodelet,3214,0.24,0.0,25832,13931
253.828520431,nodeproxy,4253,0.0,0.0,15952,6755
253.828520431,containerd,2387,1.33,0.9936050130695538,85520,84382
253.828520431,flanneld,3353,0.26,0.0,42284,42476
253.828520431,coredns,3824,0.39,0.0,66112,66344
254.83493105800002,nodestore,2527,0.76,0.9936302073646165,18692,11242
254.83493105800002,nodeapiserver,2845,1.12,0.9936302073646165,152036,142546
254.83493105800002,nodescheduler,4070,0.1,0.0,21976,11314
254.83493105800002,nodecontroller,3913,0.53,0.0,44732,33834
254.83493105800002,nodelet,3214,0.24,0.0,25832,13931
254.83493105800002,nodeproxy,4253,0.0,0.0,15952,6755
254.83493105800002,containerd,2387,1.33,0.0,85520,84382
254.83493105800002,flanneld,3353,0.26,0.0,42284,42476
254.83493105800002,coredns,3824,0.39,0.0,66112,66344
255.841390351,nodestore,2527,0.76,0.0,18692,11242
255.841390351,nodeapiserver,2845,1.12,0.0,152036,142546
255.841390351,nodescheduler,4070,0.1,0.0,21976,11314
255.841390351,nodecontroller,3913,0.53,0.0,44732,33834
255.841390351,nodelet,3214,0.24,0.0,25832,13931
255.841390351,nodeproxy,4253,0.0,0.0,15952,6755
255.841390351,containerd,2387,1.33,0.0,85520,84382
255.841390351,flanneld,3353,0.26,0.0,42284,42476
255.841390351,coredns,3824,0.39,0.0,66112,66344
256.847959004,nodestore,2527,0.77,0.993474212632779,18692,11242
256.847959004,nodeapiserver,2845,1.12,0.0,152036,142546
256.847959004,nodescheduler,4070,0.1,0.0,21976,11314
256.847959004,nodecontroller,3913,0.53,0.0,44732,33834
256.847959004,nodelet,3214,0.24,0.0,25832,13931
256.847959004,nodeproxy,4253,0.0,0.0,15952,6755
256.847959004,containerd,2387,1.33,0.0,85520,84382
256.847959004,flanneld,3353,0.26,0.0,42284,42476
256.847959004,coredns,3824,0.39,0.0,66112,66344
257.854515902,nodestore,2527,0.77,0.0,18692,11242
257.854515902,nodeapiserver,2845,1.12,0.0,152036,142546
257.854515902,nodescheduler,4070,0.1,0.0,21976,11314
257.854515902,nodecontroller,3913,0.54,0.9934858148475558,44732,33834
257.854515902,nodelet,3214,0.24,0.0,25832,13931
257.854515902,nodeproxy,4253,0.0,0.0,15952,6755
257.854515902,containerd,2387,1.34,0.9934858148475558,85520,84383
257.854515902,flanneld,3353,0.26,0.0,42284,42476
257.854515902,coredns,3824,0.39,0.0,66112,66344
258.860975477,nodestore,2527,0.77,0.0,18692,11242
258.860975477,nodeapiserver,2845,1.12,0.0,152036,142546
258.860975477,nodescheduler,4070,0.11,0.9935818833061347,21976,11314
258.860975477,nodecontroller,3913,0.54,0.0,44732,33834
258.860975477,nodelet,3214,0.25,0.9935818833061347,25832,13931
258.860975477,nodeproxy,4253,0.0,0.0,15952,6755
258.860975477,containerd,2387,1.34,0.0,85520,84383
258.860975477,flanneld,3353,0.26,0.0,42284,42476
258.860975477,coredns,3824,0.39,0.0,66112,66344
259.867662741,nodestore,2527,0.77,0.0,18692,11242
259.867662741,nodeapiserver,2845,1.14,1.9867143168705212,151736,142182
259.867662741,nodescheduler,4070,0.11,0.0,21976,11318
259.867662741,nodecontroller,3913,0.55,0.9933571584352606,44732,33838
259.867662741,nodelet,3214,0.25,0.0,25832,13847
259.867662741,nodeproxy,4253,0.0,0.0,15952,6755
259.867662741,containerd,2387,1.36,1.9867143168705212,85520,84387
259.867662741,flanneld,3353,0.26,0.0,42284,42476
259.867662741,coredns,3824,0.4,0.9933571584352606,66112,66344
260.874211672,nodestore,2527,0.78,0.9934936784508914,18692,11242
260.874211672,nodeapiserver,2845,1.14,0.0,151736,142182
260.874211672,nodescheduler,4070,0.11,0.0,21976,11318
260.874211672,nodecontroller,3913,0.55,0.0,44732,33846
260.874211672,nodelet,3214,0.26,0.9934936784508914,25832,13847
260.874211672,nodeproxy,4253,0.0,0.0,15952,6755
260.874211672,containerd,2387,1.37,0.9934936784508914,85520,84395
260.874211672,flanneld,3353,0.26,0.0,42284,42476
260.874211672,coredns,3824,0.4,0.0,66112,66344
261.88068948600005,nodestore,2527,0.78,0.0,18692,11242
261.88068948600005,nodeapiserver,2845,1.14,0.0,151736,142182
261.88068948600005,nodescheduler,4070,0.11,0.0,21976,11318
261.88068948600005,nodecontroller,3913,0.55,0.0,44732,33846
261.88068948600005,nodelet,3214,0.26,0.0,25832,13847
261.88068948600005,nodeproxy,4253,0.0,0.0,15952,6755
261.88068948600005,containerd,2387,1.38,0.9935638780011965,85520,84395
261.88068948600005,flanneld,3353,0.26,0.0,42284,42476
261.88068948600005,coredns,3824,0.4,0.0,66112,66344
262.88722159200006,nodestore,2527,0.79,0.9935102855029955,18692,11242
262.88722159200006,nodeapiserver,2845,1.16,1.987020571005991,151736,142186
262.88722159200006,nodescheduler,4070,0.11,0.0,21976,11318
262.88722159200006,nodecontroller,3913,0.55,0.0,44732,33850
262.88722159200006,nodelet,3214,0.26,0.0,25832,13847
262.88722159200006,nodeproxy,4253,0.0,0.0,15952,6755
262.88722159200006,containerd,2387,1.38,0.0,85520,84395
262.88722159200006,flanneld,3353,0.26,0.0,42284,42540
262.88722159200006,coredns,3824,0.4,0.0,66112,66344
263.893692514,nodestore,2527,0.79,0.0,18692,11242
263.893692514,nodeapiserver,2845,1.16,0.0,151736,142186
263.893692514,nodescheduler,4070,0.11,0.0,21976,11318
263.893692514,nodecontroller,3913,0.56,0.9935706816177593,44732,33854
263.893692514,nodelet,3214,0.26,0.0,25832,13847
263.893692514,nodeproxy,4253,0.0,0.0,15952,6755
263.893692514,containerd,2387,1.39,0.9935706816177593,85520,84395
263.893692514,flanneld,3353,0.27,0.9935706816177593,42284,42540
263.893692514,coredns,3824,0.4,0.0,66112,66344
264.90026103700006,nodestore,2527,0.79,0.0,18692,11242
264.90026103700006,nodeapiserver,2845,1.16,0.0,151736,142190
264.90026103700006,nodescheduler,4070,0.11,0.0,21976,11318
264.90026103700006,nodecontroller,3913,0.56,0.0,44732,33854
264.90026103700006,nodelet,3214,0.26,0.0,25832,13847
264.90026103700006,nodeproxy,4253,0.0,0.0,15952,6755
264.90026103700006,containerd,2387,1.39,0.0,85520,84395
264.90026103700006,flanneld,3353,0.27,0.0,42284,42540
264.90026103700006,coredns,3824,0.4,0.0,66112,66344
265.906696292,nodestore,2527,0.79,0.0,18692,11242
265.906696292,nodeapiserver,2845,1.16,0.0,151736,142190
265.906696292,nodescheduler,4070,0.11,0.0,21976,11318
265.906696292,nodecontroller,3913,0.56,0.0,44732,33854
265.906696292,nodelet,3214,0.26,0.0,25832,13847
265.906696292,nodeproxy,4253,0.0,0.0,15952,6755
265.906696292,containerd,2387,1.4,0.9936058927109171,85520,84395
265.906696292,flanneld,3353,0.27,0.0,42284,42540
265.906696292,coredns,3824,0.4,0.0,66112,66344
266.913926716,nodestore,2527,0.8,0.9928214797451359,18692,11242
266.913926716,nodeapiserver,2845,1.17,0.9928214797451359,151736,142190
266.913926716,nodescheduler,4070,0.11,0.0,21976,11318
266.913926716,nodecontroller,3913,0.56,0.0,44732,33854
266.913926716,nodelet,3214,0.26,0.0,25832,13847
266.913926716,nodeproxy,4253,0.0,0.0,15952,6755
266.913926716,containerd,2387,1.4,0.0,85520,84395
266.913926716,flanneld,3353,0.27,0.0,42284,42540
266.913926716,coredns,3824,0.4,0.0,66112,66344
267.92041209700005,nodestore,2527,0.8,0.0,18692,11242
267.92041209700005,nodeapiserver,2845,1.17,0.0,151736,142190
267.92041209700005,nodescheduler,4070,0.11,0.0,21976,11318
267.92041209700005,nodecontroller,3913,0.56,0.0,44732,33854
267.92041209700005,nodelet,3214,0.26,0.0,25832,13847
267.92041209700005,nodeproxy,4253,0.0,0.0,15952,6755
267.92041209700005,containerd,2387,1.4,0.0,85520,84395
267.92041209700005,flanneld,3353,0.27,0.0,42284,42540
267.92041209700005,coredns,3824,0.4,0.0,66112,66352
268.92680377700003,nodestore,2527,0.8,0.0,18692,11242
268.92680377700003,nodeapiserver,2845,1.17,0.0,151736,142194
268.92680377700003,nodescheduler,4070,0.11,0.0,21976,11318
268.92680377700003,nodecontroller,3913,0.56,0.0,44732,33854
268.92680377700003,nodelet,3214,0.26,0.0,25832,13847
268.92680377700003,nodeproxy,4253,0.0,0.0,15952,6755
268.92680377700003,containerd,2387,1.4,0.0,85520,84395
268.92680377700003,flanneld,3353,0.27,0.0,42284,42540
268.92680377700003,coredns,3824,0.4,0.0,66112,66352
269.93330067500005,nodestore,2527,0.8,0.0,18692,11242
269.93330067500005,nodeapiserver,2845,1.18,0.9935450392217474,151736,142210
269.93330067500005,nodescheduler,4070,0.11,0.0,21976,11318
269.93330067500005,nodecontroller,3913,0.57,0.9935450392217474,44732,33870
269.93330067500005,nodelet,3214,0.26,0.0,25820,13875
269.93330067500005,nodeproxy,4253,0.0,0.0,15952,6755
269.93330067500005,containerd,2387,1.42,1.9870900784434948,85520,84399
269.93330067500005,flanneld,3353,0.27,0.0,42284,42540
269.93330067500005,coredns,3824,0.41,0.9935450392217474,66112,66352
270.939807179,nodestore,2527,0.81,0.9935355569247684,18692,11242
270.939807179,nodeapiserver,2845,1.18,0.0,151736,142210
270.939807179,nodescheduler,4070,0.11,0.0,21976,11318
270.939807179,nodecontroller,3913,0.57,0.0,44732,33870
270.939807179,nodelet,3214,0.26,0.0,25820,13875
270.939807179,nodeproxy,4253,0.0,0.0,15952,6755
270.939807179,containerd,2387,1.42,0.0,85520,84403
270.939807179,flanneld,3353,0.27,0.0,42284,42540
270.939807179,coredns,3824,0.42,0.9935355569247684,66112,66352
271.94633963800004,nodestore,2527,0.81,0.0,18692,11242
271.94633963800004,nodeapiserver,2845,1.19,0.9935099370699707,151420,141802
271.94633963800004,nodescheduler,4070,0.11,0.0,21976,11318
271.94633963800004,nodecontroller,3913,0.57,0.0,44732,33718
271.94633963800004,nodelet,3214,0.26,0.0,25820,13875
271.94633963800004,nodeproxy,4253,0.0,0.0,15952,6755
271.94633963800004,containerd,2387,1.43,0.9935099370699707,85520,84403
271.94633963800004,flanneld,3353,0.27,0.0,42284,42540
271.94633963800004,coredns,3824,0.42,0.0,66112,66352
272.95371245,nodestore,2527,1.02,20.846304118836404,18948,11390
272.95371245,nodeapiserver,2845,1.72,52.61210087134902,152112,142630
272.95371245,nodescheduler,4070,0.14,2.9780434455480576,22104,11426
272.95371245,nodecontroller,3913,0.71,13.897536079224272,45452,34474
272.95371245,nodelet,3214,0.29,2.9780434455480576,25676,13883
272.95371245,nodeproxy,4253,0.0,0.0,15952,6727
272.95371245,containerd,2387,1.65,21.838985267352424,85820,84699
272.95371245,flanneld,3353,0.27,0.0,42284,42540
272.95371245,coredns,3824,0.42,0.0,66112,66352
273.96064964100003,nodestore,2527,1.02,0.0,18948,11390
273.96064964100003,nodeapiserver,2845,1.73,0.9931106020693565,151556,142102
273.96064964100003,nodescheduler,4070,0.14,0.0,22104,11290
273.96064964100003,nodecontroller,3913,0.72,0.9931106020693565,45452,34463
273.96064964100003,nodelet,3214,0.29,0.0,25676,13872
273.96064964100003,nodeproxy,4253,0.0,0.0,16080,6753
273.96064964100003,containerd,2387,1.67,1.986221204138713,85820,84703
273.96064964100003,flanneld,3353,0.28,0.9931106020693565,42284,42540
273.96064964100003,coredns,3824,0.42,0.0,66112,66352
274.967200228,nodestore,2527,1.03,0.9934920439324204,18948,11390
274.967200228,nodeapiserver,2845,1.76,2.980476131797261,151940,142638
274.967200228,nodescheduler,4070,0.15,0.9934920439324204,21976,11294
274.967200228,nodecontroller,3913,0.72,0.0,45452,34463
274.967200228,nodelet,3214,0.29,0.0,25676,13872
274.967200228,nodeproxy,4253,0.0,0.0,16080,6753
274.967200228,containerd,2387,1.67,0.0,85820,84703
274.967200228,flanneld,3353,0.29,0.9934920439324204,42284,42540
274.967200228,coredns,3824,0.42,0.0,66112,66352
275.97374567500003,nodestore,2527,1.03,0.0,18948,11390
275.97374567500003,nodeapiserver,2845,1.76,0.0,151940,142718
275.97374567500003,nodescheduler,4070,0.15,0.0,21976,11294
275.97374567500003,nodecontroller,3913,0.72,0.0,45452,34475
275.97374567500003,nodelet,3214,0.29,0.0,25676,13872
275.97374567500003,nodeproxy,4253,0.0,0.0,16080,6753
275.97374567500003,containerd,2387,1.67,0.0,85820,84703
275.97374567500003,flanneld,3353,0.29,0.0,42284,42540
275.97374567500003,coredns,3824,0.42,0.0,66112,66352
276.98027428,nodestore,2527,1.03,0.0,18948,11390
276.98027428,nodeapiserver,2845,1.76,0.0,151940,142782
276.98027428,nodescheduler,4070,0.15,0.0,21976,11294
276.98027428,nodecontroller,3913,0.72,0.0,45452,34479
276.98027428,nodelet,3214,0.29,0.0,25676,13872
276.98027428,nodeproxy,4253,0.0,0.0,16080,6753
276.98027428,containerd,2387,1.67,0.0,85820,84707
276.98027428,flanneld,3353,0.29,0.0,42284,42540
276.98027428,coredns,3824,0.42,0.0,66112,66352
277.98683868600006,nodestore,2527,1.03,0.0,18948,11390
277.98683868600006,nodeapiserver,2845,1.77,0.9934784044012823,151940,142790
277.98683868600006,nodescheduler,4070,0.15,0.0,21976,11294
277.98683868600006,nodecontroller,3913,0.73,0.9934784044012823,45452,34483
277.98683868600006,nodelet,3214,0.29,0.0,25676,13872
277.98683868600006,nodeproxy,4253,0.0,0.0,16080,6753
277.98683868600006,containerd,2387,1.68,0.9934784044012823,85820,84707
277.98683868600006,flanneld,3353,0.29,0.0,42284,42540
277.98683868600006,coredns,3824,0.42,0.0,66112,66352
278.99341546000005,nodestore,2527,1.03,0.0,18948,11390
278.99341546000005,nodeapiserver,2845,1.77,0.0,152068,142862
278.99341546000005,nodescheduler,4070,0.16,0.9934661973434372,21976,11294
278.99341546000005,nodecontroller,3913,0.73,0.0,45452,34491
278.99341546000005,nodelet,3214,0.29,0.0,25676,13872
278.99341546000005,nodeproxy,4253,0.0,0.0,16080,6753
278.99341546000005,containerd,2387,1.69,0.9934661973434372,85820,84707
278.99341546000005,flanneld,3353,0.29,0.0,42284,42540
278.99341546000005,coredns,3824,0.42,0.0,66112,66352
279.99984138,nodestore,2527,1.04,0.9936151088000895,18948,11390
279.99984138,nodeapiserver,2845,1.78,0.9936151088000895,152196,142930
279.99984138,nodescheduler,4070,0.16,0.0,21976,11294
279.99984138,nodecontroller,3913,0.73,0.0,45452,34491
279.99984138,nodelet,3214,0.3,0.9936151088000895,25676,13920
279.99984138,nodeproxy,4253,0.0,0.0,16080,6753
279.99984138,containerd,2387,1.7,0.9936151088000895,85820,84795
279.99984138,flanneld,3353,0.29,0.0,42284,42544
279.99984138,coredns,3824,0.43,0.9936151088000895,66112,66352
281.00635557,nodestore,2527,1.04,0.0,18948,11390
281.00635557,nodeapiserver,2845,1.79,0.9935279700328732,152196,142950
281.00635557,nodescheduler,4070,0.16,0.0,21976,11294
281.00635557,nodecontroller,3913,0.73,0.0,45580,34559
281.00635557,nodelet,3214,0.3,0.0,25676,13920
281.00635557,nodeproxy,4253,0.0,0.0,16080,6781
281.00635557,containerd,2387,1.7,0.0,85820,84795
281.00635557,flanneld,3353,0.29,0.0,42284,42544
281.00635557,coredns,3824,0.43,0.0,66112,66352
282.012981203,nodestore,2527,1.04,0.0,18948,11390
282.012981203,nodeapiserver,2845,1.79,0.0,152196,142978
282.012981203,nodescheduler,4070,0.16,0.0,21976,11294
282.012981203,nodecontroller,3913,0.73,0.0,45580,34587
282.012981203,nodelet,3214,0.3,0.0,25676,13920
282.012981203,nodeproxy,4253,0.0,0.0,16080,6781
282.012981203,containerd,2387,1.7,0.0,85820,84799
282.012981203,flanneld,3353,0.29,0.0,42284,42544
282.012981203,coredns,3824,0.43,0.0,66112,66352
283.02199209599996,nodestore,2527,1.04,0.0,18948,11390
283.02199209599996,nodeapiserver,2845,1.8,0.9910695780764166,152196,142982
283.02199209599996,nodescheduler,4070,0.16,0.0,21976,11294
283.02199209599996,nodecontroller,3913,0.73,0.0,45580,34587
283.02199209599996,nodelet,3214,0.3,0.0,25676,13920
283.02199209599996,nodeproxy,4253,0.0,0.0,16080,6781
283.02199209599996,containerd,2387,1.71,0.9910695780764166,85820,84799
283.02199209599996,flanneld,3353,0.29,0.0,42284,42544
283.02199209599996,coredns,3824,0.43,0.0,66112,66352
284.028559966,nodestore,2527,1.05,0.9934749854473042,18948,11390
284.028559966,nodeapiserver,2845,1.8,0.0,152196,142982
284.028559966,nodescheduler,4070,0.16,0.0,21976,11294
284.028559966,nodecontroller,3913,0.74,0.9934749854473042,45580,34587
284.028559966,nodelet,3214,0.3,0.0,25676,13920
284.028559966,nodeproxy,4253,0.0,0.0,16080,6781
284.028559966,containerd,2387,1.72,0.9934749854473042,85820,84799
284.028559966,flanneld,3353,0.29,0.0,42284,42544
284.028559966,coredns,3824,0.43,0.0,66112,66352
285.035079442,nodestore,2527,1.05,0.0,18948,11390
285.035079442,nodeapiserver,2845,1.81,0.9935227522611851,152196,142982
285.035079442,nodescheduler,4070,0.17,0.9935227522611851,21976,11294
285.035079442,nodecontroller,3913,0.74,0.0,45580,34587
285.035079442,nodelet,3214,0.3,0.0,25676,13920
285.035079442,nodeproxy,4253,0.0,0.0,16080,6781
285.035079442,containerd,2387,1.72,0.0,85820,84799
285.035079442,flanneld,3353,0.29,0.0,42284,42544
285.035079442,coredns,3824,0.43,0.0,66112,66352
286.041527081,nodestore,2527,1.05,0.0,18948,11390
286.041527081,nodeapiserver,2845,1.81,0.0,152196,142982
286.041527081,nodescheduler,4070,0.17,0.0,21976,11294
286.041527081,nodecontroller,3913,0.74,0.0,45580,34587
286.041527081,nodelet,3214,0.3,0.0,25676,13920
286.041527081,nodeproxy,4253,0.0,0.0,16080,6781
286.041527081,containerd,2387,1.72,0.0,85820,84807
286.041527081,flanneld,3353,0.29,0.0,42284,42544
286.041527081,coredns,3824,0.43,0.0,66112,66352
287.048080207,nodestore,2527,1.05,0.0,18948,11390
287.048080207,nodeapiserver,2845,1.81,0.0,152196,142982
287.048080207,nodescheduler,4070,0.17,0.0,21976,11294
287.048080207,nodecontroller,3913,0.74,0.0,45580,34587
287.048080207,nodelet,3214,0.3,0.0,25676,13920
287.048080207,nodeproxy,4253,0.0,0.0,16080,6781
287.048080207,containerd,2387,1.72,0.0,85820,84807
287.048080207,flanneld,3353,0.29,0.0,42284,42544
287.048080207,coredns,3824,0.44,0.9934895378785716,66112,66352
288.054679837,nodestore,2527,1.06,0.9934436395531135,18948,11390
288.054679837,nodeapiserver,2845,1.82,0.9934436395531135,152196,142982
288.054679837,nodescheduler,4070,0.17,0.0,21976,11294
288.054679837,nodecontroller,3913,0.75,0.9934436395531135,45580,34587
288.054679837,nodelet,3214,0.3,0.0,25676,13920
288.054679837,nodeproxy,4253,0.0,0.0,16080,6781
288.054679837,containerd,2387,1.73,0.9934436395531135,85820,84807
288.054679837,flanneld,3353,0.29,0.0,42284,42544
288.054679837,coredns,3824,0.44,0.0,66112,66352
289.061222648,nodestore,2527,1.06,0.0,18948,11390
289.061222648,nodeapiserver,2845,1.82,0.0,152196,142982
289.061222648,nodescheduler,4070,0.17,0.0,21976,11294
289.061222648,nodecontroller,3913,0.75,0.0,45580,34587
289.061222648,nodelet,3214,0.3,0.0,25676,13876
289.061222648,nodeproxy,4253,0.0,0.0,16080,6781
289.061222648,containerd,2387,1.73,0.0,85820,84807
289.061222648,flanneld,3353,0.29,0.0,42284,42544
289.061222648,coredns,3824,0.44,0.0,66112,66352
290.06775987800006,nodestore,2527,1.07,0.993505227819549,18948,11390
290.06775987800006,nodeapiserver,2845,1.83,0.993505227819549,152324,143014
290.06775987800006,nodescheduler,4070,0.17,0.0,21976,11294
290.06775987800006,nodecontroller,3913,0.75,0.0,45580,34587
290.06775987800006,nodelet,3214,0.32,1.987010455639098,25804,13876
290.06775987800006,nodeproxy,4253,0.0,0.0,16080,6781
290.06775987800006,containerd,2387,1.75,1.987010455639098,85820,84811
290.06775987800006,flanneld,3353,0.3,0.993505227819549,42284,42544
290.06775987800006,coredns,3824,0.44,0.0,66112,66352
291.074364187,nodestore,2527,1.07,0.0,18948,11390
291.074364187,nodeapiserver,2845,1.83,0.0,152324,143014
291.074364187,nodescheduler,4070,0.17,0.0,21976,11294
291.074364187,nodecontroller,3913,0.75,0.0,45580,34587
291.074364187,nodelet,3214,0.32,0.0,25804,13876
291.074364187,nodeproxy,4253,0.0,0.0,16080,6781
291.074364187,containerd,2387,1.75,0.0,85820,84811
291.074364187,flanneld,3353,0.3,0.0,42284,42544
291.074364187,coredns,3824,0.45,0.993439021727897,66112,66352
292.08089226000004,nodestore,2527,1.07,0.0,18948,11390
292.08089226000004,nodeapiserver,2845,1.83,0.0,152324,143018
292.08089226000004,nodescheduler,4070,0.17,0.0,21976,11294
292.08089226000004,nodecontroller,3913,0.75,0.0,45580,34587
292.08089226000004,nodelet,3214,0.32,0.0,25804,13876
292.08089226000004,nodeproxy,4253,0.0,0.0,16080,6781
292.08089226000004,containerd,2387,1.76,0.9935142663427465,85820,84811
292.08089226000004,flanneld,3353,0.3,0.0,42284,42544
292.08089226000004,coredns,3824,0.45,0.0,66112,66352
293.08745537900006,nodestore,2527,1.07,0.0,18948,11390
293.08745537900006,nodeapiserver,2845,1.83,0.0,152324,143018
293.08745537900006,nodescheduler,4070,0.17,0.0,21976,11294
293.08745537900006,nodecontroller,3913,0.75,0.0,45580,34587
293.08745537900006,nodelet,3214,0.32,0.0,25804,13876
293.08745537900006,nodeproxy,4253,0.0,0.0,16080,6781
293.08745537900006,containerd,2387,1.76,0.0,85820,84811
293.08745537900006,flanneld,3353,0.3,0.0,42284,42544
293.08745537900006,coredns,3824,0.45,0.0,66112,66352
294.094024406,nodestore,2527,1.07,0.0,18948,11390
294.094024406,nodeapiserver,2845,1.83,0.0,152324,143018
294.094024406,nodescheduler,4070,0.17,0.0,21976,11294
294.094024406,nodecontroller,3913,0.75,0.0,45580,34587
294.094024406,nodelet,3214,0.32,0.0,25804,13876
294.094024406,nodeproxy,4253,0.0,0.0,16080,6781
294.094024406,containerd,2387,1.76,0.0,85820,84811
294.094024406,flanneld,3353,0.3,0.0,42284,42544
294.094024406,coredns,3824,0.45,0.0,66112,66352
295.10057065800004,nodestore,2527,1.07,0.0,18948,11390
295.10057065800004,nodeapiserver,2845,1.83,0.0,152324,143018
295.10057065800004,nodescheduler,4070,0.17,0.0,21976,11294
295.10057065800004,nodecontroller,3913,0.75,0.0,45580,34587
295.10057065800004,nodelet,3214,0.32,0.0,25804,13876
295.10057065800004,nodeproxy,4253,0.0,0.0,16080,6781
295.10057065800004,containerd,2387,1.76,0.0,85820,84811
295.10057065800004,flanneld,3353,0.3,0.0,42284,42544
295.10057065800004,coredns,3824,0.45,0.0,66112,66352
296.107059283,nodestore,2527,1.07,0.0,18948,11390
296.107059283,nodeapiserver,2845,1.84,0.9935532058297916,152324,143018
296.107059283,nodescheduler,4070,0.17,0.0,21976,11294
296.107059283,nodecontroller,3913,0.75,0.0,45580,34587
296.107059283,nodelet,3214,0.32,0.0,25804,13876
296.107059283,nodeproxy,4253,0.0,0.0,16080,6781
296.107059283,containerd,2387,1.77,0.9935532058297916,85948,84859
296.107059283,flanneld,3353,0.3,0.0,42284,42544
296.107059283,coredns,3824,0.45,0.0,66112,66352
297.113657073,nodestore,2527,1.09,1.986890911016317,18948,11390
297.113657073,nodeapiserver,2845,1.86,1.986890911016317,152324,143026
297.113657073,nodescheduler,4070,0.17,0.0,21976,11294
297.113657073,nodecontroller,3913,0.77,1.986890911016317,45452,34475
297.113657073,nodelet,3214,0.32,0.0,25804,13876
297.113657073,nodeproxy,4253,0.0,0.0,16080,6781
297.113657073,containerd,2387,1.77,0.0,85948,84903
297.113657073,flanneld,3353,0.3,0.0,42284,42544
297.113657073,coredns,3824,0.46,0.9934454555081585,66112,66352
298.12022468600003,nodestore,2527,1.09,0.0,18948,11390
298.12022468600003,nodeapiserver,2845,1.86,0.0,152324,143026
298.12022468600003,nodescheduler,4070,0.17,0.0,21976,11294
298.12022468600003,nodecontroller,3913,0.77,0.0,45452,34475
298.12022468600003,nodelet,3214,0.32,0.0,25804,13876
298.12022468600003,nodeproxy,4253,0.0,0.0,16080,6781
298.12022468600003,containerd,2387,1.78,0.9934752391044639,85948,84919
298.12022468600003,flanneld,3353,0.3,0.0,42284,42544
298.12022468600003,coredns,3824,0.46,0.0,66112,66352
299.12673939600006,nodestore,2527,1.1,0.9935274567422537,18948,11390
299.12673939600006,nodeapiserver,2845,1.87,0.9935274567422537,152324,143026
299.12673939600006,nodescheduler,4070,0.17,0.0,21976,11294
299.12673939600006,nodecontroller,3913,0.77,0.0,45452,34475
299.12673939600006,nodelet,3214,0.32,0.0,25804,13876
299.12673939600006,nodeproxy,4253,0.0,0.0,16080,6781
299.12673939600006,containerd,2387,1.78,0.0,86076,84967
299.12673939600006,flanneld,3353,0.3,0.0,42284,42544
299.12673939600006,coredns,3824,0.46,0.0,66112,66352
300.133318294,nodestore,2527,1.1,0.0,18948,11390
300.133318294,nodeapiserver,2845,1.88,0.9934641010127885,152324,143038
300.133318294,nodescheduler,4070,0.17,0.0,21976,11294
300.133318294,nodecontroller,3913,0.77,0.0,45452,34475
300.133318294,nodelet,3214,0.32,0.0,25932,13876
300.133318294,nodeproxy,4253,0.0,0.0,16080,6781
300.133318294,containerd,2387,1.81,2.9803923030383657,86204,85139
300.133318294,flanneld,3353,0.3,0.0,42284,42544
300.133318294,coredns,3824,0.46,0.0,66112,66352
