elapsed_seconds,component,pid,cpu_seconds,cpu_pct_one_core,rss_kib,pss_kib
1.0039220410000098,nodestore,3095,0.04,3.984373125243458,19164,11114
1.0039220410000098,nodeapiserver,3446,0.13,12.949212657041238,153536,143275
1.0039220410000098,nodescheduler,4654,0.0,0.0,22884,10930
1.0039220410000098,nodecontroller,4496,0.03,2.9882798439325935,49048,36522
1.0039220410000098,nodelet,3810,0.02,1.992186562621729,25148,12747
1.0039220410000098,nodeproxy,4840,0.0,0.0,16168,6583
2.030486311000004,nodestore,3095,0.07,2.9223693904717885,19164,11178
2.030486311000004,nodeapiserver,3446,0.19,5.844738780943577,153536,143279
2.030486311000004,nodescheduler,4654,0.0,0.0,22884,10902
2.030486311000004,nodecontroller,4496,0.03,0.0,49048,36498
2.030486311000004,nodelet,3810,0.02,0.0,25148,12731
2.030486311000004,nodeproxy,4840,0.0,0.0,16168,6583
3.053625957999998,nodestore,3095,0.14,6.841685805574148,19164,11230
3.053625957999998,nodeapiserver,3446,0.39,19.547673730211848,153656,143339
3.053625957999998,nodescheduler,4654,0.01,0.9773836865105925,22884,10906
3.053625957999998,nodecontroller,4496,0.06,2.9321510595317775,49048,36514
3.053625957999998,nodelet,3810,0.05,2.9321510595317775,25404,12743
3.053625957999998,nodeproxy,4840,0.0,0.0,16168,6583
4.060226677000003,nodestore,3095,0.22,7.947540518297563,19292,11250
4.060226677000003,nodeapiserver,3446,0.55,15.895081036595126,153720,143395
4.060226677000003,nodescheduler,4654,0.01,0.0,23012,10922
4.060226677000003,nodecontroller,4496,0.07,0.9934425647871954,49048,36582
4.060226677000003,nodelet,3810,0.08,2.9803276943615864,25276,12723
4.060226677000003,nodeproxy,4840,0.0,0.0,16168,6583
5.075292705000038,nodestore,3095,0.3,7.881260705534835,19292,11250
5.075292705000038,nodeapiserver,3446,0.77,21.673466940220795,153844,143451
5.075292705000038,nodescheduler,4654,0.02,0.9851575881918544,23012,10954
5.075292705000038,nodecontroller,4496,0.09,1.9703151763837088,49176,36742
5.075292705000038,nodelet,3810,0.09,0.9851575881918544,25404,12795
5.075292705000038,nodeproxy,4840,0.0,0.0,16168,6607
6.111630711000032,nodestore,3095,0.42,11.579233735060054,19292,11378
6.111630711000032,nodeapiserver,3446,1.1,31.842892771415148,153980,143639
6.111630711000032,nodescheduler,4654,0.04,1.9298722891766757,23140,11058
6.111630711000032,nodecontroller,4496,0.14,4.8246807229416895,49944,37522
6.111630711000032,nodelet,3810,0.17,7.719489156706703,25388,12835
6.111630711000032,nodeproxy,4840,0.0,0.0,16296,6627
7.123422192000021,nodestore,3095,0.49,6.918421563583098,19292,11378
7.123422192000021,nodeapiserver,3446,1.25,14.825189064820922,154108,143715
7.123422192000021,nodescheduler,4654,0.04,0.0,23140,11050
7.123422192000021,nodecontroller,4496,0.16,1.9766918753094562,50072,37490
7.123422192000021,nodelet,3810,0.18,0.9883459376547281,25516,12851
7.123422192000021,nodeproxy,4840,0.0,0.0,16296,6627
8.128830006000044,nodestore,3095,0.56,6.962348912080209,19408,11470
8.128830006000044,nodeapiserver,3446,1.44,18.897804189931996,154276,143963
8.128830006000044,nodescheduler,4654,0.04,0.0,23140,11074
8.128830006000044,nodecontroller,4496,0.18,1.989242546308631,50072,37510
8.128830006000044,nodelet,3810,0.21,2.9838638194629463,25516,12875
8.128830006000044,nodeproxy,4840,0.0,0.0,16296,6627
9.137421582000002,nodestore,3095,0.64,7.931852883134068,19408,11506
9.137421582000002,nodeapiserver,3446,1.61,16.855187376659895,154424,144103
9.137421582000002,nodescheduler,4654,0.04,0.0,23140,11090
9.137421582000002,nodecontroller,4496,0.2,1.982963220783517,50072,37562
9.137421582000002,nodelet,3810,0.23,1.982963220783517,25620,13019
9.137421582000002,nodeproxy,4840,0.0,0.0,16296,6627
10.152492513000027,nodestore,3095,0.7,5.910916978076531,19408,11506
10.152492513000027,nodeapiserver,3446,1.77,15.76244527487075,154272,144167
10.152492513000027,nodescheduler,4654,0.05,0.9851528296794219,23140,11102
10.152492513000027,nodecontroller,4496,0.21,0.9851528296794219,50072,37546
10.152492513000027,nodelet,3810,0.26,2.9554584890382656,25620,12991
10.152492513000027,nodeproxy,4840,0.0,0.0,16296,6627
11.165931838999995,nodestore,3095,0.78,7.893911154578829,19536,11506
11.165931838999995,nodeapiserver,3446,1.96,18.74803899212472,154504,144395
11.165931838999995,nodescheduler,4654,0.05,0.0,23140,11102
11.165931838999995,nodecontroller,4496,0.24,2.9602166829670606,50072,37566
11.165931838999995,nodelet,3810,0.28,1.9734777886447072,25620,12999
11.165931838999995,nodeproxy,4840,0.0,0.0,16296,6627
12.17585721200004,nodestore,3095,0.84,5.941033031160153,19520,11506
12.17585721200004,nodeapiserver,3446,2.12,15.842754749760408,154820,144431
12.17585721200004,nodescheduler,4654,0.05,0.0,23140,11114
12.17585721200004,nodecontroller,4496,0.26,1.980344343720051,50072,37590
12.17585721200004,nodelet,3810,0.28,0.0,25620,13027
12.17585721200004,nodeproxy,4840,0.0,0.0,16296,6627
13.199423620999994,nodestore,3095,0.92,7.815809438115662,19520,11598
13.199423620999994,nodeapiserver,3446,2.28,15.631618876231324,154820,144655
13.199423620999994,nodescheduler,4654,0.05,0.0,23140,11106
13.199423620999994,nodecontroller,4496,0.28,1.9539523595289154,50200,37654
13.199423620999994,nodelet,3810,0.31,2.930928539293373,25620,13007
13.199423620999994,nodeproxy,4840,0.0,0.0,16296,6627
14.209887581000032,nodestore,3095,0.98,5.937866403468535,19520,11634
14.209887581000032,nodeapiserver,3446,2.45,16.823954809827512,155188,144847
14.209887581000032,nodescheduler,4654,0.06,0.989644400578089,23140,11114
14.209887581000032,nodecontroller,4496,0.29,0.989644400578089,50200,37702
14.209887581000032,nodelet,3810,0.33,1.979288801156178,25620,13003
14.209887581000032,nodeproxy,4840,0.0,0.0,16296,6627
15.220710634,nodestore,3095,1.05,6.925049818783889,19520,11634
15.220710634,nodeapiserver,3446,2.6,14.839392468822616,155188,144871
15.220710634,nodescheduler,4654,0.06,0.0,23140,11106
15.220710634,nodecontroller,4496,0.31,1.9785856625096823,50200,37658
15.220710634,nodelet,3810,0.34,0.9892928312548411,25620,13003
15.220710634,nodeproxy,4840,0.0,0.0,16296,6627
16.228964009000038,nodestore,3095,1.13,7.934513484767357,19520,11634
16.228964009000038,nodeapiserver,3446,2.82,21.819912083110232,155208,144959
16.228964009000038,nodescheduler,4654,0.07,0.9918141855959196,23140,11110
16.228964009000038,nodecontroller,4496,0.33,1.9836283711918392,50200,37686
16.228964009000038,nodelet,3810,0.38,3.9672567423836784,25604,13007
16.228964009000038,nodeproxy,4840,0.0,0.0,16296,6627
17.24041858999999,nodestore,3095,1.2,6.920725983641898,19648,11746
17.24041858999999,nodeapiserver,3446,2.98,15.818802248324335,155380,145043
17.24041858999999,nodescheduler,4654,0.07,0.0,23140,11118
17.24041858999999,nodecontroller,4496,0.36,2.966025421560813,50200,37742
17.24041858999999,nodelet,3810,0.38,0.0,25604,13027
17.24041858999999,nodeproxy,4840,0.0,0.0,16296,6627
18.254729394000037,nodestore,3095,1.27,6.9012377393543725,19648,11746
18.254729394000037,nodeapiserver,3446,3.15,16.760148795574903,155508,145051
18.254729394000037,nodescheduler,4654,0.08,0.9858911056220532,23140,11110
18.254729394000037,nodecontroller,4496,0.37,0.9858911056220532,50200,37698
18.254729394000037,nodelet,3810,0.41,2.9576733168661593,25604,13007
18.254729394000037,nodeproxy,4840,0.0,0.0,16296,6627
19.26642920500001,nodestore,3095,1.35,7.907483932504388,19648,11762
19.26642920500001,nodeapiserver,3446,3.34,18.78027433969792,155516,145135
19.26642920500001,nodescheduler,4654,0.08,0.0,23140,11110
19.26642920500001,nodecontroller,4496,0.39,1.976870983126097,50200,37706
19.26642920500001,nodelet,3810,0.44,2.9653064746891458,25584,13019
19.26642920500001,nodeproxy,4840,0.0,0.0,16296,6627
20.272836145000042,nodestore,3095,1.41,5.961803085340211,19648,11762
20.272836145000042,nodeapiserver,3446,3.49,14.904507713350526,155532,145191
20.272836145000042,nodescheduler,4654,0.08,0.0,23140,11118
20.272836145000042,nodecontroller,4496,0.4,0.9936338475567018,50200,37738
20.272836145000042,nodelet,3810,0.45,0.9936338475567018,25584,13039
20.272836145000042,nodeproxy,4840,0.0,0.0,16296,6627
21.329051093000032,nodestore,3095,1.49,7.574215849859449,19776,11762
21.329051093000032,nodeapiserver,3446,3.69,18.935539624648623,155460,145223
21.329051093000032,nodescheduler,4654,0.08,0.0,23140,11110
21.329051093000032,nodecontroller,4496,0.42,1.8935539624648623,50200,37690
21.329051093000032,nodelet,3810,0.48,2.8403309436972934,25584,13015
21.329051093000032,nodeproxy,4840,0.0,0.0,16296,6627
22.33841807600004,nodestore,3095,1.57,7.925759545079103,19776,11874
22.33841807600004,nodeapiserver,3446,3.87,17.83295897642798,155636,145323
22.33841807600004,nodescheduler,4654,0.09,0.9907199431348879,23140,11118
22.33841807600004,nodecontroller,4496,0.45,2.9721598294046636,50200,37750
22.33841807600004,nodelet,3810,0.49,0.9907199431348879,25584,13035
22.33841807600004,nodeproxy,4840,0.0,0.0,16296,6627
23.345223406000002,nodestore,3095,1.63,5.9594440168490355,19776,11874
23.345223406000002,nodeapiserver,3446,4.01,13.905369372647751,155636,145323
23.345223406000002,nodescheduler,4654,0.09,0.0,23140,11110
23.345223406000002,nodecontroller,4496,0.45,0.0,50200,37738
23.345223406000002,nodelet,3810,0.51,1.9864813389496785,25584,13019
23.345223406000002,nodeproxy,4840,0.0,0.0,16296,6627
24.358412673000032,nodestore,3095,1.7,6.908876976881552,19776,11890
24.358412673000032,nodeapiserver,3446,4.21,19.73964850537586,155672,145407
24.358412673000032,nodescheduler,4654,0.09,0.0,23140,11110
24.358412673000032,nodecontroller,4496,0.49,3.947929701075172,50200,37742
24.358412673000032,nodelet,3810,0.53,1.973964850537586,25456,13019
24.358412673000032,nodeproxy,4840,0.0,0.0,16296,6627
25.36346471500002,nodestore,3095,1.77,6.964813469828343,19776,11890
25.36346471500002,nodeapiserver,3446,4.38,16.914546998154545,155848,145499
25.36346471500002,nodescheduler,4654,0.09,0.0,23140,11118
25.36346471500002,nodecontroller,4496,0.5,0.9949733528326203,50200,37766
25.36346471500002,nodelet,3810,0.55,1.9899467056652407,25456,13019
25.36346471500002,nodeproxy,4840,0.0,0.0,16296,6627
26.37093995500004,nodestore,3095,1.85,7.940641796814626,19904,11890
26.37093995500004,nodeapiserver,3446,4.54,15.881283593629252,155808,145515
26.37093995500004,nodescheduler,4654,0.1,0.9925802246018283,23140,11110
26.37093995500004,nodecontroller,4496,0.52,1.9851604492036565,50200,37746
26.37093995500004,nodelet,3810,0.57,1.9851604492036565,25456,13031
26.37093995500004,nodeproxy,4840,0.0,0.0,16296,6627
27.377945334000003,nodestore,3095,1.93,7.944346839482265,19904,12010
27.377945334000003,nodeapiserver,3446,4.75,20.853910453640946,155868,145611
27.377945334000003,nodescheduler,4654,0.11,0.9930433549352832,23140,11110
27.377945334000003,nodecontroller,4496,0.54,1.9860867098705663,50200,37754
27.377945334000003,nodelet,3810,0.59,1.9860867098705663,25584,13027
27.377945334000003,nodeproxy,4840,0.0,0.0,16296,6627
28.386294858000042,nodestore,3095,1.99,5.950317679725278,19904,12018
28.386294858000042,nodeapiserver,3446,4.91,15.867513812600743,155932,145679
28.386294858000042,nodescheduler,4654,0.11,0.0,23140,11118
28.386294858000042,nodecontroller,4496,0.55,0.9917196132875464,50200,37770
28.386294858000042,nodelet,3810,0.6,0.9917196132875464,25584,13039
28.386294858000042,nodeproxy,4840,0.0,0.0,16296,6627
29.397812721000037,nodestore,3095,2.07,7.908906300748188,19904,12018
29.397812721000037,nodeapiserver,3446,5.07,15.817812601496376,156052,145703
29.397812721000037,nodescheduler,4654,0.11,0.0,23140,11110
29.397812721000037,nodecontroller,4496,0.57,1.977226575187047,50200,37758
29.397812721000037,nodelet,3810,0.63,2.965839862780571,25548,13067
29.397812721000037,nodeproxy,4840,0.0,0.0,16296,6627
30.40427813900004,nodestore,3095,2.15,7.9486089208084065,19892,12018
30.40427813900004,nodeapiserver,3446,5.29,21.85867453222312,156056,145675
30.40427813900004,nodescheduler,4654,0.11,0.0,23140,11118
30.40427813900004,nodecontroller,4496,0.61,3.9743044604042033,50444,37922
30.40427813900004,nodelet,3810,0.66,2.9807283453031523,25548,13063
30.40427813900004,nodeproxy,4840,0.01,0.9935761151010508,16296,6619
31.412600132000023,nodestore,3095,2.23,7.933973527839284,20020,12134
31.412600132000023,nodeapiserver,3446,5.47,17.851440437638388,156144,145691
31.412600132000023,nodescheduler,4654,0.11,0.0,23140,11126
31.412600132000023,nodecontroller,4496,0.61,0.0,50444,37930
31.412600132000023,nodelet,3810,0.66,0.0,25548,13063
31.412600132000023,nodeproxy,4840,0.01,0.0,16296,6619
32.43261263200003,nodestore,3095,2.29,5.8822808544012535,20020,12134
32.43261263200003,nodeapiserver,3446,5.6,12.744941851202714,156144,145703
32.43261263200003,nodescheduler,4654,0.11,0.0,23140,11138
32.43261263200003,nodecontroller,4496,0.63,1.9607602848004178,50444,37966
32.43261263200003,nodelet,3810,0.68,1.9607602848004178,25548,13067
32.43261263200003,nodeproxy,4840,0.01,0.0,16296,6619
33.44240882700001,nodestore,3095,2.36,6.9320918762227555,20020,12146
33.44240882700001,nodeapiserver,3446,5.78,17.825379110287084,156216,145779
33.44240882700001,nodescheduler,4654,0.12,0.9902988394603935,23140,11170
33.44240882700001,nodecontroller,4496,0.64,0.9902988394603935,50572,38074
33.44240882700001,nodelet,3810,0.7,1.980597678920787,25676,13067
33.44240882700001,nodeproxy,4840,0.01,0.0,16296,6619
34.45717655200002,nodestore,3095,2.43,6.898130308588511,20020,12146
34.45717655200002,nodeapiserver,3446,5.9,11.82536624329459,156128,145783
34.45717655200002,nodescheduler,4654,0.12,0.0,23140,11170
34.45717655200002,nodecontroller,4496,0.65,0.9854471869412158,50572,38074
34.45717655200002,nodelet,3810,0.7,0.0,25676,13067
34.45717655200002,nodeproxy,4840,0.01,0.0,16296,6619
35.46367780000003,nodestore,3095,2.51,7.9483259617378526,20020,12146
35.46367780000003,nodeapiserver,3446,6.08,17.883733413910168,156324,145839
35.46367780000003,nodescheduler,4654,0.12,0.0,23140,11198
35.46367780000003,nodecontroller,4496,0.68,2.980622235651695,50700,38258
35.46367780000003,nodelet,3810,0.73,2.980622235651695,25676,13067
35.46367780000003,nodeproxy,4840,0.01,0.0,16296,6619
36.47546006600004,nodestore,3095,2.57,5.930129635223248,20020,12230
36.47546006600004,nodeapiserver,3446,6.24,15.813679027261996,156248,145903
36.47546006600004,nodescheduler,4654,0.13,0.9883549392038747,23140,11234
36.47546006600004,nodecontroller,4496,0.69,0.9883549392038747,50956,38470
36.47546006600004,nodelet,3810,0.74,0.9883549392038747,25676,13051
36.47546006600004,nodeproxy,4840,0.01,0.0,16296,6619
37.48540701000002,nodestore,3095,2.64,6.931057162543534,20020,12262
37.48540701000002,nodeapiserver,3446,6.37,12.871963301866561,156196,145911
37.48540701000002,nodescheduler,4654,0.13,0.0,23140,11234
37.48540701000002,nodecontroller,4496,0.7,0.9901510232205047,50956,38478
37.48540701000002,nodelet,3810,0.75,0.9901510232205047,25676,13067
37.48540701000002,nodeproxy,4840,0.01,0.0,16296,6619
38.493423826000026,nodestore,3095,2.72,7.936375537608028,20020,12274
38.493423826000026,nodeapiserver,3446,6.55,17.856844959618062,156280,145999
38.493423826000026,nodescheduler,4654,0.13,0.0,23140,11250
38.493423826000026,nodecontroller,4496,0.71,0.9920469422010035,51084,38738
38.493423826000026,nodelet,3810,0.78,2.9761408266030105,25676,13067
38.493423826000026,nodeproxy,4840,0.01,0.0,16296,6619
39.50211178500001,nodestore,3095,2.79,6.939708100550551,20276,12274
39.50211178500001,nodeapiserver,3446,6.73,17.844963687129987,156388,146103
39.50211178500001,nodescheduler,4654,0.13,0.0,23140,11294
39.50211178500001,nodecontroller,4496,0.73,1.9827737430144432,51212,38966
39.50211178500001,nodelet,3810,0.8,1.9827737430144432,25620,13035
39.50211178500001,nodeproxy,4840,0.01,0.0,16296,6619
40.51864585100003,nodestore,3095,2.85,5.902409177106597,20144,12274
40.51864585100003,nodeapiserver,3446,6.86,12.788553217064294,156388,146123
40.51864585100003,nodescheduler,4654,0.13,0.0,23268,11294
40.51864585100003,nodecontroller,4496,0.74,0.9837348628510996,51212,39002
40.51864585100003,nodelet,3810,0.82,1.9674697257021991,25620,13015
40.51864585100003,nodeproxy,4840,0.01,0.0,16296,6619
41.52503476500004,nodestore,3095,2.93,7.94921316074821,20252,12350
41.52503476500004,nodeapiserver,3446,7.04,17.88572961168347,156540,146195
41.52503476500004,nodescheduler,4654,0.14,0.9936516450935262,23268,11298
41.52503476500004,nodecontroller,4496,0.76,1.9873032901870524,51596,39266
41.52503476500004,nodelet,3810,0.83,0.9936516450935262,25620,12991
41.52503476500004,nodeproxy,4840,0.01,0.0,16296,6619
42.532500872000014,nodestore,3095,3.0,6.948124558596397,20248,12402
42.532500872000014,nodeapiserver,3446,7.22,17.866606007819303,156752,146299
42.532500872000014,nodescheduler,4654,0.14,0.0,23268,11318
42.532500872000014,nodecontroller,4496,0.78,1.985178445313256,51724,39530
42.532500872000014,nodelet,3810,0.85,1.985178445313256,25620,12995
42.532500872000014,nodeproxy,4840,0.01,0.0,16296,6619
43.556028432999994,nodestore,3095,3.07,6.8390928263436725,20248,12402
43.556028432999994,nodeapiserver,3446,7.35,12.701172391781103,156752,146315
43.556028432999994,nodescheduler,4654,0.14,0.0,23268,11330
43.556028432999994,nodecontroller,4496,0.79,0.9770132609062387,51724,39530
43.556028432999994,nodelet,3810,0.86,0.9770132609062387,25620,12991
43.556028432999994,nodeproxy,4840,0.01,0.0,16296,6619
44.56777235000004,nodestore,3095,3.15,7.907139213370365,20240,12402
44.56777235000004,nodeapiserver,3446,7.59,23.721417640111092,156808,146355
44.56777235000004,nodescheduler,4654,0.15,0.9883924016712956,23268,11362
44.56777235000004,nodecontroller,4496,0.83,3.9535696066851824,52492,40174
44.56777235000004,nodelet,3810,0.9,3.9535696066851824,25748,13427
44.56777235000004,nodeproxy,4840,0.01,0.0,16296,6619
45.57767299100004,nodestore,3095,3.25,9.90196420718975,20488,12470
45.57767299100004,nodeapiserver,3446,7.81,21.78432125581745,156908,146495
45.57767299100004,nodescheduler,4654,0.15,0.0,23268,11226
45.57767299100004,nodecontroller,4496,0.86,2.970589262156925,51848,39402
45.57767299100004,nodelet,3810,0.94,3.9607856828759,25744,13331
45.57767299100004,nodeproxy,4840,0.01,0.0,16296,6619
46.60341846,nodestore,3095,3.31,5.849404341848716,20488,12498
46.60341846,nodeapiserver,3446,7.97,15.598411578263242,156908,146499
46.60341846,nodescheduler,4654,0.16,0.9749007236414526,23268,11178
46.60341846,nodecontroller,4496,0.87,0.9749007236414526,51848,39390
46.60341846,nodelet,3810,0.97,2.924702170924358,25744,13335
46.60341846,nodeproxy,4840,0.01,0.0,16296,6619
47.611255309,nodestore,3095,3.39,7.937792717082919,20488,12538
47.611255309,nodeapiserver,3446,8.18,20.836705882342663,156956,146563
47.611255309,nodescheduler,4654,0.16,0.0,23268,11170
47.611255309,nodecontroller,4496,0.9,2.976672268906095,51848,39434
47.611255309,nodelet,3810,0.98,0.9922240896353649,25744,13295
47.611255309,nodeproxy,4840,0.01,0.0,16296,6619
48.62833305700002,nodestore,3095,3.46,6.882463030741545,20488,12538
48.62833305700002,nodeapiserver,3446,8.33,14.748135065874736,157272,146727
48.62833305700002,nodescheduler,4654,0.17,0.9832090043916492,23268,11162
48.62833305700002,nodecontroller,4496,0.91,0.9832090043916492,51848,39418
48.62833305700002,nodelet,3810,1.0,1.9664180087832983,25744,13295
48.62833305700002,nodeproxy,4840,0.01,0.0,16296,6619
49.63592920900004,nodestore,3095,3.53,6.947227801639984,20488,12538
49.63592920900004,nodeapiserver,3446,8.52,18.856761175879956,156948,146663
49.63592920900004,nodescheduler,4654,0.17,0.0,23268,11162
49.63592920900004,nodecontroller,4496,0.93,1.9849222290399953,51976,39450
49.63592920900004,nodelet,3810,1.03,2.977383343559993,25836,13391
49.63592920900004,nodeproxy,4840,0.01,0.0,16296,6619
50.643428459999996,nodestore,3095,3.62,8.933009122406178,20616,12598
50.643428459999996,nodeapiserver,3446,8.7,17.866018244812356,157120,146763
50.643428459999996,nodescheduler,4654,0.17,0.0,23268,11170
50.643428459999996,nodecontroller,4496,0.95,1.9851131383124843,51976,39494
50.643428459999996,nodelet,3810,1.05,1.9851131383124843,25836,13391
50.643428459999996,nodeproxy,4840,0.01,0.0,16296,6619
51.655474357,nodestore,3095,3.68,5.9285848772132885,20616,12654
51.655474357,nodeapiserver,3446,8.85,14.82146219303322,157120,146791
51.655474357,nodescheduler,4654,0.17,0.0,23268,11162
51.655474357,nodecontroller,4496,0.97,1.976194959071096,51976,39466
51.655474357,nodelet,3810,1.06,0.988097479535548,25836,13391
51.655474357,nodeproxy,4840,0.01,0.0,16296,6619
52.66950236900004,nodestore,3095,3.76,7.889328406442174,20744,12686
52.66950236900004,nodeapiserver,3446,9.05,19.723321016105437,157460,147027
52.66950236900004,nodescheduler,4654,0.18,0.9861660508052718,23268,11162
52.66950236900004,nodecontroller,4496,0.99,1.9723321016105435,52104,39522
52.66950236900004,nodelet,3810,1.09,2.9584981524158156,25836,13391
52.66950236900004,nodeproxy,4840,0.01,0.0,16296,6619
53.677424091000034,nodestore,3095,3.84,7.9371243077545905,20744,12686
53.677424091000034,nodeapiserver,3446,9.22,16.866389153978503,157396,147067
53.677424091000034,nodescheduler,4654,0.18,0.0,23268,11170
53.677424091000034,nodecontroller,4496,1.0,0.9921405384693238,52104,39498
53.677424091000034,nodelet,3810,1.1,0.9921405384693238,25836,13391
53.677424091000034,nodeproxy,4840,0.01,0.0,16296,6619
54.69054764200001,nodestore,3095,3.91,6.909325119419863,20744,12686
54.69054764200001,nodeapiserver,3446,9.38,15.792743130102542,157396,147143
54.69054764200001,nodescheduler,4654,0.18,0.0,23268,11162
54.69054764200001,nodecontroller,4496,1.03,2.9611393368942265,52104,39498
54.69054764200001,nodelet,3810,1.12,1.9740928912628177,25836,13391
54.69054764200001,nodeproxy,4840,0.01,0.0,16296,6619
55.69942795700001,nodestore,3095,3.99,7.929582806856538,20744,12782
55.69942795700001,nodeapiserver,3446,9.58,19.823957017141346,157460,147283
55.69942795700001,nodescheduler,4654,0.19,0.9911978508570672,23268,11158
55.69942795700001,nodecontroller,4496,1.04,0.9911978508570672,52104,39502
55.69942795700001,nodelet,3810,1.14,1.9823957017141345,25836,13403
55.69942795700001,nodeproxy,4840,0.01,0.0,16296,6619
56.71527937600001,nodestore,3095,4.06,6.890771493818229,20744,12782
56.71527937600001,nodeapiserver,3446,9.73,14.765938915324774,157996,147679
56.71527937600001,nodescheduler,4654,0.19,0.0,23268,11150
56.71527937600001,nodecontroller,4496,1.05,0.9843959276883183,52104,39502
56.71527937600001,nodelet,3810,1.16,1.9687918553766366,25836,13391
56.71527937600001,nodeproxy,4840,0.01,0.0,16296,6619
57.72574012800004,nodestore,3095,4.15,8.906827882415115,20744,12782
57.72574012800004,nodeapiserver,3446,9.93,19.79295084981137,157784,147371
57.72574012800004,nodescheduler,4654,0.19,0.0,23268,11150
57.72574012800004,nodecontroller,4496,1.08,2.968942627471705,52104,39514
57.72574012800004,nodelet,3810,1.18,1.9792950849811368,25836,13391
57.72574012800004,nodeproxy,4840,0.01,0.0,16296,6619
58.731507849000025,nodestore,3095,4.23,7.95412283866697,20744,12790
58.731507849000025,nodeapiserver,3446,10.13,19.885307096667425,157780,147479
58.731507849000025,nodescheduler,4654,0.2,0.9942653548333712,23268,11166
58.731507849000025,nodecontroller,4496,1.1,1.9885307096667424,52232,39590
58.731507849000025,nodelet,3810,1.21,2.9827960645001137,26220,13743
58.731507849000025,nodeproxy,4840,0.01,0.0,16296,6627
59.754229603,nodestore,3095,4.31,7.822264431856606,20744,12790
59.754229603,nodeapiserver,3446,10.28,14.666745809731136,157780,147519
59.754229603,nodescheduler,4654,0.2,0.0,23268,11162
59.754229603,nodecontroller,4496,1.12,1.9555661079641515,52232,39618
59.754229603,nodelet,3810,1.23,1.9555661079641515,25920,13383
59.754229603,nodeproxy,4840,0.01,0.0,16296,6627
60.76921324700004,nodestore,3095,4.39,7.88190041020965,20744,12790
60.76921324700004,nodeapiserver,3446,10.48,19.704751025524125,158064,147723
60.76921324700004,nodescheduler,4654,0.2,0.0,23268,11162
60.76921324700004,nodecontroller,4496,1.14,1.9704751025524125,52360,39694
60.76921324700004,nodelet,3810,1.25,1.9704751025524125,25920,13363
60.76921324700004,nodeproxy,4840,0.01,0.0,16296,6627
61.777995766000004,nodestore,3095,4.47,7.930351536950333,20744,12790
61.777995766000004,nodeapiserver,3446,10.66,17.84329095813825,158056,147731
61.777995766000004,nodescheduler,4654,0.21,0.9912939421187916,23268,11170
61.777995766000004,nodecontroller,4496,1.16,1.9825878842375833,52360,39694
61.777995766000004,nodelet,3810,1.26,0.9912939421187916,25920,13363
61.777995766000004,nodeproxy,4840,0.01,0.0,16296,6627
62.78801843000002,nodestore,3095,4.53,5.940460757819083,20744,12790
62.78801843000002,nodeapiserver,3446,10.83,16.8313054804874,158028,147731
62.78801843000002,nodescheduler,4654,0.21,0.0,23268,11162
62.78801843000002,nodecontroller,4496,1.17,0.9900767929698471,52360,39630
62.78801843000002,nodelet,3810,1.28,1.9801535859396941,25920,13351
62.78801843000002,nodeproxy,4840,0.01,0.0,16296,6627
63.79908377999999,nodestore,3095,4.62,8.901501767418193,20744,12790
63.79908377999999,nodeapiserver,3446,11.02,18.79205928677174,158048,147763
63.79908377999999,nodescheduler,4654,0.22,0.9890557519353547,23268,11162
63.79908377999999,nodecontroller,4496,1.19,1.9781115038707093,52360,39646
63.79908377999999,nodelet,3810,1.31,2.9671672558060638,25916,13359
63.79908377999999,nodeproxy,4840,0.01,0.0,16296,6627
64.80428427999999,nodestore,3095,4.7,7.958611242234752,20744,12790
64.80428427999999,nodeapiserver,3446,11.18,15.917222484469503,158056,147807
64.80428427999999,nodescheduler,4654,0.22,0.0,23268,11170
64.80428427999999,nodecontroller,4496,1.21,1.989652810558688,52360,39682
64.80428427999999,nodelet,3810,1.31,0.0,25916,13367
64.80428427999999,nodeproxy,4840,0.01,0.0,16296,6627
65.82352959600001,nodestore,3095,4.77,6.867826508608489,20744,12790
65.82352959600001,nodeapiserver,3446,11.35,16.679007235192042,158056,147855
65.82352959600001,nodescheduler,4654,0.22,0.0,23268,11162
65.82352959600001,nodecontroller,4496,1.22,0.9811180726583554,52360,39682
65.82352959600001,nodelet,3810,1.33,1.9622361453167108,25916,13359
65.82352959600001,nodeproxy,4840,0.01,0.0,16296,6627
66.83096080300004,nodestore,3095,4.84,6.948365259445283,20744,12790
66.83096080300004,nodeapiserver,3446,11.54,18.85984856135148,158180,147923
66.83096080300004,nodescheduler,4654,0.22,0.0,23268,11170
66.83096080300004,nodecontroller,4496,1.25,2.9778708254765496,52360,39686
66.83096080300004,nodelet,3810,1.36,2.9778708254765496,25916,13359
66.83096080300004,nodeproxy,4840,0.01,0.0,16296,6627
67.851024672,nodestore,3095,4.92,7.84264617454101,20744,12790
67.851024672,nodeapiserver,3446,11.68,13.72463080544677,158180,147923
67.851024672,nodescheduler,4654,0.22,0.0,23268,11162
67.851024672,nodecontroller,4496,1.26,0.9803307718176263,52360,39686
67.851024672,nodelet,3810,1.37,0.9803307718176263,25916,13359
67.851024672,nodeproxy,4840,0.01,0.0,16296,6627
68.85529631700001,nodestore,3095,4.99,6.97022567036619,20744,12790
68.85529631700001,nodeapiserver,3446,11.87,18.919183962422515,158420,148039
68.85529631700001,nodescheduler,4654,0.23,0.9957465243380271,23268,11162
68.85529631700001,nodecontroller,4496,1.28,1.9914930486760543,52360,39690
68.85529631700001,nodelet,3810,1.4,2.9872395730140813,25884,13339
68.85529631700001,nodeproxy,4840,0.01,0.0,16296,6627
69.87344754700001,nodestore,3095,5.07,7.857378908239391,20744,12790
69.87344754700001,nodeapiserver,3446,12.06,18.661274907068552,158420,148051
69.87344754700001,nodescheduler,4654,0.24,0.9821723635299239,23268,11170
69.87344754700001,nodecontroller,4496,1.3,1.9643447270598478,52360,39702
69.87344754700001,nodelet,3810,1.42,1.9643447270598478,25884,13355
69.87344754700001,nodeproxy,4840,0.01,0.0,16296,6627
70.884086249,nodestore,3095,5.13,5.936839731277216,20744,12790
70.884086249,nodeapiserver,3446,12.19,12.863152751100634,158420,148059
70.884086249,nodescheduler,4654,0.24,0.0,23268,11162
70.884086249,nodecontroller,4496,1.31,0.9894732885462026,52360,39702
70.884086249,nodelet,3810,1.44,1.9789465770924053,25884,13339
70.884086249,nodeproxy,4840,0.01,0.0,16296,6627
71.88991793000002,nodestore,3095,5.22,8.947819172937585,20744,12790
71.88991793000002,nodeapiserver,3446,12.38,18.889840476201567,158584,148143
71.88991793000002,nodescheduler,4654,0.24,0.0,23268,11162
71.88991793000002,nodecontroller,4496,1.33,1.9884042606527965,52360,39706
71.88991793000002,nodelet,3810,1.47,2.982606390979195,25884,13339
71.88991793000002,nodeproxy,4840,0.01,0.0,16296,6627
72.89645015299999,nodestore,3095,5.29,6.954571190117023,20744,12790
72.89645015299999,nodeapiserver,3446,12.55,16.8896728902842,158604,148175
72.89645015299999,nodescheduler,4654,0.24,0.0,23268,11170
72.89645015299999,nodecontroller,4496,1.35,1.987020340033435,52360,39710
72.89645015299999,nodelet,3810,1.47,0.0,25884,13347
72.89645015299999,nodeproxy,4840,0.01,0.0,16296,6627
73.92329163400001,nodestore,3095,5.37,7.790881210027634,20744,12790
73.92329163400001,nodeapiserver,3446,12.73,17.52948272256218,158592,148175
73.92329163400001,nodescheduler,4654,0.24,0.0,23268,11162
73.92329163400001,nodecontroller,4496,1.37,1.9477203025069085,52360,39710
73.92329163400001,nodelet,3810,1.49,1.9477203025069085,25884,13339
73.92329163400001,nodeproxy,4840,0.01,0.0,16296,6627
74.93045029400002,nodestore,3095,5.43,5.957353332989169,20744,12790
74.93045029400002,nodeapiserver,3446,12.9,16.879167776802646,158576,148255
74.93045029400002,nodescheduler,4654,0.25,0.9928922221648614,23268,11170
74.93045029400002,nodecontroller,4496,1.39,1.9857844443297228,52488,39722
74.93045029400002,nodelet,3810,1.52,2.9786766664945845,25884,13363
74.93045029400002,nodeproxy,4840,0.01,0.0,16296,6627
75.955744004,nodestore,3095,5.51,7.802642230195896,20744,12790
75.955744004,nodeapiserver,3446,13.05,14.629954181617306,158576,148255
75.955744004,nodescheduler,4654,0.25,0.0,23268,11162
75.955744004,nodecontroller,4496,1.41,1.950660557548974,51604,38830
75.955744004,nodelet,3810,1.53,0.975330278774487,25884,13339
75.955744004,nodeproxy,4840,0.01,0.0,16296,6627
76.97217712000003,nodestore,3095,5.59,7.870660522634686,20744,12790
76.97217712000003,nodeapiserver,3446,13.21,15.741321045269371,158504,148147
76.97217712000003,nodescheduler,4654,0.25,0.0,23268,11170
76.97217712000003,nodecontroller,4496,1.42,0.9838325653293357,51604,38902
76.97217712000003,nodelet,3810,1.55,1.9676651306586714,25884,13339
76.97217712000003,nodeproxy,4840,0.01,0.0,16296,6627
77.97867357199999,nodestore,3095,5.67,7.948363835862065,20744,12790
77.97867357199999,nodeapiserver,3446,13.39,17.883818630689646,158528,148175
77.97867357199999,nodescheduler,4654,0.26,0.9935454794827582,23268,11186
77.97867357199999,nodecontroller,4496,1.44,1.9870909589655164,51604,39022
77.97867357199999,nodelet,3810,1.57,1.9870909589655164,25884,13343
77.97867357199999,nodeproxy,4840,0.01,0.0,16296,6627
78.98936989600003,nodestore,3095,5.74,6.92591813562364,20744,12790
78.98936989600003,nodeapiserver,3446,13.53,13.85183627124728,158620,148223
78.98936989600003,nodescheduler,4654,0.26,0.0,23268,11186
78.98936989600003,nodecontroller,4496,1.44,0.0,51604,39022
78.98936989600003,nodelet,3810,1.59,1.9788337530353253,25852,13387
78.98936989600003,nodeproxy,4840,0.01,0.0,16296,6627
79.99708366499999,nodestore,3095,5.82,7.938762222073293,20744,12798
79.99708366499999,nodeapiserver,3446,13.73,19.84690555518323,158512,148251
79.99708366499999,nodescheduler,4654,0.26,0.0,23268,11206
79.99708366499999,nodecontroller,4496,1.46,1.9846905555183232,51732,39154
79.99708366499999,nodelet,3810,1.61,1.9846905555183232,25852,13407
79.99708366499999,nodeproxy,4840,0.01,0.0,16296,6627
81.006424385,nodestore,3095,5.9,7.925965772984873,20744,12798
81.006424385,nodeapiserver,3446,13.9,16.842677267592855,158544,148287
81.006424385,nodescheduler,4654,0.26,0.0,23268,11226
81.006424385,nodecontroller,4496,1.48,1.9814914432462183,51732,39250
81.006424385,nodelet,3810,1.62,0.9907457216231091,25852,13407
81.006424385,nodeproxy,4840,0.01,0.0,16296,6627
82.03945723600003,nodestore,3095,5.97,6.776163984740305,20744,12798
82.03945723600003,nodeapiserver,3446,14.04,13.55232796948061,158544,148295
82.03945723600003,nodescheduler,4654,0.26,0.0,23268,11230
82.03945723600003,nodecontroller,4496,1.49,0.9680234263914721,51732,39270
82.03945723600003,nodelet,3810,1.64,1.9360468527829442,25852,13383
82.03945723600003,nodeproxy,4840,0.01,0.0,16296,6627
83.04855317600004,nodestore,3095,6.05,7.927888402761714,20744,12802
83.04855317600004,nodeapiserver,3446,14.22,17.837748906213857,158632,148351
83.04855317600004,nodescheduler,4654,0.26,0.0,23268,11262
83.04855317600004,nodecontroller,4496,1.51,1.9819721006904285,51732,39398
83.04855317600004,nodelet,3810,1.66,1.9819721006904285,25852,13387
83.04855317600004,nodeproxy,4840,0.01,0.0,16296,6627
84.06338202699999,nodestore,3095,6.13,7.883102645453282,20744,12802
84.06338202699999,nodeapiserver,3446,14.37,14.780817460224903,158732,148367
84.06338202699999,nodescheduler,4654,0.26,0.0,23268,11262
84.06338202699999,nodecontroller,4496,1.51,0.0,51860,39398
84.06338202699999,nodelet,3810,1.67,0.9853878306816602,25852,13387
84.06338202699999,nodeproxy,4840,0.01,0.0,16296,6627
85.07694476300003,nodestore,3095,6.21,7.892950002849834,20872,12802
85.07694476300003,nodeapiserver,3446,14.54,16.772518756055895,158656,148403
85.07694476300003,nodescheduler,4654,0.28,1.9732375007124585,23268,11286
85.07694476300003,nodecontroller,4496,1.53,1.9732375007124585,52116,39594
85.07694476300003,nodelet,3810,1.69,1.9732375007124585,25852,13343
85.07694476300003,nodeproxy,4840,0.01,0.0,16296,6627
86.09041308999997,nodestore,3095,6.29,7.89368526560817,20872,12806
86.09041308999997,nodeapiserver,3446,14.7,15.78737053121634,158832,148467
86.09041308999997,nodescheduler,4654,0.28,0.0,23268,11298
86.09041308999997,nodecontroller,4496,1.55,1.9734213164020424,52244,39766
86.09041308999997,nodelet,3810,1.71,1.9734213164020424,25852,13383
86.09041308999997,nodeproxy,4840,0.01,0.0,16296,6627
87.11014812600001,nodestore,3095,6.36,6.864528287130175,20872,12806
87.11014812600001,nodeapiserver,3446,14.85,14.7097034724218,158832,148467
87.11014812600001,nodescheduler,4654,0.28,0.0,23396,11314
87.11014812600001,nodecontroller,4496,1.56,0.9806468981614535,52244,39802
87.11014812600001,nodelet,3810,1.72,0.9806468981614535,25852,13391
87.11014812600001,nodeproxy,4840,0.01,0.0,16296,6627
88.12328544499996,nodestore,3095,6.45,8.883297289733362,20872,12810
88.12328544499996,nodeapiserver,3446,15.06,20.727693676044513,158904,148547
88.12328544499996,nodescheduler,4654,0.28,0.0,23396,11318
88.12328544499996,nodecontroller,4496,1.58,1.9740660643851915,52500,40018
88.12328544499996,nodelet,3810,1.74,1.9740660643851915,25852,13391
88.12328544499996,nodeproxy,4840,0.01,0.0,16296,6627
89.137031847,nodestore,3095,6.53,7.891519993774242,20872,12810
89.137031847,nodeapiserver,3446,15.24,17.755919985992044,158824,148607
89.137031847,nodescheduler,4654,0.28,0.0,23396,11334
89.137031847,nodecontroller,4496,1.59,0.9864399992217803,52628,40174
89.137031847,nodelet,3810,1.75,0.9864399992217803,25948,13423
89.137031847,nodeproxy,4840,0.01,0.0,16296,6627
90.16907865100006,nodestore,3095,6.61,7.751586429019677,20872,12818
90.16907865100006,nodeapiserver,3446,15.41,16.472121161666813,158876,148651
90.16907865100006,nodescheduler,4654,0.28,0.0,23396,11346
90.16907865100006,nodecontroller,4496,1.61,1.9378966072549193,52884,40394
90.16907865100006,nodelet,3810,1.78,2.906844910882379,25948,13443
90.16907865100006,nodeproxy,4840,0.01,0.0,16296,6627
91.17469966700003,nodestore,3095,6.69,7.955283225704075,20872,12814
91.17469966700003,nodeapiserver,3446,15.6,18.893797661047177,158980,148719
91.17469966700003,nodescheduler,4654,0.29,0.9944104032130093,23396,11374
91.17469966700003,nodecontroller,4496,1.63,1.9888208064260187,52884,40474
91.17469966700003,nodelet,3810,1.79,0.9944104032130093,25948,13423
91.17469966700003,nodeproxy,4840,0.01,0.0,16296,6627
92.18856667900002,nodestore,3095,6.75,5.917935911697312,20872,12814
92.18856667900002,nodeapiserver,3446,15.72,11.835871823394625,158980,148719
92.18856667900002,nodescheduler,4654,0.29,0.0,23396,11374
92.18856667900002,nodecontroller,4496,1.64,0.9863226519495522,52884,40474
92.18856667900002,nodelet,3810,1.8,0.9863226519495522,25948,13423
92.18856667900002,nodeproxy,4840,0.01,0.0,16296,6627
93.21850979500005,nodestore,3095,6.84,8.738346671953256,20872,12814
93.21850979500005,nodeapiserver,3446,15.94,21.360402975885737,159212,148767
93.21850979500005,nodescheduler,4654,0.29,0.0,23396,11426
93.21850979500005,nodecontroller,4496,1.66,1.9418548159896125,53140,40794
93.21850979500005,nodelet,3810,1.82,1.9418548159896125,25948,13423
93.21850979500005,nodeproxy,4840,0.01,0.0,16296,6627
94.22613338500003,nodestore,3095,6.92,7.939472715203261,20872,12814
94.22613338500003,nodeapiserver,3446,16.12,17.863813609207337,159164,148823
94.22613338500003,nodescheduler,4654,0.29,0.0,23396,11450
94.22613338500003,nodecontroller,4496,1.67,0.9924340894004077,53396,41026
94.22613338500003,nodelet,3810,1.84,1.9848681788008153,25948,13415
94.22613338500003,nodeproxy,4840,0.01,0.0,16296,6627
95.23396074699997,nodestore,3095,6.99,6.945634008297934,20872,12814
95.23396074699997,nodeapiserver,3446,16.26,13.891268016595868,159272,148823
95.23396074699997,nodescheduler,4654,0.29,0.0,23396,11450
95.23396074699997,nodecontroller,4496,1.69,1.9844668595136952,53396,41030
95.23396074699997,nodelet,3810,1.85,0.9922334297568476,25948,13411
95.23396074699997,nodeproxy,4840,0.01,0.0,16296,6627
96.24271931500004,nodestore,3095,7.09,9.913174784552858,20872,12818
96.24271931500004,nodeapiserver,3446,16.45,18.83503209065043,159224,148875
96.24271931500004,nodescheduler,4654,0.29,0.0,23396,11474
96.24271931500004,nodecontroller,4496,1.7,0.9913174784552858,53652,41314
96.24271931500004,nodelet,3810,1.87,1.9826349569105717,25948,13415
96.24271931500004,nodeproxy,4840,0.01,0.0,16296,6627
97.25686627100004,nodestore,3095,7.17,7.888403108316459,20872,12818
97.25686627100004,nodeapiserver,3446,16.72,26.62336049056805,159296,148967
97.25686627100004,nodescheduler,4654,0.31,1.9721007770791148,23396,11466
97.25686627100004,nodecontroller,4496,1.75,4.930251942697787,54164,41730
97.25686627100004,nodelet,3810,1.92,4.930251942697787,26332,13783
97.25686627100004,nodeproxy,4840,0.01,0.0,16296,6627
98.30477856100003,nodestore,3095,7.28,10.497061734050288,20872,12818
98.30477856100003,nodeapiserver,3446,17.02,28.62835018377351,159388,149119
98.30477856100003,nodescheduler,4654,0.32,0.954278339459117,23260,11290
98.30477856100003,nodecontroller,4496,1.79,3.817113357836468,53216,40678
98.30477856100003,nodelet,3810,1.95,2.862835018377351,26200,13507
98.30477856100003,nodeproxy,4840,0.01,0.0,16296,6627
99.31032044200003,nodestore,3095,7.35,6.961420635248515,20872,12818
99.31032044200003,nodeapiserver,3446,17.19,16.906307257032104,159536,149171
99.31032044200003,nodescheduler,4654,0.32,0.0,23260,11234
99.31032044200003,nodecontroller,4496,1.8,0.9944886621783592,53216,40682
99.31032044200003,nodelet,3810,1.98,2.9834659865350774,26320,13555
99.31032044200003,nodeproxy,4840,0.01,0.0,16296,6627
100.329614085,nodestore,3095,7.43,7.84857244518324,20872,12818
100.329614085,nodeapiserver,3446,17.36,16.678216446014385,159508,149183
100.329614085,nodescheduler,4654,0.32,0.0,23260,11226
100.329614085,nodecontroller,4496,1.82,1.96214311129581,53216,40666
100.329614085,nodelet,3810,2.0,1.96214311129581,26176,13535
100.329614085,nodeproxy,4840,0.01,0.0,16296,6627
101.34235041199997,nodestore,3095,7.52,8.886814622973688,20872,12818
101.34235041199997,nodeapiserver,3446,17.56,19.74847693994153,159696,149195
101.34235041199997,nodescheduler,4654,0.32,0.0,23260,11226
101.34235041199997,nodecontroller,4496,1.84,1.9748476939941528,53216,40690
101.34235041199997,nodelet,3810,2.03,2.962271540991229,26176,13535
101.34235041199997,nodeproxy,4840,0.01,0.0,16296,6627
102.34881335900002,nodestore,3095,7.6,7.948628435697036,20872,12818
102.34881335900002,nodeapiserver,3446,17.73,16.890835425856203,159684,149251
102.34881335900002,nodescheduler,4654,0.33,0.9935785544621295,23260,11234
102.34881335900002,nodecontroller,4496,1.85,0.9935785544621295,53216,40694
102.34881335900002,nodelet,3810,2.03,0.0,26176,13535
102.34881335900002,nodeproxy,4840,0.01,0.0,16296,6627
103.37175637799999,nodestore,3095,7.69,8.798144014706146,20872,12818
103.37175637799999,nodeapiserver,3446,17.9,16.618716472222722,159684,149271
103.37175637799999,nodescheduler,4654,0.33,0.0,23260,11226
103.37175637799999,nodecontroller,4496,1.88,2.9327146715687156,53216,40694
103.37175637799999,nodelet,3810,2.06,2.9327146715687156,26176,13535
103.37175637799999,nodeproxy,4840,0.01,0.0,16296,6627
104.382602239,nodestore,3095,7.77,7.914164076495085,20872,12818
104.382602239,nodeapiserver,3446,18.1,19.785410191237712,159824,149371
104.382602239,nodescheduler,4654,0.34,0.9892705095618857,23260,11234
104.382602239,nodecontroller,4496,1.89,0.9892705095618857,53216,40694
104.382602239,nodelet,3810,2.08,1.9785410191237713,26176,13543
104.382602239,nodeproxy,4840,0.01,0.0,16296,6627
105.39543060699998,nodestore,3095,7.85,7.898672917107812,20744,12818
105.39543060699998,nodeapiserver,3446,18.24,13.822677604938672,159804,149383
105.39543060699998,nodescheduler,4654,0.34,0.0,23260,11226
105.39543060699998,nodecontroller,4496,1.9,0.9873341146384765,53216,40694
105.39543060699998,nodelet,3810,2.1,1.974668229276953,26176,13467
105.39543060699998,nodeproxy,4840,0.01,0.0,16296,6627
106.41573993300005,nodestore,3095,7.94,8.820854392542664,20744,12826
106.41573993300005,nodeapiserver,3446,18.46,21.562088515104293,159664,149395
106.41573993300005,nodescheduler,4654,0.35,0.9800949325047406,23260,11230
106.41573993300005,nodecontroller,4496,1.93,2.9402847975142214,53216,40714
106.41573993300005,nodelet,3810,2.13,2.9402847975142214,26176,13515
106.41573993300005,nodeproxy,4840,0.01,0.0,16296,6627
107.42342005,nodestore,3095,8.02,7.939027341154135,20744,12826
107.42342005,nodeapiserver,3446,18.63,16.87043309995254,159828,149451
107.42342005,nodescheduler,4654,0.35,0.0,23260,11238
107.42342005,nodecontroller,4496,1.95,1.9847568352885339,53216,40718
107.42342005,nodelet,3810,2.14,0.9923784176442669,26176,13515
107.42342005,nodeproxy,4840,0.01,0.0,16296,6627
108.43274734900001,nodestore,3095,8.1,7.926071164354738,20744,12826
108.43274734900001,nodeapiserver,3446,18.79,15.852142328709476,159828,149463
108.43274734900001,nodescheduler,4654,0.35,0.0,23260,11230
108.43274734900001,nodecontroller,4496,1.96,0.9907588955443423,53216,40718
108.43274734900001,nodelet,3810,2.15,0.9907588955443423,26176,13515
108.43274734900001,nodeproxy,4840,0.01,0.0,16296,6627
109.44022163099999,nodestore,3095,8.2,9.9258116843922,20744,12826
109.44022163099999,nodeapiserver,3446,18.98,18.85904220034518,159828,149531
109.44022163099999,nodescheduler,4654,0.35,0.0,23260,11230
109.44022163099999,nodecontroller,4496,1.98,1.9851623368784401,53216,40726
109.44022163099999,nodelet,3810,2.2,4.9629058421961,26292,13559
109.44022163099999,nodeproxy,4840,0.01,0.0,16296,6627
110.44736723900007,nodestore,3095,8.27,6.950335626146518,20744,12826
110.44736723900007,nodeapiserver,3446,19.16,17.872291610091043,160056,149579
110.44736723900007,nodescheduler,4654,0.35,0.0,23260,11238
110.44736723900007,nodecontroller,4496,2.0,1.9858101788990048,53216,40734
110.44736723900007,nodelet,3810,2.21,0.9929050894495024,26292,13563
110.44736723900007,nodeproxy,4840,0.01,0.0,16296,6627
111.46534932300005,nodestore,3095,8.36,8.841020035083602,20744,12826
111.46534932300005,nodeapiserver,3446,19.32,15.717368951259738,160056,149599
111.46534932300005,nodescheduler,4654,0.36,0.9823355594537336,23260,11230
111.46534932300005,nodecontroller,4496,2.02,1.9646711189074673,53216,40734
111.46534932300005,nodelet,3810,2.23,1.9646711189074673,26292,13563
111.46534932300005,nodeproxy,4840,0.01,0.0,16296,6627
112.47189404699998,nodestore,3095,8.45,8.941480478120004,20744,12826
112.47189404699998,nodeapiserver,3446,19.52,19.869956618044455,160016,149647
112.47189404699998,nodescheduler,4654,0.36,0.0,23260,11246
112.47189404699998,nodecontroller,4496,2.04,1.9869956618044455,53216,40738
112.47189404699998,nodelet,3810,2.25,1.9869956618044455,26292,13563
112.47189404699998,nodeproxy,4840,0.01,0.0,16296,6627
113.49300595099999,nodestore,3095,8.52,6.855272152424091,20744,12826
113.49300595099999,nodeapiserver,3446,19.65,12.73121971164474,159884,149647
113.49300595099999,nodescheduler,4654,0.36,0.0,23260,11234
113.49300595099999,nodecontroller,4496,2.05,0.9793245932034416,53216,40738
113.49300595099999,nodelet,3810,2.27,1.9586491864068831,26292,13563
113.49300595099999,nodeproxy,4840,0.01,0.0,16296,6627
114.50673351700004,nodestore,3095,8.61,8.878124953740771,20744,12826
114.50673351700004,nodeapiserver,3446,19.86,20.7156248920618,159848,149691
114.50673351700004,nodescheduler,4654,0.37,0.986458328193419,23260,11238
114.50673351700004,nodecontroller,4496,2.06,0.986458328193419,53216,40750
114.50673351700004,nodelet,3810,2.29,1.972916656386838,26292,13563
114.50673351700004,nodeproxy,4840,0.01,0.0,16296,6627
115.512990188,nodestore,3095,8.69,7.9502578522536,20744,12818
115.512990188,nodeapiserver,3446,20.03,16.8942979360389,160152,149799
115.512990188,nodescheduler,4654,0.37,0.0,23260,11250
115.512990188,nodecontroller,4496,2.08,1.9875644630634,53216,40754
115.512990188,nodelet,3810,2.3,0.9937822315317,26292,13563
115.512990188,nodeproxy,4840,0.01,0.0,16296,6627
116.52202259900002,nodestore,3095,8.78,8.919435988265606,20744,12826
116.52202259900002,nodeapiserver,3446,20.2,16.84782353339059,160152,149807
116.52202259900002,nodescheduler,4654,0.37,0.0,23260,11242
116.52202259900002,nodecontroller,4496,2.1,1.9820968862812458,53216,40754
116.52202259900002,nodelet,3810,2.32,1.9820968862812458,26292,13563
116.52202259900002,nodeproxy,4840,0.01,0.0,16296,6627
117.52859711600001,nodestore,3095,8.86,7.94774739960964,20744,12826
117.52859711600001,nodeapiserver,3446,20.4,19.8693684990241,160124,149879
117.52859711600001,nodescheduler,4654,0.37,0.0,23260,11246
117.52859711600001,nodecontroller,4496,2.12,1.98693684990241,53216,40754
117.52859711600001,nodelet,3810,2.34,1.98693684990241,26292,13563
117.52859711600001,nodeproxy,4840,0.01,0.0,16296,6627
118.54042292300005,nodestore,3095,8.97,10.871436490253112,20744,12826
118.54042292300005,nodeapiserver,3446,20.59,18.77793575589174,160264,149939
118.54042292300005,nodescheduler,4654,0.39,1.9766248164096567,23260,11258
118.54042292300005,nodecontroller,4496,2.13,0.9883124082048284,53216,40758
118.54042292300005,nodelet,3810,2.36,1.9766248164096567,26292,13563
118.54042292300005,nodeproxy,4840,0.01,0.0,16296,6627
119.56227677200002,nodestore,3095,9.05,7.828908221884337,20744,12826
119.56227677200002,nodeapiserver,3446,20.75,15.657816443768674,160264,149939
119.56227677200002,nodescheduler,4654,0.39,0.0,23260,11254
119.56227677200002,nodecontroller,4496,2.15,1.9572270554710842,53216,40762
119.56227677200002,nodelet,3810,2.39,2.9358405832066263,26144,13615
119.56227677200002,nodeproxy,4840,0.01,0.0,16296,6627
120.57725689699998,nodestore,3095,9.16,10.837650638725929,20744,12826
120.57725689699998,nodeapiserver,3446,20.97,21.675301277451858,160372,149987
120.57725689699998,nodescheduler,4654,0.39,0.0,23260,11262
120.57725689699998,nodecontroller,4496,2.19,3.9409638686276107,52420,39806
120.57725689699998,nodelet,3810,2.41,1.9704819343138054,26144,13619
120.57725689699998,nodeproxy,4840,0.01,0.0,16296,6627
121.58638059700002,nodestore,3095,9.23,6.936711525058602,20744,12826
121.58638059700002,nodeapiserver,3446,21.12,14.864381839411289,160484,149987
121.58638059700002,nodescheduler,4654,0.39,0.0,23260,11262
121.58638059700002,nodecontroller,4496,2.19,0.0,52420,39790
121.58638059700002,nodelet,3810,2.41,0.0,26144,13619
121.58638059700002,nodeproxy,4840,0.01,0.0,16296,6627
122.59442273299999,nodestore,3095,9.32,8.928198215714518,20744,12826
122.59442273299999,nodeapiserver,3446,21.29,16.864374407460755,160504,150031
122.59442273299999,nodescheduler,4654,0.39,0.0,23260,11278
122.59442273299999,nodecontroller,4496,2.21,1.9840440479365595,52420,39794
122.59442273299999,nodelet,3810,2.44,2.9760660719048393,26144,13619
122.59442273299999,nodeproxy,4840,0.01,0.0,16296,6627
123.60408468100002,nodestore,3095,9.4,7.923444095171311,20744,12826
123.60408468100002,nodeapiserver,3446,21.44,14.856457678446207,160468,150051
123.60408468100002,nodescheduler,4654,0.39,0.0,23260,11286
123.60408468100002,nodecontroller,4496,2.22,0.9904305118964138,52420,39834
123.60408468100002,nodelet,3810,2.44,0.0,26144,13619
123.60408468100002,nodeproxy,4840,0.01,0.0,16296,6627
124.63193285099999,nodestore,3095,9.48,7.783250711046391,20744,12826
124.63193285099999,nodeapiserver,3446,21.58,13.620688744331186,160468,150071
124.63193285099999,nodescheduler,4654,0.4,0.9729063388807989,23260,11294
124.63193285099999,nodecontroller,4496,2.23,0.9729063388807989,52420,39826
124.63193285099999,nodelet,3810,2.46,1.9458126777615978,26004,13575
124.63193285099999,nodeproxy,4840,0.01,0.0,16296,6627
125.64077607600007,nodestore,3095,9.55,6.938640044888501,20744,12826
125.64077607600007,nodeapiserver,3446,21.75,16.850982966157787,160400,150107
125.64077607600007,nodescheduler,4654,0.4,0.0,23260,11318
125.64077607600007,nodecontroller,4496,2.25,1.9824685842538574,52420,39962
125.64077607600007,nodelet,3810,2.48,1.9824685842538574,26004,13599
125.64077607600007,nodeproxy,4840,0.01,0.0,16296,6627
126.64733868100006,nodestore,3095,9.64,8.941321637912434,20744,12826
126.64733868100006,nodeapiserver,3446,21.91,15.895682911844329,161072,150743
126.64733868100006,nodescheduler,4654,0.4,0.0,23260,11318
126.64733868100006,nodecontroller,4496,2.25,0.0,52420,39974
126.64733868100006,nodelet,3810,2.48,0.0,26004,13599
126.64733868100006,nodeproxy,4840,0.01,0.0,16296,6627
127.65333167799997,nodestore,3095,9.71,6.958298935355953,20744,12826
127.65333167799997,nodeapiserver,3446,22.06,14.910640575762754,160404,150123
127.65333167799997,nodescheduler,4654,0.4,0.0,23260,11350
127.65333167799997,nodecontroller,4496,2.28,2.982128115152551,52548,40126
127.65333167799997,nodelet,3810,2.5,1.9880854101017007,26004,13619
127.65333167799997,nodeproxy,4840,0.01,0.0,16296,6627
128.66812976100005,nodestore,3095,9.81,9.854177069823335,20744,12826
128.66812976100005,nodeapiserver,3446,22.25,18.722936432664337,160356,150171
128.66812976100005,nodescheduler,4654,0.41,0.9854177069823334,23260,11378
128.66812976100005,nodecontroller,4496,2.29,0.9854177069823334,52676,40326
128.66812976100005,nodelet,3810,2.53,2.956253120947,26004,13619
128.66812976100005,nodeproxy,4840,0.01,0.0,16296,6627
129.67275943000004,nodestore,3095,9.87,5.972349996364702,20744,12806
129.67275943000004,nodeapiserver,3446,22.37,11.944699992729404,160456,150267
129.67275943000004,nodescheduler,4654,0.41,0.0,23260,11378
129.67275943000004,nodecontroller,4496,2.29,0.0,52676,40230
129.67275943000004,nodelet,3810,2.55,1.9907833321215676,26096,13643
129.67275943000004,nodeproxy,4840,0.01,0.0,16296,6627
130.68550194,nodestore,3095,9.96,8.886760367154352,20744,12826
130.68550194,nodeapiserver,3446,22.54,16.786102915736,160528,150271
130.68550194,nodescheduler,4654,0.41,0.0,23260,11394
130.68550194,nodecontroller,4496,2.31,1.9748356371454114,52676,40354
130.68550194,nodelet,3810,2.57,1.9748356371454114,26096,13659
130.68550194,nodeproxy,4840,0.01,0.0,16296,6627
131.69024397099997,nodestore,3095,10.04,7.962242797823371,20744,12826
131.69024397099997,nodeapiserver,3446,22.7,15.924485595646741,160700,150359
131.69024397099997,nodescheduler,4654,0.41,0.0,23260,11398
131.69024397099997,nodecontroller,4496,2.32,0.9952803497279213,52676,40446
131.69024397099997,nodelet,3810,2.57,0.0,26096,13663
131.69024397099997,nodeproxy,4840,0.01,0.0,16296,6627
132.69906793400003,nodestore,3095,10.12,7.930025746225825,20744,12826
132.69906793400003,nodeapiserver,3446,22.83,12.886291837616964,160700,150359
132.69906793400003,nodescheduler,4654,0.41,0.0,23260,11398
132.69906793400003,nodecontroller,4496,2.34,1.9825064365564562,52676,40494
132.69906793400003,nodelet,3810,2.59,1.9825064365564562,26096,13639
132.69906793400003,nodeproxy,4840,0.01,0.0,16296,6627
133.70519801,nodestore,3095,10.21,8.945165455922826,20744,12826
133.70519801,nodeapiserver,3446,23.04,20.872052730486594,160752,150431
133.70519801,nodescheduler,4654,0.42,0.9939072728803141,23388,11426
133.70519801,nodecontroller,4496,2.36,1.9878145457606282,52804,40674
133.70519801,nodelet,3810,2.61,1.9878145457606282,26096,13639
133.70519801,nodeproxy,4840,0.01,0.0,16296,6627
134.71395176400006,nodestore,3095,10.3,8.921899883209276,20744,12826
134.71395176400006,nodeapiserver,3446,23.23,18.835121975664027,160736,150499
134.71395176400006,nodescheduler,4654,0.42,0.0,23388,11442
134.71395176400006,nodecontroller,4496,2.38,1.9826444184909502,52932,40838
134.71395176400006,nodelet,3810,2.62,0.9913222092454751,26096,13651
134.71395176400006,nodeproxy,4840,0.01,0.0,16296,6627
135.723901683,nodestore,3095,10.37,6.931036745793673,20744,12826
135.723901683,nodeapiserver,3446,23.37,13.862073491587346,160736,150507
135.723901683,nodescheduler,4654,0.42,0.0,23388,11454
135.723901683,nodecontroller,4496,2.39,0.9901481065419532,53060,40906
135.723901683,nodelet,3810,2.63,0.9901481065419532,26096,13615
135.723901683,nodeproxy,4840,0.01,0.0,16296,6627
136.736423231,nodestore,3095,10.46,8.888699719800968,20744,12826
136.736423231,nodeapiserver,3446,23.55,17.777399439601936,160984,150535
136.736423231,nodescheduler,4654,0.42,0.0,23388,11470
136.736423231,nodecontroller,4496,2.41,1.9752666044002152,53188,41118
136.736423231,nodelet,3810,2.65,1.9752666044002152,26096,13599
136.736423231,nodeproxy,4840,0.01,0.0,16296,6627
137.74333080899999,nodestore,3095,10.55,8.93825828372121,20744,12826
137.74333080899999,nodeapiserver,3446,23.75,19.86279618604713,160880,150539
137.74333080899999,nodescheduler,4654,0.43,0.9931398093023567,23388,11494
137.74333080899999,nodecontroller,4496,2.45,3.9725592372094267,53572,41414
137.74333080899999,nodelet,3810,2.68,2.97941942790707,26352,13943
137.74333080899999,nodeproxy,4840,0.01,0.0,16296,6627
138.76165099499997,nodestore,3095,10.64,8.838084645412453,20744,12826
138.76165099499997,nodeapiserver,3446,23.99,23.568225721099875,161076,150691
138.76165099499997,nodescheduler,4654,0.43,0.0,23388,11386
138.76165099499997,nodecontroller,4496,2.47,1.9640188100916562,53000,40630
138.76165099499997,nodelet,3810,2.73,4.910047025229141,26224,13639
138.76165099499997,nodeproxy,4840,0.01,0.0,16296,6627
139.768153472,nodestore,3095,10.71,6.954776724309857,20744,12830
139.768153472,nodeapiserver,3446,24.14,14.903092980663978,161172,150755
139.768153472,nodescheduler,4654,0.43,0.0,23388,11366
139.768153472,nodecontroller,4496,2.49,1.9870790640885303,53000,40630
139.768153472,nodelet,3810,2.75,1.9870790640885303,26472,13667
139.768153472,nodeproxy,4840,0.01,0.0,16296,6627
140.79530383400004,nodestore,3095,10.8,8.762105659462955,20744,12826
140.79530383400004,nodeapiserver,3446,24.34,19.471345909917677,161248,150759
140.79530383400004,nodescheduler,4654,0.44,0.9735672954958838,23388,11350
140.79530383400004,nodecontroller,4496,2.51,1.9471345909917677,53000,40650
140.79530383400004,nodelet,3810,2.77,1.9471345909917677,26472,13663
140.79530383400004,nodeproxy,4840,0.01,0.0,16296,6627
141.80343017799999,nodestore,3095,10.89,8.927452450345319,20744,12826
141.80343017799999,nodeapiserver,3446,24.52,17.854904900690638,161340,150831
141.80343017799999,nodescheduler,4654,0.45,0.99193916114948,23388,11338
141.80343017799999,nodecontroller,4496,2.52,0.99193916114948,53000,40650
141.80343017799999,nodelet,3810,2.79,1.98387832229896,26344,13579
141.80343017799999,nodeproxy,4840,0.01,0.0,16296,6627
142.82093022699996,nodestore,3095,10.96,6.879606548304113,20744,12826
142.82093022699996,nodeapiserver,3446,24.66,13.759213096608226,161340,150831
142.82093022699996,nodescheduler,4654,0.45,0.0,23388,11330
142.82093022699996,nodecontroller,4496,2.54,1.965601870944032,53000,40646
142.82093022699996,nodelet,3810,2.8,0.982800935472016,26344,13583
142.82093022699996,nodeproxy,4840,0.01,0.0,16296,6627
143.82506092200003,nodestore,3095,11.05,8.962976677054332,20744,12826
143.82506092200003,nodeapiserver,3446,24.85,18.921839651559146,161320,150875
143.82506092200003,nodescheduler,4654,0.46,0.9958862974504814,23388,11302
143.82506092200003,nodecontroller,4496,2.56,1.9917725949009628,53000,40650
143.82506092200003,nodelet,3810,2.83,2.987658892351444,26344,13591
143.82506092200003,nodeproxy,4840,0.01,0.0,16296,6627
144.83196659300006,nodestore,3095,11.14,8.938275212077697,20744,12826
144.83196659300006,nodeapiserver,3446,25.01,15.890267043693683,161200,150947
144.83196659300006,nodescheduler,4654,0.46,0.0,23388,11302
144.83196659300006,nodecontroller,4496,2.57,0.9931416902308552,53000,40654
144.83196659300006,nodelet,3810,2.85,1.9862833804617104,26344,13591
144.83196659300006,nodeproxy,4840,0.01,0.0,16296,6627
145.84741578600006,nodestore,3095,11.23,8.86307267959988,20744,12826
145.84741578600006,nodeapiserver,3446,25.18,16.741359505910882,161200,150951
145.84741578600006,nodescheduler,4654,0.46,0.0,23388,11294
145.84741578600006,nodecontroller,4496,2.6,2.9543575598666263,53000,40662
145.84741578600006,nodelet,3810,2.86,0.9847858532888755,26344,13527
145.84741578600006,nodeproxy,4840,0.01,0.0,16296,6627
146.853415799,nodestore,3095,11.32,8.946321951986361,20744,12826
146.853415799,nodeapiserver,3446,25.37,18.886679676415653,161400,151019
146.853415799,nodescheduler,4654,0.46,0.0,23388,11294
146.853415799,nodecontroller,4496,2.61,0.9940357724429291,53128,40678
146.853415799,nodelet,3810,2.88,1.9880715448858581,26344,13571
146.853415799,nodeproxy,4840,0.01,0.0,16296,6627
147.86029884800007,nodestore,3095,11.42,9.931640034988154,20744,12826
147.86029884800007,nodeapiserver,3446,25.55,17.876952062978678,161520,151143
147.86029884800007,nodescheduler,4654,0.47,0.9931640034988155,23388,11302
147.86029884800007,nodecontroller,4496,2.63,1.986328006997631,53128,40678
147.86029884800007,nodelet,3810,2.89,0.9931640034988155,26212,13571
147.86029884800007,nodeproxy,4840,0.01,0.0,16296,6627
148.900730608,nodestore,3095,11.51,8.650254967226855,20744,12818
148.900730608,nodeapiserver,3446,25.71,15.378231052847742,161520,151143
148.900730608,nodescheduler,4654,0.47,0.0,23388,11294
148.900730608,nodecontroller,4496,2.65,1.9222788816059677,53128,40682
148.900730608,nodelet,3810,2.92,2.8834183224089514,26212,13567
148.900730608,nodeproxy,4840,0.01,0.0,16296,6627
149.90826254,nodestore,3095,11.58,6.947670617351667,20744,12826
149.90826254,nodeapiserver,3446,25.89,17.865438730332855,161516,151219
149.90826254,nodescheduler,4654,0.47,0.0,23388,11298
149.90826254,nodecontroller,4496,2.67,1.9850487478147616,53128,40690
149.90826254,nodelet,3810,2.95,2.9775731217221426,26332,13607
149.90826254,nodeproxy,4840,0.01,0.0,16296,6627
150.928451267,nodestore,3095,11.68,9.802107919194796,20744,12826
150.928451267,nodeapiserver,3446,26.04,14.703161878792194,161528,151331
150.928451267,nodescheduler,4654,0.47,0.0,23388,11306
150.928451267,nodecontroller,4496,2.69,1.9604215838389591,53228,40682
150.928451267,nodelet,3810,2.95,0.0,26332,13619
150.928451267,nodeproxy,4840,0.01,0.0,16296,6627
151.95785007000006,nodestore,3095,11.76,7.771526425603992,20744,12826
151.95785007000006,nodeapiserver,3446,26.21,16.514493654408483,161528,151295
151.95785007000006,nodescheduler,4654,0.47,0.0,23388,11298
151.95785007000006,nodecontroller,4496,2.7,0.971440803200499,53228,40654
151.95785007000006,nodelet,3810,2.97,1.942881606400998,26332,13619
151.95785007000006,nodeproxy,4840,0.01,0.0,16296,6627
152.96398495100004,nodestore,3095,11.84,7.9512202102057525,20744,12826
152.96398495100004,nodeapiserver,3446,26.38,16.896342946687223,161660,151343
152.96398495100004,nodescheduler,4654,0.48,0.9939025262757191,23388,11306
152.96398495100004,nodecontroller,4496,2.72,1.9878050525514381,53228,40654
152.96398495100004,nodelet,3810,2.99,1.9878050525514381,26332,13619
152.96398495100004,nodeproxy,4840,0.01,0.0,16296,6627
153.98219406099997,nodestore,3095,11.92,7.856932256283341,20744,12826
153.98219406099997,nodeapiserver,3446,26.51,12.767514916460428,161592,151347
153.98219406099997,nodescheduler,4654,0.49,0.9821165320354176,23388,11298
153.98219406099997,nodecontroller,4496,2.74,1.9642330640708352,53228,40654
153.98219406099997,nodelet,3810,3.0,0.9821165320354176,26332,13607
153.98219406099997,nodeproxy,4840,0.01,0.0,16296,6627
154.988313091,nodestore,3095,12.01,8.945263663286118,20744,12826
154.988313091,nodeapiserver,3446,26.68,16.896609141762667,161752,151419
154.988313091,nodescheduler,4654,0.49,0.0,23516,11298
154.988313091,nodecontroller,4496,2.75,0.9939181848095687,53228,40658
154.988313091,nodelet,3810,3.02,1.9878363696191375,26332,13627
154.988313091,nodeproxy,4840,0.01,0.0,16296,6627
156.00044948000004,nodestore,3095,12.09,7.904073094243559,20744,12826
156.00044948000004,nodeapiserver,3446,26.84,15.808146188487118,161724,151475
156.00044948000004,nodescheduler,4654,0.49,0.0,23516,11306
156.00044948000004,nodecontroller,4496,2.76,0.9880091367804449,53228,40658
156.00044948000004,nodelet,3810,3.04,1.9760182735608898,26332,13627
156.00044948000004,nodeproxy,4840,0.01,0.0,16296,6627
157.01015229000006,nodestore,3095,12.16,6.932733008834402,20744,12826
157.01015229000006,nodeapiserver,3446,26.98,13.865466017668805,161724,151499
157.01015229000006,nodescheduler,4654,0.49,0.0,23516,11298
157.01015229000006,nodecontroller,4496,2.78,1.9807808596669718,53228,40658
157.01015229000006,nodelet,3810,3.05,0.9903904298334859,26332,13623
157.01015229000006,nodeproxy,4840,0.01,0.0,16296,6627
158.01788877900003,nodestore,3095,12.26,9.923229047628865,20744,12826
158.01788877900003,nodeapiserver,3446,27.16,17.861812285731958,161928,151579
158.01788877900003,nodescheduler,4654,0.49,0.0,23516,11298
158.01788877900003,nodecontroller,4496,2.8,1.9846458095257729,53228,40662
158.01788877900003,nodelet,3810,3.07,1.9846458095257729,26332,13599
158.01788877900003,nodeproxy,4840,0.01,0.0,16296,6627
159.03480549000005,nodestore,3095,12.34,7.866917628025713,20744,12826
159.03480549000005,nodeapiserver,3446,27.3,13.767105849044999,162028,151663
159.03480549000005,nodescheduler,4654,0.49,0.0,23516,11306
159.03480549000005,nodecontroller,4496,2.81,0.9833647035032141,53228,40666
159.03480549000005,nodelet,3810,3.09,1.9667294070064283,26332,13615
159.03480549000005,nodeproxy,4840,0.01,0.0,16296,6627
160.04197383100006,nodestore,3095,12.42,7.94306142710647,20744,12826
160.04197383100006,nodeapiserver,3446,27.46,15.88612285421294,162020,151723
160.04197383100006,nodescheduler,4654,0.5,0.9928826783883088,23516,11298
160.04197383100006,nodecontroller,4496,2.83,1.9857653567766176,53228,40666
160.04197383100006,nodelet,3810,3.12,2.9786480351649267,26324,13655
160.04197383100006,nodeproxy,4840,0.01,0.0,16296,6627
161.05613945900006,nodestore,3095,12.51,8.87429010757205,20744,12826
161.05613945900006,nodeapiserver,3446,27.65,18.73461244931877,162064,151763
161.05613945900006,nodescheduler,4654,0.5,0.0,23516,11298
161.05613945900006,nodecontroller,4496,2.85,1.9720644683493442,53228,40666
161.05613945900006,nodelet,3810,3.14,1.9720644683493442,26196,13659
161.05613945900006,nodeproxy,4840,0.01,0.0,16296,6627
162.06351864300007,nodestore,3095,12.6,8.934073825372979,20744,12826
162.06351864300007,nodeapiserver,3446,27.81,15.882797911774183,162100,151771
162.06351864300007,nodescheduler,4654,0.5,0.0,23516,11306
162.06351864300007,nodecontroller,4496,2.86,0.9926748694858865,53228,40670
162.06351864300007,nodelet,3810,3.15,0.9926748694858865,26196,13659
162.06351864300007,nodeproxy,4840,0.01,0.0,16296,6627
163.116972852,nodestore,3095,12.69,8.543323405147202,20744,12826
163.116972852,nodeapiserver,3446,27.97,15.18813049803947,162196,151759
163.116972852,nodescheduler,4654,0.51,0.9492581561274669,23516,11298
163.116972852,nodecontroller,4496,2.88,1.8985163122549338,53228,40670
163.116972852,nodelet,3810,3.17,1.8985163122549338,26196,13663
163.116972852,nodeproxy,4840,0.01,0.0,16296,6627
164.13463132000004,nodestore,3095,12.78,8.843831484729199,20744,12826
164.13463132000004,nodeapiserver,3446,28.14,16.705015026710708,162212,151835
164.13463132000004,nodescheduler,4654,0.51,0.0,23516,11298
164.13463132000004,nodecontroller,4496,2.9,1.9652958854953775,53228,40674
164.13463132000004,nodelet,3810,3.19,1.9652958854953775,26196,13667
164.13463132000004,nodeproxy,4840,0.01,0.0,16296,6627
165.16240271900006,nodestore,3095,12.85,6.810853081542006,20744,12826
165.16240271900006,nodeapiserver,3446,28.27,12.648727151435152,162212,151843
165.16240271900006,nodescheduler,4654,0.51,0.0,23516,11298
165.16240271900006,nodecontroller,4496,2.91,0.9729790116488578,53228,40674
165.16240271900006,nodelet,3810,3.19,0.0,26196,13659
165.16240271900006,nodeproxy,4840,0.01,0.0,16296,6627
166.17830748100005,nodestore,3095,12.96,10.827786630652783,20744,12826
166.17830748100005,nodeapiserver,3446,28.46,18.702540543854806,162388,151911
166.17830748100005,nodescheduler,4654,0.51,0.0,23516,11306
166.17830748100005,nodecontroller,4496,2.94,2.953032717450759,52640,40046
166.17830748100005,nodelet,3810,3.22,2.953032717450759,26196,13659
166.17830748100005,nodeproxy,4840,0.01,0.0,16296,6627
167.19235358700007,nodestore,3095,13.04,7.889187634235455,20744,12826
167.19235358700007,nodeapiserver,3446,28.63,16.76452372275034,162344,151907
167.19235358700007,nodescheduler,4654,0.52,0.9861484542794319,23516,11318
167.19235358700007,nodecontroller,4496,2.96,1.9722969085588637,52640,40050
167.19235358700007,nodelet,3810,3.24,1.9722969085588637,26196,13663
167.19235358700007,nodeproxy,4840,0.01,0.0,16296,6627
168.21079288700003,nodestore,3095,13.13,8.83705096612081,20744,12826
168.21079288700003,nodeapiserver,3446,28.77,13.746523725076818,162068,151907
168.21079288700003,nodescheduler,4654,0.52,0.0,23516,11318
168.21079288700003,nodecontroller,4496,2.97,0.9818945517912011,52640,40050
168.21079288700003,nodelet,3810,3.24,0.0,26196,13663
168.21079288700003,nodeproxy,4840,0.01,0.0,16296,6627
169.21985587100005,nodestore,3095,13.22,8.919165743572435,20744,12826
169.21985587100005,nodeapiserver,3446,28.96,18.829349903097363,162340,152051
169.21985587100005,nodescheduler,4654,0.53,0.9910184159524927,23516,11330
169.21985587100005,nodecontroller,4496,2.98,0.9910184159524927,52640,40054
169.21985587100005,nodelet,3810,3.27,2.973055247857478,26312,13639
169.21985587100005,nodeproxy,4840,0.01,0.0,16296,6627
170.23262904500007,nodestore,3095,13.32,9.87387922263414,20744,12826
170.23262904500007,nodeapiserver,3446,29.12,15.798206756214624,162412,152087
170.23262904500007,nodescheduler,4654,0.53,0.0,23516,11358
170.23262904500007,nodecontroller,4496,3.0,1.974775844526828,52640,40150
170.23262904500007,nodelet,3810,3.29,1.974775844526828,26312,13651
170.23262904500007,nodeproxy,4840,0.01,0.0,16296,6627
171.25378731800004,nodestore,3095,13.4,7.834240990378033,20744,12826
171.25378731800004,nodeapiserver,3446,29.25,12.730641609364305,162412,152087
171.25378731800004,nodescheduler,4654,0.53,0.0,23516,11350
171.25378731800004,nodecontroller,4496,3.01,0.9792801237972542,52640,40142
171.25378731800004,nodelet,3810,3.3,0.9792801237972542,26312,13659
171.25378731800004,nodeproxy,4840,0.01,0.0,16296,6627
172.26281174200005,nodestore,3095,13.5,9.910562878505532,20872,12826
172.26281174200005,nodeapiserver,3446,29.43,17.83901318130996,162460,152119
172.26281174200005,nodescheduler,4654,0.53,0.0,23516,11378
172.26281174200005,nodecontroller,4496,3.02,0.9910562878505532,52768,40294
172.26281174200005,nodelet,3810,3.32,1.9821125757011064,26312,13631
172.26281174200005,nodeproxy,4840,0.01,0.0,16296,6627
173.27741555500006,nodestore,3095,13.58,7.884851108873112,20872,12826
173.27741555500006,nodeapiserver,3446,29.58,14.784095829137085,162496,152167
173.27741555500006,nodescheduler,4654,0.53,0.0,23516,11394
173.27741555500006,nodecontroller,4496,3.03,0.985606388609139,52768,40442
173.27741555500006,nodelet,3810,3.33,0.985606388609139,26312,13631
173.27741555500006,nodeproxy,4840,0.01,0.0,16296,6627
174.28734752599996,nodestore,3095,13.67,8.911491326578554,20872,12826
174.28734752599996,nodeapiserver,3446,29.73,14.85248554429759,162468,152171
174.28734752599996,nodescheduler,4654,0.53,0.0,23516,11394
174.28734752599996,nodecontroller,4496,3.05,1.9803314059063453,52768,40498
174.28734752599996,nodelet,3810,3.35,1.9803314059063453,26312,13631
174.28734752599996,nodeproxy,4840,0.01,0.0,16296,6627
175.29933001100005,nodestore,3095,13.76,8.893434553859105,20872,12826
175.29933001100005,nodeapiserver,3446,29.93,19.76318789746468,162756,152291
175.29933001100005,nodescheduler,4654,0.54,0.9881593948732339,23516,11410
175.29933001100005,nodecontroller,4496,3.07,1.9763187897464678,53152,40774
175.29933001100005,nodelet,3810,3.37,1.9763187897464678,26312,13635
175.29933001100005,nodeproxy,4840,0.01,0.0,16296,6627
176.30378910900004,nodestore,3095,13.85,8.96004627557283,20872,12818
176.30378910900004,nodeapiserver,3446,30.08,14.93341045928805,162772,152339
176.30378910900004,nodescheduler,4654,0.54,0.0,23516,11414
176.30378910900004,nodecontroller,4496,3.08,0.99556069728587,53152,40866
176.30378910900004,nodelet,3810,3.38,0.99556069728587,26312,13635
176.30378910900004,nodeproxy,4840,0.01,0.0,16296,6627
177.32163878000006,nodestore,3095,13.93,7.859706819122044,20872,12826
177.32163878000006,nodeapiserver,3446,30.22,13.754486933463578,162772,152339
177.32163878000006,nodescheduler,4654,0.54,0.0,23516,11418
177.32163878000006,nodecontroller,4496,3.09,0.9824633523902555,53280,40898
177.32163878000006,nodelet,3810,3.4,1.964926704780511,26312,13635
177.32163878000006,nodeproxy,4840,0.01,0.0,16296,6627
178.32674247900002,nodestore,3095,14.05,11.939066597744633,20708,12826
178.32674247900002,nodeapiserver,3446,30.43,20.893366546053105,162748,152387
178.32674247900002,nodescheduler,4654,0.55,0.9949222164787194,23516,11450
178.32674247900002,nodecontroller,4496,3.11,1.9898444329574387,53536,41158
178.32674247900002,nodelet,3810,3.42,1.9898444329574387,26312,13635
178.32674247900002,nodeproxy,4840,0.01,0.0,16296,6627
179.33674183300002,nodestore,3095,14.14,8.910896788553774,20708,12826
179.33674183300002,nodeapiserver,3446,30.57,13.861395004416986,162936,152491
179.33674183300002,nodescheduler,4654,0.55,0.0,23516,11450
179.33674183300002,nodecontroller,4496,3.12,0.9900996431726417,53536,41162
179.33674183300002,nodelet,3810,3.44,1.9801992863452833,26412,13703
179.33674183300002,nodeproxy,4840,0.01,0.0,16296,6627
180.34860615600007,nodestore,3095,14.24,9.882747886941225,20708,12826
180.34860615600007,nodeapiserver,3446,30.77,19.76549577388245,162856,152599
180.34860615600007,nodescheduler,4654,0.55,0.0,23644,11474
180.34860615600007,nodecontroller,4496,3.14,1.9765495773882449,54144,41794
180.34860615600007,nodelet,3810,3.46,1.9765495773882449,26412,13723
180.34860615600007,nodeproxy,4840,0.01,0.0,16296,6615
181.357299055,nodestore,3095,14.32,7.931056130098319,20708,12826
181.357299055,nodeapiserver,3446,30.95,17.844876292721217,163076,152639
181.357299055,nodescheduler,4654,0.55,0.0,23644,11486
181.357299055,nodecontroller,4496,3.16,1.9827640325245797,54144,41838
181.357299055,nodelet,3810,3.48,1.9827640325245797,26412,13699
181.357299055,nodeproxy,4840,0.01,0.0,16296,6615
182.38477371,nodestore,3095,14.41,8.759340151315044,20708,12826
182.38477371,nodeapiserver,3446,31.08,12.652380218566174,163076,152603
182.38477371,nodescheduler,4654,0.55,0.0,23644,11490
182.38477371,nodecontroller,4496,3.16,0.0,54144,41874
182.38477371,nodelet,3810,3.48,0.0,26412,13695
182.38477371,nodeproxy,4840,0.01,0.0,16296,6615
183.398194891,nodestore,3095,14.49,7.894052492672246,20708,12826
183.398194891,nodeapiserver,3446,31.26,17.761618108512554,163140,152667
183.398194891,nodescheduler,4654,0.55,0.0,23644,11514
183.398194891,nodecontroller,4496,3.19,2.9602696847520926,54272,42054
183.398194891,nodelet,3810,3.5,1.9735131231680616,26412,13695
183.398194891,nodeproxy,4840,0.01,0.0,16296,6615
184.414912244,nodestore,3095,14.58,8.852017695423449,20836,12826
184.414912244,nodeapiserver,3446,31.44,17.704035390846897,163152,152743
184.414912244,nodescheduler,4654,0.56,0.9835575217137165,23644,11518
184.414912244,nodecontroller,4496,3.2,0.9835575217137165,54656,42270
184.414912244,nodelet,3810,3.51,0.9835575217137165,26412,13695
184.414912244,nodeproxy,4840,0.01,0.0,16296,6615
185.46563775200002,nodestore,3095,14.67,8.565510146537493,20836,12826
185.46563775200002,nodeapiserver,3446,31.58,13.324126894613881,163152,152747
185.46563775200002,nodescheduler,4654,0.56,0.0,23644,11530
185.46563775200002,nodecontroller,4496,3.21,0.951723349615277,54656,42314
185.46563775200002,nodelet,3810,3.53,1.903446699230554,26412,13695
185.46563775200002,nodeproxy,4840,0.01,0.0,16296,6615
186.47016091600005,nodestore,3095,14.78,10.950469231787302,20836,12826
186.47016091600005,nodeapiserver,3446,31.77,18.91444685490534,163140,152831
186.47016091600005,nodescheduler,4654,0.57,0.9954972028897547,23644,11546
186.47016091600005,nodecontroller,4496,3.22,0.9954972028897547,54784,42502
186.47016091600005,nodelet,3810,3.55,1.9909944057795095,26412,13695
186.47016091600005,nodeproxy,4840,0.01,0.0,16296,6615
187.48054701,nodestore,3095,14.85,6.928044676751374,20836,12826
187.48054701,nodeapiserver,3446,31.89,11.876648017288067,163140,152831
187.48054701,nodescheduler,4654,0.57,0.0,23644,11546
187.48054701,nodecontroller,4496,3.23,0.9897206681073389,54784,42502
187.48054701,nodelet,3810,3.56,0.9897206681073389,26412,13695
187.48054701,nodeproxy,4840,0.01,0.0,16296,6615
188.49853630899997,nodestore,3095,14.95,9.823285971496592,20836,12830
188.49853630899997,nodeapiserver,3446,32.07,17.681914748693867,163168,152863
188.49853630899997,nodescheduler,4654,0.57,0.0,23644,11570
188.49853630899997,nodecontroller,4496,3.25,1.9646571942993185,55040,42754
188.49853630899997,nodelet,3810,3.58,1.9646571942993185,26412,13695
188.49853630899997,nodeproxy,4840,0.01,0.0,16296,6615
189.51460951600006,nodestore,3095,15.05,9.8418105419043,20836,12830
189.51460951600006,nodeapiserver,3446,32.27,19.6836210838086,163460,153123
189.51460951600006,nodescheduler,4654,0.57,0.0,23644,11582
189.51460951600006,nodecontroller,4496,3.26,0.98418105419043,55296,42950
189.51460951600006,nodelet,3810,3.6,1.96836210838086,26384,13707
189.51460951600006,nodeproxy,4840,0.01,0.0,16296,6615
190.52946200999997,nodestore,3095,15.13,7.882918992955349,20836,12830
190.52946200999997,nodeapiserver,3446,32.42,14.780473111791279,163460,153123
190.52946200999997,nodescheduler,4654,0.57,0.0,23644,11586
190.52946200999997,nodecontroller,4496,3.27,0.9853648741194186,55296,43014
190.52946200999997,nodelet,3810,3.62,1.9707297482388373,26384,13699
190.52946200999997,nodeproxy,4840,0.01,0.0,16296,6615
191.54583247000005,nodestore,3095,15.22,8.855038939245961,20816,12830
191.54583247000005,nodeapiserver,3446,32.61,18.693971093963697,163352,153131
191.54583247000005,nodescheduler,4654,0.58,0.9838932154717736,23772,11630
191.54583247000005,nodecontroller,4496,3.29,1.967786430943547,55680,43334
191.54583247000005,nodelet,3810,3.64,1.967786430943547,26384,13711
191.54583247000005,nodeproxy,4840,0.01,0.0,16296,6615
192.55087125600005,nodestore,3095,15.31,8.954878284667513,20816,12830
192.55087125600005,nodeapiserver,3446,32.79,17.909756569335027,163352,153143
192.55087125600005,nodescheduler,4654,0.58,0.0,23772,11622
192.55087125600005,nodecontroller,4496,3.32,2.984959428222504,55416,43014
192.55087125600005,nodelet,3810,3.66,1.9899729521483362,26512,13955
192.55087125600005,nodeproxy,4840,0.01,0.0,16296,6615
193.584913498,nodestore,3095,15.41,9.670784803393524,20816,12834
193.584913498,nodeapiserver,3446,33.11,30.946511370859273,163652,153391
193.584913498,nodescheduler,4654,0.6,1.9341569606787046,23772,11610
193.584913498,nodecontroller,4496,3.37,4.835392401696762,55416,43026
193.584913498,nodelet,3810,3.71,4.835392401696762,26768,14099
193.584913498,nodeproxy,4840,0.01,0.0,16296,6615
194.60368735500003,nodestore,3095,15.52,10.797293162185596,20816,12838
194.60368735500003,nodeapiserver,3446,33.34,22.576158430024428,163612,153375
194.60368735500003,nodescheduler,4654,0.6,0.0,23636,11442
194.60368735500003,nodecontroller,4496,3.39,1.963144211306472,54564,42018
194.60368735500003,nodelet,3810,3.76,4.9078605282661805,26504,13751
194.60368735500003,nodeproxy,4840,0.01,0.0,16296,6615
195.617349815,nodestore,3095,15.62,9.865216869134347,20816,12838
195.617349815,nodeapiserver,3446,33.53,18.74391205135526,163804,153431
195.617349815,nodescheduler,4654,0.6,0.0,23636,11426
195.617349815,nodecontroller,4496,3.4,0.9865216869134347,54564,42018
195.617349815,nodelet,3810,3.78,1.9730433738268693,26504,13751
195.617349815,nodeproxy,4840,0.01,0.0,16296,6615
196.623609322,nodestore,3095,15.71,8.944014876274023,20816,12838
196.623609322,nodeapiserver,3446,33.67,13.912912029759594,163804,153435
196.623609322,nodescheduler,4654,0.6,0.0,23636,11418
196.623609322,nodecontroller,4496,3.42,1.9875588613942274,54564,42018
196.623609322,nodelet,3810,3.79,0.9937794306971137,26504,13751
196.623609322,nodeproxy,4840,0.01,0.0,16296,6615
197.630329931,nodestore,3095,15.8,8.939918304582843,20816,12838
197.630329931,nodeapiserver,3446,33.88,20.859809377359966,163840,153487
197.630329931,nodescheduler,4654,0.61,0.9933242560647603,23636,11382
197.630329931,nodecontroller,4496,3.44,1.9866485121295205,54564,42018
197.630329931,nodelet,3810,3.82,2.9799727681942807,26504,13751
197.630329931,nodeproxy,4840,0.01,0.0,16296,6615
198.64243039000007,nodestore,3095,15.89,8.892397903753354,20816,12842
198.64243039000007,nodeapiserver,3446,34.04,15.808707384450408,163904,153515
198.64243039000007,nodescheduler,4654,0.62,0.9880442115281505,23636,11390
198.64243039000007,nodecontroller,4496,3.45,0.9880442115281505,54564,42018
198.64243039000007,nodelet,3810,3.83,0.9880442115281505,26504,13751
198.64243039000007,nodeproxy,4840,0.01,0.0,16296,6615
199.673049579,nodestore,3095,15.98,8.732614428354646,20816,12838
199.673049579,nodeapiserver,3446,34.23,18.4355193487487,164000,153563
199.673049579,nodescheduler,4654,0.62,0.0,23636,11382
199.673049579,nodecontroller,4496,3.47,1.9405809840788102,54564,42018
199.673049579,nodelet,3810,3.87,3.8811619681576204,26504,13795
199.673049579,nodeproxy,4840,0.01,0.0,16296,6615
200.68380718700007,nodestore,3095,16.09,10.882925750878265,20816,12838
200.68380718700007,nodeapiserver,3446,34.45,21.76585150175653,164000,153611
200.68380718700007,nodescheduler,4654,0.62,0.0,23636,11362
200.68380718700007,nodecontroller,4496,3.49,1.978713772886957,54564,42018
200.68380718700007,nodelet,3810,3.89,1.978713772886957,26504,13795
200.68380718700007,nodeproxy,4840,0.01,0.0,16296,6615
201.68922323599998,nodestore,3095,16.18,8.951518139134908,20816,12838
201.68922323599998,nodeapiserver,3446,34.6,14.91919689855818,164156,153651
201.68922323599998,nodescheduler,4654,0.62,0.0,23636,11370
201.68922323599998,nodecontroller,4496,3.5,0.9946131265705453,54564,42018
201.68922323599998,nodelet,3810,3.89,0.0,26504,13807
201.68922323599998,nodeproxy,4840,0.01,0.0,16296,6615
202.70400143899997,nodestore,3095,16.26,7.883496094367791,20816,12830
202.70400143899997,nodeapiserver,3446,34.75,14.781555176939609,164016,153651
202.70400143899997,nodescheduler,4654,0.62,0.0,23636,11362
202.70400143899997,nodecontroller,4496,3.51,0.9854370117959739,54564,42018
202.70400143899997,nodelet,3810,3.92,2.956311035387922,26504,13767
202.70400143899997,nodeproxy,4840,0.01,0.0,16296,6615
203.71365227600006,nodestore,3095,16.36,9.904414113806219,20816,12838
203.71365227600006,nodeapiserver,3446,34.92,16.837503993470573,164092,153723
203.71365227600006,nodescheduler,4654,0.63,0.9904414113806218,23636,11370
203.71365227600006,nodecontroller,4496,3.54,2.9713242341418655,54564,42018
203.71365227600006,nodelet,3810,3.94,1.9808828227612436,26504,13759
203.71365227600006,nodeproxy,4840,0.01,0.0,16296,6615
204.73609898000007,nodestore,3095,16.45,8.80241480048819,20816,12838
204.73609898000007,nodeapiserver,3446,35.07,14.670691334146985,164092,153723
204.73609898000007,nodescheduler,4654,0.63,0.0,23636,11362
204.73609898000007,nodecontroller,4496,3.54,0.0,54564,42018
204.73609898000007,nodelet,3810,3.95,0.9780460889431323,26504,13775
204.73609898000007,nodeproxy,4840,0.01,0.0,16296,6615
205.758280645,nodestore,3095,16.54,8.804697157232278,20816,12838
205.758280645,nodeapiserver,3446,35.28,20.544293366875312,164060,153923
205.758280645,nodescheduler,4654,0.63,0.0,23636,11362
205.758280645,nodecontroller,4496,3.56,1.9565993682738394,54564,42018
205.758280645,nodelet,3810,3.97,1.9565993682738394,26504,13739
205.758280645,nodeproxy,4840,0.01,0.0,16296,6615
206.76505721800004,nodestore,3095,16.64,9.932690398428406,20816,12838
206.76505721800004,nodeapiserver,3446,35.46,17.878842717171132,164104,153963
206.76505721800004,nodescheduler,4654,0.64,0.9932690398428405,23636,11370
206.76505721800004,nodecontroller,4496,3.58,1.986538079685681,54564,42018
206.76505721800004,nodelet,3810,3.99,1.986538079685681,26504,13739
206.76505721800004,nodeproxy,4840,0.01,0.0,16296,6615
207.78571121699997,nodestore,3095,16.73,8.81787560605109,20816,12838
207.78571121699997,nodeapiserver,3446,35.6,13.716695387190585,164104,153927
207.78571121699997,nodescheduler,4654,0.64,0.0,23636,11362
207.78571121699997,nodecontroller,4496,3.59,0.9797639562278988,54564,42018
207.78571121699997,nodelet,3810,4.0,0.9797639562278988,26504,13739
207.78571121699997,nodeproxy,4840,0.01,0.0,16296,6615
208.801597011,nodestore,3095,16.83,9.843626182255276,20816,12838
208.801597011,nodeapiserver,3446,35.82,21.65597760096161,164200,153943
208.801597011,nodescheduler,4654,0.65,0.9843626182255276,23636,11362
208.801597011,nodecontroller,4496,3.62,2.953087854676583,54564,42018
208.801597011,nodelet,3810,4.04,3.9374504729021105,26504,13739
208.801597011,nodeproxy,4840,0.01,0.0,16296,6615
209.81111096000006,nodestore,3095,16.93,9.905757131840765,20816,12830
209.81111096000006,nodeapiserver,3446,35.99,16.839787124129302,164216,154003
209.81111096000006,nodescheduler,4654,0.65,0.0,23636,11370
209.81111096000006,nodecontroller,4496,3.63,0.9905757131840766,54564,42018
209.81111096000006,nodelet,3810,4.04,0.0,26336,13775
209.81111096000006,nodeproxy,4840,0.01,0.0,16296,6615
210.841948182,nodestore,3095,17.03,9.700852653146171,20816,12838
210.841948182,nodeapiserver,3446,36.21,21.341875836921577,164420,154043
210.841948182,nodescheduler,4654,0.65,0.0,23636,11362
210.841948182,nodecontroller,4496,3.67,3.880341061258468,52920,40138
210.841948182,nodelet,3810,4.08,3.880341061258468,26336,13775
210.841948182,nodeproxy,4840,0.01,0.0,16296,6619
211.84917937299997,nodestore,3095,17.14,10.921027960898838,20816,12838
211.84917937299997,nodeapiserver,3446,36.4,18.86359375064345,164620,154047
211.84917937299997,nodescheduler,4654,0.65,0.0,23636,11370
211.84917937299997,nodecontroller,4496,3.68,0.9928207237180763,52920,40166
211.84917937299997,nodelet,3810,4.1,1.9856414474361526,26336,13775
211.84917937299997,nodeproxy,4840,0.01,0.0,16296,6619
212.85740839100004,nodestore,3095,17.22,7.934705168344481,20816,12838
212.85740839100004,nodeapiserver,3446,36.54,13.885734044602843,164540,154047
212.85740839100004,nodescheduler,4654,0.65,0.0,23636,11370
212.85740839100004,nodecontroller,4496,3.69,0.9918381460430601,52920,40166
212.85740839100004,nodelet,3810,4.1,0.0,26336,13775
212.85740839100004,nodeproxy,4840,0.01,0.0,16296,6619
213.869986853,nodestore,3095,17.32,9.875777902927927,20816,12838
213.869986853,nodeapiserver,3446,36.72,17.77640022527027,164624,154095
213.869986853,nodescheduler,4654,0.65,0.0,23636,11382
213.869986853,nodecontroller,4496,3.7,0.9875777902927928,52920,40254
213.869986853,nodelet,3810,4.13,2.9627333708783783,26336,13775
213.869986853,nodeproxy,4840,0.01,0.0,16296,6619
214.876042524,nodestore,3095,17.42,9.939807794194992,20816,12838
214.876042524,nodeapiserver,3446,36.9,17.891654029550985,164668,154135
214.876042524,nodescheduler,4654,0.66,0.9939807794194992,23636,11398
214.876042524,nodecontroller,4496,3.73,2.9819423382584977,52920,40350
214.876042524,nodelet,3810,4.15,1.9879615588389985,26336,13775
214.876042524,nodeproxy,4840,0.01,0.0,16296,6619
215.893274442,nodestore,3095,17.51,8.847539917637603,20816,12838
215.893274442,nodeapiserver,3446,37.04,13.762839871880717,164652,154147
215.893274442,nodescheduler,4654,0.66,0.0,23636,11398
215.893274442,nodecontroller,4496,3.73,0.0,52920,40350
215.893274442,nodelet,3810,4.15,0.0,26336,13775
215.893274442,nodeproxy,4840,0.01,0.0,16296,6619
216.90743079800006,nodestore,3095,17.61,9.860412490477387,20816,12838
216.90743079800006,nodeapiserver,3446,37.23,18.734783731907033,164612,154199
216.90743079800006,nodescheduler,4654,0.66,0.0,23636,11414
216.90743079800006,nodecontroller,4496,3.74,0.9860412490477386,53048,40446
216.90743079800006,nodelet,3810,4.17,1.9720824980954772,26336,13775
216.90743079800006,nodeproxy,4840,0.01,0.0,16296,6619
217.91978299900006,nodestore,3095,17.7,8.890186627845353,20816,12838
217.91978299900006,nodeapiserver,3446,37.37,13.82917919887055,164696,154239
217.91978299900006,nodescheduler,4654,0.66,0.0,23636,11438
217.91978299900006,nodecontroller,4496,3.76,1.9755970284100783,53048,40546
217.91978299900006,nodelet,3810,4.18,0.9877985142050392,26336,13771
217.91978299900006,nodeproxy,4840,0.01,0.0,16296,6619
218.94021925100003,nodestore,3095,17.79,8.819757218896106,20816,12830
218.94021925100003,nodeapiserver,3446,37.51,13.719622340505055,164696,154239
218.94021925100003,nodescheduler,4654,0.67,0.9799730243217895,23636,11442
218.94021925100003,nodecontroller,4496,3.77,0.9799730243217895,53048,40594
218.94021925100003,nodelet,3810,4.2,1.959946048643579,26336,13783
218.94021925100003,nodeproxy,4840,0.01,0.0,16296,6619
219.94743010600007,nodestore,3095,17.88,8.935566922578142,20816,12838
219.94743010600007,nodeapiserver,3446,37.72,20.84965615268233,164852,154387
219.94743010600007,nodescheduler,4654,0.67,0.0,23636,11458
219.94743010600007,nodecontroller,4496,3.79,1.985681538350698,53304,40826
219.94743010600007,nodelet,3810,4.23,2.978522307526047,26456,13819
219.94743010600007,nodeproxy,4840,0.01,0.0,16296,6619
220.954178576,nodestore,3095,17.96,7.946374132558179,20816,12838
220.954178576,nodeapiserver,3446,37.85,12.91285796540704,164748,154391
220.954178576,nodescheduler,4654,0.67,0.0,23636,11458
220.954178576,nodecontroller,4496,3.8,0.9932967665697724,53304,40842
220.954178576,nodelet,3810,4.23,0.0,26456,13807
220.954178576,nodeproxy,4840,0.01,0.0,16296,6619
221.96056275399997,nodestore,3095,18.07,10.930219532923157,20816,12838
221.96056275399997,nodeapiserver,3446,38.02,16.89215745997215,164804,154423
221.96056275399997,nodescheduler,4654,0.67,0.0,23636,11470
221.96056275399997,nodecontroller,4496,3.81,0.9936563211748324,53432,41114
221.96056275399997,nodelet,3810,4.25,1.9873126423496648,26328,13783
221.96056275399997,nodeproxy,4840,0.01,0.0,16296,6619
222.96790485500003,nodestore,3095,18.16,8.934402712906603,20816,12838
222.96790485500003,nodeapiserver,3446,38.2,17.868805425813207,164780,154459
222.96790485500003,nodescheduler,4654,0.68,0.9927114125451781,23636,11470
222.96790485500003,nodecontroller,4496,3.83,1.9854228250903563,53816,41434
222.96790485500003,nodelet,3810,4.27,1.9854228250903563,26328,13707
222.96790485500003,nodeproxy,4840,0.01,0.0,16296,6619
223.974793568,nodestore,3095,18.25,8.938425750334435,20816,12838
223.974793568,nodeapiserver,3446,38.33,12.911059417149739,164780,154459
223.974793568,nodescheduler,4654,0.68,0.0,23636,11470
223.974793568,nodecontroller,4496,3.84,0.9931584167038261,53816,41422
223.974793568,nodelet,3810,4.29,1.9863168334076522,26196,13707
223.974793568,nodeproxy,4840,0.01,0.0,16296,6619
224.98350318500002,nodestore,3095,18.36,10.9050214398816,20816,12838
224.98350318500002,nodeapiserver,3446,38.53,19.827311708875637,164904,154579
224.98350318500002,nodescheduler,4654,0.68,0.0,23636,11478
224.98350318500002,nodecontroller,4496,3.86,1.9827311708875637,54072,41714
224.98350318500002,nodelet,3810,4.31,1.9827311708875637,26196,13747
224.98350318500002,nodeproxy,4840,0.01,0.0,16296,6619
225.993445823,nodestore,3095,18.46,9.90155244836802,20816,12838
225.993445823,nodeapiserver,3446,38.7,16.832639162225636,164980,154611
225.993445823,nodescheduler,4654,0.68,0.0,23636,11506
225.993445823,nodecontroller,4496,3.87,0.9901552448368021,54200,41690
225.993445823,nodelet,3810,4.31,0.0,26196,13747
225.993445823,nodeproxy,4840,0.01,0.0,16296,6619
227.00844539499997,nodestore,3095,18.55,8.866998812882562,20816,12838
227.00844539499997,nodeapiserver,3446,38.86,15.763553445124556,164960,154627
227.00844539499997,nodescheduler,4654,0.69,0.9852220903202847,23636,11506
227.00844539499997,nodecontroller,4496,3.89,1.9704441806405695,54200,41722
227.00844539499997,nodelet,3810,4.33,1.9704441806405695,26196,13747
227.00844539499997,nodeproxy,4840,0.01,0.0,16296,6619
228.01924831899998,nodestore,3095,18.65,9.89312531905559,20816,12838
228.01924831899998,nodeapiserver,3446,39.04,17.80762557430006,165112,154699
228.01924831899998,nodescheduler,4654,0.69,0.0,23636,11510
228.01924831899998,nodecontroller,4496,3.9,0.989312531905559,54200,41878
228.01924831899998,nodelet,3810,4.35,1.978625063811118,26196,13747
228.01924831899998,nodeproxy,4840,0.01,0.0,16296,6619
229.03046997800004,nodestore,3095,18.75,9.889028692174636,20816,12842
229.03046997800004,nodeapiserver,3446,39.2,15.822445907479416,165020,154699
229.03046997800004,nodescheduler,4654,0.69,0.0,23636,11510
229.03046997800004,nodecontroller,4496,3.92,1.977805738434927,54200,41890
229.03046997800004,nodelet,3810,4.37,1.977805738434927,26196,13747
229.03046997800004,nodeproxy,4840,0.01,0.0,16296,6619
230.03960732200005,nodestore,3095,18.85,9.909453910765098,20944,12838
230.03960732200005,nodeapiserver,3446,39.38,17.837017039377177,165132,154807
230.03960732200005,nodescheduler,4654,0.69,0.0,23636,11530
230.03960732200005,nodecontroller,4496,3.93,0.9909453910765097,54456,42054
230.03960732200005,nodelet,3810,4.4,2.972836173229529,26292,13743
230.03960732200005,nodeproxy,4840,0.01,0.0,16296,6619
231.05111774099998,nodestore,3095,18.95,9.886205630869199,20808,12838
231.05111774099998,nodeapiserver,3446,39.62,23.72689351408608,165412,155015
231.05111774099998,nodescheduler,4654,0.7,0.9886205630869199,23636,11542
231.05111774099998,nodecontroller,4496,3.98,4.9431028154345995,54840,42302
231.05111774099998,nodelet,3810,4.43,2.96586168926076,26676,14127
231.05111774099998,nodeproxy,4840,0.01,0.0,16296,6619
232.06442682700003,nodestore,3095,19.06,10.855522911988835,20808,12846
232.06442682700003,nodeapiserver,3446,39.88,25.65850870106452,165268,155003
232.06442682700003,nodescheduler,4654,0.71,0.9868657192717123,23636,11394
232.06442682700003,nodecontroller,4496,4.02,3.947462877086849,53944,41426
232.06442682700003,nodelet,3810,4.48,4.9343285963585615,26540,13775
232.06442682700003,nodeproxy,4840,0.01,0.0,16296,6619
233.07290822699997,nodestore,3095,19.15,8.924309362572838,20808,12838
233.07290822699997,nodeapiserver,3446,40.01,12.890669079271877,165236,155003
233.07290822699997,nodescheduler,4654,0.71,0.0,23636,11394
233.07290822699997,nodecontroller,4496,4.03,0.9915899291747597,53944,41430
233.07290822699997,nodelet,3810,4.49,0.9915899291747597,26540,13775
233.07290822699997,nodeproxy,4840,0.01,0.0,16296,6619
234.082124377,nodestore,3095,19.26,10.899548129505787,20808,12838
234.082124377,nodeapiserver,3446,40.22,20.808228247238322,165300,155051
234.082124377,nodescheduler,4654,0.72,0.9908680117732533,23636,11362
234.082124377,nodecontroller,4496,4.05,1.9817360235465067,53944,41438
234.082124377,nodelet,3810,4.51,1.9817360235465067,26540,13775
234.082124377,nodeproxy,4840,0.01,0.0,16296,6619
235.09492086500006,nodestore,3095,19.35,8.886286738387232,20808,12838
235.09492086500006,nodeapiserver,3446,40.41,18.7599386699286,165340,155167
235.09492086500006,nodescheduler,4654,0.72,0.0,23636,11370
235.09492086500006,nodecontroller,4496,4.07,1.974730386308274,53944,41438
235.09492086500006,nodelet,3810,4.54,2.962095579462411,26540,13775
235.09492086500006,nodeproxy,4840,0.01,0.0,16296,6619
236.11353632700002,nodestore,3095,19.45,9.81724740400654,20808,12838
236.11353632700002,nodeapiserver,3446,40.56,14.72587110600981,165468,155167
236.11353632700002,nodescheduler,4654,0.72,0.0,23636,11362
236.11353632700002,nodecontroller,4496,4.08,0.9817247404006539,53944,41442
236.11353632700002,nodelet,3810,4.55,0.9817247404006539,26540,13775
236.11353632700002,nodeproxy,4840,0.01,0.0,16296,6619
237.12341021400005,nodestore,3095,19.55,9.902226534153112,20808,12838
237.12341021400005,nodeapiserver,3446,40.78,21.784898375136848,165568,155179
237.12341021400005,nodescheduler,4654,0.73,0.9902226534153112,23636,11362
237.12341021400005,nodecontroller,4496,4.11,2.9706679602459336,53944,41330
237.12341021400005,nodelet,3810,4.57,1.9804453068306225,26540,13775
237.12341021400005,nodeproxy,4840,0.01,0.0,16296,6619
238.13520121600004,nodestore,3095,19.67,11.860156866664894,20808,12846
238.13520121600004,nodeapiserver,3446,40.97,18.77858170555275,165752,155251
238.13520121600004,nodescheduler,4654,0.73,0.0,23636,11374
238.13520121600004,nodecontroller,4496,4.12,0.988346405555408,53944,41330
238.13520121600004,nodelet,3810,4.58,0.988346405555408,26540,13779
238.13520121600004,nodeproxy,4840,0.01,0.0,16296,6619
239.15341677499998,nodestore,3095,19.76,8.838992805059386,20808,12854
239.15341677499998,nodeapiserver,3446,41.15,17.67798561011877,165752,155255
239.15341677499998,nodescheduler,4654,0.73,0.0,23636,11370
239.15341677499998,nodecontroller,4496,4.15,2.9463309350197955,53944,41346
239.15341677499998,nodelet,3810,4.62,3.9284412466930605,26540,13779
239.15341677499998,nodeproxy,4840,0.01,0.0,16296,6619
240.16615754300005,nodestore,3095,19.86,9.874195170149695,20808,12846
240.16615754300005,nodeapiserver,3446,41.37,21.723229374329332,165812,155311
240.16615754300005,nodescheduler,4654,0.74,0.9874195170149697,23636,11378
240.16615754300005,nodecontroller,4496,4.17,1.9748390340299393,53944,41354
240.16615754300005,nodelet,3810,4.64,1.9748390340299393,26396,13751
240.16615754300005,nodeproxy,4840,0.01,0.0,16296,6619
241.176875816,nodestore,3095,19.96,9.893953901039714,20808,12846
241.176875816,nodeapiserver,3446,41.51,13.851535461455601,165688,155315
241.176875816,nodescheduler,4654,0.74,0.0,23636,11370
241.176875816,nodecontroller,4496,4.17,0.0,53944,41358
241.176875816,nodelet,3810,4.66,1.9787907802079427,26396,13771
241.176875816,nodeproxy,4840,0.01,0.0,16296,6619
242.18717876200003,nodestore,3095,20.07,10.887823344028668,20808,12846
242.18717876200003,nodeapiserver,3446,41.72,20.78584456587291,165684,155379
242.18717876200003,nodescheduler,4654,0.74,0.0,23636,11370
242.18717876200003,nodecontroller,4496,4.2,2.9694063665532733,53944,41330
242.18717876200003,nodelet,3810,4.68,1.9796042443688489,26396,13795
242.18717876200003,nodeproxy,4840,0.01,0.0,16296,6619
243.201413301,nodestore,3095,20.17,9.859652393478859,20808,12854
243.201413301,nodeapiserver,3446,41.9,17.747374308261946,165872,155431
243.201413301,nodescheduler,4654,0.74,0.0,23636,11378
243.201413301,nodecontroller,4496,4.22,1.9719304786957719,53944,41330
243.201413301,nodelet,3810,4.71,2.957895718043658,26396,13799
243.201413301,nodeproxy,4840,0.01,0.0,16296,6619
244.21730326099998,nodestore,3095,20.26,8.859227233626923,20808,12838
244.21730326099998,nodeapiserver,3446,42.06,15.749737304225642,165872,155431
244.21730326099998,nodescheduler,4654,0.74,0.0,23636,11370
244.21730326099998,nodecontroller,4496,4.24,1.9687171630282052,53944,41330
244.21730326099998,nodelet,3810,4.71,0.0,26396,13799
244.21730326099998,nodeproxy,4840,0.01,0.0,16296,6619
245.235890197,nodestore,3095,20.38,11.781026808692319,20808,12846
245.235890197,nodeapiserver,3446,42.26,19.635044681153865,165860,155455
245.235890197,nodescheduler,4654,0.75,0.9817522340576933,23636,11370
245.235890197,nodecontroller,4496,4.25,0.9817522340576933,53944,41330
245.235890197,nodelet,3810,4.74,2.9452567021730798,26396,13799
245.235890197,nodeproxy,4840,0.01,0.0,16296,6619
246.24058930900003,nodestore,3095,20.47,8.957905797372467,20808,12846
246.24058930900003,nodeapiserver,3446,42.43,16.920488728370216,165936,155527
246.24058930900003,nodescheduler,4654,0.76,0.9953228663747186,23636,11378
246.24058930900003,nodecontroller,4496,4.27,1.9906457327494371,53944,41330
246.24058930900003,nodelet,3810,4.76,1.9906457327494371,26264,13799
246.24058930900003,nodeproxy,4840,0.01,0.0,16296,6619
247.24938301300006,nodestore,3095,20.57,9.91282951147337,20808,12850
247.24938301300006,nodeapiserver,3446,42.59,15.860527218357394,165936,155531
247.24938301300006,nodescheduler,4654,0.76,0.0,23636,11370
247.24938301300006,nodecontroller,4496,4.29,1.9825659022946742,53944,41330
247.24938301300006,nodelet,3810,4.78,1.9825659022946742,26264,13799
247.24938301300006,nodeproxy,4840,0.01,0.0,16296,6619
248.255261089,nodestore,3095,20.67,9.941562738664052,20808,12846
248.255261089,nodeapiserver,3446,42.79,19.883125477328104,165932,155655
248.255261089,nodescheduler,4654,0.76,0.0,23636,11370
248.255261089,nodecontroller,4496,4.31,1.9883125477328105,53944,41330
248.255261089,nodelet,3810,4.8,1.9883125477328105,26380,13799
248.255261089,nodeproxy,4840,0.01,0.0,16296,6619
249.26141198000005,nodestore,3095,20.78,10.932753822904811,20808,12846
249.26141198000005,nodeapiserver,3446,42.97,17.889960801116963,165960,155683
249.26141198000005,nodescheduler,4654,0.76,0.0,23636,11366
249.26141198000005,nodecontroller,4496,4.32,0.9938867111731646,53804,41282
249.26141198000005,nodelet,3810,4.82,1.9877734223463293,26380,13811
249.26141198000005,nodeproxy,4840,0.01,0.0,16296,6619
250.28551805799998,nodestore,3095,20.88,9.764613466145905,20808,12846
250.28551805799998,nodeapiserver,3446,43.13,15.623381545833448,165924,155739
250.28551805799998,nodescheduler,4654,0.76,0.0,23636,11358
250.28551805799998,nodecontroller,4496,4.34,1.952922693229181,53804,41282
250.28551805799998,nodelet,3810,4.85,2.929384039843771,26368,13831
250.28551805799998,nodeproxy,4840,0.01,0.0,16296,6619
251.295418036,nodestore,3095,20.98,9.901970707835572,20808,12846
251.295418036,nodeapiserver,3446,43.31,17.82354727410403,166108,155791
251.295418036,nodescheduler,4654,0.78,1.9803941415671145,23636,11366
251.295418036,nodecontroller,4496,4.35,0.9901970707835572,53804,41210
251.295418036,nodelet,3810,4.87,1.9803941415671145,26240,13799
251.295418036,nodeproxy,4840,0.01,0.0,16296,6619
252.30395952499998,nodestore,3095,21.11,12.889901051953892,20808,12838
252.30395952499998,nodeapiserver,3446,43.63,31.728987204809577,166852,156171
252.30395952499998,nodescheduler,4654,0.78,0.0,23636,11398
252.30395952499998,nodecontroller,4496,4.42,6.940715951052097,53788,41218
252.30395952499998,nodelet,3810,4.88,0.9915308501502993,26240,13863
252.30395952499998,nodeproxy,4840,0.01,0.0,16296,6619
253.33606641799997,nodestore,3095,21.24,12.595594592158308,20936,12862
253.33606641799997,nodeapiserver,3446,44.05,40.69345945158838,166720,156259
253.33606641799997,nodescheduler,4654,0.79,0.9688918917044852,23636,11314
253.33606641799997,nodecontroller,4496,4.45,2.9066756751134557,54172,41722
253.33606641799997,nodelet,3810,4.92,3.875567566817941,26496,14163
253.33606641799997,nodeproxy,4840,0.01,0.0,16296,6575
254.36002515000007,nodestore,3095,21.41,16.60223158290172,20804,12866
254.36002515000007,nodeapiserver,3446,44.66,59.57271332688264,167248,156947
254.36002515000007,nodescheduler,4654,0.84,4.883009289088741,23764,11546
254.36002515000007,nodecontroller,4496,4.5,4.883009289088741,55196,42886
254.36002515000007,nodelet,3810,4.98,5.85961114690649,27008,14419
254.36002515000007,nodeproxy,4840,0.02,0.9766018578177482,16296,6651
255.41207527400002,nodestore,3095,21.6,18.059976009280852,20684,12902
255.41207527400002,nodeapiserver,3446,45.25,56.08097813408265,167600,157307
255.41207527400002,nodescheduler,4654,0.87,2.851575159360135,23892,11686
255.41207527400002,nodecontroller,4496,4.57,6.653675371840315,56092,43938
255.41207527400002,nodelet,3810,5.04,5.70315031872027,27136,14655
255.41207527400002,nodeproxy,4840,0.03,0.9505250531200449,16296,6699
256.465353092,nodestore,3095,21.78,17.08950828773698,20812,12942
256.465353092,nodeapiserver,3446,45.81,53.16735911740394,167984,157675
256.465353092,nodescheduler,4654,0.87,0.0,23892,11722
256.465353092,nodecontroller,4496,4.68,10.443588398061486,56180,43610
256.465353092,nodelet,3810,5.1,5.696502762578993,27520,15111
256.465353092,nodeproxy,4840,0.04,0.9494171270964987,16424,6707
257.49115280800004,nodestore,3095,21.96,17.54728502966275,20684,12858
257.49115280800004,nodeapiserver,3446,46.43,60.44064843550502,168420,158151
257.49115280800004,nodescheduler,4654,0.9,2.9245475049437912,23892,11782
257.49115280800004,nodecontroller,4496,4.78,9.748491683145971,56564,44066
257.49115280800004,nodelet,3810,5.19,8.773642514831375,27520,14867
257.49115280800004,nodeproxy,4840,0.06,1.9496983366291942,16424,6711
258.51141648,nodestore,3095,22.19,22.543192148471704,20684,12890
258.51141648,nodeapiserver,3446,47.13,68.6097152344791,169060,158795
258.51141648,nodescheduler,4654,0.9,0.0,23892,11794
258.51141648,nodecontroller,4496,4.92,13.721943046895822,56564,44202
258.51141648,nodelet,3810,5.21,1.9602775781279744,27648,15075
258.51141648,nodeproxy,4840,0.07,0.9801387890639872,16424,6715
259.52701629600006,nodestore,3095,22.4,20.677435806071887,20788,12866
259.52701629600006,nodeapiserver,3446,47.83,68.92478602023962,169564,159395
259.52701629600006,nodescheduler,4654,0.9,0.0,23892,11810
259.52701629600006,nodecontroller,4496,5.05,12.800317403758788,56948,44506
259.52701629600006,nodelet,3810,5.24,2.9539194008674126,27648,15267
259.52701629600006,nodeproxy,4840,0.08,0.9846398002891376,16424,6715
260.55114266600003,nodestore,3095,22.61,20.505281979996752,20748,12886
260.55114266600003,nodeapiserver,3446,48.55,70.30382393141744,170556,160463
260.55114266600003,nodescheduler,4654,0.91,0.9764419990474643,23892,11822
260.55114266600003,nodecontroller,4496,5.2,14.646629985711966,57204,44690
260.55114266600003,nodelet,3810,5.26,1.9528839980949286,27972,15399
260.55114266600003,nodeproxy,4840,0.08,0.0,16424,6715
261.58588163,nodestore,3095,22.84,22.227828273798668,20748,12894
261.58588163,nodeapiserver,3446,49.21,63.78420287263965,171068,160795
261.58588163,nodescheduler,4654,0.92,0.966427316252116,23892,11822
261.58588163,nodecontroller,4496,5.37,16.42926437628597,57460,44970
261.58588163,nodelet,3810,5.27,0.966427316252116,27972,15367
261.58588163,nodeproxy,4840,0.08,0.0,16424,6715
262.62858143000005,nodestore,3095,23.02,17.26287853896142,20880,12886
262.62858143000005,nodeapiserver,3446,49.84,60.42007488636497,171764,161619
262.62858143000005,nodescheduler,4654,0.93,0.9590488077200789,23892,11898
262.62858143000005,nodecontroller,4496,5.43,5.754292846320474,58612,46302
262.62858143000005,nodelet,3810,5.31,3.8361952308803158,27972,15567
262.62858143000005,nodeproxy,4840,0.08,0.0,16424,6715
263.718479903,nodestore,3095,23.14,11.010199846385664,20860,12922
263.718479903,nodeapiserver,3446,50.18,31.195566231426046,172136,161631
263.718479903,nodescheduler,4654,0.94,0.9175166538654719,23892,11918
263.718479903,nodecontroller,4496,5.46,2.752549961596416,58996,46586
263.718479903,nodelet,3810,5.36,4.58758326932736,27964,15423
263.718479903,nodeproxy,4840,0.09,0.9175166538654719,16424,6723
264.729108137,nodestore,3095,23.23,8.905351836825679,20956,12926
264.729108137,nodeapiserver,3446,50.36,17.810703673651357,172160,161715
264.729108137,nodescheduler,4654,0.94,0.0,24020,12006
264.729108137,nodecontroller,4496,5.48,1.9789670748501507,59900,47526
264.729108137,nodelet,3810,5.37,0.9894835374250753,27964,15451
264.729108137,nodeproxy,4840,0.09,0.0,16424,6723
265.75599872300006,nodestore,3095,23.33,9.738135821219467,20956,12922
265.75599872300006,nodeapiserver,3446,50.51,14.607203731829202,172160,161715
265.75599872300006,nodescheduler,4654,0.94,0.0,24020,12006
265.75599872300006,nodecontroller,4496,5.49,0.9738135821219468,59900,47578
265.75599872300006,nodelet,3810,5.39,1.9476271642438936,27964,15439
265.75599872300006,nodeproxy,4840,0.09,0.0,16424,6723
266.76817934400003,nodestore,3095,23.43,9.879659610673668,20892,12922
266.76817934400003,nodeapiserver,3446,50.71,19.759319221347337,172160,161763
266.76817934400003,nodescheduler,4654,0.95,0.9879659610673669,24020,12042
266.76817934400003,nodecontroller,4496,5.51,1.9759319221347338,60028,47570
266.76817934400003,nodelet,3810,5.42,2.9638978832021006,27964,15467
266.76817934400003,nodeproxy,4840,0.09,0.0,16424,6723
267.77908091000006,nodestore,3095,23.53,9.892159965255912,21000,12922
267.77908091000006,nodeapiserver,3446,50.88,16.816671940935052,172352,161907
267.77908091000006,nodescheduler,4654,0.95,0.0,24020,12042
267.77908091000006,nodecontroller,4496,5.52,0.9892159965255912,60028,47574
267.77908091000006,nodelet,3810,5.42,0.0,27964,15463
267.77908091000006,nodeproxy,4840,0.09,0.0,16424,6723
268.79252476600004,nodestore,3095,23.64,10.854079320601464,21000,12930
268.79252476600004,nodeapiserver,3446,51.05,16.77448622274772,172328,161827
268.79252476600004,nodescheduler,4654,0.95,0.0,24020,12054
268.79252476600004,nodecontroller,4496,5.54,1.9734689673820844,60284,47746
268.79252476600004,nodelet,3810,5.46,3.946937934764169,27956,15531
268.79252476600004,nodeproxy,4840,0.09,0.0,16424,6723
269.80296578900004,nodestore,3095,23.73,8.90700178945527,21000,12922
269.80296578900004,nodeapiserver,3446,51.17,11.87600238594036,172328,161831
269.80296578900004,nodescheduler,4654,0.95,0.0,24020,12054
269.80296578900004,nodecontroller,4496,5.55,0.98966686549503,60284,47750
269.80296578900004,nodelet,3810,5.46,0.0,27956,15531
269.80296578900004,nodeproxy,4840,0.09,0.0,16424,6723
270.81845670999996,nodestore,3095,23.83,9.847453870048687,20968,12922
270.81845670999996,nodeapiserver,3446,51.5,32.49659777116067,172816,162427
270.81845670999996,nodescheduler,4654,0.95,0.0,24020,12082
270.81845670999996,nodecontroller,4496,5.59,3.938981548019475,60972,48522
270.81845670999996,nodelet,3810,5.49,2.9542361610146064,28048,15623
270.81845670999996,nodeproxy,4840,0.09,0.0,16424,6723
271.83044999800006,nodestore,3095,23.94,10.86963730929303,21072,12922
271.83044999800006,nodeapiserver,3446,51.68,17.786679233388593,172892,162435
271.83044999800006,nodescheduler,4654,0.96,0.9881488462993664,24020,12094
271.83044999800006,nodecontroller,4496,5.6,0.9881488462993664,60972,48618
271.83044999800006,nodelet,3810,5.5,0.9881488462993664,28048,15643
271.83044999800006,nodeproxy,4840,0.09,0.0,16424,6723
272.84998754000003,nodestore,3095,24.04,9.808368586784546,21072,12922
272.84998754000003,nodeapiserver,3446,51.89,20.597574032247547,172748,162431
272.84998754000003,nodescheduler,4654,0.96,0.0,24020,12106
272.84998754000003,nodecontroller,4496,5.62,1.9616737173569092,60972,48582
272.84998754000003,nodelet,3810,5.53,2.942510576035364,28048,15631
272.84998754000003,nodeproxy,4840,0.09,0.0,16424,6723
273.85941519799997,nodestore,3095,24.15,10.897264318866819,20932,12922
273.85941519799997,nodeapiserver,3446,52.12,22.785189030357895,172876,162459
273.85941519799997,nodescheduler,4654,0.97,0.9906603926242562,24020,12110
273.85941519799997,nodecontroller,4496,5.64,1.9813207852485124,60972,48702
273.85941519799997,nodelet,3810,5.56,2.971981177872769,28048,15607
273.85941519799997,nodeproxy,4840,0.09,0.0,16424,6723
274.87003704100005,nodestore,3095,24.23,7.9159183579998675,20932,12922
274.87003704100005,nodeapiserver,3446,52.24,11.873877536999801,172876,162479
274.87003704100005,nodescheduler,4654,0.97,0.0,24020,12110
274.87003704100005,nodecontroller,4496,5.65,0.9894897947499834,60972,48702
274.87003704100005,nodelet,3810,5.56,0.0,28048,15607
274.87003704100005,nodeproxy,4840,0.09,0.0,16424,6723
275.88063505,nodestore,3095,24.34,10.884644440260564,20932,12922
275.88063505,nodeapiserver,3446,52.44,19.790262618655568,172728,162531
275.88063505,nodescheduler,4654,0.97,0.0,24020,12138
275.88063505,nodecontroller,4496,5.67,1.979026261865557,61228,48838
275.88063505,nodelet,3810,5.59,2.9685393927983355,28048,15607
275.88063505,nodeproxy,4840,0.09,0.0,16424,6723
276.936632302,nodestore,3095,24.44,9.469721612495281,21056,12922
276.936632302,nodeapiserver,3446,52.69,23.6743040312382,172832,162579
276.936632302,nodescheduler,4654,0.97,0.0,24148,12162
276.936632302,nodecontroller,4496,5.71,3.787888644998112,62124,49710
276.936632302,nodelet,3810,5.6,0.946972161249528,28176,15839
276.936632302,nodeproxy,4840,0.09,0.0,16424,6723
277.95179742100004,nodestore,3095,24.54,9.850614262486136,21056,12914
277.95179742100004,nodeapiserver,3446,52.97,27.581719934961185,173112,162767
277.95179742100004,nodescheduler,4654,0.98,0.9850614262486137,24276,12118
277.95179742100004,nodecontroller,4496,5.75,3.940245704994455,62124,49638
277.95179742100004,nodelet,3810,5.65,4.925307131243068,28560,16063
277.95179742100004,nodeproxy,4840,0.09,0.0,16424,6723
278.99289126400004,nodestore,3095,24.65,10.565810252323251,21048,12914
278.99289126400004,nodeapiserver,3446,53.2,22.092148709403162,172980,162651
278.99289126400004,nodescheduler,4654,0.98,0.0,24276,12086
278.99289126400004,nodecontroller,4496,5.78,2.8815846142699777,61944,49398
278.99289126400004,nodelet,3810,5.68,2.8815846142699777,28404,15775
278.99289126400004,nodeproxy,4840,0.09,0.0,16424,6723
280.01241101799997,nodestore,3095,24.75,9.80853971761364,20920,12914
280.01241101799997,nodeapiserver,3446,53.4,19.61707943522728,173112,162711
280.01241101799997,nodescheduler,4654,0.99,0.980853971761364,24276,12070
280.01241101799997,nodecontroller,4496,5.8,1.961707943522728,61944,49402
280.01241101799997,nodelet,3810,5.7,1.961707943522728,29404,16763
280.01241101799997,nodeproxy,4840,0.09,0.0,16424,6723
281.03480093999997,nodestore,3095,24.86,10.759104489686056,20908,12914
281.03480093999997,nodeapiserver,3446,53.64,23.474409795678667,172952,162771
281.03480093999997,nodescheduler,4654,1.0,0.9781004081532779,24276,12090
281.03480093999997,nodecontroller,4496,5.82,1.9562008163065558,61944,49422
281.03480093999997,nodelet,3810,5.74,3.9124016326131117,28388,15779
281.03480093999997,nodeproxy,4840,0.09,0.0,16424,6723
282.0491453220001,nodestore,3095,24.96,9.858584695152357,20908,12914
282.0491453220001,nodeapiserver,3446,53.77,12.816160103698063,172952,162771
282.0491453220001,nodescheduler,4654,1.0,0.0,24276,12074
282.0491453220001,nodecontroller,4496,5.83,0.9858584695152357,61944,49422
282.0491453220001,nodelet,3810,5.74,0.0,28388,15775
282.0491453220001,nodeproxy,4840,0.09,0.0,16424,6723
283.061514557,nodestore,3095,25.06,9.877818936290195,21032,12914
283.061514557,nodeapiserver,3446,54.0,22.71898355346745,173000,162847
283.061514557,nodescheduler,4654,1.0,0.0,24276,12074
283.061514557,nodecontroller,4496,5.86,2.9633456808870586,61944,49438
283.061514557,nodelet,3810,5.77,2.9633456808870586,28388,15759
283.061514557,nodeproxy,4840,0.09,0.0,16424,6723
284.08452805600007,nodestore,3095,25.18,11.730050494670277,21032,12914
284.08452805600007,nodeapiserver,3446,54.19,18.572579949894607,173160,162915
284.08452805600007,nodescheduler,4654,1.0,0.0,24276,12090
284.08452805600007,nodecontroller,4496,5.87,0.9775042078891898,61944,49450
284.08452805600007,nodelet,3810,5.77,0.0,28388,15775
284.08452805600007,nodeproxy,4840,0.09,0.0,16424,6723
285.09844925000004,nodestore,3095,25.26,7.890159558100906,21032,12914
285.09844925000004,nodeapiserver,3446,54.36,16.766589060964424,173148,162931
285.09844925000004,nodescheduler,4654,1.0,0.0,24276,12074
285.09844925000004,nodecontroller,4496,5.89,1.9725398895252264,61944,49450
285.09844925000004,nodelet,3810,5.8,2.9588098342878397,28388,15775
285.09844925000004,nodeproxy,4840,0.09,0.0,16424,6723
286.111623645,nodestore,3095,25.36,9.869969128069359,20864,12938
286.111623645,nodeapiserver,3446,54.67,30.596904297015012,173728,163455
286.111623645,nodescheduler,4654,1.0,0.0,24276,12102
286.111623645,nodecontroller,4496,5.92,2.9609907384208074,61944,49490
286.111623645,nodelet,3810,5.83,2.9609907384208074,28388,15767
286.111623645,nodeproxy,4840,0.1,0.9869969128069359,16424,6723
287.157572867,nodestore,3095,25.47,10.516762925609886,20864,12930
287.157572867,nodeapiserver,3446,54.96,27.72601134933515,173664,163487
287.157572867,nodescheduler,4654,1.02,1.9121387137472519,24276,12090
287.157572867,nodecontroller,4496,5.95,2.8682080706208777,61944,49486
287.157572867,nodelet,3810,5.88,4.780346784368129,28116,15555
287.157572867,nodeproxy,4840,0.11,0.9560693568736259,16552,6719
288.18876721800007,nodestore,3095,25.59,11.63699159946156,20864,12922
288.18876721800007,nodeapiserver,3446,55.25,28.122729698698766,173844,163587
288.18876721800007,nodescheduler,4654,1.02,0.0,24276,12026
288.18876721800007,nodecontroller,4496,6.0,4.84874649977565,61944,49466
288.18876721800007,nodelet,3810,5.92,3.87899719982052,27988,15355
288.18876721800007,nodeproxy,4840,0.11,0.0,16552,6739
289.29005090500004,nodestore,3095,25.73,12.712437462991577,20864,12922
289.29005090500004,nodeapiserver,3446,55.61,32.68912490483548,173920,163683
289.29005090500004,nodescheduler,4654,1.03,0.9080312473565411,24148,12014
289.29005090500004,nodecontroller,4496,6.03,2.7240937420696234,61944,49222
289.29005090500004,nodelet,3810,5.97,4.540156236782705,27856,15091
289.29005090500004,nodeproxy,4840,0.12,0.9080312473565411,16552,6751
290.318978558,nodestore,3095,25.83,9.71885629747009,20864,12922
290.318978558,nodeapiserver,3446,55.8,18.465826965193173,174016,163767
290.318978558,nodescheduler,4654,1.03,0.0,24148,11958
290.318978558,nodecontroller,4496,6.05,1.9437712594940182,61944,49098
290.318978558,nodelet,3810,6.0,2.9156568892410273,27716,14951
290.318978558,nodeproxy,4840,0.12,0.0,16416,6751
291.33003479800004,nodestore,3095,25.95,11.868775964430828,20864,12922
291.33003479800004,nodeapiserver,3446,56.0,19.781293274051382,174116,163767
291.33003479800004,nodescheduler,4654,1.03,0.0,24148,11934
291.33003479800004,nodecontroller,4496,6.07,1.9781293274051381,61944,49110
291.33003479800004,nodelet,3810,6.02,1.9781293274051381,27716,15015
291.33003479800004,nodeproxy,4840,0.12,0.0,16416,6751
292.34189098600007,nodestore,3095,26.06,10.871110075179711,20864,12922
292.34189098600007,nodeapiserver,3446,56.18,17.789089213930435,174364,163815
292.34189098600007,nodescheduler,4654,1.05,1.9765654682144929,24148,11942
292.34189098600007,nodecontroller,4496,6.09,1.9765654682144929,61800,48982
292.34189098600007,nodelet,3810,6.04,1.9765654682144929,27588,14887
292.34189098600007,nodeproxy,4840,0.12,0.0,16416,6743
293.3542820050001,nodestore,3095,26.16,9.877606391527996,20864,12922
293.3542820050001,nodeapiserver,3446,56.35,16.791930865597593,174344,163819
293.3542820050001,nodescheduler,4654,1.05,0.0,24148,11926
293.3542820050001,nodecontroller,4496,6.11,1.975521278305599,61800,48982
293.3542820050001,nodelet,3810,6.06,1.975521278305599,27588,14887
293.3542820050001,nodeproxy,4840,0.12,0.0,16416,6743
294.370021426,nodestore,3095,26.27,10.82954916643021,20864,12922
294.370021426,nodeapiserver,3446,56.53,17.721080454158525,174272,163839
294.370021426,nodescheduler,4654,1.05,0.0,24148,11938
294.370021426,nodecontroller,4496,6.12,0.9845044696754737,61800,48982
294.370021426,nodelet,3810,6.08,1.9690089393509473,27588,14887
294.370021426,nodeproxy,4840,0.12,0.0,16416,6743
295.382485341,nodestore,3095,26.37,9.876895217544499,20864,12922
295.382485341,nodeapiserver,3446,56.7,16.79072186982565,174328,163871
295.382485341,nodescheduler,4654,1.05,0.0,24148,11954
295.382485341,nodecontroller,4496,6.13,0.9876895217544499,61800,48994
295.382485341,nodelet,3810,6.1,1.9753790435088998,27588,14895
295.382485341,nodeproxy,4840,0.12,0.0,16416,6743
296.3947656,nodestore,3095,26.47,9.878687163057462,20864,12922
296.3947656,nodeapiserver,3446,56.86,15.80589946089194,174328,163871
296.3947656,nodescheduler,4654,1.05,0.0,24148,11942
296.3947656,nodecontroller,4496,6.16,2.9636061489172385,61800,48994
296.3947656,nodelet,3810,6.12,1.9757374326114925,27588,14887
296.3947656,nodeproxy,4840,0.12,0.0,16416,6743
297.40280392400007,nodestore,3095,26.58,10.912283529410299,20864,12922
297.40280392400007,nodeapiserver,3446,57.05,18.84848973261779,174400,163935
297.40280392400007,nodescheduler,4654,1.05,0.0,24148,11946
297.40280392400007,nodecontroller,4496,6.17,0.9920257754009363,61800,49002
297.40280392400007,nodelet,3810,6.14,1.9840515508018726,27588,14899
297.40280392400007,nodeproxy,4840,0.12,0.0,16416,6743
298.411206718,nodestore,3095,26.71,12.891673919737931,20864,12930
298.411206718,nodeapiserver,3446,57.23,17.850010042714057,174160,163955
298.411206718,nodescheduler,4654,1.06,0.9916672245952255,24148,12046
298.411206718,nodecontroller,4496,6.19,1.983334449190451,61800,49042
298.411206718,nodelet,3810,6.15,0.9916672245952255,27588,14903
298.411206718,nodeproxy,4840,0.12,0.0,16416,6743
299.433318308,nodestore,3095,26.82,10.762034309776203,20864,12930
299.433318308,nodeapiserver,3446,57.39,15.653868086947204,174160,163955
299.433318308,nodescheduler,4654,1.07,0.9783667554342003,24148,12030
299.433318308,nodecontroller,4496,6.2,0.9783667554342003,61800,49042
299.433318308,nodelet,3810,6.17,1.9567335108684005,27588,14871
299.433318308,nodeproxy,4840,0.12,0.0,16416,6743
300.44228315400005,nodestore,3095,26.93,10.90226289212034,20864,12930
300.44228315400005,nodeapiserver,3446,57.61,21.80452578424068,174372,164011
300.44228315400005,nodescheduler,4654,1.07,0.0,24148,12034
300.44228315400005,nodecontroller,4496,6.23,2.973344425123729,61584,48730
300.44228315400005,nodelet,3810,6.2,2.973344425123729,27672,14923
300.44228315400005,nodeproxy,4840,0.12,0.0,16416,6743
