elapsed_seconds,component,pid,cpu_seconds,cpu_pct_one_core,rss_kib,pss_kib
1.001791718999982,nodestore,4231,0.09,8.983903369638615,61532,61876
1.001791718999982,nodeapiserver,4238,0.3,29.946344565462052,343700,343676
1.001791718999982,nodescheduler,4245,0.01,0.9982114855154017,65548,65752
1.001791718999982,nodecontroller,4252,0.03,2.9946344565462053,123864,124044
1.001791718999982,nodelet,4375,0.07,6.987480398607813,101164,98923
1.001791718999982,nodeproxy,4610,0.0,0.0,49800,50304
1.001791718999982,containerd,3652,0.07,6.987480398607813,90416,89369
1.001791718999982,flanneld,5203,0.0,0.0,47328,47556
1.001791718999982,coredns,4870,0.0,0.0,66012,42410
1.001791718999982,coredns,4880,0.01,0.9982114855154017,65632,42098
2.0157607619999567,nodestore,4231,0.16,6.90356382014335,61532,61888
2.0157607619999567,nodeapiserver,4238,0.53,22.68313826618529,343700,343676
2.0157607619999567,nodescheduler,4245,0.02,0.9862234028776212,65548,65752
2.0157607619999567,nodecontroller,4252,0.04,0.9862234028776212,123864,124044
2.0157607619999567,nodelet,4375,0.1,2.9586702086328636,101164,98927
2.0157607619999567,nodeproxy,4610,0.0,0.0,49800,50304
2.0157607619999567,containerd,3652,0.1,2.9586702086328636,90416,89377
2.0157607619999567,flanneld,5203,0.0,0.0,47712,47812
2.0157607619999567,coredns,4870,0.01,0.9862234028776212,66012,42410
2.0157607619999567,coredns,4880,0.01,0.0,65632,42098
3.0394315419999884,nodestore,4231,0.27,10.745642265963339,61532,61928
3.0394315419999884,nodeapiserver,4238,0.81,27.35254394972487,343700,343744
3.0394315419999884,nodescheduler,4245,0.03,0.9768765696330308,65548,65756
3.0394315419999884,nodecontroller,4252,0.08,3.9075062785321233,123864,124056
3.0394315419999884,nodelet,4375,0.16,5.861259417798185,101164,98939
3.0394315419999884,nodeproxy,4610,0.0,0.0,49800,50304
3.0394315419999884,containerd,3652,0.12,1.9537531392660616,90416,89377
3.0394315419999884,flanneld,5203,0.0,0.0,47712,47812
3.0394315419999884,coredns,4870,0.02,0.9768765696330308,66012,42410
3.0394315419999884,coredns,4880,0.01,0.0,65632,42098
4.0569408749999525,nodestore,4231,0.36,8.8451277134382,61532,61964
4.0569408749999525,nodeapiserver,4238,1.19,37.3460947900724,343700,343760
4.0569408749999525,nodescheduler,4245,0.03,0.0,65548,65756
4.0569408749999525,nodecontroller,4252,0.11,2.9483759044794,123864,124060
4.0569408749999525,nodelet,4375,0.17,0.9827919681598,101292,99067
4.0569408749999525,nodeproxy,4610,0.0,0.0,49800,50304
4.0569408749999525,containerd,3652,0.12,0.0,90416,89377
4.0569408749999525,flanneld,5203,0.0,0.0,47712,47812
4.0569408749999525,coredns,4870,0.02,0.0,66012,42418
4.0569408749999525,coredns,4880,0.03,1.9655839363196,65632,42106
5.073142498999971,nodestore,4231,0.43,6.888396785321289,61532,62016
5.073142498999971,nodeapiserver,4238,1.45,25.585473774050502,343700,343760
5.073142498999971,nodescheduler,4245,0.04,0.9840566836173269,65548,65760
5.073142498999971,nodecontroller,4252,0.13,1.9681133672346538,123864,124060
5.073142498999971,nodelet,4375,0.24,6.888396785321289,101292,99067
5.073142498999971,nodeproxy,4610,0.0,0.0,49800,50304
5.073142498999971,containerd,3652,0.19,6.888396785321289,90416,89457
5.073142498999971,flanneld,5203,0.01,0.9840566836173269,47712,47812
5.073142498999971,coredns,4870,0.03,0.9840566836173269,66012,42418
5.073142498999971,coredns,4880,0.03,0.0,65632,42114
6.122464613999966,nodestore,4231,0.55,11.43595453527638,61532,62180
6.122464613999966,nodeapiserver,4238,1.79,32.40187118328308,343828,343784
6.122464613999966,nodescheduler,4245,0.07,2.858988633819095,65548,65764
6.122464613999966,nodecontroller,4252,0.18,4.7649810563651585,123864,124072
6.122464613999966,nodelet,4375,0.37,12.388950746549412,103848,101665
6.122464613999966,nodeproxy,4610,0.0,0.0,49800,50304
6.122464613999966,containerd,3652,0.34,14.294943169095474,91092,89921
6.122464613999966,flanneld,5203,0.03,1.9059924225460632,48480,48708
6.122464613999966,coredns,4870,0.03,0.0,66012,42426
6.122464613999966,coredns,4880,0.05,1.9059924225460632,65632,42118
7.179799609999975,nodestore,4231,0.68,12.295062633110739,61804,62444
7.179799609999975,nodeapiserver,4238,2.16,34.99363980193056,343828,343860
7.179799609999975,nodescheduler,4245,0.08,0.9457740487008262,65548,65768
7.179799609999975,nodecontroller,4252,0.23,4.72887024350413,123864,124092
7.179799609999975,nodelet,4375,0.45,7.566192389606609,103848,101681
7.179799609999975,nodeproxy,4610,0.0,0.0,49800,50308
7.179799609999975,containerd,3652,0.43,8.511966438307436,91092,89956
7.179799609999975,flanneld,5203,0.03,0.0,48480,48708
7.179799609999975,coredns,4870,0.04,0.9457740487008262,66012,42430
7.179799609999975,coredns,4880,0.05,0.0,65632,42126
8.200579908999998,nodestore,4231,0.76,7.837141849070716,61932,62484
8.200579908999998,nodeapiserver,4238,2.42,25.470711009479825,343828,343860
8.200579908999998,nodescheduler,4245,0.09,0.9796427311338395,65548,65768
8.200579908999998,nodecontroller,4252,0.26,2.9389281934015186,123864,124092
8.200579908999998,nodelet,4375,0.57,11.755712773606074,104232,101985
8.200579908999998,nodeproxy,4610,0.0,0.0,49800,50308
8.200579908999998,containerd,3652,0.48,4.898213655669197,91092,89980
8.200579908999998,flanneld,5203,0.03,0.0,48480,48708
8.200579908999998,coredns,4870,0.05,0.9796427311338395,66012,42430
8.200579908999998,coredns,4880,0.06,0.9796427311338395,65632,42130
9.231200498999954,nodestore,4231,0.85,8.732602557455591,62060,62524
9.231200498999954,nodeapiserver,4238,2.7,27.168096845417395,343828,343872
9.231200498999954,nodescheduler,4245,0.1,0.9702891730506211,65548,65768
9.231200498999954,nodecontroller,4252,0.3,3.8811566922024845,123864,124092
9.231200498999954,nodelet,4375,0.62,4.851445865253106,104232,101985
9.231200498999954,nodeproxy,4610,0.0,0.0,49800,50308
9.231200498999954,containerd,3652,0.54,5.821735038303727,91220,90039
9.231200498999954,flanneld,5203,0.03,0.0,48480,48708
9.231200498999954,coredns,4870,0.06,0.9702891730506211,66012,42430
9.231200498999954,coredns,4880,0.06,0.0,65632,42130
10.262013876999958,nodestore,4231,0.96,10.671184750572715,62060,62580
10.262013876999958,nodeapiserver,4238,2.98,27.163015728730553,343828,343876
10.262013876999958,nodescheduler,4245,0.11,0.9701077045975196,65548,65772
10.262013876999958,nodecontroller,4252,0.32,1.9402154091950392,123864,124092
10.262013876999958,nodelet,4375,0.7,7.760861636780157,104232,102001
10.262013876999958,nodeproxy,4610,0.0,0.0,49800,50308
10.262013876999958,containerd,3652,0.6,5.820646227585118,91220,90056
10.262013876999958,flanneld,5203,0.03,0.0,48480,48708
10.262013876999958,coredns,4870,0.06,0.0,66012,42430
10.262013876999958,coredns,4880,0.07,0.9701077045975196,65632,42130
11.29651301499996,nodestore,4231,1.05,8.699862251601017,62060,62608
11.29651301499996,nodeapiserver,4238,3.26,27.066238116092055,343828,343876
11.29651301499996,nodescheduler,4245,0.12,0.9666513612890019,65548,65776
11.29651301499996,nodecontroller,4252,0.34,1.9333027225780037,123864,124092
11.29651301499996,nodelet,4375,0.75,4.833256806445009,104360,102049
11.29651301499996,nodeproxy,4610,0.0,0.0,49800,50308
11.29651301499996,containerd,3652,0.63,2.8999540838670055,91220,90056
11.29651301499996,flanneld,5203,0.04,0.9666513612890019,48480,48708
11.29651301499996,coredns,4870,0.07,0.9666513612890019,66012,42430
11.29651301499996,coredns,4880,0.09,1.9333027225780037,65632,42134
12.31509078199997,nodestore,4231,1.17,11.7811328587539,62188,62768
12.31509078199997,nodeapiserver,4238,3.73,46.142770363452776,343828,343880
12.31509078199997,nodescheduler,4245,0.13,0.981761071562825,65548,65776
12.31509078199997,nodecontroller,4252,0.4,5.89056642937695,125272,125716
12.31509078199997,nodelet,4375,0.81,5.89056642937695,104360,102057
12.31509078199997,nodeproxy,4610,0.01,0.981761071562825,49800,50308
12.31509078199997,containerd,3652,0.65,1.96352214312565,91220,90056
12.31509078199997,flanneld,5203,0.04,0.0,48480,48708
12.31509078199997,coredns,4870,0.07,0.0,66012,42434
12.31509078199997,coredns,4880,0.09,0.0,65632,42142
13.329933788999995,nodestore,4231,1.25,7.882992684404246,62316,62796
13.329933788999995,nodeapiserver,4238,4.01,27.590474395414866,343828,343896
13.329933788999995,nodescheduler,4245,0.14,0.9853740855505307,65548,65780
13.329933788999995,nodecontroller,4252,0.43,2.956122256651592,125528,126016
13.329933788999995,nodelet,4375,0.84,2.956122256651592,104360,102061
13.329933788999995,nodeproxy,4610,0.01,0.0,49800,50308
13.329933788999995,containerd,3652,0.67,1.9707481711010615,91220,90056
13.329933788999995,flanneld,5203,0.04,0.0,48480,48708
13.329933788999995,coredns,4870,0.08,0.9853740855505307,66012,42434
13.329933788999995,coredns,4880,0.1,0.9853740855505307,65632,42150
14.356038685999977,nodestore,4231,1.34,8.771033084739443,62316,62844
14.356038685999977,nodeapiserver,4238,4.26,24.363980790942897,343828,343896
14.356038685999977,nodescheduler,4245,0.15,0.9745592316377159,65548,65780
14.356038685999977,nodecontroller,4252,0.46,2.9236776949131476,126424,126896
14.356038685999977,nodelet,4375,0.88,3.8982369265508634,104360,102061
14.356038685999977,nodeproxy,4610,0.01,0.0,49800,50308
14.356038685999977,containerd,3652,0.74,6.821914621464011,91220,90068
14.356038685999977,flanneld,5203,0.05,0.9745592316377159,47940,48140
14.356038685999977,coredns,4870,0.09,0.9745592316377159,66012,42446
14.356038685999977,coredns,4880,0.1,0.0,65632,42150
15.397409636999953,nodestore,4231,1.43,8.642453480537124,62316,62880
15.397409636999953,nodeapiserver,4238,4.54,26.88763305055995,343828,343896
15.397409636999953,nodescheduler,4245,0.15,0.0,65548,65780
15.397409636999953,nodecontroller,4252,0.49,2.8808178268457083,126680,127116
15.397409636999953,nodelet,4375,0.93,4.801363044742847,104360,102061
15.397409636999953,nodeproxy,4610,0.01,0.0,49800,50308
15.397409636999953,containerd,3652,0.76,1.9205452178971387,91220,90072
15.397409636999953,flanneld,5203,0.05,0.0,47940,48140
15.397409636999953,coredns,4870,0.1,0.9602726089485694,66012,42446
15.397409636999953,coredns,4880,0.12,1.9205452178971387,65632,42158
16.411240448,nodestore,4231,1.51,7.890862965694205,62444,62932
16.411240448,nodeapiserver,4238,4.82,27.61802037992972,343828,343900
16.411240448,nodescheduler,4245,0.16,0.9863578707117756,65548,65780
16.411240448,nodecontroller,4252,0.52,2.959073612135327,127192,127492
16.411240448,nodelet,4375,0.98,4.931789353558878,104360,102069
16.411240448,nodeproxy,4610,0.02,0.9863578707117756,49800,50308
16.411240448,containerd,3652,0.78,1.9727157414235512,91220,90076
16.411240448,flanneld,5203,0.05,0.0,47940,48140
16.411240448,coredns,4870,0.1,0.0,66012,42450
16.411240448,coredns,4880,0.12,0.0,65632,42158
17.429856538999957,nodestore,4231,1.63,11.780689610174754,62724,63072
17.429856538999957,nodeapiserver,4238,5.16,33.3786205621618,343828,343916
17.429856538999957,nodescheduler,4245,0.19,2.9451724025436885,65548,65792
17.429856538999957,nodecontroller,4252,0.58,5.890344805087377,129368,129776
17.429856538999957,nodelet,4375,1.06,7.853793073449836,104360,102071
17.429856538999957,nodeproxy,4610,0.02,0.0,49800,50308
17.429856538999957,containerd,3652,0.83,4.9086206709061475,91220,90062
17.429856538999957,flanneld,5203,0.06,0.9817241341812295,47940,48140
17.429856538999957,coredns,4870,0.11,0.9817241341812295,66012,42450
17.429856538999957,coredns,4880,0.13,0.9817241341812295,65632,42158
18.491298554999958,nodestore,4231,1.78,14.131718712744068,62876,63272
18.491298554999958,nodeapiserver,4238,5.51,32.97401032973616,343828,343932
18.491298554999958,nodescheduler,4245,0.21,1.884229161699209,65548,65792
18.491298554999958,nodecontroller,4252,0.66,7.536916646796836,131800,132072
18.491298554999958,nodelet,4375,1.23,16.015947874443277,104360,102159
18.491298554999958,nodeproxy,4610,0.02,0.0,49800,50308
18.491298554999958,containerd,3652,1.07,22.61074994039051,91620,90589
18.491298554999958,flanneld,5203,0.07,0.9421145808496045,48196,48552
18.491298554999958,coredns,4870,0.12,0.9421145808496045,66012,42458
18.491298554999958,coredns,4880,0.14,0.9421145808496045,65632,42162
19.521692487999985,nodestore,4231,1.85,6.793518261136553,62876,63332
19.521692487999985,nodeapiserver,4238,5.9,37.849601740617935,343828,343940
19.521692487999985,nodescheduler,4245,0.21,0.0,65548,65792
19.521692487999985,nodecontroller,4252,0.69,2.911507826201379,131800,132076
19.521692487999985,nodelet,4375,1.34,10.675528696071725,104360,102185
19.521692487999985,nodeproxy,4610,0.03,0.9705026087337931,49800,50308
19.521692487999985,containerd,3652,1.13,5.823015652402758,91764,90632
19.521692487999985,flanneld,5203,0.07,0.0,48196,48552
19.521692487999985,coredns,4870,0.13,0.9705026087337931,66012,42458
19.521692487999985,coredns,4880,0.15,0.9705026087337931,65632,42162
20.53638650299996,nodestore,4231,1.93,7.884150179007606,62876,63384
20.53638650299996,nodeapiserver,4238,6.17,26.60900685415067,343828,343940
20.53638650299996,nodescheduler,4245,0.22,0.9855187723759508,65548,65792
20.53638650299996,nodecontroller,4252,0.71,1.9710375447519015,131800,132092
20.53638650299996,nodelet,4375,1.38,3.942075089503803,104360,102197
20.53638650299996,nodeproxy,4610,0.03,0.0,49800,50308
20.53638650299996,containerd,3652,1.15,1.9710375447519015,91764,90632
20.53638650299996,flanneld,5203,0.07,0.0,48196,48552
20.53638650299996,coredns,4870,0.14,0.9855187723759508,66012,42462
20.53638650299996,coredns,4880,0.15,0.0,65632,42162
21.555804610999985,nodestore,4231,2.04,10.790469497918446,65060,65464
21.555804610999985,nodeapiserver,4238,6.47,29.428553176141214,343828,343944
21.555804610999985,nodescheduler,4245,0.23,0.9809517725380406,65548,65792
21.555804610999985,nodecontroller,4252,0.74,2.9428553176141214,131800,132172
21.555804610999985,nodelet,4375,1.42,3.9238070901521622,104360,102201
21.555804610999985,nodeproxy,4610,0.03,0.0,49800,50308
21.555804610999985,containerd,3652,1.17,1.9619035450760811,91764,90636
21.555804610999985,flanneld,5203,0.07,0.0,48196,48552
21.555804610999985,coredns,4870,0.15,0.9809517725380406,66012,42462
21.555804610999985,coredns,4880,0.16,0.9809517725380406,65632,42162
22.572767823999982,nodestore,4231,2.13,8.849877640559283,65060,65564
22.572767823999982,nodeapiserver,4238,6.75,27.532952659517775,343828,343948
22.572767823999982,nodescheduler,4245,0.24,0.9833197378399204,65548,65792
22.572767823999982,nodecontroller,4252,0.77,2.949959213519761,131800,132192
22.572767823999982,nodelet,4375,1.45,2.949959213519761,106468,104253
22.572767823999982,nodeproxy,4610,0.03,0.0,49800,50308
22.572767823999982,containerd,3652,1.19,1.9666394756798409,91764,90640
22.572767823999982,flanneld,5203,0.07,0.0,48196,48552
22.572767823999982,coredns,4870,0.15,0.0,66012,42462
22.572767823999982,coredns,4880,0.17,0.9833197378399204,65632,42162
23.598188105999952,nodestore,4231,2.23,9.752098895972772,65188,65672
23.598188105999952,nodeapiserver,4238,7.09,33.157136246307424,343956,344088
23.598188105999952,nodescheduler,4245,0.25,0.9752098895972772,65548,65792
23.598188105999952,nodecontroller,4252,0.82,4.876049447986386,131928,132272
23.598188105999952,nodelet,4375,1.55,9.752098895972772,106468,104273
23.598188105999952,nodeproxy,4610,0.03,0.0,49800,50312
23.598188105999952,containerd,3652,1.27,7.801679116778217,91764,90760
23.598188105999952,flanneld,5203,0.08,0.9752098895972772,47408,47700
23.598188105999952,coredns,4870,0.15,0.0,66012,42430
23.598188105999952,coredns,4880,0.17,0.0,65632,42198
24.62261576399999,nodestore,4231,2.31,7.809238590471284,65460,65744
24.62261576399999,nodeapiserver,4238,7.35,25.380025419031675,343956,344088
24.62261576399999,nodescheduler,4245,0.26,0.9761548238089105,65548,65792
24.62261576399999,nodecontroller,4252,0.84,1.952309647617821,131928,132272
24.62261576399999,nodelet,4375,1.59,3.904619295235642,106468,104273
24.62261576399999,nodeproxy,4610,0.03,0.0,49928,50380
24.62261576399999,containerd,3652,1.3,2.928464471426732,91764,90760
24.62261576399999,flanneld,5203,0.08,0.0,47408,47700
24.62261576399999,coredns,4870,0.17,1.952309647617821,66012,42430
24.62261576399999,coredns,4880,0.18,0.9761548238089105,65632,42198
25.652175381999996,nodestore,4231,2.41,9.712890662345234,65460,65784
25.652175381999996,nodeapiserver,4238,7.63,27.196093854566662,343956,344100
25.652175381999996,nodescheduler,4245,0.26,0.0,65548,65792
25.652175381999996,nodecontroller,4252,0.88,3.885156264938094,131928,132284
25.652175381999996,nodelet,4375,1.62,2.9138671987035707,106468,104277
25.652175381999996,nodeproxy,4610,0.03,0.0,49928,50380
25.652175381999996,containerd,3652,1.31,0.9712890662345235,91764,90760
25.652175381999996,flanneld,5203,0.08,0.0,47408,47700
25.652175381999996,coredns,4870,0.17,0.0,66012,42442
25.652175381999996,coredns,4880,0.19,0.9712890662345235,65632,42210
26.682008058999998,nodestore,4231,2.5,8.739283770075966,65460,65808
26.682008058999998,nodeapiserver,4238,7.9,26.2178513102279,343956,344104
26.682008058999998,nodescheduler,4245,0.27,0.9710315300084408,65548,65796
26.682008058999998,nodecontroller,4252,0.9,1.9420630600168816,131928,132288
26.682008058999998,nodelet,4375,1.67,4.855157650042203,108536,106341
26.682008058999998,nodeproxy,4610,0.03,0.0,49928,50380
26.682008058999998,containerd,3652,1.35,3.884126120033763,91764,90760
26.682008058999998,flanneld,5203,0.08,0.0,47408,47700
26.682008058999998,coredns,4870,0.17,0.0,66012,42442
26.682008058999998,coredns,4880,0.19,0.0,65632,42214
27.71281341699995,nodestore,4231,2.59,8.731037271151258,65460,65864
27.71281341699995,nodeapiserver,4238,8.17,26.193111813453775,343956,344104
27.71281341699995,nodescheduler,4245,0.27,0.0,65548,65796
27.71281341699995,nodecontroller,4252,0.93,2.9103457570504196,131928,132296
27.71281341699995,nodelet,4375,1.74,6.79080676645098,108536,106353
27.71281341699995,nodeproxy,4610,0.03,0.0,49928,50380
27.71281341699995,containerd,3652,1.43,7.760922018801119,91896,90828
27.71281341699995,flanneld,5203,0.09,0.9701152523501398,47408,47700
27.71281341699995,coredns,4870,0.18,0.9701152523501398,66012,42442
27.71281341699995,coredns,4880,0.2,0.9701152523501398,65632,42214
28.72603544499998,nodestore,4231,2.65,5.921703076119684,65460,65892
28.72603544499998,nodeapiserver,4238,8.38,20.725960766418893,343956,344140
28.72603544499998,nodescheduler,4245,0.28,0.9869505126866139,65548,65800
28.72603544499998,nodecontroller,4252,0.95,1.9739010253732279,131928,132296
28.72603544499998,nodelet,4375,1.79,4.93475256343307,108536,106373
28.72603544499998,nodeproxy,4610,0.03,0.0,49928,50380
28.72603544499998,containerd,3652,1.47,3.9478020507464557,93976,92880
28.72603544499998,flanneld,5203,0.09,0.0,47408,47700
28.72603544499998,coredns,4870,0.19,0.9869505126866139,66140,42462
28.72603544499998,coredns,4880,0.21,0.9869505126866139,65632,42214
29.767404846999966,nodestore,4231,2.77,11.523288447839525,65604,66016
29.767404846999966,nodeapiserver,4238,8.72,32.649317268878654,358296,358708
29.767404846999966,nodescheduler,4245,0.3,1.9205480746399208,65548,65816
29.767404846999966,nodecontroller,4252,1.0,4.801370186599802,131928,132340
29.767404846999966,nodelet,4375,1.97,17.284932671759286,108536,106400
29.767404846999966,nodeproxy,4610,0.03,0.0,49928,50380
29.767404846999966,containerd,3652,1.64,16.324658634439327,96216,95302
29.767404846999966,flanneld,5203,0.1,0.9602740373199604,47536,47892
29.767404846999966,coredns,4870,0.19,0.0,66140,42462
29.767404846999966,coredns,4880,0.21,0.0,65632,42222
30.82663776299995,nodestore,4231,2.93,15.105270765585072,65732,66240
30.82663776299995,nodeapiserver,4238,9.25,50.03620941100055,366508,366908
30.82663776299995,nodescheduler,4245,0.31,0.944079422849067,65548,65824
30.82663776299995,nodecontroller,4252,1.07,6.60855595994347,132056,132376
30.82663776299995,nodelet,4375,2.12,14.161191342736004,112796,110633
30.82663776299995,nodeproxy,4610,0.04,0.944079422849067,50056,50388
30.82663776299995,containerd,3652,1.73,8.496714805641602,96772,95472
30.82663776299995,flanneld,5203,0.1,0.0,47536,47892
30.82663776299995,coredns,4870,0.2,0.944079422849067,66140,42470
30.82663776299995,coredns,4880,0.22,0.944079422849067,65632,42238
31.840635562999978,nodestore,4231,3.01,7.889563468480689,65732,66268
31.840635562999978,nodeapiserver,4238,9.52,26.627276706122323,366508,366920
31.840635562999978,nodescheduler,4245,0.33,1.9723908671201722,65548,65824
31.840635562999978,nodecontroller,4252,1.09,1.9723908671201722,132056,132376
31.840635562999978,nodelet,4375,2.18,5.917172601360517,112796,110641
31.840635562999978,nodeproxy,4610,0.04,0.0,50056,50388
31.840635562999978,containerd,3652,1.82,8.875758902040774,96772,95580
31.840635562999978,flanneld,5203,0.12,1.9723908671201722,48048,48404
31.840635562999978,coredns,4870,0.21,0.9861954335600861,66140,42474
31.840635562999978,coredns,4880,0.24,1.9723908671201722,65632,42246
32.857785293999996,nodestore,4231,3.09,7.865115386831736,65864,66308
32.857785293999996,nodeapiserver,4238,9.8,27.527903853911077,366508,366928
32.857785293999996,nodescheduler,4245,0.34,0.983139423353967,65548,65832
32.857785293999996,nodecontroller,4252,1.12,2.949418270061901,132056,132376
32.857785293999996,nodelet,4375,2.22,3.932557693415868,112796,110641
32.857785293999996,nodeproxy,4610,0.04,0.0,50056,50388
32.857785293999996,containerd,3652,1.83,0.983139423353967,96772,95580
32.857785293999996,flanneld,5203,0.12,0.0,48048,48404
32.857785293999996,coredns,4870,0.22,0.983139423353967,66140,42486
32.857785293999996,coredns,4880,0.24,0.0,67768,44298
33.88377471499996,nodestore,4231,3.18,8.77202027212747,66004,66356
33.88377471499996,nodeapiserver,4238,10.07,26.31606081638241,366508,366936
33.88377471499996,nodescheduler,4245,0.34,0.0,65548,65832
33.88377471499996,nodecontroller,4252,1.14,1.9493378382505488,132056,132376
33.88377471499996,nodelet,4375,2.25,2.9240067573758233,112796,110641
33.88377471499996,nodeproxy,4610,0.04,0.0,50056,50388
33.88377471499996,containerd,3652,1.86,2.9240067573758233,96772,95580
33.88377471499996,flanneld,5203,0.12,0.0,48048,48404
33.88377471499996,coredns,4870,0.22,0.0,66140,42490
33.88377471499996,coredns,4880,0.26,1.9493378382505488,67896,44306
34.902611401,nodestore,4231,3.28,9.815115746626716,68164,68448
34.902611401,nodeapiserver,4238,10.35,27.48232409055481,366508,366944
34.902611401,nodescheduler,4245,0.35,0.9815115746626717,65548,65832
34.902611401,nodecontroller,4252,1.17,2.944534723988015,132056,132392
34.902611401,nodelet,4375,2.28,2.944534723988015,114856,112689
34.902611401,nodeproxy,4610,0.04,0.0,50056,50388
34.902611401,containerd,3652,1.89,2.944534723988015,96772,95580
34.902611401,flanneld,5203,0.12,0.0,48048,48404
34.902611401,coredns,4870,0.23,0.9815115746626717,66140,42490
34.902611401,coredns,4880,0.26,0.0,67896,44306
35.920374625999955,nodestore,4231,3.41,12.773108401515094,68164,68588
35.920374625999955,nodeapiserver,4238,10.72,36.35423160431219,366636,366952
35.920374625999955,nodescheduler,4245,0.37,1.9650936002330912,65548,65836
35.920374625999955,nodecontroller,4252,1.23,5.895280800699274,132184,132548
35.920374625999955,nodelet,4375,2.37,8.842921201048911,114856,112757
35.920374625999955,nodeproxy,4610,0.04,0.0,50056,50388
35.920374625999955,containerd,3652,1.9,0.9825468001165456,96772,95580
35.920374625999955,flanneld,5203,0.12,0.0,48048,48404
35.920374625999955,coredns,4870,0.23,0.0,66140,42490
35.920374625999955,coredns,4880,0.27,0.9825468001165456,67896,44306
36.935797267,nodestore,4231,3.49,7.87849283340892,68164,68612
36.935797267,nodeapiserver,4238,10.97,24.620290104402876,366636,366960
36.935797267,nodescheduler,4245,0.38,0.984811604176115,65548,65836
36.935797267,nodecontroller,4252,1.24,0.984811604176115,132184,132572
36.935797267,nodelet,4375,2.42,4.924058020880575,114856,112761
36.935797267,nodeproxy,4610,0.04,0.0,50056,50388
36.935797267,containerd,3652,2.02,11.81773925011338,96772,95676
36.935797267,flanneld,5203,0.12,0.0,48048,48404
36.935797267,coredns,4870,0.24,0.984811604176115,66140,42298
36.935797267,coredns,4880,0.27,0.0,67896,44306
37.953955389999976,nodestore,4231,3.57,7.857325713247954,68292,68652
37.953955389999976,nodeapiserver,4238,11.26,28.48280571052383,366636,366960
37.953955389999976,nodescheduler,4245,0.39,0.9821657141559943,65548,65836
37.953955389999976,nodecontroller,4252,1.28,3.928662856623977,132184,132628
37.953955389999976,nodelet,4375,2.45,2.946497142467983,114856,112761
37.953955389999976,nodeproxy,4610,0.04,0.0,50056,50388
37.953955389999976,containerd,3652,2.03,0.9821657141559943,98840,97724
37.953955389999976,flanneld,5203,0.13,0.9821657141559943,48048,48404
37.953955389999976,coredns,4870,0.26,1.9643314283119886,66140,42298
37.953955389999976,coredns,4880,0.28,0.9821657141559943,67896,44306
38.96941727899997,nodestore,4231,3.68,10.832508949038527,68420,68700
38.96941727899997,nodeapiserver,4238,11.53,26.588885602185474,366892,367160
38.96941727899997,nodescheduler,4245,0.4,0.9847735408216842,65548,65836
38.96941727899997,nodecontroller,4252,1.32,3.939094163286737,132184,132728
38.96941727899997,nodelet,4375,2.51,5.908641244930106,114856,112765
38.96941727899997,nodeproxy,4610,0.04,0.0,50056,50388
38.96941727899997,containerd,3652,2.09,5.908641244930106,98840,97728
38.96941727899997,flanneld,5203,0.13,0.0,48048,48404
38.96941727899997,coredns,4870,0.26,0.0,66140,42298
38.96941727899997,coredns,4880,0.29,0.9847735408216842,67896,44306
39.98982328899996,nodestore,4231,3.75,6.86001447600263,68420,68712
39.98982328899996,nodeapiserver,4238,11.79,25.480053768009764,366892,367160
39.98982328899996,nodescheduler,4245,0.4,0.0,65548,65836
39.98982328899996,nodecontroller,4252,1.33,0.9800020680003756,132184,132736
39.98982328899996,nodelet,4375,2.62,10.78002274800413,114856,112841
39.98982328899996,nodeproxy,4610,0.04,0.0,50056,50388
39.98982328899996,containerd,3652,2.11,1.9600041360007512,98840,97728
39.98982328899996,flanneld,5203,0.13,0.0,48048,48408
39.98982328899996,coredns,4870,0.26,0.0,66140,42298
39.98982328899996,coredns,4880,0.29,0.0,67896,44306
41.02603089999997,nodestore,4231,3.86,10.615633279690227,68420,68840
41.02603089999997,nodeapiserver,4238,12.27,46.32276340228463,373536,373656
41.02603089999997,nodescheduler,4245,0.43,2.8951727126427893,65548,65844
41.02603089999997,nodecontroller,4252,1.39,5.790345425285579,132952,133300
41.02603089999997,nodelet,4375,2.74,11.580690850571157,114856,112853
41.02603089999997,nodeproxy,4610,0.04,0.0,50056,50388
41.02603089999997,containerd,3652,2.18,6.755402996166509,98968,97820
41.02603089999997,flanneld,5203,0.13,0.0,48048,48408
41.02603089999997,coredns,4870,0.27,0.9650575708809298,66140,42298
41.02603089999997,coredns,4880,0.31,1.9301151417618596,67896,44306
42.056458271,nodestore,4231,3.96,9.704711153290694,68552,68888
42.056458271,nodeapiserver,4238,12.53,25.2322489985558,373536,373664
42.056458271,nodescheduler,4245,0.43,0.0,65548,65848
42.056458271,nodecontroller,4252,1.42,2.911413345987208,135160,135464
42.056458271,nodelet,4375,2.86,11.645653383948831,114856,112884
42.056458271,nodeproxy,4610,0.05,0.9704711153290693,50056,50452
42.056458271,containerd,3652,2.36,17.468480075923246,99496,98134
42.056458271,flanneld,5203,0.16,2.911413345987208,47480,47704
42.056458271,coredns,4870,0.28,0.9704711153290693,66140,42298
42.056458271,coredns,4880,0.32,0.9704711153290693,67896,44306
43.09228530799999,nodestore,4231,4.13,16.41200643809818,68552,69120
43.09228530799999,nodeapiserver,4238,12.96,41.51272216695423,373664,373812
43.09228530799999,nodescheduler,4245,0.46,2.8962364302526202,65548,65848
43.09228530799999,nodecontroller,4252,1.56,13.515770007845564,135160,135544
43.09228530799999,nodelet,4375,3.03,16.41200643809818,114856,112897
43.09228530799999,nodeproxy,4610,0.06,0.9654121434175401,50568,50872
43.09228530799999,containerd,3652,2.55,18.34283072493326,101504,100388
43.09228530799999,flanneld,5203,0.16,0.0,47424,47640
43.09228530799999,coredns,4870,0.29,0.9654121434175401,66140,42298
43.09228530799999,coredns,4880,0.32,0.0,67896,44318
44.12591698299997,nodestore,4231,4.25,11.609551342358216,68852,69260
44.12591698299997,nodeapiserver,4238,13.3,32.893728803348274,373792,373820
44.12591698299997,nodescheduler,4245,0.46,0.0,65548,65848
44.12591698299997,nodecontroller,4252,1.61,4.837313059315923,135160,135572
44.12591698299997,nodelet,4375,3.21,17.414327013537324,116996,115041
44.12591698299997,nodeproxy,4610,0.06,0.0,50568,50948
44.12591698299997,containerd,3652,2.65,9.674626118631846,98928,97792
44.12591698299997,flanneld,5203,0.16,0.0,47424,47640
44.12591698299997,coredns,4870,0.29,0.0,66140,42306
44.12591698299997,coredns,4880,0.33,0.9674626118631846,67896,44318
45.15251683499997,nodestore,4231,4.35,9.740893670029442,68852,69300
45.15251683499997,nodeapiserver,4238,13.6,29.222681010088326,373792,373824
45.15251683499997,nodescheduler,4245,0.48,1.9481787340058883,65548,65852
45.15251683499997,nodecontroller,4252,1.63,1.9481787340058883,135160,135572
45.15251683499997,nodelet,4375,3.26,4.870446835014721,116996,115041
45.15251683499997,nodeproxy,4610,0.06,0.0,50568,50948
45.15251683499997,containerd,3652,2.7,4.870446835014721,98928,97816
45.15251683499997,flanneld,5203,0.16,0.0,47424,47640
45.15251683499997,coredns,4870,0.3,0.9740893670029441,66140,42306
45.15251683499997,coredns,4880,0.34,0.9740893670029441,67896,44318
46.181774185999984,nodestore,4231,4.44,8.74416878466374,68852,69336
46.181774185999984,nodeapiserver,4238,13.86,25.260932044584138,373792,373824
46.181774185999984,nodescheduler,4245,0.48,0.0,65548,65852
46.181774185999984,nodecontroller,4252,1.66,2.914722928221247,135160,135572
46.181774185999984,nodelet,4375,3.33,6.801020165849577,115424,113317
46.181774185999984,nodeproxy,4610,0.06,0.0,50568,50952
46.181774185999984,containerd,3652,2.74,3.886297237628329,98928,97824
46.181774185999984,flanneld,5203,0.16,0.0,47424,47640
46.181774185999984,coredns,4870,0.31,0.9715743094070822,66140,42306
46.181774185999984,coredns,4880,0.35,0.9715743094070822,67896,44318
47.21586316599996,nodestore,4231,4.52,7.736278168248312,68852,69360
47.21586316599996,nodeapiserver,4238,14.13,26.109938817838053,373792,373832
47.21586316599996,nodescheduler,4245,0.49,0.967034771031039,65548,65852
47.21586316599996,nodecontroller,4252,1.69,2.901104313093117,135160,135572
47.21586316599996,nodelet,4375,3.37,3.868139084124156,115424,113317
47.21586316599996,nodeproxy,4610,0.06,0.0,50568,50952
47.21586316599996,containerd,3652,2.79,4.835173855155195,98928,97832
47.21586316599996,flanneld,5203,0.17,0.967034771031039,47424,47640
47.21586316599996,coredns,4870,0.32,0.967034771031039,66140,42306
47.21586316599996,coredns,4880,0.35,0.0,67896,44318
48.24306872599999,nodestore,4231,4.64,11.682179757671564,69116,69480
48.24306872599999,nodeapiserver,4238,14.5,36.02005425282066,373792,373844
48.24306872599999,nodescheduler,4245,0.5,0.9735149798059636,65548,65856
48.24306872599999,nodecontroller,4252,1.74,4.867574899029818,135160,135584
48.24306872599999,nodelet,4375,3.46,8.761634818253672,115424,113325
48.24306872599999,nodeproxy,4610,0.06,0.0,50568,51040
48.24306872599999,containerd,3652,2.85,5.841089878835782,98928,97832
48.24306872599999,flanneld,5203,0.17,0.0,47424,47640
48.24306872599999,coredns,4870,0.32,0.0,66140,42314
48.24306872599999,coredns,4880,0.36,0.9735149798059636,67896,44318
49.276136474,nodestore,4231,4.73,8.711916539281926,69116,69512
49.276136474,nodeapiserver,4238,14.79,28.07173107101954,373792,373852
49.276136474,nodescheduler,4245,0.52,1.9359814531737614,65548,65864
49.276136474,nodecontroller,4252,1.77,2.903972179760642,135288,135648
49.276136474,nodelet,4375,3.51,4.839953632934404,115424,113323
49.276136474,nodeproxy,4610,0.07,0.9679907265868807,50696,51136
49.276136474,containerd,3652,2.88,2.903972179760642,98928,97831
49.276136474,flanneld,5203,0.17,0.0,47424,47640
49.276136474,coredns,4870,0.32,0.0,66140,42314
49.276136474,coredns,4880,0.36,0.0,67896,44322
50.31317865899996,nodestore,4231,4.82,8.678528347427191,69116,69548
50.31317865899996,nodeapiserver,4238,15.06,26.035585042281575,373792,373864
50.31317865899996,nodescheduler,4245,0.52,0.0,65548,65864
50.31317865899996,nodecontroller,4252,1.79,1.9285618549838202,135288,135648
50.31317865899996,nodelet,4375,3.62,10.607090202411012,115424,113397
50.31317865899996,nodeproxy,4610,0.07,0.0,50696,51136
50.31317865899996,containerd,3652,2.96,7.714247419935281,98928,97844
50.31317865899996,flanneld,5203,0.17,0.0,47424,47640
50.31317865899996,coredns,4870,0.34,1.9285618549838202,66140,42318
50.31317865899996,coredns,4880,0.37,0.9642809274919101,67896,44322
51.328199197,nodestore,4231,4.91,8.866815658462674,69116,69584
51.328199197,nodeapiserver,4238,15.45,38.42286785333825,373792,373908
51.328199197,nodescheduler,4245,0.53,0.9852017398291859,65548,65864
51.328199197,nodecontroller,4252,1.81,1.9704034796583718,135288,135648
51.328199197,nodelet,4375,3.63,0.9852017398291859,115424,113397
51.328199197,nodeproxy,4610,0.07,0.0,50696,51136
51.328199197,containerd,3652,2.97,0.9852017398291859,98928,97848
51.328199197,flanneld,5203,0.18,0.9852017398291859,47424,47640
51.328199197,coredns,4870,0.34,0.0,66140,42318
51.328199197,coredns,4880,0.38,0.9852017398291859,67896,44330
52.342936485999985,nodestore,4231,4.99,7.883813955318386,69116,69648
52.342936485999985,nodeapiserver,4238,15.73,27.593348843614354,373792,373920
52.342936485999985,nodescheduler,4245,0.54,0.9854767444147983,65548,65864
52.342936485999985,nodecontroller,4252,1.85,3.941906977659193,135288,135652
52.342936485999985,nodelet,4375,3.71,7.883813955318386,114264,112117
52.342936485999985,nodeproxy,4610,0.07,0.0,50696,51136
52.342936485999985,containerd,3652,3.0,2.9564302332443946,98928,97848
52.342936485999985,flanneld,5203,0.19,0.9854767444147983,47424,47640
52.342936485999985,coredns,4870,0.35,0.9854767444147983,66140,42318
52.342936485999985,coredns,4880,0.39,0.9854767444147983,67896,44338
53.35931177699996,nodestore,4231,5.1,10.822773927510086,69116,69724
53.35931177699996,nodeapiserver,4238,16.07,33.452210321394816,373792,373928
53.35931177699996,nodescheduler,4245,0.57,2.95166561659366,65548,65872
53.35931177699996,nodecontroller,4252,1.9,4.9194426943227665,135416,135668
53.35931177699996,nodelet,4375,3.78,6.887219772051874,114264,112129
53.35931177699996,nodeproxy,4610,0.07,0.0,50696,51136
53.35931177699996,containerd,3652,3.02,1.9677770777291066,98928,97848
53.35931177699996,flanneld,5203,0.19,0.0,47424,47640
53.35931177699996,coredns,4870,0.36,0.9838885388645533,66140,42318
53.35931177699996,coredns,4880,0.39,0.0,67896,44338
54.43158563199995,nodestore,4231,5.19,8.393378200944822,69300,69868
54.43158563199995,nodeapiserver,4238,16.32,23.31493944706895,373792,373932
54.43158563199995,nodescheduler,4245,0.58,0.9325975778827581,65548,65872
54.43158563199995,nodecontroller,4252,1.93,2.797792733648274,135416,135668
54.43158563199995,nodelet,4375,3.93,13.988963668241372,114716,112567
54.43158563199995,nodeproxy,4610,0.07,0.0,50824,51240
54.43158563199995,containerd,3652,3.24,20.517146713420676,99204,98123
54.43158563199995,flanneld,5203,0.2,0.9325975778827581,47936,48216
54.43158563199995,coredns,4870,0.36,0.0,66140,42318
54.43158563199995,coredns,4880,0.4,0.9325975778827581,67896,44338
55.57226366399999,nodestore,4231,5.39,17.533431379345885,71832,72228
55.57226366399999,nodeapiserver,4238,16.78,40.32689217249553,373792,373952
55.57226366399999,nodescheduler,4245,0.6,1.7533431379345885,65548,65876
55.57226366399999,nodecontroller,4252,2.05,10.520058827607532,135416,135772
55.57226366399999,nodelet,4375,4.18,21.916789224182356,114716,112577
55.57226366399999,nodeproxy,4610,0.07,0.0,51208,51580
55.57226366399999,containerd,3652,3.45,18.41010294831318,99320,98096
55.57226366399999,flanneld,5203,0.2,0.0,47936,48216
55.57226366399999,coredns,4870,0.38,1.7533431379345885,66140,42330
55.57226366399999,coredns,4880,0.41,0.8766715689672943,67896,44350
56.61708860199997,nodestore,4231,5.48,8.613883218779185,71832,72288
56.61708860199997,nodeapiserver,4238,17.08,28.71294406259728,373792,373952
56.61708860199997,nodescheduler,4245,0.61,0.9570981354199094,65548,65876
56.61708860199997,nodecontroller,4252,2.08,2.8712944062597283,135416,135772
56.61708860199997,nodelet,4375,4.22,3.8283925416796376,114716,112577
56.61708860199997,nodeproxy,4610,0.08,0.9570981354199094,51208,51652
56.61708860199997,containerd,3652,3.49,3.8283925416796376,100088,98903
56.61708860199997,flanneld,5203,0.21,0.9570981354199094,47800,47960
56.61708860199997,coredns,4870,0.38,0.0,66140,42330
56.61708860199997,coredns,4880,0.42,0.9570981354199094,67896,44350
57.67580990099998,nodestore,4231,5.57,8.50082076227305,71832,72316
57.67580990099998,nodeapiserver,4238,17.36,26.446997927071713,373792,373952
57.67580990099998,nodescheduler,4245,0.61,0.0,65548,65876
57.67580990099998,nodecontroller,4252,2.11,2.833606920757683,135416,135772
57.67580990099998,nodelet,4375,4.3,7.556285122020489,114716,112585
57.67580990099998,nodeproxy,4610,0.08,0.0,51208,51652
57.67580990099998,containerd,3652,3.54,4.722678201262806,100088,98904
57.67580990099998,flanneld,5203,0.21,0.0,47800,47960
57.67580990099998,coredns,4870,0.4,1.8890712805051222,66140,42334
57.67580990099998,coredns,4880,0.42,0.0,67896,44354
58.695344277000004,nodestore,4231,5.66,8.827559140585356,71832,72348
58.695344277000004,nodeapiserver,4238,17.65,28.44435723077503,373792,373952
58.695344277000004,nodescheduler,4245,0.62,0.980839904509484,65548,65876
58.695344277000004,nodecontroller,4252,2.14,2.9425197135284518,135416,135776
58.695344277000004,nodelet,4375,4.35,4.90419952254742,114716,112649
58.695344277000004,nodeproxy,4610,0.08,0.0,51208,51652
58.695344277000004,containerd,3652,3.58,3.923359618037936,100088,98904
58.695344277000004,flanneld,5203,0.21,0.0,47800,47960
58.695344277000004,coredns,4870,0.4,0.0,66140,42334
58.695344277000004,coredns,4880,0.43,0.980839904509484,67896,44354
59.72690067799999,nodestore,4231,5.76,9.69408942672065,71832,72380
59.72690067799999,nodeapiserver,4238,17.92,26.174041452145758,373792,373960
59.72690067799999,nodescheduler,4245,0.62,0.0,65548,65876
59.72690067799999,nodecontroller,4252,2.17,2.908226828016195,135416,135776
59.72690067799999,nodelet,4375,4.39,3.87763577068826,114716,112652
59.72690067799999,nodeproxy,4610,0.08,0.0,51208,51652
59.72690067799999,containerd,3652,3.62,3.87763577068826,100088,98924
59.72690067799999,flanneld,5203,0.22,0.969408942672065,47800,47960
59.72690067799999,coredns,4870,0.4,0.0,66140,42358
59.72690067799999,coredns,4880,0.45,1.93881788534413,67896,44354
60.779231924999976,nodestore,4231,5.87,10.452982396331114,72100,72468
60.779231924999976,nodeapiserver,4238,18.27,33.25948944287173,377968,378248
60.779231924999976,nodescheduler,4245,0.63,0.9502711269391922,65548,65876
60.779231924999976,nodecontroller,4252,2.21,3.801084507756769,135416,135780
60.779231924999976,nodelet,4375,4.52,12.353524650209499,114844,112820
60.779231924999976,nodeproxy,4610,0.08,0.0,51336,51720
60.779231924999976,containerd,3652,3.7,7.602169015513538,100088,98963
60.779231924999976,flanneld,5203,0.22,0.0,47800,47960
60.779231924999976,coredns,4870,0.41,0.9502711269391922,66140,42362
60.779231924999976,coredns,4880,0.45,0.0,67896,44354
61.867813754999986,nodestore,4231,5.96,8.267637537179837,72100,72660
61.867813754999986,nodeapiserver,4238,18.67,36.74505572079928,380032,380336
61.867813754999986,nodescheduler,4245,0.65,1.837252786039964,65548,65880
61.867813754999986,nodecontroller,4252,2.25,3.674505572079928,135416,135784
61.867813754999986,nodelet,4375,4.58,5.5117583581198915,116908,114873
61.867813754999986,nodeproxy,4610,0.09,0.918626393019982,51336,51804
61.867813754999986,containerd,3652,3.72,1.837252786039964,100088,98964
61.867813754999986,flanneld,5203,0.22,0.0,47800,47960
61.867813754999986,coredns,4870,0.42,0.918626393019982,66140,42362
61.867813754999986,coredns,4880,0.46,0.918626393019982,67896,44354
62.90647243899997,nodestore,4231,6.05,8.66502166557743,72228,72696
62.90647243899997,nodeapiserver,4238,18.97,28.883405551924767,380032,380344
62.90647243899997,nodescheduler,4245,0.66,0.962780185064159,65548,65888
62.90647243899997,nodecontroller,4252,2.28,2.888340555192477,135416,135788
62.90647243899997,nodelet,4375,4.62,3.851120740256636,116908,114873
62.90647243899997,nodeproxy,4610,0.09,0.0,51336,51804
62.90647243899997,containerd,3652,3.75,2.888340555192477,100088,98964
62.90647243899997,flanneld,5203,0.22,0.0,47800,47960
62.90647243899997,coredns,4870,0.43,0.962780185064159,66140,42362
62.90647243899997,coredns,4880,0.46,0.0,67896,44354
63.934276573999966,nodestore,4231,6.14,8.756532196671916,72228,72736
63.934276573999966,nodeapiserver,4238,19.27,29.188440655573054,380032,380356
63.934276573999966,nodescheduler,4245,0.66,0.0,65548,65888
63.934276573999966,nodecontroller,4252,2.31,2.9188440655573054,135416,135788
63.934276573999966,nodelet,4375,4.66,3.891792087409741,116908,114877
63.934276573999966,nodeproxy,4610,0.09,0.0,51336,51804
63.934276573999966,containerd,3652,3.76,0.9729480218524352,100088,98964
63.934276573999966,flanneld,5203,0.22,0.0,47800,47960
63.934276573999966,coredns,4870,0.43,0.0,66140,42362
63.934276573999966,coredns,4880,0.47,0.9729480218524352,67896,44354
64.95343495499998,nodestore,4231,6.24,9.812017627905757,74544,74856
64.95343495499998,nodeapiserver,4238,19.54,26.492447595345542,380032,380356
64.95343495499998,nodescheduler,4245,0.67,0.9812017627905756,65548,65888
64.95343495499998,nodecontroller,4252,2.33,1.9624035255811512,135416,135792
64.95343495499998,nodelet,4375,4.75,8.83081586511518,116908,114881
64.95343495499998,nodeproxy,4610,0.09,0.0,51336,51804
64.95343495499998,containerd,3652,3.84,7.849614102324605,100088,99052
64.95343495499998,flanneld,5203,0.22,0.0,47800,47960
64.95343495499998,coredns,4870,0.45,1.9624035255811512,66140,42366
64.95343495499998,coredns,4880,0.48,0.9812017627905756,67896,44354
65.977202691,nodestore,4231,6.3,5.86070432678673,74544,74860
65.977202691,nodeapiserver,4238,19.76,21.48924919821801,380032,380356
65.977202691,nodescheduler,4245,0.68,0.976784054464455,65548,65888
65.977202691,nodecontroller,4252,2.35,1.95356810892891,135416,135792
65.977202691,nodelet,4375,4.79,3.90713621785782,116908,114879
65.977202691,nodeproxy,4610,0.09,0.0,51336,51840
65.977202691,containerd,3652,3.96,11.72140865357346,98868,97659
65.977202691,flanneld,5203,0.24,1.95356810892891,47800,47960
65.977202691,coredns,4870,0.45,0.0,66140,42382
65.977202691,coredns,4880,0.48,0.0,67896,44358
67.06303108099996,nodestore,4231,6.46,14.735293484084147,74836,75132
67.06303108099996,nodeapiserver,4238,20.22,42.36396876674193,380032,380372
67.06303108099996,nodescheduler,4245,0.7,1.8419116855105184,65548,65896
67.06303108099996,nodecontroller,4252,2.44,8.288602584797333,135416,135800
67.06303108099996,nodelet,4375,5.04,23.02389606888148,114432,112338
67.06303108099996,nodeproxy,4610,0.09,0.0,51464,52004
67.06303108099996,containerd,3652,4.12,14.735293484084147,98996,97781
67.06303108099996,flanneld,5203,0.24,0.0,48184,48284
67.06303108099996,coredns,4870,0.46,0.9209558427552592,66140,42382
67.06303108099996,coredns,4880,0.49,0.9209558427552592,67896,44358
68.12260379499997,nodestore,4231,6.62,15.100426604605653,74836,75332
68.12260379499997,nodeapiserver,4238,20.62,37.75106651151413,380032,380384
68.12260379499997,nodescheduler,4245,0.72,1.8875533255757067,65548,65908
68.12260379499997,nodecontroller,4252,2.51,6.606436639514974,135544,135824
68.12260379499997,nodelet,4375,5.23,17.93175659296921,115072,113029
68.12260379499997,nodeproxy,4610,0.11,1.8875533255757067,51464,52016
68.12260379499997,containerd,3652,4.28,15.100426604605653,97268,95928
68.12260379499997,flanneld,5203,0.25,0.9437766627878533,48184,48284
68.12260379499997,coredns,4870,0.47,0.9437766627878533,66140,42386
68.12260379499997,coredns,4880,0.5,0.9437766627878533,67896,44366
69.14061234599995,nodestore,4231,6.71,8.84079017917815,74836,75360
69.14061234599995,nodeapiserver,4238,20.87,24.55775049771708,380032,380384
69.14061234599995,nodescheduler,4245,0.74,1.9646200398173663,65548,65908
69.14061234599995,nodecontroller,4252,2.53,1.9646200398173663,135544,135824
69.14061234599995,nodelet,4375,5.37,13.752340278721567,116736,114873
69.14061234599995,nodeproxy,4610,0.11,0.0,51464,52016
69.14061234599995,containerd,3652,4.63,34.38085069680391,102400,101072
69.14061234599995,flanneld,5203,0.26,0.9823100199086832,47228,47260
69.14061234599995,coredns,4870,0.48,0.9823100199086832,66140,42390
69.14061234599995,coredns,4880,0.51,0.9823100199086832,67896,44366
70.173038486,nodestore,4231,6.78,6.780146035434286,74836,75404
70.173038486,nodeapiserver,4238,21.11,23.246214978631834,380032,380388
70.173038486,nodescheduler,4245,0.74,0.0,65548,65908
70.173038486,nodecontroller,4252,2.56,2.905776872328979,135544,135824
70.173038486,nodelet,4375,5.46,8.717330616986938,116736,114881
70.173038486,nodeproxy,4610,0.11,0.0,51464,52016
70.173038486,containerd,3652,4.92,28.089176432513465,101080,99724
70.173038486,flanneld,5203,0.26,0.0,47228,47260
70.173038486,coredns,4870,0.48,0.0,66140,42390
70.173038486,coredns,4880,0.51,0.0,67896,44366
71.22279051799995,nodestore,4231,6.85,6.668241438565065,74836,75424
71.22279051799995,nodeapiserver,4238,21.46,33.34120719282532,380032,380440
71.22279051799995,nodescheduler,4245,0.75,0.9526059197950092,65548,65908
71.22279051799995,nodecontroller,4252,2.58,1.9052118395900184,135544,135832
71.22279051799995,nodelet,4375,5.52,5.715635518770055,116736,114881
71.22279051799995,nodeproxy,4610,0.11,0.0,51464,52016
71.22279051799995,containerd,3652,4.99,6.668241438565065,101592,100236
71.22279051799995,flanneld,5203,0.26,0.0,47228,47260
71.22279051799995,coredns,4870,0.48,0.0,66140,42390
71.22279051799995,coredns,4880,0.53,1.9052118395900184,67896,44366
72.25041244199997,nodestore,4231,6.94,8.758084845998148,74964,75460
72.25041244199997,nodeapiserver,4238,21.76,29.19361615332716,380032,380444
72.25041244199997,nodescheduler,4245,0.76,0.9731205384442386,65548,65908
72.25041244199997,nodecontroller,4252,2.62,3.8924821537769545,135544,135836
72.25041244199997,nodelet,4375,5.57,4.865602692221193,116736,114881
72.25041244199997,nodeproxy,4610,0.11,0.0,51464,52016
72.25041244199997,containerd,3652,5.0,0.9731205384442386,101592,100236
72.25041244199997,flanneld,5203,0.27,0.9731205384442386,47228,47260
72.25041244199997,coredns,4870,0.5,1.9462410768884773,66140,42390
72.25041244199997,coredns,4880,0.53,0.0,67896,44370
73.27237048299997,nodestore,4231,7.04,9.785137548518934,75120,75640
73.27237048299997,nodeapiserver,4238,22.12,35.226495174668166,380160,380452
73.27237048299997,nodescheduler,4245,0.77,0.9785137548518934,65548,65908
73.27237048299997,nodecontroller,4252,2.69,6.849596283963255,135544,135904
73.27237048299997,nodelet,4375,5.66,8.806623793667042,115216,113301
73.27237048299997,nodeproxy,4610,0.11,0.0,51464,52040
73.27237048299997,containerd,3652,5.03,2.93554126455568,101592,100236
73.27237048299997,flanneld,5203,0.27,0.0,47228,47260
73.27237048299997,coredns,4870,0.51,0.9785137548518934,66140,42394
73.27237048299997,coredns,4880,0.54,0.9785137548518934,67896,44374
74.30396194499997,nodestore,4231,7.15,10.663135945962356,75120,75708
74.30396194499997,nodeapiserver,4238,22.4,27.142527862449636,380160,380452
74.30396194499997,nodescheduler,4245,0.78,0.9693759950874868,65548,65908
74.30396194499997,nodecontroller,4252,2.73,3.8775039803499474,135544,135908
74.30396194499997,nodelet,4375,5.72,5.816255970524922,115216,113429
74.30396194499997,nodeproxy,4610,0.11,0.0,51464,52040
74.30396194499997,containerd,3652,5.09,5.816255970524922,101592,100276
74.30396194499997,flanneld,5203,0.27,0.0,47228,47260
74.30396194499997,coredns,4870,0.51,0.0,66140,42398
74.30396194499997,coredns,4880,0.54,0.0,67896,44378
75.31981251099995,nodestore,4231,7.23,7.87517403420941,75252,75732
75.31981251099995,nodeapiserver,4238,22.66,25.59431561118058,380160,380460
75.31981251099995,nodescheduler,4245,0.79,0.9843967542761762,65548,65908
75.31981251099995,nodecontroller,4252,2.76,2.9531902628285285,135544,135908
75.31981251099995,nodelet,4375,5.75,2.9531902628285285,117356,115493
75.31981251099995,nodeproxy,4610,0.11,0.0,51464,52040
75.31981251099995,containerd,3652,5.13,3.937587017104705,101592,100276
75.31981251099995,flanneld,5203,0.27,0.0,47228,47260
75.31981251099995,coredns,4870,0.51,0.0,66140,42398
75.31981251099995,coredns,4880,0.55,0.9843967542761762,67896,44378
76.34196923999997,nodestore,4231,7.33,9.783235502233667,75516,75768
76.34196923999997,nodeapiserver,4238,22.96,29.349706506701,380160,380464
76.34196923999997,nodescheduler,4245,0.8,0.9783235502233667,65548,65908
76.34196923999997,nodecontroller,4252,2.79,2.9349706506701,135544,135908
76.34196923999997,nodelet,4375,5.78,2.9349706506701,117356,115513
76.34196923999997,nodeproxy,4610,0.11,0.0,51464,52040
76.34196923999997,containerd,3652,5.14,0.9783235502233667,101592,100276
76.34196923999997,flanneld,5203,0.27,0.0,47228,47260
76.34196923999997,coredns,4870,0.52,0.9783235502233667,66140,42398
76.34196923999997,coredns,4880,0.56,0.9783235502233667,67896,44378
77.36185822499999,nodestore,4231,7.41,7.843990981037825,75516,75784
77.36185822499999,nodeapiserver,4238,23.23,26.47346956100266,380160,380464
77.36185822499999,nodescheduler,4245,0.8,0.0,65548,65908
77.36185822499999,nodecontroller,4252,2.81,1.9609977452594562,135544,135908
77.36185822499999,nodelet,4375,5.81,2.941496617889184,117356,115521
77.36185822499999,nodeproxy,4610,0.11,0.0,51464,52040
77.36185822499999,containerd,3652,5.19,4.902494363148641,101592,100276
77.36185822499999,flanneld,5203,0.28,0.9804988726297281,47228,47260
77.36185822499999,coredns,4870,0.53,0.9804988726297281,66268,42426
77.36185822499999,coredns,4880,0.56,0.0,67896,44378
78.41128125299997,nodestore,4231,7.52,10.48195027791998,75516,75884
78.41128125299997,nodeapiserver,4238,23.55,30.492946263039943,380160,380476
78.41128125299997,nodescheduler,4245,0.82,1.9058091414399965,65548,65916
78.41128125299997,nodecontroller,4252,2.87,5.71742742431999,135672,135920
78.41128125299997,nodelet,4375,5.98,16.199377702239968,117040,115004
78.41128125299997,nodeproxy,4610,0.11,0.0,51464,52040
78.41128125299997,containerd,3652,5.33,13.340663990079976,101592,100275
78.41128125299997,flanneld,5203,0.29,0.9529045707199982,47228,47260
78.41128125299997,coredns,4870,0.54,0.9529045707199982,66268,42482
78.41128125299997,coredns,4880,0.57,0.9529045707199982,67896,44378
79.50137973399995,nodestore,4231,7.68,14.677572970583961,75808,76112
79.50137973399995,nodeapiserver,4238,23.92,33.94188749447541,380160,380488
79.50137973399995,nodescheduler,4245,0.84,1.8346966213229952,65548,65916
79.50137973399995,nodecontroller,4252,2.94,6.421438174630484,135672,135932
79.50137973399995,nodelet,4375,6.19,19.26431452389145,117040,115024
79.50137973399995,nodeproxy,4610,0.12,0.9173483106614976,51464,52040
79.50137973399995,containerd,3652,5.59,23.851056077198937,97224,95830
79.50137973399995,flanneld,5203,0.3,0.9173483106614976,48252,48348
79.50137973399995,coredns,4870,0.55,0.9173483106614976,66268,42578
79.50137973399995,coredns,4880,0.57,0.0,67896,44378
80.56507641499996,nodestore,4231,7.81,12.221529156016867,75936,76316
80.56507641499996,nodeapiserver,4238,24.44,48.88611662406747,380160,380500
80.56507641499996,nodescheduler,4245,0.85,0.9401176273859129,65548,65916
80.56507641499996,nodecontroller,4252,3.0,5.640705764315477,135672,135940
80.56507641499996,nodelet,4375,6.4,19.74247017510417,115868,113749
80.56507641499996,nodeproxy,4610,0.12,0.0,51464,52040
80.56507641499996,containerd,3652,5.69,9.401176273859129,97224,95876
80.56507641499996,flanneld,5203,0.31,0.9401176273859129,47460,47452
80.56507641499996,coredns,4870,0.56,0.9401176273859129,68488,44842
80.56507641499996,coredns,4880,0.58,0.9401176273859129,67896,44382
81.59243679599996,nodestore,4231,7.9,8.760314458729408,76068,76328
81.59243679599996,nodeapiserver,4238,24.72,27.25431164938038,380160,380504
81.59243679599996,nodescheduler,4245,0.86,0.9733682731921564,65548,65916
81.59243679599996,nodecontroller,4252,3.03,2.9201048195764687,135672,135940
81.59243679599996,nodelet,4375,6.44,3.8934730927686254,116252,114201
81.59243679599996,nodeproxy,4610,0.13,0.9733682731921564,51464,52040
81.59243679599996,containerd,3652,5.7,0.9733682731921564,98120,96864
81.59243679599996,flanneld,5203,0.31,0.0,47460,47452
81.59243679599996,coredns,4870,0.56,0.0,68488,44842
81.59243679599996,coredns,4880,0.59,0.9733682731921564,68024,44386
82.60949418599995,nodestore,4231,7.98,7.865829478904894,76068,76384
82.60949418599995,nodeapiserver,4238,24.99,26.54717449130402,380160,380504
82.60949418599995,nodescheduler,4245,0.87,0.9832286848631118,65548,65924
82.60949418599995,nodecontroller,4252,3.05,1.9664573697262235,135672,135940
82.60949418599995,nodelet,4375,6.51,6.8826007940417835,116252,114249
82.60949418599995,nodeproxy,4610,0.13,0.0,51464,52040
82.60949418599995,containerd,3652,5.79,8.849058163768007,98328,96956
82.60949418599995,flanneld,5203,0.31,0.0,47460,47452
82.60949418599995,coredns,4870,0.58,1.9664573697262235,68488,44842
82.60949418599995,coredns,4880,0.6,0.9832286848631118,68024,44386
83.63368098499996,nodestore,4231,8.08,9.763843870828824,76068,76476
83.63368098499996,nodeapiserver,4238,25.28,28.31514722540358,382304,382560
83.63368098499996,nodescheduler,4245,0.88,0.9763843870828823,65548,65924
83.63368098499996,nodecontroller,4252,3.07,1.9527687741657647,135672,135940
83.63368098499996,nodelet,4375,6.57,5.8583063224972936,115588,113417
83.63368098499996,nodeproxy,4610,0.13,0.0,51464,52040
83.63368098499996,containerd,3652,5.81,1.9527687741657647,98968,97700
83.63368098499996,flanneld,5203,0.31,0.0,47460,47452
83.63368098499996,coredns,4870,0.58,0.0,68488,44842
83.63368098499996,coredns,4880,0.61,0.9763843870828823,68024,44390
84.65107734999998,nodestore,4231,8.15,6.880307656691728,76068,76512
84.65107734999998,nodeapiserver,4238,25.53,24.572527345327597,382304,382564
84.65107734999998,nodescheduler,4245,0.89,0.9829010938131038,65548,65924
84.65107734999998,nodecontroller,4252,3.09,1.9658021876262075,135672,135940
84.65107734999998,nodelet,4375,6.61,3.931604375252415,115588,113417
84.65107734999998,nodeproxy,4610,0.13,0.0,51464,52040
84.65107734999998,containerd,3652,5.84,2.9487032814393115,99096,97740
84.65107734999998,flanneld,5203,0.31,0.0,47460,47452
84.65107734999998,coredns,4870,0.59,0.9829010938131038,68488,44842
84.65107734999998,coredns,4880,0.61,0.0,68024,44390
85.67035691999996,nodestore,4231,8.28,12.754106314521978,76248,76660
85.67035691999996,nodeapiserver,4238,25.89,35.31906364021471,382432,382572
85.67035691999996,nodescheduler,4245,0.9,0.9810851011170753,65548,65928
85.67035691999996,nodecontroller,4252,3.16,6.867595707819528,135672,135952
85.67035691999996,nodelet,4375,6.68,6.867595707819528,115588,113425
85.67035691999996,nodeproxy,4610,0.13,0.0,51592,52076
85.67035691999996,containerd,3652,5.86,1.9621702022341505,99096,97740
85.67035691999996,flanneld,5203,0.31,0.0,47460,47452
85.67035691999996,coredns,4870,0.6,0.9810851011170753,68488,44842
85.67035691999996,coredns,4880,0.61,0.0,68024,44390
86.69705870299998,nodestore,4231,8.36,7.7919412749279635,76248,76684
86.69705870299998,nodeapiserver,4238,26.16,26.297801802881878,382432,382572
86.69705870299998,nodescheduler,4245,0.9,0.0,65548,65932
86.69705870299998,nodecontroller,4252,3.18,1.9479853187319909,135672,135952
86.69705870299998,nodelet,4375,6.72,3.8959706374639818,115588,113425
86.69705870299998,nodeproxy,4610,0.13,0.0,51592,52076
86.69705870299998,containerd,3652,5.9,3.8959706374639818,99096,97742
86.69705870299998,flanneld,5203,0.33,1.9479853187319909,47272,47196
86.69705870299998,coredns,4870,0.61,0.9739926593659954,68488,44842
86.69705870299998,coredns,4880,0.62,0.9739926593659954,68024,44390
87.77475048499997,nodestore,4231,8.46,9.27909089316978,76396,76736
87.77475048499997,nodeapiserver,4238,26.44,25.981454500875383,382432,382576
87.77475048499997,nodescheduler,4245,0.92,1.8558181786339558,65548,65936
87.77475048499997,nodecontroller,4252,3.21,2.7837272679509337,135672,135952
87.77475048499997,nodelet,4375,6.82,9.27909089316978,115588,113429
87.77475048499997,nodeproxy,4610,0.13,0.0,51592,52076
87.77475048499997,containerd,3652,5.99,8.351181803852802,99096,97744
87.77475048499997,flanneld,5203,0.33,0.0,47272,47196
87.77475048499997,coredns,4870,0.62,0.9279090893169779,68616,44918
87.77475048499997,coredns,4880,0.63,0.9279090893169779,68024,44394
88.799308392,nodestore,4231,8.53,6.832215097042624,76396,76756
88.799308392,nodeapiserver,4238,26.71,26.35282966002155,382432,382580
88.799308392,nodescheduler,4245,0.93,0.9760307281489463,65548,65936
88.799308392,nodecontroller,4252,3.24,2.9280921844468386,135672,135956
88.799308392,nodelet,4375,6.87,4.880153640744731,117576,115481
88.799308392,nodeproxy,4610,0.13,0.0,51592,52076
88.799308392,containerd,3652,6.04,4.880153640744731,99096,97744
88.799308392,flanneld,5203,0.33,0.0,47272,47196
88.799308392,coredns,4870,0.62,0.0,68616,44950
88.799308392,coredns,4880,0.64,0.9760307281489463,68024,44394
89.82480367,nodestore,4231,8.64,10.726524281470232,78560,78852
89.82480367,nodeapiserver,4238,27.01,29.254157131282447,382432,382580
89.82480367,nodescheduler,4245,0.93,0.0,65548,65936
89.82480367,nodecontroller,4252,3.27,2.925415713128245,135672,135956
89.82480367,nodelet,4375,6.91,3.900554284170993,117576,115481
89.82480367,nodeproxy,4610,0.13,0.0,51592,52076
89.82480367,containerd,3652,6.06,1.9502771420854965,99096,97744
89.82480367,flanneld,5203,0.33,0.0,47272,47196
89.82480367,coredns,4870,0.63,0.9751385710427483,68616,44958
89.82480367,coredns,4880,0.65,0.9751385710427483,68024,44394
90.89905036700003,nodestore,4231,8.77,12.101503347698518,78560,78976
90.89905036700003,nodeapiserver,4238,27.38,34.442740297295785,382432,382588
90.89905036700003,nodescheduler,4245,0.96,2.792654618699658,65548,65936
90.89905036700003,nodecontroller,4252,3.32,4.65442436449943,135672,135972
90.89905036700003,nodelet,4375,7.1,17.686812585097833,117832,115701
90.89905036700003,nodeproxy,4610,0.13,0.0,51592,52076
90.89905036700003,containerd,3652,6.16,9.30884872899886,99096,97704
90.89905036700003,flanneld,5203,0.33,0.0,47272,47260
90.89905036700003,coredns,4870,0.64,0.930884872899886,68616,44974
90.89905036700003,coredns,4880,0.65,0.0,68024,44394
92.00953558199996,nodestore,4231,8.84,6.3035508311566915,78696,79036
92.00953558199996,nodeapiserver,4238,27.71,29.71673963259583,384500,384672
92.00953558199996,nodescheduler,4245,0.98,1.8010145231876258,65548,65936
92.00953558199996,nodecontroller,4252,3.37,4.502536307969065,135672,135992
92.00953558199996,nodelet,4375,7.19,8.104565354344317,117832,115803
92.00953558199996,nodeproxy,4610,0.14,0.9005072615938129,51592,52076
92.00953558199996,containerd,3652,6.37,18.91065249347007,97328,96025
92.00953558199996,flanneld,5203,0.36,2.701521784781439,47272,47452
92.00953558199996,coredns,4870,0.64,0.0,68616,44990
92.00953558199996,coredns,4880,0.65,0.0,68024,44394
93.033722479,nodestore,4231,8.98,13.669380111195977,78976,79248
93.033722479,nodeapiserver,4238,28.16,43.937293214558494,384628,384756
93.033722479,nodescheduler,4245,0.99,0.9763842936568554,65548,65936
93.033722479,nodecontroller,4252,3.45,7.811074349254843,135672,135996
93.033722479,nodelet,4375,7.37,17.5749172858234,119240,117425
93.033722479,nodeproxy,4610,0.15,0.9763842936568554,51592,52112
93.033722479,containerd,3652,6.5,12.69299581753912,97456,96072
93.033722479,flanneld,5203,0.36,0.0,47272,47452
93.033722479,coredns,4870,0.66,1.9527685873137108,68616,45034
93.033722479,coredns,4880,0.67,1.9527685873137108,68024,44394
94.053432074,nodestore,4231,9.08,9.806713645761125,79104,79316
94.053432074,nodeapiserver,4238,28.43,26.47812684355504,384628,384760
94.053432074,nodescheduler,4245,0.99,0.0,65548,65936
94.053432074,nodecontroller,4252,3.49,3.9226854583044504,135672,136000
94.053432074,nodelet,4375,7.46,8.826042281185012,119368,117449
94.053432074,nodeproxy,4610,0.15,0.0,51592,52112
94.053432074,containerd,3652,6.53,2.942014093728338,99884,98376
94.053432074,flanneld,5203,0.36,0.0,47272,47452
94.053432074,coredns,4870,0.67,0.9806713645761126,68616,45034
94.053432074,coredns,4880,0.67,0.0,68024,44394
95.07091673299993,nodestore,4231,9.17,8.845342207759606,79104,79336
95.07091673299993,nodeapiserver,4238,28.68,24.57039502155446,384628,384764
95.07091673299993,nodescheduler,4245,1.0,0.9828158008621785,65548,65936
95.07091673299993,nodecontroller,4252,3.52,2.948447402586535,135672,136000
95.07091673299993,nodelet,4375,7.53,6.87971060603525,119368,117453
95.07091673299993,nodeproxy,4610,0.15,0.0,51592,52112
95.07091673299993,containerd,3652,6.56,2.948447402586535,99884,98380
95.07091673299993,flanneld,5203,0.36,0.0,47272,47452
95.07091673299993,coredns,4870,0.67,0.0,68616,45038
95.07091673299993,coredns,4880,0.68,0.9828158008621785,68024,44394
96.09342223200002,nodestore,4231,9.25,7.823918803197846,79104,79372
96.09342223200002,nodeapiserver,4238,28.96,27.383715811192467,384628,384764
96.09342223200002,nodescheduler,4245,1.01,0.9779898503997307,65548,65936
96.09342223200002,nodecontroller,4252,3.54,1.9559797007994615,135672,136000
96.09342223200002,nodelet,4375,7.58,4.889949251998654,119368,117453
96.09342223200002,nodeproxy,4610,0.15,0.0,51592,52112
96.09342223200002,containerd,3652,6.58,1.9559797007994615,99884,98380
96.09342223200002,flanneld,5203,0.36,0.0,47272,47452
96.09342223200002,coredns,4870,0.68,0.9779898503997307,68616,45038
96.09342223200002,coredns,4880,0.69,0.9779898503997307,68024,44394
97.122899948,nodestore,4231,9.34,8.74229705036202,79104,79412
97.122899948,nodeapiserver,4238,29.23,26.226891151086054,384628,384764
97.122899948,nodescheduler,4245,1.01,0.0,65548,65940
97.122899948,nodecontroller,4252,3.57,2.9140990167873393,135672,136000
97.122899948,nodelet,4375,7.61,2.9140990167873393,120264,118440
97.122899948,nodeproxy,4610,0.15,0.0,51592,52112
97.122899948,containerd,3652,6.64,5.828198033574679,99884,98378
97.122899948,flanneld,5203,0.37,0.9713663389291132,47272,47452
97.122899948,coredns,4870,0.68,0.0,68616,45038
97.122899948,coredns,4880,0.7,0.9713663389291132,68024,44394
98.15035837199997,nodestore,4231,9.45,10.706029307907333,79388,79580
98.15035837199997,nodeapiserver,4238,29.56,32.118087923721994,384628,384772
98.15035837199997,nodescheduler,4245,1.04,2.9198261748838177,65548,65940
98.15035837199997,nodecontroller,4252,3.63,5.839652349767635,135672,136012
98.15035837199997,nodelet,4375,7.74,12.65258009116321,120264,118441
98.15035837199997,nodeproxy,4610,0.15,0.0,51592,52112
98.15035837199997,containerd,3652,6.7,5.839652349767635,99884,98380
98.15035837199997,flanneld,5203,0.37,0.0,47272,47452
98.15035837199997,coredns,4870,0.69,0.9732753916279393,68616,45050
98.15035837199997,coredns,4880,0.7,0.0,68024,44398
99.18877773399998,nodestore,4231,9.53,7.704016597487035,81484,81660
99.18877773399998,nodeapiserver,4238,29.82,25.038053941832864,384628,384776
99.18877773399998,nodescheduler,4245,1.04,0.0,65548,65940
99.18877773399998,nodecontroller,4252,3.65,1.9260041493717588,135672,136012
99.18877773399998,nodelet,4375,7.78,3.8520082987435176,120264,118441
99.18877773399998,nodeproxy,4610,0.15,0.0,51592,52120
99.18877773399998,containerd,3652,6.76,5.778012448115276,99884,98380
99.18877773399998,flanneld,5203,0.37,0.0,47272,47452
99.18877773399998,coredns,4870,0.69,0.0,68616,45050
99.18877773399998,coredns,4880,0.71,0.9630020746858794,68024,44402
100.23399067600002,nodestore,4231,9.64,10.52417125542982,81484,81712
100.23399067600002,nodeapiserver,4238,30.12,28.702285242081327,384628,384776
100.23399067600002,nodescheduler,4245,1.05,0.9567428414027108,65548,65940
100.23399067600002,nodecontroller,4252,3.68,2.8702285242081325,135672,136012
100.23399067600002,nodelet,4375,7.84,5.740457048416265,120264,118441
100.23399067600002,nodeproxy,4610,0.15,0.0,51592,52120
100.23399067600002,containerd,3652,6.79,2.8702285242081325,99884,98384
100.23399067600002,flanneld,5203,0.37,0.0,47272,47452
100.23399067600002,coredns,4870,0.7,0.9567428414027108,68616,45050
100.23399067600002,coredns,4880,0.72,0.9567428414027108,68024,44402
101.24951280599993,nodestore,4231,9.72,7.877720990679663,81484,81744
101.24951280599993,nodeapiserver,4238,30.39,26.587308343543864,384628,384780
101.24951280599993,nodescheduler,4245,1.06,0.9847151238349579,65548,65940
101.24951280599993,nodecontroller,4252,3.71,2.9541453715048736,135672,136012
101.24951280599993,nodelet,4375,7.93,8.86243611451462,120264,118441
101.24951280599993,nodeproxy,4610,0.15,0.0,51592,52120
101.24951280599993,containerd,3652,6.83,3.9388604953398314,101932,100500
101.24951280599993,flanneld,5203,0.37,0.0,47272,47452
101.24951280599993,coredns,4870,0.7,0.0,68616,45050
101.24951280599993,coredns,4880,0.72,0.0,68024,44402
102.26736574,nodestore,4231,9.8,7.859681622727837,81484,81788
102.26736574,nodeapiserver,4238,30.65,25.54396527386547,384628,384792
102.26736574,nodescheduler,4245,1.07,0.9824602028409797,65548,65944
102.26736574,nodecontroller,4252,3.73,1.9649204056819594,135672,136012
102.26736574,nodelet,4375,7.99,5.894761217045878,120264,118441
102.26736574,nodeproxy,4610,0.15,0.0,51592,52120
102.26736574,containerd,3652,6.9,6.877221419886858,101932,100508
102.26736574,flanneld,5203,0.38,0.9824602028409797,47272,47452
102.26736574,coredns,4870,0.71,0.9824602028409797,68616,45050
102.26736574,coredns,4880,0.74,1.9649204056819594,68024,44402
103.28782798899994,nodestore,4231,9.89,8.819532529321998,81484,81828
103.28782798899994,nodeapiserver,4238,31.04,38.21797429372866,395164,395208
103.28782798899994,nodescheduler,4245,1.08,0.9799480588135553,65548,65944
103.28782798899994,nodecontroller,4252,3.77,3.919792235254221,135672,136012
103.28782798899994,nodelet,4375,8.04,4.899740294067777,120264,118440
103.28782798899994,nodeproxy,4610,0.15,0.0,51592,52120
103.28782798899994,containerd,3652,7.01,10.779428646949109,102316,100942
103.28782798899994,flanneld,5203,0.38,0.0,47272,47452
103.28782798899994,coredns,4870,0.71,0.0,68616,45050
103.28782798899994,coredns,4880,0.74,0.0,68024,44402
104.35778247899992,nodestore,4231,10.03,13.084668675954786,81612,82048
104.35778247899992,nodeapiserver,4238,31.43,36.450148454445475,395164,395224
104.35778247899992,nodescheduler,4245,1.11,2.8038575734188824,65548,65944
104.35778247899992,nodecontroller,4252,3.84,6.542334337977393,135672,136024
104.35778247899992,nodelet,4375,8.31,25.234718160769944,120392,118509
104.35778247899992,nodeproxy,4610,0.15,0.0,51592,52184
104.35778247899992,containerd,3652,7.22,19.62700301393218,102316,101061
104.35778247899992,flanneld,5203,0.4,1.869238382279255,47528,47836
104.35778247899992,coredns,4870,0.72,0.9346191911396275,68616,45058
104.35778247899992,coredns,4880,0.75,0.9346191911396275,68024,44402
105.425780384,nodestore,4231,10.18,14.044971370986746,81872,82260
105.425780384,nodeapiserver,4238,31.85,39.325919838762886,395164,395232
105.425780384,nodescheduler,4245,1.12,0.9363314247324497,65548,65944
105.425780384,nodecontroller,4252,3.96,11.235977096789396,135672,136052
105.425780384,nodelet,4375,8.46,14.044971370986746,115508,113545
105.425780384,nodeproxy,4610,0.17,1.8726628494648994,51908,52328
105.425780384,containerd,3652,7.32,9.363314247324498,100872,99572
105.425780384,flanneld,5203,0.4,0.0,47528,47836
105.425780384,coredns,4870,0.73,0.9363314247324497,68616,45062
105.425780384,coredns,4880,0.76,0.9363314247324497,68024,44402
106.46339008799993,nodestore,4231,10.29,10.601288671063598,82156,82404
106.46339008799993,nodeapiserver,4238,32.17,30.84011249763956,395164,395244
106.46339008799993,nodescheduler,4245,1.13,0.9637535155512362,65548,65944
106.46339008799993,nodecontroller,4252,3.98,1.9275070311024725,135672,136060
106.46339008799993,nodelet,4375,8.54,7.71002812440989,115508,113589
106.46339008799993,nodeproxy,4610,0.17,0.0,51908,52332
106.46339008799993,containerd,3652,7.4,7.71002812440989,100872,99580
106.46339008799993,flanneld,5203,0.4,0.0,47528,47836
106.46339008799993,coredns,4870,0.74,0.9637535155512362,68616,45062
106.46339008799993,coredns,4880,0.77,0.9637535155512362,68024,44402
107.48507358900002,nodestore,4231,10.37,7.8302135565163,82156,82412
107.48507358900002,nodeapiserver,4238,32.43,25.448194058677974,395164,395244
107.48507358900002,nodescheduler,4245,1.14,0.9787766945645375,65548,65944
107.48507358900002,nodecontroller,4252,4.02,3.91510677825815,135672,136060
107.48507358900002,nodelet,4375,8.59,4.893883472822687,115360,113253
107.48507358900002,nodeproxy,4610,0.17,0.0,51908,52332
107.48507358900002,containerd,3652,7.46,5.872660167387225,100712,99523
107.48507358900002,flanneld,5203,0.43,2.9363300836936124,47264,47516
107.48507358900002,coredns,4870,0.74,0.0,68616,45062
107.48507358900002,coredns,4880,0.78,0.9787766945645375,68024,44402
108.52465374100001,nodestore,4231,10.45,7.695414331073257,82156,82448
108.52465374100001,nodeapiserver,4238,32.68,24.04816978460393,395164,395248
108.52465374100001,nodescheduler,4245,1.14,0.0,65548,65944
108.52465374100001,nodecontroller,4252,4.04,1.9238535827683143,135672,136060
108.52465374100001,nodelet,4375,8.66,6.733487539689102,116256,114285
108.52465374100001,nodeproxy,4610,0.17,0.0,51908,52332
108.52465374100001,containerd,3652,7.51,4.809633956920786,101224,100140
108.52465374100001,flanneld,5203,0.43,0.0,47264,47516
108.52465374100001,coredns,4870,0.75,0.9619267913841572,68616,45070
108.52465374100001,coredns,4880,0.78,0.0,68024,44402
109.54703461699995,nodestore,4231,10.54,8.802981561247927,82156,82468
109.54703461699995,nodeapiserver,4238,32.97,28.365162808465538,395164,395248
109.54703461699995,nodescheduler,4245,1.15,0.9781090623608807,65548,65944
109.54703461699995,nodecontroller,4252,4.06,1.9562181247217614,135672,136060
109.54703461699995,nodelet,4375,8.69,2.9343271870826424,116256,114285
109.54703461699995,nodeproxy,4610,0.17,0.0,51908,52332
109.54703461699995,containerd,3652,7.52,0.9781090623608807,101224,100184
109.54703461699995,flanneld,5203,0.43,0.0,47264,47516
109.54703461699995,coredns,4870,0.76,0.9781090623608807,68616,45074
109.54703461699995,coredns,4880,0.79,0.9781090623608807,68024,44406
110.57170910600001,nodestore,4231,10.64,9.759196805766663,82156,82572
110.57170910600001,nodeapiserver,4238,33.26,28.30167073672332,395164,395252
110.57170910600001,nodescheduler,4245,1.16,0.9759196805766663,65548,65944
110.57170910600001,nodecontroller,4252,4.09,2.927759041729999,135672,136064
110.57170910600001,nodelet,4375,8.8,10.73511648634333,117152,115272
110.57170910600001,nodeproxy,4610,0.17,0.0,51908,52332
110.57170910600001,containerd,3652,7.59,6.831437764036665,102376,101170
110.57170910600001,flanneld,5203,0.43,0.0,47264,47516
110.57170910600001,coredns,4870,0.77,0.9759196805766663,68616,45078
110.57170910600001,coredns,4880,0.8,0.9759196805766663,68024,44406
111.64893213700003,nodestore,4231,10.75,10.211441533874732,82432,82724
111.64893213700003,nodeapiserver,4238,33.61,32.49095033505596,395164,395256
111.64893213700003,nodescheduler,4245,1.18,1.8566257334317695,65548,65944
111.64893213700003,nodecontroller,4252,4.15,5.569877200295308,135672,136072
111.64893213700003,nodelet,4375,8.87,6.498190067011194,118048,116253
111.64893213700003,nodeproxy,4610,0.17,0.0,51908,52332
111.64893213700003,containerd,3652,7.65,5.569877200295308,102376,101172
111.64893213700003,flanneld,5203,0.43,0.0,47264,47516
111.64893213700003,coredns,4870,0.77,0.0,68616,45082
111.64893213700003,coredns,4880,0.8,0.0,68024,44406
112.669759682,nodestore,4231,10.83,7.836779130014755,82432,82740
112.669759682,nodeapiserver,4238,33.87,25.469532172547957,395164,395264
112.669759682,nodescheduler,4245,1.18,0.0,65548,65944
112.669759682,nodecontroller,4252,4.17,1.9591947825036888,135672,136072
112.669759682,nodelet,4375,8.9,2.9387921737555334,118048,116253
112.669759682,nodeproxy,4610,0.17,0.0,51908,52332
112.669759682,containerd,3652,7.68,2.9387921737555334,102504,101171
112.669759682,flanneld,5203,0.43,0.0,47264,47516
112.669759682,coredns,4870,0.79,1.9591947825036888,68616,45086
112.669759682,coredns,4880,0.8,0.0,68024,44406
113.71210722799998,nodestore,4231,10.92,8.634356203492446,82432,82784
113.71210722799998,nodeapiserver,4238,34.28,39.33428937146559,395164,395304
113.71210722799998,nodescheduler,4245,1.19,0.9593729114991607,65548,65944
113.71210722799998,nodecontroller,4252,4.19,1.9187458229983214,135672,136072
113.71210722799998,nodelet,4375,8.96,5.756237468994964,118048,116253
113.71210722799998,nodeproxy,4610,0.17,0.0,51908,52332
113.71210722799998,containerd,3652,7.7,1.9187458229983214,102504,101172
113.71210722799998,flanneld,5203,0.43,0.0,47264,47516
113.71210722799998,coredns,4870,0.8,0.9593729114991607,68744,45090
113.71210722799998,coredns,4880,0.82,1.9187458229983214,68024,44406
114.73851034499995,nodestore,4231,11.0,7.794208598452857,82432,82820
114.73851034499995,nodeapiserver,4238,34.56,27.279730094585002,395164,395304
114.73851034499995,nodescheduler,4245,1.2,0.9742760748066072,65548,65944
114.73851034499995,nodecontroller,4252,4.22,2.9228282244198214,135672,136072
114.73851034499995,nodelet,4375,9.02,5.845656448839643,118560,116593
114.73851034499995,nodeproxy,4610,0.17,0.0,51908,52332
114.73851034499995,containerd,3652,7.72,1.9485521496132143,102504,101172
114.73851034499995,flanneld,5203,0.43,0.0,47264,47516
114.73851034499995,coredns,4870,0.8,0.0,68744,45090
114.73851034499995,coredns,4880,0.82,0.0,68024,44406
115.75984126199995,nodestore,4231,11.1,9.791145879900938,82432,82920
115.75984126199995,nodeapiserver,4238,34.85,28.394323051712718,395164,395320
115.75984126199995,nodescheduler,4245,1.21,0.9791145879900939,65548,65944
115.75984126199995,nodecontroller,4252,4.27,4.895572939950469,135672,136076
115.75984126199995,nodelet,4375,9.13,10.770260467891033,118560,116605
115.75984126199995,nodeproxy,4610,0.17,0.0,51908,52340
115.75984126199995,containerd,3652,7.91,18.603177171811783,98060,96780
115.75984126199995,flanneld,5203,0.44,0.9791145879900939,47500,47692
115.75984126199995,coredns,4870,0.82,1.9582291759801878,68744,45102
115.75984126199995,coredns,4880,0.83,0.9791145879900939,67736,44090
116.78167877799996,nodestore,4231,11.23,12.722179207990575,82720,83156
116.78167877799996,nodeapiserver,4238,35.2,34.25202094459001,395164,395324
116.78167877799996,nodescheduler,4245,1.22,0.9786291698454288,65548,65944
116.78167877799996,nodecontroller,4252,4.33,5.871775019072572,135672,136084
116.78167877799996,nodelet,4375,9.31,17.615325057217717,118816,116733
116.78167877799996,nodeproxy,4610,0.18,0.9786291698454288,51908,52340
116.78167877799996,containerd,3652,8.02,10.764920868299717,97288,95856
116.78167877799996,flanneld,5203,0.44,0.0,47500,47692
116.78167877799996,coredns,4870,0.82,0.0,68744,45110
116.78167877799996,coredns,4880,0.83,0.0,67736,44090
117.824562189,nodestore,4231,11.39,15.342079307462743,82872,83388
117.824562189,nodeapiserver,4238,35.62,40.2729581820897,395164,395400
117.824562189,nodescheduler,4245,1.24,1.917759913432843,65548,65952
117.824562189,nodecontroller,4252,4.4,6.712159697014951,135672,136084
117.824562189,nodelet,4375,9.49,17.259839220895586,116968,114969
117.824562189,nodeproxy,4610,0.19,0.9588799567164215,52036,52368
117.824562189,containerd,3652,8.22,19.177599134328428,96484,95104
117.824562189,flanneld,5203,0.46,1.917759913432843,47884,48012
117.824562189,coredns,4870,0.83,0.9588799567164215,68744,45114
117.824562189,coredns,4880,0.85,1.917759913432843,67736,44090
118.84419856999995,nodestore,4231,11.46,6.865192465117038,82872,83400
118.84419856999995,nodeapiserver,4238,35.87,24.51854451827513,395164,395400
118.84419856999995,nodescheduler,4245,1.25,0.9807417807310053,65548,65952
118.84419856999995,nodecontroller,4252,4.42,1.9614835614620105,135672,136084
118.84419856999995,nodelet,4375,9.54,4.903708903655026,117864,115997
118.84419856999995,nodeproxy,4610,0.19,0.0,52036,52368
118.84419856999995,containerd,3652,8.27,4.903708903655026,97380,96080
118.84419856999995,flanneld,5203,0.46,0.0,47884,48012
118.84419856999995,coredns,4870,0.84,0.9807417807310053,68744,45114
118.84419856999995,coredns,4880,0.86,0.9807417807310053,67736,44090
119.85965960699997,nodestore,4231,11.55,8.862969303665954,83012,83464
119.85965960699997,nodeapiserver,4238,36.14,26.588907910997865,395164,395404
119.85965960699997,nodescheduler,4245,1.26,0.9847743670739949,65548,65952
119.85965960699997,nodecontroller,4252,4.45,2.954323101221985,135672,136088
119.85965960699997,nodelet,4375,9.63,8.862969303665954,117916,116021
119.85965960699997,nodeproxy,4610,0.19,0.0,52036,52368
119.85965960699997,containerd,3652,8.35,7.878194936591959,96768,95400
119.85965960699997,flanneld,5203,0.46,0.0,47884,48012
119.85965960699997,coredns,4870,0.85,0.9847743670739949,68744,45114
119.85965960699997,coredns,4880,0.86,0.0,67736,44090
120.88489421599996,nodestore,4231,11.63,7.803092023788715,83012,83552
120.88489421599996,nodeapiserver,4238,36.38,23.409276071366143,395164,395412
120.88489421599996,nodescheduler,4245,1.27,0.9753865029735894,65548,65952
120.88489421599996,nodecontroller,4252,4.47,1.9507730059471788,135672,136092
120.88489421599996,nodelet,4375,9.71,7.803092023788715,117916,116021
120.88489421599996,nodeproxy,4610,0.19,0.0,52036,52368
120.88489421599996,containerd,3652,8.38,2.926159508920768,96768,95440
120.88489421599996,flanneld,5203,0.46,0.0,47884,48012
120.88489421599996,coredns,4870,0.85,0.0,68744,45114
120.88489421599996,coredns,4880,0.86,0.0,67736,44090
121.905777365,nodestore,4231,11.71,7.836352287562022,83012,83568
121.905777365,nodeapiserver,4238,36.62,23.509056862686066,395164,395412
121.905777365,nodescheduler,4245,1.28,0.9795440359452527,65548,65952
121.905777365,nodecontroller,4252,4.5,2.9386321078357582,135672,136092
121.905777365,nodelet,4375,9.74,2.9386321078357582,117916,116021
121.905777365,nodeproxy,4610,0.19,0.0,52036,52368
121.905777365,containerd,3652,8.41,2.9386321078357582,97792,96472
121.905777365,flanneld,5203,0.46,0.0,47884,48012
121.905777365,coredns,4870,0.86,0.9795440359452527,68744,45114
121.905777365,coredns,4880,0.87,0.9795440359452527,67736,44090
122.933935061,nodestore,4231,11.84,12.643974801313044,83304,83708
122.933935061,nodeapiserver,4238,36.99,35.98669751142943,395164,395412
122.933935061,nodescheduler,4245,1.29,0.9726134462548496,65548,65952
122.933935061,nodecontroller,4252,4.56,5.835680677529098,135672,136100
122.933935061,nodelet,4375,9.84,9.726134462548496,117916,116021
122.933935061,nodeproxy,4610,0.2,0.9726134462548496,52036,52368
122.933935061,containerd,3652,8.45,3.8904537850193983,98816,97448
122.933935061,flanneld,5203,0.46,0.0,47884,48012
122.933935061,coredns,4870,0.86,0.0,68744,45114
122.933935061,coredns,4880,0.88,0.9726134462548496,67736,44090
123.96742165500001,nodestore,4231,11.92,7.740787395254711,83304,83792
123.96742165500001,nodeapiserver,4238,37.4,39.67153540068039,395164,395472
123.96742165500001,nodescheduler,4245,1.3,0.9675984244068389,65548,65960
123.96742165500001,nodecontroller,4252,4.59,2.9027952732205167,137808,138152
123.96742165500001,nodelet,4375,9.91,6.7731889708478725,117916,116021
123.96742165500001,nodeproxy,4610,0.2,0.0,52036,52368
123.96742165500001,containerd,3652,8.54,8.70838581966155,98816,97800
123.96742165500001,flanneld,5203,0.47,0.9675984244068389,47884,48048
123.96742165500001,coredns,4870,0.87,0.9675984244068389,68744,45114
123.96742165500001,coredns,4880,0.88,0.0,67736,44094
124.99204016300001,nodestore,4231,12.01,8.78375700783259,83436,83824
124.99204016300001,nodeapiserver,4238,37.68,27.32724402436806,395164,395476
124.99204016300001,nodescheduler,4245,1.32,1.9519460017405754,65548,65960
124.99204016300001,nodecontroller,4252,4.61,1.9519460017405754,137808,138152
124.99204016300001,nodelet,4375,9.93,1.9519460017405754,117916,116021
124.99204016300001,nodeproxy,4610,0.2,0.0,52036,52368
124.99204016300001,containerd,3652,8.57,2.9279190026108632,98944,97840
124.99204016300001,flanneld,5203,0.47,0.0,47884,48048
124.99204016300001,coredns,4870,0.88,0.9759730008702877,68744,45114
124.99204016300001,coredns,4880,0.89,0.9759730008702877,67736,44094
126.02229196100001,nodestore,4231,12.09,7.765092005207101,83436,83852
126.02229196100001,nodeapiserver,4238,37.95,26.207185517573965,395164,395476
126.02229196100001,nodescheduler,4245,1.32,0.0,65548,65960
126.02229196100001,nodecontroller,4252,4.63,1.9412730013017752,137808,138152
126.02229196100001,nodelet,4375,9.97,3.8825460026035503,117916,116021
126.02229196100001,nodeproxy,4610,0.2,0.0,52036,52368
126.02229196100001,containerd,3652,8.59,1.9412730013017752,99072,97892
126.02229196100001,flanneld,5203,0.47,0.0,47884,48056
126.02229196100001,coredns,4870,0.89,0.9706365006508876,68744,45114
126.02229196100001,coredns,4880,0.9,0.9706365006508876,67736,44094
127.05309911499995,nodestore,4231,12.2,10.671249183046115,83436,83892
127.05309911499995,nodeapiserver,4238,38.25,29.103406862853042,395164,395492
127.05309911499995,nodescheduler,4245,1.33,0.9701135620951014,65548,65960
127.05309911499995,nodecontroller,4252,4.67,3.8804542483804054,137808,138160
127.05309911499995,nodelet,4375,10.02,4.850567810475507,117916,116021
127.05309911499995,nodeproxy,4610,0.2,0.0,52036,52376
127.05309911499995,containerd,3652,8.64,4.850567810475507,99072,97892
127.05309911499995,flanneld,5203,0.48,0.9701135620951014,47884,48056
127.05309911499995,coredns,4870,0.89,0.0,68744,45118
127.05309911499995,coredns,4880,0.91,0.9701135620951014,67736,44094
128.07703247900002,nodestore,4231,12.28,7.81300842541882,83568,83928
128.07703247900002,nodeapiserver,4238,38.51,25.392277382611166,395164,395496
128.07703247900002,nodescheduler,4245,1.33,0.0,65548,65960
128.07703247900002,nodecontroller,4252,4.73,5.859756319064115,137808,138172
128.07703247900002,nodelet,4375,10.11,8.789634478596172,120092,118263
128.07703247900002,nodeproxy,4610,0.2,0.0,52036,52380
128.07703247900002,containerd,3652,8.74,9.766260531773524,101632,100414
128.07703247900002,flanneld,5203,0.48,0.0,47884,48060
128.07703247900002,coredns,4870,0.89,0.0,68744,45118
128.07703247900002,coredns,4880,0.92,0.9766260531773525,67736,44094
129.180271259,nodestore,4231,12.43,13.596331339984634,83716,84172
129.180271259,nodeapiserver,4238,38.93,38.069727751956975,395164,395504
129.180271259,nodescheduler,4245,1.37,3.625688357329236,65548,65964
129.180271259,nodecontroller,4252,4.82,8.15779880399078,137808,138180
129.180271259,nodelet,4375,10.42,28.099084769301577,123860,121734
129.180271259,nodeproxy,4610,0.21,0.906422089332309,52036,52380
129.180271259,containerd,3652,8.98,21.754130143975413,103172,101916
129.180271259,flanneld,5203,0.5,1.812844178664618,48012,48252
129.180271259,coredns,4870,0.91,1.812844178664618,68744,45118
129.180271259,coredns,4880,0.92,0.0,67736,44094
130.200766976,nodestore,4231,12.56,12.73890696789645,83856,84388
130.200766976,nodeapiserver,4238,39.3,36.25688906247451,395164,395516
130.200766976,nodescheduler,4245,1.39,1.9598318412148383,65548,65964
130.200766976,nodecontroller,4252,4.88,5.879495523644515,137936,138200
130.200766976,nodelet,4375,10.59,16.658570650326126,118388,115941
130.200766976,nodeproxy,4610,0.21,0.0,52036,52384
130.200766976,containerd,3652,9.14,15.678654729718707,102752,101652
130.200766976,flanneld,5203,0.5,0.0,48012,48252
130.200766976,coredns,4870,0.91,0.0,68744,45118
130.200766976,coredns,4880,0.93,0.9799159206074192,67736,44098
131.22250450500002,nodestore,4231,12.67,10.76597432098428,83856,84416
131.22250450500002,nodeapiserver,4238,39.56,25.446848395053753,395164,395516
131.22250450500002,nodescheduler,4245,1.4,0.9787249382712983,65548,65968
131.22250450500002,nodecontroller,4252,4.92,3.914899753085193,137936,138208
131.22250450500002,nodelet,4375,10.72,12.723424197526876,118388,115985
131.22250450500002,nodeproxy,4610,0.21,0.0,52036,52384
131.22250450500002,containerd,3652,9.49,34.255372839495436,105308,104112
131.22250450500002,flanneld,5203,0.5,0.0,48012,48252
131.22250450500002,coredns,4870,0.92,0.9787249382712983,68744,45118
131.22250450500002,coredns,4880,0.94,0.9787249382712983,67736,44098
132.24259037500002,nodestore,4231,12.74,6.862167397730921,83856,84440
132.24259037500002,nodeapiserver,4238,39.81,24.50774070618186,395164,395520
132.24259037500002,nodescheduler,4245,1.41,0.9803096282472744,65548,65968
132.24259037500002,nodecontroller,4252,4.95,2.940928884741823,137936,138208
132.24259037500002,nodelet,4375,10.78,5.881857769483646,119412,116973
132.24259037500002,nodeproxy,4610,0.21,0.0,52036,52384
132.24259037500002,containerd,3652,9.75,25.488050334429133,99356,98420
132.24259037500002,flanneld,5203,0.5,0.0,48012,48252
132.24259037500002,coredns,4870,0.92,0.0,68744,45118
132.24259037500002,coredns,4880,0.95,0.9803096282472744,67736,44098
133.26298114899993,nodestore,4231,12.82,7.8401336074807855,83856,84480
133.26298114899993,nodeapiserver,4238,40.05,23.520400822442358,395164,395520
133.26298114899993,nodescheduler,4245,1.41,0.0,65548,65968
133.26298114899993,nodecontroller,4252,4.98,2.9400501028052948,137936,138220
133.26298114899993,nodelet,4375,10.86,7.8401336074807855,118712,116213
133.26298114899993,nodeproxy,4610,0.21,0.0,52036,52384
133.26298114899993,containerd,3652,9.96,20.580350719637064,101380,100284
133.26298114899993,flanneld,5203,0.51,0.9800167009350982,48012,48252
133.26298114899993,coredns,4870,0.93,0.9800167009350982,68744,45118
133.26298114899993,coredns,4880,0.96,0.9800167009350982,67736,44098
134.27979955300003,nodestore,4231,12.9,7.86767820933262,83856,84500
134.27979955300003,nodeapiserver,4238,40.32,26.553413956497593,395164,395524
134.27979955300003,nodescheduler,4245,1.42,0.9834597761665775,65548,65968
134.27979955300003,nodecontroller,4252,5.0,1.966919552333155,137936,138284
134.27979955300003,nodelet,4375,10.9,3.93383910466631,118712,116213
134.27979955300003,nodeproxy,4610,0.21,0.0,52036,52384
134.27979955300003,containerd,3652,9.99,2.9503793284997326,101380,100284
134.27979955300003,flanneld,5203,0.51,0.0,48012,48252
134.27979955300003,coredns,4870,0.93,0.0,68744,45118
134.27979955300003,coredns,4880,0.96,0.0,67736,44098
135.29880600999996,nodestore,4231,13.01,10.79482855524313,83996,84640
135.29880600999996,nodeapiserver,4238,40.83,50.04875057430906,401544,401788
135.29880600999996,nodescheduler,4245,1.43,0.9813480504766483,65548,65968
135.29880600999996,nodecontroller,4252,5.05,4.9067402523832415,137936,138288
135.29880600999996,nodelet,4375,10.97,6.869436353336539,118712,116217
135.29880600999996,nodeproxy,4610,0.22,0.9813480504766483,52036,52384
135.29880600999996,containerd,3652,10.03,3.925392201906593,101380,100284
135.29880600999996,flanneld,5203,0.51,0.0,48012,48252
135.29880600999996,coredns,4870,0.94,0.9813480504766483,68744,45126
135.29880600999996,coredns,4880,0.98,1.9626961009532966,67736,44098
136.32322934500002,nodestore,4231,13.1,8.785430488070197,84128,84660
136.32322934500002,nodeapiserver,4238,41.11,27.332450407329507,401544,401800
136.32322934500002,nodescheduler,4245,1.44,0.9761589431189108,65548,65968
136.32322934500002,nodecontroller,4252,5.09,3.9046357724756433,137936,138288
136.32322934500002,nodelet,4375,11.03,5.856953658713465,118712,116217
136.32322934500002,nodeproxy,4610,0.22,0.0,52036,52396
136.32322934500002,containerd,3652,10.07,3.9046357724756433,101380,100284
136.32322934500002,flanneld,5203,0.51,0.0,48012,48252
136.32322934500002,coredns,4870,0.95,0.9761589431189108,68744,45126
136.32322934500002,coredns,4880,0.98,0.0,67736,44098
137.34129797299994,nodestore,4231,13.22,11.787024636615067,84268,84712
137.34129797299994,nodeapiserver,4238,41.4,28.485309538486412,401544,401800
137.34129797299994,nodescheduler,4245,1.45,0.9822520530512556,65548,65968
137.34129797299994,nodecontroller,4252,5.11,1.9645041061025112,137936,138288
137.34129797299994,nodelet,4375,11.09,5.8935123183075335,118712,116253
137.34129797299994,nodeproxy,4610,0.22,0.0,52036,52396
137.34129797299994,containerd,3652,10.14,6.87576437135879,101380,100284
137.34129797299994,flanneld,5203,0.52,0.9822520530512556,48012,48252
137.34129797299994,coredns,4870,0.96,0.9822520530512556,68744,45126
137.34129797299994,coredns,4880,0.99,0.9822520530512556,67736,44098
138.35934811099997,nodestore,4231,13.3,7.858159143041857,84268,84740
138.35934811099997,nodeapiserver,4238,41.67,26.521287107766266,401544,401812
138.35934811099997,nodescheduler,4245,1.45,0.0,65548,65968
138.35934811099997,nodecontroller,4252,5.14,2.9468096786406965,137936,138288
138.35934811099997,nodelet,4375,11.15,5.893619357281393,119736,117277
138.35934811099997,nodeproxy,4610,0.22,0.0,52036,52396
138.35934811099997,containerd,3652,10.2,5.893619357281393,101380,100324
138.35934811099997,flanneld,5203,0.53,0.9822698928802321,48012,48252
138.35934811099997,coredns,4870,0.96,0.0,68744,45126
138.35934811099997,coredns,4880,1.0,0.9822698928802321,67736,44098
139.377435241,nodestore,4231,13.38,7.8578736183412845,84268,84776
139.377435241,nodeapiserver,4238,41.92,24.555855057316514,401544,401812
139.377435241,nodescheduler,4245,1.46,0.9822342022926606,65548,65968
139.377435241,nodecontroller,4252,5.17,2.946702606877982,137936,138288
139.377435241,nodelet,4375,11.21,5.893405213755964,116944,114505
139.377435241,nodeproxy,4610,0.22,0.0,52036,52396
139.377435241,containerd,3652,10.22,1.9644684045853211,101380,100324
139.377435241,flanneld,5203,0.54,0.9822342022926606,48012,48252
139.377435241,coredns,4870,0.97,0.9822342022926606,68744,45126
139.377435241,coredns,4880,1.0,0.0,67736,44098
140.400993765,nodestore,4231,13.47,8.792853353248924,84268,84808
140.400993765,nodeapiserver,4238,42.21,28.332527471579866,401544,401812
140.400993765,nodescheduler,4245,1.46,0.0,65548,65968
140.400993765,nodecontroller,4252,5.21,3.9079348236661886,137936,138292
140.400993765,nodelet,4375,11.25,3.9079348236661886,117840,115493
140.400993765,nodeproxy,4610,0.22,0.0,52036,52396
140.400993765,containerd,3652,10.26,3.9079348236661886,101380,100324
140.400993765,flanneld,5203,0.54,0.0,48012,48252
140.400993765,coredns,4870,0.98,0.9769837059165472,68744,45126
140.400993765,coredns,4880,1.01,0.9769837059165472,67736,44098
141.47114205399993,nodestore,4231,13.57,9.34449935844431,84268,84924
141.47114205399993,nodeapiserver,4238,42.51,28.03349807533293,401544,401816
141.47114205399993,nodescheduler,4245,1.5,3.7377997433777237,65548,65968
141.47114205399993,nodecontroller,4252,5.25,3.7377997433777237,137936,138304
141.47114205399993,nodelet,4375,11.41,14.951198973510895,115856,113440
141.47114205399993,nodeproxy,4610,0.22,0.0,52036,52396
141.47114205399993,containerd,3652,10.39,12.147849165977602,102276,101168
141.47114205399993,flanneld,5203,0.55,0.9344499358444309,48012,48252
141.47114205399993,coredns,4870,0.98,0.0,68744,45126
141.47114205399993,coredns,4880,1.03,1.8688998716888618,67736,44102
142.526153072,nodestore,4231,13.73,15.165718392524782,84528,85120
142.526153072,nodeapiserver,4238,42.9,36.96643858177916,401544,401824
142.526153072,nodescheduler,4245,1.52,1.8957147990655978,65548,65968
142.526153072,nodecontroller,4252,5.32,6.635001796729593,137936,138380
142.526153072,nodelet,4375,11.61,18.95714799065598,115856,113450
142.526153072,nodeproxy,4610,0.23,0.9478573995327989,52036,52400
142.526153072,containerd,3652,10.63,22.748577588787175,103684,102561
142.526153072,flanneld,5203,0.55,0.0,48012,48252
142.526153072,coredns,4870,0.99,0.9478573995327989,68744,45126
142.526153072,coredns,4880,1.04,0.9478573995327989,67864,44242
143.55653864699997,nodestore,4231,13.86,12.616636252890476,84808,85288
143.55653864699997,nodeapiserver,4238,43.28,36.879398277679854,401544,401832
143.55653864699997,nodescheduler,4245,1.53,0.9705104809915751,65548,65968
143.55653864699997,nodecontroller,4252,5.42,9.70510480991575,137936,138392
143.55653864699997,nodelet,4375,11.79,17.469188657848353,116496,114329
143.55653864699997,nodeproxy,4610,0.23,0.0,52036,52400
143.55653864699997,containerd,3652,10.75,11.646125771898902,100808,99580
143.55653864699997,flanneld,5203,0.55,0.0,48012,48252
143.55653864699997,coredns,4870,1.0,0.9705104809915751,68744,45126
143.55653864699997,coredns,4880,1.05,0.9705104809915751,67864,44242
144.57939540799993,nodestore,4231,13.94,7.821231970133435,84936,85348
144.57939540799993,nodeapiserver,4238,43.53,24.441349906666986,401544,401832
144.57939540799993,nodescheduler,4245,1.54,0.9776539962666794,65548,65968
144.57939540799993,nodecontroller,4252,5.44,1.9553079925333587,137936,138392
144.57939540799993,nodelet,4375,11.83,3.9106159850667175,116496,114385
144.57939540799993,nodeproxy,4610,0.23,0.0,52036,52400
144.57939540799993,containerd,3652,10.78,2.932961988800038,100808,99676
144.57939540799993,flanneld,5203,0.56,0.9776539962666794,48012,48252
144.57939540799993,coredns,4870,1.0,0.0,68744,45126
144.57939540799993,coredns,4880,1.06,0.9776539962666794,67864,44242
145.59848680499994,nodestore,4231,14.04,9.812662563375453,84936,85376
145.59848680499994,nodeapiserver,4238,43.84,30.419253946463904,401544,401836
145.59848680499994,nodescheduler,4245,1.55,0.9812662563375453,65548,65968
145.59848680499994,nodecontroller,4252,5.48,3.925065025350181,137936,138396
145.59848680499994,nodelet,4375,11.89,5.887597538025272,117520,115385
145.59848680499994,nodeproxy,4610,0.23,0.0,52036,52400
145.59848680499994,containerd,3652,10.79,0.9812662563375453,102976,101748
145.59848680499994,flanneld,5203,0.56,0.0,48012,48252
145.59848680499994,coredns,4870,1.01,0.9812662563375453,68744,45126
145.59848680499994,coredns,4880,1.06,0.0,67864,44282
146.617044152,nodestore,4231,14.12,7.854246030979204,84936,85384
146.617044152,nodeapiserver,4238,44.16,31.416984123916816,405740,406000
146.617044152,nodescheduler,4245,1.55,0.0,65548,65968
146.617044152,nodecontroller,4252,5.5,1.963561507744801,137936,138400
146.617044152,nodelet,4375,11.91,1.963561507744801,118544,116373
146.617044152,nodeproxy,4610,0.23,0.0,52036,52400
146.617044152,containerd,3652,10.81,1.963561507744801,102976,101800
146.617044152,flanneld,5203,0.57,0.9817807538724005,48012,48252
146.617044152,coredns,4870,1.02,0.9817807538724005,68744,45130
146.617044152,coredns,4880,1.07,0.9817807538724005,67864,44326
147.69042737299998,nodestore,4231,14.22,9.316337170506472,84936,85444
147.69042737299998,nodeapiserver,4238,44.54,35.40208124792459,405740,406004
147.69042737299998,nodescheduler,4245,1.56,0.9316337170506471,65548,65968
147.69042737299998,nodecontroller,4252,5.53,2.7949011511519415,137936,138400
147.69042737299998,nodelet,4375,11.99,7.453069736405177,118544,116373
147.69042737299998,nodeproxy,4610,0.23,0.0,52036,52400
147.69042737299998,containerd,3652,10.93,11.179604604607766,102384,101176
147.69042737299998,flanneld,5203,0.57,0.0,48012,48252
147.69042737299998,coredns,4870,1.02,0.0,68744,45130
147.69042737299998,coredns,4880,1.08,0.9316337170506471,67864,44346
148.72977217599993,nodestore,4231,14.36,13.470024538142313,87176,87644
148.72977217599993,nodeapiserver,4238,44.92,36.561495174957706,405740,406020
148.72977217599993,nodescheduler,4245,1.57,0.962144609867308,65548,65968
148.72977217599993,nodecontroller,4252,5.59,5.772867659203848,137936,138408
148.72977217599993,nodelet,4375,12.1,10.583590708540388,118544,116373
148.72977217599993,nodeproxy,4610,0.24,0.962144609867308,52036,52412
148.72977217599993,containerd,3652,10.98,4.81072304933654,103024,102032
148.72977217599993,flanneld,5203,0.57,0.0,48012,48252
148.72977217599993,coredns,4870,1.03,0.962144609867308,68744,45130
148.72977217599993,coredns,4880,1.09,0.962144609867308,67864,44366
149.7501034,nodestore,4231,14.43,6.860517286295938,87176,87676
149.7501034,nodeapiserver,4238,45.17,24.501847451056918,405740,406024
149.7501034,nodescheduler,4245,1.58,0.9800738980422766,65548,65968
149.7501034,nodecontroller,4252,5.62,2.94022169412683,137936,138408
149.7501034,nodelet,4375,12.15,4.900369490211383,118544,116373
149.7501034,nodeproxy,4610,0.24,0.0,52036,52416
149.7501034,containerd,3652,11.02,3.9202955921691065,103024,102032
149.7501034,flanneld,5203,0.57,0.0,48012,48252
149.7501034,coredns,4870,1.04,0.9800738980422766,68744,45130
149.7501034,coredns,4880,1.09,0.0,67864,44390
150.78164432,nodestore,4231,14.52,8.724811420956543,87176,87696
150.78164432,nodeapiserver,4238,45.44,26.17443426286963,405740,406024
150.78164432,nodescheduler,4245,1.59,0.9694234912173938,65548,65968
150.78164432,nodecontroller,4252,5.64,1.9388469824347876,137936,138416
150.78164432,nodelet,4375,12.19,3.877693964869575,118544,116373
150.78164432,nodeproxy,4610,0.24,0.0,52036,52416
150.78164432,containerd,3652,11.05,2.9082704736521814,105164,104084
150.78164432,flanneld,5203,0.57,0.0,48012,48252
150.78164432,coredns,4870,1.04,0.0,68744,45130
150.78164432,coredns,4880,1.1,0.9694234912173938,67864,44398
151.80339601399993,nodestore,4231,14.62,9.787113697704985,87176,87744
151.80339601399993,nodeapiserver,4238,45.73,28.38262972334445,405740,406024
151.80339601399993,nodescheduler,4245,1.6,0.9787113697704984,65548,65968
151.80339601399993,nodecontroller,4252,5.67,2.9361341093114954,137936,138416
151.80339601399993,nodelet,4375,12.28,8.808402327934486,118544,116413
151.80339601399993,nodeproxy,4610,0.24,0.0,52036,52416
151.80339601399993,containerd,3652,11.14,8.808402327934486,105164,104087
151.80339601399993,flanneld,5203,0.57,0.0,48012,48252
151.80339601399993,coredns,4870,1.05,0.9787113697704984,68744,45130
151.80339601399993,coredns,4880,1.11,0.9787113697704984,67864,44398
152.83904707300002,nodestore,4231,14.71,8.690185677683196,87176,87776
152.83904707300002,nodeapiserver,4238,45.98,24.1394046602311,405740,406028
152.83904707300002,nodescheduler,4245,1.61,0.965576186409244,65548,65968
152.83904707300002,nodecontroller,4252,5.7,2.896728559227732,137936,138416
152.83904707300002,nodelet,4375,12.34,5.793457118455464,118544,116417
152.83904707300002,nodeproxy,4610,0.24,0.0,52036,52416
152.83904707300002,containerd,3652,11.17,2.896728559227732,105164,104087
152.83904707300002,flanneld,5203,0.57,0.0,48012,48252
152.83904707300002,coredns,4870,1.06,0.965576186409244,68744,45130
152.83904707300002,coredns,4880,1.12,0.965576186409244,67864,44402
153.87347032199995,nodestore,4231,14.83,11.60066733960349,87436,87924
153.87347032199995,nodeapiserver,4238,46.37,37.70216885371134,405868,406044
153.87347032199995,nodescheduler,4245,1.63,1.9334445566005818,65548,65968
153.87347032199995,nodecontroller,4252,5.77,6.767055948102037,137936,138420
153.87347032199995,nodelet,4375,12.49,14.500834174504362,118544,116421
153.87347032199995,nodeproxy,4610,0.24,0.0,52036,52416
153.87347032199995,containerd,3652,11.3,12.567389617903782,105164,104088
153.87347032199995,flanneld,5203,0.58,0.9667222783002909,47828,47932
153.87347032199995,coredns,4870,1.07,0.9667222783002909,68744,45130
153.87347032199995,coredns,4880,1.12,0.0,67864,44410
154.919350921,nodestore,4231,14.99,15.298113393916532,87436,88056
154.919350921,nodeapiserver,4238,46.69,30.596226787833064,405868,406044
154.919350921,nodescheduler,4245,1.64,0.9561320871197833,65548,65968
154.919350921,nodecontroller,4252,5.82,4.780660435598916,137936,138424
154.919350921,nodelet,4375,12.74,23.90330217799458,118928,116878
154.919350921,nodeproxy,4610,0.25,0.9561320871197833,52036,52416
154.919350921,containerd,3652,11.52,21.034905916635232,99176,98000
154.919350921,flanneld,5203,0.6,1.9122641742395665,47828,47932
154.919350921,coredns,4870,1.07,0.0,68744,45130
154.919350921,coredns,4880,1.14,1.9122641742395665,67864,44410
155.984008243,nodestore,4231,15.14,14.089040379510742,88000,88284
155.984008243,nodeapiserver,4238,47.11,39.449313062630075,405868,406052
155.984008243,nodescheduler,4245,1.66,1.8785387172680987,65548,65968
155.984008243,nodecontroller,4252,5.89,6.574885510438347,137936,138428
155.984008243,nodelet,4375,12.88,13.149771020876694,119184,117001
155.984008243,nodeproxy,4610,0.25,0.0,52036,52416
155.984008243,containerd,3652,11.62,9.392693586340494,99560,98452
155.984008243,flanneld,5203,0.6,0.0,47828,47932
155.984008243,coredns,4870,1.08,0.9392693586340494,68744,45134
155.984008243,coredns,4880,1.14,0.0,67992,44422
157.01034287199997,nodestore,4231,15.23,8.769069800138581,88000,88320
157.01034287199997,nodeapiserver,4238,47.38,26.307209400415744,405868,406060
157.01034287199997,nodescheduler,4245,1.66,0.0,65548,65968
157.01034287199997,nodecontroller,4252,5.92,2.9230232667128604,137936,138428
157.01034287199997,nodelet,4375,12.94,5.846046533425721,119312,117013
157.01034287199997,nodeproxy,4610,0.25,0.0,52036,52416
157.01034287199997,containerd,3652,11.73,10.717751977947156,100676,99548
157.01034287199997,flanneld,5203,0.6,0.0,47828,47932
157.01034287199997,coredns,4870,1.09,0.9743410889042868,68744,45134
157.01034287199997,coredns,4880,1.15,0.9743410889042868,67992,44422
158.03971007499996,nodestore,4231,15.31,7.771764999588838,88000,88352
158.03971007499996,nodeapiserver,4238,47.8,40.8017662478414,405868,406060
158.03971007499996,nodescheduler,4245,1.68,1.9429412498972094,65548,65976
158.03971007499996,nodecontroller,4252,5.95,2.9144118748458143,137936,138428
158.03971007499996,nodelet,4375,12.98,3.885882499794419,119312,117013
158.03971007499996,nodeproxy,4610,0.25,0.0,52036,52416
158.03971007499996,containerd,3652,11.75,1.9429412498972094,101828,100672
158.03971007499996,flanneld,5203,0.6,0.0,47828,47932
158.03971007499996,coredns,4870,1.1,0.9714706249486047,68744,45134
158.03971007499996,coredns,4880,1.16,0.9714706249486047,67992,44426
159.06069158199995,nodestore,4231,15.42,10.773946368844594,88000,88396
159.06069158199995,nodeapiserver,4238,48.1,29.383490096848895,405868,406120
159.06069158199995,nodescheduler,4245,1.68,0.0,65548,65976
159.06069158199995,nodecontroller,4252,5.99,3.9177986795798527,137936,138428
159.06069158199995,nodelet,4375,13.04,5.876698019369779,119312,117013
159.06069158199995,nodeproxy,4610,0.25,0.0,52036,52416
159.06069158199995,containerd,3652,11.81,5.876698019369779,101828,100740
159.06069158199995,flanneld,5203,0.61,0.9794496698949632,47828,47932
159.06069158199995,coredns,4870,1.11,0.9794496698949632,68744,45134
159.06069158199995,coredns,4880,1.16,0.0,67992,44426
160.08133191899998,nodestore,4231,15.51,8.817993639614226,88000,88404
160.08133191899998,nodeapiserver,4238,48.38,27.43375798991093,405868,406120
160.08133191899998,nodescheduler,4245,1.7,1.9595541421364948,65548,65976
160.08133191899998,nodecontroller,4252,6.01,1.9595541421364948,137936,138428
160.08133191899998,nodelet,4375,13.08,3.9191082842729896,119312,117013
160.08133191899998,nodeproxy,4610,0.25,0.0,52036,52416
160.08133191899998,containerd,3652,11.83,1.9595541421364948,101828,100740
160.08133191899998,flanneld,5203,0.61,0.0,47828,47932
160.08133191899998,coredns,4870,1.11,0.0,68744,45134
160.08133191899998,coredns,4880,1.17,0.9797770710682474,67992,44426
161.10469070899995,nodestore,4231,15.63,11.726092663942717,88000,88556
161.10469070899995,nodeapiserver,4238,48.73,34.20110360316626,405868,406124
161.10469070899995,nodescheduler,4245,1.72,1.9543487773237862,65548,65976
161.10469070899995,nodecontroller,4252,6.1,8.794569497957038,137936,138440
161.10469070899995,nodelet,4375,13.19,10.748918275280824,119312,117017
161.10469070899995,nodeproxy,4610,0.25,0.0,52036,52420
161.10469070899995,containerd,3652,11.9,6.840220720633253,101828,100752
161.10469070899995,flanneld,5203,0.61,0.0,47828,47932
161.10469070899995,coredns,4870,1.12,0.9771743886618931,68744,45134
161.10469070899995,coredns,4880,1.18,0.9771743886618931,67992,44426
162.12864260999999,nodestore,4231,15.72,8.789475356420787,88136,88572
162.12864260999999,nodeapiserver,4238,48.99,25.39181769632672,405868,406128
162.12864260999999,nodescheduler,4245,1.73,0.976608372935643,65548,65976
162.12864260999999,nodecontroller,4252,6.12,1.953216745871286,137936,138440
162.12864260999999,nodelet,4375,13.27,7.812866983485144,121904,119605
162.12864260999999,nodeproxy,4610,0.26,0.976608372935643,52036,52428
162.12864260999999,containerd,3652,11.95,4.883041864678215,101828,100628
162.12864260999999,flanneld,5203,0.61,0.0,47828,47932
162.12864260999999,coredns,4870,1.13,0.976608372935643,68744,45134
162.12864260999999,coredns,4880,1.19,0.976608372935643,67992,44426
163.15287715200003,nodestore,4231,15.8,7.810710996309721,88136,88608
163.15287715200003,nodeapiserver,4238,49.26,26.361149612545308,405868,406132
163.15287715200003,nodescheduler,4245,1.73,0.0,65548,65976
163.15287715200003,nodecontroller,4252,6.16,3.9053554981548606,137936,138440
163.15287715200003,nodelet,4375,13.32,4.881694372693576,121904,119605
163.15287715200003,nodeproxy,4610,0.26,0.0,52036,52428
163.15287715200003,containerd,3652,11.98,2.9290166236161452,101828,100628
163.15287715200003,flanneld,5203,0.62,0.9763388745387152,47828,47932
163.15287715200003,coredns,4870,1.14,0.9763388745387152,68744,45134
163.15287715200003,coredns,4880,1.2,0.9763388745387152,67992,44426
164.184925094,nodestore,4231,15.9,9.689472352051219,88272,88636
164.184925094,nodeapiserver,4238,49.55,28.09946982094853,405868,406132
164.184925094,nodescheduler,4245,1.74,0.9689472352051219,65548,65976
164.184925094,nodecontroller,4252,6.19,2.9068417056153657,138064,138508
164.184925094,nodelet,4375,13.38,5.813683411230731,121904,119605
164.184925094,nodeproxy,4610,0.26,0.0,52036,52428
164.184925094,containerd,3652,12.0,1.9378944704102439,101828,100628
164.184925094,flanneld,5203,0.62,0.0,47828,47932
164.184925094,coredns,4870,1.14,0.0,68744,45134
164.184925094,coredns,4880,1.2,0.0,67992,44430
165.207334635,nodestore,4231,16.0,9.780816394005054,88400,88680
165.207334635,nodeapiserver,4238,49.83,27.386285903214155,405868,406136
165.207334635,nodescheduler,4245,1.75,0.9780816394005054,65548,65976
165.207334635,nodecontroller,4252,6.22,2.9342449182015162,138064,138508
165.207334635,nodelet,4375,13.44,5.8684898364030325,121904,119608
165.207334635,nodeproxy,4610,0.26,0.0,52036,52428
165.207334635,containerd,3652,12.09,8.802734754604549,101828,100617
165.207334635,flanneld,5203,0.62,0.0,47828,47932
165.207334635,coredns,4870,1.15,0.9780816394005054,68744,45134
165.207334635,coredns,4880,1.21,0.9780816394005054,67992,44442
166.28616812299998,nodestore,4231,16.12,11.123125239879604,88668,88884
166.28616812299998,nodeapiserver,4238,50.21,35.22322992628541,405868,406152
166.28616812299998,nodescheduler,4245,1.78,2.780781309969901,65548,65976
166.28616812299998,nodecontroller,4252,6.29,6.488489723263103,138064,138512
166.28616812299998,nodelet,4375,13.63,17.611614963142706,122288,120185
166.28616812299998,nodeproxy,4610,0.26,0.0,52036,52428
166.28616812299998,containerd,3652,12.22,12.050052343202903,101028,99724
166.28616812299998,flanneld,5203,0.63,0.9269271033233003,47828,47932
166.28616812299998,coredns,4870,1.16,0.9269271033233003,68744,45134
166.28616812299998,coredns,4880,1.21,0.0,68120,44446
167.30789326099995,nodestore,4231,16.25,12.723578501207868,88668,88984
167.30789326099995,nodeapiserver,4238,50.52,30.34084104134184,405868,406152
167.30789326099995,nodescheduler,4245,1.78,0.0,65548,65976
167.30789326099995,nodecontroller,4252,6.34,4.893684038926104,138064,138516
167.30789326099995,nodelet,4375,13.76,12.723578501207868,122672,120557
167.30789326099995,nodeproxy,4610,0.27,0.9787368077852207,52036,52428
167.30789326099995,containerd,3652,12.47,24.468420194630514,99296,97903
167.30789326099995,flanneld,5203,0.65,1.9574736155704413,47828,47932
167.30789326099995,coredns,4870,1.17,0.9787368077852207,68744,45134
167.30789326099995,coredns,4880,1.23,1.9574736155704413,67724,43998
168.33785198200002,nodestore,4231,16.37,11.650952368603882,88800,89164
168.33785198200002,nodeapiserver,4238,50.87,33.981944408427985,405868,406156
168.33785198200002,nodescheduler,4245,1.79,0.9709126973836567,65548,65976
168.33785198200002,nodecontroller,4252,6.39,4.854563486918284,138064,138524
168.33785198200002,nodelet,4375,13.91,14.56369046075485,120740,118529
168.33785198200002,nodeproxy,4610,0.28,0.9709126973836567,52036,52428
168.33785198200002,containerd,3652,12.58,10.680039671220225,99340,97956
168.33785198200002,flanneld,5203,0.65,0.0,47828,47932
168.33785198200002,coredns,4870,1.18,0.9709126973836567,68744,45134
168.33785198200002,coredns,4880,1.24,0.9709126973836567,67724,44002
169.37630553599996,nodestore,4231,16.46,8.666733302932576,88800,89196
169.37630553599996,nodeapiserver,4238,51.29,40.44475541368535,405868,406224
169.37630553599996,nodescheduler,4245,1.8,0.9629703669925084,65548,65976
169.37630553599996,nodecontroller,4252,6.43,3.8518814679700335,138064,138524
169.37630553599996,nodelet,4375,13.95,3.8518814679700335,121380,119197
169.37630553599996,nodeproxy,4610,0.28,0.0,52036,52428
169.37630553599996,containerd,3652,12.6,1.9259407339850168,99340,97996
169.37630553599996,flanneld,5203,0.65,0.0,47828,47932
169.37630553599996,coredns,4870,1.19,0.9629703669925084,68744,45134
169.37630553599996,coredns,4880,1.24,0.0,67724,44002
170.40140047699998,nodestore,4231,16.55,8.779674584307427,88928,89236
170.40140047699998,nodeapiserver,4238,51.58,28.29006254943504,405868,406224
170.40140047699998,nodescheduler,4245,1.81,0.9755193982563808,65548,65976
170.40140047699998,nodecontroller,4252,6.45,1.9510387965127616,138064,138524
170.40140047699998,nodelet,4375,14.04,8.779674584307427,121380,119197
170.40140047699998,nodeproxy,4610,0.28,0.0,52036,52428
170.40140047699998,containerd,3652,12.67,6.828635787794666,99340,98052
170.40140047699998,flanneld,5203,0.65,0.0,47828,47932
170.40140047699998,coredns,4870,1.19,0.0,68744,45134
170.40140047699998,coredns,4880,1.26,1.9510387965127616,67724,44002
171.42056593699994,nodestore,4231,16.63,7.849559579855034,88928,89264
171.42056593699994,nodeapiserver,4238,51.85,26.49226358201074,405868,406224
171.42056593699994,nodescheduler,4245,1.82,0.9811949474818793,65548,65976
171.42056593699994,nodecontroller,4252,6.47,1.9623898949637586,138192,138528
171.42056593699994,nodelet,4375,14.07,2.9435848424456377,121380,119197
171.42056593699994,nodeproxy,4610,0.28,0.0,52036,52428
171.42056593699994,containerd,3652,12.68,0.9811949474818793,100364,99036
171.42056593699994,flanneld,5203,0.65,0.0,47828,47932
171.42056593699994,coredns,4870,1.19,0.0,68744,45134
171.42056593699994,coredns,4880,1.26,0.0,67724,44002
172.44962296,nodestore,4231,16.72,8.74587102448592,88928,89288
172.44962296,nodeapiserver,4238,52.12,26.23761307345776,405868,406228
172.44962296,nodescheduler,4245,1.83,0.9717634471651022,65548,65976
172.44962296,nodecontroller,4252,6.5,2.9152903414953064,138192,138528
172.44962296,nodelet,4375,14.16,8.74587102448592,121380,119197
172.44962296,nodeproxy,4610,0.28,0.0,52036,52428
172.44962296,containerd,3652,12.72,3.887053788660409,100364,99052
172.44962296,flanneld,5203,0.65,0.0,47828,47932
172.44962296,coredns,4870,1.21,1.9435268943302044,68744,45134
172.44962296,coredns,4880,1.27,0.9717634471651022,67724,44002
173.47077370799997,nodestore,4231,16.85,12.73073542320943,89224,89484
173.47077370799997,nodeapiserver,4238,52.5,37.21291892938141,405868,406236
173.47077370799997,nodescheduler,4245,1.84,0.9792873402468791,65548,65976
173.47077370799997,nodecontroller,4252,6.56,5.875724041481275,138192,138536
173.47077370799997,nodelet,4375,14.22,5.875724041481275,121380,119197
173.47077370799997,nodeproxy,4610,0.29,0.9792873402468791,52036,52436
173.47077370799997,containerd,3652,12.77,4.8964367012343954,101260,100036
173.47077370799997,flanneld,5203,0.67,1.9585746804937583,47828,47932
173.47077370799997,coredns,4870,1.21,0.0,68744,45138
173.47077370799997,coredns,4880,1.28,0.9792873402468791,67724,44002
174.50079419499997,nodestore,4231,16.95,9.70854475829468,89224,89520
174.50079419499997,nodeapiserver,4238,52.79,28.15477979905457,405868,406236
174.50079419499997,nodescheduler,4245,1.85,0.970854475829468,65548,65980
174.50079419499997,nodecontroller,4252,6.59,2.9125634274884042,138192,138536
174.50079419499997,nodelet,4375,14.29,6.795981330806278,121380,119197
174.50079419499997,nodeproxy,4610,0.29,0.0,52036,52436
174.50079419499997,containerd,3652,12.79,1.941708951658936,101260,100080
174.50079419499997,flanneld,5203,0.67,0.0,47828,47932
174.50079419499997,coredns,4870,1.21,0.0,68744,45138
174.50079419499997,coredns,4880,1.29,0.970854475829468,67724,44002
175.52118474000002,nodestore,4231,17.04,8.820152287866915,89360,89552
175.52118474000002,nodeapiserver,4238,53.05,25.48043994272664,405868,406240
175.52118474000002,nodescheduler,4245,1.85,0.0,65548,65980
175.52118474000002,nodecontroller,4252,6.61,1.960033841748203,138380,138664
175.52118474000002,nodelet,4375,14.34,4.900084604370508,121380,119201
175.52118474000002,nodeproxy,4610,0.29,0.0,52036,52436
175.52118474000002,containerd,3652,12.86,6.860118446118712,101260,100128
175.52118474000002,flanneld,5203,0.67,0.0,47828,47932
175.52118474000002,coredns,4870,1.22,0.9800169208741015,68744,45142
175.52118474000002,coredns,4880,1.3,0.9800169208741015,67724,44002
176.543192573,nodestore,4231,17.12,7.82772865499182,89360,89572
176.543192573,nodeapiserver,4238,53.34,28.375516374345345,405868,406244
176.543192573,nodescheduler,4245,1.86,0.9784660818739775,65548,65980
176.543192573,nodecontroller,4252,6.64,2.9353982456219327,138380,138664
176.543192573,nodelet,4375,14.37,2.9353982456219327,121380,119201
176.543192573,nodeproxy,4610,0.29,0.0,52036,52436
176.543192573,containerd,3652,12.88,1.956932163747955,102284,101108
176.543192573,flanneld,5203,0.67,0.0,47828,47932
176.543192573,coredns,4870,1.22,0.0,68744,45142
176.543192573,coredns,4880,1.3,0.0,67724,44002
177.56088811499995,nodestore,4231,17.22,9.826121455094704,89360,89620
177.56088811499995,nodeapiserver,4238,53.64,29.478364365284115,405868,406248
177.56088811499995,nodescheduler,4245,1.87,0.9826121455094705,65548,65980
177.56088811499995,nodecontroller,4252,6.68,3.930448582037882,138380,138664
177.56088811499995,nodelet,4375,14.42,4.913060727547352,121380,119201
177.56088811499995,nodeproxy,4610,0.29,0.0,52036,52436
177.56088811499995,containerd,3652,12.93,4.913060727547352,103308,102092
177.56088811499995,flanneld,5203,0.67,0.0,47828,47932
177.56088811499995,coredns,4870,1.23,0.9826121455094705,68744,45142
177.56088811499995,coredns,4880,1.32,1.965224291018941,67724,44002
178.59545009699997,nodestore,4231,17.33,10.632519067378462,89504,89724
178.59545009699997,nodeapiserver,4238,53.96,30.930964559646434,405868,406260
178.59545009699997,nodescheduler,4245,1.9,2.8997779274668534,65548,65980
178.59545009699997,nodecontroller,4252,6.73,4.8329632124447555,138380,138664
178.59545009699997,nodelet,4375,14.59,16.432074922312168,121892,119669
178.59545009699997,nodeproxy,4610,0.29,0.0,52036,52436
178.59545009699997,containerd,3652,13.09,15.465482279823217,104844,103748
178.59545009699997,flanneld,5203,0.68,0.966592642488951,47828,47932
178.59545009699997,coredns,4870,1.24,0.966592642488951,68744,45142
178.59545009699997,coredns,4880,1.32,0.0,67724,44002
179.75404718199997,nodestore,4231,17.47,12.083579512889973,89504,89900
179.75404718199997,nodeapiserver,4238,54.33,31.935174426923496,405868,406268
179.75404718199997,nodescheduler,4245,1.91,0.8631128223492837,65548,65980
179.75404718199997,nodecontroller,4252,6.82,7.768015401143552,138380,138664
179.75404718199997,nodelet,4375,14.74,12.946692335239254,121892,119688
179.75404718199997,nodeproxy,4610,0.29,0.0,52036,52436
179.75404718199997,containerd,3652,13.26,14.672917979937822,105356,104275
179.75404718199997,flanneld,5203,0.69,0.8631128223492837,47828,47932
179.75404718199997,coredns,4870,1.25,0.8631128223492837,68744,45142
179.75404718199997,coredns,4880,1.33,0.8631128223492837,67724,44010
180.80099605599997,nodestore,4231,17.61,13.372190703554722,89764,90084
180.80099605599997,nodeapiserver,4238,54.84,48.712980420092194,408252,408384
180.80099605599997,nodescheduler,4245,1.92,0.9551564788253372,65548,65980
180.80099605599997,nodecontroller,4252,6.88,5.730938872952023,138380,138672
180.80099605599997,nodelet,4375,14.95,20.05828605533208,125988,123825
180.80099605599997,nodeproxy,4610,0.3,0.9551564788253372,52036,52436
180.80099605599997,containerd,3652,13.43,16.237660140030734,107532,106520
180.80099605599997,flanneld,5203,0.69,0.0,47828,47932
180.80099605599997,coredns,4870,1.25,0.0,68744,45142
180.80099605599997,coredns,4880,1.34,0.9551564788253372,67724,44010
181.82037547299996,nodestore,4231,17.71,9.809890049997133,89764,90120
181.82037547299996,nodeapiserver,4238,55.12,27.467692139991975,408252,408388
181.82037547299996,nodescheduler,4245,1.94,1.9619780099994264,65548,65980
181.82037547299996,nodecontroller,4252,6.92,3.923956019998853,138380,138676
181.82037547299996,nodelet,4375,15.0,4.904945024998566,125988,123837
181.82037547299996,nodeproxy,4610,0.3,0.0,52036,52436
181.82037547299996,containerd,3652,13.46,2.9429670149991396,107532,106520
181.82037547299996,flanneld,5203,0.7,0.9809890049997132,47828,47932
181.82037547299996,coredns,4870,1.27,1.9619780099994264,68744,45142
181.82037547299996,coredns,4880,1.35,0.9809890049997132,67724,44014
182.849681482,nodestore,4231,17.78,6.800698663753494,89896,90140
182.849681482,nodeapiserver,4238,55.38,25.259737893941544,408252,408396
182.849681482,nodescheduler,4245,1.95,0.9715283805362133,65548,65980
182.849681482,nodecontroller,4252,6.94,1.9430567610724265,138380,138676
182.849681482,nodelet,4375,15.12,11.658340566434559,118528,116265
182.849681482,nodeproxy,4610,0.3,0.0,52036,52436
182.849681482,containerd,3652,13.5,3.886113522144853,107532,106520
182.849681482,flanneld,5203,0.7,0.0,47828,47932
182.849681482,coredns,4870,1.27,0.0,68744,45142
182.849681482,coredns,4880,1.35,0.0,67724,44014
183.87598581599997,nodestore,4231,17.88,9.743698500254267,89896,90176
183.87598581599997,nodeapiserver,4238,55.68,29.231095500762798,408252,408396
183.87598581599997,nodescheduler,4245,1.95,0.0,65548,65980
183.87598581599997,nodecontroller,4252,6.98,3.8974794001017066,138380,138684
183.87598581599997,nodelet,4375,15.16,3.8974794001017066,118528,116309
183.87598581599997,nodeproxy,4610,0.3,0.0,52036,52436
183.87598581599997,containerd,3652,13.51,0.9743698500254266,107532,106520
183.87598581599997,flanneld,5203,0.71,0.9743698500254266,47828,47932
183.87598581599997,coredns,4870,1.27,0.0,68744,45142
183.87598581599997,coredns,4880,1.36,0.9743698500254266,67724,44014
184.892970897,nodestore,4231,17.97,8.84968734364328,89896,90208
184.892970897,nodeapiserver,4238,55.97,28.51565921840612,408252,408400
184.892970897,nodescheduler,4245,1.96,0.9832985937381422,65548,65980
184.892970897,nodecontroller,4252,7.0,1.9665971874762844,138380,138684
184.892970897,nodelet,4375,15.21,4.9164929686907115,120624,118357
184.892970897,nodeproxy,4610,0.3,0.0,52036,52436
184.892970897,containerd,3652,13.56,4.9164929686907115,104608,103556
184.892970897,flanneld,5203,0.71,0.0,47828,47932
184.892970897,coredns,4870,1.28,0.9832985937381422,68744,45142
184.892970897,coredns,4880,1.36,0.0,67724,44018
185.92038286299993,nodestore,4231,18.1,12.653152221511958,90028,90340
185.92038286299993,nodeapiserver,4238,56.34,36.01281786122634,408252,408400
185.92038286299993,nodescheduler,4245,1.97,0.9733194016547659,65548,65984
185.92038286299993,nodecontroller,4252,7.06,5.839916409928596,138380,138688
185.92038286299993,nodelet,4375,15.31,9.733194016547658,120624,118361
185.92038286299993,nodeproxy,4610,0.3,0.0,52036,52436
185.92038286299993,containerd,3652,13.63,6.813235811583362,105632,104584
185.92038286299993,flanneld,5203,0.71,0.0,47828,47932
185.92038286299993,coredns,4870,1.29,0.9733194016547659,68744,45142
185.92038286299993,coredns,4880,1.38,1.9466388033095319,67724,44018
186.94016621099996,nodestore,4231,18.19,8.825403962175416,90028,90360
186.94016621099996,nodeapiserver,4238,56.6,25.495611446284535,408252,408404
186.94016621099996,nodescheduler,4245,1.98,0.980600440241713,65548,65984
186.94016621099996,nodecontroller,4252,7.08,1.961200880483426,138380,138688
186.94016621099996,nodelet,4375,15.35,3.922401760966852,121648,119341
186.94016621099996,nodeproxy,4610,0.3,0.0,52036,52436
186.94016621099996,containerd,3652,13.68,4.903002201208564,105632,104600
186.94016621099996,flanneld,5203,0.71,0.0,47828,47932
186.94016621099996,coredns,4870,1.3,0.980600440241713,68744,45142
186.94016621099996,coredns,4880,1.38,0.0,67724,44018
187.96477010400002,nodestore,4231,18.29,9.759869221968096,90028,90420
187.96477010400002,nodeapiserver,4238,56.92,31.231581510297907,408252,408412
187.96477010400002,nodescheduler,4245,1.99,0.9759869221968096,65548,65984
187.96477010400002,nodecontroller,4252,7.12,3.9039476887872384,138380,138692
187.96477010400002,nodelet,4375,15.39,3.9039476887872384,121648,119341
187.96477010400002,nodeproxy,4610,0.3,0.0,52036,52436
187.96477010400002,containerd,3652,13.71,2.9279607665904286,105632,104604
187.96477010400002,flanneld,5203,0.71,0.0,47828,47932
187.96477010400002,coredns,4870,1.3,0.0,68744,45142
187.96477010400002,coredns,4880,1.39,0.9759869221968096,67724,44018
188.98887727899995,nodestore,4231,18.38,8.788142705865376,90028,90424
188.98887727899995,nodeapiserver,4238,57.19,26.36442811759613,408252,408416
188.98887727899995,nodescheduler,4245,2.0,0.9764603006517085,65548,65984
188.98887727899995,nodecontroller,4252,7.14,1.952920601303417,138380,138692
188.98887727899995,nodelet,4375,15.48,8.788142705865376,121648,119345
188.98887727899995,nodeproxy,4610,0.3,0.0,52036,52436
188.98887727899995,containerd,3652,13.77,5.858761803910251,103904,102704
188.98887727899995,flanneld,5203,0.72,0.9764603006517085,47828,47932
188.98887727899995,coredns,4870,1.31,0.9764603006517085,68744,45146
188.98887727899995,coredns,4880,1.4,0.9764603006517085,67724,44018
190.02397387000002,nodestore,4231,18.47,8.694840731051539,90164,90488
190.02397387000002,nodeapiserver,4238,57.49,28.982802436838462,408252,408420
190.02397387000002,nodescheduler,4245,2.01,0.9660934145612821,65548,65984
190.02397387000002,nodecontroller,4252,7.18,3.8643736582451282,138380,138692
190.02397387000002,nodelet,4375,15.58,9.66093414561282,121648,119345
190.02397387000002,nodeproxy,4610,0.3,0.0,52036,52436
190.02397387000002,containerd,3652,13.84,6.762653901928975,103904,102704
190.02397387000002,flanneld,5203,0.72,0.0,47828,47932
190.02397387000002,coredns,4870,1.32,0.9660934145612821,68744,45146
190.02397387000002,coredns,4880,1.41,0.9660934145612821,67724,44018
191.10741133099992,nodestore,4231,18.56,8.30689386694633,90164,90516
191.10741133099992,nodeapiserver,4238,57.76,24.920681600838993,408252,408420
191.10741133099992,nodescheduler,4245,2.02,0.9229882074384812,65548,65984
191.10741133099992,nodecontroller,4252,7.21,2.7689646223154436,138380,138692
191.10741133099992,nodelet,4375,15.65,6.46091745206937,121648,119344
191.10741133099992,nodeproxy,4610,0.3,0.0,52036,52436
191.10741133099992,containerd,3652,14.0,14.7678113190157,99492,98015
191.10741133099992,flanneld,5203,0.73,0.9229882074384812,47828,47932
191.10741133099992,coredns,4870,1.34,1.8459764148769624,68744,45146
191.10741133099992,coredns,4880,1.41,0.0,67724,44022
192.14718839699998,nodestore,4231,18.7,13.464424690435754,90476,90760
192.14718839699998,nodeapiserver,4238,58.13,35.584550967580206,408252,408444
192.14718839699998,nodescheduler,4245,2.05,2.8852338622362326,65548,65992
192.14718839699998,nodecontroller,4252,7.28,6.732212345217877,138380,138696
192.14718839699998,nodelet,4375,15.89,23.08187089788986,118832,116431
192.14718839699998,nodeproxy,4610,0.31,0.9617446207454109,52036,52436
192.14718839699998,containerd,3652,14.16,15.387913931926574,99844,98386
192.14718839699998,flanneld,5203,0.74,0.9617446207454109,47828,47932
192.14718839699998,coredns,4870,1.35,0.9617446207454109,68744,45146
192.14718839699998,coredns,4880,1.42,0.9617446207454109,67724,44022
193.238720312,nodestore,4231,18.85,13.742154300636956,90476,90908
193.238720312,nodeapiserver,4238,58.7,52.22018634242043,412444,412608
193.238720312,nodescheduler,4245,2.06,0.9161436200424637,65548,65992
193.238720312,nodecontroller,4252,7.35,6.413005340297247,138380,138700
193.238720312,nodelet,4375,16.12,21.071303260976666,119060,116597
193.238720312,nodeproxy,4610,0.32,0.9161436200424637,52164,52500
193.238720312,containerd,3652,14.45,26.568164981231448,102984,101816
193.238720312,flanneld,5203,0.74,0.0,47828,47932
193.238720312,coredns,4870,1.36,0.9161436200424637,68744,45146
193.238720312,coredns,4880,1.44,1.8322872400849275,67724,44026
194.30516885499998,nodestore,4231,18.93,7.501533995719623,90476,90924
194.30516885499998,nodeapiserver,4238,58.94,22.50460198715887,412444,412608
194.30516885499998,nodescheduler,4245,2.07,0.9376917494649529,65548,65996
194.30516885499998,nodecontroller,4252,7.39,3.7507669978598117,138380,138700
194.30516885499998,nodelet,4375,16.19,6.563842246254671,119188,116788
194.30516885499998,nodeproxy,4610,0.32,0.0,52164,52500
194.30516885499998,containerd,3652,14.74,27.19306073448363,105288,104174
194.30516885499998,flanneld,5203,0.75,0.9376917494649529,47956,48060
194.30516885499998,coredns,4870,1.36,0.0,68744,45146
194.30516885499998,coredns,4880,1.44,0.0,67724,44026
195.35265662199998,nodestore,4231,19.01,7.637320694361815,90476,90968
195.35265662199998,nodeapiserver,4238,59.18,22.911962083085445,412444,412620
195.35265662199998,nodescheduler,4245,2.08,0.9546650867952269,65548,65996
195.35265662199998,nodecontroller,4252,7.42,2.8639952603856806,138380,138700
195.35265662199998,nodelet,4375,16.29,9.54665086795227,119572,117285
195.35265662199998,nodeproxy,4610,0.32,0.0,52164,52500
195.35265662199998,containerd,3652,15.04,28.639952603856806,102168,101024
195.35265662199998,flanneld,5203,0.75,0.0,47956,48060
195.35265662199998,coredns,4870,1.37,0.9546650867952269,68744,45146
195.35265662199998,coredns,4880,1.46,1.9093301735904538,67724,44026
196.404580953,nodestore,4231,19.08,6.654471042936585,90476,90988
196.404580953,nodeapiserver,4238,59.43,23.7659680104878,412444,412620
196.404580953,nodescheduler,4245,2.08,0.0,65548,65996
196.404580953,nodecontroller,4252,7.44,1.901277440839024,138380,138700
196.404580953,nodelet,4375,16.34,4.75319360209756,119572,117301
196.404580953,nodeproxy,4610,0.32,0.0,52164,52500
196.404580953,containerd,3652,15.13,8.555748483775607,102168,101028
196.404580953,flanneld,5203,0.75,0.0,47956,48060
196.404580953,coredns,4870,1.38,0.950638720419512,68744,45146
196.404580953,coredns,4880,1.46,0.0,67724,44026
197.44214737299995,nodestore,4231,19.2,11.565524643714317,90476,91032
197.44214737299995,nodeapiserver,4238,59.73,28.913811609285794,412444,412620
197.44214737299995,nodescheduler,4245,2.09,0.9637937203095265,65548,65996
197.44214737299995,nodecontroller,4252,7.47,2.8913811609285793,138380,138704
197.44214737299995,nodelet,4375,16.38,3.855174881238106,119572,117309
197.44214737299995,nodeproxy,4610,0.32,0.0,52164,52500
197.44214737299995,containerd,3652,15.19,5.782762321857159,101600,100404
197.44214737299995,flanneld,5203,0.76,0.9637937203095265,47956,48060
197.44214737299995,coredns,4870,1.39,0.9637937203095265,68744,45146
197.44214737299995,coredns,4880,1.46,0.0,67724,44026
198.46279177000002,nodestore,4231,19.28,7.83818538906794,90476,91064
198.46279177000002,nodeapiserver,4238,59.99,25.474102514470804,412444,412624
198.46279177000002,nodescheduler,4245,2.1,0.9797731736334925,65548,65996
198.46279177000002,nodecontroller,4252,7.5,2.9393195209004777,138380,138704
198.46279177000002,nodelet,4375,16.44,5.878639041800955,119572,117309
198.46279177000002,nodeproxy,4610,0.32,0.0,52164,52500
198.46279177000002,containerd,3652,15.22,2.9393195209004777,103584,102452
198.46279177000002,flanneld,5203,0.76,0.0,47956,48060
198.46279177000002,coredns,4870,1.4,0.9797731736334925,68744,45146
198.46279177000002,coredns,4880,1.47,0.9797731736334925,67724,44026
199.48979954600003,nodestore,4231,19.35,6.815917234106674,90740,91112
199.48979954600003,nodeapiserver,4238,60.23,23.36885908836574,412444,412624
199.48979954600003,nodescheduler,4245,2.1,0.0,65548,65996
199.48979954600003,nodecontroller,4252,7.52,1.9474049240304783,138380,138704
199.48979954600003,nodelet,4375,16.51,6.815917234106674,119168,116865
199.48979954600003,nodeproxy,4610,0.32,0.0,52164,52500
199.48979954600003,containerd,3652,15.29,6.815917234106674,103584,102452
199.48979954600003,flanneld,5203,0.76,0.0,47956,48060
199.48979954600003,coredns,4870,1.4,0.0,68744,45146
199.48979954600003,coredns,4880,1.48,0.9737024620152391,67724,44026
200.510395545,nodestore,4231,19.42,6.858737450331938,90740,91124
200.510395545,nodeapiserver,4238,60.48,24.495490894042632,412444,412624
200.510395545,nodescheduler,4245,2.11,0.9798196357617053,65548,66004
200.510395545,nodecontroller,4252,7.55,2.939458907285116,138380,138708
200.510395545,nodelet,4375,16.56,4.899098178808527,119168,116865
200.510395545,nodeproxy,4610,0.32,0.0,52164,52500
200.510395545,containerd,3652,15.31,1.9596392715234106,103584,102452
200.510395545,flanneld,5203,0.76,0.0,47956,48060
200.510395545,coredns,4870,1.42,1.9596392715234106,68744,45146
200.510395545,coredns,4880,1.48,0.0,67724,44026
201.53432364199995,nodestore,4231,19.51,8.78967969173759,90868,91152
201.53432364199995,nodeapiserver,4238,60.72,23.43914584463357,412444,412624
201.53432364199995,nodescheduler,4245,2.12,0.976631076859732,65548,66004
201.53432364199995,nodecontroller,4252,7.6,4.883155384298661,138380,138708
201.53432364199995,nodelet,4375,16.6,3.906524307438928,119168,116901
201.53432364199995,nodeproxy,4610,0.32,0.0,52164,52500
201.53432364199995,containerd,3652,15.33,1.953262153719464,104352,103252
201.53432364199995,flanneld,5203,0.76,0.0,47956,48060
201.53432364199995,coredns,4870,1.42,0.0,68744,45146
201.53432364199995,coredns,4880,1.49,0.976631076859732,67724,44026
202.56567064099994,nodestore,4231,19.59,7.756846151447476,91036,91240
202.56567064099994,nodeapiserver,4238,61.01,28.118567298997096,412444,412636
202.56567064099994,nodescheduler,4245,2.13,0.9696057689309345,65548,66004
202.56567064099994,nodecontroller,4252,7.63,2.9088173067928036,138380,138708
202.56567064099994,nodelet,4375,16.7,9.696057689309345,118076,115729
202.56567064099994,nodeproxy,4610,0.32,0.0,52164,52500
202.56567064099994,containerd,3652,15.36,2.9088173067928036,104352,103252
202.56567064099994,flanneld,5203,0.76,0.0,47956,48060
202.56567064099994,coredns,4870,1.43,0.9696057689309345,68744,45146
202.56567064099994,coredns,4880,1.49,0.0,67724,44026
203.57826513599997,nodestore,4231,19.69,9.875621533968246,91176,91396
203.57826513599997,nodeapiserver,4238,61.32,30.61442675530156,412444,412636
203.57826513599997,nodescheduler,4245,2.15,1.975124306793649,65548,66012
203.57826513599997,nodecontroller,4252,7.68,4.937810766984123,138380,138708
203.57826513599997,nodelet,4375,16.8,9.875621533968246,119100,116714
203.57826513599997,nodeproxy,4610,0.32,0.0,52164,52508
203.57826513599997,containerd,3652,15.5,13.825870147555545,104352,103246
203.57826513599997,flanneld,5203,0.77,0.9875621533968245,47676,47860
203.57826513599997,coredns,4870,1.43,0.0,68744,45146
203.57826513599997,coredns,4880,1.51,1.975124306793649,67724,44026
204.613035948,nodestore,4231,19.81,11.596770860598658,91176,91528
204.613035948,nodeapiserver,4238,61.62,28.991927151496647,412444,412644
204.613035948,nodescheduler,4245,2.17,1.9327951434331097,65548,66012
204.613035948,nodecontroller,4252,7.72,3.8655902868662193,138380,138712
204.613035948,nodelet,4375,16.95,14.495963575748323,118428,116057
204.613035948,nodeproxy,4610,0.32,0.0,52164,52508
204.613035948,containerd,3652,15.6,9.663975717165549,104352,103256
204.613035948,flanneld,5203,0.77,0.0,47676,47860
204.613035948,coredns,4870,1.44,0.9663975717165548,68744,45146
204.613035948,coredns,4880,1.51,0.0,67724,44030
205.640643861,nodestore,4231,19.89,7.785070452255288,91176,91544
205.640643861,nodeapiserver,4238,61.89,26.274612776361597,412444,412648
205.640643861,nodescheduler,4245,2.17,0.0,65548,66012
205.640643861,nodecontroller,4252,7.75,2.919401419595733,138380,138712
205.640643861,nodelet,4375,17.0,4.865669032659555,118428,116153
205.640643861,nodeproxy,4610,0.32,0.0,52164,52508
205.640643861,containerd,3652,15.64,3.892535226127644,103508,102236
205.640643861,flanneld,5203,0.77,0.0,47676,47860
205.640643861,coredns,4870,1.45,0.973133806531911,68744,45146
205.640643861,coredns,4880,1.52,0.973133806531911,67724,44030
206.665465591,nodestore,4231,19.99,9.757794655661863,91304,91580
206.665465591,nodeapiserver,4238,62.33,42.9342964849122,412444,412652
206.665465591,nodescheduler,4245,2.18,0.9757794655661863,65548,66012
206.665465591,nodecontroller,4252,7.78,2.927338396698559,138380,138712
206.665465591,nodelet,4375,17.04,3.9031178622647453,118428,116153
206.665465591,nodeproxy,4610,0.32,0.0,52164,52508
206.665465591,containerd,3652,15.66,1.9515589311323727,103508,102236
206.665465591,flanneld,5203,0.77,0.0,47676,47860
206.665465591,coredns,4870,1.45,0.0,68744,45146
206.665465591,coredns,4880,1.52,0.0,67724,44030
207.68528922799993,nodestore,4231,20.07,7.844493606300314,91304,91600
207.68528922799993,nodeapiserver,4238,62.61,27.4557276220511,412444,412656
207.68528922799993,nodescheduler,4245,2.18,0.0,65548,66012
207.68528922799993,nodecontroller,4252,7.82,3.922246803150157,138380,138712
207.68528922799993,nodelet,4375,17.07,2.9416851023626176,118428,116189
207.68528922799993,nodeproxy,4610,0.32,0.0,52164,52508
207.68528922799993,containerd,3652,15.7,3.922246803150157,103508,102235
207.68528922799993,flanneld,5203,0.78,0.9805617007875392,47676,47860
207.68528922799993,coredns,4870,1.46,0.9805617007875392,68744,45146
207.68528922799993,coredns,4880,1.53,0.9805617007875392,67724,44030
208.71039997600002,nodestore,4231,20.18,10.730547915393677,91304,91768
208.71039997600002,nodeapiserver,4238,62.96,34.14265245807079,412444,412660
208.71039997600002,nodescheduler,4245,2.2,1.9510087118897594,65548,66012
208.71039997600002,nodecontroller,4252,7.86,3.902017423779519,138380,138716
208.71039997600002,nodelet,4375,17.2,12.681556627283436,119036,116773
208.71039997600002,nodeproxy,4610,0.33,0.9755043559448797,52164,52508
208.71039997600002,containerd,3652,15.82,11.706052271338557,103508,102228
208.71039997600002,flanneld,5203,0.79,0.9755043559448797,47676,47860
208.71039997600002,coredns,4870,1.47,0.9755043559448797,68744,45146
208.71039997600002,coredns,4880,1.54,0.9755043559448797,67724,44030
209.751735204,nodestore,4231,20.27,8.642749959862275,91304,91792
209.751735204,nodeapiserver,4238,63.23,25.928249879586826,412444,412668
209.751735204,nodescheduler,4245,2.21,0.9603055510958084,65548,66012
209.751735204,nodecontroller,4252,7.89,2.880916653287425,138380,138716
209.751735204,nodelet,4375,17.22,1.9206111021916168,119036,116773
209.751735204,nodeproxy,4610,0.33,0.0,52164,52508
209.751735204,containerd,3652,15.83,0.9603055510958084,103508,102228
209.751735204,flanneld,5203,0.79,0.0,47676,47860
209.751735204,coredns,4870,1.47,0.0,68744,45146
209.751735204,coredns,4880,1.54,0.0,67724,44030
210.77029696699998,nodestore,4231,20.36,8.835988476037246,91304,91820
210.77029696699998,nodeapiserver,4238,63.5,26.507965428111735,412444,412668
210.77029696699998,nodescheduler,4245,2.22,0.9817764973374716,65548,66012
210.77029696699998,nodecontroller,4252,7.92,2.945329492012415,138380,138716
210.77029696699998,nodelet,4375,17.26,3.9271059893498865,119036,116777
210.77029696699998,nodeproxy,4610,0.33,0.0,52164,52508
210.77029696699998,containerd,3652,15.86,2.945329492012415,103508,102228
210.77029696699998,flanneld,5203,0.79,0.0,47676,47860
210.77029696699998,coredns,4870,1.47,0.0,68744,45146
210.77029696699998,coredns,4880,1.56,1.9635529946749433,67724,44030
211.79875485600002,nodestore,4231,20.45,8.750965981456604,91304,91844
211.79875485600002,nodeapiserver,4238,63.79,28.197557051360164,412444,412672
211.79875485600002,nodescheduler,4245,2.22,0.0,65548,66012
211.79875485600002,nodecontroller,4252,7.94,1.9446591069903563,138380,138716
211.79875485600002,nodelet,4375,17.31,4.8616477674758904,119164,116933
211.79875485600002,nodeproxy,4610,0.33,0.0,52164,52508
211.79875485600002,containerd,3652,15.87,0.9723295534951781,103508,102232
211.79875485600002,flanneld,5203,0.79,0.0,47676,47860
211.79875485600002,coredns,4870,1.49,1.9446591069903563,68744,45146
211.79875485600002,coredns,4880,1.56,0.0,67724,44030
212.81608100900002,nodestore,4231,20.54,8.846720369332733,91440,91888
212.81608100900002,nodeapiserver,4238,64.06,26.5401611079982,412444,412672
212.81608100900002,nodescheduler,4245,2.23,0.9829689299258592,65548,66012
212.81608100900002,nodecontroller,4252,7.97,2.9489067897775776,138380,138716
212.81608100900002,nodelet,4375,17.43,11.79562715911031,120316,118165
212.81608100900002,nodeproxy,4610,0.33,0.0,52164,52508
212.81608100900002,containerd,3652,15.94,6.8807825094810156,103508,102228
212.81608100900002,flanneld,5203,0.79,0.0,47676,47860
212.81608100900002,coredns,4870,1.49,0.0,68744,45146
212.81608100900002,coredns,4880,1.57,0.9829689299258592,67724,44030
213.844378435,nodestore,4231,20.66,11.669775394342048,91440,92020
213.844378435,nodeapiserver,4238,64.41,34.036844900164304,412444,412680
213.844378435,nodescheduler,4245,2.25,1.9449625657236747,65548,66012
213.844378435,nodecontroller,4252,8.01,3.8899251314473493,138380,138720
213.844378435,nodelet,4375,17.52,8.752331545756535,120316,118171
213.844378435,nodeproxy,4610,0.33,0.0,52164,52508
213.844378435,containerd,3652,16.03,8.752331545756535,103508,102226
213.844378435,flanneld,5203,0.82,2.917443848585512,47676,47860
213.844378435,coredns,4870,1.51,1.9449625657236747,68744,45146
213.844378435,coredns,4880,1.57,0.0,67724,44030
215.00179207699995,nodestore,4231,20.79,11.231939497046898,91836,92196
215.00179207699995,nodeapiserver,4238,64.79,32.83182314521402,412444,412688
215.00179207699995,nodescheduler,4245,2.27,1.7279906918533692,65548,66012
215.00179207699995,nodecontroller,4252,8.08,6.047967421486793,138380,138720
215.00179207699995,nodelet,4375,17.69,14.687920880753637,120316,118241
215.00179207699995,nodeproxy,4610,0.34,0.8639953459266846,52164,52512
215.00179207699995,containerd,3652,16.2,14.687920880753637,103508,102256
215.00179207699995,flanneld,5203,0.82,0.0,47676,47860
215.00179207699995,coredns,4870,1.51,0.0,68744,45146
215.00179207699995,coredns,4880,1.58,0.8639953459266846,67724,44030
216.021647794,nodestore,4231,20.89,9.805308567976185,91836,92220
216.021647794,nodeapiserver,4238,65.04,24.513271419940462,412444,412692
216.021647794,nodescheduler,4245,2.27,0.0,65548,66012
216.021647794,nodecontroller,4252,8.12,3.9221234271904737,138380,138720
216.021647794,nodelet,4375,17.75,5.883185140785711,121340,119229
216.021647794,nodeproxy,4610,0.34,0.0,52164,52512
216.021647794,containerd,3652,16.33,12.74690113836904,103508,102263
216.021647794,flanneld,5203,0.83,0.9805308567976184,47676,47924
216.021647794,coredns,4870,1.51,0.0,68744,45146
216.021647794,coredns,4880,1.59,0.9805308567976184,67724,44030
217.071475131,nodestore,4231,21.02,12.382988651399414,91976,92384
217.071475131,nodeapiserver,4238,65.57,50.48449219416684,412444,412704
217.071475131,nodescheduler,4245,2.28,0.9525375885691857,65548,66012
217.071475131,nodecontroller,4252,8.18,5.715225531415114,138380,138724
217.071475131,nodelet,4375,17.94,18.09821418281453,121724,119729
217.071475131,nodeproxy,4610,0.34,0.0,52164,52512
217.071475131,containerd,3652,16.45,11.430451062830228,103508,102276
217.071475131,flanneld,5203,0.83,0.0,47676,47924
217.071475131,coredns,4870,1.53,1.9050751771383714,68872,45154
217.071475131,coredns,4880,1.6,0.9525375885691857,67724,44030
218.09388968799993,nodestore,4231,21.11,8.802691568094119,91976,92424
218.09388968799993,nodeapiserver,4238,65.86,28.364228386081045,412444,412704
218.09388968799993,nodescheduler,4245,2.3,1.956153681798693,65548,66012
218.09388968799993,nodecontroller,4252,8.2,1.956153681798693,138380,138724
218.09388968799993,nodelet,4375,17.99,4.8903842044967325,121852,119737
218.09388968799993,nodeproxy,4610,0.34,0.0,52164,52512
218.09388968799993,containerd,3652,16.51,5.86846104539608,100500,99220
218.09388968799993,flanneld,5203,0.83,0.0,47676,47924
218.09388968799993,coredns,4870,1.53,0.0,68872,45154
218.09388968799993,coredns,4880,1.61,0.9780768408993465,67724,44030
219.11161962199998,nodestore,4231,21.19,7.860631521917729,91976,92444
219.11161962199998,nodeapiserver,4238,66.11,24.564473505992904,412444,412704
219.11161962199998,nodescheduler,4245,2.3,0.0,65548,66012
219.11161962199998,nodecontroller,4252,8.23,2.9477368207191486,138380,138724
219.11161962199998,nodelet,4375,18.04,4.912894701198581,121852,119737
219.11161962199998,nodeproxy,4610,0.34,0.0,52164,52512
219.11161962199998,containerd,3652,16.56,4.912894701198581,100500,99256
219.11161962199998,flanneld,5203,0.84,0.9825789402397161,47676,47924
219.11161962199998,coredns,4870,1.54,0.9825789402397161,68872,45154
219.11161962199998,coredns,4880,1.61,0.0,67724,44038
220.12701074900002,nodestore,4231,21.31,11.818106029204532,92244,92624
220.12701074900002,nodeapiserver,4238,66.48,36.439160256713976,412444,412712
220.12701074900002,nodescheduler,4245,2.31,0.9848421691003777,65548,66012
220.12701074900002,nodecontroller,4252,8.32,8.8635795219034,138380,138732
220.12701074900002,nodelet,4375,18.13,8.8635795219034,121852,119737
220.12701074900002,nodeproxy,4610,0.34,0.0,52164,52516
220.12701074900002,containerd,3652,16.59,2.954526507301133,100500,99256
220.12701074900002,flanneld,5203,0.84,0.0,47676,47924
220.12701074900002,coredns,4870,1.55,0.9848421691003777,68872,45158
220.12701074900002,coredns,4880,1.62,0.9848421691003777,67724,44038
221.14240775000002,nodestore,4231,21.42,10.833201190437666,92244,92660
221.14240775000002,nodeapiserver,4238,66.76,27.575421212023155,412444,412712
221.14240775000002,nodescheduler,4245,2.33,1.9696729437159393,65548,66012
221.14240775000002,nodecontroller,4252,8.35,2.954509415573909,138380,138732
221.14240775000002,nodelet,4375,18.17,3.9393458874318785,121980,119741
221.14240775000002,nodeproxy,4610,0.35,0.9848364718579696,52164,52516
221.14240775000002,containerd,3652,16.6,0.9848364718579696,100500,99256
221.14240775000002,flanneld,5203,0.84,0.0,47676,47924
221.14240775000002,coredns,4870,1.56,0.9848364718579696,68872,45158
221.14240775000002,coredns,4880,1.63,0.9848364718579696,67724,44038
222.159133887,nodestore,4231,21.5,7.868392194190415,92244,92692
222.159133887,nodeapiserver,4238,67.02,25.572274631118848,412444,412716
222.159133887,nodescheduler,4245,2.34,0.9835490242738019,65548,66012
222.159133887,nodecontroller,4252,8.37,1.9670980485476037,138380,138732
222.159133887,nodelet,4375,18.21,3.9341960970952075,121980,119741
222.159133887,nodeproxy,4610,0.35,0.0,52164,52516
222.159133887,containerd,3652,16.68,7.868392194190415,100900,99632
222.159133887,flanneld,5203,0.84,0.0,47676,47924
222.159133887,coredns,4870,1.56,0.0,68872,45158
222.159133887,coredns,4880,1.64,0.9835490242738019,67724,44038
223.17277957599998,nodestore,4231,21.58,7.892304073124814,92244,92720
223.17277957599998,nodeapiserver,4238,67.27,24.663450228515043,412444,412720
223.17277957599998,nodescheduler,4245,2.34,0.0,65548,66012
223.17277957599998,nodecontroller,4252,8.4,2.959614027421805,138380,138732
223.17277957599998,nodelet,4375,18.28,6.905766063984212,121980,119745
223.17277957599998,nodeproxy,4610,0.35,0.0,52164,52516
223.17277957599998,containerd,3652,16.71,2.959614027421805,101028,99820
223.17277957599998,flanneld,5203,0.84,0.0,47676,47924
223.17277957599998,coredns,4870,1.58,1.9730760182812035,68872,45158
223.17277957599998,coredns,4880,1.65,0.9865380091406017,67724,44038
224.18721505599996,nodestore,4231,21.65,6.900389564450344,92244,92740
224.18721505599996,nodeapiserver,4238,67.52,24.64424844446551,412444,412720
224.18721505599996,nodescheduler,4245,2.35,0.9857699377786205,65548,66012
224.18721505599996,nodecontroller,4252,8.42,1.971539875557241,138380,138732
224.18721505599996,nodelet,4375,18.35,6.900389564450344,121980,119749
224.18721505599996,nodeproxy,4610,0.35,0.0,52164,52516
224.18721505599996,containerd,3652,16.74,2.9573098133358613,101028,99820
224.18721505599996,flanneld,5203,0.85,0.9857699377786205,47676,47924
224.18721505599996,coredns,4870,1.58,0.0,68872,45158
224.18721505599996,coredns,4880,1.65,0.0,67724,44038
225.22493242899992,nodestore,4231,21.76,10.600188727880516,92400,92848
225.22493242899992,nodeapiserver,4238,67.88,34.69152674579078,412444,412728
225.22493242899992,nodescheduler,4245,2.38,2.890960562149232,65548,66012
225.22493242899992,nodecontroller,4252,8.48,5.781921124298464,138380,138740
225.22493242899992,nodelet,4375,18.43,7.709228165731284,121980,119765
225.22493242899992,nodeproxy,4610,0.35,0.0,52164,52516
225.22493242899992,containerd,3652,16.75,0.9636535207164105,101028,99819
225.22493242899992,flanneld,5203,0.85,0.0,47676,47924
225.22493242899992,coredns,4870,1.58,0.0,68872,45158
225.22493242899992,coredns,4880,1.66,0.9636535207164105,67724,44038
226.24489704499996,nodestore,4231,21.87,10.784687848425897,92400,92900
226.24489704499996,nodeapiserver,4238,68.17,28.432358873122816,412444,412728
226.24489704499996,nodescheduler,4245,2.39,0.9804261680387178,65548,66012
226.24489704499996,nodecontroller,4252,8.51,2.9412785041161538,138380,138740
226.24489704499996,nodelet,4375,18.56,12.745540184503332,121980,119763
226.24489704499996,nodeproxy,4610,0.36,0.9804261680387178,52164,52516
226.24489704499996,containerd,3652,16.92,16.667244856658204,101412,100321
226.24489704499996,flanneld,5203,0.86,0.9804261680387178,47676,47936
226.24489704499996,coredns,4870,1.59,0.9804261680387178,68872,45158
226.24489704499996,coredns,4880,1.66,0.0,67724,44038
227.33554566499998,nodestore,4231,22.03,14.670169389660659,92536,93148
227.33554566499998,nodeapiserver,4238,68.58,37.59230906100544,412444,412740
227.33554566499998,nodescheduler,4245,2.41,1.8337711737075824,65548,66012
227.33554566499998,nodecontroller,4252,8.58,6.418199107976539,138380,138740
227.33554566499998,nodelet,4375,18.67,10.085741455391704,121980,119765
227.33554566499998,nodeproxy,4610,0.36,0.0,52164,52520
227.33554566499998,containerd,3652,17.02,9.168855868537912,102308,101304
227.33554566499998,flanneld,5203,0.86,0.0,47676,47936
227.33554566499998,coredns,4870,1.6,0.9168855868537912,68872,45162
227.33554566499998,coredns,4880,1.67,0.9168855868537912,67724,44038
228.36653764,nodestore,4231,22.11,7.759517235815489,92800,93188
228.36653764,nodeapiserver,4238,69.01,41.70740514250825,412444,412740
228.36653764,nodescheduler,4245,2.41,0.0,65548,66020
228.36653764,nodecontroller,4252,8.61,2.909818963430808,138380,138740
228.36653764,nodelet,4375,18.77,9.69939654476936,118808,116381
228.36653764,nodeproxy,4610,0.36,0.0,52164,52520
228.36653764,containerd,3652,17.11,8.729456890292425,102564,101536
228.36653764,flanneld,5203,0.87,0.9699396544769361,47676,47936
228.36653764,coredns,4870,1.61,0.9699396544769361,68872,45162
228.36653764,coredns,4880,1.68,0.9699396544769361,67724,44038
229.38584035499997,nodestore,4231,22.19,7.848502591303459,92800,93208
229.38584035499997,nodeapiserver,4238,69.29,27.469759069562112,412444,412744
229.38584035499997,nodescheduler,4245,2.42,0.9810628239129324,65548,66020
229.38584035499997,nodecontroller,4252,8.63,1.9621256478258648,138380,138740
229.38584035499997,nodelet,4375,18.8,2.943188471738797,118936,116589
229.38584035499997,nodeproxy,4610,0.36,0.0,52164,52520
229.38584035499997,containerd,3652,17.13,1.9621256478258648,102564,101536
229.38584035499997,flanneld,5203,0.87,0.0,47676,47936
229.38584035499997,coredns,4870,1.62,0.9810628239129324,68872,45162
229.38584035499997,coredns,4880,1.68,0.0,67724,44038
230.408883816,nodestore,4231,22.29,9.774755796029256,92928,93264
230.408883816,nodeapiserver,4238,69.57,27.36931622888192,412444,412756
230.408883816,nodescheduler,4245,2.42,0.0,65548,66020
230.408883816,nodecontroller,4252,8.67,3.9099023184117025,138380,138740
230.408883816,nodelet,4375,18.85,4.887377898014628,118936,116593
230.408883816,nodeproxy,4610,0.36,0.0,52164,52520
230.408883816,containerd,3652,17.18,4.887377898014628,102308,101160
230.408883816,flanneld,5203,0.87,0.0,47676,47936
230.408883816,coredns,4870,1.62,0.0,68872,45166
230.408883816,coredns,4880,1.7,1.9549511592058513,67724,44038
231.447001241,nodestore,4231,22.37,7.706257314773453,92928,93280
231.447001241,nodeapiserver,4238,69.85,26.97190060170709,412444,412756
231.447001241,nodescheduler,4245,2.45,2.889846493040045,65548,66020
231.447001241,nodecontroller,4252,8.69,1.9265643286933634,138380,138740
231.447001241,nodelet,4375,18.9,4.816410821733409,118936,116593
231.447001241,nodeproxy,4610,0.36,0.0,52164,52520
231.447001241,containerd,3652,17.2,1.9265643286933634,102308,101164
231.447001241,flanneld,5203,0.87,0.0,47676,47936
231.447001241,coredns,4870,1.63,0.9632821643466817,68872,45166
231.447001241,coredns,4880,1.7,0.0,67724,44038
232.477763875,nodestore,4231,22.49,11.641865550978231,93056,93440
232.477763875,nodeapiserver,4238,70.17,31.044974802608618,412444,412756
232.477763875,nodescheduler,4245,2.46,0.9701554625815193,65676,66024
232.477763875,nodecontroller,4252,8.74,4.850777312907597,138380,138740
232.477763875,nodelet,4375,19.0,9.701554625815193,118248,115949
232.477763875,nodeproxy,4610,0.37,0.9701554625815193,52164,52520
232.477763875,containerd,3652,17.28,7.761243700652154,102308,101164
232.477763875,flanneld,5203,0.88,0.9701554625815193,47676,47936
232.477763875,coredns,4870,1.64,0.9701554625815193,68872,45166
232.477763875,coredns,4880,1.7,0.0,67724,44038
233.49877638899994,nodestore,4231,22.57,7.83535940089408,93056,93464
233.49877638899994,nodeapiserver,4238,70.43,25.464918052905762,412444,412756
233.49877638899994,nodescheduler,4245,2.46,0.0,65676,66024
233.49877638899994,nodecontroller,4252,8.77,2.9382597753352804,138380,138740
233.49877638899994,nodelet,4375,19.08,7.83535940089408,118248,116029
233.49877638899994,nodeproxy,4610,0.37,0.0,52164,52520
233.49877638899994,containerd,3652,17.31,2.9382597753352804,102308,101164
233.49877638899994,flanneld,5203,0.88,0.0,47676,47936
233.49877638899994,coredns,4870,1.65,0.97941992511176,68872,45166
233.49877638899994,coredns,4880,1.72,1.95883985022352,67724,44042
234.51617862999996,nodestore,4231,22.65,7.86316333659412,93056,93492
234.51617862999996,nodeapiserver,4238,70.68,24.572385426856624,412444,412756
234.51617862999996,nodescheduler,4245,2.47,0.982895417074265,65676,66024
234.51617862999996,nodecontroller,4252,8.79,1.96579083414853,138380,138740
234.51617862999996,nodelet,4375,19.13,4.914477085371325,118248,116029
234.51617862999996,nodeproxy,4610,0.37,0.0,52164,52520
234.51617862999996,containerd,3652,17.34,2.948686251222795,102820,101612
234.51617862999996,flanneld,5203,0.89,0.982895417074265,47676,47936
234.51617862999996,coredns,4870,1.65,0.0,68872,45166
234.51617862999996,coredns,4880,1.72,0.0,67724,44042
235.54777679199998,nodestore,4231,22.74,8.72432729285902,93056,93584
235.54777679199998,nodeapiserver,4238,70.95,26.17298187857706,412444,412756
235.54777679199998,nodescheduler,4245,2.47,0.0,65676,66024
235.54777679199998,nodecontroller,4252,8.83,3.8774787968262308,138380,138740
235.54777679199998,nodelet,4375,19.18,4.846848496032789,118248,116033
235.54777679199998,nodeproxy,4610,0.37,0.0,52164,52520
235.54777679199998,containerd,3652,17.36,1.9387393984131154,102820,101612
235.54777679199998,flanneld,5203,0.89,0.0,47676,47936
235.54777679199998,coredns,4870,1.66,0.9693696992065577,68872,45166
235.54777679199998,coredns,4880,1.73,0.9693696992065577,67724,44042
236.572244142,nodestore,4231,22.84,9.761170036311954,93056,93624
236.572244142,nodeapiserver,4238,71.24,28.307393105304666,412444,412760
236.572244142,nodescheduler,4245,2.48,0.9761170036311955,65676,66024
236.572244142,nodecontroller,4252,8.85,1.952234007262391,138380,138740
236.572244142,nodelet,4375,19.25,6.832819025418369,119144,117021
236.572244142,nodeproxy,4610,0.37,0.0,52164,52520
236.572244142,containerd,3652,17.44,7.808936029049564,102688,101448
236.572244142,flanneld,5203,0.89,0.0,47676,47936
236.572244142,coredns,4870,1.66,0.0,68872,45166
236.572244142,coredns,4880,1.74,0.9761170036311955,67724,44042
237.61364138099992,nodestore,4231,22.95,10.562732056562226,93188,93752
237.61364138099992,nodeapiserver,4238,71.58,32.64844453846506,412444,412764
237.61364138099992,nodescheduler,4245,2.5,1.920496737556768,65676,66032
237.61364138099992,nodecontroller,4252,8.9,4.80124184389192,138380,138744
237.61364138099992,nodelet,4375,19.35,9.60248368778384,120168,118004
237.61364138099992,nodeproxy,4610,0.37,0.0,52164,52520
237.61364138099992,containerd,3652,17.51,6.721738581448689,102688,101436
237.61364138099992,flanneld,5203,0.89,0.0,47676,47936
237.61364138099992,coredns,4870,1.67,0.960248368778384,68872,45170
237.61364138099992,coredns,4880,1.74,0.0,67724,44042
238.63478515799994,nodestore,4231,23.05,9.792940255072232,93324,93812
238.63478515799994,nodeapiserver,4238,71.83,24.48235063768058,412444,412768
238.63478515799994,nodescheduler,4245,2.51,0.9792940255072231,65676,66032
238.63478515799994,nodecontroller,4252,8.93,2.9378820765216695,138380,138744
238.63478515799994,nodelet,4375,19.5,14.689410382608347,121320,119078
238.63478515799994,nodeproxy,4610,0.37,0.0,52164,52520
238.63478515799994,containerd,3652,17.78,26.440938688695024,101580,100462
238.63478515799994,flanneld,5203,0.91,1.9585880510144462,47676,47936
238.63478515799994,coredns,4870,1.68,0.9792940255072231,68872,45170
238.63478515799994,coredns,4880,1.75,0.9792940255072231,67724,44046
239.72461048199995,nodestore,4231,23.2,13.763673562791936,93764,94140
239.72461048199995,nodeapiserver,4238,72.42,54.13711601364829,412444,412904
239.72461048199995,nodescheduler,4245,2.53,1.8351564750389249,65676,66032
239.72461048199995,nodecontroller,4252,9.06,11.928517087753013,140516,140800
239.72461048199995,nodelet,4375,19.68,16.516408275350326,118564,116257
239.72461048199995,nodeproxy,4610,0.38,0.9175782375194624,52164,52592
239.72461048199995,containerd,3652,17.9,11.01093885023355,101580,100468
239.72461048199995,flanneld,5203,0.91,0.0,47676,47936
239.72461048199995,coredns,4870,1.69,0.9175782375194624,68872,45170
239.72461048199995,coredns,4880,1.76,0.9175782375194624,67724,44058
240.74308364199993,nodestore,4231,23.31,10.800480986656694,93764,94192
240.74308364199993,nodeapiserver,4238,72.71,28.473995328458557,412444,412912
240.74308364199993,nodescheduler,4245,2.53,0.0,65676,66032
240.74308364199993,nodecontroller,4252,9.1,3.9274476315115256,140516,140800
240.74308364199993,nodelet,4375,19.8,11.782342894534576,119204,116973
240.74308364199993,nodeproxy,4610,0.38,0.0,52164,52592
240.74308364199993,containerd,3652,17.98,7.854895263023051,101708,100604
240.74308364199993,flanneld,5203,0.92,0.9818619078778814,47676,47936
240.74308364199993,coredns,4870,1.7,0.9818619078778814,68872,45170
240.74308364199993,coredns,4880,1.77,0.9818619078778814,67724,44062
241.764551369,nodestore,4231,23.39,7.831867604368704,93764,94252
241.764551369,nodeapiserver,4238,72.99,27.41153661529047,412444,412912
241.764551369,nodescheduler,4245,2.55,1.957966901092176,65676,66032
241.764551369,nodecontroller,4252,9.13,2.9369503516382642,140516,140800
241.764551369,nodelet,4375,19.9,9.789834505460881,118372,115865
241.764551369,nodeproxy,4610,0.38,0.0,52164,52592
241.764551369,containerd,3652,18.06,7.831867604368704,101708,100632
241.764551369,flanneld,5203,0.92,0.0,47676,47936
241.764551369,coredns,4870,1.7,0.0,68872,45170
241.764551369,coredns,4880,1.78,0.978983450546088,67724,44062
242.78161083100002,nodestore,4231,23.48,8.849040136062193,93764,94272
242.78161083100002,nodeapiserver,4238,73.26,26.54712040818658,412444,412912
242.78161083100002,nodescheduler,4245,2.55,0.0,65676,66036
242.78161083100002,nodecontroller,4252,9.15,1.9664533635693764,140516,140800
242.78161083100002,nodelet,4375,19.94,3.932906727138753,119268,116892
242.78161083100002,nodeproxy,4610,0.38,0.0,52164,52592
242.78161083100002,containerd,3652,18.08,1.9664533635693764,101708,100632
242.78161083100002,flanneld,5203,0.92,0.0,47676,47936
242.78161083100002,coredns,4870,1.71,0.9832266817846882,68872,45174
242.78161083100002,coredns,4880,1.78,0.0,67724,44062
243.82777416899995,nodestore,4231,23.55,6.691115761504997,93764,94292
243.82777416899995,nodeapiserver,4238,73.51,23.896842005374985,412444,412912
243.82777416899995,nodescheduler,4245,2.56,0.9558736802149994,65676,66036
243.82777416899995,nodecontroller,4252,9.18,2.8676210406449982,140516,140800
243.82777416899995,nodelet,4375,20.01,6.691115761504997,119268,116941
243.82777416899995,nodeproxy,4610,0.38,0.0,52164,52592
243.82777416899995,containerd,3652,18.12,3.8234947208599976,101708,100632
243.82777416899995,flanneld,5203,0.93,0.9558736802149994,47676,47936
243.82777416899995,coredns,4870,1.72,0.9558736802149994,68872,45174
243.82777416899995,coredns,4880,1.78,0.0,67724,44062
244.85434310399995,nodestore,4231,23.7,14.611780552272407,94084,94540
244.85434310399995,nodeapiserver,4238,73.88,36.0423920289386,412444,412916
244.85434310399995,nodescheduler,4245,2.58,1.9482374069696542,65676,66044
244.85434310399995,nodecontroller,4252,9.24,5.844712220908963,140516,140800
244.85434310399995,nodelet,4375,20.1,8.767068331363443,119268,116941
244.85434310399995,nodeproxy,4610,0.4,1.9482374069696542,52164,52592
244.85434310399995,containerd,3652,18.14,1.9482374069696542,101708,100632
244.85434310399995,flanneld,5203,0.93,0.0,47676,47936
244.85434310399995,coredns,4870,1.73,0.9741187034848271,68872,45174
244.85434310399995,coredns,4880,1.8,1.9482374069696542,67724,44066
245.88055618799996,nodestore,4231,23.79,8.770108411519681,94084,94544
245.88055618799996,nodeapiserver,4238,74.17,28.259238214896744,412444,412924
245.88055618799996,nodescheduler,4245,2.58,0.0,65676,66048
245.88055618799996,nodecontroller,4252,9.26,1.9489129803377068,140516,140804
245.88055618799996,nodelet,4375,20.15,4.872282450844267,120292,117916
245.88055618799996,nodeproxy,4610,0.4,0.0,52164,52592
245.88055618799996,containerd,3652,18.18,3.8978259606754135,101708,100680
245.88055618799996,flanneld,5203,0.93,0.0,47676,47936
245.88055618799996,coredns,4870,1.73,0.0,68872,45174
245.88055618799996,coredns,4880,1.81,0.9744564901688534,67724,44066
246.922437258,nodestore,4231,23.87,7.678419572398657,94084,94544
246.922437258,nodeapiserver,4238,74.44,25.914666056845466,412444,412924
246.922437258,nodescheduler,4245,2.6,1.9196048930996643,65676,66048
246.922437258,nodecontroller,4252,9.29,2.879407339649496,140516,140804
246.922437258,nodelet,4375,20.19,3.8392097861993286,120292,117917
246.922437258,nodeproxy,4610,0.4,0.0,52164,52592
246.922437258,containerd,3652,18.27,8.63822201894849,102860,101884
246.922437258,flanneld,5203,0.93,0.0,47676,47936
246.922437258,coredns,4870,1.74,0.9598024465498322,68872,45174
246.922437258,coredns,4880,1.82,0.9598024465498322,67724,44066
247.93396720899995,nodestore,4231,23.95,7.908811787620958,94232,94612
247.93396720899995,nodeapiserver,4238,74.68,23.726435362862873,412444,412924
247.93396720899995,nodescheduler,4245,2.61,0.9886014734526197,65676,66048
247.93396720899995,nodecontroller,4252,9.31,1.9772029469052395,140516,140804
247.93396720899995,nodelet,4375,20.22,2.965804420357859,120292,117917
247.93396720899995,nodeproxy,4610,0.4,0.0,52164,52592
247.93396720899995,containerd,3652,18.31,3.954405893810479,102988,101932
247.93396720899995,flanneld,5203,0.93,0.0,47676,47936
247.93396720899995,coredns,4870,1.75,0.9886014734526197,68872,45174
247.93396720899995,coredns,4880,1.82,0.0,67724,44066
248.95320684300003,nodestore,4231,24.04,8.830111879263157,94232,94612
248.95320684300003,nodeapiserver,4238,74.96,27.471459179929827,412444,412928
248.95320684300003,nodescheduler,4245,2.62,0.9811235421403508,65676,66048
248.95320684300003,nodecontroller,4252,9.34,2.9433706264210526,140516,140804
248.95320684300003,nodelet,4375,20.37,14.716853132105262,120548,118445
248.95320684300003,nodeproxy,4610,0.4,0.0,52164,52592
248.95320684300003,containerd,3652,18.4,8.830111879263157,103116,102044
248.95320684300003,flanneld,5203,0.93,0.0,47676,47936
248.95320684300003,coredns,4870,1.75,0.0,68872,45174
248.95320684300003,coredns,4880,1.83,0.9811235421403508,67724,44066
249.96477955899996,nodestore,4231,24.17,12.851275834530188,94232,94640
249.96477955899996,nodeapiserver,4238,75.29,32.622469426115096,412444,412928
249.96477955899996,nodescheduler,4245,2.64,1.9771193591584906,65676,66048
249.96477955899996,nodecontroller,4252,9.4,5.931358077475472,140516,140804
249.96477955899996,nodelet,4375,20.47,9.885596795792452,120548,118487
249.96477955899996,nodeproxy,4610,0.4,0.0,52164,52592
249.96477955899996,containerd,3652,18.46,5.931358077475472,103116,102101
249.96477955899996,flanneld,5203,0.95,1.9771193591584906,47676,47936
249.96477955899996,coredns,4870,1.76,0.9885596795792453,68872,45174
249.96477955899996,coredns,4880,1.83,0.0,67724,44066
251.04460149599998,nodestore,4231,24.24,6.482550279954049,94232,94640
251.04460149599998,nodeapiserver,4238,75.5,19.447650839862142,412444,412932
251.04460149599998,nodescheduler,4245,2.65,0.9260786114220069,65676,66048
251.04460149599998,nodecontroller,4252,9.42,1.8521572228440137,140516,140804
251.04460149599998,nodelet,4375,20.55,7.408628891376055,120932,118748
251.04460149599998,nodeproxy,4610,0.4,0.0,52164,52592
251.04460149599998,containerd,3652,18.68,20.37372945128415,105804,104767
251.04460149599998,flanneld,5203,0.95,0.0,47676,47936
251.04460149599998,coredns,4870,1.77,0.9260786114220069,68872,45174
251.04460149599998,coredns,4880,1.84,0.9260786114220069,67724,44066
252.09313713299997,nodestore,4231,24.39,14.305665416310687,94232,94640
252.09313713299997,nodeapiserver,4238,76.08,55.31523960973465,412444,412944
252.09313713299997,nodescheduler,4245,2.67,1.9074220555080916,65676,66052
252.09313713299997,nodecontroller,4252,9.5,7.6296882220323665,140516,140812
252.09313713299997,nodelet,4375,20.73,17.166798499572824,121444,119285
252.09313713299997,nodeproxy,4610,0.4,0.0,52164,52592
252.09313713299997,containerd,3652,18.84,15.259376444064733,106316,105336
252.09313713299997,flanneld,5203,0.96,0.9537110277540458,47804,48064
252.09313713299997,coredns,4870,1.78,0.9537110277540458,68872,45174
252.09313713299997,coredns,4880,1.86,1.9074220555080916,67724,44074
253.11062201199996,nodestore,4231,24.49,9.828155883582479,94232,94644
253.11062201199996,nodeapiserver,4238,76.37,28.501652062389187,412444,412944
253.11062201199996,nodescheduler,4245,2.67,0.0,65676,66052
253.11062201199996,nodecontroller,4252,9.54,3.9312623534329916,140516,140812
253.11062201199996,nodelet,4375,20.92,18.67349617880671,122980,120837
253.11062201199996,nodeproxy,4610,0.4,0.0,52164,52592
253.11062201199996,containerd,3652,18.91,6.879709118507736,106572,105604
253.11062201199996,flanneld,5203,0.96,0.0,47804,48064
253.11062201199996,coredns,4870,1.78,0.0,68872,45174
253.11062201199996,coredns,4880,1.86,0.0,67724,44074
254.136015901,nodestore,4231,24.58,8.777114918030904,94232,94644
254.136015901,nodeapiserver,4238,76.65,27.30657974498504,412444,412948
254.136015901,nodescheduler,4245,2.69,1.9504699817846454,65676,66052
254.136015901,nodecontroller,4252,9.57,2.925704972676968,140516,140820
254.136015901,nodelet,4375,20.97,4.8761749544616135,122980,120841
254.136015901,nodeproxy,4610,0.41,0.9752349908923227,52164,52592
254.136015901,containerd,3652,18.95,3.9009399635692907,108724,107652
254.136015901,flanneld,5203,0.97,0.9752349908923227,47804,48064
254.136015901,coredns,4870,1.79,0.9752349908923227,68872,45174
254.136015901,coredns,4880,1.86,0.0,67724,44078
255.16068994999995,nodestore,4231,24.69,10.735121096055622,94232,94648
255.16068994999995,nodeapiserver,4238,76.94,28.30168288960118,412444,412948
255.16068994999995,nodescheduler,4245,2.69,0.0,65676,66052
255.16068994999995,nodecontroller,4252,9.59,1.9518401992828405,140516,140828
255.16068994999995,nodelet,4375,21.01,3.903680398565681,122980,120845
255.16068994999995,nodeproxy,4610,0.41,0.0,52164,52592
255.16068994999995,containerd,3652,18.97,1.9518401992828405,109236,108124
255.16068994999995,flanneld,5203,0.97,0.0,47804,48064
255.16068994999995,coredns,4870,1.8,0.9759200996414202,68872,45174
255.16068994999995,coredns,4880,1.88,1.9518401992828405,67724,44078
256.20877353399993,nodestore,4231,24.77,7.632979012483161,94232,94648
256.20877353399993,nodeapiserver,4238,77.22,26.715426543691066,412444,412952
256.20877353399993,nodescheduler,4245,2.71,1.9082447531207902,65676,66056
256.20877353399993,nodecontroller,4252,9.63,3.8164895062415805,140516,140828
256.20877353399993,nodelet,4375,21.12,10.495346142164346,122980,120845
256.20877353399993,nodeproxy,4610,0.41,0.0,52164,52592
256.20877353399993,containerd,3652,19.24,25.761304167130668,109236,108168
256.20877353399993,flanneld,5203,0.97,0.0,47804,48064
256.20877353399993,coredns,4870,1.81,0.9541223765603951,68872,45174
256.20877353399993,coredns,4880,1.88,0.0,67724,44078
257.2299747299999,nodestore,4231,24.88,10.77162859100302,94232,94648
257.2299747299999,nodeapiserver,4238,77.53,30.356407847372147,412444,412952
257.2299747299999,nodescheduler,4245,2.72,0.9792389628184563,65676,66056
257.2299747299999,nodecontroller,4252,9.68,4.896194814092282,140516,140828
257.2299747299999,nodelet,4375,21.21,8.813150665366107,122980,120845
257.2299747299999,nodeproxy,4610,0.41,0.0,52164,52592
257.2299747299999,containerd,3652,19.54,29.37716888455369,102564,101276
257.2299747299999,flanneld,5203,0.97,0.0,47804,48064
257.2299747299999,coredns,4870,1.81,0.0,69000,45242
257.2299747299999,coredns,4880,1.88,0.0,67724,44018
258.261642728,nodestore,4231,24.96,7.754432642582758,94232,94648
258.261642728,nodeapiserver,4238,77.8,26.171210168716808,412444,412952
258.261642728,nodescheduler,4245,2.72,0.0,65676,66056
258.261642728,nodecontroller,4252,9.71,2.9079122409685345,140516,140828
258.261642728,nodelet,4375,21.27,5.815824481937069,122980,120845
258.261642728,nodeproxy,4610,0.41,0.0,52164,52592
258.261642728,containerd,3652,19.76,21.324689767102587,101752,100420
258.261642728,flanneld,5203,0.97,0.0,47804,48064
258.261642728,coredns,4870,1.82,0.9693040803228448,69000,45242
258.261642728,coredns,4880,1.89,0.9693040803228448,67724,44022
259.28301895499993,nodestore,4231,25.05,8.811640375100326,94232,94648
259.28301895499993,nodeapiserver,4238,78.09,28.393063430878826,412444,412956
259.28301895499993,nodescheduler,4245,2.73,0.9790711527889251,65676,66056
259.28301895499993,nodecontroller,4252,9.74,2.9372134583667755,140516,140832
259.28301895499993,nodelet,4375,21.33,5.874426916733551,122980,120845
259.28301895499993,nodeproxy,4610,0.41,0.0,52164,52592
259.28301895499993,containerd,3652,19.84,7.832569222311401,103732,102472
259.28301895499993,flanneld,5203,0.98,0.9790711527889251,47804,48064
259.28301895499993,coredns,4870,1.83,0.9790711527889251,69000,45242
259.28301895499993,coredns,4880,1.89,0.0,67724,44022
260.310549655,nodestore,4231,25.13,7.785655455354822,94232,94648
260.310549655,nodeapiserver,4238,78.36,26.276587161822523,412444,412960
260.310549655,nodescheduler,4245,2.73,0.0,65676,66060
260.310549655,nodecontroller,4252,9.76,1.9464138638387054,140516,140832
260.310549655,nodelet,4375,21.36,2.919620795758058,122980,120845
260.310549655,nodeproxy,4610,0.41,0.0,52164,52592
260.310549655,containerd,3652,19.86,1.9464138638387054,103860,102660
260.310549655,flanneld,5203,0.98,0.0,47804,48064
260.310549655,coredns,4870,1.84,0.9732069319193527,69000,45242
260.310549655,coredns,4880,1.91,1.9464138638387054,67724,44022
261.3480180259999,nodestore,4231,25.23,9.638848064699852,94232,94648
261.3480180259999,nodeapiserver,4238,78.63,26.0248897746896,412444,412960
261.3480180259999,nodescheduler,4245,2.75,1.9277696129399704,65676,66060
261.3480180259999,nodecontroller,4252,9.79,2.8916544194099556,140516,140832
261.3480180259999,nodelet,4375,21.45,8.674963258229868,121936,119705
261.3480180259999,nodeproxy,4610,0.41,0.0,52164,52592
261.3480180259999,containerd,3652,19.92,5.783308838819911,103860,102696
261.3480180259999,flanneld,5203,0.99,0.9638848064699852,47804,48064
261.3480180259999,coredns,4870,1.84,0.0,69000,45242
261.3480180259999,coredns,4880,1.91,0.0,67724,44022
262.379116848,nodestore,4231,25.32,8.728552305531677,94232,94648
262.379116848,nodeapiserver,4238,78.89,25.215817771535953,412444,412964
262.379116848,nodescheduler,4245,2.75,0.0,65676,66060
262.379116848,nodecontroller,4252,9.87,7.758713160472602,140516,140836
262.379116848,nodelet,4375,21.54,8.728552305531677,122064,119833
262.379116848,nodeproxy,4610,0.42,0.9698391450590752,52164,52592
262.379116848,containerd,3652,20.06,13.577748030827054,103860,102696
262.379116848,flanneld,5203,0.99,0.0,47804,48064
262.379116848,coredns,4870,1.86,1.9396782901181504,69000,45242
262.379116848,coredns,4880,1.92,0.9698391450590752,67724,44022
263.41479734,nodestore,4231,25.44,11.58658494844006,94232,94648
263.41479734,nodeapiserver,4238,79.21,30.897559862506824,412444,412976
263.41479734,nodescheduler,4245,2.77,1.9310974914066765,65676,66072
263.41479734,nodecontroller,4252,9.92,4.827743728516691,140516,140836
263.41479734,nodelet,4375,21.78,23.17316989688012,122064,119831
263.41479734,nodeproxy,4610,0.42,0.0,52164,52592
263.41479734,containerd,3652,20.21,14.483231185550075,103860,102657
263.41479734,flanneld,5203,1.0,0.9655487457033383,47804,48064
263.41479734,coredns,4870,1.86,0.0,69000,45242
263.41479734,coredns,4880,1.92,0.0,67724,44022
264.446499693,nodestore,4231,25.58,13.569805244012862,94232,94648
264.446499693,nodeapiserver,4238,79.77,54.27922097605145,412572,413060
264.446499693,nodescheduler,4245,2.78,0.9692718031437757,65676,66072
264.446499693,nodecontroller,4252,9.98,5.815630818862655,140516,140836
264.446499693,nodelet,4375,21.96,17.446892456587964,115864,113525
264.446499693,nodeproxy,4610,0.42,0.0,52164,52592
264.446499693,containerd,3652,20.36,14.539077047156637,103064,101916
264.446499693,flanneld,5203,1.01,0.9692718031437757,47804,48064
264.446499693,coredns,4870,1.87,0.9692718031437757,69000,45242
264.446499693,coredns,4880,1.93,0.9692718031437757,67724,44022
265.46336350999997,nodestore,4231,25.66,7.867326839893292,94232,94648
265.46336350999997,nodeapiserver,4238,80.05,27.535643939626524,412572,413064
265.46336350999997,nodescheduler,4245,2.79,0.9834158549866615,65676,66072
265.46336350999997,nodecontroller,4252,10.01,2.9502475649599846,140516,140836
265.46336350999997,nodelet,4375,21.99,2.9502475649599846,115864,113559
265.46336350999997,nodeproxy,4610,0.42,0.0,52164,52592
265.46336350999997,containerd,3652,20.39,2.9502475649599846,103064,101906
265.46336350999997,flanneld,5203,1.01,0.0,47804,48064
265.46336350999997,coredns,4870,1.87,0.0,69000,45242
265.46336350999997,coredns,4880,1.94,0.9834158549866615,67724,44022
266.486968191,nodestore,4231,25.77,10.74633616295415,94232,94648
266.486968191,nodeapiserver,4238,80.31,25.400430930618896,412572,413072
266.486968191,nodescheduler,4245,2.81,1.9538793023552996,65676,66072
266.486968191,nodecontroller,4252,10.03,1.9538793023552996,140516,140836
266.486968191,nodelet,4375,22.05,5.861637907065899,116760,114549
266.486968191,nodeproxy,4610,0.42,0.0,52164,52592
266.486968191,containerd,3652,20.47,7.815517209421198,103832,102708
266.486968191,flanneld,5203,1.01,0.0,47804,48064
266.486968191,coredns,4870,1.88,0.9769396511776498,69000,45242
266.486968191,coredns,4880,1.94,0.0,67724,44022
267.505173804,nodestore,4231,25.84,6.874839335618797,94232,94648
267.505173804,nodeapiserver,4238,80.57,25.535117532298386,412572,413076
267.505173804,nodescheduler,4245,2.82,0.9821199050883995,65676,66072
267.505173804,nodecontroller,4252,10.06,2.9463597152651984,140516,140836
267.505173804,nodelet,4375,22.1,4.910599525441998,116996,114737
267.505173804,nodeproxy,4610,0.42,0.0,52164,52592
267.505173804,containerd,3652,20.51,3.928479620353598,103832,102708
267.505173804,flanneld,5203,1.02,0.9821199050883995,47804,48064
267.505173804,coredns,4870,1.89,0.9821199050883995,69000,45242
267.505173804,coredns,4880,1.95,0.9821199050883995,67724,44022
268.532270162,nodestore,4231,25.94,9.736184849756867,94232,94648
268.532270162,nodeapiserver,4238,80.85,27.261317579319233,412572,413080
268.532270162,nodescheduler,4245,2.83,0.9736184849756867,65676,66072
268.532270162,nodecontroller,4252,10.09,2.92085545492706,140516,140844
268.532270162,nodelet,4375,22.18,7.788947879805494,118020,115761
268.532270162,nodeproxy,4610,0.42,0.0,52164,52592
268.532270162,containerd,3652,20.56,4.868092424878434,104856,103696
268.532270162,flanneld,5203,1.02,0.0,47804,48064
268.532270162,coredns,4870,1.89,0.0,69000,45242
268.532270162,coredns,4880,1.96,0.9736184849756867,67724,44022
269.550709304,nodestore,4231,26.03,8.837052337094581,94232,94648
269.550709304,nodeapiserver,4238,81.13,27.49305171540537,412572,413080
269.550709304,nodescheduler,4245,2.84,0.9818947041216203,65676,66072
269.550709304,nodecontroller,4252,10.12,2.945684112364861,140516,140844
269.550709304,nodelet,4375,22.22,3.927578816486481,118020,115797
269.550709304,nodeproxy,4610,0.42,0.0,52164,52592
269.550709304,containerd,3652,20.57,0.9818947041216203,104856,103732
269.550709304,flanneld,5203,1.03,0.9818947041216203,47804,48064
269.550709304,coredns,4870,1.9,0.9818947041216203,69000,45242
269.550709304,coredns,4880,1.96,0.0,67724,44022
270.56954201699995,nodestore,4231,26.1,6.8706078148871015,94232,94648
270.56954201699995,nodeapiserver,4238,81.41,27.482431259548406,412572,413080
270.56954201699995,nodescheduler,4245,2.84,0.0,65676,66072
270.56954201699995,nodecontroller,4252,10.15,2.9445462063801857,140516,140844
270.56954201699995,nodelet,4375,22.31,8.833638619140558,118148,115849
270.56954201699995,nodeproxy,4610,0.42,0.0,52164,52592
270.56954201699995,containerd,3652,20.64,6.8706078148871015,104856,103728
270.56954201699995,flanneld,5203,1.03,0.0,47804,48064
270.56954201699995,coredns,4870,1.91,0.9815154021267286,69000,45250
270.56954201699995,coredns,4880,1.96,0.0,67724,44022
271.59110556599995,nodestore,4231,26.19,8.810024602786546,94232,94648
271.59110556599995,nodeapiserver,4238,81.67,25.451182185827804,412572,413080
271.59110556599995,nodescheduler,4245,2.85,0.9788916225318386,65676,66072
271.59110556599995,nodecontroller,4252,10.17,1.9577832450636772,140516,140844
271.59110556599995,nodelet,4375,22.35,3.9155664901273544,118148,115849
271.59110556599995,nodeproxy,4610,0.43,0.9788916225318386,52164,52592
271.59110556599995,containerd,3652,20.69,4.894458112659192,104856,103728
271.59110556599995,flanneld,5203,1.03,0.0,47804,48064
271.59110556599995,coredns,4870,1.91,0.0,69000,45250
271.59110556599995,coredns,4880,1.98,1.9577832450636772,67724,44022
272.618347464,nodestore,4231,26.28,8.761324881239904,94232,94652
272.618347464,nodeapiserver,4238,81.97,29.20441627079968,412700,413088
272.618347464,nodescheduler,4245,2.87,1.9469610847199788,65676,66072
272.618347464,nodecontroller,4252,10.19,1.9469610847199788,140516,140844
272.618347464,nodelet,4375,22.41,5.8408832541599365,118148,115889
272.618347464,nodeproxy,4610,0.43,0.0,52164,52592
272.618347464,containerd,3652,20.71,1.9469610847199788,104856,103728
272.618347464,flanneld,5203,1.03,0.0,47804,48064
272.618347464,coredns,4870,1.92,0.9734805423599894,69000,45254
272.618347464,coredns,4880,1.99,0.9734805423599894,67724,44022
273.638550361,nodestore,4231,26.37,8.82177459647038,94232,94680
273.638550361,nodeapiserver,4238,82.23,25.485126612025542,412700,413088
273.638550361,nodescheduler,4245,2.87,0.0,65804,66076
273.638550361,nodecontroller,4252,10.22,2.9405915321567933,140516,140844
273.638550361,nodelet,4375,22.47,5.8811830643135865,120316,118045
273.638550361,nodeproxy,4610,0.43,0.0,52164,52592
273.638550361,containerd,3652,20.74,2.9405915321567933,104856,103728
273.638550361,flanneld,5203,1.03,0.0,47804,48064
273.638550361,coredns,4870,1.94,1.9603943547711955,69000,45254
273.638550361,coredns,4880,1.99,0.0,67724,44022
274.6883484119999,nodestore,4231,26.45,7.620513290513406,94368,94744
274.6883484119999,nodeapiserver,4238,82.49,24.76666819416857,412700,413088
274.6883484119999,nodescheduler,4245,2.88,0.9525641613141758,65804,66080
274.6883484119999,nodecontroller,4252,10.25,2.857692483942527,140516,140844
274.6883484119999,nodelet,4375,22.59,11.430769935770108,120316,118167
274.6883484119999,nodeproxy,4610,0.43,0.0,52164,52592
274.6883484119999,containerd,3652,20.89,14.288462419712635,104856,103718
274.6883484119999,flanneld,5203,1.04,0.9525641613141758,47932,48128
274.6883484119999,coredns,4870,1.94,0.0,69000,45254
274.6883484119999,coredns,4880,1.99,0.0,67724,44022
275.741612577,nodestore,4231,26.59,13.292012075620978,94540,94900
275.741612577,nodeapiserver,4238,82.86,35.1288890569983,412700,413092
275.741612577,nodescheduler,4245,2.89,0.9494294339729269,65804,66080
275.741612577,nodecontroller,4252,10.3,4.747147169864634,140516,140848
275.741612577,nodelet,4375,22.72,12.34258264164805,120316,118177
275.741612577,nodeproxy,4610,0.43,0.0,52164,52592
275.741612577,containerd,3652,20.97,7.595435471783415,104856,103728
275.741612577,flanneld,5203,1.04,0.0,47932,48128
275.741612577,coredns,4870,1.95,0.9494294339729269,69000,45254
275.741612577,coredns,4880,2.0,0.9494294339729269,67724,44022
276.765558687,nodestore,4231,26.66,6.83629727349618,94540,94932
276.765558687,nodeapiserver,4238,83.26,39.0645558485496,412700,413096
276.765558687,nodescheduler,4245,2.9,0.97661389621374,65804,66080
276.765558687,nodecontroller,4252,10.33,2.92984168864122,140516,140848
276.765558687,nodelet,4375,22.76,3.90645558485496,120316,118177
276.765558687,nodeproxy,4610,0.43,0.0,52164,52592
276.765558687,containerd,3652,21.03,5.85968337728244,104856,103728
276.765558687,flanneld,5203,1.04,0.0,47932,48128
276.765558687,coredns,4870,1.96,0.97661389621374,69000,45254
276.765558687,coredns,4880,2.02,1.95322779242748,67724,44038
277.79678507299997,nodestore,4231,26.76,9.697191747380687,94540,94972
277.79678507299997,nodeapiserver,4238,83.55,28.121856067403993,412700,413100
277.79678507299997,nodescheduler,4245,2.9,0.0,65804,66080
277.79678507299997,nodecontroller,4252,10.36,2.9091575242142063,140516,140848
277.79678507299997,nodelet,4375,22.82,5.8183150484284125,117964,115773
277.79678507299997,nodeproxy,4610,0.43,0.0,52164,52592
277.79678507299997,containerd,3652,21.05,1.9394383494761376,104856,103728
277.79678507299997,flanneld,5203,1.04,0.0,47932,48128
277.79678507299997,coredns,4870,1.96,0.0,69000,45254
277.79678507299997,coredns,4880,2.02,0.0,67724,44046
278.81726786099995,nodestore,4231,26.84,7.839426685166343,94540,95008
278.81726786099995,nodeapiserver,4238,83.82,26.458065062436408,412700,413104
278.81726786099995,nodescheduler,4245,2.91,0.9799283356457928,65804,66084
278.81726786099995,nodecontroller,4252,10.39,2.9397850069373788,140516,140848
278.81726786099995,nodelet,4375,22.89,6.859498349520551,118092,115940
278.81726786099995,nodeproxy,4610,0.43,0.0,52164,52592
278.81726786099995,containerd,3652,21.13,7.839426685166343,104856,103726
278.81726786099995,flanneld,5203,1.04,0.0,47932,48128
278.81726786099995,coredns,4870,1.97,0.9799283356457928,69000,45258
278.81726786099995,coredns,4880,2.03,0.9799283356457928,67724,44082
279.87579981899995,nodestore,4231,26.97,12.28115967756163,94708,95132
279.87579981899995,nodeapiserver,4238,84.17,33.064660670358236,412828,413112
279.87579981899995,nodescheduler,4245,2.92,0.9447045905816638,65804,66084
279.87579981899995,nodecontroller,4252,10.44,4.723522952908319,140516,140848
279.87579981899995,nodelet,4375,22.98,8.502341315234974,119116,116937
279.87579981899995,nodeproxy,4610,0.44,0.9447045905816638,52164,52592
279.87579981899995,containerd,3652,21.17,3.778818362326655,104856,103728
279.87579981899995,flanneld,5203,1.06,1.8894091811633276,47932,48192
279.87579981899995,coredns,4870,1.98,0.9447045905816638,69000,45258
279.87579981899995,coredns,4880,2.04,0.9447045905816638,67576,43870
280.8937425479999,nodestore,4231,27.05,7.85898830267124,94708,95148
280.8937425479999,nodeapiserver,4238,84.42,24.559338445847626,412828,413116
280.8937425479999,nodescheduler,4245,2.93,0.982373537833905,65804,66084
280.8937425479999,nodecontroller,4252,10.46,1.96474707566781,140516,140848
280.8937425479999,nodelet,4375,23.01,2.947120613501715,119116,116937
280.8937425479999,nodeproxy,4610,0.44,0.0,52164,52592
280.8937425479999,containerd,3652,21.2,2.947120613501715,104856,103728
280.8937425479999,flanneld,5203,1.06,0.0,47932,48192
280.8937425479999,coredns,4870,1.99,0.982373537833905,69000,45258
280.8937425479999,coredns,4880,2.05,0.982373537833905,67576,43870
281.917178236,nodestore,4231,27.14,8.793908699419365,94708,95188
281.917178236,nodeapiserver,4238,84.71,28.335928031462398,412828,413116
281.917178236,nodescheduler,4245,2.94,0.9771009666021517,65804,66084
281.917178236,nodecontroller,4252,10.49,2.931302899806455,140516,140848
281.917178236,nodelet,4375,23.06,4.885504833010759,119116,116937
281.917178236,nodeproxy,4610,0.44,0.0,52164,52592
281.917178236,containerd,3652,21.21,0.9771009666021517,104856,103728
281.917178236,flanneld,5203,1.06,0.0,47932,48192
281.917178236,coredns,4870,2.0,0.9771009666021517,69000,45258
281.917178236,coredns,4880,2.05,0.0,67576,43914
282.937459561,nodestore,4231,27.22,7.840974644909504,94708,95232
282.937459561,nodeapiserver,4238,84.99,27.443411257183264,412828,413116
282.937459561,nodescheduler,4245,2.95,0.980121830613688,65804,66084
282.937459561,nodecontroller,4252,10.52,2.9403654918410638,140516,140848
282.937459561,nodelet,4375,23.1,3.920487322454752,119116,116937
282.937459561,nodeproxy,4610,0.44,0.0,52164,52592
282.937459561,containerd,3652,21.23,1.960243661227376,104856,103728
282.937459561,flanneld,5203,1.06,0.0,47932,48192
282.937459561,coredns,4870,2.0,0.0,69000,45258
282.937459561,coredns,4880,2.05,0.0,67576,43914
283.961189866,nodestore,4231,27.3,7.814558151622098,94708,95268
283.961189866,nodeapiserver,4238,85.27,27.350953530677348,412828,413116
283.961189866,nodescheduler,4245,2.96,0.9768197689527622,65804,66084
283.961189866,nodecontroller,4252,10.54,1.9536395379055245,140516,140848
283.961189866,nodelet,4375,23.22,11.721837227433147,119116,116977
283.961189866,nodeproxy,4610,0.44,0.0,52164,52592
283.961189866,containerd,3652,21.3,6.837738382669337,104856,103760
283.961189866,flanneld,5203,1.06,0.0,47932,48192
283.961189866,coredns,4870,2.01,0.9768197689527622,69000,45258
283.961189866,coredns,4880,2.07,1.9536395379055245,67704,43930
284.985230541,nodestore,4231,27.42,11.718284530054982,94968,95368
284.985230541,nodeapiserver,4238,85.57,29.295711325137454,412828,413128
284.985230541,nodescheduler,4245,2.97,0.9765237108379151,65804,66088
284.985230541,nodecontroller,4252,10.63,8.788713397541237,140516,140848
284.985230541,nodelet,4375,23.3,7.812189686703321,119116,116983
284.985230541,nodeproxy,4610,0.44,0.0,52164,52592
284.985230541,containerd,3652,21.37,6.835665975865407,104856,103774
284.985230541,flanneld,5203,1.07,0.9765237108379151,47932,48192
284.985230541,coredns,4870,2.01,0.0,69000,45258
284.985230541,coredns,4880,2.07,0.0,67704,43938
286.01592293899995,nodestore,4231,27.56,13.583102026528167,95148,95592
286.01592293899995,nodeapiserver,4238,85.98,39.77908450626106,412828,413128
286.01592293899995,nodescheduler,4245,3.0,2.9106647199703213,65804,66152
286.01592293899995,nodecontroller,4252,10.69,5.821329439940643,140516,140852
286.01592293899995,nodelet,4375,23.45,14.553323599851606,118072,115901
286.01592293899995,nodeproxy,4610,0.44,0.0,52164,52592
286.01592293899995,containerd,3652,21.53,15.523545173175046,104856,103852
286.01592293899995,flanneld,5203,1.07,0.0,47932,48192
286.01592293899995,coredns,4870,2.02,0.9702215733234404,69000,45270
286.01592293899995,coredns,4880,2.08,0.9702215733234404,67704,43974
287.03916795999993,nodestore,4231,27.66,9.772830353210386,95148,95636
287.03916795999993,nodeapiserver,4238,86.26,27.363924988989083,412828,413132
287.03916795999993,nodescheduler,4245,3.0,0.0,65804,66152
287.03916795999993,nodecontroller,4252,10.71,1.954566070642077,140516,140856
287.03916795999993,nodelet,4375,23.52,6.840981247247271,118072,115904
287.03916795999993,nodeproxy,4610,0.44,0.0,52164,52592
287.03916795999993,containerd,3652,21.61,7.818264282568308,104856,103953
287.03916795999993,flanneld,5203,1.07,0.0,47932,48192
287.03916795999993,coredns,4870,2.03,0.9772830353210386,69000,45270
287.03916795999993,coredns,4880,2.1,1.954566070642077,67704,43974
288.06933144,nodestore,4231,27.77,10.67791686810661,95292,95772
288.06933144,nodeapiserver,4238,86.72,44.653106902991276,412828,413144
288.06933144,nodescheduler,4245,3.01,0.9707197152824191,65804,66156
288.06933144,nodecontroller,4252,10.78,6.7950380069769345,140516,140856
288.06933144,nodelet,4375,23.73,20.3851140209308,119096,116893
288.06933144,nodeproxy,4610,0.46,1.9414394305648381,52164,52596
288.06933144,containerd,3652,21.8,18.443674590365962,100784,99552
288.06933144,flanneld,5203,1.09,1.9414394305648381,47932,48192
288.06933144,coredns,4870,2.04,0.9707197152824191,69000,45270
288.06933144,coredns,4880,2.1,0.0,67704,44022
289.138178375,nodestore,4231,27.89,11.227051888397735,95436,95844
289.138178375,nodeapiserver,4238,87.02,28.06762972099434,412828,413148
289.138178375,nodescheduler,4245,3.02,0.935587657366478,65804,66156
289.138178375,nodecontroller,4252,10.81,2.806762972099434,140516,140856
289.138178375,nodelet,4375,23.82,8.420288916298302,119096,116893
289.138178375,nodeproxy,4610,0.46,0.0,52164,52596
289.138178375,containerd,3652,21.87,6.549113601565347,100784,99552
289.138178375,flanneld,5203,1.09,0.0,47932,48192
289.138178375,coredns,4870,2.05,0.935587657366478,69000,45270
289.138178375,coredns,4880,2.1,0.0,67704,44022
290.152233975,nodestore,4231,27.96,6.902974550902297,95436,95852
290.152233975,nodeapiserver,4238,87.28,25.63961976049424,412828,413148
290.152233975,nodescheduler,4245,3.03,0.9861392215574708,65804,66156
290.152233975,nodecontroller,4252,10.83,1.9722784431149416,140516,140856
290.152233975,nodelet,4375,23.9,7.889113772459766,119224,116929
290.152233975,nodeproxy,4610,0.46,0.0,52164,52596
290.152233975,containerd,3652,21.91,3.944556886229883,100784,99588
290.152233975,flanneld,5203,1.09,0.0,47932,48192
290.152233975,coredns,4870,2.06,0.9861392215574708,69000,45270
290.152233975,coredns,4880,2.11,0.9861392215574708,67704,44034
291.169242054,nodestore,4231,28.06,9.83276358023904,95436,95876
291.169242054,nodeapiserver,4238,87.58,29.498290740717124,412828,413152
291.169242054,nodescheduler,4245,3.04,0.9832763580239041,65804,66156
291.169242054,nodecontroller,4252,10.87,3.9331054320956165,140516,140856
291.169242054,nodelet,4375,23.93,2.9498290740717126,120120,117917
291.169242054,nodeproxy,4610,0.46,0.0,52164,52596
291.169242054,containerd,3652,21.92,0.9832763580239041,102936,101824
291.169242054,flanneld,5203,1.09,0.0,47932,48192
291.169242054,coredns,4870,2.06,0.0,69000,45270
291.169242054,coredns,4880,2.12,0.9832763580239041,67704,44038
292.19116139199997,nodestore,4231,28.17,10.764058953545575,95436,96008
292.19116139199997,nodeapiserver,4238,87.91,32.29217686063673,412828,413156
292.19116139199997,nodescheduler,4245,3.06,1.9571016279173774,65804,66156
292.19116139199997,nodecontroller,4252,10.91,3.914203255834755,140516,140864
292.19116139199997,nodelet,4375,23.98,4.892754069793444,120120,117917
292.19116139199997,nodeproxy,4610,0.46,0.0,52164,52596
292.19116139199997,containerd,3652,21.94,1.9571016279173774,102936,101824
292.19116139199997,flanneld,5203,1.09,0.0,47932,48192
292.19116139199997,coredns,4870,2.07,0.9785508139586887,69000,45270
292.19116139199997,coredns,4880,2.12,0.0,67704,44038
293.21929948299993,nodestore,4231,28.26,8.753687932373621,95564,96056
293.21929948299993,nodeapiserver,4238,88.2,28.206327782092774,412828,413160
293.21929948299993,nodescheduler,4245,3.08,1.9452639849719158,65804,66160
293.21929948299993,nodecontroller,4252,10.94,2.917895977457874,140516,140864
293.21929948299993,nodelet,4375,24.03,4.86315996242979,120120,117917
293.21929948299993,nodeproxy,4610,0.46,0.0,52164,52596
293.21929948299993,containerd,3652,22.02,7.781055939887663,102168,100864
293.21929948299993,flanneld,5203,1.09,0.0,47932,48192
293.21929948299993,coredns,4870,2.08,0.9726319924859579,69000,45270
293.21929948299993,coredns,4880,2.13,0.9726319924859579,67704,44038
294.23806332399994,nodestore,4231,28.34,7.85265404801497,95564,96076
294.23806332399994,nodeapiserver,4238,88.47,26.502707412050523,412828,413164
294.23806332399994,nodescheduler,4245,3.08,0.0,65804,66160
294.23806332399994,nodecontroller,4252,10.96,1.9631635120037425,140516,140864
294.23806332399994,nodelet,4375,24.14,10.797399316020583,120376,118145
294.23806332399994,nodeproxy,4610,0.46,0.0,52164,52596
294.23806332399994,containerd,3652,22.04,1.9631635120037425,102168,100864
294.23806332399994,flanneld,5203,1.1,0.9815817560018713,47932,48192
294.23806332399994,coredns,4870,2.08,0.0,69000,45270
294.23806332399994,coredns,4880,2.13,0.0,67704,44038
295.25727161699996,nodestore,4231,28.42,7.8492296961714825,95564,96088
295.25727161699996,nodeapiserver,4238,88.74,26.491150224578753,412828,413164
295.25727161699996,nodescheduler,4245,3.09,0.9811537120214353,65804,66160
295.25727161699996,nodecontroller,4252,10.98,1.9623074240428706,140516,140864
295.25727161699996,nodelet,4375,24.17,2.943461136064306,121400,119129
295.25727161699996,nodeproxy,4610,0.46,0.0,52164,52596
295.25727161699996,containerd,3652,22.08,3.9246148480857412,102168,100864
295.25727161699996,flanneld,5203,1.1,0.0,47932,48192
295.25727161699996,coredns,4870,2.09,0.9811537120214353,69000,45270
295.25727161699996,coredns,4880,2.14,0.9811537120214353,67704,44046
296.2784391459999,nodestore,4231,28.52,9.792712474703372,95564,96188
296.2784391459999,nodeapiserver,4238,89.03,28.39886617663978,412828,413164
296.2784391459999,nodescheduler,4245,3.09,0.0,65804,66160
296.2784391459999,nodecontroller,4252,11.02,3.917084989881349,140516,140868
296.2784391459999,nodelet,4375,24.21,3.917084989881349,121400,119129
296.2784391459999,nodeproxy,4610,0.46,0.0,52164,52596
296.2784391459999,containerd,3652,22.09,0.9792712474703372,102168,100864
296.2784391459999,flanneld,5203,1.1,0.0,47932,48192
296.2784391459999,coredns,4870,2.09,0.0,69000,45270
296.2784391459999,coredns,4880,2.16,1.9585424949406744,67704,44062
297.30492480999993,nodestore,4231,28.65,12.664570442554103,95564,96228
297.30492480999993,nodeapiserver,4238,89.38,34.09692042226104,412828,413168
297.30492480999993,nodescheduler,4245,3.11,1.948395452700631,65804,66164
297.30492480999993,nodecontroller,4252,11.06,3.896790905401262,140516,140872
297.30492480999993,nodelet,4375,24.3,8.76777953715284,121400,119128
297.30492480999993,nodeproxy,4610,0.46,0.0,52164,52596
297.30492480999993,containerd,3652,22.16,6.81938408445221,102040,100854
297.30492480999993,flanneld,5203,1.11,0.9741977263503155,47932,48192
297.30492480999993,coredns,4870,2.1,0.9741977263503155,69000,45270
297.30492480999993,coredns,4880,2.16,0.0,67704,44110
298.36950620299996,nodestore,4231,28.76,10.332699850221534,96132,96448
298.36950620299996,nodeapiserver,4238,89.71,30.998099550664605,412828,413176
298.36950620299996,nodescheduler,4245,3.13,1.878672700040279,65804,66164
298.36950620299996,nodecontroller,4252,11.17,10.332699850221534,140516,140888
298.36950620299996,nodelet,4375,24.48,16.90805430036251,122168,119997
298.36950620299996,nodeproxy,4610,0.46,0.0,52164,52596
298.36950620299996,containerd,3652,22.42,24.422745100523628,103064,101996
298.36950620299996,flanneld,5203,1.12,0.9393363500201395,47932,48192
298.36950620299996,coredns,4870,2.11,0.9393363500201395,69000,45270
298.36950620299996,coredns,4880,2.17,0.9393363500201395,67704,44138
299.43189392200003,nodestore,4231,28.86,9.41275941085999,96132,96548
299.43189392200003,nodeapiserver,4238,90.18,44.239969231041954,412828,413176
299.43189392200003,nodescheduler,4245,3.14,0.9412759410859991,65804,66168
299.43189392200003,nodecontroller,4252,11.23,5.647655646515995,140516,140888
299.43189392200003,nodelet,4375,24.55,6.588931587601994,122168,120005
299.43189392200003,nodeproxy,4610,0.46,0.0,52164,52600
299.43189392200003,containerd,3652,22.47,4.706379705429995,103064,102016
299.43189392200003,flanneld,5203,1.12,0.0,47932,48192
299.43189392200003,coredns,4870,2.12,0.9412759410859991,69000,45270
299.43189392200003,coredns,4880,2.17,0.0,67832,44202
300.449396995,nodestore,4231,28.96,9.82798014606149,96132,96580
300.449396995,nodeapiserver,4238,90.49,30.466738452790622,412828,413180
300.449396995,nodescheduler,4245,3.14,0.0,65804,66168
300.449396995,nodecontroller,4252,11.26,2.948394043818447,140516,140888
300.449396995,nodelet,4375,24.59,3.931192058424596,122168,120017
300.449396995,nodeproxy,4610,0.46,0.0,52164,52600
300.449396995,containerd,3652,22.49,1.965596029212298,103064,102020
300.449396995,flanneld,5203,1.12,0.0,47932,48192
300.449396995,coredns,4870,2.13,0.982798014606149,69000,45334
300.449396995,coredns,4880,2.19,1.965596029212298,67832,44202
