elapsed_seconds,component,pid,cpu_seconds,cpu_pct_one_core,rss_kib,pss_kib
1.0033946020000712,nodestore,10054,0.15,14.949253235068664,21520,11513
1.0033946020000712,nodeapiserver,10369,0.26,25.912038940785685,245088,233193
1.0033946020000712,nodescheduler,11615,0.0,0.0,23256,11024
1.0033946020000712,nodecontroller,11294,0.01,0.9966168823379109,45796,32397
1.0033946020000712,nodelet,10742,0.01,0.9966168823379109,26196,12372
1.0033946020000712,nodeproxy,11844,0.0,0.0,15904,5035
2.0084629160000986,nodestore,10054,0.27,11.939486931233287,21520,11535
2.0084629160000986,nodeapiserver,10369,0.47,20.89410212965825,245600,233683
2.0084629160000986,nodescheduler,11615,0.01,0.9949572442694405,23256,11026
2.0084629160000986,nodecontroller,11294,0.02,0.9949572442694405,45796,32419
2.0084629160000986,nodelet,10742,0.02,0.9949572442694405,26196,12318
2.0084629160000986,nodeproxy,11844,0.0,0.0,15904,5034
3.0183381389999795,nodestore,10054,0.46,18.814205524876257,21520,11592
3.0183381389999795,nodeapiserver,10369,0.76,28.716418959021652,245600,233684
3.0183381389999795,nodescheduler,11615,0.02,0.9902213434145398,23384,11039
3.0183381389999795,nodecontroller,11294,0.03,0.9902213434145398,45796,32496
3.0183381389999795,nodelet,10742,0.04,1.9804426868290796,26196,12331
3.0183381389999795,nodeproxy,11844,0.0,0.0,15904,5034
4.020415773999957,nodestore,10054,0.64,17.96268010711605,21520,11624
4.020415773999957,nodeapiserver,10369,1.07,30.93572685114431,246880,234964
4.020415773999957,nodescheduler,11615,0.02,0.0,23384,11051
4.020415773999957,nodecontroller,11294,0.04,0.9979266726175584,45924,32588
4.020415773999957,nodelet,10742,0.05,0.9979266726175584,26196,12331
4.020415773999957,nodeproxy,11844,0.0,0.0,15904,5034
5.032125692000136,nodestore,10054,0.81,16.80323549027123,21648,11659
5.032125692000136,nodeapiserver,10369,1.35,27.675917278093795,246880,234968
5.032125692000136,nodescheduler,11615,0.02,0.0,23384,11055
5.032125692000136,nodecontroller,11294,0.06,1.9768512341495565,46052,32668
5.032125692000136,nodelet,10742,0.07,1.9768512341495565,26196,12331
5.032125692000136,nodeproxy,11844,0.0,0.0,15904,5034
6.0433377209999435,nodestore,10054,1.14,32.634105463164225,21648,11831
6.0433377209999435,nodeapiserver,10369,1.91,55.37908805870294,246880,234967
6.0433377209999435,nodescheduler,11615,0.03,0.9889122867625524,23384,11135
6.0433377209999435,nodecontroller,11294,0.08,1.9778245735251048,46820,33596
6.0433377209999435,nodelet,10742,0.11,3.9556491470502095,26196,12359
6.0433377209999435,nodeproxy,11844,0.0,0.0,15904,5066
7.0573824909999985,nodestore,10054,1.43,28.598342852257325,21904,11888
7.0573824909999985,nodeapiserver,10369,2.38,46.34903841572739,247008,235188
7.0573824909999985,nodescheduler,11615,0.03,0.0,23512,11195
7.0573824909999985,nodecontroller,11294,0.1,1.9722995070522296,46820,33700
7.0573824909999985,nodelet,10742,0.16,4.930748767630574,26196,12419
7.0573824909999985,nodeproxy,11844,0.0,0.0,15904,5086
8.061969581000085,nodestore,10054,1.61,17.917809395697542,21904,11908
8.061969581000085,nodeapiserver,10369,2.66,27.872147948862846,247008,235188
8.061969581000085,nodescheduler,11615,0.03,0.0,23640,11203
8.061969581000085,nodecontroller,11294,0.12,1.9908677106330601,46820,33704
8.061969581000085,nodelet,10742,0.18,1.9908677106330601,26196,12419
8.061969581000085,nodeproxy,11844,0.0,0.0,15904,5086
9.065378164000094,nodestore,10054,1.82,20.928662915373728,22032,11939
9.065378164000094,nodeapiserver,10369,3.0,33.884501862986035,247008,235187
9.065378164000094,nodescheduler,11615,0.04,0.9966029959701775,23640,11247
9.065378164000094,nodecontroller,11294,0.13,0.9966029959701775,46948,33775
9.065378164000094,nodelet,10742,0.19,0.9966029959701775,26196,12417
9.065378164000094,nodeproxy,11844,0.0,0.0,15904,5082
10.068310235000126,nodestore,10054,2.01,18.944453517230674,22032,12003
10.068310235000126,nodeapiserver,10369,3.29,28.915218526299444,247392,235547
10.068310235000126,nodescheduler,11615,0.04,0.0,23640,11247
10.068310235000126,nodecontroller,11294,0.14,0.9970765009068776,46948,33791
10.068310235000126,nodelet,10742,0.21,1.9941530018137552,26196,12425
10.068310235000126,nodeproxy,11844,0.0,0.0,15904,5082
11.081194322000101,nodestore,10054,2.18,16.7837566195276,22032,12011
11.081194322000101,nodeapiserver,10369,3.57,27.64383443216311,247392,235547
11.081194322000101,nodescheduler,11615,0.04,0.0,23640,11251
11.081194322000101,nodecontroller,11294,0.15,0.9872798011486824,46948,33791
11.081194322000101,nodelet,10742,0.21,0.0,26196,12437
11.081194322000101,nodeproxy,11844,0.0,0.0,15904,5082
12.086529031000055,nodestore,10054,2.4,21.883259180302527,22160,12055
12.086529031000055,nodeapiserver,10369,3.92,34.81427596866311,247392,235547
12.086529031000055,nodescheduler,11615,0.04,0.0,23640,11263
12.086529031000055,nodecontroller,11294,0.16,0.9946935991046604,47204,33923
12.086529031000055,nodelet,10742,0.24,2.984080797313981,26196,12493
12.086529031000055,nodeproxy,11844,0.0,0.0,15904,5082
13.091763268000022,nodestore,10054,2.62,21.8854463867616,22160,12147
13.091763268000022,nodeapiserver,10369,4.24,31.83337656256233,247392,235551
13.091763268000022,nodescheduler,11615,0.04,0.0,23640,11263
13.091763268000022,nodecontroller,11294,0.18,1.9895860351601455,47204,33923
13.091763268000022,nodelet,10742,0.25,0.9947930175800728,26196,12497
13.091763268000022,nodeproxy,11844,0.0,0.0,15904,5082
14.103990488000136,nodestore,10054,2.78,15.806727663377998,22160,12167
14.103990488000136,nodeapiserver,10369,4.49,24.698011974028123,247392,235551
14.103990488000136,nodescheduler,11615,0.04,0.0,23640,11263
14.103990488000136,nodecontroller,11294,0.19,0.9879204789611249,47204,33927
14.103990488000136,nodelet,10742,0.26,0.9879204789611249,26196,12497
14.103990488000136,nodeproxy,11844,0.0,0.0,15904,5082
15.10930783899994,nodestore,10054,3.02,23.873058568154264,22288,12227
15.10930783899994,nodeapiserver,10369,4.82,32.825455531212114,247392,235583
15.10930783899994,nodescheduler,11615,0.05,0.9947107736730944,23640,11267
15.10930783899994,nodecontroller,11294,0.2,0.9947107736730944,47332,33955
15.10930783899994,nodelet,10742,0.28,1.9894215473461887,26196,12497
15.10930783899994,nodeproxy,11844,0.0,0.0,15904,5082
16.1145306840001,nodestore,10054,3.23,20.89089011899308,22288,12287
16.1145306840001,nodeapiserver,10369,5.15,32.82854161556055,247520,235659
16.1145306840001,nodescheduler,11615,0.05,0.0,23640,11267
16.1145306840001,nodecontroller,11294,0.21,0.9948042913806229,47332,33995
16.1145306840001,nodelet,10742,0.3,1.9896085827612457,26196,12505
16.1145306840001,nodeproxy,11844,0.0,0.0,15904,5082
17.11763936400007,nodestore,10054,3.41,17.94421717096553,22288,12323
17.11763936400007,nodeapiserver,10369,5.41,25.919424802505763,247520,235659
17.11763936400007,nodescheduler,11615,0.05,0.0,23640,11267
17.11763936400007,nodecontroller,11294,0.23,1.9938019078850588,47460,34075
17.11763936400007,nodelet,10742,0.31,0.9969009539425294,26196,12505
17.11763936400007,nodeproxy,11844,0.0,0.0,15904,5082
18.122953386000063,nodestore,10054,3.63,21.883709486348085,22288,12375
18.122953386000063,nodeapiserver,10369,5.74,32.82556422952213,247520,235659
18.122953386000063,nodescheduler,11615,0.05,0.0,23640,11267
18.122953386000063,nodecontroller,11294,0.24,0.9947140675612767,47460,34123
18.122953386000063,nodelet,10742,0.32,0.9947140675612767,26324,12509
18.122953386000063,nodeproxy,11844,0.0,0.0,15904,5082
19.125935614000127,nodestore,10054,3.85,21.934586063272288,22288,12399
19.125935614000127,nodeapiserver,10369,6.06,31.90485245566878,247520,235659
19.125935614000127,nodescheduler,11615,0.05,0.0,23640,11267
19.125935614000127,nodecontroller,11294,0.26,1.9940532784792988,47460,34127
19.125935614000127,nodelet,10742,0.34,1.9940532784792988,26324,12517
19.125935614000127,nodeproxy,11844,0.0,0.0,15904,5082
20.130657134000103,nodestore,10054,4.04,18.91071269181182,22288,12411
20.130657134000103,nodeapiserver,10369,6.32,25.87781736774249,247520,235659
20.130657134000103,nodescheduler,11615,0.05,0.0,23640,11267
20.130657134000103,nodecontroller,11294,0.26,0.0,47460,34159
20.130657134000103,nodelet,10742,0.34,0.0,26324,12517
20.130657134000103,nodeproxy,11844,0.0,0.0,15904,5082
21.13403856700006,nodestore,10054,4.29,24.91574906389665,22416,12543
21.13403856700006,nodeapiserver,10369,6.66,33.885418726899445,247520,235659
21.13403856700006,nodescheduler,11615,0.05,0.0,23640,11267
21.13403856700006,nodecontroller,11294,0.27,0.9966299625558661,47460,34163
21.13403856700006,nodelet,10742,0.36,1.9932599251117322,26324,12521
21.13403856700006,nodeproxy,11844,0.0,0.0,15904,5082
22.14050446100009,nodestore,10054,4.5,20.865088549140022,22416,12587
22.14050446100009,nodeapiserver,10369,6.97,30.800845001111462,247520,235659
22.14050446100009,nodescheduler,11615,0.06,0.9935756451971439,23640,11267
22.14050446100009,nodecontroller,11294,0.28,0.9935756451971439,47460,34163
22.14050446100009,nodelet,10742,0.38,1.9871512903942878,26452,12633
22.14050446100009,nodeproxy,11844,0.0,0.0,15904,5082
23.145609514999933,nodestore,10054,4.69,18.903496628923527,22416,12619
23.145609514999933,nodeapiserver,10369,7.24,26.862863630575536,247520,235659
23.145609514999933,nodescheduler,11615,0.07,0.9949208752065013,23640,11271
23.145609514999933,nodecontroller,11294,0.3,1.9898417504130026,47460,34163
23.145609514999933,nodelet,10742,0.39,0.9949208752065013,26452,12633
23.145609514999933,nodeproxy,11844,0.0,0.0,15904,5082
24.15030562700008,nodestore,10054,4.93,23.887820121271147,22416,12659
24.15030562700008,nodeapiserver,10369,7.58,33.84107850513412,247520,235659
24.15030562700008,nodescheduler,11615,0.07,0.0,23640,11271
24.15030562700008,nodecontroller,11294,0.31,0.9953258383862977,47460,34167
24.15030562700008,nodelet,10742,0.4,0.9953258383862977,26452,12633
24.15030562700008,nodeproxy,11844,0.0,0.0,15904,5082
25.160112407000042,nodestore,10054,5.14,20.796057637878782,22544,12707
25.160112407000042,nodeapiserver,10369,7.88,29.708653768398257,247776,235827
25.160112407000042,nodescheduler,11615,0.07,0.0,23640,11271
25.160112407000042,nodecontroller,11294,0.32,0.9902884589466087,47460,34171
25.160112407000042,nodelet,10742,0.42,1.9805769178932173,26452,12633
25.160112407000042,nodeproxy,11844,0.0,0.0,15904,5082
26.17185522900013,nodestore,10054,5.34,19.767869427986188,22544,12739
26.17185522900013,nodeapiserver,10369,8.14,25.698230256382043,247776,235827
26.17185522900013,nodescheduler,11615,0.07,0.0,23640,11271
26.17185522900013,nodecontroller,11294,0.33,0.9883934713993093,47460,34171
26.17185522900013,nodelet,10742,0.42,0.0,26452,12637
26.17185522900013,nodeproxy,11844,0.0,0.0,15904,5082
27.178661852000005,nodestore,10054,5.59,24.830984847427953,22672,12775
27.178661852000005,nodeapiserver,10369,8.49,34.76337878639913,248288,236343
27.178661852000005,nodescheduler,11615,0.07,0.0,23640,11271
27.178661852000005,nodecontroller,11294,0.35,1.9864787877942363,47460,34175
27.178661852000005,nodelet,10742,0.44,1.9864787877942363,26452,12637
27.178661852000005,nodeproxy,11844,0.0,0.0,15904,5082
28.181834364999986,nodestore,10054,5.81,21.930425440195858,22800,12807
28.181834364999986,nodeapiserver,10369,8.79,29.905125600267077,248288,236343
28.181834364999986,nodescheduler,11615,0.08,0.9968375200089026,23640,11271
28.181834364999986,nodecontroller,11294,0.36,0.9968375200089026,47460,34179
28.181834364999986,nodelet,10742,0.46,1.9936750400178052,26452,12637
28.181834364999986,nodeproxy,11844,0.0,0.0,15904,5082
29.186886580999953,nodestore,10054,6.02,20.894436792128502,22800,12827
29.186886580999953,nodeapiserver,10369,9.06,26.86427587559379,248288,236343
29.186886580999953,nodescheduler,11615,0.08,0.0,23640,11271
29.186886580999953,nodecontroller,11294,0.37,0.9949731805775478,47460,34179
29.186886580999953,nodelet,10742,0.47,0.9949731805775478,26452,12637
29.186886580999953,nodeproxy,11844,0.0,0.0,15904,5082
30.193204265000077,nodestore,10054,6.27,24.843049463887724,22800,12859
30.193204265000077,nodeapiserver,10369,9.4,33.786547270887304,248800,236859
30.193204265000077,nodescheduler,11615,0.08,0.0,23640,11271
30.193204265000077,nodecontroller,11294,0.38,0.9937219785555089,47460,34183
30.193204265000077,nodelet,10742,0.49,1.9874439571110178,26452,12637
30.193204265000077,nodeproxy,11844,0.0,0.0,15904,5082
31.1988644380001,nodestore,10054,6.48,20.881805369058302,22928,12887
31.1988644380001,nodeapiserver,10369,9.68,27.842407158744408,248800,236859
31.1988644380001,nodescheduler,11615,0.08,0.0,23640,11271
31.1988644380001,nodecontroller,11294,0.39,0.9943716842408715,47460,34183
31.1988644380001,nodelet,10742,0.49,0.0,26452,12637
31.1988644380001,nodeproxy,11844,0.0,0.0,15904,5082
32.20270416800008,nodestore,10054,6.69,20.91967409976928,22928,12907
32.20270416800008,nodeapiserver,10369,9.96,27.892898799692375,248800,236859
32.20270416800008,nodescheduler,11615,0.08,0.0,23640,11271
32.20270416800008,nodecontroller,11294,0.41,1.9923499142637409,47460,34207
32.20270416800008,nodelet,10742,0.51,1.9923499142637409,26452,12637
32.20270416800008,nodeproxy,11844,0.0,0.0,15904,5082
33.20715274600002,nodestore,10054,6.95,25.88484922918733,22928,12975
33.20715274600002,nodeapiserver,10369,10.3,33.849418222783434,248800,236859
33.20715274600002,nodescheduler,11615,0.08,0.0,23640,11271
33.20715274600002,nodecontroller,11294,0.42,0.9955711241995128,47460,34211
33.20715274600002,nodelet,10742,0.53,1.9911422483990255,26452,12637
33.20715274600002,nodeproxy,11844,0.0,0.0,15904,5082
34.225227195000116,nodestore,10054,7.16,20.627175174296134,22928,12995
34.225227195000116,nodeapiserver,10369,10.57,26.520653795523604,248800,236859
34.225227195000116,nodescheduler,11615,0.09,0.9822464368712446,23640,11271
34.225227195000116,nodecontroller,11294,0.43,0.9822464368712446,47460,34215
34.225227195000116,nodelet,10742,0.53,0.0,26452,12637
34.225227195000116,nodeproxy,11844,0.0,0.0,15904,5082
35.23413582400008,nodestore,10054,7.39,22.796910779520037,22928,13027
35.23413582400008,nodeapiserver,10369,10.86,28.743930982873085,248800,236859
35.23413582400008,nodescheduler,11615,0.09,0.0,23640,11271
35.23413582400008,nodecontroller,11294,0.44,0.9911700338921755,47460,34215
35.23413582400008,nodelet,10742,0.55,1.982340067784351,26452,12637
35.23413582400008,nodeproxy,11844,0.0,0.0,15904,5082
36.23633527800007,nodestore,10054,7.63,23.947328951548386,22928,13059
36.23633527800007,nodeapiserver,10369,11.16,29.934161189435482,249056,237187
36.23633527800007,nodescheduler,11615,0.09,0.0,23640,11271
36.23633527800007,nodecontroller,11294,0.46,1.9956107459623653,47460,34215
36.23633527800007,nodelet,10742,0.56,0.9978053729811827,26452,12637
36.23633527800007,nodeproxy,11844,0.0,0.0,15904,5082
37.24193391299991,nodestore,10054,7.85,21.877515774475427,22928,13103
37.24193391299991,nodeapiserver,10369,11.42,25.85524591528914,249056,237187
37.24193391299991,nodescheduler,11615,0.09,0.0,23640,11271
37.24193391299991,nodecontroller,11294,0.47,0.9944325352034284,47460,34215
37.24193391299991,nodelet,10742,0.57,0.9944325352034284,26452,12637
37.24193391299991,nodeproxy,11844,0.0,0.0,15904,5082
38.24532038699999,nodestore,10054,8.1,24.915623887509156,22928,13151
38.24532038699999,nodeapiserver,10369,11.75,32.88862353151209,249056,237187
38.24532038699999,nodescheduler,11615,0.09,0.0,23640,11271
38.24532038699999,nodecontroller,11294,0.48,0.9966249555003662,47460,34215
38.24532038699999,nodelet,10742,0.59,1.9932499110007325,26452,12637
38.24532038699999,nodeproxy,11844,0.0,0.0,15904,5082
39.249258929999996,nodestore,10054,8.35,24.901922706637137,23056,13191
39.249258929999996,nodeapiserver,10369,12.07,31.874461064495534,249184,237351
39.249258929999996,nodescheduler,11615,0.1,0.9960769082654855,23640,11271
39.249258929999996,nodecontroller,11294,0.49,0.9960769082654855,47460,34246
39.249258929999996,nodelet,10742,0.6,0.9960769082654855,26452,12637
39.249258929999996,nodeproxy,11844,0.0,0.0,15904,5082
40.258127163999916,nodestore,10054,8.55,19.82419440515519,23312,13259
40.258127163999916,nodeapiserver,10369,12.3,22.797823565928468,249184,237351
40.258127163999916,nodescheduler,11615,0.1,0.0,23640,11271
40.258127163999916,nodecontroller,11294,0.5,0.9912097202577594,47460,34247
40.258127163999916,nodelet,10742,0.61,0.9912097202577594,26452,12637
40.258127163999916,nodeproxy,11844,0.0,0.0,15904,5082
41.262294182999995,nodestore,10054,8.83,27.883807643753943,23312,13355
41.262294182999995,nodeapiserver,10369,12.65,34.85475955469242,249184,237351
41.262294182999995,nodescheduler,11615,0.1,0.0,23640,11271
41.262294182999995,nodecontroller,11294,0.51,0.9958502729912121,47460,34247
41.262294182999995,nodelet,10742,0.63,1.9917005459824242,26452,12637
41.262294182999995,nodeproxy,11844,0.0,0.0,15904,5082
42.26554606800005,nodestore,10054,9.08,24.918966386989293,23440,13387
42.26554606800005,nodeapiserver,10369,12.97,31.896276975346296,249184,237350
42.26554606800005,nodescheduler,11615,0.1,0.0,23640,11271
42.26554606800005,nodecontroller,11294,0.52,0.9967586554795718,47460,34247
42.26554606800005,nodelet,10742,0.65,1.9935173109591435,26580,12697
42.26554606800005,nodeproxy,11844,0.0,0.0,15904,5082
43.270381326999996,nodestore,10054,9.3,21.894136180984834,23440,13467
43.270381326999996,nodeapiserver,10369,13.22,24.879700205664584,249184,237351
43.270381326999996,nodescheduler,11615,0.1,0.0,23640,11271
43.270381326999996,nodecontroller,11294,0.54,1.9903760164531668,47460,34247
43.270381326999996,nodelet,10742,0.65,0.0,26580,12697
43.270381326999996,nodeproxy,11844,0.0,0.0,15904,5082
44.279280425000024,nodestore,10054,9.56,25.770664332578534,23440,13515
44.279280425000024,nodeapiserver,10369,13.55,32.7089201144266,249184,237351
44.279280425000024,nodescheduler,11615,0.1,0.0,23640,11271
44.279280425000024,nodecontroller,11294,0.55,0.9911793974068667,47460,34247
44.279280425000024,nodelet,10742,0.66,0.9911793974068667,26580,12697
44.279280425000024,nodeproxy,11844,0.0,0.0,15904,5082
45.28231419200006,nodestore,10054,9.85,28.912286858233983,23440,13547
45.28231419200006,nodeapiserver,10369,13.89,33.897163902757086,249440,237579
45.28231419200006,nodescheduler,11615,0.11,0.9969754089046202,23640,11271
45.28231419200006,nodecontroller,11294,0.57,1.9939508178092404,47460,34251
45.28231419200006,nodelet,10742,0.68,1.9939508178092404,26580,12697
45.28231419200006,nodeproxy,11844,0.0,0.0,15904,5082
46.28618769000013,nodestore,10054,10.06,20.91897040995341,23568,13567
46.28618769000013,nodeapiserver,10369,14.13,23.907394754232467,249440,237579
46.28618769000013,nodescheduler,11615,0.11,0.0,23640,11271
46.28618769000013,nodecontroller,11294,0.57,0.0,47460,34251
46.28618769000013,nodelet,10742,0.69,0.9961414480930194,26580,12697
46.28618769000013,nodeproxy,11844,0.0,0.0,15904,5082
47.290164215999994,nodestore,10054,10.34,27.889098275594442,23568,13615
47.290164215999994,nodeapiserver,10369,14.48,34.86137284449305,249440,237579
47.290164215999994,nodescheduler,11615,0.11,0.0,23640,11271
47.290164215999994,nodecontroller,11294,0.59,1.9920784482567457,47460,34251
47.290164215999994,nodelet,10742,0.71,1.9920784482567457,26580,12633
47.290164215999994,nodeproxy,11844,0.0,0.0,15904,5082
48.29488607899998,nodestore,10054,10.61,26.873108861571943,23568,13615
48.29488607899998,nodeapiserver,10369,14.81,32.84491083081016,249440,237579
48.29488607899998,nodescheduler,11615,0.11,0.0,23640,11271
48.29488607899998,nodecontroller,11294,0.6,0.9953003282063683,47460,34259
48.29488607899998,nodelet,10742,0.72,0.9953003282063683,26580,12637
48.29488607899998,nodeproxy,11844,0.0,0.0,15904,5082
49.299568949000104,nodestore,10054,10.86,24.88347392645095,23568,13631
49.299568949000104,nodeapiserver,10369,15.06,24.88347392645095,249440,237579
49.299568949000104,nodescheduler,11615,0.11,0.0,23640,11271
49.299568949000104,nodecontroller,11294,0.61,0.995338957058038,47460,34259
49.299568949000104,nodelet,10742,0.73,0.995338957058038,26580,12637
49.299568949000104,nodeproxy,11844,0.0,0.0,15904,5082
50.30494195000006,nodestore,10054,11.14,27.850359987935782,23568,13643
50.30494195000006,nodeapiserver,10369,15.4,33.81829427106488,249440,237579
50.30494195000006,nodescheduler,11615,0.11,0.0,23640,11271
50.30494195000006,nodecontroller,11294,0.63,1.9893114277096986,47460,34259
50.30494195000006,nodelet,10742,0.75,1.9893114277096986,26580,12637
50.30494195000006,nodeproxy,11844,0.0,0.0,15904,5082
51.31240643599995,nodestore,10054,11.42,27.792542952231734,23568,13647
51.31240643599995,nodeapiserver,10369,15.73,32.75549705084454,249696,237739
51.31240643599995,nodescheduler,11615,0.13,1.9851816394451236,23640,11271
51.31240643599995,nodecontroller,11294,0.64,0.9925908197225618,47460,34267
51.31240643599995,nodelet,10742,0.77,1.9851816394451236,26580,12641
51.31240643599995,nodeproxy,11844,0.0,0.0,15904,5082
52.31674479399999,nodestore,10054,11.65,22.900648787128237,23568,13651
52.31674479399999,nodeapiserver,10369,15.98,24.892009551226344,249696,237739
52.31674479399999,nodescheduler,11615,0.13,0.0,23640,11271
52.31674479399999,nodecontroller,11294,0.64,0.0,47460,34267
52.31674479399999,nodelet,10742,0.78,0.9956803820490537,26580,12653
52.31674479399999,nodeproxy,11844,0.0,0.0,15904,5082
53.31939219500009,nodestore,10054,11.95,29.920787676780595,23568,13675
53.31939219500009,nodeapiserver,10369,16.32,33.91022603368467,250080,238163
53.31939219500009,nodescheduler,11615,0.13,0.0,23640,11271
53.31939219500009,nodecontroller,11294,0.67,2.9920787676780596,47460,34267
53.31939219500009,nodelet,10742,0.79,0.9973595892260199,26580,12649
53.31939219500009,nodeproxy,11844,0.0,0.0,15904,5082
54.324379101999966,nodestore,10054,12.23,27.861059487418267,23568,13695
54.324379101999966,nodeapiserver,10369,16.65,32.8362486816001,250080,238163
54.324379101999966,nodescheduler,11615,0.13,0.0,23640,11271
54.324379101999966,nodecontroller,11294,0.68,0.9950378388363665,47460,34267
54.324379101999966,nodelet,10742,0.8,0.9950378388363665,26580,12649
54.324379101999966,nodeproxy,11844,0.0,0.0,15904,5082
55.32908208699996,nodestore,10054,12.49,25.87829476788122,23568,13707
55.32908208699996,nodeapiserver,10369,16.92,26.873613797415114,250080,238163
55.32908208699996,nodescheduler,11615,0.13,0.0,23640,11271
55.32908208699996,nodecontroller,11294,0.69,0.9953190295338931,47460,34267
55.32908208699996,nodelet,10742,0.81,0.9953190295338931,26580,12649
55.32908208699996,nodeproxy,11844,0.0,0.0,15904,5082
56.335563771000125,nodestore,10054,12.75,25.832561499445788,23568,13731
56.335563771000125,nodeapiserver,10369,17.23,30.80036178780075,250592,238671
56.335563771000125,nodescheduler,11615,0.13,0.0,23640,11271
56.335563771000125,nodecontroller,11294,0.7,0.9935600576709919,47460,34283
56.335563771000125,nodelet,10742,0.83,1.9871201153419837,26580,12649
56.335563771000125,nodeproxy,11844,0.0,0.0,15904,5082
57.34028331100012,nodestore,10054,13.06,30.854381512277655,23568,13735
57.34028331100012,nodeapiserver,10369,17.56,32.84498677113428,250592,238671
57.34028331100012,nodescheduler,11615,0.14,0.9953026294283115,23640,11279
57.34028331100012,nodecontroller,11294,0.71,0.9953026294283115,47460,34283
57.34028331100012,nodelet,10742,0.84,0.9953026294283115,26580,12649
57.34028331100012,nodeproxy,11844,0.0,0.0,15904,5082
58.34339667800009,nodestore,10054,13.29,22.92861480730394,23568,13747
58.34339667800009,nodeapiserver,10369,17.79,22.92861480730394,250592,238671
58.34339667800009,nodescheduler,11615,0.14,0.0,23640,11279
58.34339667800009,nodecontroller,11294,0.72,0.9968962959697365,47460,34283
58.34339667800009,nodelet,10742,0.85,0.9968962959697365,26580,12649
58.34339667800009,nodeproxy,11844,0.0,0.0,15904,5082
59.350479295000014,nodestore,10054,13.59,29.789015810211602,23696,13763
59.350479295000014,nodeapiserver,10369,18.14,34.7538517785802,250592,238671
59.350479295000014,nodescheduler,11615,0.14,0.0,23640,11291
59.350479295000014,nodecontroller,11294,0.73,0.9929671936737201,47460,34283
59.350479295000014,nodelet,10742,0.86,0.9929671936737201,26580,12657
59.350479295000014,nodeproxy,11844,0.0,0.0,15904,5082
60.36070880600005,nodestore,10054,13.87,27.71647402408843,23696,13783
60.36070880600005,nodeapiserver,10369,18.45,30.686096240955045,250592,238671
60.36070880600005,nodescheduler,11615,0.14,0.0,23640,11331
60.36070880600005,nodecontroller,11294,0.74,0.9898740722888725,47588,34331
60.36070880600005,nodelet,10742,0.88,1.979748144577745,26580,12657
60.36070880600005,nodeproxy,11844,0.0,0.0,15904,5082
61.370766672999935,nodestore,10054,14.14,26.731141731707364,23696,13795
61.370766672999935,nodeapiserver,10369,18.7,24.7510571589883,250592,238671
61.370766672999935,nodescheduler,11615,0.14,0.0,23640,11331
61.370766672999935,nodecontroller,11294,0.76,1.9800845727190641,47588,34339
61.370766672999935,nodelet,10742,0.88,0.0,26580,12657
61.370766672999935,nodeproxy,11844,0.0,0.0,15904,5082
62.38150309499997,nodestore,10054,14.42,27.702573480625,23696,13803
62.38150309499997,nodeapiserver,10369,19.03,32.649461602165175,250720,238703
62.38150309499997,nodescheduler,11615,0.15,0.9893776243080356,23640,11339
62.38150309499997,nodecontroller,11294,0.77,0.9893776243080356,47588,34383
62.38150309499997,nodelet,10742,0.91,2.9681328729241065,26580,12677
62.38150309499997,nodeproxy,11844,0.0,0.0,15904,5082
63.39218891199994,nodestore,10054,14.73,30.672242034639154,23696,13811
63.39218891199994,nodeapiserver,10369,19.35,31.66166919704687,251104,239131
63.39218891199994,nodescheduler,11615,0.15,0.0,23768,11343
63.39218891199994,nodecontroller,11294,0.78,0.9894271624077147,47588,34387
63.39218891199994,nodelet,10742,0.92,0.9894271624077147,26580,12681
63.39218891199994,nodeproxy,11844,0.0,0.0,15904,5082
64.3991336470001,nodestore,10054,14.98,24.82757904285184,23696,13815
64.3991336470001,nodeapiserver,10369,19.58,22.841372719423696,251104,239131
64.3991336470001,nodescheduler,11615,0.15,0.0,23768,11343
64.3991336470001,nodecontroller,11294,0.79,0.9931031617140738,47588,34391
64.3991336470001,nodelet,10742,0.93,0.9931031617140738,26580,12681
64.3991336470001,nodeproxy,11844,0.0,0.0,15904,5082
65.40495686999998,nodestore,10054,15.29,30.820525208736125,23696,13823
65.40495686999998,nodeapiserver,10369,19.93,34.79736717115369,251104,239131
65.40495686999998,nodescheduler,11615,0.15,0.0,23768,11351
65.40495686999998,nodecontroller,11294,0.81,1.9884209812087823,47588,34391
65.40495686999998,nodelet,10742,0.95,1.9884209812087823,26580,12673
65.40495686999998,nodeproxy,11844,0.0,0.0,15904,5082
66.41062316900002,nodestore,10054,15.58,28.836603184212727,23696,13827
66.41062316900002,nodeapiserver,10369,20.23,29.83096881125455,251104,239131
66.41062316900002,nodescheduler,11615,0.15,0.0,23768,11351
66.41062316900002,nodecontroller,11294,0.82,0.9943656270418183,47716,34407
66.41062316900002,nodelet,10742,0.97,1.9887312540836366,26580,12673
66.41062316900002,nodeproxy,11844,0.0,0.0,15904,5082
67.41413241200007,nodestore,10054,15.84,25.90907874677007,23696,13835
67.41413241200007,nodeapiserver,10369,20.45,21.923066631882367,251104,239131
67.41413241200007,nodescheduler,11615,0.15,0.0,23768,11351
67.41413241200007,nodecontroller,11294,0.82,0.0,47716,34407
67.41413241200007,nodelet,10742,0.97,0.0,26580,12673
67.41413241200007,nodeproxy,11844,0.0,0.0,15904,5082
68.42044703500005,nodestore,10054,16.15,30.80547503879471,23696,13843
68.42044703500005,nodeapiserver,10369,20.78,32.79292504129759,251232,239267
68.42044703500005,nodescheduler,11615,0.16,0.9937250012514423,23768,11351
68.42044703500005,nodecontroller,11294,0.84,1.9874500025028845,47716,34407
68.42044703500005,nodelet,10742,0.99,1.9874500025028845,26580,12673
68.42044703500005,nodeproxy,11844,0.0,0.0,15904,5082
69.42363511799999,nodestore,10054,16.46,30.901483505762325,23696,13847
69.42363511799999,nodeapiserver,10369,21.1,31.898305554335305,251232,239267
69.42363511799999,nodescheduler,11615,0.16,0.0,23768,11351
69.42363511799999,nodecontroller,11294,0.86,1.9936440971459566,47716,34407
69.42363511799999,nodelet,10742,1.0,0.9968220485729783,26580,12673
69.42363511799999,nodeproxy,11844,0.0,0.0,15904,5082
70.42706515400005,nodestore,10054,16.73,26.90770560110933,23696,13851
70.42706515400005,nodeapiserver,10369,21.33,22.92137884538943,251232,239267
70.42706515400005,nodescheduler,11615,0.16,0.0,23768,11351
70.42706515400005,nodecontroller,11294,0.86,0.0,47716,34407
70.42706515400005,nodelet,10742,1.01,0.9965816889299752,26580,12673
70.42706515400005,nodeproxy,11844,0.0,0.0,15904,5082
71.43077967299996,nodestore,10054,17.07,33.87417373804366,23696,13859
71.43077967299996,nodeapiserver,10369,21.68,34.870472965633176,251232,239267
71.43077967299996,nodescheduler,11615,0.16,0.0,23768,11351
71.43077967299996,nodecontroller,11294,0.88,1.9925984551790388,47716,34407
71.43077967299996,nodelet,10742,1.02,0.9962992275895194,26580,12677
71.43077967299996,nodeproxy,11844,0.0,0.0,15904,5082
72.43425584300007,nodestore,10054,17.38,30.892612028840226,23824,13867
72.43425584300007,nodeapiserver,10369,21.98,29.896076156942154,251232,239267
72.43425584300007,nodescheduler,11615,0.16,0.0,23768,11351
72.43425584300007,nodecontroller,11294,0.88,0.0,47716,34407
72.43425584300007,nodelet,10742,1.04,1.9930717437961436,26708,12805
72.43425584300007,nodeproxy,11844,0.0,0.0,15904,5082
73.44216951199996,nodestore,10054,17.67,28.772305497925686,23824,13871
73.44216951199996,nodeapiserver,10369,22.25,26.78800856703426,251232,239267
73.44216951199996,nodescheduler,11615,0.16,0.0,23768,11351
73.44216951199996,nodecontroller,11294,0.89,0.9921484654457134,47716,34407
73.44216951199996,nodelet,10742,1.05,0.9921484654457134,26708,12805
73.44216951199996,nodeproxy,11844,0.0,0.0,15904,5082
74.44585538899992,nodestore,10054,18.0,32.87881274033465,23824,13871
74.44585538899992,nodeapiserver,10369,22.6,34.87146805793069,251232,239267
74.44585538899992,nodescheduler,11615,0.17,0.9963276587980198,23768,11351
74.44585538899992,nodecontroller,11294,0.92,2.9889829763940594,47716,34407
74.44585538899992,nodelet,10742,1.07,1.9926553175960395,26708,12805
74.44585538899992,nodeproxy,11844,0.0,0.0,15904,5082
75.45052693100001,nodestore,10054,18.32,31.851205754563843,23824,13891
75.45052693100001,nodeapiserver,10369,22.9,29.8605053949036,251744,239783
75.45052693100001,nodescheduler,11615,0.17,0.0,23768,11351
75.45052693100001,nodecontroller,11294,0.92,0.0,47716,34407
75.45052693100001,nodelet,10742,1.08,0.9953501798301201,26708,12805
75.45052693100001,nodeproxy,11844,0.0,0.0,15904,5082
76.46537501400007,nodestore,10054,18.61,28.57570555217599,23824,13891
76.46537501400007,nodeapiserver,10369,23.15,24.634228924289648,251744,239783
76.46537501400007,nodescheduler,11615,0.17,0.0,23768,11351
76.46537501400007,nodecontroller,11294,0.93,0.985369156971586,47716,34407
76.46537501400007,nodelet,10742,1.08,0.0,26708,12805
76.46537501400007,nodeproxy,11844,0.0,0.0,15904,5082
77.46792591500002,nodestore,10054,18.95,33.913490044334125,23824,13891
77.46792591500002,nodeapiserver,10369,23.5,34.91094563387337,251744,239783
77.46792591500002,nodescheduler,11615,0.17,0.0,23768,11351
77.46792591500002,nodecontroller,11294,0.94,0.9974555895392391,47716,34407
77.46792591500002,nodelet,10742,1.11,2.992366768617717,26708,12809
77.46792591500002,nodeproxy,11844,0.0,0.0,15904,5082
78.47146874300006,nodestore,10054,19.27,31.887029738205506,23824,13891
78.47146874300006,nodeapiserver,10369,23.78,27.90115102092982,251744,239783
78.47146874300006,nodescheduler,11615,0.18,0.996469679318922,23768,11351
78.47146874300006,nodecontroller,11294,0.96,1.992939358637844,47716,34407
78.47146874300006,nodelet,10742,1.13,1.992939358637844,26708,12813
78.47146874300006,nodeproxy,11844,0.0,0.0,15904,5082
79.48031154900013,nodestore,10054,19.58,30.728275818222656,24024,13943
79.48031154900013,nodeapiserver,10369,24.07,28.745806410595385,251744,239783
79.48031154900013,nodescheduler,11615,0.18,0.0,23768,11351
79.48031154900013,nodecontroller,11294,0.97,0.9912347038136341,47716,34407
79.48031154900013,nodelet,10742,1.13,0.0,26708,12817
79.48031154900013,nodeproxy,11844,0.0,0.0,15904,5082
80.48221780600011,nodestore,10054,19.92,33.935310576666964,24024,13955
80.48221780600011,nodeapiserver,10369,24.4,32.937213206764994,252000,240027
80.48221780600011,nodescheduler,11615,0.18,0.0,23768,11351
80.48221780600011,nodecontroller,11294,0.99,1.996194739803939,47716,34415
80.48221780600011,nodelet,10742,1.15,1.996194739803939,26708,12817
80.48221780600011,nodeproxy,11844,0.0,0.0,15904,5082
81.488391052,nodestore,10054,20.26,33.79139739122395,24024,13971
81.488391052,nodeapiserver,10369,24.7,29.815938874609373,252000,240107
81.488391052,nodescheduler,11615,0.18,0.0,23768,11351
81.488391052,nodecontroller,11294,1.0,0.9938646291536457,47716,34415
81.488391052,nodelet,10742,1.16,0.9938646291536457,26708,12817
81.488391052,nodeproxy,11844,0.0,0.0,15904,5082
82.49352788400006,nodestore,10054,20.57,30.841572025885217,24024,13983
82.49352788400006,nodeapiserver,10369,24.98,27.856903765315682,252000,240107
82.49352788400006,nodescheduler,11615,0.18,0.0,23768,11351
82.49352788400006,nodecontroller,11294,1.0,0.0,47716,34415
82.49352788400006,nodelet,10742,1.18,1.9897788403796914,26708,12917
82.49352788400006,nodeproxy,11844,0.0,0.0,15904,5082
83.50038036799992,nodestore,10054,20.93,35.75498950649145,24024,13991
83.50038036799992,nodeapiserver,10369,25.33,34.76179535353335,252000,240143
83.50038036799992,nodescheduler,11615,0.18,0.0,23768,11351
83.50038036799992,nodecontroller,11294,1.02,1.9863883059161913,47716,34415
83.50038036799992,nodelet,10742,1.19,0.9931941529580957,26708,12917
83.50038036799992,nodeproxy,11844,0.0,0.0,15904,5082
84.50388488299996,nodestore,10054,21.25,31.888247159504804,24024,13999
84.50388488299996,nodeapiserver,10369,25.6,26.90570854083218,252000,240143
84.50388488299996,nodescheduler,11615,0.2,1.9930154474690502,23768,11351
84.50388488299996,nodecontroller,11294,1.03,0.9965077237345251,47716,34415
84.50388488299996,nodelet,10742,1.2,0.9965077237345251,26708,12917
84.50388488299996,nodeproxy,11844,0.0,0.0,15904,5082
85.50740815199993,nodestore,10054,21.58,32.884140327792416,24024,14015
85.50740815199993,nodeapiserver,10369,25.9,29.894673025265835,252000,240143
85.50740815199993,nodescheduler,11615,0.2,0.0,23768,11351
85.50740815199993,nodecontroller,11294,1.04,0.9964891008421944,47716,34415
85.50740815199993,nodelet,10742,1.22,1.9929782016843889,26708,12917
85.50740815199993,nodeproxy,11844,0.0,0.0,15904,5082
86.51632447099996,nodestore,10054,21.94,35.68184924957954,24024,14035
86.51632447099996,nodeapiserver,10369,26.23,32.70836181211458,252128,240175
86.51632447099996,nodescheduler,11615,0.2,0.0,23768,11351
86.51632447099996,nodecontroller,11294,1.05,0.9911624791549873,47716,34415
86.51632447099996,nodelet,10742,1.23,0.9911624791549873,26708,12917
86.51632447099996,nodeproxy,11844,0.0,0.0,15904,5082
87.5232717240001,nodestore,10054,22.27,32.772322384989494,24024,14055
87.5232717240001,nodeapiserver,10369,26.51,27.806818993324423,252128,240175
87.5232717240001,nodescheduler,11615,0.2,0.0,23768,11351
87.5232717240001,nodecontroller,11294,1.06,0.993100678333015,47716,34415
87.5232717240001,nodelet,10742,1.24,0.993100678333015,26708,12917
87.5232717240001,nodeproxy,11844,0.0,0.0,15904,5082
88.5380700400001,nodestore,10054,22.58,30.547941902576138,24024,14067
88.5380700400001,nodeapiserver,10369,26.78,26.606271979663088,252128,240175
88.5380700400001,nodescheduler,11615,0.2,0.0,23768,11351
88.5380700400001,nodecontroller,11294,1.07,0.9854174807282625,47716,34415
88.5380700400001,nodelet,10742,1.25,0.9854174807282625,26708,12917
88.5380700400001,nodeproxy,11844,0.0,0.0,15904,5082
89.54193004400008,nodestore,10054,22.95,36.85772901855785,24024,14119
89.54193004400008,nodeapiserver,10369,27.11,32.873109665200246,252128,240195
89.54193004400008,nodescheduler,11615,0.2,0.0,23768,11351
89.54193004400008,nodecontroller,11294,1.1,2.988464515018204,47716,34415
89.54193004400008,nodelet,10742,1.27,1.9923096766788027,26708,12917
89.54193004400008,nodeproxy,11844,0.0,0.0,15904,5082
90.54415253299999,nodestore,10054,23.29,33.92460294313274,24024,14123
90.54415253299999,nodeapiserver,10369,27.4,28.93569074561321,252256,240358
90.54415253299999,nodescheduler,11615,0.21,0.997782439503904,23768,11351
90.54415253299999,nodecontroller,11294,1.11,0.997782439503904,47716,34415
90.54415253299999,nodelet,10742,1.27,0.0,26708,12917
90.54415253299999,nodeproxy,11844,0.0,0.0,15904,5082
91.54855430499993,nodestore,10054,23.64,34.8466131539264,24024,14127
91.54855430499993,nodeapiserver,10369,27.69,28.872908041824726,252256,240359
91.54855430499993,nodescheduler,11615,0.21,0.0,23768,11351
91.54855430499993,nodecontroller,11294,1.11,0.0,47716,34415
91.54855430499993,nodelet,10742,1.29,1.9912350373672227,26708,12917
91.54855430499993,nodeproxy,11844,0.0,0.0,15904,5082
92.55277534800007,nodestore,10054,23.98,33.8570877766352,24024,14175
92.55277534800007,nodeapiserver,10369,28.03,33.8570877766352,252384,240455
92.55277534800007,nodescheduler,11615,0.21,0.0,23768,11351
92.55277534800007,nodecontroller,11294,1.13,1.9915933986255998,47716,34415
92.55277534800007,nodelet,10742,1.32,2.9873900979384,26836,12981
92.55277534800007,nodeproxy,11844,0.0,0.0,15904,5082
93.55733791400007,nodestore,10054,24.3,31.854661006748948,24024,14179
93.55733791400007,nodeapiserver,10369,28.29,25.88191206798352,252896,240975
93.55733791400007,nodescheduler,11615,0.21,0.0,23768,11351
93.55733791400007,nodecontroller,11294,1.14,0.9954581564609046,47716,34415
93.55733791400007,nodelet,10742,1.32,0.0,26836,12981
93.55733791400007,nodeproxy,11844,0.0,0.0,15904,5082
94.56425712300006,nodestore,10054,24.66,35.7526201488926,24024,14187
94.56425712300006,nodeapiserver,10369,28.58,28.800721786607927,252896,240975
94.56425712300006,nodescheduler,11615,0.21,0.0,23768,11355
94.56425712300006,nodecontroller,11294,1.15,0.993128337469239,47716,34415
94.56425712300006,nodelet,10742,1.33,0.993128337469239,26836,12981
94.56425712300006,nodeproxy,11844,0.0,0.0,15904,5082
95.56905808200008,nodestore,10054,25.02,35.827991282798145,24024,14191
95.56905808200008,nodeapiserver,10369,28.92,33.83754732264269,252896,240975
95.56905808200008,nodescheduler,11615,0.22,0.9952219800777261,23768,11355
95.56905808200008,nodecontroller,11294,1.16,0.9952219800777261,47716,34415
95.56905808200008,nodelet,10742,1.35,1.9904439601554522,26836,12981
95.56905808200008,nodeproxy,11844,0.0,0.0,15904,5082
96.57259866599998,nodestore,10054,25.32,29.894157225238036,24152,14215
96.57259866599998,nodeapiserver,10369,29.13,20.925910057666627,252896,240975
96.57259866599998,nodescheduler,11615,0.22,0.0,23768,11355
96.57259866599998,nodecontroller,11294,1.17,0.9964719075079346,47716,34415
96.57259866599998,nodelet,10742,1.35,0.0,26836,12981
96.57259866599998,nodeproxy,11844,0.0,0.0,15904,5082
97.58537669800012,nodestore,10054,25.69,36.53317788393223,24152,14219
97.58537669800012,nodeapiserver,10369,29.47,33.571028325775565,252896,240975
97.58537669800012,nodescheduler,11615,0.22,0.0,23768,11355
97.58537669800012,nodecontroller,11294,1.18,0.9873831860522225,47716,34415
97.58537669800012,nodelet,10742,1.37,1.974766372104445,26836,12985
97.58537669800012,nodeproxy,11844,0.0,0.0,15904,5082
98.58870488599996,nodestore,10054,26.03,33.88721697112867,24152,14219
98.58870488599996,nodeapiserver,10369,29.77,29.900485562760593,253152,241175
98.58870488599996,nodescheduler,11615,0.22,0.0,23768,11355
98.58870488599996,nodecontroller,11294,1.21,2.9900485562760593,47716,34415
98.58870488599996,nodelet,10742,1.39,1.9933657041840396,26836,12985
98.58870488599996,nodeproxy,11844,0.0,0.0,15904,5082
99.5979221980001,nodestore,10054,26.36,32.69860673971001,24152,14239
99.5979221980001,nodeapiserver,10369,30.0,22.789938030706978,253152,241175
99.5979221980001,nodescheduler,11615,0.22,0.0,23768,11355
99.5979221980001,nodecontroller,11294,1.21,0.0,47716,34415
99.5979221980001,nodelet,10742,1.39,0.0,26836,12985
99.5979221980001,nodeproxy,11844,0.0,0.0,15904,5082
100.60407853800007,nodestore,10054,26.75,38.761371816234345,24152,14255
100.60407853800007,nodeapiserver,10369,30.35,34.78584650174877,253152,241175
100.60407853800007,nodescheduler,11615,0.22,0.0,23768,11355
100.60407853800007,nodecontroller,11294,1.22,0.9938813286213933,47716,34415
100.60407853800007,nodelet,10742,1.41,1.9877626572427867,26836,12985
100.60407853800007,nodeproxy,11844,0.0,0.0,15904,5082
101.60876394399997,nodestore,10054,27.1,34.8367755627608,24152,14255
101.60876394399997,nodeapiserver,10369,30.65,29.86009333950926,253152,241175
101.60876394399997,nodescheduler,11615,0.23,0.9953364446503086,23768,11355
101.60876394399997,nodecontroller,11294,1.24,1.9906728893006171,47716,34415
101.60876394399997,nodelet,10742,1.42,0.9953364446503086,26836,12985
101.60876394399997,nodeproxy,11844,0.0,0.0,15904,5082
102.6121388250001,nodestore,10054,27.47,36.87554940893055,24152,14267
102.6121388250001,nodeapiserver,10369,30.93,27.905821174325826,253152,241175
102.6121388250001,nodescheduler,11615,0.23,0.0,23768,11355
102.6121388250001,nodecontroller,11294,1.25,0.9966364705116366,47716,34435
102.6121388250001,nodelet,10742,1.44,1.9932729410232732,26964,13065
102.6121388250001,nodeproxy,11844,0.0,0.0,15904,5082
103.61613440700012,nodestore,10054,27.85,37.848772127365194,24152,14279
103.61613440700012,nodeapiserver,10369,31.28,34.860711169941624,253152,241175
103.61613440700012,nodescheduler,11615,0.23,0.0,23768,11359
103.61613440700012,nodecontroller,11294,1.26,0.9960203191411894,47716,34439
103.61613440700012,nodelet,10742,1.45,0.9960203191411894,26964,13065
103.61613440700012,nodeproxy,11844,0.0,0.0,15904,5082
104.620346574,nodestore,10054,28.21,35.848998033504586,24152,14287
104.620346574,nodeapiserver,10369,31.55,26.88674852512844,253280,241295
104.620346574,nodescheduler,11615,0.23,0.0,23768,11359
104.620346574,nodecontroller,11294,1.27,0.995805500930683,47716,34439
104.620346574,nodelet,10742,1.46,0.995805500930683,26964,13065
104.620346574,nodeproxy,11844,0.0,0.0,15904,5082
105.63293076900004,nodestore,10054,28.59,37.52774355716495,24152,14291
105.63293076900004,nodeapiserver,10369,31.86,30.614738165055623,253280,241295
105.63293076900004,nodescheduler,11615,0.23,0.0,23768,11359
105.63293076900004,nodecontroller,11294,1.28,0.987572198872762,47716,34439
105.63293076900004,nodelet,10742,1.48,1.975144397745524,26964,13065
105.63293076900004,nodeproxy,11844,0.0,0.0,15904,5082
106.63626729700013,nodestore,10054,28.96,36.876958993759125,24152,14351
106.63626729700013,nodeapiserver,10369,32.18,31.89358615676465,253280,241295
106.63626729700013,nodescheduler,11615,0.24,0.9966745673988953,23768,11359
106.63626729700013,nodecontroller,11294,1.3,1.9933491347977905,47716,34439
106.63626729700013,nodelet,10742,1.5,1.9933491347977905,26964,13065
106.63626729700013,nodeproxy,11844,0.0,0.0,15904,5082
107.64128262200006,nodestore,10054,29.31,34.8253396036547,24152,14351
107.64128262200006,nodeapiserver,10369,32.43,24.87524257403907,253408,241495
107.64128262200006,nodescheduler,11615,0.24,0.0,23768,11359
107.64128262200006,nodecontroller,11294,1.31,0.9950097029615628,47716,34439
107.64128262200006,nodelet,10742,1.5,0.0,26964,13065
107.64128262200006,nodeproxy,11844,0.0,0.0,15904,5082
108.64438496599996,nodestore,10054,29.7,38.879382780112344,24152,14355
108.64438496599996,nodeapiserver,10369,32.71,27.91340302161912,253408,241495
108.64438496599996,nodescheduler,11615,0.24,0.0,23768,11359
108.64438496599996,nodecontroller,11294,1.32,0.9969072507721114,47716,34439
108.64438496599996,nodelet,10742,1.51,0.9969072507721114,26964,13065
108.64438496599996,nodeproxy,11844,0.0,0.0,15904,5082
109.64938320100009,nodestore,10054,30.07,36.81598505493416,24152,14363
109.64938320100009,nodeapiserver,10369,33.02,30.84582531629619,253408,241495
109.64938320100009,nodescheduler,11615,0.24,0.0,23768,11359
109.64938320100009,nodecontroller,11294,1.33,0.9950266231063287,47716,34439
109.64938320100009,nodelet,10742,1.53,1.9900532462126574,26964,13065
109.64938320100009,nodeproxy,11844,0.0,0.0,15904,5082
110.65364935699995,nodestore,10054,30.42,34.8513188370404,24152,14367
110.65364935699995,nodeapiserver,10369,33.26,23.898047202541992,253664,241779
110.65364935699995,nodescheduler,11615,0.25,0.9957519667725829,23768,11359
110.65364935699995,nodecontroller,11294,1.34,0.9957519667725829,47716,34439
110.65364935699995,nodelet,10742,1.53,0.0,26964,13065
110.65364935699995,nodeproxy,11844,0.0,0.0,15904,5082
111.67504225900007,nodestore,10054,30.83,40.14126191763504,24280,14391
111.67504225900007,nodeapiserver,10369,33.57,30.350710230406985,253664,241779
111.67504225900007,nodescheduler,11615,0.25,0.0,23768,11359
111.67504225900007,nodecontroller,11294,1.36,1.958110337445612,47716,34439
111.67504225900007,nodelet,10742,1.55,1.958110337445612,26964,13065
111.67504225900007,nodeproxy,11844,0.0,0.0,15904,5082
112.67833162000011,nodestore,10054,31.24,40.86557836029744,24280,14407
112.67833162000011,nodeapiserver,10369,33.89,31.895085549500443,253664,241779
112.67833162000011,nodescheduler,11615,0.25,0.0,23768,11359
112.67833162000011,nodecontroller,11294,1.37,0.9967214234218889,47716,34439
112.67833162000011,nodelet,10742,1.57,1.9934428468437777,26964,13033
112.67833162000011,nodeproxy,11844,0.0,0.0,15904,5082
113.68338773400001,nodestore,10054,31.6,35.81889558059404,24280,14411
113.68338773400001,nodeapiserver,10369,34.11,21.88932507702969,253664,241779
113.68338773400001,nodescheduler,11615,0.25,0.0,23768,11359
113.68338773400001,nodecontroller,11294,1.38,0.9949693216831677,47716,34439
113.68338773400001,nodelet,10742,1.58,0.9949693216831677,26964,13033
113.68338773400001,nodeproxy,11844,0.0,0.0,15904,5082
114.68664742300007,nodestore,10054,32.01,40.86678698400044,24280,14419
114.68664742300007,nodeapiserver,10369,34.42,30.899277963512528,253664,241779
114.68664742300007,nodescheduler,11615,0.25,0.0,23768,11359
114.68664742300007,nodecontroller,11294,1.39,0.9967509020487912,47716,34439
114.68664742300007,nodelet,10742,1.6,1.9935018040975825,26964,13037
114.68664742300007,nodeproxy,11844,0.0,0.0,15904,5082
115.69234326800006,nodestore,10054,32.41,39.7734565563412,24280,14423
115.69234326800006,nodeapiserver,10369,34.72,29.8300924172559,253664,241779
115.69234326800006,nodescheduler,11615,0.25,0.0,23768,11359
115.69234326800006,nodecontroller,11294,1.41,1.98867282781706,47716,34439
115.69234326800006,nodelet,10742,1.62,1.98867282781706,26964,13037
115.69234326800006,nodeproxy,11844,0.0,0.0,15904,5082
116.71038174699993,nodestore,10054,32.81,39.29124568974678,24280,14435
116.71038174699993,nodeapiserver,10369,34.99,26.521590840579076,253664,241779
116.71038174699993,nodescheduler,11615,0.25,0.0,23768,11359
116.71038174699993,nodecontroller,11294,1.42,0.9822811422436695,47716,34439
116.71038174699993,nodelet,10742,1.62,0.0,26964,13037
116.71038174699993,nodeproxy,11844,0.0,0.0,15904,5082
117.71363487899998,nodestore,10054,33.22,40.86705407862886,24280,14455
117.71363487899998,nodeapiserver,10369,35.31,31.89623732966155,253664,241779
117.71363487899998,nodescheduler,11615,0.26,0.9967574165519234,23768,11359
117.71363487899998,nodecontroller,11294,1.43,0.9967574165519234,47716,34439
117.71363487899998,nodelet,10742,1.64,1.9935148331038468,26964,13037
117.71363487899998,nodeproxy,11844,0.0,0.0,15904,5082
118.71820933899994,nodestore,10054,33.64,41.80874755665375,24280,14463
118.71820933899994,nodeapiserver,10369,35.6,28.867944741499013,253664,241779
118.71820933899994,nodescheduler,11615,0.26,0.0,23768,11359
118.71820933899994,nodecontroller,11294,1.44,0.9954463703965177,47716,34439
118.71820933899994,nodelet,10742,1.65,0.9954463703965177,26964,13037
118.71820933899994,nodeproxy,11844,0.0,0.0,15904,5082
119.72438318500008,nodestore,10054,34.04,39.75456145974452,24280,14471
119.72438318500008,nodeapiserver,10369,35.85,24.846600912340325,253664,241779
119.72438318500008,nodescheduler,11615,0.26,0.0,23768,11359
119.72438318500008,nodecontroller,11294,1.45,0.993864036493613,47716,34439
119.72438318500008,nodelet,10742,1.66,0.993864036493613,26964,13037
119.72438318500008,nodeproxy,11844,0.0,0.0,15904,5082
120.728169235,nodestore,10054,34.47,42.8378138947075,24408,14487
120.728169235,nodeapiserver,10369,36.2,34.86798805383169,253920,241995
120.728169235,nodescheduler,11615,0.26,0.0,23768,11359
120.728169235,nodecontroller,11294,1.46,0.9962282301094768,47844,34515
120.728169235,nodelet,10742,1.68,1.9924564602189536,26964,13037
120.728169235,nodeproxy,11844,0.0,0.0,15904,5086
121.73082279200003,nodestore,10054,34.86,38.89678516345084,24408,14495
121.73082279200003,nodeapiserver,10369,36.47,26.928543574696736,253920,241995
121.73082279200003,nodescheduler,11615,0.26,0.0,23768,11359
121.73082279200003,nodecontroller,11294,1.48,1.9947069314590173,47844,34519
121.73082279200003,nodelet,10742,1.68,0.0,26964,13037
121.73082279200003,nodeproxy,11844,0.0,0.0,15904,5085
122.73938380200002,nodestore,10054,35.28,41.64348966851321,24408,14503
122.73938380200002,nodeapiserver,10369,36.77,29.74534976322372,253920,241995
122.73938380200002,nodescheduler,11615,0.27,0.9915116587741241,23768,11359
122.73938380200002,nodecontroller,11294,1.49,0.9915116587741241,47844,34523
122.73938380200002,nodelet,10742,1.7,1.9830233175482481,26964,13065
122.73938380200002,nodeproxy,11844,0.0,0.0,15904,5086
123.75006991800001,nodestore,10054,35.7,41.555928527270375,24408,14511
123.75006991800001,nodeapiserver,10369,37.1,32.65108669999815,254048,242159
123.75006991800001,nodescheduler,11615,0.27,0.0,23768,11363
123.75006991800001,nodecontroller,11294,1.5,0.9894268696969137,47844,34523
123.75006991800001,nodelet,10742,1.72,1.9788537393938275,26964,13033
123.75006991800001,nodeproxy,11844,0.0,0.0,15904,5086
124.75317270300002,nodestore,10054,36.08,37.88245887483965,24536,14543
124.75317270300002,nodeapiserver,10369,37.32,21.931949874907165,254048,242159
124.75317270300002,nodescheduler,11615,0.27,0.0,23768,11363
124.75317270300002,nodecontroller,11294,1.51,0.9969068124957803,47844,34523
124.75317270300002,nodelet,10742,1.72,0.0,26964,13033
124.75317270300002,nodeproxy,11844,0.0,0.0,15904,5086
125.7613952480001,nodestore,10054,36.51,42.649314095626146,24536,14543
125.7613952480001,nodeapiserver,10369,37.61,28.76349090170135,254048,242159
125.7613952480001,nodescheduler,11615,0.27,0.0,23768,11363
125.7613952480001,nodecontroller,11294,1.52,0.9918445138517707,47844,34523
125.7613952480001,nodelet,10742,1.74,1.9836890277035415,26964,13033
125.7613952480001,nodeproxy,11844,0.0,0.0,15904,5086
126.76482068199994,nodestore,10054,36.95,43.84979541988284,24536,14551
126.76482068199994,nodeapiserver,10369,37.96,34.88051908399771,254432,242551
126.76482068199994,nodescheduler,11615,0.27,0.0,23768,11363
126.76482068199994,nodecontroller,11294,1.54,1.9931725190855836,47844,34523
126.76482068199994,nodelet,10742,1.75,0.9965862595427918,26964,13033
126.76482068199994,nodeproxy,11844,0.0,0.0,15904,5085
127.77579273600008,nodestore,10054,37.33,37.58758696607295,24536,14563
127.77579273600008,nodeapiserver,10369,38.16,19.782940508459447,254432,242551
127.77579273600008,nodescheduler,11615,0.27,0.0,23768,11363
127.77579273600008,nodecontroller,11294,1.54,0.0,47844,34523
127.77579273600008,nodelet,10742,1.76,0.9891470254229724,26964,13033
127.77579273600008,nodeproxy,11844,0.0,0.0,15904,5086
128.78037409800004,nodestore,10054,37.76,42.80389983982401,24536,14611
128.78037409800004,nodeapiserver,10369,38.48,31.854064997078336,254432,242551
128.78037409800004,nodescheduler,11615,0.29,1.990879062317396,23768,11363
128.78037409800004,nodecontroller,11294,1.56,1.990879062317396,47844,34523
128.78037409800004,nodelet,10742,1.78,1.990879062317396,26964,13033
128.78037409800004,nodeproxy,11844,0.0,0.0,15904,5086
129.78426444699994,nodestore,10054,38.18,41.837238540883774,24536,14615
129.78426444699994,nodeapiserver,10369,38.78,29.88374181491698,254432,242551
129.78426444699994,nodescheduler,11615,0.29,0.0,23768,11363
129.78426444699994,nodecontroller,11294,1.57,0.9961247271638993,47844,34523
129.78426444699994,nodelet,10742,1.79,0.9961247271638993,26964,13033
129.78426444699994,nodeproxy,11844,0.0,0.0,15904,5086
130.78787836800007,nodestore,10054,38.6,41.84876188061048,24536,14619
130.78787836800007,nodeapiserver,10369,39.02,23.913578217491704,254432,242551
130.78787836800007,nodescheduler,11615,0.29,0.0,23768,11363
130.78787836800007,nodecontroller,11294,1.58,0.9963990923954876,47844,34523
130.78787836800007,nodelet,10742,1.8,0.9963990923954876,26964,13033
130.78787836800007,nodeproxy,11844,0.0,0.0,15904,5086
131.7917017970001,nodestore,10054,39.03,42.83621875894577,24536,14623
131.7917017970001,nodeapiserver,10369,39.36,33.87049855358502,254432,242551
131.7917017970001,nodescheduler,11615,0.29,0.0,23768,11363
131.7917017970001,nodecontroller,11294,1.6,1.9923822678579426,47844,34523
131.7917017970001,nodelet,10742,1.82,1.9923822678579426,26964,13033
131.7917017970001,nodeproxy,11844,0.0,0.0,15904,5086
132.79611727399993,nodestore,10054,39.47,43.80657308410539,24536,14631
132.79611727399993,nodeapiserver,10369,39.66,29.868118011890036,254432,242551
132.79611727399993,nodescheduler,11615,0.29,0.0,23768,11363
132.79611727399993,nodecontroller,11294,1.6,0.0,47844,34523
132.79611727399993,nodelet,10742,1.82,0.0,26964,13041
132.79611727399993,nodeproxy,11844,0.0,0.0,15904,5086
133.809577385,nodestore,10054,39.91,43.4156209232356,24536,14635
133.809577385,nodeapiserver,10369,39.93,26.64140374834912,254432,242551
133.809577385,nodescheduler,11615,0.29,0.0,23768,11363
133.809577385,nodecontroller,11294,1.62,1.9734373146925273,47844,34523
133.809577385,nodelet,10742,1.84,1.9734373146925273,26964,13041
133.809577385,nodeproxy,11844,0.0,0.0,15904,5086
134.81209424000008,nodestore,10054,40.35,43.889536400858866,24536,14655
134.81209424000008,nodeapiserver,10369,40.25,31.91966283698827,255200,243243
134.81209424000008,nodescheduler,11615,0.29,0.0,23768,11363
134.81209424000008,nodecontroller,11294,1.63,0.9974894636558834,47844,34535
134.81209424000008,nodelet,10742,1.85,0.9974894636558834,26964,13041
134.81209424000008,nodeproxy,11844,0.0,0.0,15904,5086
135.8158653170001,nodestore,10054,40.79,43.83469598616413,24536,14667
135.8158653170001,nodeapiserver,10369,40.5,24.906077264865985,255200,243243
135.8158653170001,nodescheduler,11615,0.29,0.0,23768,11363
135.8158653170001,nodecontroller,11294,1.64,0.9962430905946393,47844,34535
135.8158653170001,nodelet,10742,1.86,0.9962430905946393,26964,13041
135.8158653170001,nodeproxy,11844,0.0,0.0,15904,5086
136.82104587100002,nodestore,10054,41.24,44.768076561897864,24536,14675
136.82104587100002,nodeapiserver,10369,40.81,30.84023052041853,255200,243243
136.82104587100002,nodescheduler,11615,0.3,0.9948461458199526,23768,11363
136.82104587100002,nodecontroller,11294,1.65,0.9948461458199526,47844,34535
136.82104587100002,nodelet,10742,1.88,1.9896922916399051,26964,13045
136.82104587100002,nodeproxy,11844,0.0,0.0,15904,5086
137.83364626599996,nodestore,10054,41.69,44.44003796779366,24536,14691
137.83364626599996,nodeapiserver,10369,41.14,32.58936117638201,255456,243519
137.83364626599996,nodescheduler,11615,0.3,0.0,23768,11363
137.83364626599996,nodecontroller,11294,1.67,1.975112798568607,47844,34535
137.83364626599996,nodelet,10742,1.9,1.975112798568607,26964,13045
137.83364626599996,nodeproxy,11844,0.0,0.0,15904,5086
138.83878509400006,nodestore,10054,42.15,45.764822448979615,24536,14695
138.83878509400006,nodeapiserver,10369,41.4,25.86707355811891,255456,243518
138.83878509400006,nodescheduler,11615,0.3,0.0,23768,11363
138.83878509400006,nodecontroller,11294,1.68,0.9948874445430351,47844,34535
138.83878509400006,nodelet,10742,1.9,0.0,26964,13045
138.83878509400006,nodeproxy,11844,0.0,0.0,15904,5086
139.87340092099998,nodestore,10054,42.6,43.494405194328486,24536,14719
139.87340092099998,nodeapiserver,10369,41.68,27.06318545424884,255456,243519
139.87340092099998,nodescheduler,11615,0.3,0.0,23768,11363
139.87340092099998,nodecontroller,11294,1.69,0.9665423376517441,47844,34535
139.87340092099998,nodelet,10742,1.91,0.9665423376517441,26964,13045
139.87340092099998,nodeproxy,11844,0.0,0.0,15904,5086
140.8765534260001,nodestore,10054,43.07,46.85229789661398,24536,14727
140.8765534260001,nodeapiserver,10369,42.0,31.89943686577973,255712,243743
140.8765534260001,nodescheduler,11615,0.31,0.9968574020556166,23768,11363
140.8765534260001,nodecontroller,11294,1.7,0.9968574020556166,47844,34535
140.8765534260001,nodelet,10742,1.93,1.9937148041112331,26964,13049
140.8765534260001,nodeproxy,11844,0.0,0.0,15904,5086
141.87991321899995,nodestore,10054,43.49,41.859361211224545,24536,14739
141.87991321899995,nodeapiserver,10369,42.24,23.9196349778426,255712,243743
141.87991321899995,nodescheduler,11615,0.31,0.0,23768,11363
141.87991321899995,nodecontroller,11294,1.71,0.9966514574101082,47844,34535
141.87991321899995,nodelet,10742,1.94,0.9966514574101082,26964,13049
141.87991321899995,nodeproxy,11844,0.0,0.0,15904,5086
142.88728279199995,nodestore,10054,43.95,45.66347965326103,24536,14775
142.88728279199995,nodeapiserver,10369,42.57,32.75858322951335,255712,243743
142.88728279199995,nodescheduler,11615,0.32,0.9926843402882833,23768,11363
142.88728279199995,nodecontroller,11294,1.73,1.9853686805765667,47844,34535
142.88728279199995,nodelet,10742,1.95,0.9926843402882833,26964,13041
142.88728279199995,nodeproxy,11844,0.0,0.0,15904,5086
143.89059062899992,nodestore,10054,44.41,45.84834116072151,24536,14811
143.89059062899992,nodeapiserver,10369,42.89,31.894498198762793,255712,243743
143.89059062899992,nodescheduler,11615,0.32,0.0,23768,11363
143.89059062899992,nodecontroller,11294,1.74,0.9967030687113373,47844,34535
143.89059062899992,nodelet,10742,1.97,1.9934061374226746,26964,13045
143.89059062899992,nodeproxy,11844,0.0,0.0,15904,5086
144.89678266300007,nodestore,10054,44.85,43.72922713875651,24536,14823
144.89678266300007,nodeapiserver,10369,43.12,22.85845964071363,255712,243743
144.89678266300007,nodescheduler,11615,0.32,0.0,23768,11363
144.89678266300007,nodecontroller,11294,1.74,0.0,47844,34535
144.89678266300007,nodelet,10742,1.98,0.9938460713353752,26964,13045
144.89678266300007,nodeproxy,11844,0.0,0.0,15904,5086
145.90177418999997,nodestore,10054,45.32,46.76656343591699,24664,14831
145.90177418999997,nodeapiserver,10369,43.43,30.846031202413336,255712,243743
145.90177418999997,nodescheduler,11615,0.32,0.0,23768,11363
145.90177418999997,nodecontroller,11294,1.76,1.9900665291879573,47844,34543
145.90177418999997,nodelet,10742,1.99,0.9950332645939787,26964,13077
145.90177418999997,nodeproxy,11844,0.0,0.0,15904,5086
146.90638940500003,nodestore,10054,45.76,43.797863443664305,24664,14831
146.90638940500003,nodeapiserver,10369,43.71,27.8713676459682,255712,243743
146.90638940500003,nodescheduler,11615,0.32,0.0,23768,11363
146.90638940500003,nodecontroller,11294,1.77,0.995405987356007,47844,34543
146.90638940500003,nodelet,10742,2.01,1.990811974712014,26964,13077
146.90638940500003,nodeproxy,11844,0.0,0.0,15904,5086
147.91002579600013,nodestore,10054,46.22,45.83333208370622,24664,14831
147.91002579600013,nodeapiserver,10369,43.98,26.90217317956669,255712,243743
147.91002579600013,nodescheduler,11615,0.32,0.0,23768,11363
147.91002579600013,nodecontroller,11294,1.78,0.996376784428396,47844,34543
147.91002579600013,nodelet,10742,2.01,0.0,26964,13077
147.91002579600013,nodeproxy,11844,0.0,0.0,15904,5086
148.91457484900002,nodestore,10054,46.68,45.7916911699134,24792,14851
148.91457484900002,nodeapiserver,10369,44.3,31.855089509504975,255840,243947
148.91457484900002,nodescheduler,11615,0.33,0.9954715471720305,23768,11363
148.91457484900002,nodecontroller,11294,1.79,0.9954715471720305,47844,34543
148.91457484900002,nodelet,10742,2.04,2.9864146415160913,26964,13077
148.91457484900002,nodeproxy,11844,0.0,0.0,15904,5086
149.91896066200002,nodestore,10054,47.11,42.812233549539435,24792,14855
149.91896066200002,nodeapiserver,10369,44.53,22.899566782311794,255840,243947
149.91896066200002,nodescheduler,11615,0.33,0.0,23768,11363
149.91896066200002,nodecontroller,11294,1.8,0.9956333383613822,47844,34543
149.91896066200002,nodelet,10742,2.04,0.0,26964,13077
149.91896066200002,nodeproxy,11844,0.0,0.0,15904,5086
150.92232573799993,nodestore,10054,47.58,46.84237185867954,24920,14863
150.92232573799993,nodeapiserver,10369,44.83,29.899386292774174,255840,243947
150.92232573799993,nodescheduler,11615,0.33,0.0,23768,11363
150.92232573799993,nodecontroller,11294,1.81,0.9966462097591392,47844,34543
150.92232573799993,nodelet,10742,2.05,0.9966462097591392,26964,13077
150.92232573799993,nodeproxy,11844,0.0,0.0,15904,5086
151.92431769199993,nodestore,10054,48.02,43.91252826367486,24920,14875
151.92431769199993,nodeapiserver,10369,45.13,29.94036017977831,255840,243947
151.92431769199993,nodescheduler,11615,0.33,0.0,23768,11363
151.92431769199993,nodecontroller,11294,1.83,1.9960240119852208,47844,34543
151.92431769199993,nodelet,10742,2.07,1.9960240119852208,26964,13077
151.92431769199993,nodeproxy,11844,0.0,0.0,15904,5086
152.93216913300012,nodestore,10054,48.49,46.63385702297309,24920,14887
152.93216913300012,nodeapiserver,10369,45.38,24.805243097326112,255840,243947
152.93216913300012,nodescheduler,11615,0.33,0.0,23768,11363
152.93216913300012,nodecontroller,11294,1.84,0.9922097238930445,47844,34543
152.93216913300012,nodelet,10742,2.08,0.9922097238930445,26964,13101
152.93216913300012,nodeproxy,11844,0.0,0.0,15904,5086
153.94124118600007,nodestore,10054,48.94,44.59542791440487,24920,14899
153.94124118600007,nodeapiserver,10369,45.69,30.721294785478914,255840,243947
153.94124118600007,nodescheduler,11615,0.33,0.0,23768,11367
153.94124118600007,nodecontroller,11294,1.85,0.9910095092089972,47844,34543
153.94124118600007,nodelet,10742,2.09,0.9910095092089972,26964,13101
153.94124118600007,nodeproxy,11844,0.0,0.0,15904,5086
154.9465381330001,nodestore,10054,49.42,47.74708621491357,24920,14903
154.9465381330001,nodeapiserver,10369,45.99,29.841928884320986,255840,243947
154.9465381330001,nodescheduler,11615,0.34,0.9947309628106995,23768,11367
154.9465381330001,nodecontroller,11294,1.86,0.9947309628106995,47844,34543
154.9465381330001,nodelet,10742,2.11,1.989461925621399,26964,13101
154.9465381330001,nodeproxy,11844,0.0,0.0,15904,5086
155.95932605000007,nodestore,10054,49.86,43.44443615632251,24920,14911
155.95932605000007,nodeapiserver,10369,46.23,23.69696517617591,255840,243947
155.95932605000007,nodescheduler,11615,0.34,0.0,23768,11367
155.95932605000007,nodecontroller,11294,1.87,0.9873735490073298,47844,34543
155.95932605000007,nodelet,10742,2.12,0.9873735490073298,26964,13101
155.95932605000007,nodeproxy,11844,0.0,0.0,15904,5086
156.96203045300012,nodestore,10054,50.34,47.87053877133268,24920,14919
156.96203045300012,nodeapiserver,10369,46.54,30.916389623152355,256352,244463
156.96203045300012,nodescheduler,11615,0.34,0.0,23768,11367
156.96203045300012,nodecontroller,11294,1.88,0.9973028910694308,47844,34543
156.96203045300012,nodelet,10742,2.14,1.9946057821388616,26964,13101
156.96203045300012,nodeproxy,11844,0.0,0.0,15904,5086
157.96553997499996,nodestore,10054,50.79,44.842623825155464,24920,14919
157.96553997499996,nodeapiserver,10369,46.79,24.912568791753035,256608,244671
157.96553997499996,nodescheduler,11615,0.34,0.0,23768,11367
157.96553997499996,nodecontroller,11294,1.89,0.9965027516701215,47844,34543
157.96553997499996,nodelet,10742,2.14,0.0,26964,13101
157.96553997499996,nodeproxy,11844,0.0,0.0,15904,5086
158.96906392300002,nodestore,10054,51.27,47.8314444768954,24920,14919
158.96906392300002,nodeapiserver,10369,47.08,28.898164371457636,256608,244671
158.96906392300002,nodescheduler,11615,0.34,0.0,23768,11367
158.96906392300002,nodecontroller,11294,1.91,1.992976853203975,47844,34543
158.96906392300002,nodelet,10742,2.16,1.992976853203975,26964,13101
158.96906392300002,nodeproxy,11844,0.0,0.0,15904,5086
159.97248517599996,nodestore,10054,51.74,46.83974936696174,24920,14923
159.97248517599996,nodeapiserver,10369,47.41,32.88748359807952,256608,244671
159.97248517599996,nodescheduler,11615,0.35,0.9965904120630158,23768,11367
159.97248517599996,nodecontroller,11294,1.92,0.9965904120630158,47844,34543
159.97248517599996,nodelet,10742,2.18,1.9931808241260316,26964,13101
159.97248517599996,nodeproxy,11844,0.0,0.0,15904,5086
160.97467608700003,nodestore,10054,52.18,43.903810658283746,24920,14923
160.97467608700003,nodeapiserver,10369,47.66,24.945346964933947,256608,244670
160.97467608700003,nodescheduler,11615,0.35,0.0,23768,11367
160.97467608700003,nodecontroller,11294,1.93,0.9978138785973579,47844,34543
160.97467608700003,nodelet,10742,2.18,0.0,26964,13101
160.97467608700003,nodeproxy,11844,0.0,0.0,15904,5086
161.9872258370001,nodestore,10054,52.67,48.3926839150343,24920,14923
161.9872258370001,nodeapiserver,10369,47.93,26.665356442978084,256608,244671
161.9872258370001,nodescheduler,11615,0.35,0.0,23768,11367
161.9872258370001,nodecontroller,11294,1.94,0.9876057941843734,47844,34543
161.9872258370001,nodelet,10742,2.2,1.9752115883687469,26964,13101
161.9872258370001,nodeproxy,11844,0.0,0.0,15904,5086
163.00848859500002,nodestore,10054,53.17,48.95899670122298,24920,14923
163.00848859500002,nodeapiserver,10369,48.27,33.29211775683162,256608,244671
163.00848859500002,nodescheduler,11615,0.35,0.0,23768,11367
163.00848859500002,nodecontroller,11294,1.96,1.9583598680489192,47844,34543
163.00848859500002,nodelet,10742,2.21,0.9791799340244596,26964,13177
163.00848859500002,nodeproxy,11844,0.0,0.0,15904,5086
164.014813021,nodestore,10054,53.62,44.71718944443108,24932,14971
164.014813021,nodeapiserver,10369,48.49,21.861737061721858,256608,244671
164.014813021,nodescheduler,11615,0.35,0.0,23768,11367
164.014813021,nodecontroller,11294,1.97,0.9937153209873573,47844,34543
164.014813021,nodelet,10742,2.21,0.0,26964,13177
164.014813021,nodeproxy,11844,0.0,0.0,15904,5086
165.0184695160001,nodestore,10054,54.12,49.81784131232637,24932,14999
165.0184695160001,nodeapiserver,10369,48.82,32.879775266135404,256608,244671
165.0184695160001,nodescheduler,11615,0.36,0.9963568262465274,23768,11367
165.0184695160001,nodecontroller,11294,1.98,0.9963568262465274,47844,34543
165.0184695160001,nodelet,10742,2.23,1.9927136524930549,26964,13177
165.0184695160001,nodeproxy,11844,0.0,0.0,15904,5086
166.02239342100006,nodestore,10054,54.56,43.828023001406194,24932,15011
166.02239342100006,nodeapiserver,10369,49.09,26.8944686599538,256608,244783
166.02239342100006,nodescheduler,11615,0.36,0.0,23768,11367
166.02239342100006,nodecontroller,11294,1.99,0.9960914318501408,47844,34543
166.02239342100006,nodelet,10742,2.25,1.9921828637002816,26964,13177
166.02239342100006,nodeproxy,11844,0.0,0.0,15904,5086
167.0281620789999,nodestore,10054,55.05,48.7189569989635,24932,15023
167.0281620789999,nodeapiserver,10369,49.33,23.862346285206613,256608,244783
167.0281620789999,nodescheduler,11615,0.36,0.0,23768,11367
167.0281620789999,nodecontroller,11294,2.0,0.9942644285502754,47844,34543
167.0281620789999,nodelet,10742,2.25,0.0,26964,13177
167.0281620789999,nodeproxy,11844,0.0,0.0,15904,5086
168.03364310799998,nodestore,10054,55.55,49.727442445855154,24932,15027
168.03364310799998,nodeapiserver,10369,49.66,32.8201120142644,256992,245147
168.03364310799998,nodescheduler,11615,0.36,0.0,23768,11367
168.03364310799998,nodecontroller,11294,2.01,0.9945488489171032,47844,34543
168.03364310799998,nodelet,10742,2.27,1.9890976978342063,26964,13177
168.03364310799998,nodeproxy,11844,0.0,0.0,15904,5086
169.0413649740001,nodestore,10054,56.03,47.63219060684223,24932,15083
169.0413649740001,nodeapiserver,10369,49.94,27.78544452065797,257504,245547
169.0413649740001,nodescheduler,11615,0.36,0.0,23768,11367
169.0413649740001,nodecontroller,11294,2.03,1.9846746086184262,47844,34543
169.0413649740001,nodelet,10742,2.28,0.9923373043092131,26964,13177
169.0413649740001,nodeproxy,11844,0.0,0.0,15904,5086
170.05468428900008,nodestore,10054,56.53,49.3427878654425,24932,15087
170.05468428900008,nodeapiserver,10369,50.22,27.631961204647805,257504,245547
170.05468428900008,nodescheduler,11615,0.36,0.0,23768,11371
170.05468428900008,nodecontroller,11294,2.03,0.0,47844,34543
170.05468428900008,nodelet,10742,2.29,0.98685575730885,26964,13177
170.05468428900008,nodeproxy,11844,0.0,0.0,15904,5086
171.05723383300005,nodestore,10054,57.03,49.87284698221478,24932,15123
171.05723383300005,nodeapiserver,10369,50.55,32.916079008261754,257504,245547
171.05723383300005,nodescheduler,11615,0.37,0.9974569396442956,23768,11371
171.05723383300005,nodecontroller,11294,2.06,2.9923708189328866,47844,34555
171.05723383300005,nodelet,10742,2.31,1.9949138792885912,26964,13177
171.05723383300005,nodeproxy,11844,0.0,0.0,15904,5086
172.0614050920001,nodestore,10054,57.49,45.808919133781494,24932,15147
172.0614050920001,nodeapiserver,10369,50.79,23.900305635016434,257632,245707
172.0614050920001,nodescheduler,11615,0.37,0.0,23768,11371
172.0614050920001,nodecontroller,11294,2.06,0.0,47844,34555
172.0614050920001,nodelet,10742,2.31,0.0,26964,13177
172.0614050920001,nodeproxy,11844,0.0,0.0,15904,5086
173.072419953,nodestore,10054,58.02,52.42257264901284,24932,15147
173.072419953,nodeapiserver,10369,51.09,29.67315432962991,257632,245707
173.072419953,nodescheduler,11615,0.37,0.0,23768,11371
173.072419953,nodecontroller,11294,2.07,0.9891051443209969,47844,34555
173.072419953,nodelet,10742,2.33,1.9782102886419939,27092,13205
173.072419953,nodeproxy,11844,0.0,0.0,15904,5086
174.07837793299996,nodestore,10054,58.51,48.70978805695494,24932,15151
174.07837793299996,nodeapiserver,10369,51.42,32.804551140398225,257632,245707
174.07837793299996,nodescheduler,11615,0.38,0.9940773072847947,23768,11371
174.07837793299996,nodecontroller,11294,2.09,1.9881546145695894,47844,34555
174.07837793299996,nodelet,10742,2.35,1.9881546145695894,27092,13205
174.07837793299996,nodeproxy,11844,0.0,0.0,15904,5086
175.08332334300007,nodestore,10054,58.98,46.76870955606878,24932,15151
175.08332334300007,nodeapiserver,10369,51.64,21.891736387947088,257632,245707
175.08332334300007,nodescheduler,11615,0.38,0.0,23768,11371
175.08332334300007,nodecontroller,11294,2.09,0.0,47844,34555
175.08332334300007,nodelet,10742,2.35,0.0,27092,13205
175.08332334300007,nodeproxy,11844,0.0,0.0,15904,5086
176.08837565900012,nodestore,10054,59.48,49.7486540790158,25060,15175
176.08837565900012,nodeapiserver,10369,51.93,28.854219365829163,257632,245707
176.08837565900012,nodescheduler,11615,0.38,0.0,23768,11371
176.08837565900012,nodecontroller,11294,2.11,1.989946163160632,47844,34559
176.08837565900012,nodelet,10742,2.37,1.989946163160632,27092,13205
176.08837565900012,nodeproxy,11844,0.0,0.0,15904,5086
177.092552373,nodestore,10054,59.96,47.80035160226419,25060,15187
177.092552373,nodeapiserver,10369,52.23,29.875219751415123,257632,245707
177.092552373,nodescheduler,11615,0.39,0.9958406583805041,23768,11371
177.092552373,nodecontroller,11294,2.12,0.9958406583805041,47844,34559
177.092552373,nodelet,10742,2.39,1.9916813167610081,27092,13205
177.092552373,nodeproxy,11844,0.0,0.0,15904,5086
178.1033806360001,nodestore,10054,60.46,49.46438661261888,25060,15187
178.1033806360001,nodeapiserver,10369,52.46,22.753617841804687,257632,245707
178.1033806360001,nodescheduler,11615,0.39,0.0,23768,11371
178.1033806360001,nodecontroller,11294,2.12,0.0,47844,34559
178.1033806360001,nodelet,10742,2.39,0.0,27092,13205
178.1033806360001,nodeproxy,11844,0.0,0.0,15904,5086
179.11038329300004,nodestore,10054,60.97,50.64534799931868,25060,15187
179.11038329300004,nodeapiserver,10369,52.8,33.76356533287912,257632,245707
179.11038329300004,nodescheduler,11615,0.39,0.0,23768,11371
179.11038329300004,nodecontroller,11294,2.15,2.9791381176069813,47844,34559
179.11038329300004,nodelet,10742,2.41,1.9860920784046543,27092,13205
179.11038329300004,nodeproxy,11844,0.0,0.0,15904,5086
180.11879565599997,nodestore,10054,61.46,48.591232910145514,25060,15187
180.11879565599997,nodeapiserver,10369,53.04,23.799787547826377,257632,245707
180.11879565599997,nodescheduler,11615,0.39,0.0,23768,11387
180.11879565599997,nodecontroller,11294,2.15,0.0,47844,34595
180.11879565599997,nodelet,10742,2.42,0.9916578144927657,27092,13205
180.11879565599997,nodeproxy,11844,0.0,0.0,15904,5090
181.12347455500003,nodestore,10054,61.95,48.771801665954285,25060,15215
181.12347455500003,nodeapiserver,10369,53.31,26.874258060831952,257632,245707
181.12347455500003,nodescheduler,11615,0.39,0.0,23768,11387
181.12347455500003,nodecontroller,11294,2.17,1.9906857822838484,47844,34611
181.12347455500003,nodelet,10742,2.43,0.9953428911419242,27092,13205
181.12347455500003,nodeproxy,11844,0.0,0.0,15904,5090
182.127332562,nodestore,10054,62.45,49.807841000766025,25060,15215
182.127332562,nodeapiserver,10369,53.63,31.877018240490255,257632,245707
182.127332562,nodescheduler,11615,0.4,0.9961568200153205,23768,11387
182.127332562,nodecontroller,11294,2.18,0.9961568200153205,47844,34611
182.127332562,nodelet,10742,2.45,1.992313640030641,27092,13205
182.127332562,nodeproxy,11844,0.0,0.0,15904,5090
183.13143377699998,nodestore,10054,62.94,48.799861276933534,25060,15227
183.13143377699998,nodeapiserver,10369,53.84,20.914226261542943,257632,245707
183.13143377699998,nodescheduler,11615,0.4,0.0,23768,11387
183.13143377699998,nodecontroller,11294,2.19,0.9959155362639497,47844,34611
183.13143377699998,nodelet,10742,2.46,0.9959155362639497,27220,13293
183.13143377699998,nodeproxy,11844,0.0,0.0,15904,5090
184.14023405400008,nodestore,10054,63.46,51.54637759877944,25060,15235
184.14023405400008,nodeapiserver,10369,54.18,33.70340073766348,257632,245707
184.14023405400008,nodescheduler,11615,0.4,0.0,23768,11391
184.14023405400008,nodecontroller,11294,2.2,0.9912764922842201,47844,34623
184.14023405400008,nodelet,10742,2.48,1.9825529845684402,27220,13293
184.14023405400008,nodeproxy,11844,0.0,0.0,15904,5090
185.14529636199995,nodestore,10054,63.95,48.753196304328945,25188,15239
185.14529636199995,nodeapiserver,10369,54.48,29.848895696527926,258144,246191
185.14529636199995,nodescheduler,11615,0.4,0.0,23768,11391
185.14529636199995,nodecontroller,11294,2.21,0.9949631898842641,47844,34627
185.14529636199995,nodelet,10742,2.49,0.9949631898842641,27220,13293
185.14529636199995,nodeproxy,11844,0.0,0.0,15904,5090
186.15934055899993,nodestore,10054,64.46,50.29366584896617,25188,15255
186.15934055899993,nodeapiserver,10369,54.71,22.68145714757298,258144,246191
186.15934055899993,nodescheduler,11615,0.4,0.0,23768,11391
186.15934055899993,nodecontroller,11294,2.22,0.9861503107640426,47844,34631
186.15934055899993,nodelet,10742,2.5,0.9861503107640426,27220,13293
186.15934055899993,nodeproxy,11844,0.0,0.0,15904,5090
187.164776329,nodestore,10054,65.0,53.708055363890516,25316,15279
187.164776329,nodeapiserver,10369,55.03,31.826995771194383,258144,246191
187.164776329,nodescheduler,11615,0.4,0.0,23768,11391
187.164776329,nodecontroller,11294,2.24,1.989187235699649,47844,34667
187.164776329,nodelet,10742,2.51,0.9945936178498245,27220,13293
187.164776329,nodeproxy,11844,0.0,0.0,15904,5090
188.16962877800006,nodestore,10054,65.54,53.73923311202187,25316,15279
188.16962877800006,nodeapiserver,10369,55.31,27.8647875395669,258144,246191
188.16962877800006,nodescheduler,11615,0.4,0.0,23768,11399
188.16962877800006,nodecontroller,11294,2.25,0.9951709835559606,47844,34667
188.16962877800006,nodelet,10742,2.52,0.9951709835559606,27220,13293
188.16962877800006,nodeproxy,11844,0.0,0.0,15904,5090
189.18132554199997,nodestore,10054,66.05,50.41036189377854,25316,15279
189.18132554199997,nodeapiserver,10369,55.58,26.687838649647464,258144,246191
189.18132554199997,nodescheduler,11615,0.4,0.0,23768,11399
189.18132554199997,nodecontroller,11294,2.26,0.9884384685054616,47844,34667
189.18132554199997,nodelet,10742,2.53,0.9884384685054616,27220,13293
189.18132554199997,nodeproxy,11844,0.0,0.0,15904,5090
190.18475963600008,nodestore,10054,66.57,51.8220382493742,25316,15319
190.18475963600008,nodeapiserver,10369,55.91,32.88706273517978,258144,246191
190.18475963600008,nodescheduler,11615,0.41,0.9965776586418116,23768,11407
190.18475963600008,nodecontroller,11294,2.27,0.9965776586418116,47844,34667
190.18475963600008,nodelet,10742,2.55,1.9931553172836232,27220,13293
190.18475963600008,nodeproxy,11844,0.0,0.0,15904,5090
191.18875521299992,nodestore,10054,67.08,50.797036529183885,25316,15319
191.18875521299992,nodeapiserver,10369,56.12,20.91642680613454,258144,246191
191.18875521299992,nodescheduler,11615,0.41,0.0,23768,11407
191.18875521299992,nodecontroller,11294,2.29,1.9920406482032897,47844,34667
191.18875521299992,nodelet,10742,2.55,0.0,27220,13293
191.18875521299992,nodeproxy,11844,0.0,0.0,15904,5090
192.19247963499993,nodestore,10054,67.61,52.80333808595896,25316,15331
192.19247963499993,nodeapiserver,10369,56.42,29.88868193544847,258144,246191
192.19247963499993,nodescheduler,11615,0.41,0.0,23768,11407
192.19247963499993,nodecontroller,11294,2.29,0.0,47844,34667
192.19247963499993,nodelet,10742,2.57,1.9925787956965646,27220,13293
192.19247963499993,nodeproxy,11844,0.0,0.0,15904,5090
193.2025363529999,nodestore,10054,68.14,52.47230086736642,25316,15379
193.2025363529999,nodeapiserver,10369,56.73,30.691345790346396,258144,246191
193.2025363529999,nodescheduler,11615,0.41,0.0,23768,11407
193.2025363529999,nodecontroller,11294,2.31,1.9800868251836383,47844,34735
193.2025363529999,nodelet,10742,2.59,1.9800868251836383,27348,13433
193.2025363529999,nodeproxy,11844,0.0,0.0,15904,5090
194.20837568699994,nodestore,10054,68.63,48.71553372757499,25316,15379
194.20837568699994,nodeapiserver,10369,56.95,21.872280449115305,258144,246191
194.20837568699994,nodescheduler,11615,0.41,0.0,23768,11407
194.20837568699994,nodecontroller,11294,2.31,0.0,47844,34735
194.20837568699994,nodelet,10742,2.59,0.0,27348,13433
194.20837568699994,nodeproxy,11844,0.0,0.0,15904,5090
195.21225908399992,nodestore,10054,69.14,50.80271289714431,25316,15383
195.21225908399992,nodeapiserver,10369,57.27,31.87621201389447,258144,246191
195.21225908399992,nodescheduler,11615,0.42,0.9961316254342022,23768,11407
195.21225908399992,nodecontroller,11294,2.34,2.9883948763026065,47844,34739
195.21225908399992,nodelet,10742,2.6,0.9961316254342022,27348,13433
195.21225908399992,nodeproxy,11844,0.0,0.0,15904,5090
196.21587576899992,nodestore,10054,69.65,50.81621376193057,25316,15403
196.21587576899992,nodeapiserver,10369,57.54,26.90270140337501,258144,246191
196.21587576899992,nodescheduler,11615,0.42,0.0,23768,11407
196.21587576899992,nodecontroller,11294,2.35,0.9963963482731485,47844,34739
196.21587576899992,nodelet,10742,2.62,1.992792696546297,27348,13433
196.21587576899992,nodeproxy,11844,0.0,0.0,15904,5090
197.22036937300004,nodestore,10054,70.17,51.76737790357689,25316,15411
197.22036937300004,nodeapiserver,10369,57.78,23.892635955497028,258144,246191
197.22036937300004,nodescheduler,11615,0.42,0.0,23768,11407
197.22036937300004,nodecontroller,11294,2.35,0.0,47844,34739
197.22036937300004,nodelet,10742,2.63,0.9955264981457094,27348,13433
197.22036937300004,nodeproxy,11844,0.0,0.0,15904,5090
198.224106354,nodestore,10054,70.7,52.80267739781657,25316,15423
198.224106354,nodeapiserver,10369,58.11,32.87713875713107,258528,246567
198.224106354,nodescheduler,11615,0.42,0.0,23768,11407
198.224106354,nodecontroller,11294,2.37,1.99255386406855,47844,34739
198.224106354,nodelet,10742,2.64,0.996276932034275,27348,13433
198.224106354,nodeproxy,11844,0.0,0.0,15904,5090
199.22731735499997,nodestore,10054,71.21,50.83676310284234,25316,15423
199.22731735499997,nodeapiserver,10369,58.34,22.92638336010537,258528,246566
199.22731735499997,nodescheduler,11615,0.42,0.0,23768,11407
199.22731735499997,nodecontroller,11294,2.37,0.0,47844,34743
199.22731735499997,nodelet,10742,2.65,0.9967992765263204,27348,13433
199.22731735499997,nodeproxy,11844,0.0,0.0,15904,5089
200.2326446950001,nodestore,10054,71.73,51.72444628830417,25316,15443
200.2326446950001,nodeapiserver,10369,58.64,29.841026704790867,258528,246567
200.2326446950001,nodescheduler,11615,0.44,1.9894017803193913,23768,11407
200.2326446950001,nodecontroller,11294,2.39,1.9894017803193913,47844,34743
200.2326446950001,nodelet,10742,2.66,0.9947008901596956,27348,13433
200.2326446950001,nodeproxy,11844,0.0,0.0,15904,5090
201.23747381399994,nodestore,10054,72.28,54.7356749123113,25316,15459
201.23747381399994,nodeapiserver,10369,58.94,29.855822679442525,258528,246567
201.23747381399994,nodescheduler,11615,0.44,0.0,23768,11407
201.23747381399994,nodecontroller,11294,2.41,1.9903881786295017,47844,34743
201.23747381399994,nodelet,10742,2.68,1.9903881786295017,27348,13433
201.23747381399994,nodeproxy,11844,0.0,0.0,15904,5090
202.24022422400003,nodestore,10054,72.81,52.85462810231637,25316,15463
202.24022422400003,nodeapiserver,10369,59.17,22.936914082137292,258528,246567
202.24022422400003,nodescheduler,11615,0.44,0.0,23768,11407
202.24022422400003,nodecontroller,11294,2.42,0.9972571340059692,47844,34743
202.24022422400003,nodelet,10742,2.68,0.0,27348,13433
202.24022422400003,nodeproxy,11844,0.0,0.0,15904,5090
203.24541779800006,nodestore,10054,73.34,52.72616277190639,25316,15471
203.24541779800006,nodeapiserver,10369,59.47,29.84499779541871,258528,246567
203.24541779800006,nodescheduler,11615,0.44,0.0,23768,11407
203.24541779800006,nodecontroller,11294,2.43,0.9948332598472903,47844,34743
203.24541779800006,nodelet,10742,2.7,1.9896665196945806,27348,13433
203.24541779800006,nodeproxy,11844,0.0,0.0,15904,5090
204.24952414199993,nodestore,10054,73.86,51.78734335335201,25316,15483
204.24952414199993,nodeapiserver,10369,59.73,25.893671676676004,259040,247083
204.24952414199993,nodescheduler,11615,0.44,0.0,23768,11407
204.24952414199993,nodecontroller,11294,2.43,0.0,47844,34743
204.24952414199993,nodelet,10742,2.71,0.9959104491029231,27348,13433
204.24952414199993,nodeproxy,11844,0.0,0.0,15904,5090
205.2530387449999,nodestore,10054,74.36,49.82488530862041,25316,15487
205.2530387449999,nodeapiserver,10369,60.01,27.901935772827432,259040,247083
205.2530387449999,nodescheduler,11615,0.45,0.9964977061724082,23768,11407
205.2530387449999,nodecontroller,11294,2.45,1.9929954123448164,47844,34743
205.2530387449999,nodelet,10742,2.72,0.9964977061724082,27348,13433
205.2530387449999,nodeproxy,11844,0.0,0.0,15904,5090
206.2562413810001,nodestore,10054,74.91,54.824417347313705,25316,15491
206.2562413810001,nodeapiserver,10369,60.32,30.90103523212227,259040,247083
206.2562413810001,nodescheduler,11615,0.45,0.0,23768,11411
206.2562413810001,nodecontroller,11294,2.46,0.9968075881329763,47844,34743
206.2562413810001,nodelet,10742,2.73,0.9968075881329763,27348,13433
206.2562413810001,nodeproxy,11844,0.0,0.0,15904,5090
207.26379005400008,nodestore,10054,75.4,48.63288624469388,25444,15511
207.26379005400008,nodeapiserver,10369,60.52,19.85015765089546,259040,247083
207.26379005400008,nodescheduler,11615,0.45,0.0,23768,11411
207.26379005400008,nodecontroller,11294,2.46,0.0,47844,34743
207.26379005400008,nodelet,10742,2.74,0.9925078825447731,27348,13433
207.26379005400008,nodeproxy,11844,0.0,0.0,15904,5090
208.2727972350001,nodestore,10054,75.96,55.50010054883757,25444,15515
208.2727972350001,nodeapiserver,10369,60.86,33.69648961893709,259296,247407
208.2727972350001,nodescheduler,11615,0.45,0.0,23768,11411
208.2727972350001,nodecontroller,11294,2.49,2.9732196722591553,47844,34743
208.2727972350001,nodelet,10742,2.76,1.9821464481727702,27348,13433
208.2727972350001,nodeproxy,11844,0.0,0.0,15904,5090
209.27659258500012,nodestore,10054,76.47,50.80716901109281,25444,15523
209.27659258500012,nodeapiserver,10369,61.12,25.901694005655155,259424,247559
209.27659258500012,nodescheduler,11615,0.45,0.0,23768,11411
209.27659258500012,nodecontroller,11294,2.49,0.0,47844,34743
209.27659258500012,nodelet,10742,2.76,0.0,27348,13433
209.27659258500012,nodeproxy,11844,0.0,0.0,15904,5090
210.28157667300002,nodestore,10054,77.0,52.73715338665662,25444,15543
210.28157667300002,nodeapiserver,10369,61.41,28.856178268170602,259424,247559
210.28157667300002,nodescheduler,11615,0.45,0.0,23768,11411
210.28157667300002,nodecontroller,11294,2.5,0.9950406299369174,47844,34743
210.28157667300002,nodelet,10742,2.78,1.9900812598738349,27348,13433
210.28157667300002,nodeproxy,11844,0.0,0.0,15904,5090
211.28463674699992,nodestore,10054,77.53,52.83831085874229,25444,15543
211.28463674699992,nodeapiserver,10369,61.72,30.905427106056813,259424,247559
211.28463674699992,nodescheduler,11615,0.46,0.9969492614857036,23768,11411
211.28463674699992,nodecontroller,11294,2.52,1.9938985229714072,47844,34743
211.28463674699992,nodelet,10742,2.8,1.9938985229714072,27348,13437
211.28463674699992,nodeproxy,11844,0.0,0.0,15904,5090
212.294532785,nodestore,10054,78.07,53.47085043222615,25444,15559
212.294532785,nodeapiserver,10369,61.94,21.784420546462506,259424,247559
212.294532785,nodescheduler,11615,0.46,0.0,23768,11411
212.294532785,nodecontroller,11294,2.53,0.9902009339301139,47844,34743
212.294532785,nodelet,10742,2.81,0.9902009339301139,27348,13437
212.294532785,nodeproxy,11844,0.0,0.0,15904,5090
213.2992126270001,nodestore,10054,78.63,55.73914958671497,25444,15575
213.2992126270001,nodeapiserver,10369,62.25,30.855600664074355,259424,247559
213.2992126270001,nodescheduler,11615,0.46,0.0,23768,11411
213.2992126270001,nodecontroller,11294,2.54,0.9953419569056244,47844,34743
213.2992126270001,nodelet,10742,2.82,0.9953419569056244,27348,13461
213.2992126270001,nodeproxy,11844,0.0,0.0,15904,5090
214.30912429,nodestore,10054,79.19,55.450394377715895,25444,15587
214.30912429,nodeapiserver,10369,62.55,29.70556841663351,259424,247559
214.30912429,nodescheduler,11615,0.46,0.0,23768,11411
214.30912429,nodecontroller,11294,2.56,1.9803712277755674,47844,34743
214.30912429,nodelet,10742,2.84,1.9803712277755674,27348,13461
214.30912429,nodeproxy,11844,0.0,0.0,15904,5090
215.3139867540001,nodestore,10054,79.72,52.743536452760594,25444,15587
215.3139867540001,nodeapiserver,10369,62.8,24.879026628660657,259424,247559
215.3139867540001,nodescheduler,11615,0.46,0.0,23768,11411
215.3139867540001,nodecontroller,11294,2.56,0.0,47844,34743
215.3139867540001,nodelet,10742,2.84,0.0,27348,13461
215.3139867540001,nodeproxy,11844,0.0,0.0,15904,5090
216.317416997,nodestore,10054,80.26,53.815400100517756,25444,15595
216.317416997,nodeapiserver,10369,63.13,32.88718895031641,259424,247559
216.317416997,nodescheduler,11615,0.46,0.0,23768,11411
216.317416997,nodecontroller,11294,2.58,1.9931629666858428,47844,34743
216.317416997,nodelet,10742,2.87,2.9897444500287644,27348,13461
216.317416997,nodeproxy,11844,0.0,0.0,15904,5090
217.32456185499996,nodestore,10054,80.81,54.609820586506835,25444,15607
217.32456185499996,nodeapiserver,10369,63.38,24.82264572113947,259424,247558
217.32456185499996,nodescheduler,11615,0.47,0.9929058288455788,23768,11411
217.32456185499996,nodecontroller,11294,2.59,0.9929058288455788,47844,34743
217.32456185499996,nodelet,10742,2.87,0.0,27348,13461
217.32456185499996,nodeproxy,11844,0.0,0.0,15904,5089
218.3297348870001,nodestore,10054,81.35,53.72209388919721,25444,15639
218.3297348870001,nodeapiserver,10369,63.66,27.855900535139295,259424,247559
218.3297348870001,nodescheduler,11615,0.47,0.0,23768,11411
218.3297348870001,nodecontroller,11294,2.61,1.989707181081378,47844,34743
218.3297348870001,nodelet,10742,2.88,0.994853590540689,27348,13461
218.3297348870001,nodeproxy,11844,0.0,0.0,15904,5090
219.3332105710001,nodestore,10054,81.91,55.806035854077294,25444,15639
219.3332105710001,nodeapiserver,10369,63.96,29.896090636112834,259808,247911
219.3332105710001,nodescheduler,11615,0.47,0.0,23768,11411
219.3332105710001,nodecontroller,11294,2.62,0.9965363545370944,47844,34743
219.3332105710001,nodelet,10742,2.9,1.9930727090741889,27348,13461
219.3332105710001,nodeproxy,11844,0.0,0.0,15904,5090
220.33910857,nodestore,10054,82.41,49.70682917125977,25444,15639
220.33910857,nodeapiserver,10369,64.18,21.8710048353543,259808,247911
220.33910857,nodescheduler,11615,0.47,0.0,23768,11411
220.33910857,nodecontroller,11294,2.62,0.0,47844,34743
220.33910857,nodelet,10742,2.9,0.0,27348,13461
220.33910857,nodeproxy,11844,0.0,0.0,15904,5090
221.3429269390001,nodestore,10054,82.96,54.79078855150388,25444,15655
221.3429269390001,nodeapiserver,10369,64.51,32.874473130902324,259808,247911
221.3429269390001,nodescheduler,11615,0.47,0.0,23768,11423
221.3429269390001,nodecontroller,11294,2.64,1.9923923109637771,47844,34743
221.3429269390001,nodelet,10742,2.93,2.9885884664456657,27348,13461
221.3429269390001,nodeproxy,11844,0.0,0.0,15904,5090
222.34649565500013,nodestore,10054,83.51,54.804418594490166,25444,15659
222.34649565500013,nodeapiserver,10369,64.8,28.896875258912992,259808,247911
222.34649565500013,nodescheduler,11615,0.48,0.9964439744452757,23768,11423
222.34649565500013,nodecontroller,11294,2.65,0.9964439744452757,47844,34743
222.34649565500013,nodelet,10742,2.93,0.0,27348,13461
222.34649565500013,nodeproxy,11844,0.0,0.0,15904,5090
223.35772993499995,nodestore,10054,84.05,53.40008845428904,25572,15683
223.35772993499995,nodeapiserver,10369,65.05,24.722263173281963,259808,247911
223.35772993499995,nodescheduler,11615,0.48,0.0,23768,11423
223.35772993499995,nodecontroller,11294,2.66,0.9888905269312785,47844,34743
223.35772993499995,nodelet,10742,2.95,1.977781053862557,27348,13461
223.35772993499995,nodeproxy,11844,0.0,0.0,15904,5090
224.36037493999993,nodestore,10054,84.63,57.846994410550465,25572,15699
224.36037493999993,nodeapiserver,10369,65.38,32.912945095658024,259808,247911
224.36037493999993,nodescheduler,11615,0.49,0.9973619725956978,23768,11423
224.36037493999993,nodecontroller,11294,2.67,0.9973619725956978,47844,34743
224.36037493999993,nodelet,10742,2.96,0.9973619725956978,27348,13461
224.36037493999993,nodeproxy,11844,0.0,0.0,15904,5090
225.36338673199998,nodestore,10054,85.15,51.84385708597661,25572,15699
225.36338673199998,nodeapiserver,10369,65.61,22.930936788028117,259808,247910
225.36338673199998,nodescheduler,11615,0.49,0.0,23768,11423
225.36338673199998,nodecontroller,11294,2.69,1.9939945033067927,47844,34743
225.36338673199998,nodelet,10742,2.97,0.9969972516533964,27348,13461
225.36338673199998,nodeproxy,11844,0.0,0.0,15904,5089
226.37000853500012,nodestore,10054,85.7,54.638196625661756,25700,15719
226.37000853500012,nodeapiserver,10369,65.9,28.80923094807619,259808,247911
226.37000853500012,nodescheduler,11615,0.49,0.0,23768,11423
226.37000853500012,nodecontroller,11294,2.7,0.9934217568302137,47844,34743
226.37000853500012,nodelet,10742,2.98,0.9934217568302137,27348,13461
226.37000853500012,nodeproxy,11844,0.0,0.0,15904,5090
227.373941565,nodestore,10054,86.27,56.776695553096125,25700,15735
227.373941565,nodeapiserver,10369,66.21,30.878553721859298,259808,247911
227.373941565,nodescheduler,11615,0.49,0.0,23768,11423
227.373941565,nodecontroller,11294,2.71,0.9960823781244935,47844,34743
227.373941565,nodelet,10742,3.0,1.992164756248987,27348,13461
227.373941565,nodeproxy,11844,0.0,0.0,15904,5090
228.3806941780001,nodestore,10054,86.83,55.62439002082183,25700,15735
228.3806941780001,nodeapiserver,10369,66.43,21.85243893675143,259808,247911
228.3806941780001,nodescheduler,11615,0.49,0.0,23768,11423
228.3806941780001,nodecontroller,11294,2.71,0.0,47844,34743
228.3806941780001,nodelet,10742,3.0,0.0,27348,13461
228.3806941780001,nodeproxy,11844,0.0,0.0,15904,5090
229.3882665420001,nodestore,10054,87.38,54.58665001653432,25700,15739
229.3882665420001,nodeapiserver,10369,66.75,31.759505464165418,259808,247911
229.3882665420001,nodescheduler,11615,0.49,0.0,23768,11423
229.3882665420001,nodecontroller,11294,2.73,1.9849690915103386,47844,34743
229.3882665420001,nodelet,10742,3.03,2.977453637265508,27348,13461
229.3882665420001,nodeproxy,11844,0.0,0.0,15904,5090
230.39253897599997,nodestore,10054,87.92,53.770270069971474,25700,15743
230.39253897599997,nodeapiserver,10369,66.98,22.902152066839705,259808,247911
230.39253897599997,nodescheduler,11615,0.5,0.9957457420365088,23768,11423
230.39253897599997,nodecontroller,11294,2.74,0.9957457420365088,47844,34743
230.39253897599997,nodelet,10742,3.03,0.0,27348,13461
230.39253897599997,nodeproxy,11844,0.0,0.0,15904,5090
231.4011539380001,nodestore,10054,88.51,58.496058677336904,25700,15755
231.4011539380001,nodeapiserver,10369,67.28,29.74375864949334,259808,247911
231.4011539380001,nodescheduler,11615,0.5,0.0,23768,11423
231.4011539380001,nodecontroller,11294,2.76,1.982917243299556,47844,34743
231.4011539380001,nodelet,10742,3.05,1.982917243299556,27348,13461
231.4011539380001,nodeproxy,11844,0.0,0.0,15904,5090
232.40379772200004,nodestore,10054,89.06,54.85497529400123,25700,15831
232.40379772200004,nodeapiserver,10369,67.58,29.920895614909757,259808,247911
232.40379772200004,nodescheduler,11615,0.5,0.0,23768,11423
232.40379772200004,nodecontroller,11294,2.77,0.9973631871636586,47844,34743
232.40379772200004,nodelet,10742,3.06,0.9973631871636586,27348,13461
232.40379772200004,nodeproxy,11844,0.0,0.0,15904,5089
233.40838121599995,nodestore,10054,89.62,55.7444954396241,25700,15835
233.40838121599995,nodeapiserver,10369,67.82,23.890498045553183,260064,248131
233.40838121599995,nodescheduler,11615,0.5,0.0,23768,11423
233.40838121599995,nodecontroller,11294,2.78,0.995437418564716,47844,34743
233.40838121599995,nodelet,10742,3.07,0.995437418564716,27348,13509
233.40838121599995,nodeproxy,11844,0.0,0.0,15904,5090
234.4149993430001,nodestore,10054,90.21,58.612097693718475,25700,15835
234.4149993430001,nodeapiserver,10369,68.13,30.796186923818183,260064,248131
234.4149993430001,nodescheduler,11615,0.5,0.0,23768,11423
234.4149993430001,nodecontroller,11294,2.79,0.9934253846392962,47844,34743
234.4149993430001,nodelet,10742,3.08,0.9934253846392962,27348,13509
234.4149993430001,nodeproxy,11844,0.0,0.0,15904,5090
235.41799998500005,nodestore,10054,90.74,52.84144175054483,25700,15835
235.41799998500005,nodeapiserver,10369,68.37,23.928200037982563,260064,248131
235.41799998500005,nodescheduler,11615,0.5,0.0,23768,11423
235.41799998500005,nodecontroller,11294,2.8,0.9970083349159402,47844,34743
235.41799998500005,nodelet,10742,3.1,1.9940166698318804,27348,13509
235.41799998500005,nodeproxy,11844,0.0,0.0,15904,5090
236.42153315399992,nodestore,10054,91.29,54.806359868317784,25700,15843
236.42153315399992,nodeapiserver,10369,68.64,26.904940298992365,260064,248131
236.42153315399992,nodescheduler,11615,0.5,0.0,23768,11423
236.42153315399992,nodecontroller,11294,2.82,1.992958540666101,47844,34743
236.42153315399992,nodelet,10742,3.11,0.9964792703330505,27348,13513
236.42153315399992,nodeproxy,11844,0.0,0.0,15904,5090
237.426901089,nodestore,10054,91.85,55.70100064907553,25700,15851
237.426901089,nodeapiserver,10369,68.94,29.83982177629046,260064,248131
237.426901089,nodescheduler,11615,0.51,0.9946607258763487,23768,11423
237.426901089,nodecontroller,11294,2.83,0.9946607258763487,47844,34743
237.426901089,nodelet,10742,3.13,1.9893214517526974,27348,13521
237.426901089,nodeproxy,11844,0.0,0.0,15904,5090
238.43004653599996,nodestore,10054,92.39,53.830678453951656,25700,15851
238.43004653599996,nodeapiserver,10369,69.17,22.92788156372015,260064,248131
238.43004653599996,nodescheduler,11615,0.51,0.0,23768,11423
238.43004653599996,nodecontroller,11294,2.84,0.9968644158139195,47844,34743
238.43004653599996,nodelet,10742,3.14,0.9968644158139195,27348,13521
238.43004653599996,nodeproxy,11844,0.0,0.0,15904,5089
239.443291262,nodestore,10054,92.96,56.25491901153779,25700,15855
239.443291262,nodeapiserver,10369,69.46,28.62092370762449,260064,248131
239.443291262,nodescheduler,11615,0.51,0.0,23768,11423
239.443291262,nodecontroller,11294,2.85,0.9869284037111894,47844,34743
239.443291262,nodelet,10742,3.15,0.9869284037111894,27348,13521
239.443291262,nodeproxy,11844,0.0,0.0,15904,5090
240.4466677790001,nodestore,10054,93.53,56.808186193572205,25828,15867
240.4466677790001,nodeapiserver,10369,69.74,27.905775674035475,260064,248131
240.4466677790001,nodescheduler,11615,0.52,0.9966348455012668,23768,11483
240.4466677790001,nodecontroller,11294,2.86,0.9966348455012668,47844,34755
240.4466677790001,nodelet,10742,3.16,0.9966348455012668,27348,13521
240.4466677790001,nodeproxy,11844,0.0,0.0,15904,5090
241.45054560400013,nodestore,10054,94.11,57.775954957466034,25828,15871
241.45054560400013,nodeapiserver,10369,69.99,24.90342886097674,260064,248131
241.45054560400013,nodescheduler,11615,0.52,0.0,23768,11487
241.45054560400013,nodecontroller,11294,2.87,0.9961371544390696,47972,34763
241.45054560400013,nodelet,10742,3.18,1.9922743088781392,27348,13521
241.45054560400013,nodeproxy,11844,0.0,0.0,15904,5090
242.4582411199999,nodestore,10054,94.69,57.55706865724741,25828,15899
242.4582411199999,nodeapiserver,10369,70.32,32.74798733946836,260320,248355
242.4582411199999,nodescheduler,11615,0.52,0.0,23768,11495
242.4582411199999,nodecontroller,11294,2.89,1.9847265054223249,47972,34779
242.4582411199999,nodelet,10742,3.19,0.9923632527111624,27348,13521
242.4582411199999,nodeproxy,11844,0.0,0.0,15904,5090
243.46355904200004,nodestore,10054,95.27,57.69319210444995,25828,15903
243.46355904200004,nodeapiserver,10369,70.56,23.87304500873791,260320,248415
243.46355904200004,nodescheduler,11615,0.53,0.994710208697413,23768,11495
243.46355904200004,nodecontroller,11294,2.9,0.994710208697413,47972,34787
243.46355904200004,nodelet,10742,3.19,0.0,27348,13493
243.46355904200004,nodeproxy,11844,0.0,0.0,15904,5090
244.46728927499998,nodestore,10054,95.83,55.79188327587542,25828,15911
244.46728927499998,nodeapiserver,10369,70.84,27.89594163793771,260320,248415
244.46728927499998,nodescheduler,11615,0.53,0.0,23768,11495
244.46728927499998,nodecontroller,11294,2.91,0.9962836299263467,47972,34791
244.46728927499998,nodelet,10742,3.21,1.9925672598526933,27348,13493
244.46728927499998,nodeproxy,11844,0.0,0.0,15904,5090
245.47075349500005,nodestore,10054,96.4,56.803221145240315,25828,15927
245.47075349500005,nodeapiserver,10369,71.15,30.892979921095613,260320,248415
245.47075349500005,nodescheduler,11615,0.53,0.0,23896,11499
245.47075349500005,nodecontroller,11294,2.92,0.996547739390181,47972,34791
245.47075349500005,nodelet,10742,3.23,1.993095478780362,27348,13493
245.47075349500005,nodeproxy,11844,0.0,0.0,15904,5094
246.4746247820001,nodestore,10054,96.98,57.77633123996083,25828,15939
246.4746247820001,nodeapiserver,10369,71.37,21.91516012550239,260448,248619
246.4746247820001,nodescheduler,11615,0.53,0.0,23896,11499
246.4746247820001,nodecontroller,11294,2.93,0.9961436420682904,47972,34791
246.4746247820001,nodelet,10742,3.23,0.0,27348,13493
246.4746247820001,nodeproxy,11844,0.0,0.0,15904,5094
247.47817426899996,nodestore,10054,97.53,54.805468701322724,25828,15959
247.47817426899996,nodeapiserver,10369,71.69,31.88681815349685,260576,248659
247.47817426899996,nodescheduler,11615,0.53,0.0,23896,11503
247.47817426899996,nodecontroller,11294,2.95,1.9929261345935532,47972,34791
247.47817426899996,nodelet,10742,3.25,1.9929261345935532,27348,13493
247.47817426899996,nodeproxy,11844,0.0,0.0,15904,5094
248.48210286300014,nodestore,10054,98.1,56.776946428911295,25828,15963
248.48210286300014,nodeapiserver,10369,71.94,24.902169486364606,260576,248703
248.48210286300014,nodescheduler,11615,0.53,0.0,23896,11503
248.48210286300014,nodecontroller,11294,2.96,0.9960867794545842,47972,34791
248.48210286300014,nodelet,10742,3.26,0.9960867794545842,27348,13493
248.48210286300014,nodeproxy,11844,0.0,0.0,15904,5094
249.48734379899997,nodestore,10054,98.69,58.69239690414836,25828,15967
249.48734379899997,nodeapiserver,10369,72.22,27.854018869765326,260576,248703
249.48734379899997,nodescheduler,11615,0.54,0.9947863882059044,23896,11507
249.48734379899997,nodecontroller,11294,2.97,0.9947863882059044,47972,34791
249.48734379899997,nodelet,10742,3.27,0.9947863882059044,27348,13493
249.48734379899997,nodeproxy,11844,0.0,0.0,15904,5094
250.4908843610001,nodestore,10054,99.28,58.79184383181177,25828,15975
250.4908843610001,nodeapiserver,10369,72.52,29.894157880582252,260576,248703
250.4908843610001,nodescheduler,11615,0.54,0.0,23896,11507
250.4908843610001,nodecontroller,11294,2.98,0.9964719293527418,47972,34791
250.4908843610001,nodelet,10742,3.29,1.9929438587054835,27348,13497
250.4908843610001,nodeproxy,11844,0.0,0.0,15904,5094
251.49471459999995,nodestore,10054,99.87,58.774878169423836,25828,15987
251.49471459999995,nodeapiserver,10369,72.77,24.90460939382366,260576,248702
251.49471459999995,nodescheduler,11615,0.54,0.0,23896,11507
251.49471459999995,nodecontroller,11294,2.99,0.9961843757529464,47972,34791
251.49471459999995,nodelet,10742,3.29,0.0,27348,13561
251.49471459999995,nodeproxy,11844,0.0,0.0,15904,5093
252.52375620199996,nodestore,10054,100.43,54.41956854918257,25828,15999
252.52375620199996,nodeapiserver,10369,73.07,29.153340294204945,260576,248703
252.52375620199996,nodescheduler,11615,0.54,0.0,23896,11507
252.52375620199996,nodecontroller,11294,3.0,0.9717780098068315,47972,34791
252.52375620199996,nodelet,10742,3.32,2.9153340294204946,27348,13529
252.52375620199996,nodeproxy,11844,0.0,0.0,15904,5094
253.53378690399995,nodestore,10054,101.03,59.40413482599297,25828,15999
253.53378690399995,nodeapiserver,10369,73.37,29.702067412996485,260704,248835
253.53378690399995,nodescheduler,11615,0.54,0.0,23896,11507
253.53378690399995,nodecontroller,11294,3.03,2.9702067412996485,47972,34791
253.53378690399995,nodelet,10742,3.32,0.0,27348,13529
253.53378690399995,nodeproxy,11844,0.0,0.0,15904,5094
254.54363065000007,nodestore,10054,101.65,61.395636944404,25828,16023
254.54363065000007,nodeapiserver,10369,73.64,26.736809637079165,260704,248847
254.54363065000007,nodescheduler,11615,0.54,0.0,23896,11507
254.54363065000007,nodecontroller,11294,3.03,0.0,47972,34795
254.54363065000007,nodelet,10742,3.34,1.9805044175614195,27348,13529
254.54363065000007,nodeproxy,11844,0.0,0.0,15904,5094
255.55063319500005,nodestore,10054,102.24,58.58972282935125,25956,16043
255.55063319500005,nodeapiserver,10369,73.98,33.76356908810072,260704,248847
255.55063319500005,nodescheduler,11615,0.55,0.9930461496500212,23896,11507
255.55063319500005,nodecontroller,11294,3.05,1.9860922993000425,47972,34803
255.55063319500005,nodelet,10742,3.35,0.9930461496500212,27348,13497
255.55063319500005,nodeproxy,11844,0.0,0.0,15904,5094
256.5559200770001,nodestore,10054,102.83,58.68971440532161,26084,16067
256.5559200770001,nodeapiserver,10369,74.24,25.86326397522647,260704,248867
256.5559200770001,nodescheduler,11615,0.55,0.0,23896,11527
256.5559200770001,nodecontroller,11294,3.06,0.994740922124095,47972,34803
256.5559200770001,nodelet,10742,3.35,0.0,27348,13497
256.5559200770001,nodeproxy,11844,0.0,0.0,15904,5094
257.5620565690001,nodestore,10054,103.41,57.64625422213612,26084,16083
257.5620565690001,nodeapiserver,10369,74.55,30.810928980796895,260704,248867
257.5620565690001,nodescheduler,11615,0.55,0.0,23896,11539
257.5620565690001,nodecontroller,11294,3.07,0.993900934864416,47972,34803
257.5620565690001,nodelet,10742,3.37,1.987801869728832,27348,13497
257.5620565690001,nodeproxy,11844,0.0,0.0,15904,5094
258.56589254799997,nodestore,10054,104.0,58.774542090813284,26084,16083
258.56589254799997,nodeapiserver,10369,74.83,27.89300302614868,260704,248867
258.56589254799997,nodescheduler,11615,0.56,0.9961786795053099,23896,11539
258.56589254799997,nodecontroller,11294,3.09,1.9923573590106198,47972,34811
258.56589254799997,nodelet,10742,3.39,1.9923573590106198,27348,13497
258.56589254799997,nodeproxy,11844,0.0,0.0,15904,5094
259.5715117909999,nodestore,10054,104.59,58.6703172305968,26084,16095
259.5715117909999,nodeapiserver,10369,75.06,22.871479598368243,260704,248867
259.5715117909999,nodescheduler,11615,0.56,0.0,23896,11543
259.5715117909999,nodecontroller,11294,3.09,0.0,47972,34811
259.5715117909999,nodelet,10742,3.39,0.0,27348,13497
259.5715117909999,nodeproxy,11844,0.0,0.0,15904,5094
260.578976432,nodestore,10054,105.18,58.562849353633965,26084,16103
260.578976432,nodeapiserver,10369,75.37,30.7703106773331,260832,248983
260.578976432,nodescheduler,11615,0.56,0.0,23896,11543
260.578976432,nodecontroller,11294,3.11,1.9851813340214903,47972,34811
260.578976432,nodelet,10742,3.41,1.9851813340214903,27348,13497
260.578976432,nodeproxy,11844,0.0,0.0,15904,5094
261.58328549099997,nodestore,10054,105.79,60.73827518865511,26084,16107
261.58328549099997,nodeapiserver,10369,75.64,26.884154591699804,260832,248983
261.58328549099997,nodescheduler,11615,0.56,0.0,23896,11547
261.58328549099997,nodecontroller,11294,3.12,0.995709429322215,47972,34811
261.58328549099997,nodelet,10742,3.41,0.0,27348,13497
261.58328549099997,nodeproxy,11844,0.0,0.0,15904,5094
262.5875543960001,nodestore,10054,106.41,61.73645294732367,26084,16119
262.5875543960001,nodeapiserver,10369,75.93,28.8767279914901,260832,248983
262.5875543960001,nodescheduler,11615,0.56,0.0,23896,11547
262.5875543960001,nodecontroller,11294,3.14,1.9914984821717312,47972,34811
262.5875543960001,nodelet,10742,3.43,1.9914984821717312,27348,13625
262.5875543960001,nodeproxy,11844,0.0,0.0,15904,5094
263.60294782999995,nodestore,10054,106.98,56.1358760962874,26084,16123
263.60294782999995,nodeapiserver,10369,76.23,29.545197945414422,261216,249215
263.60294782999995,nodescheduler,11615,0.57,0.9848399315138141,23896,11547
263.60294782999995,nodecontroller,11294,3.15,0.9848399315138141,47972,34815
263.60294782999995,nodelet,10742,3.44,0.9848399315138141,27348,13629
263.60294782999995,nodeproxy,11844,0.0,0.0,15904,5094
264.60737967900013,nodestore,10054,107.58,59.73526233733454,26084,16131
264.60737967900013,nodeapiserver,10369,76.46,22.898517229311572,261216,249215
264.60737967900013,nodescheduler,11615,0.57,0.0,23896,11547
264.60737967900013,nodecontroller,11294,3.15,0.0,47972,34815
264.60737967900013,nodelet,10742,3.45,0.9955877056222423,27348,13629
264.60737967900013,nodeproxy,11844,0.0,0.0,15904,5094
265.609568332,nodestore,10054,108.19,60.8667837311956,26084,16151
265.609568332,nodeapiserver,10369,76.78,31.930116055709167,261216,249215
265.609568332,nodescheduler,11615,0.57,0.0,23896,11547
265.609568332,nodecontroller,11294,3.17,1.995632253481823,47972,34815
265.609568332,nodelet,10742,3.47,1.995632253481823,27348,13613
265.609568332,nodeproxy,11844,0.0,0.0,15904,5094
266.6134101150001,nodestore,10054,108.81,61.76272102831363,26084,16151
266.6134101150001,nodeapiserver,10369,77.03,24.904322995287753,261984,250011
266.6134101150001,nodescheduler,11615,0.57,0.0,23896,11547
266.6134101150001,nodecontroller,11294,3.18,0.9961729198115101,47972,34815
266.6134101150001,nodelet,10742,3.47,0.0,27348,13613
266.6134101150001,nodeproxy,11844,0.0,0.0,15904,5094
267.62284404699994,nodestore,10054,109.43,61.42056258914058,26084,16155
267.62284404699994,nodeapiserver,10369,77.3,26.747664353335413,261984,250011
267.62284404699994,nodescheduler,11615,0.58,0.990654235308719,23896,11547
267.62284404699994,nodecontroller,11294,3.19,0.990654235308719,47972,34815
267.62284404699994,nodelet,10742,3.48,0.990654235308719,27348,13613
267.62284404699994,nodeproxy,11844,0.0,0.0,15904,5094
268.62630238299994,nodestore,10054,109.99,55.80700064063281,26084,16187
268.62630238299994,nodeapiserver,10369,77.59,28.900053903184837,261984,250011
268.62630238299994,nodescheduler,11615,0.58,0.0,23896,11547
268.62630238299994,nodecontroller,11294,3.2,0.9965535828684429,47972,34815
268.62630238299994,nodelet,10742,3.5,1.9931071657368857,27348,13613
268.62630238299994,nodeproxy,11844,0.0,0.0,15904,5094
269.6346522460001,nodestore,10054,110.6,60.49487607258296,26084,16187
269.6346522460001,nodeapiserver,10369,77.82,22.809543437203413,261984,250011
269.6346522460001,nodescheduler,11615,0.59,0.9917192798784092,23896,11547
269.6346522460001,nodecontroller,11294,3.21,0.9917192798784092,47972,34815
269.6346522460001,nodelet,10742,3.51,0.9917192798784092,27348,13613
269.6346522460001,nodeproxy,11844,0.0,0.0,15904,5094
270.6406114650001,nodestore,10054,111.21,60.63864105807056,26084,16207
270.6406114650001,nodeapiserver,10369,78.12,29.822282487575688,261984,250011
270.6406114650001,nodescheduler,11615,0.59,0.0,23896,11547
270.6406114650001,nodecontroller,11294,3.23,1.9881521658383792,47972,34815
270.6406114650001,nodelet,10742,3.53,1.9881521658383792,27348,13613
270.6406114650001,nodeproxy,11844,0.0,0.0,15904,5094
271.646370982,nodestore,10054,111.83,61.6449548346724,26084,16215
271.646370982,nodeapiserver,10369,78.35,22.86828969673331,261984,250011
271.646370982,nodescheduler,11615,0.59,0.0,23896,11551
271.646370982,nodecontroller,11294,3.24,0.9942734650753613,47972,34815
271.646370982,nodelet,10742,3.53,0.0,27348,13613
271.646370982,nodeproxy,11844,0.0,0.0,15904,5094
272.6500787760001,nodestore,10054,112.44,60.77466007999771,26084,16223
272.6500787760001,nodeapiserver,10369,78.65,29.889177088523464,261984,250011
272.6500787760001,nodescheduler,11615,0.59,0.0,23896,11555
272.6500787760001,nodecontroller,11294,3.25,0.9963059029507821,47972,34815
272.6500787760001,nodelet,10742,3.55,1.9926118059015643,27476,13641
272.6500787760001,nodeproxy,11844,0.0,0.0,15904,5094
273.6546906010001,nodestore,10054,113.05,60.719970123784876,26084,16231
273.6546906010001,nodeapiserver,10369,78.92,26.876052349871994,261984,250011
273.6546906010001,nodescheduler,11615,0.59,0.0,23896,11555
273.6546906010001,nodecontroller,11294,3.26,0.9954093462915553,48100,34819
273.6546906010001,nodelet,10742,3.56,0.9954093462915553,27476,13641
273.6546906010001,nodeproxy,11844,0.0,0.0,15904,5094
274.6591661770001,nodestore,10054,113.65,59.73266193184148,26084,16239
274.6591661770001,nodeapiserver,10369,79.17,24.88860913826728,261984,250011
274.6591661770001,nodescheduler,11615,0.59,0.0,23896,11555
274.6591661770001,nodecontroller,11294,3.27,0.9955443655306913,48228,34919
274.6591661770001,nodelet,10742,3.57,0.9955443655306913,27476,13641
274.6591661770001,nodeproxy,11844,0.0,0.0,15904,5094
275.66351659,nodestore,10054,114.26,60.73577429793625,26084,16263
275.66351659,nodeapiserver,10369,79.48,30.865721364524983,261984,250011
275.66351659,nodescheduler,11615,0.59,0.0,23896,11555
275.66351659,nodecontroller,11294,3.3,2.9870052933411273,48228,34951
275.66351659,nodelet,10742,3.59,1.9913368622274181,27476,13641
275.66351659,nodeproxy,11844,0.0,0.0,15904,5094
276.6743811839999,nodestore,10054,114.88,61.33363495764463,26084,16267
276.6743811839999,nodeapiserver,10369,79.7,21.76354788819648,261984,250011
276.6743811839999,nodescheduler,11615,0.59,0.0,23896,11555
276.6743811839999,nodecontroller,11294,3.3,0.0,48228,34951
276.6743811839999,nodelet,10742,3.59,0.0,27476,13641
276.6743811839999,nodeproxy,11844,0.0,0.0,15904,5094
277.678599114,nodestore,10054,115.48,59.74798717245997,26212,16295
277.678599114,nodeapiserver,10369,80.0,29.873993586229986,261984,250011
277.678599114,nodescheduler,11615,0.6,0.9957997862076662,23896,11555
277.678599114,nodecontroller,11294,3.31,0.9957997862076662,48228,34951
277.678599114,nodelet,10742,3.61,1.9915995724153324,27476,13641
277.678599114,nodeproxy,11844,0.0,0.0,15904,5094
278.68262533200004,nodestore,10054,116.08,59.759395645580526,26212,16315
278.68262533200004,nodeapiserver,10369,80.29,28.883707895363916,261984,250011
278.68262533200004,nodescheduler,11615,0.6,0.0,23896,11555
278.68262533200004,nodecontroller,11294,3.33,1.9919798548526841,48228,34951
278.68262533200004,nodelet,10742,3.62,0.9959899274263421,27476,13641
278.68262533200004,nodeproxy,11844,0.0,0.0,15904,5094
279.6879950079999,nodestore,10054,116.71,62.66351721554009,26212,16315
279.6879950079999,nodeapiserver,10369,80.55,25.861134088953055,261984,250011
279.6879950079999,nodescheduler,11615,0.6,0.0,23896,11555
279.6879950079999,nodecontroller,11294,3.34,0.9946590034212712,48228,34955
279.6879950079999,nodelet,10742,3.63,0.9946590034212712,27476,13641
279.6879950079999,nodeproxy,11844,0.0,0.0,15904,5094
280.6915328719999,nodestore,10054,117.33,61.781425718082765,26212,16327
280.6915328719999,nodeapiserver,10369,80.85,29.89423825068521,261984,250011
280.6915328719999,nodescheduler,11615,0.6,0.0,23896,11555
280.6915328719999,nodecontroller,11294,3.36,1.9929492167123473,48228,34959
280.6915328719999,nodelet,10742,3.64,0.9964746083561736,27476,13641
280.6915328719999,nodeproxy,11844,0.0,0.0,15904,5094
281.6971097600001,nodestore,10054,117.9,56.68388034788436,26212,16331
281.6971097600001,nodeapiserver,10369,81.05,19.889080823819075,262368,250379
281.6971097600001,nodescheduler,11615,0.6,0.0,23896,11555
281.6971097600001,nodecontroller,11294,3.36,0.0,48228,34959
281.6971097600001,nodelet,10742,3.65,0.9944540411909538,27476,13641
281.6971097600001,nodeproxy,11844,0.0,0.0,15904,5094
282.7009997540001,nodestore,10054,118.53,62.75588000332115,26212,16343
282.7009997540001,nodeapiserver,10369,81.38,32.872127620787275,262368,250379
282.7009997540001,nodescheduler,11615,0.61,0.9961250794177962,23896,11555
282.7009997540001,nodecontroller,11294,3.38,1.9922501588355923,48228,34959
282.7009997540001,nodelet,10742,3.67,1.9922501588355923,27604,13681
282.7009997540001,nodeproxy,11844,0.0,0.0,15904,5094
283.7030980310001,nodestore,10054,119.1,56.88064864320919,26212,16343
283.7030980310001,nodeapiserver,10369,81.61,22.951840680593186,262880,250895
283.7030980310001,nodescheduler,11615,0.61,0.0,23896,11555
283.7030980310001,nodecontroller,11294,3.39,0.9979061165475298,48228,34959
283.7030980310001,nodelet,10742,3.67,0.0,27604,13681
283.7030980310001,nodeproxy,11844,0.0,0.0,15904,5094
284.70653904799997,nodestore,10054,119.72,61.78738854563588,26212,16359
284.70653904799997,nodeapiserver,10369,81.9,28.900552706829682,262880,250895
284.70653904799997,nodescheduler,11615,0.61,0.0,23896,11555
284.70653904799997,nodecontroller,11294,3.4,0.996570782994127,48228,34959
284.70653904799997,nodelet,10742,3.69,1.993141565988254,27604,13681
284.70653904799997,nodeproxy,11844,0.0,0.0,15904,5094
285.7101699340001,nodestore,10054,120.33,60.779317227980684,26212,16375
285.7101699340001,nodeapiserver,10369,82.17,26.902320740253746,262880,250895
285.7101699340001,nodescheduler,11615,0.61,0.0,23896,11555
285.7101699340001,nodecontroller,11294,3.41,0.9963822496390276,48228,34959
285.7101699340001,nodelet,10742,3.7,0.9963822496390276,27604,13685
285.7101699340001,nodeproxy,11844,0.0,0.0,15904,5094
286.71370828800013,nodestore,10054,120.92,58.79197318650431,26212,16379
286.71370828800013,nodeapiserver,10369,82.39,21.92243067971347,262880,250895
286.71370828800013,nodescheduler,11615,0.61,0.0,23896,11555
286.71370828800013,nodecontroller,11294,3.42,0.9964741218051578,48228,34959
286.71370828800013,nodelet,10742,3.72,1.9929482436103156,27604,13685
286.71370828800013,nodeproxy,11844,0.0,0.0,15904,5094
287.71655372300006,nodestore,10054,121.52,59.82975831166285,26212,16391
287.71655372300006,nodeapiserver,10369,82.71,31.909204432886852,262880,250895
287.71655372300006,nodescheduler,11615,0.61,0.0,23896,11555
287.71655372300006,nodecontroller,11294,3.43,0.9971626385277141,48228,34959
287.71655372300006,nodelet,10742,3.73,0.9971626385277141,27604,13685
287.71655372300006,nodeproxy,11844,0.0,0.0,15904,5094
288.720964118,nodestore,10054,122.13,60.73214724147165,26212,16391
288.720964118,nodeapiserver,10369,82.93,21.903397365776662,262880,250894
288.720964118,nodescheduler,11615,0.63,1.991217942343333,23896,11555
288.720964118,nodecontroller,11294,3.45,1.991217942343333,48228,34959
288.720964118,nodelet,10742,3.74,0.9956089711716665,27604,13685
288.720964118,nodeproxy,11844,0.0,0.0,15904,5094
289.731284167,nodestore,10054,122.76,62.356478090635406,26212,16407
289.731284167,nodeapiserver,10369,83.22,28.703775629022644,262880,250895
289.731284167,nodescheduler,11615,0.63,0.0,23896,11555
289.731284167,nodecontroller,11294,3.46,0.9897853665180223,48228,34963
289.731284167,nodelet,10742,3.76,1.9795707330360446,27604,13689
289.731284167,nodeproxy,11844,0.0,0.0,15904,5094
290.7340941709999,nodestore,10054,123.38,61.82626793978958,26212,16431
290.7340941709999,nodeapiserver,10369,83.49,26.924342489908366,262880,250895
290.7340941709999,nodescheduler,11615,0.63,0.0,23896,11555
290.7340941709999,nodecontroller,11294,3.47,0.9971978699966061,48228,34963
290.7340941709999,nodelet,10742,3.77,0.9971978699966061,27604,13689
290.7340941709999,nodeproxy,11844,0.0,0.0,15904,5094
291.738912991,nodestore,10054,123.97,58.71705309022294,26340,16439
291.738912991,nodeapiserver,10369,83.7,20.899290082960707,262880,250895
291.738912991,nodescheduler,11615,0.63,0.0,23896,11555
291.738912991,nodecontroller,11294,3.48,0.9952042896647956,48228,34963
291.738912991,nodelet,10742,3.77,0.0,27604,13689
291.738912991,nodeproxy,11844,0.0,0.0,15904,5094
292.74214406500005,nodestore,10054,124.61,63.79387726181752,26340,16439
292.74214406500005,nodeapiserver,10369,84.04,33.89049729534056,262880,250895
292.74214406500005,nodescheduler,11615,0.63,0.0,23896,11555
292.74214406500005,nodecontroller,11294,3.5,1.9935586644317975,48228,34975
292.74214406500005,nodelet,10742,3.79,1.9935586644317975,27604,13725
292.74214406500005,nodeproxy,11844,0.0,0.0,15904,5094
293.75004332899994,nodestore,10054,125.2,58.537596074687194,26340,16439
293.75004332899994,nodeapiserver,10369,84.25,20.83541555200731,262880,250895
293.75004332899994,nodescheduler,11615,0.63,0.0,23896,11555
293.75004332899994,nodecontroller,11294,3.51,0.9921626453336813,48228,34975
293.75004332899994,nodelet,10742,3.79,0.0,27604,13725
293.75004332899994,nodeproxy,11844,0.0,0.0,15904,5093
294.7619740780001,nodestore,10054,125.85,64.23364450998602,26340,16443
294.7619740780001,nodeapiserver,10369,84.56,30.634507381685637,262880,250895
294.7619740780001,nodescheduler,11615,0.64,0.9882099155382464,23896,11555
294.7619740780001,nodecontroller,11294,3.52,0.9882099155382464,48228,34975
294.7619740780001,nodelet,10742,3.81,1.9764198310764929,27604,13725
294.7619740780001,nodeproxy,11844,0.0,0.0,15904,5094
295.76639496300004,nodestore,10054,126.48,62.72271011171124,26340,16447
295.76639496300004,nodeapiserver,10369,84.83,26.881161476447673,262880,250895
295.76639496300004,nodescheduler,11615,0.64,0.0,23896,11555
295.76639496300004,nodecontroller,11294,3.53,0.9955985732017657,48228,34975
295.76639496300004,nodelet,10742,3.82,0.9955985732017657,27604,13725
295.76639496300004,nodeproxy,11844,0.0,0.0,15904,5094
296.77081962400007,nodestore,10054,127.1,61.726879483694944,26340,16467
296.77081962400007,nodeapiserver,10369,85.06,22.89868109879006,262880,250895
296.77081962400007,nodescheduler,11615,0.64,0.0,23896,11555
296.77081962400007,nodecontroller,11294,3.54,0.9955948303821764,48228,34975
296.77081962400007,nodelet,10742,3.84,1.9911896607643529,27604,13725
296.77081962400007,nodeproxy,11844,0.0,0.0,15904,5094
297.77424098000006,nodestore,10054,127.71,60.792008895613556,26468,16507
297.77424098000006,nodeapiserver,10369,85.37,30.894299602688857,262880,250895
297.77424098000006,nodescheduler,11615,0.64,0.0,23896,11555
297.77424098000006,nodecontroller,11294,3.56,1.9931806195283133,48228,34975
297.77424098000006,nodelet,10742,3.85,0.9965903097641566,27604,13725
297.77424098000006,nodeproxy,11844,0.0,0.0,15904,5094
298.7839288370001,nodestore,10054,128.33,61.405116016958246,26468,16511
298.7839288370001,nodeapiserver,10369,85.58,20.798507038001986,262880,250895
298.7839288370001,nodescheduler,11615,0.64,0.0,23896,11555
298.7839288370001,nodecontroller,11294,3.56,0.0,48228,34975
298.7839288370001,nodelet,10742,3.86,0.9904050970477136,27604,13725
298.7839288370001,nodeproxy,11844,0.0,0.0,15904,5094
299.78790988100013,nodestore,10054,128.97,63.746223479490716,26468,16519
299.78790988100013,nodeapiserver,10369,85.88,29.88104225601127,262880,250895
299.78790988100013,nodescheduler,11615,0.64,0.0,23896,11555
299.78790988100013,nodecontroller,11294,3.57,0.9960347418670424,48228,34975
299.78790988100013,nodelet,10742,3.88,1.9920694837340849,27604,13725
299.78790988100013,nodeproxy,11844,0.0,0.0,15904,5094
300.7957171759999,nodestore,10054,129.61,63.504203946066035,26468,16528
300.7957171759999,nodeapiserver,10369,86.14,25.798582853089325,262880,250895
300.7957171759999,nodescheduler,11615,0.65,0.9922531866572818,23896,11560
300.7957171759999,nodecontroller,11294,3.58,0.9922531866572818,48228,35048
300.7957171759999,nodelet,10742,3.88,0.0,27604,13725
300.7957171759999,nodeproxy,11844,0.0,0.0,15904,5094
