elapsed_seconds,component,pid,cpu_seconds,cpu_pct_one_core,rss_kib,pss_kib
1.002863062000003,nodestore,3095,0.01,0.9971451117221396,18652,10902
1.002863062000003,nodeapiserver,3446,0.0,0.0,140364,130349
1.002863062000003,nodescheduler,4654,0.0,0.0,20844,8990
1.002863062000003,nodecontroller,4496,0.0,0.0,47528,35482
1.002863062000003,nodelet,3810,0.01,0.9971451117221396,25360,12944
1.002863062000003,nodeproxy,4840,0.0,0.0,16040,6577
2.016131884999993,nodestore,3095,0.01,0.0,18652,10962
2.016131884999993,nodeapiserver,3446,0.02,1.9738098662491066,140492,130421
2.016131884999993,nodescheduler,4654,0.0,0.0,20844,8990
2.016131884999993,nodecontroller,4496,0.0,0.0,47656,35574
2.016131884999993,nodelet,3810,0.01,0.0,25360,12944
2.016131884999993,nodeproxy,4840,0.0,0.0,16040,6577
3.0212755670000035,nodestore,3095,0.01,0.0,18652,10962
3.0212755670000035,nodeapiserver,3446,0.02,0.0,140492,130421
3.0212755670000035,nodescheduler,4654,0.0,0.0,20844,8990
3.0212755670000035,nodecontroller,4496,0.0,0.0,47656,35574
3.0212755670000035,nodelet,3810,0.01,0.0,25360,12944
3.0212755670000035,nodeproxy,4840,0.0,0.0,16040,6577
4.026381492000013,nodestore,3095,0.01,0.0,18652,10962
4.026381492000013,nodeapiserver,3446,0.02,0.0,140492,130421
4.026381492000013,nodescheduler,4654,0.0,0.0,20844,8990
4.026381492000013,nodecontroller,4496,0.02,1.9898400260648959,47656,35574
4.026381492000013,nodelet,3810,0.01,0.0,25360,12944
4.026381492000013,nodeproxy,4840,0.0,0.0,16040,6577
5.031322106000005,nodestore,3095,0.01,0.0,18652,10962
5.031322106000005,nodeapiserver,3446,0.02,0.0,140492,130421
5.031322106000005,nodescheduler,4654,0.0,0.0,20844,8990
5.031322106000005,nodecontroller,4496,0.02,0.0,47656,35574
5.031322106000005,nodelet,3810,0.01,0.0,25360,12944
5.031322106000005,nodeproxy,4840,0.0,0.0,16040,6577
6.036306128999996,nodestore,3095,0.01,0.0,18652,10962
6.036306128999996,nodeapiserver,3446,0.02,0.0,140492,130421
6.036306128999996,nodescheduler,4654,0.0,0.0,20844,8990
6.036306128999996,nodecontroller,4496,0.02,0.0,47656,35574
6.036306128999996,nodelet,3810,0.01,0.0,25360,12944
6.036306128999996,nodeproxy,4840,0.0,0.0,16040,6577
7.041338040999989,nodestore,3095,0.02,0.9949932813675745,18652,10962
7.041338040999989,nodeapiserver,3446,0.02,0.0,140492,130421
7.041338040999989,nodescheduler,4654,0.0,0.0,20844,8990
7.041338040999989,nodecontroller,4496,0.02,0.0,47656,35574
7.041338040999989,nodelet,3810,0.01,0.0,25360,12944
7.041338040999989,nodeproxy,4840,0.0,0.0,16040,6577
8.046371482000012,nodestore,3095,0.02,0.0,18652,10962
8.046371482000012,nodeapiserver,3446,0.03,0.9949917676420649,140492,130421
8.046371482000012,nodescheduler,4654,0.0,0.0,20844,8990
8.046371482000012,nodecontroller,4496,0.02,0.0,47656,35578
8.046371482000012,nodelet,3810,0.01,0.0,25360,12944
8.046371482000012,nodeproxy,4840,0.0,0.0,16040,6577
9.051491932000005,nodestore,3095,0.02,0.0,18652,10966
9.051491932000005,nodeapiserver,3446,0.03,0.0,140492,130421
9.051491932000005,nodescheduler,4654,0.0,0.0,20844,8990
9.051491932000005,nodecontroller,4496,0.02,0.0,47656,35578
9.051491932000005,nodelet,3810,0.01,0.0,25360,12944
9.051491932000005,nodeproxy,4840,0.0,0.0,16040,6577
10.056483519000011,nodestore,3095,0.03,0.9950332051884069,18652,10961
10.056483519000011,nodeapiserver,3446,0.04,0.9950332051884069,140492,130405
10.056483519000011,nodescheduler,4654,0.0,0.0,20844,9012
10.056483519000011,nodecontroller,4496,0.02,0.0,47784,35608
10.056483519000011,nodelet,3810,0.02,0.9950332051884069,25360,12930
10.056483519000011,nodeproxy,4840,0.0,0.0,16040,6577
11.06142491,nodestore,3095,0.03,0.0,18652,10961
11.06142491,nodeapiserver,3446,0.05,0.9950829062826525,140492,130405
11.06142491,nodescheduler,4654,0.0,0.0,20972,9012
11.06142491,nodecontroller,4496,0.02,0.0,47784,35608
11.06142491,nodelet,3810,0.02,0.0,25360,12930
11.06142491,nodeproxy,4840,0.0,0.0,16040,6577
12.066459806000012,nodestore,3095,0.03,0.0,18652,10961
12.066459806000012,nodeapiserver,3446,0.05,0.0,140492,130405
12.066459806000012,nodescheduler,4654,0.0,0.0,20972,9012
12.066459806000012,nodecontroller,4496,0.02,0.0,47784,35608
12.066459806000012,nodelet,3810,0.02,0.0,25360,12930
12.066459806000012,nodeproxy,4840,0.0,0.0,16040,6577
13.071741827000011,nodestore,3095,0.04,0.9947457321531076,18652,10961
13.071741827000011,nodeapiserver,3446,0.05,0.0,140492,130405
13.071741827000011,nodescheduler,4654,0.0,0.0,20972,9016
13.071741827000011,nodecontroller,4496,0.03,0.9947457321531076,47784,35608
13.071741827000011,nodelet,3810,0.02,0.0,25360,12930
13.071741827000011,nodeproxy,4840,0.0,0.0,16040,6577
14.07698148,nodestore,3095,0.04,0.0,18652,10961
14.07698148,nodeapiserver,3446,0.05,0.0,140492,130405
14.07698148,nodescheduler,4654,0.0,0.0,20972,9016
14.07698148,nodecontroller,4496,0.03,0.0,47784,35608
14.07698148,nodelet,3810,0.02,0.0,25360,12930
14.07698148,nodeproxy,4840,0.0,0.0,16040,6577
15.082228931000003,nodestore,3095,0.04,0.0,18652,10961
15.082228931000003,nodeapiserver,3446,0.05,0.0,140492,130405
15.082228931000003,nodescheduler,4654,0.0,0.0,20972,9016
15.082228931000003,nodecontroller,4496,0.03,0.0,47784,35608
15.082228931000003,nodelet,3810,0.02,0.0,25360,12930
15.082228931000003,nodeproxy,4840,0.0,0.0,16040,6577
16.087477081000003,nodestore,3095,0.04,0.0,18652,10961
16.087477081000003,nodeapiserver,3446,0.06,0.9947792492828762,140492,130405
16.087477081000003,nodescheduler,4654,0.0,0.0,20972,9016
16.087477081000003,nodecontroller,4496,0.03,0.0,47784,35608
16.087477081000003,nodelet,3810,0.02,0.0,25360,12930
16.087477081000003,nodeproxy,4840,0.0,0.0,16040,6577
17.092522631999998,nodestore,3095,0.05,0.9949797787821908,18652,10961
17.092522631999998,nodeapiserver,3446,0.07,0.9949797787821908,140492,130403
17.092522631999998,nodescheduler,4654,0.01,0.9949797787821908,20972,9016
17.092522631999998,nodecontroller,4496,0.04,0.9949797787821908,47912,35525
17.092522631999998,nodelet,3810,0.02,0.0,25360,12888
17.092522631999998,nodeproxy,4840,0.0,0.0,16040,6577
18.097545690000004,nodestore,3095,0.06,0.9950020470077552,18652,10961
18.097545690000004,nodeapiserver,3446,0.07,0.0,140492,130403
18.097545690000004,nodescheduler,4654,0.01,0.0,20972,9016
18.097545690000004,nodecontroller,4496,0.04,0.0,47912,35525
18.097545690000004,nodelet,3810,0.02,0.0,25360,12888
18.097545690000004,nodeproxy,4840,0.0,0.0,16040,6577
19.10248597200001,nodestore,3095,0.06,0.0,18652,10961
19.10248597200001,nodeapiserver,3446,0.08,0.9950840044045455,140492,130403
19.10248597200001,nodescheduler,4654,0.01,0.0,20972,9016
19.10248597200001,nodecontroller,4496,0.04,0.0,47912,35525
19.10248597200001,nodelet,3810,0.02,0.0,25360,12888
19.10248597200001,nodeproxy,4840,0.0,0.0,16040,6577
20.10746050099999,nodestore,3095,0.06,0.0,18652,10961
20.10746050099999,nodeapiserver,3446,0.08,0.0,140492,130427
20.10746050099999,nodescheduler,4654,0.01,0.0,20972,9016
20.10746050099999,nodecontroller,4496,0.05,0.9950500944487314,47912,35525
20.10746050099999,nodelet,3810,0.02,0.0,25360,12892
20.10746050099999,nodeproxy,4840,0.0,0.0,16040,6577
21.112364737999997,nodestore,3095,0.06,0.0,18652,10961
21.112364737999997,nodeapiserver,3446,0.09,0.9951196971617454,140492,130431
21.112364737999997,nodescheduler,4654,0.01,0.0,20972,9016
21.112364737999997,nodecontroller,4496,0.05,0.0,47912,35525
21.112364737999997,nodelet,3810,0.02,0.0,25360,12892
21.112364737999997,nodeproxy,4840,0.0,0.0,16040,6577
22.117384093999988,nodestore,3095,0.06,0.0,18652,10961
22.117384093999988,nodeapiserver,3446,0.1,0.9950057121089008,140492,130443
22.117384093999988,nodescheduler,4654,0.01,0.0,20972,9016
22.117384093999988,nodecontroller,4496,0.06,0.9950057121089008,47912,35525
22.117384093999988,nodelet,3810,0.02,0.0,25360,12892
22.117384093999988,nodeproxy,4840,0.0,0.0,16040,6577
23.12227277400001,nodestore,3095,0.06,0.0,18652,10961
23.12227277400001,nodeapiserver,3446,0.1,0.0,140492,130451
23.12227277400001,nodescheduler,4654,0.02,0.9951351029250108,20972,9016
23.12227277400001,nodecontroller,4496,0.06,0.0,47912,35525
23.12227277400001,nodelet,3810,0.02,0.0,25360,12892
23.12227277400001,nodeproxy,4840,0.0,0.0,16040,6577
24.127337145000013,nodestore,3095,0.07,0.9949611476178742,18652,10961
24.127337145000013,nodeapiserver,3446,0.1,0.0,140492,130459
24.127337145000013,nodescheduler,4654,0.02,0.0,20972,9016
24.127337145000013,nodecontroller,4496,0.07,0.9949611476178742,47912,35541
24.127337145000013,nodelet,3810,0.02,0.0,25360,12892
24.127337145000013,nodeproxy,4840,0.0,0.0,16040,6577
25.132350788999986,nodestore,3095,0.07,0.0,18652,10961
25.132350788999986,nodeapiserver,3446,0.11,0.9950113672287881,140492,130463
25.132350788999986,nodescheduler,4654,0.02,0.0,20972,9016
25.132350788999986,nodecontroller,4496,0.07,0.0,47912,35541
25.132350788999986,nodelet,3810,0.02,0.0,25360,12892
25.132350788999986,nodeproxy,4840,0.0,0.0,16040,6577
26.13743567099999,nodestore,3095,0.07,0.0,18652,10961
26.13743567099999,nodeapiserver,3446,0.11,0.0,140492,130471
26.13743567099999,nodescheduler,4654,0.02,0.0,20972,9016
26.13743567099999,nodecontroller,4496,0.07,0.0,47912,35545
26.13743567099999,nodelet,3810,0.02,0.0,25360,12892
26.13743567099999,nodeproxy,4840,0.0,0.0,16040,6577
27.142488707000012,nodestore,3095,0.07,0.0,18652,10961
27.142488707000012,nodeapiserver,3446,0.11,0.0,140492,130471
27.142488707000012,nodescheduler,4654,0.02,0.0,20972,9016
27.142488707000012,nodecontroller,4496,0.07,0.0,47912,35545
27.142488707000012,nodelet,3810,0.03,0.9949723688014203,25360,12892
27.142488707000012,nodeproxy,4840,0.0,0.0,16040,6577
28.147548567,nodestore,3095,0.07,0.0,18652,10961
28.147548567,nodeapiserver,3446,0.11,0.0,140492,130471
28.147548567,nodescheduler,4654,0.02,0.0,20972,9016
28.147548567,nodecontroller,4496,0.07,0.0,47912,35573
28.147548567,nodelet,3810,0.03,0.0,25360,12892
28.147548567,nodeproxy,4840,0.0,0.0,16040,6577
29.15249129700001,nodestore,3095,0.08,0.9950815804200003,18652,10961
29.15249129700001,nodeapiserver,3446,0.12,0.9950815804200003,140492,130475
29.15249129700001,nodescheduler,4654,0.02,0.0,20972,9016
29.15249129700001,nodecontroller,4496,0.07,0.0,48040,35577
29.15249129700001,nodelet,3810,0.03,0.0,25360,12892
29.15249129700001,nodeproxy,4840,0.0,0.0,16040,6577
30.15744993499999,nodestore,3095,0.09,0.9950658287689879,18652,10961
30.15744993499999,nodeapiserver,3446,0.13,0.9950658287689879,140620,130475
30.15744993499999,nodescheduler,4654,0.02,0.0,20972,9016
30.15744993499999,nodecontroller,4496,0.07,0.0,48040,35585
30.15744993499999,nodelet,3810,0.03,0.0,25344,12904
30.15744993499999,nodeproxy,4840,0.0,0.0,16040,6577
31.162360371999995,nodestore,3095,0.09,0.0,18652,10961
31.162360371999995,nodeapiserver,3446,0.13,0.0,140620,130475
31.162360371999995,nodescheduler,4654,0.02,0.0,20972,9016
31.162360371999995,nodecontroller,4496,0.08,0.9951135575677114,48040,35585
31.162360371999995,nodelet,3810,0.03,0.0,25344,12904
31.162360371999995,nodeproxy,4840,0.0,0.0,16040,6577
32.167222753999994,nodestore,3095,0.09,0.0,18652,10961
32.167222753999994,nodeapiserver,3446,0.14,0.9951611463548659,140748,130503
32.167222753999994,nodescheduler,4654,0.02,0.0,20972,9016
32.167222753999994,nodecontroller,4496,0.08,0.0,48040,35605
32.167222753999994,nodelet,3810,0.03,0.0,25344,12904
32.167222753999994,nodeproxy,4840,0.0,0.0,16040,6577
33.172182015999994,nodestore,3095,0.09,0.0,18652,10961
33.172182015999994,nodeapiserver,3446,0.14,0.0,140748,130503
33.172182015999994,nodescheduler,4654,0.02,0.0,20972,9016
33.172182015999994,nodecontroller,4496,0.08,0.0,48040,35617
33.172182015999994,nodelet,3810,0.03,0.0,25344,12904
33.172182015999994,nodeproxy,4840,0.0,0.0,16040,6577
34.17711236299999,nodestore,3095,0.09,0.0,18652,10961
34.17711236299999,nodeapiserver,3446,0.15,0.9950938420610773,140748,130503
34.17711236299999,nodescheduler,4654,0.02,0.0,20972,9016
34.17711236299999,nodecontroller,4496,0.08,0.0,48040,35617
34.17711236299999,nodelet,3810,0.03,0.0,25344,12904
34.17711236299999,nodeproxy,4840,0.0,0.0,16040,6577
35.18199713499999,nodestore,3095,0.09,0.0,18652,10961
35.18199713499999,nodeapiserver,3446,0.15,0.0,140748,130511
35.18199713499999,nodescheduler,4654,0.02,0.0,20972,9016
35.18199713499999,nodecontroller,4496,0.09,0.9951389730085421,48040,35621
35.18199713499999,nodelet,3810,0.03,0.0,25344,12904
35.18199713499999,nodeproxy,4840,0.0,0.0,16040,6577
36.186857648,nodestore,3095,0.1,0.9951629973144231,18652,10961
36.186857648,nodeapiserver,3446,0.15,0.0,140748,130511
36.186857648,nodescheduler,4654,0.02,0.0,20972,9016
36.186857648,nodecontroller,4496,0.09,0.0,48040,35621
36.186857648,nodelet,3810,0.03,0.0,25344,12904
36.186857648,nodeproxy,4840,0.0,0.0,16040,6577
37.191813886000006,nodestore,3095,0.1,0.0,18652,10961
37.191813886000006,nodeapiserver,3446,0.16,0.9950682051490432,140748,130511
37.191813886000006,nodescheduler,4654,0.02,0.0,20972,9016
37.191813886000006,nodecontroller,4496,0.09,0.0,48040,35621
37.191813886000006,nodelet,3810,0.03,0.0,25344,12904
37.191813886000006,nodeproxy,4840,0.0,0.0,16040,6577
38.196922965,nodestore,3095,0.1,0.0,18652,10961
38.196922965,nodeapiserver,3446,0.16,0.0,140748,130511
38.196922965,nodescheduler,4654,0.02,0.0,20972,9016
38.196922965,nodecontroller,4496,0.1,0.9949168910054256,48040,35625
38.196922965,nodelet,3810,0.03,0.0,25344,12904
38.196922965,nodeproxy,4840,0.0,0.0,16040,6577
39.20189768,nodestore,3095,0.11,0.9950499102855508,18652,10961
39.20189768,nodeapiserver,3446,0.16,0.0,140748,130511
39.20189768,nodescheduler,4654,0.02,0.0,20972,9016
39.20189768,nodecontroller,4496,0.1,0.0,48040,35625
39.20189768,nodelet,3810,0.03,0.0,25344,12904
39.20189768,nodeproxy,4840,0.0,0.0,16040,6577
40.206895718,nodestore,3095,0.11,0.0,18780,10961
40.206895718,nodeapiserver,3446,0.17,0.9950268181518613,140748,130515
40.206895718,nodescheduler,4654,0.02,0.0,20972,9016
40.206895718,nodecontroller,4496,0.1,0.0,48040,35649
40.206895718,nodelet,3810,0.04,0.9950268181518613,25460,12904
40.206895718,nodeproxy,4840,0.0,0.0,16040,6577
41.21186129399999,nodestore,3095,0.11,0.0,18780,10961
41.21186129399999,nodeapiserver,3446,0.17,0.0,140748,130515
41.21186129399999,nodescheduler,4654,0.02,0.0,20972,9016
41.21186129399999,nodecontroller,4496,0.1,0.0,48040,35657
41.21186129399999,nodelet,3810,0.04,0.0,25460,12904
41.21186129399999,nodeproxy,4840,0.0,0.0,16040,6577
42.21821077999999,nodestore,3095,0.11,0.0,18780,10961
42.21821077999999,nodeapiserver,3446,0.17,0.0,140748,130515
42.21821077999999,nodescheduler,4654,0.02,0.0,20972,9016
42.21821077999999,nodecontroller,4496,0.1,0.0,48040,35665
42.21821077999999,nodelet,3810,0.04,0.0,25460,12904
42.21821077999999,nodeproxy,4840,0.0,0.0,16040,6577
43.22319344799999,nodestore,3095,0.11,0.0,18780,10961
43.22319344799999,nodeapiserver,3446,0.19,1.9900840717782473,140748,130563
43.22319344799999,nodescheduler,4654,0.02,0.0,20972,9016
43.22319344799999,nodecontroller,4496,0.11,0.9950420358891237,48040,35669
43.22319344799999,nodelet,3810,0.04,0.0,25460,12904
43.22319344799999,nodeproxy,4840,0.0,0.0,16040,6577
44.228243615999986,nodestore,3095,0.11,0.0,18780,10961
44.228243615999986,nodeapiserver,3446,0.19,0.0,140748,130567
44.228243615999986,nodescheduler,4654,0.02,0.0,20972,9016
44.228243615999986,nodecontroller,4496,0.11,0.0,48040,35669
44.228243615999986,nodelet,3810,0.04,0.0,25460,12904
44.228243615999986,nodeproxy,4840,0.0,0.0,16040,6577
45.233340956999996,nodestore,3095,0.12,0.9949285101133208,18780,10961
45.233340956999996,nodeapiserver,3446,0.19,0.0,140748,130567
45.233340956999996,nodescheduler,4654,0.02,0.0,20972,9016
45.233340956999996,nodecontroller,4496,0.11,0.0,48040,35669
45.233340956999996,nodelet,3810,0.05,0.9949285101133208,25460,12904
45.233340956999996,nodeproxy,4840,0.0,0.0,16040,6577
46.238345377,nodestore,3095,0.13,0.9950204995118271,18780,10961
46.238345377,nodeapiserver,3446,0.19,0.0,140748,130567
46.238345377,nodescheduler,4654,0.02,0.0,20972,9016
46.238345377,nodecontroller,4496,0.11,0.0,48040,35669
46.238345377,nodelet,3810,0.05,0.0,25460,12904
46.238345377,nodeproxy,4840,0.0,0.0,16040,6577
47.243407684999994,nodestore,3095,0.13,0.0,18780,10961
47.243407684999994,nodeapiserver,3446,0.19,0.0,140748,130567
47.243407684999994,nodescheduler,4654,0.02,0.0,20972,9016
47.243407684999994,nodecontroller,4496,0.11,0.0,48040,35669
47.243407684999994,nodelet,3810,0.05,0.0,25460,12904
47.243407684999994,nodeproxy,4840,0.0,0.0,16040,6577
48.248331127,nodestore,3095,0.13,0.0,18780,10961
48.248331127,nodeapiserver,3446,0.2,0.9951006795202155,140748,130567
48.248331127,nodescheduler,4654,0.02,0.0,20972,9016
48.248331127,nodecontroller,4496,0.11,0.0,48040,35669
48.248331127,nodelet,3810,0.05,0.0,25460,12904
48.248331127,nodeproxy,4840,0.0,0.0,16040,6577
49.25320297900001,nodestore,3095,0.13,0.0,18780,10961
49.25320297900001,nodeapiserver,3446,0.2,0.0,140748,130567
49.25320297900001,nodescheduler,4654,0.02,0.0,20972,9016
49.25320297900001,nodecontroller,4496,0.11,0.0,48040,35669
49.25320297900001,nodelet,3810,0.05,0.0,25460,12904
49.25320297900001,nodeproxy,4840,0.0,0.0,16040,6577
50.25813248200001,nodestore,3095,0.13,0.0,18780,10961
50.25813248200001,nodeapiserver,3446,0.2,0.0,140748,130559
50.25813248200001,nodescheduler,4654,0.02,0.0,20972,9016
50.25813248200001,nodecontroller,4496,0.12,0.9950946778004988,48040,35673
50.25813248200001,nodelet,3810,0.05,0.0,25308,12904
50.25813248200001,nodeproxy,4840,0.0,0.0,16040,6577
51.26308132,nodestore,3095,0.13,0.0,18780,10961
51.26308132,nodeapiserver,3446,0.2,0.0,140748,130559
51.26308132,nodescheduler,4654,0.03,0.9950755323924361,20972,9016
51.26308132,nodecontroller,4496,0.12,0.0,48040,35673
51.26308132,nodelet,3810,0.05,0.0,25308,12904
51.26308132,nodeproxy,4840,0.0,0.0,16040,6577
52.268003402999994,nodestore,3095,0.13,0.0,18780,10961
52.268003402999994,nodeapiserver,3446,0.21,0.9951020252383121,140748,130559
52.268003402999994,nodescheduler,4654,0.03,0.0,20972,9016
52.268003402999994,nodecontroller,4496,0.13,0.9951020252383121,48040,35673
52.268003402999994,nodelet,3810,0.05,0.0,25308,12904
52.268003402999994,nodeproxy,4840,0.0,0.0,16040,6577
53.27293876600001,nodestore,3095,0.13,0.0,18780,10961
53.27293876600001,nodeapiserver,3446,0.22,0.9950888751836914,140748,130559
53.27293876600001,nodescheduler,4654,0.03,0.0,20972,9016
53.27293876600001,nodecontroller,4496,0.13,0.0,48040,35673
53.27293876600001,nodelet,3810,0.05,0.0,25308,12904
53.27293876600001,nodeproxy,4840,0.0,0.0,16040,6577
54.277840483000006,nodestore,3095,0.15,1.9902443852626124,18780,10961
54.277840483000006,nodeapiserver,3446,0.22,0.0,140748,130559
54.277840483000006,nodescheduler,4654,0.03,0.0,20972,9016
54.277840483000006,nodecontroller,4496,0.13,0.0,48040,35673
54.277840483000006,nodelet,3810,0.05,0.0,25308,12904
54.277840483000006,nodeproxy,4840,0.0,0.0,16040,6577
55.283021485000006,nodestore,3095,0.15,0.0,18780,10961
55.283021485000006,nodeapiserver,3446,0.22,0.0,140748,130559
55.283021485000006,nodescheduler,4654,0.03,0.0,20972,9020
55.283021485000006,nodecontroller,4496,0.13,0.0,48040,35673
55.283021485000006,nodelet,3810,0.06,0.9948457024260388,25308,12904
55.283021485000006,nodeproxy,4840,0.0,0.0,16040,6577
56.288092904999985,nodestore,3095,0.15,0.0,18780,10961
56.288092904999985,nodeapiserver,3446,0.22,0.0,140748,130559
56.288092904999985,nodescheduler,4654,0.03,0.0,20972,9020
56.288092904999985,nodecontroller,4496,0.13,0.0,48040,35673
56.288092904999985,nodelet,3810,0.06,0.0,25308,12904
56.288092904999985,nodeproxy,4840,0.0,0.0,16040,6577
57.29316906400001,nodestore,3095,0.15,0.0,18780,10961
57.29316906400001,nodeapiserver,3446,0.23,0.9949494782514027,140748,130559
57.29316906400001,nodescheduler,4654,0.03,0.0,20972,9020
57.29316906400001,nodecontroller,4496,0.13,0.0,48040,35673
57.29316906400001,nodelet,3810,0.06,0.0,25308,12904
57.29316906400001,nodeproxy,4840,0.0,0.0,16040,6577
58.29820055900001,nodestore,3095,0.15,0.0,18780,10961
58.29820055900001,nodeapiserver,3446,0.23,0.0,140748,130559
58.29820055900001,nodescheduler,4654,0.03,0.0,20972,9020
58.29820055900001,nodecontroller,4496,0.13,0.0,48040,35673
58.29820055900001,nodelet,3810,0.06,0.0,25308,12904
58.29820055900001,nodeproxy,4840,0.0,0.0,16040,6577
59.30320244699999,nodestore,3095,0.15,0.0,18780,10961
59.30320244699999,nodeapiserver,3446,0.23,0.0,140748,130563
59.30320244699999,nodescheduler,4654,0.03,0.0,20972,9020
59.30320244699999,nodecontroller,4496,0.13,0.0,48040,35673
59.30320244699999,nodelet,3810,0.06,0.0,25308,12904
59.30320244699999,nodeproxy,4840,0.0,0.0,16040,6577
60.308092829,nodestore,3095,0.18,2.985400252343106,18780,10965
60.308092829,nodeapiserver,3446,0.24,0.9951334174477019,140748,130579
60.308092829,nodescheduler,4654,0.03,0.0,20972,9020
60.308092829,nodecontroller,4496,0.13,0.0,48040,35717
60.308092829,nodelet,3810,0.06,0.0,25428,12908
60.308092829,nodeproxy,4840,0.0,0.0,16040,6577
61.312971866,nodestore,3095,0.18,0.0,18780,10965
61.312971866,nodeapiserver,3446,0.25,0.9951446524204933,140748,130579
61.312971866,nodescheduler,4654,0.03,0.0,20972,9020
61.312971866,nodecontroller,4496,0.13,0.0,48040,35717
61.312971866,nodelet,3810,0.06,0.0,25428,12908
61.312971866,nodeproxy,4840,0.0,0.0,16040,6577
62.319438055999996,nodestore,3095,0.19,0.9935753529882632,18780,10965
62.319438055999996,nodeapiserver,3446,0.27,1.9871507059765263,140748,130571
62.319438055999996,nodescheduler,4654,0.03,0.0,20972,9020
62.319438055999996,nodecontroller,4496,0.15,1.9871507059765263,48168,35685
62.319438055999996,nodelet,3810,0.06,0.0,25428,12908
62.319438055999996,nodeproxy,4840,0.0,0.0,16040,6577
63.32443286899999,nodestore,3095,0.2,0.9950300111648475,18780,10965
63.32443286899999,nodeapiserver,3446,0.28,0.9950300111648475,140748,130571
63.32443286899999,nodescheduler,4654,0.03,0.0,20972,9020
63.32443286899999,nodecontroller,4496,0.15,0.0,48168,35685
63.32443286899999,nodelet,3810,0.06,0.0,25428,12908
63.32443286899999,nodeproxy,4840,0.0,0.0,16040,6577
64.32945728600001,nodestore,3095,0.2,0.0,18780,10965
64.32945728600001,nodeapiserver,3446,0.29,0.9950007015600543,140748,130571
64.32945728600001,nodescheduler,4654,0.03,0.0,20972,9020
64.32945728600001,nodecontroller,4496,0.15,0.0,48168,35685
64.32945728600001,nodelet,3810,0.06,0.0,25428,12908
64.32945728600001,nodeproxy,4840,0.0,0.0,16040,6577
65.334485591,nodestore,3095,0.2,0.0,18780,10965
65.334485591,nodeapiserver,3446,0.29,0.0,140748,130571
65.334485591,nodescheduler,4654,0.03,0.0,20972,9020
65.334485591,nodecontroller,4496,0.16,0.9949968523523363,48168,35689
65.334485591,nodelet,3810,0.06,0.0,25428,12908
65.334485591,nodeproxy,4840,0.0,0.0,16040,6577
66.33946655599999,nodestore,3095,0.2,0.0,18780,10965
66.33946655599999,nodeapiserver,3446,0.29,0.0,140748,130587
66.33946655599999,nodescheduler,4654,0.03,0.0,20972,9020
66.33946655599999,nodecontroller,4496,0.16,0.0,48168,35693
66.33946655599999,nodelet,3810,0.06,0.0,25428,12908
66.33946655599999,nodeproxy,4840,0.0,0.0,16040,6577
67.344460236,nodestore,3095,0.2,0.0,18780,10965
67.344460236,nodeapiserver,3446,0.3,0.9950311329320872,140748,130587
67.344460236,nodescheduler,4654,0.04,0.9950311329320872,20972,9020
67.344460236,nodecontroller,4496,0.16,0.0,48168,35693
67.344460236,nodelet,3810,0.06,0.0,25428,12908
67.344460236,nodeproxy,4840,0.0,0.0,16040,6577
68.349496485,nodestore,3095,0.2,0.0,18780,10965
68.349496485,nodeapiserver,3446,0.3,0.0,140748,130587
68.349496485,nodescheduler,4654,0.04,0.0,20972,9020
68.349496485,nodecontroller,4496,0.17,0.9949889877056566,48168,35697
68.349496485,nodelet,3810,0.06,0.0,25428,12908
68.349496485,nodeproxy,4840,0.0,0.0,16040,6577
69.354369219,nodestore,3095,0.21,0.9951508944017156,18780,10965
69.354369219,nodeapiserver,3446,0.3,0.0,140748,130587
69.354369219,nodescheduler,4654,0.04,0.0,20972,9020
69.354369219,nodecontroller,4496,0.17,0.0,48168,35705
69.354369219,nodelet,3810,0.06,0.0,25428,12908
69.354369219,nodeproxy,4840,0.0,0.0,16040,6577
70.359268257,nodestore,3095,0.21,0.0,18780,10965
70.359268257,nodeapiserver,3446,0.31,0.9951248455668332,140748,130595
70.359268257,nodescheduler,4654,0.04,0.0,20972,9012
70.359268257,nodecontroller,4496,0.17,0.0,48168,35705
70.359268257,nodelet,3810,0.07,0.9951248455668332,25420,12912
70.359268257,nodeproxy,4840,0.0,0.0,16040,6577
71.36414436999999,nodestore,3095,0.21,0.0,18780,10965
71.36414436999999,nodeapiserver,3446,0.31,0.0,140748,130595
71.36414436999999,nodescheduler,4654,0.04,0.0,20972,9012
71.36414436999999,nodecontroller,4496,0.17,0.0,48168,35713
71.36414436999999,nodelet,3810,0.07,0.0,25420,12912
71.36414436999999,nodeproxy,4840,0.0,0.0,16040,6577
72.369142571,nodestore,3095,0.21,0.0,18780,10965
72.369142571,nodeapiserver,3446,0.32,0.9950266567691035,140748,130599
72.369142571,nodescheduler,4654,0.04,0.0,20972,9012
72.369142571,nodecontroller,4496,0.17,0.0,48168,35713
72.369142571,nodelet,3810,0.07,0.0,25420,12912
72.369142571,nodeproxy,4840,0.0,0.0,16040,6577
73.374103717,nodestore,3095,0.21,0.0,18780,10965
73.374103717,nodeapiserver,3446,0.32,0.0,140748,130599
73.374103717,nodescheduler,4654,0.04,0.0,20972,9012
73.374103717,nodecontroller,4496,0.17,0.0,48168,35713
73.374103717,nodelet,3810,0.07,0.0,25420,12912
73.374103717,nodeproxy,4840,0.0,0.0,16040,6577
74.37909295700001,nodestore,3095,0.22,0.9950355289375888,18780,10965
74.37909295700001,nodeapiserver,3446,0.32,0.0,140748,130603
74.37909295700001,nodescheduler,4654,0.04,0.0,20972,9012
74.37909295700001,nodecontroller,4496,0.18,0.9950355289375888,48168,35713
74.37909295700001,nodelet,3810,0.07,0.0,25420,12912
74.37909295700001,nodeproxy,4840,0.0,0.0,16040,6577
75.384209268,nodestore,3095,0.23,0.9949097323921602,18780,10965
75.384209268,nodeapiserver,3446,0.33,0.9949097323921602,140748,130603
75.384209268,nodescheduler,4654,0.04,0.0,21100,9012
75.384209268,nodecontroller,4496,0.18,0.0,48168,35717
75.384209268,nodelet,3810,0.07,0.0,25420,12912
75.384209268,nodeproxy,4840,0.0,0.0,16040,6577
76.389230621,nodestore,3095,0.23,0.0,18780,10965
76.389230621,nodeapiserver,3446,0.34,0.9950037350102059,140748,130603
76.389230621,nodescheduler,4654,0.04,0.0,21100,9012
76.389230621,nodecontroller,4496,0.18,0.0,48168,35729
76.389230621,nodelet,3810,0.07,0.0,25420,12912
76.389230621,nodeproxy,4840,0.0,0.0,16040,6577
77.39421732099999,nodestore,3095,0.23,0.0,18780,10965
77.39421732099999,nodeapiserver,3446,0.34,0.0,140748,130607
77.39421732099999,nodescheduler,4654,0.04,0.0,21100,9012
77.39421732099999,nodecontroller,4496,0.18,0.0,48168,35733
77.39421732099999,nodelet,3810,0.07,0.0,25420,12912
77.39421732099999,nodeproxy,4840,0.0,0.0,16040,6577
78.399273336,nodestore,3095,0.23,0.0,18908,10965
78.399273336,nodeapiserver,3446,0.35,0.9949694196895006,140748,130611
78.399273336,nodescheduler,4654,0.04,0.0,21100,9012
78.399273336,nodecontroller,4496,0.18,0.0,48168,35737
78.399273336,nodelet,3810,0.07,0.0,25420,12912
78.399273336,nodeproxy,4840,0.0,0.0,16040,6577
79.404185759,nodestore,3095,0.23,0.0,18908,10965
79.404185759,nodeapiserver,3446,0.35,0.0,140748,130619
79.404185759,nodescheduler,4654,0.04,0.0,21100,9016
79.404185759,nodecontroller,4496,0.19,0.9951115909331261,48168,35749
79.404185759,nodelet,3810,0.07,0.0,25420,12912
79.404185759,nodeproxy,4840,0.0,0.0,16040,6577
80.409068746,nodestore,3095,0.24,0.9951407406999896,18908,10965
80.409068746,nodeapiserver,3446,0.36,0.9951407406999896,140748,130623
80.409068746,nodescheduler,4654,0.04,0.0,21100,9016
80.409068746,nodecontroller,4496,0.2,0.9951407406999896,48168,35753
80.409068746,nodelet,3810,0.08,0.9951407406999896,25548,12912
80.409068746,nodeproxy,4840,0.0,0.0,16040,6577
81.414163142,nodestore,3095,0.24,0.0,18908,10965
81.414163142,nodeapiserver,3446,0.36,0.0,140748,130623
81.414163142,nodescheduler,4654,0.04,0.0,21100,9016
81.414163142,nodecontroller,4496,0.2,0.0,48168,35753
81.414163142,nodelet,3810,0.09,0.9949314253265381,25548,12912
81.414163142,nodeproxy,4840,0.0,0.0,16040,6577
82.41905710099999,nodestore,3095,0.25,0.9951298751911531,18908,10965
82.41905710099999,nodeapiserver,3446,0.36,0.0,140748,130623
82.41905710099999,nodescheduler,4654,0.04,0.0,21100,9016
82.41905710099999,nodecontroller,4496,0.2,0.0,48168,35781
82.41905710099999,nodelet,3810,0.09,0.0,25548,12912
82.41905710099999,nodeproxy,4840,0.0,0.0,16040,6577
83.42390495999999,nodestore,3095,0.25,0.0,18908,10965
83.42390495999999,nodeapiserver,3446,0.36,0.0,140748,130627
83.42390495999999,nodescheduler,4654,0.04,0.0,21100,9016
83.42390495999999,nodecontroller,4496,0.2,0.0,48168,35789
83.42390495999999,nodelet,3810,0.09,0.0,25548,12912
83.42390495999999,nodeproxy,4840,0.0,0.0,16040,6577
84.428821048,nodestore,3095,0.25,0.0,18908,10965
84.428821048,nodeapiserver,3446,0.37,0.9951079616908115,140748,130631
84.428821048,nodescheduler,4654,0.04,0.0,21100,9016
84.428821048,nodecontroller,4496,0.2,0.0,48168,35797
84.428821048,nodelet,3810,0.09,0.0,25548,12912
84.428821048,nodeproxy,4840,0.0,0.0,16040,6577
85.43370014300001,nodestore,3095,0.25,0.0,18908,10965
85.43370014300001,nodeapiserver,3446,0.37,0.0,140748,130631
85.43370014300001,nodescheduler,4654,0.04,0.0,21100,9016
85.43370014300001,nodecontroller,4496,0.2,0.0,48168,35797
85.43370014300001,nodelet,3810,0.09,0.0,25548,12912
85.43370014300001,nodeproxy,4840,0.0,0.0,16040,6577
86.438640252,nodestore,3095,0.25,0.0,18908,10965
86.438640252,nodeapiserver,3446,0.37,0.0,140748,130631
86.438640252,nodescheduler,4654,0.04,0.0,21100,9016
86.438640252,nodecontroller,4496,0.2,0.0,48168,35805
86.438640252,nodelet,3810,0.09,0.0,25548,12912
86.438640252,nodeproxy,4840,0.0,0.0,16040,6577
87.44364496200001,nodestore,3095,0.25,0.0,18908,10965
87.44364496200001,nodeapiserver,3446,0.38,0.995020212392827,140748,130631
87.44364496200001,nodescheduler,4654,0.04,0.0,21100,9016
87.44364496200001,nodecontroller,4496,0.21,0.995020212392827,48168,35809
87.44364496200001,nodelet,3810,0.09,0.0,25548,12912
87.44364496200001,nodeproxy,4840,0.0,0.0,16040,6577
88.448756218,nodestore,3095,0.25,0.0,18908,10965
88.448756218,nodeapiserver,3446,0.38,0.0,140748,130639
88.448756218,nodescheduler,4654,0.04,0.0,21100,9016
88.448756218,nodecontroller,4496,0.21,0.0,48168,35809
88.448756218,nodelet,3810,0.09,0.0,25548,12912
88.448756218,nodeproxy,4840,0.0,0.0,16040,6577
89.453899887,nodestore,3095,0.26,0.9948826529394318,18908,10965
89.453899887,nodeapiserver,3446,0.39,0.9948826529394318,140748,130651
89.453899887,nodescheduler,4654,0.04,0.0,21100,9016
89.453899887,nodecontroller,4496,0.21,0.0,48168,35809
89.453899887,nodelet,3810,0.09,0.0,25548,12912
89.453899887,nodeproxy,4840,0.0,0.0,16040,6577
90.458864903,nodestore,3095,0.27,0.9950595135940534,18908,10965
90.458864903,nodeapiserver,3446,0.4,0.9950595135940534,140748,130659
90.458864903,nodescheduler,4654,0.04,0.0,21100,9016
90.458864903,nodecontroller,4496,0.21,0.0,48168,35809
90.458864903,nodelet,3810,0.09,0.0,25416,12912
90.458864903,nodeproxy,4840,0.0,0.0,16040,6577
91.46383572100001,nodestore,3095,0.27,0.0,18908,10965
91.46383572100001,nodeapiserver,3446,0.4,0.0,140748,130659
91.46383572100001,nodescheduler,4654,0.04,0.0,21100,9016
91.46383572100001,nodecontroller,4496,0.21,0.0,48168,35809
91.46383572100001,nodelet,3810,0.09,0.0,25416,12912
91.46383572100001,nodeproxy,4840,0.0,0.0,16040,6577
92.46876897799999,nodestore,3095,0.27,0.0,18908,10973
92.46876897799999,nodeapiserver,3446,0.41,0.9950909605532376,140748,130683
92.46876897799999,nodescheduler,4654,0.04,0.0,21100,9016
92.46876897799999,nodecontroller,4496,0.22,0.9950909605532376,48296,35813
92.46876897799999,nodelet,3810,0.09,0.0,25416,12912
92.46876897799999,nodeproxy,4840,0.0,0.0,16040,6577
93.47372095099999,nodestore,3095,0.27,0.0,18908,11021
93.47372095099999,nodeapiserver,3446,0.41,0.0,140748,130683
93.47372095099999,nodescheduler,4654,0.04,0.0,21100,9016
93.47372095099999,nodecontroller,4496,0.23,0.9950724282024925,48296,35813
93.47372095099999,nodelet,3810,0.09,0.0,25416,12912
93.47372095099999,nodeproxy,4840,0.0,0.0,16040,6577
94.47883234099999,nodestore,3095,0.27,0.0,18908,11021
94.47883234099999,nodeapiserver,3446,0.41,0.0,140748,130683
94.47883234099999,nodescheduler,4654,0.04,0.0,21100,9016
94.47883234099999,nodecontroller,4496,0.23,0.0,48296,35813
94.47883234099999,nodelet,3810,0.09,0.0,25416,12912
94.47883234099999,nodeproxy,4840,0.0,0.0,16040,6577
95.48387221799999,nodestore,3095,0.27,0.0,18908,11021
95.48387221799999,nodeapiserver,3446,0.41,0.0,140748,130683
95.48387221799999,nodescheduler,4654,0.05,0.9949853959874255,21100,9016
95.48387221799999,nodecontroller,4496,0.23,0.0,48296,35813
95.48387221799999,nodelet,3810,0.09,0.0,25416,12912
95.48387221799999,nodeproxy,4840,0.0,0.0,16040,6577
96.48895304499999,nodestore,3095,0.28,0.9949448573054906,18908,11021
96.48895304499999,nodeapiserver,3446,0.41,0.0,140748,130683
96.48895304499999,nodescheduler,4654,0.05,0.0,21100,9016
96.48895304499999,nodecontroller,4496,0.23,0.0,48296,35813
96.48895304499999,nodelet,3810,0.09,0.0,25416,12912
96.48895304499999,nodeproxy,4840,0.0,0.0,16040,6577
97.49396489399999,nodestore,3095,0.28,0.0,18908,11021
97.49396489399999,nodeapiserver,3446,0.42,0.9950131443674165,140748,130683
97.49396489399999,nodescheduler,4654,0.05,0.0,21100,9016
97.49396489399999,nodecontroller,4496,0.23,0.0,48296,35813
97.49396489399999,nodelet,3810,0.09,0.0,25416,12912
97.49396489399999,nodeproxy,4840,0.0,0.0,16040,6577
98.49897100000001,nodestore,3095,0.28,0.0,18908,11021
98.49897100000001,nodeapiserver,3446,0.42,0.0,140748,130683
98.49897100000001,nodescheduler,4654,0.05,0.0,21100,9016
98.49897100000001,nodecontroller,4496,0.23,0.0,48296,35813
98.49897100000001,nodelet,3810,0.09,0.0,25416,12912
98.49897100000001,nodeproxy,4840,0.0,0.0,16040,6577
99.50395556500001,nodestore,3095,0.28,0.0,18908,11021
99.50395556500001,nodeapiserver,3446,0.42,0.0,140748,130683
99.50395556500001,nodescheduler,4654,0.05,0.0,21100,9016
99.50395556500001,nodecontroller,4496,0.23,0.0,48296,35813
99.50395556500001,nodelet,3810,0.09,0.0,25416,12912
99.50395556500001,nodeproxy,4840,0.0,0.0,16040,6577
100.50907748,nodestore,3095,0.29,0.994904185329608,18908,11021
100.50907748,nodeapiserver,3446,0.43,0.994904185329608,140748,130671
100.50907748,nodescheduler,4654,0.05,0.0,21100,9016
100.50907748,nodecontroller,4496,0.23,0.0,48296,35813
100.50907748,nodelet,3810,0.1,0.994904185329608,25392,12912
100.50907748,nodeproxy,4840,0.0,0.0,16040,6577
101.513894846,nodestore,3095,0.29,0.0,18908,11025
101.513894846,nodeapiserver,3446,0.43,0.0,140748,130671
101.513894846,nodescheduler,4654,0.05,0.0,21100,9016
101.513894846,nodecontroller,4496,0.23,0.0,48296,35813
101.513894846,nodelet,3810,0.1,0.0,25392,12912
101.513894846,nodeproxy,4840,0.0,0.0,16040,6577
102.51874758700001,nodestore,3095,0.29,0.0,18908,11025
102.51874758700001,nodeapiserver,3446,0.43,0.0,140748,130671
102.51874758700001,nodescheduler,4654,0.05,0.0,21100,9016
102.51874758700001,nodecontroller,4496,0.24,0.9951706943694274,48296,35813
102.51874758700001,nodelet,3810,0.1,0.0,25392,12912
102.51874758700001,nodeproxy,4840,0.0,0.0,16040,6577
103.523671369,nodestore,3095,0.29,0.0,18908,11025
103.523671369,nodeapiserver,3446,0.43,0.0,140748,130671
103.523671369,nodescheduler,4654,0.05,0.0,21100,9012
103.523671369,nodecontroller,4496,0.24,0.0,48296,35813
103.523671369,nodelet,3810,0.1,0.0,25392,12912
103.523671369,nodeproxy,4840,0.0,0.0,16040,6577
104.52864122599999,nodestore,3095,0.3,0.9950547203327792,18908,11025
104.52864122599999,nodeapiserver,3446,0.44,0.9950547203327792,140748,130671
104.52864122599999,nodescheduler,4654,0.05,0.0,21100,9012
104.52864122599999,nodecontroller,4496,0.24,0.0,48296,35813
104.52864122599999,nodelet,3810,0.1,0.0,25392,12912
104.52864122599999,nodeproxy,4840,0.0,0.0,16040,6577
105.53365844199999,nodestore,3095,0.3,0.0,18908,11025
105.53365844199999,nodeapiserver,3446,0.44,0.0,140748,130671
105.53365844199999,nodescheduler,4654,0.06,0.9950078307912301,21100,9016
105.53365844199999,nodecontroller,4496,0.24,0.0,48296,35813
105.53365844199999,nodelet,3810,0.1,0.0,25392,12912
105.53365844199999,nodeproxy,4840,0.0,0.0,16040,6577
106.538757732,nodestore,3095,0.31,0.9949265808356068,18908,11025
106.538757732,nodeapiserver,3446,0.44,0.0,140748,130671
106.538757732,nodescheduler,4654,0.06,0.0,21100,9016
106.538757732,nodecontroller,4496,0.24,0.0,48296,35813
106.538757732,nodelet,3810,0.1,0.0,25392,12912
106.538757732,nodeproxy,4840,0.0,0.0,16040,6577
107.543632949,nodestore,3095,0.31,0.0,18908,11069
107.543632949,nodeapiserver,3446,0.46,1.9902968708601245,140748,130655
107.543632949,nodescheduler,4654,0.06,0.0,21100,9016
107.543632949,nodecontroller,4496,0.26,1.9902968708601245,48156,35709
107.543632949,nodelet,3810,0.1,0.0,25392,12912
107.543632949,nodeproxy,4840,0.0,0.0,16040,6577
108.548732392,nodestore,3095,0.31,0.0,18908,11069
108.548732392,nodeapiserver,3446,0.47,0.994926429384156,140748,130655
108.548732392,nodescheduler,4654,0.06,0.0,21100,9016
108.548732392,nodecontroller,4496,0.26,0.0,48156,35709
108.548732392,nodelet,3810,0.1,0.0,25392,12912
108.548732392,nodeproxy,4840,0.0,0.0,16040,6577
109.553757174,nodestore,3095,0.31,0.0,18908,11069
109.553757174,nodeapiserver,3446,0.47,0.0,140748,130655
109.553757174,nodescheduler,4654,0.06,0.0,21100,9016
109.553757174,nodecontroller,4496,0.26,0.0,48156,35709
109.553757174,nodelet,3810,0.1,0.0,25392,12912
109.553757174,nodeproxy,4840,0.0,0.0,16040,6577
110.55879302299999,nodestore,3095,0.32,0.9949893837070531,18908,11069
110.55879302299999,nodeapiserver,3446,0.48,0.9949893837070531,140748,130671
110.55879302299999,nodescheduler,4654,0.06,0.0,21100,9016
110.55879302299999,nodecontroller,4496,0.26,0.0,48156,35713
110.55879302299999,nodelet,3810,0.11,0.9949893837070531,25384,12912
110.55879302299999,nodeproxy,4840,0.0,0.0,16040,6577
111.56358662400001,nodestore,3095,0.32,0.0,18908,11069
111.56358662400001,nodeapiserver,3446,0.48,0.0,140748,130671
111.56358662400001,nodescheduler,4654,0.06,0.0,21100,9016
111.56358662400001,nodecontroller,4496,0.26,0.0,48156,35741
111.56358662400001,nodelet,3810,0.11,0.0,25384,12912
111.56358662400001,nodeproxy,4840,0.0,0.0,16040,6577
112.56837097600001,nodestore,3095,0.32,0.0,18908,11069
112.56837097600001,nodeapiserver,3446,0.48,0.0,140748,130675
112.56837097600001,nodescheduler,4654,0.06,0.0,21100,9016
112.56837097600001,nodecontroller,4496,0.26,0.0,48156,35741
112.56837097600001,nodelet,3810,0.11,0.0,25384,12912
112.56837097600001,nodeproxy,4840,0.0,0.0,16040,6577
113.573160541,nodestore,3095,0.32,0.0,18908,11069
113.573160541,nodeapiserver,3446,0.5,1.9904665311686796,140748,130675
113.573160541,nodescheduler,4654,0.06,0.0,21100,9016
113.573160541,nodecontroller,4496,0.27,0.9952332655843398,48156,35741
113.573160541,nodelet,3810,0.11,0.0,25384,12912
113.573160541,nodeproxy,4840,0.0,0.0,16040,6577
114.578025212,nodestore,3095,0.33,0.9951588794586977,18908,11069
114.578025212,nodeapiserver,3446,0.5,0.0,140748,130675
114.578025212,nodescheduler,4654,0.06,0.0,21100,9016
114.578025212,nodecontroller,4496,0.27,0.0,48156,35741
114.578025212,nodelet,3810,0.11,0.0,25384,12912
114.578025212,nodeproxy,4840,0.0,0.0,16040,6577
115.58288955399999,nodestore,3095,0.34,0.995159205281074,18908,11069
115.58288955399999,nodeapiserver,3446,0.5,0.0,140748,130679
115.58288955399999,nodescheduler,4654,0.06,0.0,21100,9016
115.58288955399999,nodecontroller,4496,0.27,0.0,48156,35749
115.58288955399999,nodelet,3810,0.11,0.0,25384,12912
115.58288955399999,nodeproxy,4840,0.0,0.0,16040,6577
116.58773743500001,nodestore,3095,0.34,0.0,18908,11069
116.58773743500001,nodeapiserver,3446,0.5,0.0,140748,130683
116.58773743500001,nodescheduler,4654,0.06,0.0,21100,9016
116.58773743500001,nodecontroller,4496,0.28,0.9951755075651918,48156,35749
116.58773743500001,nodelet,3810,0.11,0.0,25384,12912
116.58773743500001,nodeproxy,4840,0.0,0.0,16040,6577
117.592460773,nodestore,3095,0.34,0.0,18908,11069
117.592460773,nodeapiserver,3446,0.5,0.0,140748,130687
117.592460773,nodescheduler,4654,0.06,0.0,21100,9016
117.592460773,nodecontroller,4496,0.28,0.0,48156,35749
117.592460773,nodelet,3810,0.11,0.0,25384,12912
117.592460773,nodeproxy,4840,0.0,0.0,16040,6577
118.597319468,nodestore,3095,0.34,0.0,18908,11069
118.597319468,nodeapiserver,3446,0.51,0.995164797772889,140748,130691
118.597319468,nodescheduler,4654,0.06,0.0,21100,9016
118.597319468,nodecontroller,4496,0.28,0.0,48156,35753
118.597319468,nodelet,3810,0.11,0.0,25384,12912
118.597319468,nodeproxy,4840,0.0,0.0,16040,6577
119.602262712,nodestore,3095,0.34,0.0,18908,11069
119.602262712,nodeapiserver,3446,0.51,0.0,140748,130691
119.602262712,nodescheduler,4654,0.06,0.0,21100,9016
119.602262712,nodecontroller,4496,0.28,0.0,48156,35753
119.602262712,nodelet,3810,0.11,0.0,25384,12912
119.602262712,nodeproxy,4840,0.0,0.0,16040,6577
120.60731593099999,nodestore,3095,0.36,1.9899443752739427,18908,11077
120.60731593099999,nodeapiserver,3446,0.53,1.9899443752739427,140748,130711
120.60731593099999,nodescheduler,4654,0.06,0.0,21100,9016
120.60731593099999,nodecontroller,4496,0.29,0.9949721876369714,48156,35761
120.60731593099999,nodelet,3810,0.12,0.9949721876369714,25504,12912
120.60731593099999,nodeproxy,4840,0.0,0.0,16040,6577
121.612283884,nodestore,3095,0.36,0.0,18908,11077
121.612283884,nodeapiserver,3446,0.53,0.0,140876,130799
121.612283884,nodescheduler,4654,0.06,0.0,21100,9020
121.612283884,nodecontroller,4496,0.29,0.0,48156,35761
121.612283884,nodelet,3810,0.12,0.0,25504,12912
121.612283884,nodeproxy,4840,0.0,0.0,16040,6577
122.616884312,nodestore,3095,0.38,1.990841278040938,18908,11077
122.616884312,nodeapiserver,3446,0.54,0.995420639020469,140876,130819
122.616884312,nodescheduler,4654,0.06,0.0,21100,9020
122.616884312,nodecontroller,4496,0.29,0.0,48156,35781
122.616884312,nodelet,3810,0.12,0.0,25504,12912
122.616884312,nodeproxy,4840,0.0,0.0,16040,6577
123.621594343,nodestore,3095,0.38,0.0,18908,11077
123.621594343,nodeapiserver,3446,0.54,0.0,140876,130819
123.621594343,nodescheduler,4654,0.06,0.0,21100,9020
123.621594343,nodecontroller,4496,0.3,0.995312049392685,48156,35781
123.621594343,nodelet,3810,0.12,0.0,25504,12912
123.621594343,nodeproxy,4840,0.0,0.0,16040,6577
124.626179691,nodestore,3095,0.38,0.0,18908,11077
124.626179691,nodeapiserver,3446,0.55,0.9954355814474748,140876,130819
124.626179691,nodescheduler,4654,0.06,0.0,21100,9020
124.626179691,nodecontroller,4496,0.3,0.0,48156,35781
124.626179691,nodelet,3810,0.12,0.0,25504,12912
124.626179691,nodeproxy,4840,0.0,0.0,16040,6577
125.630859972,nodestore,3095,0.38,0.0,18908,11077
125.630859972,nodeapiserver,3446,0.56,0.9953415219861453,140876,130819
125.630859972,nodescheduler,4654,0.06,0.0,21100,9020
125.630859972,nodecontroller,4496,0.3,0.0,48156,35793
125.630859972,nodelet,3810,0.12,0.0,25504,12912
125.630859972,nodeproxy,4840,0.0,0.0,16040,6577
126.63551782900001,nodestore,3095,0.38,0.0,18908,11077
126.63551782900001,nodeapiserver,3446,0.56,0.0,140876,130819
126.63551782900001,nodescheduler,4654,0.06,0.0,21100,9020
126.63551782900001,nodecontroller,4496,0.3,0.0,48156,35797
126.63551782900001,nodelet,3810,0.12,0.0,25504,12912
126.63551782900001,nodeproxy,4840,0.0,0.0,16040,6577
127.640273114,nodestore,3095,0.38,0.0,18908,11077
127.640273114,nodeapiserver,3446,0.57,0.9952672207143578,140876,130823
127.640273114,nodescheduler,4654,0.06,0.0,21100,9020
127.640273114,nodecontroller,4496,0.3,0.0,48156,35801
127.640273114,nodelet,3810,0.13,0.9952672207143578,25504,12912
127.640273114,nodeproxy,4840,0.0,0.0,16040,6577
128.644890361,nodestore,3095,0.39,0.9954039739873202,18908,11077
128.644890361,nodeapiserver,3446,0.57,0.0,140876,130827
128.644890361,nodescheduler,4654,0.06,0.0,21100,9020
128.644890361,nodecontroller,4496,0.3,0.0,48156,35817
128.644890361,nodelet,3810,0.13,0.0,25504,12912
128.644890361,nodeproxy,4840,0.0,0.0,16040,6577
129.64955110900002,nodestore,3095,0.39,0.0,18908,11077
129.64955110900002,nodeapiserver,3446,0.57,0.0,140876,130827
129.64955110900002,nodescheduler,4654,0.06,0.0,21100,9020
129.64955110900002,nodecontroller,4496,0.3,0.0,48156,35821
129.64955110900002,nodelet,3810,0.13,0.0,25504,12912
129.64955110900002,nodeproxy,4840,0.0,0.0,16040,6577
130.65434775300002,nodestore,3095,0.39,0.0,18908,11077
130.65434775300002,nodeapiserver,3446,0.58,0.9952262539602894,140876,130827
130.65434775300002,nodescheduler,4654,0.06,0.0,21100,9028
130.65434775300002,nodecontroller,4496,0.32,1.9904525079205788,48156,35833
130.65434775300002,nodelet,3810,0.13,0.0,25496,12912
130.65434775300002,nodeproxy,4840,0.0,0.0,16040,6577
131.65909315699997,nodestore,3095,0.39,0.0,18908,11077
131.65909315699997,nodeapiserver,3446,0.59,0.9952770085027947,140876,130827
131.65909315699997,nodescheduler,4654,0.07,0.9952770085027947,21100,9028
131.65909315699997,nodecontroller,4496,0.32,0.0,48156,35841
131.65909315699997,nodelet,3810,0.13,0.0,25496,12912
131.65909315699997,nodeproxy,4840,0.0,0.0,16040,6577
132.663616355,nodestore,3095,0.39,0.0,18908,11077
132.663616355,nodeapiserver,3446,0.59,0.0,140876,130827
132.663616355,nodescheduler,4654,0.07,0.0,21100,9028
132.663616355,nodecontroller,4496,0.32,0.0,48156,35849
132.663616355,nodelet,3810,0.13,0.0,25496,12912
132.663616355,nodeproxy,4840,0.0,0.0,16040,6577
133.668303685,nodestore,3095,0.4,0.9953345385573598,18908,11085
133.668303685,nodeapiserver,3446,0.59,0.0,140876,130831
133.668303685,nodescheduler,4654,0.07,0.0,21100,9028
133.668303685,nodecontroller,4496,0.32,0.0,48156,35853
133.668303685,nodelet,3810,0.13,0.0,25496,12912
133.668303685,nodeproxy,4840,0.0,0.0,16040,6577
134.672875068,nodestore,3095,0.4,0.0,18908,11085
134.672875068,nodeapiserver,3446,0.6,0.9954494194465978,140876,130831
134.672875068,nodescheduler,4654,0.07,0.0,21100,9028
134.672875068,nodecontroller,4496,0.32,0.0,48156,35853
134.672875068,nodelet,3810,0.13,0.0,25496,12912
134.672875068,nodeproxy,4840,0.0,0.0,16040,6577
135.678105825,nodestore,3095,0.4,0.0,18908,11085
135.678105825,nodeapiserver,3446,0.6,0.0,140876,130831
135.678105825,nodescheduler,4654,0.07,0.0,21100,9028
135.678105825,nodecontroller,4496,0.32,0.0,48156,35853
135.678105825,nodelet,3810,0.13,0.0,25496,12912
135.678105825,nodeproxy,4840,0.0,0.0,16040,6577
136.682679131,nodestore,3095,0.4,0.0,18908,11085
136.682679131,nodeapiserver,3446,0.6,0.0,140876,130831
136.682679131,nodescheduler,4654,0.07,0.0,21100,9028
136.682679131,nodecontroller,4496,0.33,0.9954475139119439,48156,35853
136.682679131,nodelet,3810,0.13,0.0,25496,12912
136.682679131,nodeproxy,4840,0.0,0.0,16040,6577
137.687074119,nodestore,3095,0.4,0.0,18908,11085
137.687074119,nodeapiserver,3446,0.6,0.0,140876,130831
137.687074119,nodescheduler,4654,0.07,0.0,21100,9028
137.687074119,nodecontroller,4496,0.33,0.0,48156,35853
137.687074119,nodelet,3810,0.13,0.0,25496,12912
137.687074119,nodeproxy,4840,0.0,0.0,16040,6577
138.691516121,nodestore,3095,0.42,1.9911552842450353,18908,11085
138.691516121,nodeapiserver,3446,0.61,0.9955776421225176,140876,130831
138.691516121,nodescheduler,4654,0.07,0.0,21100,9028
138.691516121,nodecontroller,4496,0.33,0.0,48156,35853
138.691516121,nodelet,3810,0.13,0.0,25496,12912
138.691516121,nodeproxy,4840,0.0,0.0,16040,6577
139.69630440999998,nodestore,3095,0.42,0.0,18908,11085
139.69630440999998,nodeapiserver,3446,0.61,0.0,140876,130831
139.69630440999998,nodescheduler,4654,0.07,0.0,21100,9028
139.69630440999998,nodecontroller,4496,0.33,0.0,48156,35853
139.69630440999998,nodelet,3810,0.13,0.0,25496,12912
139.69630440999998,nodeproxy,4840,0.0,0.0,16040,6577
140.70079440799998,nodestore,3095,0.42,0.0,18908,11085
140.70079440799998,nodeapiserver,3446,0.62,0.9955300719679273,141004,130819
140.70079440799998,nodescheduler,4654,0.07,0.0,21100,9028
140.70079440799998,nodecontroller,4496,0.33,0.0,48156,35853
140.70079440799998,nodelet,3810,0.14,0.9955300719679273,25496,12912
140.70079440799998,nodeproxy,4840,0.0,0.0,16040,6577
141.70528385400002,nodestore,3095,0.42,0.0,18908,11085
141.70528385400002,nodeapiserver,3446,0.62,0.0,141004,130819
141.70528385400002,nodescheduler,4654,0.07,0.0,21100,9028
141.70528385400002,nodecontroller,4496,0.33,0.0,48156,35853
141.70528385400002,nodelet,3810,0.14,0.0,25496,12912
141.70528385400002,nodeproxy,4840,0.0,0.0,16040,6577
142.709622675,nodestore,3095,0.42,0.0,18908,11085
142.709622675,nodeapiserver,3446,0.63,0.9956799230406566,141004,130819
142.709622675,nodescheduler,4654,0.07,0.0,21100,9028
142.709622675,nodecontroller,4496,0.33,0.0,48156,35853
142.709622675,nodelet,3810,0.14,0.0,25496,12912
142.709622675,nodeproxy,4840,0.0,0.0,16040,6577
143.71383991300002,nodestore,3095,0.42,0.0,18908,11085
143.71383991300002,nodeapiserver,3446,0.63,0.0,141004,130819
143.71383991300002,nodescheduler,4654,0.07,0.0,21100,9028
143.71383991300002,nodecontroller,4496,0.34,0.9958004724073222,48156,35853
143.71383991300002,nodelet,3810,0.14,0.0,25496,12912
143.71383991300002,nodeproxy,4840,0.0,0.0,16040,6577
144.71817290799999,nodestore,3095,0.43,0.9956856988453612,18908,11085
144.71817290799999,nodeapiserver,3446,0.63,0.0,141004,130819
144.71817290799999,nodescheduler,4654,0.07,0.0,21100,9028
144.71817290799999,nodecontroller,4496,0.34,0.0,48156,35853
144.71817290799999,nodelet,3810,0.14,0.0,25496,12912
144.71817290799999,nodeproxy,4840,0.0,0.0,16040,6577
145.722405053,nodestore,3095,0.43,0.0,18908,11085
145.722405053,nodeapiserver,3446,0.63,0.0,141004,130819
145.722405053,nodescheduler,4654,0.07,0.0,21100,9028
145.722405053,nodecontroller,4496,0.34,0.0,48156,35853
145.722405053,nodelet,3810,0.14,0.0,25496,12912
145.722405053,nodeproxy,4840,0.0,0.0,16040,6577
146.72669596999998,nodestore,3095,0.43,0.0,18908,11085
146.72669596999998,nodeapiserver,3446,0.63,0.0,141004,130819
146.72669596999998,nodescheduler,4654,0.07,0.0,21100,9028
146.72669596999998,nodecontroller,4496,0.34,0.0,48156,35853
146.72669596999998,nodelet,3810,0.14,0.0,25496,12912
146.72669596999998,nodeproxy,4840,0.0,0.0,16040,6577
147.730889704,nodestore,3095,0.43,0.0,18908,11085
147.730889704,nodeapiserver,3446,0.63,0.0,141004,130819
147.730889704,nodescheduler,4654,0.07,0.0,21100,9028
147.730889704,nodecontroller,4496,0.34,0.0,48156,35853
147.730889704,nodelet,3810,0.14,0.0,25496,12912
147.730889704,nodeproxy,4840,0.0,0.0,16040,6577
148.735098828,nodestore,3095,0.43,0.0,18908,11085
148.735098828,nodeapiserver,3446,0.64,0.9958085184655232,141004,130819
148.735098828,nodescheduler,4654,0.08,0.9958085184655232,21100,9028
148.735098828,nodecontroller,4496,0.34,0.0,48156,35853
148.735098828,nodelet,3810,0.14,0.0,25496,12912
148.735098828,nodeproxy,4840,0.0,0.0,16040,6577
149.739348591,nodestore,3095,0.43,0.0,18908,11085
149.739348591,nodeapiserver,3446,0.64,0.0,141004,130819
149.739348591,nodescheduler,4654,0.08,0.0,21100,9028
149.739348591,nodecontroller,4496,0.34,0.0,48156,35853
149.739348591,nodelet,3810,0.14,0.0,25496,12912
149.739348591,nodeproxy,4840,0.0,0.0,16040,6577
150.74373789599997,nodestore,3095,0.44,0.9956298768036352,18908,11085
150.74373789599997,nodeapiserver,3446,0.65,0.9956298768036352,141004,130819
150.74373789599997,nodescheduler,4654,0.08,0.0,21100,9028
150.74373789599997,nodecontroller,4496,0.34,0.0,48156,35853
150.74373789599997,nodelet,3810,0.15,0.9956298768036352,25488,12912
150.74373789599997,nodeproxy,4840,0.0,0.0,16040,6577
151.747947473,nodestore,3095,0.45,0.9958080692552089,18908,11085
151.747947473,nodeapiserver,3446,0.65,0.0,148300,138079
151.747947473,nodescheduler,4654,0.08,0.0,21100,9028
151.747947473,nodecontroller,4496,0.36,1.9916161385104179,48156,35865
151.747947473,nodelet,3810,0.15,0.0,25488,12912
151.747947473,nodeproxy,4840,0.0,0.0,16040,6577
152.75213169300002,nodestore,3095,0.45,0.0,18908,11085
152.75213169300002,nodeapiserver,3446,0.68,2.9874996442385444,148300,138079
152.75213169300002,nodescheduler,4654,0.08,0.0,21100,9024
152.75213169300002,nodecontroller,4496,0.36,0.0,48024,35773
152.75213169300002,nodelet,3810,0.15,0.0,25488,12912
152.75213169300002,nodeproxy,4840,0.0,0.0,16040,6577
153.75621673799998,nodestore,3095,0.45,0.0,18908,11085
153.75621673799998,nodeapiserver,3446,0.68,0.0,148300,138079
153.75621673799998,nodescheduler,4654,0.08,0.0,21100,9024
153.75621673799998,nodecontroller,4496,0.36,0.0,48024,35773
153.75621673799998,nodelet,3810,0.15,0.0,25488,12912
153.75621673799998,nodeproxy,4840,0.0,0.0,16040,6577
154.76031264300002,nodestore,3095,0.46,0.9959208030033324,18908,11085
154.76031264300002,nodeapiserver,3446,0.68,0.0,148300,138083
154.76031264300002,nodescheduler,4654,0.08,0.0,21100,9028
154.76031264300002,nodecontroller,4496,0.37,0.9959208030033324,48024,35773
154.76031264300002,nodelet,3810,0.15,0.0,25488,12912
154.76031264300002,nodeproxy,4840,0.0,0.0,16040,6577
155.76447586299997,nodestore,3095,0.46,0.0,18908,11085
155.76447586299997,nodeapiserver,3446,0.69,0.9958540405413845,148300,138087
155.76447586299997,nodescheduler,4654,0.08,0.0,21100,9028
155.76447586299997,nodecontroller,4496,0.38,0.9958540405413845,48024,35777
155.76447586299997,nodelet,3810,0.15,0.0,25488,12912
155.76447586299997,nodeproxy,4840,0.0,0.0,16040,6577
156.76867196299997,nodestore,3095,0.46,0.0,18908,11097
156.76867196299997,nodeapiserver,3446,0.7,0.995821433682125,148300,138091
156.76867196299997,nodescheduler,4654,0.08,0.0,21100,9028
156.76867196299997,nodecontroller,4496,0.38,0.0,48024,35777
156.76867196299997,nodelet,3810,0.15,0.0,25488,12912
156.76867196299997,nodeproxy,4840,0.0,0.0,16040,6577
157.77290582400002,nodestore,3095,0.46,0.0,18908,11097
157.77290582400002,nodeapiserver,3446,0.7,0.0,148300,138091
157.77290582400002,nodescheduler,4654,0.08,0.0,21100,9028
157.77290582400002,nodecontroller,4496,0.38,0.0,48024,35785
157.77290582400002,nodelet,3810,0.15,0.0,25488,12912
157.77290582400002,nodeproxy,4840,0.0,0.0,16040,6577
158.777198993,nodestore,3095,0.47,0.9957251835096439,18908,11097
158.777198993,nodeapiserver,3446,0.7,0.0,148300,138095
158.777198993,nodescheduler,4654,0.08,0.0,21100,9028
158.777198993,nodecontroller,4496,0.38,0.0,48024,35785
158.777198993,nodelet,3810,0.15,0.0,25488,12912
158.777198993,nodeproxy,4840,0.0,0.0,16040,6577
159.781231294,nodestore,3095,0.47,0.0,18908,11097
159.781231294,nodeapiserver,3446,0.7,0.0,148300,138095
159.781231294,nodescheduler,4654,0.08,0.0,21100,9028
159.781231294,nodecontroller,4496,0.38,0.0,48024,35785
159.781231294,nodelet,3810,0.15,0.0,25488,12912
159.781231294,nodeproxy,4840,0.0,0.0,16040,6577
160.785425008,nodestore,3095,0.48,0.9958237997892945,18908,11097
160.785425008,nodeapiserver,3446,0.71,0.9958237997892945,148300,138095
160.785425008,nodescheduler,4654,0.08,0.0,21100,9028
160.785425008,nodecontroller,4496,0.39,0.9958237997892945,48152,35813
160.785425008,nodelet,3810,0.16,0.9958237997892945,25488,12912
160.785425008,nodeproxy,4840,0.0,0.0,16040,6577
161.78971872699998,nodestore,3095,0.48,0.0,18908,11097
161.78971872699998,nodeapiserver,3446,0.71,0.0,153420,143323
161.78971872699998,nodescheduler,4654,0.08,0.0,21100,9028
161.78971872699998,nodecontroller,4496,0.39,0.0,48152,35817
161.78971872699998,nodelet,3810,0.16,0.0,25488,12912
161.78971872699998,nodeproxy,4840,0.0,0.0,16040,6577
162.793712566,nodestore,3095,0.48,0.0,18908,11097
162.793712566,nodeapiserver,3446,0.72,0.9960220482986136,153420,143323
162.793712566,nodescheduler,4654,0.08,0.0,21100,9028
162.793712566,nodecontroller,4496,0.39,0.0,48152,35821
162.793712566,nodelet,3810,0.16,0.0,25488,12912
162.793712566,nodeproxy,4840,0.0,0.0,16040,6577
163.797758805,nodestore,3095,0.48,0.0,18908,11097
163.797758805,nodeapiserver,3446,0.72,0.0,153420,143323
163.797758805,nodescheduler,4654,0.08,0.0,21100,9028
163.797758805,nodecontroller,4496,0.39,0.0,48152,35829
163.797758805,nodelet,3810,0.16,0.0,25488,12912
163.797758805,nodeproxy,4840,0.0,0.0,16040,6577
164.802613016,nodestore,3095,0.48,0.0,18908,11097
164.802613016,nodeapiserver,3446,0.73,0.9951692385354313,153420,143327
164.802613016,nodescheduler,4654,0.08,0.0,21100,9028
164.802613016,nodecontroller,4496,0.4,0.9951692385354313,48152,35833
164.802613016,nodelet,3810,0.16,0.0,25488,12912
164.802613016,nodeproxy,4840,0.0,0.0,16040,6577
165.806505895,nodestore,3095,0.48,0.0,18908,11097
165.806505895,nodeapiserver,3446,0.73,0.0,153420,143327
165.806505895,nodescheduler,4654,0.08,0.0,21100,9028
165.806505895,nodecontroller,4496,0.4,0.0,48152,35833
165.806505895,nodelet,3810,0.16,0.0,25488,12912
165.806505895,nodeproxy,4840,0.0,0.0,16040,6577
166.810377486,nodestore,3095,0.49,0.9961433404085579,18908,11097
166.810377486,nodeapiserver,3446,0.73,0.0,153420,143327
166.810377486,nodescheduler,4654,0.08,0.0,21100,9028
166.810377486,nodecontroller,4496,0.4,0.0,48152,35849
166.810377486,nodelet,3810,0.16,0.0,25488,12912
166.810377486,nodeproxy,4840,0.0,0.0,16040,6577
167.814259909,nodestore,3095,0.49,0.0,18908,11097
167.814259909,nodeapiserver,3446,0.73,0.0,153420,143327
167.814259909,nodescheduler,4654,0.08,0.0,21100,9028
167.814259909,nodecontroller,4496,0.4,0.0,48152,35849
167.814259909,nodelet,3810,0.16,0.0,25488,12912
167.814259909,nodeproxy,4840,0.0,0.0,16040,6577
168.81813559199998,nodestore,3095,0.5,0.9961392799271642,18908,11097
168.81813559199998,nodeapiserver,3446,0.74,0.9961392799271642,153420,143327
168.81813559199998,nodescheduler,4654,0.09,0.9961392799271642,21100,9028
168.81813559199998,nodecontroller,4496,0.4,0.0,48152,35849
168.81813559199998,nodelet,3810,0.16,0.0,25488,12912
168.81813559199998,nodeproxy,4840,0.0,0.0,16040,6577
169.82207117500002,nodestore,3095,0.5,0.0,18908,11097
169.82207117500002,nodeapiserver,3446,0.74,0.0,153420,143327
169.82207117500002,nodescheduler,4654,0.09,0.0,21100,9028
169.82207117500002,nodecontroller,4496,0.4,0.0,48152,35853
169.82207117500002,nodelet,3810,0.16,0.0,25488,12912
169.82207117500002,nodeproxy,4840,0.0,0.0,16040,6577
170.82590950600002,nodestore,3095,0.5,0.0,18908,11097
170.82590950600002,nodeapiserver,3446,0.76,1.992352690903577,153548,143327
170.82590950600002,nodescheduler,4654,0.09,0.0,21100,9028
170.82590950600002,nodecontroller,4496,0.4,0.0,48152,35853
170.82590950600002,nodelet,3810,0.16,0.0,25488,12912
170.82590950600002,nodeproxy,4840,0.0,0.0,16040,6577
171.82992904399998,nodestore,3095,0.5,0.0,18908,11097
171.82992904399998,nodeapiserver,3446,0.76,0.0,153548,143327
171.82992904399998,nodescheduler,4654,0.09,0.0,21100,9028
171.82992904399998,nodecontroller,4496,0.4,0.0,48152,35861
171.82992904399998,nodelet,3810,0.16,0.0,25488,12912
171.82992904399998,nodeproxy,4840,0.0,0.0,16040,6577
172.83395527800002,nodestore,3095,0.51,0.9959899115544061,18908,11097
172.83395527800002,nodeapiserver,3446,0.76,0.0,153676,143527
172.83395527800002,nodescheduler,4654,0.09,0.0,21100,9028
172.83395527800002,nodecontroller,4496,0.41,0.9959899115544061,48152,35865
172.83395527800002,nodelet,3810,0.16,0.0,25488,12912
172.83395527800002,nodeproxy,4840,0.0,0.0,16040,6577
173.837997815,nodestore,3095,0.51,0.0,18908,11097
173.837997815,nodeapiserver,3446,0.76,0.0,153676,143527
173.837997815,nodescheduler,4654,0.09,0.0,21100,9028
173.837997815,nodecontroller,4496,0.41,0.0,48152,35865
173.837997815,nodelet,3810,0.16,0.0,25488,12912
173.837997815,nodeproxy,4840,0.0,0.0,16040,6577
174.841899378,nodestore,3095,0.51,0.0,18908,11097
174.841899378,nodeapiserver,3446,0.76,0.0,153676,143527
174.841899378,nodescheduler,4654,0.09,0.0,21100,9028
174.841899378,nodecontroller,4496,0.41,0.0,48152,35873
174.841899378,nodelet,3810,0.16,0.0,25488,12912
174.841899378,nodeproxy,4840,0.0,0.0,16040,6577
175.84576791799998,nodestore,3095,0.51,0.0,18908,11097
175.84576791799998,nodeapiserver,3446,0.77,0.9961463679298238,153676,143527
175.84576791799998,nodescheduler,4654,0.09,0.0,21100,9028
175.84576791799998,nodecontroller,4496,0.41,0.0,48152,35881
175.84576791799998,nodelet,3810,0.16,0.0,25488,12912
175.84576791799998,nodeproxy,4840,0.0,0.0,16040,6577
176.84963439400002,nodestore,3095,0.51,0.0,18908,11097
176.84963439400002,nodeapiserver,3446,0.77,0.0,153676,143527
176.84963439400002,nodescheduler,4654,0.09,0.0,21100,9028
176.84963439400002,nodecontroller,4496,0.42,0.9961484160568369,48152,35889
176.84963439400002,nodelet,3810,0.16,0.0,25488,12912
176.84963439400002,nodeproxy,4840,0.0,0.0,16040,6577
177.85356004200003,nodestore,3095,0.52,0.9960897024517434,18908,11097
177.85356004200003,nodeapiserver,3446,0.77,0.0,153676,143527
177.85356004200003,nodescheduler,4654,0.09,0.0,21100,9028
177.85356004200003,nodecontroller,4496,0.42,0.0,48152,35897
177.85356004200003,nodelet,3810,0.17,0.9960897024517434,25488,12912
177.85356004200003,nodeproxy,4840,0.0,0.0,16040,6577
178.857493154,nodestore,3095,0.52,0.0,18908,11097
178.857493154,nodeapiserver,3446,0.77,0.0,153676,143527
178.857493154,nodescheduler,4654,0.09,0.0,21100,9028
178.857493154,nodecontroller,4496,0.42,0.0,48152,35897
178.857493154,nodelet,3810,0.17,0.0,25488,12912
178.857493154,nodeproxy,4840,0.0,0.0,16040,6577
179.861434691,nodestore,3095,0.54,1.9921478754394781,18908,11097
179.861434691,nodeapiserver,3446,0.79,1.9921478754394781,153676,143527
179.861434691,nodescheduler,4654,0.09,0.0,21100,9028
179.861434691,nodecontroller,4496,0.43,0.9960739377197391,48152,35897
179.861434691,nodelet,3810,0.18,0.9960739377197391,25488,12916
179.861434691,nodeproxy,4840,0.0,0.0,16040,6577
180.865444078,nodestore,3095,0.54,0.0,18908,11097
180.865444078,nodeapiserver,3446,0.8,0.9960066239898647,153676,143531
180.865444078,nodescheduler,4654,0.09,0.0,21100,9028
180.865444078,nodecontroller,4496,0.44,0.9960066239898647,48152,35897
180.865444078,nodelet,3810,0.18,0.0,25484,12936
180.865444078,nodeproxy,4840,0.0,0.0,16040,6577
181.86943815299998,nodestore,3095,0.55,0.9960218141725785,18908,11097
181.86943815299998,nodeapiserver,3446,0.81,0.9960218141725785,153676,143547
181.86943815299998,nodescheduler,4654,0.09,0.0,21100,9028
181.86943815299998,nodecontroller,4496,0.44,0.0,48152,35909
181.86943815299998,nodelet,3810,0.18,0.0,25484,12936
181.86943815299998,nodeproxy,4840,0.0,0.0,16040,6577
182.87342326599997,nodestore,3095,0.55,0.0,18908,11097
182.87342326599997,nodeapiserver,3446,0.81,0.0,153676,143547
182.87342326599997,nodescheduler,4654,0.09,0.0,21100,9028
182.87342326599997,nodecontroller,4496,0.44,0.0,48152,35909
182.87342326599997,nodelet,3810,0.18,0.0,25484,12936
182.87342326599997,nodeproxy,4840,0.0,0.0,16040,6577
183.87735447400001,nodestore,3095,0.55,0.0,18908,11097
183.87735447400001,nodeapiserver,3446,0.81,0.0,153676,143547
183.87735447400001,nodescheduler,4654,0.09,0.0,21100,9028
183.87735447400001,nodecontroller,4496,0.44,0.0,48152,35909
183.87735447400001,nodelet,3810,0.18,0.0,25484,12936
183.87735447400001,nodeproxy,4840,0.0,0.0,16040,6577
184.88140387099997,nodestore,3095,0.56,0.9959669344834432,18908,11097
184.88140387099997,nodeapiserver,3446,0.83,1.9919338689668864,153676,143547
184.88140387099997,nodescheduler,4654,0.09,0.0,21100,9028
184.88140387099997,nodecontroller,4496,0.44,0.0,48152,35909
184.88140387099997,nodelet,3810,0.18,0.0,25484,12936
184.88140387099997,nodeproxy,4840,0.0,0.0,16040,6577
185.886430237,nodestore,3095,0.56,0.0,18908,11097
185.886430237,nodeapiserver,3446,0.83,0.0,153676,143547
185.886430237,nodescheduler,4654,0.09,0.0,21100,9028
185.886430237,nodecontroller,4496,0.44,0.0,48152,35909
185.886430237,nodelet,3810,0.18,0.0,25484,12936
185.886430237,nodeproxy,4840,0.0,0.0,16040,6577
186.891595687,nodestore,3095,0.56,0.0,18908,11097
186.891595687,nodeapiserver,3446,0.83,0.0,153676,143547
186.891595687,nodescheduler,4654,0.09,0.0,21100,9028
186.891595687,nodecontroller,4496,0.44,0.0,48152,35909
186.891595687,nodelet,3810,0.18,0.0,25484,12936
186.891595687,nodeproxy,4840,0.0,0.0,16040,6577
187.895781296,nodestore,3095,0.56,0.0,18908,11097
187.895781296,nodeapiserver,3446,0.83,0.0,153676,143547
187.895781296,nodescheduler,4654,0.09,0.0,21100,9028
187.895781296,nodecontroller,4496,0.44,0.0,48152,35909
187.895781296,nodelet,3810,0.18,0.0,25484,12936
187.895781296,nodeproxy,4840,0.0,0.0,16040,6577
188.899686497,nodestore,3095,0.56,0.0,18908,11097
188.899686497,nodeapiserver,3446,0.83,0.0,153676,143547
188.899686497,nodescheduler,4654,0.09,0.0,21100,9028
188.899686497,nodecontroller,4496,0.45,0.996109990269879,48152,35909
188.899686497,nodelet,3810,0.18,0.0,25484,12936
188.899686497,nodeproxy,4840,0.0,0.0,16040,6577
189.90354758,nodestore,3095,0.56,0.0,18908,11097
189.90354758,nodeapiserver,3446,0.84,0.9961537676224432,153676,143547
189.90354758,nodescheduler,4654,0.09,0.0,21100,9032
189.90354758,nodecontroller,4496,0.46,0.9961537676224432,48152,35913
189.90354758,nodelet,3810,0.19,0.9961537676224432,25484,12936
189.90354758,nodeproxy,4840,0.0,0.0,16040,6577
190.90842968099997,nodestore,3095,0.57,0.9951416181111137,18908,11097
190.90842968099997,nodeapiserver,3446,0.84,0.0,153676,143535
190.90842968099997,nodescheduler,4654,0.09,0.0,21100,9032
190.90842968099997,nodecontroller,4496,0.46,0.0,48152,35913
190.90842968099997,nodelet,3810,0.19,0.0,25480,12936
190.90842968099997,nodeproxy,4840,0.0,0.0,16040,6577
191.9124008,nodestore,3095,0.57,0.0,18908,11097
191.9124008,nodeapiserver,3446,0.84,0.0,153676,143535
191.9124008,nodescheduler,4654,0.09,0.0,21100,9032
191.9124008,nodecontroller,4496,0.46,0.0,48152,35913
191.9124008,nodelet,3810,0.19,0.0,25480,12936
191.9124008,nodeproxy,4840,0.0,0.0,16040,6577
192.91628271399998,nodestore,3095,0.58,0.9961330969849747,18908,11097
192.91628271399998,nodeapiserver,3446,0.85,0.9961330969849747,153676,143539
192.91628271399998,nodescheduler,4654,0.09,0.0,21100,9032
192.91628271399998,nodecontroller,4496,0.46,0.0,48152,35913
192.91628271399998,nodelet,3810,0.19,0.0,25480,12936
192.91628271399998,nodeproxy,4840,0.0,0.0,16040,6577
193.92023102299999,nodestore,3095,0.58,0.0,18908,11097
193.92023102299999,nodeapiserver,3446,0.85,0.0,153676,143539
193.92023102299999,nodescheduler,4654,0.1,0.9960672188352588,21100,9032
193.92023102299999,nodecontroller,4496,0.46,0.0,48152,35913
193.92023102299999,nodelet,3810,0.19,0.0,25480,12936
193.92023102299999,nodeproxy,4840,0.0,0.0,16040,6577
194.924670554,nodestore,3095,0.58,0.0,18908,11097
194.924670554,nodeapiserver,3446,0.85,0.0,153676,143539
194.924670554,nodescheduler,4654,0.1,0.0,21100,9032
194.924670554,nodecontroller,4496,0.46,0.0,48152,35913
194.924670554,nodelet,3810,0.19,0.0,25480,12936
194.924670554,nodeproxy,4840,0.0,0.0,16040,6577
195.92919875899997,nodestore,3095,0.58,0.0,18908,11097
195.92919875899997,nodeapiserver,3446,0.85,0.0,153676,143539
195.92919875899997,nodescheduler,4654,0.1,0.0,21100,9032
195.92919875899997,nodecontroller,4496,0.46,0.0,48152,35913
195.92919875899997,nodelet,3810,0.19,0.0,25480,12936
195.92919875899997,nodeproxy,4840,0.0,0.0,16040,6577
196.933081114,nodestore,3095,0.59,0.9961326593891272,18908,11101
196.933081114,nodeapiserver,3446,0.88,2.9883979781673817,153676,143523
196.933081114,nodescheduler,4654,0.1,0.0,21100,9032
196.933081114,nodecontroller,4496,0.47,0.9961326593891272,48152,35825
196.933081114,nodelet,3810,0.19,0.0,25480,12936
196.933081114,nodeproxy,4840,0.0,0.0,16040,6577
197.93706722399997,nodestore,3095,0.59,0.0,18908,11101
197.93706722399997,nodeapiserver,3446,0.88,0.0,153676,143527
197.93706722399997,nodescheduler,4654,0.1,0.0,21100,9032
197.93706722399997,nodecontroller,4496,0.47,0.0,48152,35825
197.93706722399997,nodelet,3810,0.19,0.0,25480,12936
197.93706722399997,nodeproxy,4840,0.0,0.0,16040,6577
198.94101749499998,nodestore,3095,0.6,0.9960652722409516,18908,11101
198.94101749499998,nodeapiserver,3446,0.89,0.9960652722409516,153676,143527
198.94101749499998,nodescheduler,4654,0.1,0.0,21100,9032
198.94101749499998,nodecontroller,4496,0.48,0.9960652722409516,48152,35825
198.94101749499998,nodelet,3810,0.19,0.0,25480,12936
198.94101749499998,nodeproxy,4840,0.0,0.0,16040,6577
199.945024386,nodestore,3095,0.6,0.0,18908,11101
199.945024386,nodeapiserver,3446,0.89,0.0,153676,143527
199.945024386,nodescheduler,4654,0.1,0.0,21100,9032
199.945024386,nodecontroller,4496,0.48,0.0,48152,35825
199.945024386,nodelet,3810,0.19,0.0,25480,12944
199.945024386,nodeproxy,4840,0.0,0.0,16040,6577
200.94901264499998,nodestore,3095,0.6,0.0,18908,11101
200.94901264499998,nodeapiserver,3446,0.9,0.9960275840237868,153676,143543
200.94901264499998,nodescheduler,4654,0.1,0.0,21100,9032
200.94901264499998,nodecontroller,4496,0.48,0.0,48152,35853
200.94901264499998,nodelet,3810,0.21,1.9920551680475735,25352,12944
200.94901264499998,nodeproxy,4840,0.0,0.0,16040,6577
201.953127509,nodestore,3095,0.6,0.0,18908,11101
201.953127509,nodeapiserver,3446,0.9,0.0,153676,143547
201.953127509,nodescheduler,4654,0.1,0.0,21100,9032
201.953127509,nodecontroller,4496,0.48,0.0,48152,35853
201.953127509,nodelet,3810,0.21,0.0,25352,12944
201.953127509,nodeproxy,4840,0.0,0.0,16040,6577
202.957190346,nodestore,3095,0.6,0.0,18908,11101
202.957190346,nodeapiserver,3446,0.9,0.0,153676,143547
202.957190346,nodescheduler,4654,0.1,0.0,21100,9028
202.957190346,nodecontroller,4496,0.49,0.9959536028520571,48152,35853
202.957190346,nodelet,3810,0.21,0.0,25352,12944
202.957190346,nodeproxy,4840,0.0,0.0,16040,6577
203.96120645399998,nodestore,3095,0.6,0.0,18908,11101
203.96120645399998,nodeapiserver,3446,0.9,0.0,153676,143547
203.96120645399998,nodescheduler,4654,0.1,0.0,21100,9028
203.96120645399998,nodecontroller,4496,0.49,0.0,48152,35853
203.96120645399998,nodelet,3810,0.21,0.0,25352,12944
203.96120645399998,nodeproxy,4840,0.0,0.0,16040,6577
204.96520141399998,nodestore,3095,0.61,0.9960209362007156,18908,11101
204.96520141399998,nodeapiserver,3446,0.91,0.9960209362007156,153676,143547
204.96520141399998,nodescheduler,4654,0.1,0.0,21100,9032
204.96520141399998,nodecontroller,4496,0.5,0.9960209362007156,48152,35861
204.96520141399998,nodelet,3810,0.21,0.0,25352,12944
204.96520141399998,nodeproxy,4840,0.0,0.0,16040,6577
205.96914091600001,nodestore,3095,0.61,0.0,18908,11101
205.96914091600001,nodeapiserver,3446,0.91,0.0,153676,143551
205.96914091600001,nodescheduler,4654,0.1,0.0,21100,9032
205.96914091600001,nodecontroller,4496,0.5,0.0,48152,35861
205.96914091600001,nodelet,3810,0.21,0.0,25352,12944
205.96914091600001,nodeproxy,4840,0.0,0.0,16040,6577
206.97323522800002,nodestore,3095,0.62,0.9959223830360604,18908,11101
206.97323522800002,nodeapiserver,3446,0.91,0.0,153676,143551
206.97323522800002,nodescheduler,4654,0.1,0.0,21100,9032
206.97323522800002,nodecontroller,4496,0.5,0.0,48152,35861
206.97323522800002,nodelet,3810,0.21,0.0,25352,12944
206.97323522800002,nodeproxy,4840,0.0,0.0,16040,6577
207.97726213700003,nodestore,3095,0.62,0.0,18908,11101
207.97726213700003,nodeapiserver,3446,0.92,0.9959892419576538,153676,143551
207.97726213700003,nodescheduler,4654,0.1,0.0,21100,9032
207.97726213700003,nodecontroller,4496,0.5,0.0,48152,35865
207.97726213700003,nodelet,3810,0.21,0.0,25352,12944
207.97726213700003,nodeproxy,4840,0.0,0.0,16040,6577
208.981340763,nodestore,3095,0.62,0.0,18908,11101
208.981340763,nodeapiserver,3446,0.93,0.995937941616968,153676,143551
208.981340763,nodescheduler,4654,0.1,0.0,21100,9032
208.981340763,nodecontroller,4496,0.51,0.995937941616968,48152,35865
208.981340763,nodelet,3810,0.21,0.0,25352,12944
208.981340763,nodeproxy,4840,0.0,0.0,16040,6577
209.98536712700002,nodestore,3095,0.63,0.9959897825949657,18908,11101
209.98536712700002,nodeapiserver,3446,0.93,0.0,153676,143551
209.98536712700002,nodescheduler,4654,0.1,0.0,21100,9032
209.98536712700002,nodecontroller,4496,0.51,0.0,48152,35865
209.98536712700002,nodelet,3810,0.21,0.0,25352,12944
209.98536712700002,nodeproxy,4840,0.0,0.0,16040,6577
210.989522847,nodestore,3095,0.63,0.0,18908,11101
210.989522847,nodeapiserver,3446,0.94,0.9958614785364449,153676,143543
210.989522847,nodescheduler,4654,0.11,0.9958614785364449,21100,9032
210.989522847,nodecontroller,4496,0.51,0.0,48152,35869
210.989522847,nodelet,3810,0.21,0.0,25348,12944
210.989522847,nodeproxy,4840,0.0,0.0,16040,6577
211.993641125,nodestore,3095,0.63,0.0,18908,11101
211.993641125,nodeapiserver,3446,0.94,0.0,153676,143551
211.993641125,nodescheduler,4654,0.11,0.0,21100,9032
211.993641125,nodecontroller,4496,0.51,0.0,48280,35869
211.993641125,nodelet,3810,0.21,0.0,25348,12944
211.993641125,nodeproxy,4840,0.0,0.0,16040,6577
212.99766898500002,nodestore,3095,0.63,0.0,18908,11101
212.99766898500002,nodeapiserver,3446,0.95,0.9959882985717071,153676,143555
212.99766898500002,nodescheduler,4654,0.11,0.0,21100,9032
212.99766898500002,nodecontroller,4496,0.52,0.9959882985717071,48280,35869
212.99766898500002,nodelet,3810,0.21,0.0,25348,12944
212.99766898500002,nodeproxy,4840,0.0,0.0,16040,6577
214.0016443,nodestore,3095,0.63,0.0,18908,11101
214.0016443,nodeapiserver,3446,0.95,0.0,153676,143555
214.0016443,nodescheduler,4654,0.11,0.0,21100,9032
214.0016443,nodecontroller,4496,0.52,0.0,48280,35877
214.0016443,nodelet,3810,0.21,0.0,25348,12944
214.0016443,nodeproxy,4840,0.0,0.0,16040,6577
215.00574930599998,nodestore,3095,0.63,0.0,18908,11101
215.00574930599998,nodeapiserver,3446,0.95,0.0,153676,143555
215.00574930599998,nodescheduler,4654,0.11,0.0,21100,9032
215.00574930599998,nodecontroller,4496,0.52,0.0,48280,35877
215.00574930599998,nodelet,3810,0.21,0.0,25348,12944
215.00574930599998,nodeproxy,4840,0.0,0.0,16040,6577
216.00972155,nodestore,3095,0.63,0.0,18908,11101
216.00972155,nodeapiserver,3446,0.96,0.9960434722934328,153676,143555
216.00972155,nodescheduler,4654,0.11,0.0,21100,9032
216.00972155,nodecontroller,4496,0.52,0.0,48280,35889
216.00972155,nodelet,3810,0.21,0.0,25348,12944
216.00972155,nodeproxy,4840,0.0,0.0,16040,6577
217.01365135700001,nodestore,3095,0.65,1.992171151862174,18908,11101
217.01365135700001,nodeapiserver,3446,0.96,0.0,153676,143559
217.01365135700001,nodescheduler,4654,0.11,0.0,21100,9032
217.01365135700001,nodecontroller,4496,0.52,0.0,48280,35893
217.01365135700001,nodelet,3810,0.21,0.0,25348,12944
217.01365135700001,nodeproxy,4840,0.0,0.0,16040,6577
218.017656133,nodestore,3095,0.65,0.0,18908,11101
218.017656133,nodeapiserver,3446,0.96,0.0,153676,143559
218.017656133,nodescheduler,4654,0.11,0.0,21100,9032
218.017656133,nodecontroller,4496,0.53,0.9960111982574992,48280,35905
218.017656133,nodelet,3810,0.21,0.0,25348,12944
218.017656133,nodeproxy,4840,0.0,0.0,16040,6577
219.02177445400002,nodestore,3095,0.65,0.0,18908,11101
219.02177445400002,nodeapiserver,3446,0.98,1.9917971400105123,153676,143559
219.02177445400002,nodescheduler,4654,0.11,0.0,21100,9032
219.02177445400002,nodecontroller,4496,0.53,0.0,48280,35909
219.02177445400002,nodelet,3810,0.21,0.0,25348,12944
219.02177445400002,nodeproxy,4840,0.0,0.0,16040,6577
220.025788417,nodestore,3095,0.65,0.0,18908,11101
220.025788417,nodeapiserver,3446,0.98,0.0,153676,143559
220.025788417,nodescheduler,4654,0.11,0.0,21100,9032
220.025788417,nodecontroller,4496,0.54,0.9960020844849772,48280,35917
220.025788417,nodelet,3810,0.22,0.9960020844849772,25348,12944
220.025788417,nodeproxy,4840,0.0,0.0,16040,6577
221.029796921,nodestore,3095,0.65,0.0,18908,11101
221.029796921,nodeapiserver,3446,0.99,0.9960074999523987,153676,143579
221.029796921,nodescheduler,4654,0.11,0.0,21100,9032
221.029796921,nodecontroller,4496,0.54,0.0,48280,35925
221.029796921,nodelet,3810,0.22,0.0,25348,12944
221.029796921,nodeproxy,4840,0.0,0.0,16040,6577
222.03373063599997,nodestore,3095,0.65,0.0,18908,11101
222.03373063599997,nodeapiserver,3446,0.99,0.0,153676,143579
222.03373063599997,nodescheduler,4654,0.11,0.0,21100,9032
222.03373063599997,nodecontroller,4496,0.54,0.0,48280,35933
222.03373063599997,nodelet,3810,0.22,0.0,25348,12944
222.03373063599997,nodeproxy,4840,0.0,0.0,16040,6577
223.03776348000002,nodestore,3095,0.66,0.9959833545046355,18908,11101
223.03776348000002,nodeapiserver,3446,0.99,0.0,153676,143579
223.03776348000002,nodescheduler,4654,0.11,0.0,21100,9032
223.03776348000002,nodecontroller,4496,0.55,0.9959833545046355,48280,35937
223.03776348000002,nodelet,3810,0.22,0.0,25348,12944
223.03776348000002,nodeproxy,4840,0.0,0.0,16040,6577
224.04170534399998,nodestore,3095,0.66,0.0,18908,11101
224.04170534399998,nodeapiserver,3446,0.99,0.0,153676,143579
224.04170534399998,nodescheduler,4654,0.11,0.0,21100,9032
224.04170534399998,nodecontroller,4496,0.55,0.0,48280,35937
224.04170534399998,nodelet,3810,0.22,0.0,25348,12944
224.04170534399998,nodeproxy,4840,0.0,0.0,16040,6577
225.045691482,nodestore,3095,0.66,0.0,18908,11101
225.045691482,nodeapiserver,3446,1.0,0.9960296882106792,153676,143579
225.045691482,nodescheduler,4654,0.11,0.0,21100,9032
225.045691482,nodecontroller,4496,0.55,0.0,48280,35937
225.045691482,nodelet,3810,0.22,0.0,25348,12944
225.045691482,nodeproxy,4840,0.0,0.0,16040,6577
226.04962537199998,nodestore,3095,0.66,0.0,18908,11101
226.04962537199998,nodeapiserver,3446,1.0,0.0,153676,143579
226.04962537199998,nodescheduler,4654,0.11,0.0,21100,9032
226.04962537199998,nodecontroller,4496,0.55,0.0,48280,35937
226.04962537199998,nodelet,3810,0.22,0.0,25348,12944
226.04962537199998,nodeproxy,4840,0.0,0.0,16040,6577
227.05377020499998,nodestore,3095,0.67,0.9958722757277804,18908,11101
227.05377020499998,nodeapiserver,3446,1.0,0.0,153676,143579
227.05377020499998,nodescheduler,4654,0.11,0.0,21100,9032
227.05377020499998,nodecontroller,4496,0.55,0.0,48280,35937
227.05377020499998,nodelet,3810,0.22,0.0,25348,12944
227.05377020499998,nodeproxy,4840,0.0,0.0,16040,6577
228.057807319,nodestore,3095,0.67,0.0,18908,11101
228.057807319,nodeapiserver,3446,1.0,0.0,153676,143579
228.057807319,nodescheduler,4654,0.11,0.0,21100,9032
228.057807319,nodecontroller,4496,0.55,0.0,48280,35937
228.057807319,nodelet,3810,0.22,0.0,25348,12944
228.057807319,nodeproxy,4840,0.0,0.0,16040,6577
229.06194860699998,nodestore,3095,0.68,0.9958757915350541,18908,11101
229.06194860699998,nodeapiserver,3446,1.01,0.9958757915350541,153676,143579
229.06194860699998,nodescheduler,4654,0.11,0.0,21100,9032
229.06194860699998,nodecontroller,4496,0.56,0.9958757915350541,48280,35937
229.06194860699998,nodelet,3810,0.22,0.0,25348,12944
229.06194860699998,nodeproxy,4840,0.0,0.0,16040,6577
230.065870297,nodestore,3095,0.68,0.0,18908,11101
230.065870297,nodeapiserver,3446,1.02,0.9960936295738099,153676,143579
230.065870297,nodescheduler,4654,0.11,0.0,21100,9032
230.065870297,nodecontroller,4496,0.56,0.0,48280,35937
230.065870297,nodelet,3810,0.22,0.0,25348,12944
230.065870297,nodeproxy,4840,0.0,0.0,16040,6577
231.070094961,nodestore,3095,0.68,0.0,18908,11101
231.070094961,nodeapiserver,3446,1.03,0.9957931087022259,153676,143567
231.070094961,nodescheduler,4654,0.11,0.0,21100,9032
231.070094961,nodecontroller,4496,0.56,0.0,48280,35937
231.070094961,nodelet,3810,0.23,0.9957931087022259,25348,12944
231.070094961,nodeproxy,4840,0.0,0.0,16040,6577
232.07427420200003,nodestore,3095,0.68,0.0,18908,11101
232.07427420200003,nodeapiserver,3446,1.03,0.0,153676,143567
232.07427420200003,nodescheduler,4654,0.11,0.0,21100,9032
232.07427420200003,nodecontroller,4496,0.56,0.0,48280,35937
232.07427420200003,nodelet,3810,0.23,0.0,25348,12944
232.07427420200003,nodeproxy,4840,0.0,0.0,16040,6577
233.078330892,nodestore,3095,0.68,0.0,18908,11101
233.078330892,nodeapiserver,3446,1.03,0.0,153676,143571
233.078330892,nodescheduler,4654,0.11,0.0,21100,9032
233.078330892,nodecontroller,4496,0.56,0.0,48280,35937
233.078330892,nodelet,3810,0.23,0.0,25348,12944
233.078330892,nodeproxy,4840,0.0,0.0,16040,6577
234.082266876,nodestore,3095,0.68,0.0,18908,11101
234.082266876,nodeapiserver,3446,1.03,0.0,153676,143571
234.082266876,nodescheduler,4654,0.11,0.0,21100,9032
234.082266876,nodecontroller,4496,0.56,0.0,48536,36097
234.082266876,nodelet,3810,0.23,0.0,25348,12944
234.082266876,nodeproxy,4840,0.0,0.0,16040,6577
235.08620806099998,nodestore,3095,0.69,0.9960742869613683,18908,11101
235.08620806099998,nodeapiserver,3446,1.03,0.0,153676,143571
235.08620806099998,nodescheduler,4654,0.11,0.0,21100,9032
235.08620806099998,nodecontroller,4496,0.56,0.0,48536,36097
235.08620806099998,nodelet,3810,0.23,0.0,25348,12944
235.08620806099998,nodeproxy,4840,0.01,0.9960742869613683,16040,6577
236.09018018299997,nodestore,3095,0.69,0.0,18908,11101
236.09018018299997,nodeapiserver,3446,1.03,0.0,153676,143571
236.09018018299997,nodescheduler,4654,0.11,0.0,21100,9032
236.09018018299997,nodecontroller,4496,0.56,0.0,48536,36097
236.09018018299997,nodelet,3810,0.23,0.0,25348,12944
236.09018018299997,nodeproxy,4840,0.01,0.0,16040,6577
237.094089214,nodestore,3095,0.69,0.0,18908,11101
237.094089214,nodeapiserver,3446,1.04,0.9961061900238702,153676,143571
237.094089214,nodescheduler,4654,0.11,0.0,21100,9032
237.094089214,nodecontroller,4496,0.57,0.9961061900238702,48536,36097
237.094089214,nodelet,3810,0.23,0.0,25348,12944
237.094089214,nodeproxy,4840,0.01,0.0,16040,6577
238.09785662000002,nodestore,3095,0.69,0.0,18908,11101
238.09785662000002,nodeapiserver,3446,1.04,0.0,153676,143571
238.09785662000002,nodescheduler,4654,0.11,0.0,21100,9032
238.09785662000002,nodecontroller,4496,0.57,0.0,48536,36097
238.09785662000002,nodelet,3810,0.23,0.0,25348,12944
238.09785662000002,nodeproxy,4840,0.01,0.0,16040,6577
239.101825857,nodestore,3095,0.7,0.9960464555549141,18908,11101
239.101825857,nodeapiserver,3446,1.04,0.0,153676,143571
239.101825857,nodescheduler,4654,0.11,0.0,21100,9032
239.101825857,nodecontroller,4496,0.58,0.9960464555549141,48536,36097
239.101825857,nodelet,3810,0.23,0.0,25348,12944
239.101825857,nodeproxy,4840,0.01,0.0,16040,6577
240.10638305700002,nodestore,3095,0.73,2.986390421570752,18908,11099
240.10638305700002,nodeapiserver,3446,1.06,1.9909269477138347,153652,143489
240.10638305700002,nodescheduler,4654,0.11,0.0,21100,9030
240.10638305700002,nodecontroller,4496,0.58,0.0,48536,36095
240.10638305700002,nodelet,3810,0.24,0.9954634738569174,25344,12946
240.10638305700002,nodeproxy,4840,0.01,0.0,16040,6575
241.11033218,nodestore,3095,0.73,0.0,18908,11099
241.11033218,nodeapiserver,3446,1.07,0.9960664112259162,153652,143489
241.11033218,nodescheduler,4654,0.11,0.0,21100,9030
241.11033218,nodecontroller,4496,0.58,0.0,48536,36095
241.11033218,nodelet,3810,0.25,0.9960664112259162,25344,12946
241.11033218,nodeproxy,4840,0.01,0.0,16040,6575
242.11419922599998,nodestore,3095,0.73,0.0,18908,11099
242.11419922599998,nodeapiserver,3446,1.1,2.9884435513187007,153652,143473
242.11419922599998,nodescheduler,4654,0.11,0.0,21100,9030
242.11419922599998,nodecontroller,4496,0.6,1.9922957008791338,48536,36003
242.11419922599998,nodelet,3810,0.25,0.0,25344,12946
242.11419922599998,nodeproxy,4840,0.01,0.0,16040,6575
243.118191868,nodestore,3095,0.74,0.9960232357957717,18908,11099
243.118191868,nodeapiserver,3446,1.1,0.0,153652,143473
243.118191868,nodescheduler,4654,0.13,1.9920464715915434,21100,9030
243.118191868,nodecontroller,4496,0.6,0.0,48536,36003
243.118191868,nodelet,3810,0.25,0.0,25344,12946
243.118191868,nodeproxy,4840,0.01,0.0,16040,6575
244.122152121,nodestore,3095,0.74,0.0,18908,11099
244.122152121,nodeapiserver,3446,1.1,0.0,153652,143473
244.122152121,nodescheduler,4654,0.13,0.0,22892,10906
244.122152121,nodecontroller,4496,0.6,0.0,48536,36047
244.122152121,nodelet,3810,0.25,0.0,25344,12946
244.122152121,nodeproxy,4840,0.01,0.0,16040,6575
245.12589169799998,nodestore,3095,0.75,0.9962743553351227,18908,11099
245.12589169799998,nodeapiserver,3446,1.11,0.9962743553351227,153652,143473
245.12589169799998,nodescheduler,4654,0.13,0.0,22892,10906
245.12589169799998,nodecontroller,4496,0.6,0.0,48536,36047
245.12589169799998,nodelet,3810,0.25,0.0,25344,12946
245.12589169799998,nodeproxy,4840,0.01,0.0,16040,6575
246.129687027,nodestore,3095,0.75,0.0,18908,11099
246.129687027,nodeapiserver,3446,1.11,0.0,153652,143473
246.129687027,nodescheduler,4654,0.13,0.0,22892,10906
246.129687027,nodecontroller,4496,0.6,0.0,48536,36051
246.129687027,nodelet,3810,0.25,0.0,25344,12946
246.129687027,nodeproxy,4840,0.01,0.0,16040,6575
247.133486704,nodestore,3095,0.75,0.0,18908,11099
247.133486704,nodeapiserver,3446,1.11,0.0,153652,143473
247.133486704,nodescheduler,4654,0.13,0.0,22892,10906
247.133486704,nodecontroller,4496,0.6,0.0,48536,36051
247.133486704,nodelet,3810,0.25,0.0,25344,12946
247.133486704,nodeproxy,4840,0.01,0.0,16040,6575
248.137269522,nodestore,3095,0.75,0.0,18908,11099
248.137269522,nodeapiserver,3446,1.12,0.9962314377849905,153652,143473
248.137269522,nodescheduler,4654,0.13,0.0,22892,10906
248.137269522,nodecontroller,4496,0.61,0.9962314377849905,48536,36051
248.137269522,nodelet,3810,0.25,0.0,25344,12946
248.137269522,nodeproxy,4840,0.01,0.0,16040,6575
249.141032054,nodestore,3095,0.75,0.0,18908,11099
249.141032054,nodeapiserver,3446,1.12,0.0,153652,143473
249.141032054,nodescheduler,4654,0.13,0.0,22892,10906
249.141032054,nodecontroller,4496,0.61,0.0,48536,36051
249.141032054,nodelet,3810,0.25,0.0,25344,12946
249.141032054,nodeproxy,4840,0.01,0.0,16040,6575
250.14464670400002,nodestore,3095,0.76,0.9963983686367758,18908,11099
250.14464670400002,nodeapiserver,3446,1.13,0.9963983686367758,153524,143401
250.14464670400002,nodescheduler,4654,0.13,0.0,22892,10906
250.14464670400002,nodecontroller,4496,0.61,0.0,48536,36051
250.14464670400002,nodelet,3810,0.25,0.0,25192,12862
250.14464670400002,nodeproxy,4840,0.01,0.0,16040,6575
251.148445252,nodestore,3095,0.76,0.0,18908,11099
251.148445252,nodeapiserver,3446,1.14,0.9962158263652285,153524,143401
251.148445252,nodescheduler,4654,0.13,0.0,22892,10906
251.148445252,nodecontroller,4496,0.61,0.0,48536,36051
251.148445252,nodelet,3810,0.25,0.0,25192,12862
251.148445252,nodeproxy,4840,0.01,0.0,16040,6575
252.152113876,nodestore,3095,0.76,0.0,18908,11099
252.152113876,nodeapiserver,3446,1.14,0.0,153524,143401
252.152113876,nodescheduler,4654,0.13,0.0,22892,10906
252.152113876,nodecontroller,4496,0.61,0.0,48536,36051
252.152113876,nodelet,3810,0.25,0.0,25192,12862
252.152113876,nodeproxy,4840,0.01,0.0,16040,6575
253.15603254899997,nodestore,3095,0.76,0.0,18908,11099
253.15603254899997,nodeapiserver,3446,1.14,0.0,153524,143405
253.15603254899997,nodescheduler,4654,0.13,0.0,22892,10902
253.15603254899997,nodecontroller,4496,0.62,0.9960966230578451,48536,36051
253.15603254899997,nodelet,3810,0.25,0.0,25192,12862
253.15603254899997,nodeproxy,4840,0.01,0.0,16040,6575
254.15999767099999,nodestore,3095,0.76,0.0,18908,11099
254.15999767099999,nodeapiserver,3446,1.14,0.0,153524,143405
254.15999767099999,nodescheduler,4654,0.13,0.0,22892,10902
254.15999767099999,nodecontroller,4496,0.63,0.9960505380982638,48536,36059
254.15999767099999,nodelet,3810,0.25,0.0,25192,12862
254.15999767099999,nodeproxy,4840,0.01,0.0,16040,6575
255.164016769,nodestore,3095,0.77,0.9959969904875109,18908,11099
255.164016769,nodeapiserver,3446,1.16,1.9919939809750218,153524,143405
255.164016769,nodescheduler,4654,0.13,0.0,22892,10906
255.164016769,nodecontroller,4496,0.63,0.0,48536,36059
255.164016769,nodelet,3810,0.26,0.9959969904875109,25192,12862
255.164016769,nodeproxy,4840,0.01,0.0,16040,6575
256.167791811,nodestore,3095,0.77,0.0,18908,11099
256.167791811,nodeapiserver,3446,1.16,0.0,153524,143405
256.167791811,nodescheduler,4654,0.13,0.0,22892,10906
256.167791811,nodecontroller,4496,0.63,0.0,48536,36063
256.167791811,nodelet,3810,0.26,0.0,25192,12862
256.167791811,nodeproxy,4840,0.01,0.0,16040,6575
257.171461578,nodestore,3095,0.78,0.9963436509490683,18908,11099
257.171461578,nodeapiserver,3446,1.17,0.9963436509490683,153524,143405
257.171461578,nodescheduler,4654,0.13,0.0,22892,10906
257.171461578,nodecontroller,4496,0.63,0.0,48536,36079
257.171461578,nodelet,3810,0.26,0.0,25192,12862
257.171461578,nodeproxy,4840,0.01,0.0,16040,6575
258.175311624,nodestore,3095,0.78,0.0,18908,11099
258.175311624,nodeapiserver,3446,1.17,0.0,153524,143405
258.175311624,nodescheduler,4654,0.13,0.0,22892,10906
258.175311624,nodecontroller,4496,0.63,0.0,48536,36083
258.175311624,nodelet,3810,0.26,0.0,25192,12862
258.175311624,nodeproxy,4840,0.01,0.0,16040,6575
259.179188649,nodestore,3095,0.78,0.0,18908,11099
259.179188649,nodeapiserver,3446,1.17,0.0,153524,143409
259.179188649,nodescheduler,4654,0.13,0.0,22892,10906
259.179188649,nodecontroller,4496,0.64,0.9961379482710959,48536,36087
259.179188649,nodelet,3810,0.26,0.0,25192,12862
259.179188649,nodeproxy,4840,0.01,0.0,16040,6575
260.183042281,nodestore,3095,0.78,0.0,18908,11099
260.183042281,nodeapiserver,3446,1.17,0.0,153652,143405
260.183042281,nodescheduler,4654,0.13,0.0,22892,10906
260.183042281,nodecontroller,4496,0.64,0.0,48536,36087
260.183042281,nodelet,3810,0.26,0.0,25188,12862
260.183042281,nodeproxy,4840,0.01,0.0,16040,6575
261.186975349,nodestore,3095,0.79,0.9960823404214857,18908,11099
261.186975349,nodeapiserver,3446,1.18,0.9960823404214857,153652,143405
261.186975349,nodescheduler,4654,0.13,0.0,22892,10906
261.186975349,nodecontroller,4496,0.64,0.0,48536,36115
261.186975349,nodelet,3810,0.26,0.0,25188,12862
261.186975349,nodeproxy,4840,0.01,0.0,16040,6575
262.190903771,nodestore,3095,0.79,0.0,18908,11099
262.190903771,nodeapiserver,3446,1.18,0.0,153016,142801
262.190903771,nodescheduler,4654,0.13,0.0,22892,10906
262.190903771,nodecontroller,4496,0.65,0.9960869501112687,48408,35895
262.190903771,nodelet,3810,0.26,0.0,25188,12862
262.190903771,nodeproxy,4840,0.01,0.0,16040,6575
263.194783248,nodestore,3095,0.81,1.992271030359956,19036,11109
263.194783248,nodeapiserver,3446,1.25,6.9729486062598465,153016,142951
263.194783248,nodescheduler,4654,0.13,0.0,22892,10903
263.194783248,nodecontroller,4496,0.69,3.984542060719912,48408,36033
263.194783248,nodelet,3810,0.26,0.0,25188,12859
263.194783248,nodeproxy,4840,0.01,0.0,16040,6550
264.198625895,nodestore,3095,0.81,0.0,19036,11109
264.198625895,nodeapiserver,3446,1.25,0.0,153016,142951
264.198625895,nodescheduler,4654,0.13,0.0,22892,10903
264.198625895,nodecontroller,4496,0.7,0.9961720624128863,48408,36033
264.198625895,nodelet,3810,0.26,0.0,25188,12859
264.198625895,nodeproxy,4840,0.01,0.0,16040,6550
265.202437274,nodestore,3095,0.81,0.0,19036,11109
265.202437274,nodeapiserver,3446,1.27,1.992406184907462,152728,142875
265.202437274,nodescheduler,4654,0.15,1.992406184907462,22756,10743
265.202437274,nodecontroller,4496,0.7,0.0,48408,36026
265.202437274,nodelet,3810,0.27,0.996203092453731,25188,12849
265.202437274,nodeproxy,4840,0.01,0.0,16168,6571
266.206336127,nodestore,3095,0.81,0.0,19036,11109
266.206336127,nodeapiserver,3446,1.28,0.9961162890182028,152728,142951
266.206336127,nodescheduler,4654,0.15,0.0,22756,10743
266.206336127,nodecontroller,4496,0.7,0.0,48408,36038
266.206336127,nodelet,3810,0.27,0.0,25188,12849
266.206336127,nodeproxy,4840,0.01,0.0,16168,6571
267.210269696,nodestore,3095,0.81,0.0,19036,11109
267.210269696,nodeapiserver,3446,1.29,0.9960818433395511,152728,142959
267.210269696,nodescheduler,4654,0.15,0.0,22756,10743
267.210269696,nodecontroller,4496,0.7,0.0,48408,36038
267.210269696,nodelet,3810,0.27,0.0,25188,12849
267.210269696,nodeproxy,4840,0.01,0.0,16168,6571
268.214107346,nodestore,3095,0.81,0.0,19036,11109
268.214107346,nodeapiserver,3446,1.29,0.0,152856,143027
268.214107346,nodescheduler,4654,0.15,0.0,22756,10743
268.214107346,nodecontroller,4496,0.7,0.0,48408,36042
268.214107346,nodelet,3810,0.27,0.0,25188,12849
268.214107346,nodeproxy,4840,0.01,0.0,16168,6571
269.218030363,nodestore,3095,0.82,0.996092312922801,19036,11109
269.218030363,nodeapiserver,3446,1.29,0.0,152984,143103
269.218030363,nodescheduler,4654,0.16,0.996092312922801,22756,10743
269.218030363,nodecontroller,4496,0.72,1.992184625845602,48408,36050
269.218030363,nodelet,3810,0.27,0.0,25188,12849
269.218030363,nodeproxy,4840,0.01,0.0,16168,6571
270.222062142,nodestore,3095,0.82,0.0,19036,11109
270.222062142,nodeapiserver,3446,1.3,0.995984410967532,153112,143147
270.222062142,nodescheduler,4654,0.16,0.0,22756,10743
270.222062142,nodecontroller,4496,0.72,0.0,48408,36050
270.222062142,nodelet,3810,0.28,0.995984410967532,25188,12849
270.222062142,nodeproxy,4840,0.01,0.0,16168,6571
271.225842779,nodestore,3095,0.82,0.0,19036,11109
271.225842779,nodeapiserver,3446,1.3,0.0,153112,143151
271.225842779,nodescheduler,4654,0.16,0.0,22756,10743
271.225842779,nodecontroller,4496,0.72,0.0,48408,36050
271.225842779,nodelet,3810,0.28,0.0,25188,12849
271.225842779,nodeproxy,4840,0.01,0.0,16168,6571
272.229986848,nodestore,3095,0.82,0.0,19036,11109
272.229986848,nodeapiserver,3446,1.31,0.9958730334342035,153496,143207
272.229986848,nodescheduler,4654,0.16,0.0,22756,10743
272.229986848,nodecontroller,4496,0.72,0.0,48536,36122
272.229986848,nodelet,3810,0.28,0.0,25188,12849
272.229986848,nodeproxy,4840,0.01,0.0,16168,6571
273.233687414,nodestore,3095,0.83,0.9963130776993467,19036,11109
273.233687414,nodeapiserver,3446,1.33,1.9926261553986935,153496,143211
273.233687414,nodescheduler,4654,0.16,0.0,22756,10743
273.233687414,nodecontroller,4496,0.72,0.0,48536,36122
273.233687414,nodelet,3810,0.28,0.0,25188,12849
273.233687414,nodeproxy,4840,0.01,0.0,16168,6571
274.237664846,nodestore,3095,0.83,0.0,19036,11109
274.237664846,nodeapiserver,3446,1.33,0.0,153496,143211
274.237664846,nodescheduler,4654,0.16,0.0,22756,10743
274.237664846,nodecontroller,4496,0.73,0.996038325291759,48536,36122
274.237664846,nodelet,3810,0.28,0.0,25188,12849
274.237664846,nodeproxy,4840,0.01,0.0,16168,6571
275.241560979,nodestore,3095,0.84,0.9961189879391517,19036,11109
275.241560979,nodeapiserver,3446,1.33,0.0,153496,143211
275.241560979,nodescheduler,4654,0.16,0.0,22756,10743
275.241560979,nodecontroller,4496,0.73,0.0,48536,36122
275.241560979,nodelet,3810,0.28,0.0,25188,12849
275.241560979,nodeproxy,4840,0.01,0.0,16168,6571
276.245403421,nodestore,3095,0.84,0.0,19036,11109
276.245403421,nodeapiserver,3446,1.33,0.0,153496,143211
276.245403421,nodescheduler,4654,0.16,0.0,22756,10743
276.245403421,nodecontroller,4496,0.73,0.0,48536,36122
276.245403421,nodelet,3810,0.28,0.0,25188,12849
276.245403421,nodeproxy,4840,0.01,0.0,16168,6571
277.249151638,nodestore,3095,0.84,0.0,19036,11109
277.249151638,nodeapiserver,3446,1.34,0.9962657796681208,153496,143211
277.249151638,nodescheduler,4654,0.16,0.0,22756,10743
277.249151638,nodecontroller,4496,0.73,0.0,48536,36122
277.249151638,nodelet,3810,0.28,0.0,25188,12849
277.249151638,nodeproxy,4840,0.01,0.0,16168,6571
278.253005156,nodestore,3095,0.84,0.0,19036,11109
278.253005156,nodeapiserver,3446,1.34,0.0,153496,143211
278.253005156,nodescheduler,4654,0.16,0.0,22756,10743
278.253005156,nodecontroller,4496,0.74,0.9961612745974644,48536,36122
278.253005156,nodelet,3810,0.28,0.0,25188,12849
278.253005156,nodeproxy,4840,0.01,0.0,16168,6571
279.256761181,nodestore,3095,0.85,0.996258029933091,19036,11109
279.256761181,nodeapiserver,3446,1.34,0.0,153496,143211
279.256761181,nodescheduler,4654,0.16,0.0,22756,10743
279.256761181,nodecontroller,4496,0.74,0.0,48536,36122
279.256761181,nodelet,3810,0.28,0.0,25188,12757
279.256761181,nodeproxy,4840,0.01,0.0,16168,6571
280.260477818,nodestore,3095,0.85,0.0,19036,11109
280.260477818,nodeapiserver,3446,1.35,0.9962971252413096,153496,143227
280.260477818,nodescheduler,4654,0.16,0.0,22756,10743
280.260477818,nodecontroller,4496,0.74,0.0,48536,36122
280.260477818,nodelet,3810,0.29,0.9962971252413096,25164,12737
280.260477818,nodeproxy,4840,0.01,0.0,16168,6571
281.264338488,nodestore,3095,0.85,0.0,19036,11109
281.264338488,nodeapiserver,3446,1.35,0.0,153496,143227
281.264338488,nodescheduler,4654,0.16,0.0,22756,10743
281.264338488,nodecontroller,4496,0.74,0.0,48536,36122
281.264338488,nodelet,3810,0.29,0.0,25164,12737
281.264338488,nodeproxy,4840,0.01,0.0,16168,6571
282.268033715,nodestore,3095,0.85,0.0,19036,11109
282.268033715,nodeapiserver,3446,1.35,0.0,153496,143227
282.268033715,nodescheduler,4654,0.16,0.0,22756,10743
282.268033715,nodecontroller,4496,0.74,0.0,48536,36122
282.268033715,nodelet,3810,0.29,0.0,25164,12737
282.268033715,nodeproxy,4840,0.01,0.0,16168,6571
283.271949117,nodestore,3095,0.85,0.0,19036,11109
283.271949117,nodeapiserver,3446,1.35,0.0,153496,143227
283.271949117,nodescheduler,4654,0.16,0.0,22756,10743
283.271949117,nodecontroller,4496,0.74,0.0,48536,36122
283.271949117,nodelet,3810,0.29,0.0,25164,12737
283.271949117,nodeproxy,4840,0.01,0.0,16168,6571
284.275725019,nodestore,3095,0.85,0.0,19036,11109
284.275725019,nodeapiserver,3446,1.35,0.0,153496,143227
284.275725019,nodescheduler,4654,0.16,0.0,22756,10743
284.275725019,nodecontroller,4496,0.74,0.0,48536,36122
284.275725019,nodelet,3810,0.29,0.0,25164,12737
284.275725019,nodeproxy,4840,0.01,0.0,16168,6571
285.279623231,nodestore,3095,0.86,0.9961169250493455,19036,11109
285.279623231,nodeapiserver,3446,1.36,0.9961169250493455,153496,143227
285.279623231,nodescheduler,4654,0.16,0.0,22756,10743
285.279623231,nodecontroller,4496,0.74,0.0,48536,36122
285.279623231,nodelet,3810,0.29,0.0,25164,12737
285.279623231,nodeproxy,4840,0.01,0.0,16168,6571
286.28350612,nodestore,3095,0.86,0.0,19036,11109
286.28350612,nodeapiserver,3446,1.36,0.0,153496,143227
286.28350612,nodescheduler,4654,0.16,0.0,22756,10743
286.28350612,nodecontroller,4496,0.74,0.0,48536,36122
286.28350612,nodelet,3810,0.29,0.0,25164,12737
286.28350612,nodeproxy,4840,0.01,0.0,16168,6571
287.287283821,nodestore,3095,0.87,0.9962365163160862,19036,11109
287.287283821,nodeapiserver,3446,1.38,1.9924730326321725,153496,143215
287.287283821,nodescheduler,4654,0.16,0.0,22756,10743
287.287283821,nodecontroller,4496,0.76,1.9924730326321725,48536,36074
287.287283821,nodelet,3810,0.29,0.0,25164,12737
287.287283821,nodeproxy,4840,0.01,0.0,16168,6571
288.291125218,nodestore,3095,0.87,0.0,19036,11109
288.291125218,nodeapiserver,3446,1.38,0.0,153496,143215
288.291125218,nodescheduler,4654,0.16,0.0,22756,10743
288.291125218,nodecontroller,4496,0.76,0.0,48536,36074
288.291125218,nodelet,3810,0.29,0.0,25164,12737
288.291125218,nodeproxy,4840,0.01,0.0,16168,6571
289.29497351,nodestore,3095,0.88,0.9961664605790986,19036,11109
289.29497351,nodeapiserver,3446,1.39,0.9961664605790986,153496,143215
289.29497351,nodescheduler,4654,0.16,0.0,22756,10743
289.29497351,nodecontroller,4496,0.76,0.0,48536,36074
289.29497351,nodelet,3810,0.29,0.0,25164,12737
289.29497351,nodeproxy,4840,0.01,0.0,16168,6571
290.298743693,nodestore,3095,0.88,0.0,19036,11109
290.298743693,nodeapiserver,3446,1.39,0.0,153496,143219
290.298743693,nodescheduler,4654,0.16,0.0,22756,10743
290.298743693,nodecontroller,4496,0.76,0.0,48536,36074
290.298743693,nodelet,3810,0.3,0.9962439778906755,25160,12741
290.298743693,nodeproxy,4840,0.01,0.0,16168,6571
291.302567407,nodestore,3095,0.88,0.0,19036,11109
291.302567407,nodeapiserver,3446,1.39,0.0,153496,143219
291.302567407,nodescheduler,4654,0.16,0.0,22756,10743
291.302567407,nodecontroller,4496,0.76,0.0,48536,36074
291.302567407,nodelet,3810,0.3,0.0,25160,12741
291.302567407,nodeproxy,4840,0.01,0.0,16168,6571
292.306398097,nodestore,3095,0.88,0.0,19036,11109
292.306398097,nodeapiserver,3446,1.39,0.0,153496,143219
292.306398097,nodescheduler,4654,0.16,0.0,22756,10743
292.306398097,nodecontroller,4496,0.77,0.9961839281881563,48536,36074
292.306398097,nodelet,3810,0.3,0.0,25160,12741
292.306398097,nodeproxy,4840,0.01,0.0,16168,6571
293.310176966,nodestore,3095,0.88,0.0,19036,11109
293.310176966,nodeapiserver,3446,1.41,1.992470714184813,153496,143223
293.310176966,nodescheduler,4654,0.16,0.0,22756,10743
293.310176966,nodecontroller,4496,0.77,0.0,48536,36074
293.310176966,nodelet,3810,0.3,0.0,25160,12741
293.310176966,nodeproxy,4840,0.01,0.0,16168,6571
294.313952248,nodestore,3095,0.89,0.9962389171483413,19036,11109
294.313952248,nodeapiserver,3446,1.41,0.0,153496,143223
294.313952248,nodescheduler,4654,0.16,0.0,22756,10743
294.313952248,nodecontroller,4496,0.78,0.9962389171483413,48536,36074
294.313952248,nodelet,3810,0.3,0.0,25160,12741
294.313952248,nodeproxy,4840,0.01,0.0,16168,6571
295.317724363,nodestore,3095,0.89,0.0,19036,11109
295.317724363,nodeapiserver,3446,1.42,0.9962420603804043,153496,143223
295.317724363,nodescheduler,4654,0.16,0.0,22756,10743
295.317724363,nodecontroller,4496,0.78,0.0,48536,36074
295.317724363,nodelet,3810,0.3,0.0,25160,12741
295.317724363,nodeproxy,4840,0.01,0.0,16168,6571
296.321471744,nodestore,3095,0.9,0.9962666094368794,19036,11109
296.321471744,nodeapiserver,3446,1.42,0.0,153496,143223
296.321471744,nodescheduler,4654,0.16,0.0,22756,10743
296.321471744,nodecontroller,4496,0.78,0.0,48536,36074
296.321471744,nodelet,3810,0.3,0.0,25160,12741
296.321471744,nodeproxy,4840,0.01,0.0,16168,6571
297.325342996,nodestore,3095,0.9,0.0,19036,11109
297.325342996,nodeapiserver,3446,1.42,0.0,153496,143231
297.325342996,nodescheduler,4654,0.16,0.0,22756,10743
297.325342996,nodecontroller,4496,0.78,0.0,48536,36078
297.325342996,nodelet,3810,0.3,0.0,25160,12741
297.325342996,nodeproxy,4840,0.01,0.0,16168,6571
298.329164931,nodestore,3095,0.9,0.0,19036,11109
298.329164931,nodeapiserver,3446,1.42,0.0,153496,143235
298.329164931,nodescheduler,4654,0.16,0.0,22756,10743
298.329164931,nodecontroller,4496,0.79,0.9961926165720195,48536,36078
298.329164931,nodelet,3810,0.3,0.0,25160,12741
298.329164931,nodeproxy,4840,0.01,0.0,16168,6571
299.332928908,nodestore,3095,0.9,0.0,19036,11109
299.332928908,nodeapiserver,3446,1.43,0.9962501373965869,153496,143235
299.332928908,nodescheduler,4654,0.16,0.0,22756,10743
299.332928908,nodecontroller,4496,0.79,0.0,48536,36078
299.332928908,nodelet,3810,0.3,0.0,25160,12741
299.332928908,nodeproxy,4840,0.01,0.0,16168,6571
300.336702229,nodestore,3095,0.92,1.9924817268578519,19036,11109
300.336702229,nodeapiserver,3446,1.44,0.9962408634289259,153496,143255
300.336702229,nodescheduler,4654,0.17,0.9962408634289259,22756,10839
300.336702229,nodecontroller,4496,0.79,0.0,48536,36078
300.336702229,nodelet,3810,0.32,1.9924817268578519,25288,12741
300.336702229,nodeproxy,4840,0.01,0.0,16168,6583
