elapsed_seconds,component,pid,cpu_seconds,cpu_pct_one_core,rss_kib,pss_kib
1.0001892430000225,nodestore,2527,0.07,6.998675549642802,19076,11474
1.0001892430000225,nodeapiserver,2845,0.18,17.99659427051006,152808,143098
1.0001892430000225,nodescheduler,4070,0.0,0.0,21976,11398
1.0001892430000225,nodecontroller,3913,0.02,1.9996215856122288,45572,34655
1.0001892430000225,nodelet,3214,0.03,2.9994323784183434,25676,13864
1.0001892430000225,nodeproxy,4253,0.0,0.0,16080,6781
1.0001892430000225,containerd,2387,0.05,4.999053964030573,86204,85231
1.0001892430000225,flanneld,3353,0.0,0.0,42284,42544
1.0001892430000225,coredns,3824,0.02,1.9996215856122288,66112,66352
2.0118298980000304,nodestore,2527,0.14,6.919453034437358,19076,11514
2.0118298980000304,nodeapiserver,2845,0.34,15.81589265014253,152720,143118
2.0118298980000304,nodescheduler,4070,0.0,0.0,21976,11418
2.0118298980000304,nodecontroller,3913,0.04,1.9769865812678162,45700,34811
2.0118298980000304,nodelet,3214,0.04,0.9884932906339081,25672,13864
2.0118298980000304,nodeproxy,4253,0.0,0.0,16080,6781
2.0118298980000304,containerd,2387,0.11,5.930959743803449,85164,84151
2.0118298980000304,flanneld,3353,0.0,0.0,42284,42544
2.0118298980000304,coredns,3824,0.02,0.0,66112,66352
3.02515581199998,nodestore,2527,0.19,4.934246653441697,19076,11522
3.02515581199998,nodeapiserver,2845,0.47,12.829041298948413,152720,143118
3.02515581199998,nodescheduler,4070,0.0,0.0,21976,11418
3.02515581199998,nodecontroller,3913,0.04,0.0,45700,34795
3.02515581199998,nodelet,3214,0.05,0.9868493306883395,25672,13864
3.02515581199998,nodeproxy,4253,0.0,0.0,16080,6781
3.02515581199998,containerd,2387,0.12,0.9868493306883395,85164,84151
3.02515581199998,flanneld,3353,0.0,0.0,42284,42544
3.02515581199998,coredns,3824,0.04,1.973698661376679,66112,66352
4.038132150000024,nodestore,2527,0.26,6.910329232191499,19076,11522
4.038132150000024,nodeapiserver,2845,0.64,16.78222813532221,152684,143154
4.038132150000024,nodescheduler,4070,0.01,0.9871898903130711,21976,11434
4.038132150000024,nodecontroller,3913,0.06,1.9743797806261423,45828,34943
4.038132150000024,nodelet,3214,0.07,1.9743797806261423,25672,13884
4.038132150000024,nodeproxy,4253,0.0,0.0,16080,6781
4.038132150000024,containerd,2387,0.17,4.935949451565356,85164,84183
4.038132150000024,flanneld,3353,0.01,0.9871898903130711,42284,42544
4.038132150000024,coredns,3824,0.04,0.0,66112,66352
5.0469351300000085,nodestore,2527,0.33,6.938916853715191,19076,11522
5.0469351300000085,nodeapiserver,2845,0.8,15.860381379920435,152748,143186
5.0469351300000085,nodescheduler,4070,0.02,0.9912738362450272,21976,11446
5.0469351300000085,nodecontroller,3913,0.08,1.9825476724900544,45956,35079
5.0469351300000085,nodelet,3214,0.08,0.9912738362450272,25672,13884
5.0469351300000085,nodeproxy,4253,0.0,0.0,16080,6781
5.0469351300000085,containerd,2387,0.23,5.947643017470162,85548,84295
5.0469351300000085,flanneld,3353,0.01,0.0,42284,42544
5.0469351300000085,coredns,3824,0.06,1.9825476724900544,66112,66352
6.060828789000027,nodestore,2527,0.47,13.808154213931962,19204,11654
6.060828789000027,nodeapiserver,2845,1.18,37.47927572352961,152816,143370
6.060828789000027,nodescheduler,4070,0.03,0.9862967295665687,22104,11630
6.060828789000027,nodecontroller,3913,0.13,4.931483647832843,46852,36147
6.060828789000027,nodelet,3214,0.14,5.917780377399412,25800,14000
6.060828789000027,nodeproxy,4253,0.0,0.0,16208,6805
6.060828789000027,containerd,2387,0.42,18.739637861764805,85824,84779
6.060828789000027,flanneld,3353,0.01,0.0,42284,42548
6.060828789000027,coredns,3824,0.07,0.9862967295665687,66112,66356
7.073036215000002,nodestore,2527,0.54,6.915578586162412,19332,11778
7.073036215000002,nodeapiserver,2845,1.36,17.782916364417627,153028,143426
7.073036215000002,nodescheduler,4070,0.03,0.0,22104,11666
7.073036215000002,nodecontroller,3913,0.15,1.9758795960464033,47236,36431
7.073036215000002,nodelet,3214,0.16,1.9758795960464033,25800,14004
7.073036215000002,nodeproxy,4253,0.0,0.0,16208,6805
7.073036215000002,containerd,2387,0.49,6.915578586162412,88748,87475
7.073036215000002,flanneld,3353,0.01,0.0,42284,42548
7.073036215000002,coredns,3824,0.08,0.9879397980232016,66112,66364
8.08943038000001,nodestore,2527,0.6,5.9032216108796245,19332,11778
8.08943038000001,nodeapiserver,2845,1.49,12.790313490239186,152940,143430
8.08943038000001,nodescheduler,4070,0.03,0.0,22104,11690
8.08943038000001,nodecontroller,3913,0.15,0.0,47236,36431
8.08943038000001,nodelet,3214,0.17,0.9838702684799374,25800,14004
8.08943038000001,nodeproxy,4253,0.0,0.0,16208,6805
8.08943038000001,containerd,2387,0.5,0.9838702684799374,88748,87475
8.08943038000001,flanneld,3353,0.01,0.0,42284,42548
8.08943038000001,coredns,3824,0.09,0.9838702684799374,66112,66368
9.106156874000021,nodestore,2527,0.66,5.9012920735396275,19332,11786
9.106156874000021,nodeapiserver,2845,1.68,18.687424899542155,152936,143546
9.106156874000021,nodescheduler,4070,0.03,0.0,22104,11718
9.106156874000021,nodecontroller,3913,0.17,1.9670973578465425,47364,36611
9.106156874000021,nodelet,3214,0.2,2.9506460367698137,25900,14100
9.106156874000021,nodeproxy,4253,0.0,0.0,16208,6805
9.106156874000021,containerd,2387,0.58,7.86838943138617,88876,87659
9.106156874000021,flanneld,3353,0.01,0.0,42284,42548
9.106156874000021,coredns,3824,0.1,0.9835486789232712,66112,66368
10.11789905500001,nodestore,2527,0.73,6.918758683246085,19460,11786
10.11789905500001,nodeapiserver,2845,1.85,16.80269965931192,153036,143582
10.11789905500001,nodescheduler,4070,0.04,0.9883940976065835,22104,11754
10.11789905500001,nodecontroller,3913,0.19,1.976788195213167,47620,36867
10.11789905500001,nodelet,3214,0.22,1.976788195213167,25768,14124
10.11789905500001,nodeproxy,4253,0.0,0.0,16208,6805
10.11789905500001,containerd,2387,0.65,6.918758683246085,89020,87759
10.11789905500001,flanneld,3353,0.01,0.0,42284,42548
10.11789905500001,coredns,3824,0.12,1.976788195213167,66112,66372
11.136344125999983,nodestore,2527,0.8,6.873222915328127,19460,11870
11.136344125999983,nodeapiserver,2845,2.02,16.692112794368306,153168,143654
11.136344125999983,nodescheduler,4070,0.04,0.0,22104,11754
11.136344125999983,nodecontroller,3913,0.2,0.981888987904018,48084,37259
11.136344125999983,nodelet,3214,0.23,0.981888987904018,25768,14124
11.136344125999983,nodeproxy,4253,0.0,0.0,16208,6801
11.136344125999983,containerd,2387,0.67,1.963777975808036,89020,87759
11.136344125999983,flanneld,3353,0.01,0.0,42284,42548
11.136344125999983,coredns,3824,0.13,0.981888987904018,66112,66372
12.14817087900002,nodestore,2527,0.87,6.918180389325748,19588,11914
12.14817087900002,nodeapiserver,2845,2.22,19.76622968378785,153248,143722
12.14817087900002,nodescheduler,4070,0.05,0.9883114841893924,22232,11770
12.14817087900002,nodecontroller,3913,0.21,0.9883114841893924,48084,37315
12.14817087900002,nodelet,3214,0.25,1.9766229683787848,25768,14100
12.14817087900002,nodeproxy,4253,0.0,0.0,16208,6801
12.14817087900002,containerd,2387,0.71,3.9532459367575696,89020,87827
12.14817087900002,flanneld,3353,0.01,0.0,42284,42548
12.14817087900002,coredns,3824,0.14,0.9883114841893924,66112,66372
13.161851109999986,nodestore,2527,0.94,6.905530744241407,19588,11914
13.161851109999986,nodeapiserver,2845,2.38,15.784070272551785,153352,143782
13.161851109999986,nodescheduler,4070,0.05,0.0,22360,11782
13.161851109999986,nodecontroller,3913,0.24,2.9595131761034597,48340,37563
13.161851109999986,nodelet,3214,0.27,1.9730087840689732,25768,14100
13.161851109999986,nodeproxy,4253,0.0,0.0,16208,6801
13.161851109999986,containerd,2387,0.77,5.919026352206919,89020,87935
13.161851109999986,flanneld,3353,0.01,0.0,42284,42548
13.161851109999986,coredns,3824,0.15,0.9865043920344866,66112,66372
14.173203501999978,nodestore,2527,0.99,4.94387519083461,19588,11934
14.173203501999978,nodeapiserver,2845,2.51,12.854075496169987,153352,143830
14.173203501999978,nodescheduler,4070,0.05,0.0,22360,11782
14.173203501999978,nodecontroller,3913,0.24,0.0,48340,37579
14.173203501999978,nodelet,3214,0.27,0.0,25768,14100
14.173203501999978,nodeproxy,4253,0.0,0.0,16208,6801
14.173203501999978,containerd,2387,0.79,1.977550076333844,89020,87935
14.173203501999978,flanneld,3353,0.01,0.0,42284,42548
14.173203501999978,coredns,3824,0.16,0.988775038166922,66112,66376
15.206414171999995,nodestore,2527,1.07,7.742854610667029,19588,11914
15.206414171999995,nodeapiserver,2845,2.7,18.389279700334193,153616,143954
15.206414171999995,nodescheduler,4070,0.05,0.0,22360,11810
15.206414171999995,nodecontroller,3913,0.27,2.9035704790001358,48724,37851
15.206414171999995,nodelet,3214,0.29,1.9357136526667573,25768,14100
15.206414171999995,nodeproxy,4253,0.0,0.0,16208,6801
15.206414171999995,containerd,2387,0.84,4.8392841316668935,89276,87999
15.206414171999995,flanneld,3353,0.02,0.9678568263333787,42284,42548
15.206414171999995,coredns,3824,0.16,0.0,66112,66376
16.217913435000014,nodestore,2527,1.15,7.909051734029639,19420,12002
16.217913435000014,nodeapiserver,2845,2.87,16.806734934812983,153764,144162
16.217913435000014,nodescheduler,4070,0.05,0.0,22488,11878
16.217913435000014,nodecontroller,3913,0.29,1.9772629335074097,49364,38463
16.217913435000014,nodelet,3214,0.3,0.9886314667537048,25768,14112
16.217913435000014,nodeproxy,4253,0.0,0.0,16208,6804
16.217913435000014,containerd,2387,0.89,4.943157333768524,89276,88079
16.217913435000014,flanneld,3353,0.02,0.0,42284,42548
16.217913435000014,coredns,3824,0.18,1.9772629335074097,66112,66376
17.243906525,nodestore,2527,1.23,7.797323469303395,19420,12035
17.243906525,nodeapiserver,2845,3.1,22.417304974247262,153868,144267
17.243906525,nodescheduler,4070,0.06,0.9746654336629244,22488,11902
17.243906525,nodecontroller,3913,0.33,3.8986617346516974,49748,38892
17.243906525,nodelet,3214,0.34,3.8986617346516974,26280,14533
17.243906525,nodeproxy,4253,0.0,0.0,16208,6801
17.243906525,containerd,2387,1.07,17.543977805932638,89404,88163
17.243906525,flanneld,3353,0.02,0.0,42284,42548
17.243906525,coredns,3824,0.19,0.9746654336629244,66112,66380
18.301307549,nodestore,2527,1.32,8.511434919889007,19420,12051
18.301307549,nodeapiserver,2845,3.36,24.588589768568244,154356,144836
18.301307549,nodescheduler,4070,0.07,0.9457149910987785,22488,11754
18.301307549,nodecontroller,3913,0.36,2.837144973296336,49184,38249
18.301307549,nodelet,3214,0.37,2.837144973296336,26408,14382
18.301307549,nodeproxy,4253,0.0,0.0,16208,6801
18.301307549,containerd,2387,1.25,17.022869839778014,85948,84703
18.301307549,flanneld,3353,0.02,0.0,42284,42548
18.301307549,coredns,3824,0.2,0.9457149910987785,66112,66384
19.335947197999985,nodestore,2527,1.39,6.7656405848797165,19676,12095
19.335947197999985,nodeapiserver,2845,3.54,17.39736150397641,154712,144948
19.335947197999985,nodescheduler,4070,0.07,0.0,22488,11734
19.335947197999985,nodecontroller,3913,0.38,1.93304016710849,49184,38277
19.335947197999985,nodelet,3214,0.4,2.899560250662735,26520,14466
19.335947197999985,nodeproxy,4253,0.0,0.0,16208,6801
19.335947197999985,containerd,2387,1.29,3.86608033421698,85948,84715
19.335947197999985,flanneld,3353,0.03,0.966520083554245,42284,42548
19.335947197999985,coredns,3824,0.22,1.93304016710849,66112,66384
20.373510890000034,nodestore,2527,1.47,7.710370034806137,19676,12143
20.373510890000034,nodeapiserver,2845,3.72,17.34833257831381,154712,144944
20.373510890000034,nodescheduler,4070,0.07,0.0,22488,11730
20.373510890000034,nodecontroller,3913,0.39,0.9637962543507671,49184,38305
20.373510890000034,nodelet,3214,0.42,1.9275925087015342,26392,14438
20.373510890000034,nodeproxy,4253,0.0,0.0,16208,6801
20.373510890000034,containerd,2387,1.36,6.74657378045537,85948,84723
20.373510890000034,flanneld,3353,0.03,0.0,42284,42548
20.373510890000034,coredns,3824,0.22,0.0,66112,66384
21.383894047000013,nodestore,2527,1.54,6.928064815316543,19676,12167
21.383894047000013,nodeapiserver,2845,3.91,18.804747355859185,154724,145172
21.383894047000013,nodescheduler,4070,0.08,0.9897235450452203,22488,11714
21.383894047000013,nodecontroller,3913,0.42,2.969170635135661,49184,38361
21.383894047000013,nodelet,3214,0.44,1.9794470900904406,26392,14462
21.383894047000013,nodeproxy,4253,0.0,0.0,16208,6801
21.383894047000013,containerd,2387,1.45,8.907511905406983,85804,84539
21.383894047000013,flanneld,3353,0.03,0.0,42284,42548
21.383894047000013,coredns,3824,0.24,1.9794470900904406,66112,66384
22.40410515299999,nodestore,2527,1.61,6.861325032468487,19676,12167
22.40410515299999,nodeapiserver,2845,4.05,13.722650064936975,154808,145208
22.40410515299999,nodescheduler,4070,0.08,0.0,22488,11718
22.40410515299999,nodecontroller,3913,0.43,0.980189290352641,49184,38361
22.40410515299999,nodelet,3214,0.45,0.980189290352641,26392,14462
22.40410515299999,nodeproxy,4253,0.0,0.0,16208,6801
22.40410515299999,containerd,2387,1.45,0.0,85804,84539
22.40410515299999,flanneld,3353,0.03,0.0,42284,42548
22.40410515299999,coredns,3824,0.24,0.0,66112,66392
23.42401368200001,nodestore,2527,1.68,6.86336058672166,19804,12167
23.42401368200001,nodeapiserver,2845,4.21,15.687681341078077,154868,145308
23.42401368200001,nodescheduler,4070,0.08,0.0,22488,11726
23.42401368200001,nodecontroller,3913,0.45,1.9609601676347597,49184,38421
23.42401368200001,nodelet,3214,0.47,1.9609601676347597,26392,14486
23.42401368200001,nodeproxy,4253,0.0,0.0,16208,6801
23.42401368200001,containerd,2387,1.56,10.785280921991179,85804,84535
23.42401368200001,flanneld,3353,0.03,0.0,42284,42548
23.42401368200001,coredns,3824,0.26,1.9609601676347597,66112,66392
24.43970688500002,nodestore,2527,1.74,5.9072956107986565,19804,12275
24.43970688500002,nodeapiserver,2845,4.39,17.72188683239597,154960,145500
24.43970688500002,nodescheduler,4070,0.08,0.0,22488,11730
24.43970688500002,nodecontroller,3913,0.46,0.9845492684664428,49184,38441
24.43970688500002,nodelet,3214,0.48,0.9845492684664428,26392,14486
24.43970688500002,nodeproxy,4253,0.0,0.0,16208,6801
24.43970688500002,containerd,2387,1.64,7.876394147731542,85804,84551
24.43970688500002,flanneld,3353,0.04,0.9845492684664428,42284,42472
24.43970688500002,coredns,3824,0.26,0.0,66112,66404
25.497293033999995,nodestore,2527,1.8,5.673296691407547,19804,12279
25.497293033999995,nodeapiserver,2845,4.52,12.292142831383018,155744,146372
25.497293033999995,nodescheduler,4070,0.09,0.9455494485679244,22488,11722
25.497293033999995,nodecontroller,3913,0.47,0.9455494485679244,49184,38441
25.497293033999995,nodelet,3214,0.49,0.9455494485679244,26392,14486
25.497293033999995,nodeproxy,4253,0.0,0.0,16208,6801
25.497293033999995,containerd,2387,1.65,0.9455494485679244,85804,84551
25.497293033999995,flanneld,3353,0.04,0.0,42284,42472
25.497293033999995,coredns,3824,0.28,1.8910988971358489,66112,66408
26.531516813999986,nodestore,2527,1.87,6.768361098794367,19804,12295
26.531516813999986,nodeapiserver,2845,4.71,18.37126583958471,155052,145604
26.531516813999986,nodescheduler,4070,0.1,0.9669087283991952,22488,11722
26.531516813999986,nodecontroller,3913,0.5,2.9007261851975854,49184,38453
26.531516813999986,nodelet,3214,0.51,1.9338174567983903,26392,14486
26.531516813999986,nodeproxy,4253,0.0,0.0,16208,6801
26.531516813999986,containerd,2387,1.74,8.702178555592756,85804,84555
26.531516813999986,flanneld,3353,0.04,0.0,42284,42472
26.531516813999986,coredns,3824,0.28,0.0,66112,66412
27.55299034799998,nodestore,2527,1.94,6.8528451956935745,19804,12295
27.55299034799998,nodeapiserver,2845,4.91,19.57955770198164,155172,145716
27.55299034799998,nodescheduler,4070,0.1,0.0,22488,11722
27.55299034799998,nodecontroller,3913,0.51,0.9789778850990819,49184,38465
27.55299034799998,nodelet,3214,0.53,1.9579557701981638,26392,14450
27.55299034799998,nodeproxy,4253,0.0,0.0,16208,6801
27.55299034799998,containerd,2387,1.81,6.8528451956935745,85804,84551
27.55299034799998,flanneld,3353,0.04,0.0,42284,42472
27.55299034799998,coredns,3824,0.3,1.9579557701981638,66112,66412
28.571438821000015,nodestore,2527,2.01,6.87319995618449,19804,12295
28.571438821000015,nodeapiserver,2845,5.06,14.728285620395335,155344,145748
28.571438821000015,nodescheduler,4070,0.1,0.0,22488,11730
28.571438821000015,nodecontroller,3913,0.53,1.963771416052711,49184,38465
28.571438821000015,nodelet,3214,0.54,0.9818857080263556,26392,14454
28.571438821000015,nodeproxy,4253,0.0,0.0,16208,6801
28.571438821000015,containerd,2387,1.82,0.9818857080263556,85804,84547
28.571438821000015,flanneld,3353,0.04,0.0,42284,42472
28.571438821000015,coredns,3824,0.3,0.0,66112,66412
29.609481813000002,nodestore,2527,2.09,7.706809892899022,19804,12379
29.609481813000002,nodeapiserver,2845,5.22,15.413619785798044,155292,145828
29.609481813000002,nodescheduler,4070,0.1,0.0,22488,11722
29.609481813000002,nodecontroller,3913,0.55,1.9267024732247555,49184,38465
29.609481813000002,nodelet,3214,0.57,2.8900537098371335,26392,14482
29.609481813000002,nodeproxy,4253,0.0,0.0,16208,6801
29.609481813000002,containerd,2387,1.94,11.560214839348534,86060,84919
29.609481813000002,flanneld,3353,0.04,0.0,42284,42472
29.609481813000002,coredns,3824,0.32,1.9267024732247555,66112,66412
30.633714674000032,nodestore,2527,2.16,6.8343833385363295,19932,12423
30.633714674000032,nodeapiserver,2845,5.42,19.526809538675224,155468,145896
30.633714674000032,nodescheduler,4070,0.1,0.0,22488,11722
30.633714674000032,nodecontroller,3913,0.57,1.9526809538675225,49184,38477
30.633714674000032,nodelet,3214,0.59,1.9526809538675225,26392,14426
30.633714674000032,nodeproxy,4253,0.0,0.0,16208,6801
30.633714674000032,containerd,2387,2.02,7.81072381547009,86572,85367
30.633714674000032,flanneld,3353,0.04,0.0,42284,42472
30.633714674000032,coredns,3824,0.32,0.0,66112,66412
31.655065702,nodestore,2527,2.23,6.853667160552571,19932,12423
31.655065702,nodeapiserver,2845,5.57,14.686429629755507,155504,145968
31.655065702,nodescheduler,4070,0.1,0.0,22488,11730
31.655065702,nodecontroller,3913,0.58,0.9790953086503672,49184,38489
31.655065702,nodelet,3214,0.61,1.9581906173007344,26392,14426
31.655065702,nodeproxy,4253,0.0,0.0,16208,6801
31.655065702,containerd,2387,2.03,0.9790953086503672,86572,85374
31.655065702,flanneld,3353,0.04,0.0,42284,42472
31.655065702,coredns,3824,0.34,1.9581906173007344,66112,66412
32.68868008600003,nodestore,2527,2.31,7.7398303698526645,19932,12423
32.68868008600003,nodeapiserver,2845,5.75,17.414618332168494,155612,146000
32.68868008600003,nodescheduler,4070,0.11,0.9674787962315831,22488,11722
32.68868008600003,nodecontroller,3913,0.6,1.9349575924631661,49184,38489
32.68868008600003,nodelet,3214,0.63,1.9349575924631661,26392,14426
32.68868008600003,nodeproxy,4253,0.0,0.0,16208,6801
32.68868008600003,containerd,2387,2.12,8.707309166084247,86700,85423
32.68868008600003,flanneld,3353,0.04,0.0,42284,42472
32.68868008600003,coredns,3824,0.35,0.9674787962315831,66112,66412
33.705514325000024,nodestore,2527,2.39,7.867555687215675,19932,12499
33.705514325000024,nodeapiserver,2845,5.93,17.70200029623527,155772,146056
33.705514325000024,nodescheduler,4070,0.11,0.0,22488,11722
33.705514325000024,nodecontroller,3913,0.62,1.9668889218039187,49184,38505
33.705514325000024,nodelet,3214,0.64,0.9834444609019594,26392,14426
33.705514325000024,nodeproxy,4253,0.0,0.0,16208,6801
33.705514325000024,containerd,2387,2.19,6.884111226313717,86700,85415
33.705514325000024,flanneld,3353,0.04,0.0,42284,42472
33.705514325000024,coredns,3824,0.36,0.9834444609019594,66112,66412
34.713357659999986,nodestore,2527,2.45,5.953306224920593,19932,12511
34.713357659999986,nodeapiserver,2845,6.07,13.89104785814805,155796,146064
34.713357659999986,nodescheduler,4070,0.11,0.0,22488,11722
34.713357659999986,nodecontroller,3913,0.63,0.992217704153432,49184,38505
34.713357659999986,nodelet,3214,0.66,1.984435408306864,26392,14426
34.713357659999986,nodeproxy,4253,0.0,0.0,16208,6801
34.713357659999986,containerd,2387,2.19,0.0,86700,85419
34.713357659999986,flanneld,3353,0.05,0.992217704153432,42284,42472
34.713357659999986,coredns,3824,0.37,0.992217704153432,66112,66412
35.73943197300002,nodestore,2527,2.52,6.8221179609626805,19932,12567
35.73943197300002,nodeapiserver,2845,6.25,17.542589042475463,156000,146172
35.73943197300002,nodescheduler,4070,0.12,0.9745882801375256,22488,11722
35.73943197300002,nodecontroller,3913,0.65,1.9491765602750513,49312,38517
35.73943197300002,nodelet,3214,0.68,1.9491765602750513,26392,14426
35.73943197300002,nodeproxy,4253,0.0,0.0,16208,6801
35.73943197300002,containerd,2387,2.3,10.720471081512782,86700,85415
35.73943197300002,flanneld,3353,0.05,0.0,42284,42472
35.73943197300002,coredns,3824,0.39,1.9491765602750513,66112,66416
36.751529861999984,nodestore,2527,2.6,7.904373763593841,19932,12571
36.751529861999984,nodeapiserver,2845,6.43,17.784840968086144,155952,146216
36.751529861999984,nodescheduler,4070,0.12,0.0,22488,11730
36.751529861999984,nodecontroller,3913,0.67,1.9760934408984603,49312,38525
36.751529861999984,nodelet,3214,0.7,1.9760934408984603,26264,14354
36.751529861999984,nodeproxy,4253,0.0,0.0,16208,6801
36.751529861999984,containerd,2387,2.34,3.9521868817969206,86700,85419
36.751529861999984,flanneld,3353,0.05,0.0,42284,42472
36.751529861999984,coredns,3824,0.4,0.9880467204492301,66112,66416
37.76336473700002,nodestore,2527,2.66,5.9298213060701235,19932,12571
37.76336473700002,nodeapiserver,2845,6.57,13.836249714163623,155916,146224
37.76336473700002,nodescheduler,4070,0.12,0.0,22488,11722
37.76336473700002,nodecontroller,3913,0.69,1.9766071020233746,49312,38525
37.76336473700002,nodelet,3214,0.71,0.9883035510116873,26264,14326
37.76336473700002,nodeproxy,4253,0.0,0.0,16208,6801
37.76336473700002,containerd,2387,2.39,4.941517755058436,86700,85423
37.76336473700002,flanneld,3353,0.05,0.0,42284,42472
37.76336473700002,coredns,3824,0.41,0.9883035510116873,66112,66416
38.787065651000034,nodestore,2527,2.75,8.791630325729935,19924,12647
38.787065651000034,nodeapiserver,2845,6.75,17.58326065145987,155884,146272
38.787065651000034,nodescheduler,4070,0.13,0.9768478139699928,22488,11722
38.787065651000034,nodecontroller,3913,0.71,1.9536956279399855,49312,38533
38.787065651000034,nodelet,3214,0.73,1.9536956279399855,26264,14362
38.787065651000034,nodeproxy,4253,0.0,0.0,16208,6801
38.787065651000034,containerd,2387,2.47,7.814782511759942,86700,85431
38.787065651000034,flanneld,3353,0.05,0.0,42284,42472
38.787065651000034,coredns,3824,0.42,0.9768478139699928,66112,66416
39.80900139200003,nodestore,2527,2.82,6.849745751284032,20180,12699
39.80900139200003,nodeapiserver,2845,6.94,18.592167039199513,155944,146412
39.80900139200003,nodescheduler,4070,0.13,0.0,22488,11730
39.80900139200003,nodecontroller,3913,0.72,0.9785351073262902,49312,38545
39.80900139200003,nodelet,3214,0.76,2.9356053219788705,26388,14418
39.80900139200003,nodeproxy,4253,0.0,0.0,16208,6801
39.80900139200003,containerd,2387,2.55,7.828280858610322,86828,85447
39.80900139200003,flanneld,3353,0.06,0.9785351073262902,42284,42472
39.80900139200003,coredns,3824,0.43,0.9785351073262902,66112,66416
40.82541723600002,nodestore,2527,2.89,6.886944985481793,20180,12699
40.82541723600002,nodeapiserver,2845,7.11,16.725437821884352,156072,146448
40.82541723600002,nodescheduler,4070,0.13,0.0,22488,11722
40.82541723600002,nodecontroller,3913,0.75,2.9515478509207678,48364,37265
40.82541723600002,nodelet,3214,0.77,0.9838492836402559,26388,14390
40.82541723600002,nodeproxy,4253,0.0,0.0,16208,6801
40.82541723600002,containerd,2387,2.58,2.9515478509207678,86828,85447
40.82541723600002,flanneld,3353,0.06,0.0,42284,42472
40.82541723600002,coredns,3824,0.44,0.9838492836402559,66112,66416
41.83669989600003,nodestore,2527,2.97,7.910745745408065,20180,12699
41.83669989600003,nodeapiserver,2845,7.29,17.799177927168145,156244,146456
41.83669989600003,nodescheduler,4070,0.13,0.0,22488,11738
41.83669989600003,nodecontroller,3913,0.77,1.9776864363520164,48364,37289
41.83669989600003,nodelet,3214,0.79,1.9776864363520164,26388,14398
41.83669989600003,nodeproxy,4253,0.0,0.0,16208,6801
41.83669989600003,containerd,2387,2.64,5.933059309056048,86828,85459
41.83669989600003,flanneld,3353,0.06,0.0,42284,42472
41.83669989600003,coredns,3824,0.45,0.9888432181760082,66112,66416
42.84773400099999,nodestore,2527,3.04,6.9236042240140305,20180,12699
42.84773400099999,nodeapiserver,2845,7.46,16.81446740117693,156168,146532
42.84773400099999,nodescheduler,4070,0.13,0.0,22488,11750
42.84773400099999,nodecontroller,3913,0.78,0.98908631771629,48492,37445
42.84773400099999,nodelet,3214,0.8,0.98908631771629,26388,14398
42.84773400099999,nodeproxy,4253,0.0,0.0,16208,6801
42.84773400099999,containerd,2387,2.7,5.93451790629774,86828,85466
42.84773400099999,flanneld,3353,0.06,0.0,42284,42472
42.84773400099999,coredns,3824,0.46,0.98908631771629,66112,66420
43.866104542000016,nodestore,2527,3.11,6.873725935872131,20180,12779
43.866104542000016,nodeapiserver,2845,7.6,13.747451871744262,156168,146532
43.866104542000016,nodescheduler,4070,0.14,0.9819608479817329,22488,11750
43.866104542000016,nodecontroller,3913,0.78,0.0,48492,37473
43.866104542000016,nodelet,3214,0.81,0.9819608479817329,26388,14402
43.866104542000016,nodeproxy,4253,0.0,0.0,16208,6801
43.866104542000016,containerd,2387,2.72,1.9639216959634658,86828,85467
43.866104542000016,flanneld,3353,0.06,0.0,42284,42472
43.866104542000016,coredns,3824,0.48,1.9639216959634658,66112,66420
44.888405084,nodestore,2527,3.19,7.825487389793577,20180,12827
44.888405084,nodeapiserver,2845,7.79,18.585532550759744,156172,146592
44.888405084,nodescheduler,4070,0.15,0.9781859237241971,22488,11766
44.888405084,nodecontroller,3913,0.81,2.9345577711725914,48620,37621
44.888405084,nodelet,3214,0.83,1.9563718474483942,26388,14402
44.888405084,nodeproxy,4253,0.0,0.0,16208,6801
44.888405084,containerd,2387,2.77,4.890929618620985,86828,85475
44.888405084,flanneld,3353,0.06,0.0,42284,42472
44.888405084,coredns,3824,0.48,0.0,66112,66420
45.912231835,nodestore,2527,3.27,7.813822008641762,20308,12827
45.912231835,nodeapiserver,2845,7.97,17.581099519443963,156212,146696
45.912231835,nodescheduler,4070,0.15,0.0,22488,11786
45.912231835,nodecontroller,3913,0.82,0.9767277510802203,48620,37737
45.912231835,nodelet,3214,0.83,0.0,26388,14402
45.912231835,nodeproxy,4253,0.0,0.0,16208,6801
45.912231835,containerd,2387,2.8,2.930183253240661,86828,85475
45.912231835,flanneld,3353,0.06,0.0,42284,42472
45.912231835,coredns,3824,0.49,0.9767277510802203,66112,66420
46.97330522100003,nodestore,2527,3.34,6.597093181639548,20308,12827
46.97330522100003,nodeapiserver,2845,8.12,14.136628246370456,156212,146700
46.97330522100003,nodescheduler,4070,0.15,0.0,22488,11786
46.97330522100003,nodecontroller,3913,0.83,0.9424418830913638,48620,37769
46.97330522100003,nodelet,3214,0.86,2.8273256492740915,26388,14390
46.97330522100003,nodeproxy,4253,0.0,0.0,16208,6801
46.97330522100003,containerd,2387,2.85,4.712209415456819,86828,85483
46.97330522100003,flanneld,3353,0.06,0.0,42284,42472
46.97330522100003,coredns,3824,0.5,0.9424418830913638,66112,66420
47.98677076000001,nodestore,2527,3.42,7.893706980795676,20436,12827
47.98677076000001,nodeapiserver,2845,8.33,20.72098082458865,156176,146744
47.98677076000001,nodescheduler,4070,0.15,0.0,22488,11806
47.98677076000001,nodecontroller,3913,0.85,1.973426745198919,48876,37869
47.98677076000001,nodelet,3214,0.88,1.973426745198919,26388,14386
47.98677076000001,nodeproxy,4253,0.0,0.0,16208,6801
47.98677076000001,containerd,2387,2.9,4.9335668629972975,86828,85479
47.98677076000001,flanneld,3353,0.06,0.0,42284,42472
47.98677076000001,coredns,3824,0.52,1.973426745198919,66112,66420
49.002510803999996,nodestore,2527,3.49,6.891527060835377,20436,12827
49.002510803999996,nodeapiserver,2845,8.46,12.798550255837126,156212,146744
49.002510803999996,nodescheduler,4070,0.15,0.0,22488,11806
49.002510803999996,nodecontroller,3913,0.85,0.0,48876,37869
49.002510803999996,nodelet,3214,0.88,0.0,26388,14386
49.002510803999996,nodeproxy,4253,0.0,0.0,16208,6801
49.002510803999996,containerd,2387,2.92,1.96900773166725,86828,85479
49.002510803999996,flanneld,3353,0.06,0.0,42284,42472
49.002510803999996,coredns,3824,0.52,0.0,66112,66420
50.01617060000001,nodestore,2527,3.58,8.878718516325455,20432,12827
50.01617060000001,nodeapiserver,2845,8.66,19.730485591834345,156364,146928
50.01617060000001,nodescheduler,4070,0.15,0.0,22488,11806
50.01617060000001,nodecontroller,3913,0.87,1.9730485591834346,48876,37977
50.01617060000001,nodelet,3214,0.92,3.946097118366869,26508,14422
50.01617060000001,nodeproxy,4253,0.0,0.0,16208,6801
50.01617060000001,containerd,2387,3.02,9.865242795917172,86956,85683
50.01617060000001,flanneld,3353,0.07,0.9865242795917173,42284,42472
50.01617060000001,coredns,3824,0.54,1.9730485591834346,66112,66420
51.036426009000024,nodestore,2527,3.66,7.841173817290572,20424,12827
51.036426009000024,nodeapiserver,2845,8.85,18.622787816065106,156460,146936
51.036426009000024,nodescheduler,4070,0.15,0.0,22488,11842
51.036426009000024,nodecontroller,3913,0.9,2.9404401814839645,48876,38085
51.036426009000024,nodelet,3214,0.94,1.960293454322643,26508,14382
51.036426009000024,nodeproxy,4253,0.0,0.0,16208,6801
51.036426009000024,containerd,2387,3.06,3.920586908645286,87212,85967
51.036426009000024,flanneld,3353,0.07,0.0,42284,42472
51.036426009000024,coredns,3824,0.55,0.9801467271613215,66112,66424
52.068941059999986,nodestore,2527,3.73,6.779562189646241,20424,12827
52.068941059999986,nodeapiserver,2845,8.97,11.622106610822128,156460,146936
52.068941059999986,nodescheduler,4070,0.15,0.0,22488,11842
52.068941059999986,nodecontroller,3913,0.91,0.9685088842351772,48876,38085
52.068941059999986,nodelet,3214,0.95,0.9685088842351772,26508,14382
52.068941059999986,nodeproxy,4253,0.0,0.0,16208,6801
52.068941059999986,containerd,2387,3.07,0.9685088842351772,87212,85967
52.068941059999986,flanneld,3353,0.07,0.0,42284,42472
52.068941059999986,coredns,3824,0.55,0.0,66112,66424
53.087723443000016,nodestore,2527,3.83,9.81563891059128,20408,12827
53.087723443000016,nodeapiserver,2845,9.24,26.502225058596455,156672,146992
53.087723443000016,nodescheduler,4070,0.16,0.981563891059128,22488,11850
53.087723443000016,nodecontroller,3913,0.95,3.926255564236512,49132,38453
53.087723443000016,nodelet,3214,0.98,2.944691673177384,26636,14654
53.087723443000016,nodeproxy,4253,0.0,0.0,16208,6801
53.087723443000016,containerd,2387,3.25,17.668150039064304,87340,86050
53.087723443000016,flanneld,3353,0.07,0.0,42284,42472
53.087723443000016,coredns,3824,0.57,1.963127782118256,66112,66424
54.188856094000016,nodestore,2527,3.93,9.081557967533193,20408,12827
54.188856094000016,nodeapiserver,2845,9.49,22.703894918832983,156740,147028
54.188856094000016,nodescheduler,4070,0.17,0.9081557967533193,22488,11762
54.188856094000016,nodecontroller,3913,0.97,1.8163115935066385,48800,37997
54.188856094000016,nodelet,3214,1.01,2.724467390259958,26636,14422
54.188856094000016,nodeproxy,4253,0.0,0.0,16208,6801
54.188856094000016,containerd,2387,3.39,12.714181154546472,88748,87511
54.188856094000016,flanneld,3353,0.07,0.0,42284,42472
54.188856094000016,coredns,3824,0.57,0.0,66112,66424
55.20309853399999,nodestore,2527,4.0,6.901702910400959,20408,12827
55.20309853399999,nodeapiserver,2845,9.62,12.817448262173208,156740,147028
55.20309853399999,nodescheduler,4070,0.17,0.0,22488,11754
55.20309853399999,nodecontroller,3913,0.99,1.9719151172574167,48800,37997
55.20309853399999,nodelet,3214,1.02,0.9859575586287084,26508,14418
55.20309853399999,nodeproxy,4253,0.0,0.0,16208,6801
55.20309853399999,containerd,2387,3.41,1.9719151172574167,88876,87707
55.20309853399999,flanneld,3353,0.08,0.9859575586287084,42284,42472
55.20309853399999,coredns,3824,0.59,1.9719151172574167,66112,66424
56.215009334,nodestore,2527,4.09,8.894064575652235,20408,12827
56.215009334,nodeapiserver,2845,9.82,19.764587945893858,156672,147068
56.215009334,nodescheduler,4070,0.18,0.9882293972946928,22488,11754
56.215009334,nodecontroller,3913,1.01,1.9764587945893857,48800,38001
56.215009334,nodelet,3214,1.04,1.9764587945893857,26508,14398
56.215009334,nodeproxy,4253,0.0,0.0,16208,6801
56.215009334,containerd,2387,3.51,9.882293972946929,88008,86611
56.215009334,flanneld,3353,0.08,0.0,42284,42472
56.215009334,coredns,3824,0.59,0.0,66112,66424
57.225675411000054,nodestore,2527,4.16,6.926125413032572,20404,12827
57.225675411000054,nodeapiserver,2845,9.99,16.820590288793387,156780,147128
57.225675411000054,nodescheduler,4070,0.18,0.0,22488,11762
57.225675411000054,nodecontroller,3913,1.02,0.9894464875760814,48800,38013
57.225675411000054,nodelet,3214,1.06,1.978892975152163,26508,14398
57.225675411000054,nodeproxy,4253,0.0,0.0,16208,6801
57.225675411000054,containerd,2387,3.55,3.957785950304326,88008,86615
57.225675411000054,flanneld,3353,0.08,0.0,42284,42472
57.225675411000054,coredns,3824,0.61,1.978892975152163,66112,66424
58.239842173,nodestore,2527,4.25,8.87428018470249,20404,12827
58.239842173,nodeapiserver,2845,10.14,14.790466974504149,156780,147128
58.239842173,nodescheduler,4070,0.18,0.0,22488,11758
58.239842173,nodecontroller,3913,1.05,2.9580933949008297,48800,38017
58.239842173,nodelet,3214,1.07,0.9860311316336099,26508,14418
58.239842173,nodeproxy,4253,0.0,0.0,16208,6801
58.239842173,containerd,2387,3.59,3.9441245265344396,88008,86615
58.239842173,flanneld,3353,0.08,0.0,42284,42472
58.239842173,coredns,3824,0.62,0.9860311316336099,66112,66424
59.253410051,nodestore,2527,4.34,8.87952370566342,20384,12827
59.253410051,nodeapiserver,2845,10.34,19.732274901474266,156836,147236
59.253410051,nodescheduler,4070,0.19,0.9866137450737134,22488,11758
59.253410051,nodecontroller,3913,1.07,1.9732274901474267,48800,38017
59.253410051,nodelet,3214,1.1,2.95984123522114,26504,14430
59.253410051,nodeproxy,4253,0.0,0.0,16208,6801
59.253410051,containerd,2387,3.7,10.852751195810846,87280,85851
59.253410051,flanneld,3353,0.08,0.0,42284,42472
59.253410051,coredns,3824,0.63,0.9866137450737134,66112,66424
60.266748033000056,nodestore,2527,4.41,6.907863047020018,20384,12827
60.266748033000056,nodeapiserver,2845,10.5,15.78940125033147,156820,147244
60.266748033000056,nodescheduler,4070,0.19,0.0,22488,11766
60.266748033000056,nodecontroller,3913,1.08,0.9868375781457168,48800,38017
60.266748033000056,nodelet,3214,1.11,0.9868375781457168,26504,14442
60.266748033000056,nodeproxy,4253,0.0,0.0,16208,6801
60.266748033000056,containerd,2387,3.73,2.9605127344371502,87280,85855
60.266748033000056,flanneld,3353,0.08,0.0,42284,42472
60.266748033000056,coredns,3824,0.63,0.0,66112,66424
61.29097616600001,nodestore,2527,4.49,7.810759871014381,20384,12827
61.29097616600001,nodeapiserver,2845,10.66,15.621519742028761,156820,147232
61.29097616600001,nodescheduler,4070,0.19,0.0,22488,11758
61.29097616600001,nodecontroller,3913,1.1,1.9526899677535952,48800,38021
61.29097616600001,nodelet,3214,1.13,1.9526899677535952,26372,14426
61.29097616600001,nodeproxy,4253,0.0,0.0,16208,6801
61.29097616600001,containerd,2387,3.81,7.810759871014381,87412,85931
61.29097616600001,flanneld,3353,0.08,0.0,42284,42476
61.29097616600001,coredns,3824,0.65,1.9526899677535952,66112,66424
62.304616770999985,nodestore,2527,4.58,8.878886614847278,20384,12827
62.304616770999985,nodeapiserver,2845,10.85,18.74431618689981,156872,147316
62.304616770999985,nodescheduler,4070,0.2,0.9865429572052532,22488,11754
62.304616770999985,nodecontroller,3913,1.12,1.9730859144105064,48800,38029
62.304616770999985,nodelet,3214,1.15,1.9730859144105064,26372,14426
62.304616770999985,nodeproxy,4253,0.0,0.0,16208,6801
62.304616770999985,containerd,2387,3.88,6.905800700436773,87412,85931
62.304616770999985,flanneld,3353,0.08,0.0,42284,42476
62.304616770999985,coredns,3824,0.66,0.9865429572052532,66112,66424
63.314613938000036,nodestore,2527,4.66,7.9208142966995005,20384,12827
63.314613938000036,nodeapiserver,2845,11.02,16.831730380486437,156852,147348
63.314613938000036,nodescheduler,4070,0.2,0.0,22488,11762
63.314613938000036,nodecontroller,3913,1.13,0.9901017870874376,48800,38033
63.314613938000036,nodelet,3214,1.16,0.9901017870874376,26372,14434
63.314613938000036,nodeproxy,4253,0.0,0.0,16208,6801
63.314613938000036,containerd,2387,3.9,1.9802035741748751,87412,85922
63.314613938000036,flanneld,3353,0.08,0.0,42284,42476
63.314613938000036,coredns,3824,0.67,0.9901017870874376,66112,66424
64.34146501699996,nodestore,2527,4.74,7.7908083884874415,20384,12827
64.34146501699996,nodeapiserver,2845,11.19,16.555467825535814,156924,147348
64.34146501699996,nodescheduler,4070,0.2,0.0,22488,11754
64.34146501699996,nodecontroller,3913,1.16,2.9215531456827906,48800,38033
64.34146501699996,nodelet,3214,1.18,1.9477020971218604,26372,14426
64.34146501699996,nodeproxy,4253,0.0,0.0,16208,6801
64.34146501699996,containerd,2387,3.98,7.7908083884874415,87412,85939
64.34146501699996,flanneld,3353,0.09,0.9738510485609302,42284,42476
64.34146501699996,coredns,3824,0.69,1.9477020971218604,66112,66424
65.35890783099995,nodestore,2527,4.83,8.845705995619792,20384,12827
65.35890783099995,nodeapiserver,2845,11.38,18.674268212975115,156940,147480
65.35890783099995,nodescheduler,4070,0.2,0.0,22488,11766
65.35890783099995,nodecontroller,3913,1.18,1.9657124434710649,48800,38041
65.35890783099995,nodelet,3214,1.2,1.9657124434710649,26372,14446
65.35890783099995,nodeproxy,4253,0.0,0.0,16208,6801
65.35890783099995,containerd,2387,4.04,5.897137330413194,87412,85938
65.35890783099995,flanneld,3353,0.09,0.0,42284,42476
65.35890783099995,coredns,3824,0.7,0.9828562217355324,66112,66424
66.37225994099998,nodestore,2527,4.93,9.868238198072854,20384,12831
66.37225994099998,nodeapiserver,2845,11.53,14.80235729710928,156940,147468
66.37225994099998,nodescheduler,4070,0.2,0.0,22488,11762
66.37225994099998,nodecontroller,3913,1.19,0.9868238198072853,48800,38041
66.37225994099998,nodelet,3214,1.21,0.9868238198072853,26372,14434
66.37225994099998,nodeproxy,4253,0.0,0.0,16208,6789
66.37225994099998,containerd,2387,4.08,3.947295279229141,87412,86003
66.37225994099998,flanneld,3353,0.09,0.0,42284,42476
66.37225994099998,coredns,3824,0.71,0.9868238198072853,66112,66424
67.395643012,nodestore,2527,5.01,7.817209632149471,20384,12831
67.395643012,nodeapiserver,2845,11.71,17.58872167233631,157084,147520
67.395643012,nodescheduler,4070,0.21,0.9771512040186838,22488,11762
67.395643012,nodecontroller,3913,1.21,1.9543024080373677,48800,38101
67.395643012,nodelet,3214,1.23,1.9543024080373677,26372,14430
67.395643012,nodeproxy,4253,0.0,0.0,16208,6789
67.395643012,containerd,2387,4.16,7.817209632149471,87412,86023
67.395643012,flanneld,3353,0.09,0.0,42284,42476
67.395643012,coredns,3824,0.71,0.0,66112,66428
68.40644139700004,nodestore,2527,5.1,8.903852769807909,20512,12831
68.40644139700004,nodeapiserver,2845,11.9,18.797022514038918,157120,147592
68.40644139700004,nodescheduler,4070,0.21,0.0,22488,11774
68.40644139700004,nodecontroller,3913,1.23,1.978633948846202,48800,38117
68.40644139700004,nodelet,3214,1.25,1.978633948846202,26372,14378
68.40644139700004,nodeproxy,4253,0.0,0.0,16208,6789
68.40644139700004,containerd,2387,4.21,4.946584872115505,87412,86023
68.40644139700004,flanneld,3353,0.09,0.0,42284,42476
68.40644139700004,coredns,3824,0.73,1.978633948846202,66112,66428
69.42209596100002,nodestore,2527,5.18,7.876693792910576,20512,12831
69.42209596100002,nodeapiserver,2845,12.06,15.753387585821152,157196,147628
69.42209596100002,nodescheduler,4070,0.21,0.0,22488,11766
69.42209596100002,nodecontroller,3913,1.25,1.969173448227644,48800,38149
69.42209596100002,nodelet,3214,1.27,1.969173448227644,26496,14486
69.42209596100002,nodeproxy,4253,0.0,0.0,16208,6789
69.42209596100002,containerd,2387,4.27,5.907520344682932,87412,86035
69.42209596100002,flanneld,3353,0.09,0.0,42284,42476
69.42209596100002,coredns,3824,0.74,0.984586724113822,66112,66428
70.441835734,nodestore,2527,5.27,8.825781084837878,20336,12831
70.441835734,nodeapiserver,2845,12.26,19.612846855195283,157216,147704
70.441835734,nodescheduler,4070,0.22,0.9806423427597641,22488,11766
70.441835734,nodecontroller,3913,1.28,2.9419270282792924,49312,38225
70.441835734,nodelet,3214,1.3,2.9419270282792924,26496,14482
70.441835734,nodeproxy,4253,0.0,0.0,16208,6789
70.441835734,containerd,2387,4.36,8.825781084837878,86996,85595
70.441835734,flanneld,3353,0.1,0.9806423427597641,42284,42476
70.441835734,coredns,3824,0.75,0.9806423427597641,66112,66428
71.46833963800003,nodestore,2527,5.35,7.793443326251303,20336,12831
71.46833963800003,nodeapiserver,2845,12.43,16.561067068284018,157348,147724
71.46833963800003,nodescheduler,4070,0.22,0.0,22488,11774
71.46833963800003,nodecontroller,3913,1.29,0.9741804157814129,49312,38221
71.46833963800003,nodelet,3214,1.31,0.9741804157814129,26496,14526
71.46833963800003,nodeproxy,4253,0.0,0.0,16208,6789
71.46833963800003,containerd,2387,4.41,4.870902078907064,86996,85595
71.46833963800003,flanneld,3353,0.1,0.0,42284,42476
71.46833963800003,coredns,3824,0.76,0.9741804157814129,66112,66428
72.50940113300004,nodestore,2527,5.44,8.645022453740765,20336,12831
72.50940113300004,nodeapiserver,2845,12.59,15.368928806650251,157348,147728
72.50940113300004,nodescheduler,4070,0.22,0.0,22488,11766
72.50940113300004,nodecontroller,3913,1.3,0.9605580504156407,49312,38197
72.50940113300004,nodelet,3214,1.32,0.9605580504156407,26368,14478
72.50940113300004,nodeproxy,4253,0.0,0.0,16208,6789
72.50940113300004,containerd,2387,4.45,3.8422322016625627,86996,85595
72.50940113300004,flanneld,3353,0.1,0.0,42284,42476
72.50940113300004,coredns,3824,0.77,0.9605580504156407,66112,66428
73.52195449900006,nodestore,2527,5.52,7.900818138211434,20464,12831
73.52195449900006,nodeapiserver,2845,12.78,18.764443078252157,157344,147748
73.52195449900006,nodescheduler,4070,0.22,0.0,22488,11766
73.52195449900006,nodecontroller,3913,1.33,2.962806801829288,49180,38201
73.52195449900006,nodelet,3214,1.34,1.9752045345528586,26368,14482
73.52195449900006,nodeproxy,4253,0.0,0.0,16208,6789
73.52195449900006,containerd,2387,4.54,8.888420405487864,86996,85595
73.52195449900006,flanneld,3353,0.1,0.0,42284,42476
73.52195449900006,coredns,3824,0.78,0.9876022672764293,66112,66492
74.540066663,nodestore,2527,5.6,7.857680403866027,20464,12811
74.540066663,nodeapiserver,2845,12.94,15.715360807732054,157456,147824
74.540066663,nodescheduler,4070,0.23,0.9822100504832534,22488,11770
74.540066663,nodecontroller,3913,1.34,0.9822100504832534,49180,38209
74.540066663,nodelet,3214,1.35,0.9822100504832534,26368,14490
74.540066663,nodeproxy,4253,0.0,0.0,16208,6789
74.540066663,containerd,2387,4.57,2.94663015144976,86996,85586
74.540066663,flanneld,3353,0.1,0.0,42284,42476
74.540066663,coredns,3824,0.79,0.9822100504832534,66112,66492
75.55677976700002,nodestore,2527,5.69,8.852054689362827,20464,12811
75.55677976700002,nodeapiserver,2845,13.1,15.736986114422804,157456,147824
75.55677976700002,nodescheduler,4070,0.23,0.0,22488,11766
75.55677976700002,nodecontroller,3913,1.36,1.9671232643028504,49180,38209
75.55677976700002,nodelet,3214,1.36,0.9835616321514252,26368,14486
75.55677976700002,nodeproxy,4253,0.0,0.0,16208,6789
75.55677976700002,containerd,2387,4.62,4.917808160757126,86996,85587
75.55677976700002,flanneld,3353,0.1,0.0,42284,42476
75.55677976700002,coredns,3824,0.8,0.9835616321514252,66112,66492
76.56941163200003,nodestore,2527,5.77,7.900205668522959,20464,12831
76.56941163200003,nodeapiserver,2845,13.29,18.76298846274203,157460,147864
76.56941163200003,nodescheduler,4070,0.24,0.9875257085653699,22488,11766
76.56941163200003,nodecontroller,3913,1.38,1.9750514171307398,49180,38213
76.56941163200003,nodelet,3214,1.4,3.9501028342614797,26368,14482
76.56941163200003,nodeproxy,4253,0.0,0.0,16208,6789
76.56941163200003,containerd,2387,4.71,8.887731377088329,86996,85587
76.56941163200003,flanneld,3353,0.1,0.0,42284,42476
76.56941163200003,coredns,3824,0.81,0.9875257085653699,66112,66492
77.58535436799997,nodestore,2527,5.86,8.858767016176104,20464,12831
77.58535436799997,nodeapiserver,2845,13.47,17.71753403235221,157612,147956
77.58535436799997,nodescheduler,4070,0.24,0.0,22488,11774
77.58535436799997,nodecontroller,3913,1.39,0.9843074462417893,49180,38225
77.58535436799997,nodelet,3214,1.4,0.0,26368,14490
77.58535436799997,nodeproxy,4253,0.0,0.0,16208,6789
77.58535436799997,containerd,2387,4.73,1.9686148924835787,86996,85590
77.58535436799997,flanneld,3353,0.1,0.0,42284,42476
77.58535436799997,coredns,3824,0.82,0.9843074462417893,66112,66492
78.620211041,nodestore,2527,5.94,7.7305391255854845,20448,12831
78.620211041,nodeapiserver,2845,13.62,14.494760860472784,157612,147960
78.620211041,nodescheduler,4070,0.25,0.9663173906981856,22488,11766
78.620211041,nodecontroller,3913,1.41,1.9326347813963711,49180,38225
78.620211041,nodelet,3214,1.42,1.9326347813963711,26368,14486
78.620211041,nodeproxy,4253,0.0,0.0,16208,6789
78.620211041,containerd,2387,4.82,8.69685651628367,86996,85603
78.620211041,flanneld,3353,0.1,0.0,42284,42476
78.620211041,coredns,3824,0.83,0.9663173906981856,66112,66492
79.634668439,nodestore,2527,6.03,8.871737756305548,20444,12831
79.634668439,nodeapiserver,2845,13.82,19.714972791790107,157624,148020
79.634668439,nodescheduler,4070,0.25,0.0,22488,11770
79.634668439,nodecontroller,3913,1.44,2.9572459187685163,49180,38197
79.634668439,nodelet,3214,1.45,2.9572459187685163,26496,14518
79.634668439,nodeproxy,4253,0.0,0.0,16208,6789
79.634668439,containerd,2387,4.91,8.871737756305548,86996,85623
79.634668439,flanneld,3353,0.11,0.9857486395895053,42284,42476
79.634668439,coredns,3824,0.84,0.9857486395895053,66112,66492
80.64617806200005,nodestore,2527,6.13,9.886213410744277,20444,12831
80.64617806200005,nodeapiserver,2845,13.99,16.806562798265272,157700,148076
80.64617806200005,nodescheduler,4070,0.25,0.0,22488,11778
80.64617806200005,nodecontroller,3913,1.45,0.9886213410744278,49180,38205
80.64617806200005,nodelet,3214,1.46,0.9886213410744278,26496,14526
80.64617806200005,nodeproxy,4253,0.0,0.0,16208,6789
80.64617806200005,containerd,2387,4.92,0.9886213410744278,86996,85623
80.64617806200005,flanneld,3353,0.12,0.9886213410744278,42284,42476
80.64617806200005,coredns,3824,0.85,0.9886213410744278,66112,66496
81.68041087900002,nodestore,2527,6.21,7.73520223735097,20444,12831
81.68041087900002,nodeapiserver,2845,14.16,16.43730475437081,157660,148116
81.68041087900002,nodescheduler,4070,0.25,0.0,22488,11766
81.68041087900002,nodecontroller,3913,1.47,1.9338005593377425,49180,38205
81.68041087900002,nodelet,3214,1.49,2.900700839006614,26496,14518
81.68041087900002,nodeproxy,4253,0.0,0.0,16208,6789
81.68041087900002,containerd,2387,5.0,7.73520223735097,86996,85623
81.68041087900002,flanneld,3353,0.12,0.0,42284,42476
81.68041087900002,coredns,3824,0.86,0.9669002796688713,66112,66496
82.69439663600002,nodestore,2527,6.29,7.889657171979386,20444,12831
82.69439663600002,nodeapiserver,2845,14.33,16.765521490456194,157652,148152
82.69439663600002,nodescheduler,4070,0.25,0.0,22488,11778
82.69439663600002,nodecontroller,3913,1.48,0.9862071464974232,49180,38201
82.69439663600002,nodelet,3214,1.5,0.9862071464974232,26496,14518
82.69439663600002,nodeproxy,4253,0.0,0.0,16208,6789
82.69439663600002,containerd,2387,5.05,4.931035732487116,86996,85623
82.69439663600002,flanneld,3353,0.12,0.0,42284,42476
82.69439663600002,coredns,3824,0.87,0.9862071464974232,66112,66496
83.71015465600004,nodestore,2527,6.36,6.891405100596553,20444,12831
83.71015465600004,nodeapiserver,2845,14.47,13.782810201193106,157652,148152
83.71015465600004,nodescheduler,4070,0.25,0.0,22488,11770
83.71015465600004,nodecontroller,3913,1.5,1.968972885884729,49180,38201
83.71015465600004,nodelet,3214,1.51,0.9844864429423645,26496,14518
83.71015465600004,nodeproxy,4253,0.0,0.0,16208,6789
83.71015465600004,containerd,2387,5.1,4.922432214711823,86996,85622
83.71015465600004,flanneld,3353,0.12,0.0,42284,42476
83.71015465600004,coredns,3824,0.88,0.9844864429423645,66112,66496
84.72986211000006,nodestore,2527,6.46,9.806734236150707,20444,12831
84.72986211000006,nodeapiserver,2845,14.67,19.613468472301413,157644,148196
84.72986211000006,nodescheduler,4070,0.26,0.9806734236150707,22488,11770
84.72986211000006,nodecontroller,3913,1.52,1.9613468472301414,49180,38201
84.72986211000006,nodelet,3214,1.53,1.9613468472301414,26496,14518
84.72986211000006,nodeproxy,4253,0.0,0.0,16208,6789
84.72986211000006,containerd,2387,5.18,7.845387388920566,86996,85619
84.72986211000006,flanneld,3353,0.12,0.0,42284,42476
84.72986211000006,coredns,3824,0.9,1.9613468472301414,66112,66496
85.74701049799995,nodestore,2527,6.54,7.865125771600612,20444,12831
85.74701049799995,nodeapiserver,2845,14.84,16.7133922646513,157948,148268
85.74701049799995,nodescheduler,4070,0.26,0.0,22488,11778
85.74701049799995,nodecontroller,3913,1.54,1.966281442900153,48712,37769
85.74701049799995,nodelet,3214,1.55,1.966281442900153,26496,14546
85.74701049799995,nodeproxy,4253,0.0,0.0,16208,6789
85.74701049799995,containerd,2387,5.23,4.915703607250382,86996,85615
85.74701049799995,flanneld,3353,0.12,0.0,42284,42476
85.74701049799995,coredns,3824,0.9,0.0,66112,66496
86.79299280599997,nodestore,2527,6.63,8.604352034604226,20444,12831
86.79299280599997,nodeapiserver,2845,15.0,15.2966258392964,157948,148252
86.79299280599997,nodescheduler,4070,0.26,0.0,22488,11778
86.79299280599997,nodecontroller,3913,1.55,0.956039114956025,48712,37701
86.79299280599997,nodelet,3214,1.56,0.956039114956025,26496,14518
86.79299280599997,nodeproxy,4253,0.0,0.0,16208,6789
86.79299280599997,containerd,2387,5.25,1.91207822991205,86996,85615
86.79299280599997,flanneld,3353,0.12,0.0,42284,42476
86.79299280599997,coredns,3824,0.92,1.91207822991205,66112,66496
87.80933924599998,nodestore,2527,6.71,7.871331747863404,20292,12831
87.80933924599998,nodeapiserver,2845,15.16,15.742663495726807,157792,148236
87.80933924599998,nodescheduler,4070,0.27,0.9839164684829255,22488,11786
87.80933924599998,nodecontroller,3913,1.57,1.967832936965851,48712,37705
87.80933924599998,nodelet,3214,1.57,0.9839164684829255,26496,14522
87.80933924599998,nodeproxy,4253,0.0,0.0,16208,6789
87.80933924599998,containerd,2387,5.31,5.903498810897553,86996,85619
87.80933924599998,flanneld,3353,0.12,0.0,42284,42476
87.80933924599998,coredns,3824,0.92,0.0,66112,66496
88.82242443399997,nodestore,2527,6.8,8.883754403484657,20276,12831
88.82242443399997,nodeapiserver,2845,15.32,15.793341161750499,158004,148304
88.82242443399997,nodescheduler,4070,0.27,0.0,22488,11794
88.82242443399997,nodecontroller,3913,1.58,0.9870838226094062,48712,37773
88.82242443399997,nodelet,3214,1.59,1.9741676452188124,26496,14530
88.82242443399997,nodeproxy,4253,0.0,0.0,16208,6789
88.82242443399997,containerd,2387,5.34,2.9612514678282187,86996,85626
88.82242443399997,flanneld,3353,0.12,0.0,42284,42476
88.82242443399997,coredns,3824,0.93,0.9870838226094062,66112,66496
89.84100668499997,nodestore,2527,6.87,6.87229724759853,20404,12831
89.84100668499997,nodeapiserver,2845,15.47,14.72635124485399,157992,148364
89.84100668499997,nodescheduler,4070,0.27,0.0,22488,11802
89.84100668499997,nodecontroller,3913,1.59,0.9817567496569327,48712,37805
89.84100668499997,nodelet,3214,1.61,1.9635134993138654,26468,14514
89.84100668499997,nodeproxy,4253,0.0,0.0,16208,6789
89.84100668499997,containerd,2387,5.41,6.87229724759853,86996,85807
89.84100668499997,flanneld,3353,0.12,0.0,42284,42476
89.84100668499997,coredns,3824,0.95,1.9635134993138654,66112,66496
90.856914829,nodestore,2527,6.97,9.843409622277466,20276,12831
90.856914829,nodeapiserver,2845,15.65,17.71813732009944,158124,148400
90.856914829,nodescheduler,4070,0.27,0.0,22488,11818
90.856914829,nodecontroller,3913,1.61,1.9686819244554934,48840,37953
90.856914829,nodelet,3214,1.62,0.9843409622277467,26468,14530
90.856914829,nodeproxy,4253,0.0,0.0,16208,6789
90.856914829,containerd,2387,5.45,3.937363848910987,87380,86179
90.856914829,flanneld,3353,0.12,0.0,42284,42476
90.856914829,coredns,3824,0.96,0.9843409622277467,66112,66496
91.86782353999996,nodestore,2527,7.05,7.913672038780508,20264,12811
91.86782353999996,nodeapiserver,2845,15.82,16.81655308240858,158136,148444
91.86782353999996,nodescheduler,4070,0.28,0.9892090048475635,22488,11842
91.86782353999996,nodecontroller,3913,1.62,0.9892090048475635,48840,38021
91.86782353999996,nodelet,3214,1.63,0.9892090048475635,26468,14538
91.86782353999996,nodeproxy,4253,0.0,0.0,16208,6789
91.86782353999996,containerd,2387,5.48,2.9676270145426904,87380,86189
91.86782353999996,flanneld,3353,0.12,0.0,42284,42476
91.86782353999996,coredns,3824,0.97,0.9892090048475635,66112,66496
92.90947909300002,nodestore,2527,7.14,8.640092182179846,20264,12811
92.90947909300002,nodeapiserver,2845,15.98,15.360163879430837,158136,148452
92.90947909300002,nodescheduler,4070,0.28,0.0,22488,11846
92.90947909300002,nodecontroller,3913,1.63,0.9600102424644273,48840,38017
92.90947909300002,nodelet,3214,1.65,1.9200204849288547,26468,14462
92.90947909300002,nodeproxy,4253,0.0,0.0,16208,6789
92.90947909300002,containerd,2387,5.52,3.8400409698577094,87380,86287
92.90947909300002,flanneld,3353,0.12,0.0,42284,42476
92.90947909300002,coredns,3824,0.98,0.9600102424644273,66112,66504
93.92847599400005,nodestore,2527,7.23,8.8322152807015,20264,12831
93.92847599400005,nodeapiserver,2845,16.16,17.664430561403,158104,148496
93.92847599400005,nodescheduler,4070,0.28,0.0,22488,11862
93.92847599400005,nodecontroller,3913,1.65,1.9627145068225558,48968,38109
93.92847599400005,nodelet,3214,1.66,0.9813572534112779,26468,14506
93.92847599400005,nodeproxy,4253,0.0,0.0,16208,6789
93.92847599400005,containerd,2387,5.58,5.8881435204676675,87072,85871
93.92847599400005,flanneld,3353,0.13,0.9813572534112779,42284,42476
93.92847599400005,coredns,3824,0.99,0.9813572534112779,66112,66504
94.96505655599998,nodestore,2527,7.32,8.682393178042865,20240,12831
94.96505655599998,nodeapiserver,2845,16.32,15.435365649853981,158092,148540
94.96505655599998,nodescheduler,4070,0.28,0.0,22488,11870
94.96505655599998,nodecontroller,3913,1.67,1.9294207062317477,49096,38193
94.96505655599998,nodelet,3214,1.68,1.9294207062317477,26468,14514
94.96505655599998,nodeproxy,4253,0.0,0.0,16208,6789
94.96505655599998,containerd,2387,5.6,1.9294207062317477,87072,85875
94.96505655599998,flanneld,3353,0.13,0.0,42284,42476
94.96505655599998,coredns,3824,1.0,0.9647103531158738,66112,66504
96.01703921300003,nodestore,2527,7.39,6.6541020932435835,20368,12831
96.01703921300003,nodeapiserver,2845,16.46,13.308204186487167,158072,148544
96.01703921300003,nodescheduler,4070,0.28,0.0,22488,11878
96.01703921300003,nodecontroller,3913,1.68,0.9505860133205118,49096,38177
96.01703921300003,nodelet,3214,1.69,0.9505860133205118,26468,14510
96.01703921300003,nodeproxy,4253,0.0,0.0,16208,6789
96.01703921300003,containerd,2387,5.65,4.752930066602559,87072,85875
96.01703921300003,flanneld,3353,0.13,0.0,42284,42476
96.01703921300003,coredns,3824,1.02,1.9011720266410237,66112,66504
97.03196724200001,nodestore,2527,7.49,9.852915393274891,20368,12831
97.03196724200001,nodeapiserver,2845,16.64,17.735247707894803,158300,148608
97.03196724200001,nodescheduler,4070,0.29,0.9852915393274891,22488,11886
97.03196724200001,nodecontroller,3913,1.69,0.9852915393274891,49224,38309
97.03196724200001,nodelet,3214,1.71,1.9705830786549783,26468,14518
97.03196724200001,nodeproxy,4253,0.0,0.0,16208,6789
97.03196724200001,containerd,2387,5.7,4.926457696637446,87072,85875
97.03196724200001,flanneld,3353,0.13,0.0,42284,42476
97.03196724200001,coredns,3824,1.02,0.0,66112,66504
98.06266139300004,nodestore,2527,7.56,6.791539462223811,20340,12883
98.06266139300004,nodeapiserver,2845,16.81,16.493738693972112,158440,148684
98.06266139300004,nodescheduler,4070,0.29,0.0,22488,11902
98.06266139300004,nodecontroller,3913,1.71,1.9404398463496602,49352,38461
98.06266139300004,nodelet,3214,1.72,0.9702199231748301,26468,14526
98.06266139300004,nodeproxy,4253,0.0,0.0,16208,6789
98.06266139300004,containerd,2387,5.72,1.9404398463496602,87072,85874
98.06266139300004,flanneld,3353,0.13,0.0,42284,42476
98.06266139300004,coredns,3824,1.04,1.9404398463496602,66112,66504
99.10244440000002,nodestore,2527,7.66,9.617391256327933,20340,12831
99.10244440000002,nodeapiserver,2845,16.98,16.349565135757487,158308,148672
99.10244440000002,nodescheduler,4070,0.29,0.0,22488,11894
99.10244440000002,nodecontroller,3913,1.72,0.9617391256327933,49480,38525
99.10244440000002,nodelet,3214,1.73,0.9617391256327933,26468,14518
99.10244440000002,nodeproxy,4253,0.0,0.0,16208,6789
99.10244440000002,containerd,2387,5.77,4.808695628163966,87072,85887
99.10244440000002,flanneld,3353,0.13,0.0,42284,42476
99.10244440000002,coredns,3824,1.04,0.0,66112,66504
100.11309712200006,nodestore,2527,7.75,8.905136061167921,20304,12831
100.11309712200006,nodeapiserver,2845,17.16,17.810272122335842,158280,148748
100.11309712200006,nodescheduler,4070,0.29,0.0,22488,11926
100.11309712200006,nodecontroller,3913,1.74,1.9789191247039826,49480,38721
100.11309712200006,nodelet,3214,1.76,2.968378687055974,26556,14546
100.11309712200006,nodeproxy,4253,0.0,0.0,16208,6789
100.11309712200006,containerd,2387,5.87,9.894595623519912,87072,85903
100.11309712200006,flanneld,3353,0.13,0.0,42284,42476
100.11309712200006,coredns,3824,1.06,1.9789191247039826,66112,66504
101.14547861299997,nodestore,2527,7.84,8.717707628875713,20304,12831
101.14547861299997,nodeapiserver,2845,17.4,23.24722034366857,158420,148796
101.14547861299997,nodescheduler,4070,0.3,0.9686341809861905,22488,11934
101.14547861299997,nodecontroller,3913,1.78,3.874536723944762,49860,38933
101.14547861299997,nodelet,3214,1.78,1.937268361972381,26684,14826
101.14547861299997,nodeproxy,4253,0.0,0.0,16208,6789
101.14547861299997,containerd,2387,5.97,9.686341809861904,87072,85978
101.14547861299997,flanneld,3353,0.13,0.0,42284,42476
101.14547861299997,coredns,3824,1.06,0.0,66112,66504
102.29066521199996,nodestore,2527,7.95,9.605421517860437,20304,12831
102.29066521199996,nodeapiserver,2845,17.66,22.703723587670126,158572,148884
102.29066521199996,nodescheduler,4070,0.31,0.8732201379873125,22488,11790
102.29066521199996,nodecontroller,3913,1.81,2.6196604139619373,49704,38693
102.29066521199996,nodelet,3214,1.84,5.2393208279238745,26556,14618
102.29066521199996,nodeproxy,4253,0.0,0.0,16208,6789
102.29066521199996,containerd,2387,6.18,18.337622897733564,86992,85883
102.29066521199996,flanneld,3353,0.13,0.0,42284,42476
102.29066521199996,coredns,3824,1.08,1.746440275974625,66112,66508
103.30369705200002,nodestore,2527,8.04,8.884222237278866,20304,12831
103.30369705200002,nodeapiserver,2845,17.84,17.768444474557732,158552,148940
103.30369705200002,nodescheduler,4070,0.31,0.0,22488,11782
103.30369705200002,nodecontroller,3913,1.83,1.9742716082841925,49704,38693
103.30369705200002,nodelet,3214,1.85,0.9871358041420962,26556,14626
103.30369705200002,nodeproxy,4253,0.0,0.0,16208,6789
103.30369705200002,containerd,2387,6.22,3.948543216568385,86992,85883
103.30369705200002,flanneld,3353,0.13,0.0,42284,42476
103.30369705200002,coredns,3824,1.09,0.9871358041420962,66112,66508
104.32721520600006,nodestore,2527,8.12,7.816177923894114,20304,12831
104.32721520600006,nodeapiserver,2845,17.99,14.655333607301465,158552,148944
104.32721520600006,nodescheduler,4070,0.31,0.0,22488,11774
104.32721520600006,nodecontroller,3913,1.85,1.9540444809735285,49704,38697
104.32721520600006,nodelet,3214,1.87,1.9540444809735285,26556,14614
104.32721520600006,nodeproxy,4253,0.0,0.0,16208,6789
104.32721520600006,containerd,2387,6.28,5.862133442920586,86992,85887
104.32721520600006,flanneld,3353,0.14,0.9770222404867642,42284,42476
104.32721520600006,coredns,3824,1.1,0.9770222404867642,66112,66508
105.35517052799997,nodestore,2527,8.22,9.728049250763897,20292,12831
105.35517052799997,nodeapiserver,2845,18.17,17.510488651375013,158664,149000
105.35517052799997,nodescheduler,4070,0.32,0.9728049250763897,22488,11782
105.35517052799997,nodecontroller,3913,1.86,0.9728049250763897,49704,38697
105.35517052799997,nodelet,3214,1.89,1.9456098501527794,26556,14642
105.35517052799997,nodeproxy,4253,0.0,0.0,16208,6789
105.35517052799997,containerd,2387,6.35,6.809634475534729,86992,85879
105.35517052799997,flanneld,3353,0.14,0.0,42284,42476
105.35517052799997,coredns,3824,1.11,0.9728049250763897,66112,66508
106.37339884199997,nodestore,2527,8.3,7.856784072889192,20292,12831
106.37339884199997,nodeapiserver,2845,18.34,16.695666154889533,158520,149000
106.37339884199997,nodescheduler,4070,0.32,0.0,22488,11774
106.37339884199997,nodecontroller,3913,1.88,1.964196018222298,49704,38697
106.37339884199997,nodelet,3214,1.89,0.0,26556,14618
106.37339884199997,nodeproxy,4253,0.0,0.0,16208,6789
106.37339884199997,containerd,2387,6.37,1.964196018222298,86992,85879
106.37339884199997,flanneld,3353,0.14,0.0,42284,42476
106.37339884199997,coredns,3824,1.11,0.0,66112,66508
107.40567316000005,nodestore,2527,8.4,9.687347467264273,20280,12831
107.40567316000005,nodeapiserver,2845,18.52,17.43722544107569,158560,149056
107.40567316000005,nodescheduler,4070,0.32,0.0,22488,11770
107.40567316000005,nodecontroller,3913,1.9,1.9374694934528542,49704,38697
107.40567316000005,nodelet,3214,1.92,2.9062042401792816,26556,14582
107.40567316000005,nodeproxy,4253,0.0,0.0,16208,6789
107.40567316000005,containerd,2387,6.46,8.718612720537845,86564,85447
107.40567316000005,flanneld,3353,0.14,0.0,42284,42476
107.40567316000005,coredns,3824,1.13,1.9374694934528542,66112,66508
108.422681705,nodestore,2527,8.49,8.84948316732227,20408,12831
108.422681705,nodeapiserver,2845,18.71,18.682242242124794,158720,149116
108.422681705,nodescheduler,4070,0.32,0.0,22488,11778
108.422681705,nodecontroller,3913,1.92,1.9665518149605044,49704,38713
108.422681705,nodelet,3214,1.94,1.9665518149605044,26556,14602
108.422681705,nodeproxy,4253,0.0,0.0,16208,6789
108.422681705,containerd,2387,6.52,5.899655444881513,86564,85443
108.422681705,flanneld,3353,0.14,0.0,42284,42476
108.422681705,coredns,3824,1.14,0.9832759074802522,66112,66508
109.44359195500004,nodestore,2527,8.57,7.836144264395098,20408,12895
109.44359195500004,nodeapiserver,2845,18.84,12.733734429642034,158708,149140
109.44359195500004,nodescheduler,4070,0.32,0.0,22488,11770
109.44359195500004,nodecontroller,3913,1.93,0.9795180330493872,49704,38701
109.44359195500004,nodelet,3214,1.96,1.9590360660987745,26684,14622
109.44359195500004,nodeproxy,4253,0.0,0.0,16208,6789
109.44359195500004,containerd,2387,6.57,4.897590165246936,86564,85451
109.44359195500004,flanneld,3353,0.14,0.0,42284,42476
109.44359195500004,coredns,3824,1.15,0.9795180330493872,66112,66508
110.46541154200003,nodestore,2527,8.66,8.807817069179121,20408,12927
110.46541154200003,nodeapiserver,2845,19.06,21.530219502437852,158696,149200
110.46541154200003,nodescheduler,4070,0.33,0.9786463410199024,22488,11766
110.46541154200003,nodecontroller,3913,1.96,2.9359390230597073,49704,38705
110.46541154200003,nodelet,3214,1.98,1.9572926820398049,26556,14614
110.46541154200003,nodeproxy,4253,0.0,0.0,16208,6789
110.46541154200003,containerd,2387,6.65,7.8291707281592195,86564,85447
110.46541154200003,flanneld,3353,0.15,0.9786463410199024,42284,42488
110.46541154200003,coredns,3824,1.15,0.0,66112,66508
111.47939486299998,nodestore,2527,8.74,7.889676126142468,20408,12927
111.47939486299998,nodeapiserver,2845,19.23,16.76556176805274,158804,149240
111.47939486299998,nodescheduler,4070,0.33,0.0,22488,11782
111.47939486299998,nodecontroller,3913,1.97,0.9862095157678085,49704,38713
111.47939486299998,nodelet,3214,1.99,0.9862095157678085,26556,14622
111.47939486299998,nodeproxy,4253,0.0,0.0,16208,6789
111.47939486299998,containerd,2387,6.71,5.917257094606851,86564,85439
111.47939486299998,flanneld,3353,0.15,0.0,42284,42488
111.47939486299998,coredns,3824,1.17,1.972419031535617,66112,66508
112.510400199,nodestore,2527,8.82,7.7594166787123555,20408,12927
112.510400199,nodeapiserver,2845,19.38,14.548906272585667,158804,149232
112.510400199,nodescheduler,4070,0.33,0.0,22488,11770
112.510400199,nodecontroller,3913,1.99,1.9398541696780889,49704,38701
112.510400199,nodelet,3214,2.01,1.9398541696780889,26556,14498
112.510400199,nodeproxy,4253,0.0,0.0,16208,6789
112.510400199,containerd,2387,6.75,3.8797083393561778,86564,85439
112.510400199,flanneld,3353,0.15,0.0,42284,42488
112.510400199,coredns,3824,1.18,0.9699270848390444,66112,66508
113.52032766600001,nodestore,2527,8.9,7.921360950568057,20408,12927
113.52032766600001,nodeapiserver,2845,19.57,18.813232257599136,159064,149348
113.52032766600001,nodescheduler,4070,0.33,0.0,22488,11774
113.52032766600001,nodecontroller,3913,2.01,1.9803402376420143,49704,38737
113.52032766600001,nodelet,3214,2.03,1.9803402376420143,26556,14550
113.52032766600001,nodeproxy,4253,0.0,0.0,16208,6789
113.52032766600001,containerd,2387,6.84,8.911531069389063,86564,85439
113.52032766600001,flanneld,3353,0.15,0.0,42284,42488
113.52032766600001,coredns,3824,1.19,0.9901701188210071,66112,66508
114.53551998100005,nodestore,2527,8.99,8.865315336828257,20536,12927
114.53551998100005,nodeapiserver,2845,19.72,14.775525561380428,159072,149436
114.53551998100005,nodescheduler,4070,0.34,0.9850350374253619,22488,11782
114.53551998100005,nodecontroller,3913,2.03,1.9700700748507238,49704,38741
114.53551998100005,nodelet,3214,2.04,0.9850350374253619,26556,14546
114.53551998100005,nodeproxy,4253,0.0,0.0,16208,6789
114.53551998100005,containerd,2387,6.87,2.955105112276086,86564,85438
114.53551998100005,flanneld,3353,0.15,0.0,42284,42504
114.53551998100005,coredns,3824,1.2,0.9850350374253619,66112,66508
115.56135524200005,nodestore,2527,9.07,7.798523119785819,20536,12927
115.56135524200005,nodeapiserver,2845,19.87,14.622230849598411,159072,149492
115.56135524200005,nodescheduler,4070,0.34,0.0,22488,11774
115.56135524200005,nodecontroller,3913,2.04,0.9748153899732274,49704,38737
115.56135524200005,nodelet,3214,2.06,1.9496307799464547,26556,14538
115.56135524200005,nodeproxy,4253,0.0,0.0,16208,6789
115.56135524200005,containerd,2387,6.93,5.848892339839364,86692,85443
115.56135524200005,flanneld,3353,0.15,0.0,42412,42556
115.56135524200005,coredns,3824,1.21,0.9748153899732274,66112,66508
116.57408535300004,nodestore,2527,9.15,7.899439261365094,20536,12927
116.57408535300004,nodeapiserver,2845,20.07,19.748598153412736,159136,149596
116.57408535300004,nodescheduler,4070,0.35,0.9874299076706368,22488,11774
116.57408535300004,nodecontroller,3913,2.06,1.9748598153412735,49704,38753
116.57408535300004,nodelet,3214,2.08,1.9748598153412735,26428,14502
116.57408535300004,nodeproxy,4253,0.0,0.0,16208,6789
116.57408535300004,containerd,2387,7.01,7.899439261365094,86692,85451
116.57408535300004,flanneld,3353,0.15,0.0,42412,42556
116.57408535300004,coredns,3824,1.23,1.9748598153412735,66112,66508
117.58576752899995,nodestore,2527,9.23,7.907621770733583,20536,12927
117.58576752899995,nodeapiserver,2845,20.2,12.849885377442073,160020,150644
117.58576752899995,nodescheduler,4070,0.35,0.0,22488,11774
117.58576752899995,nodecontroller,3913,2.07,0.9884527213416979,49704,38737
117.58576752899995,nodelet,3214,2.09,0.9884527213416979,26428,14502
117.58576752899995,nodeproxy,4253,0.0,0.0,16208,6789
117.58576752899995,containerd,2387,7.01,0.0,86692,85451
117.58576752899995,flanneld,3353,0.15,0.0,42412,42556
117.58576752899995,coredns,3824,1.24,0.9884527213416979,66112,66508
118.60168587300001,nodestore,2527,9.31,7.87464863416184,20536,12927
118.60168587300001,nodeapiserver,2845,20.37,16.73362834759391,159144,149632
118.60168587300001,nodescheduler,4070,0.35,0.0,22488,11774
118.60168587300001,nodecontroller,3913,2.09,1.96866215854046,49704,38737
118.60168587300001,nodelet,3214,2.1,0.98433107927023,26428,14518
118.60168587300001,nodeproxy,4253,0.0,0.0,16208,6789
118.60168587300001,containerd,2387,7.1,8.85897971343207,86692,85451
118.60168587300001,flanneld,3353,0.15,0.0,42412,42556
118.60168587300001,coredns,3824,1.25,0.98433107927023,66112,66512
119.61334945200002,nodestore,2527,9.4,8.896238024992565,20536,12931
119.61334945200002,nodeapiserver,2845,20.56,18.78094694165097,159484,149752
119.61334945200002,nodescheduler,4070,0.36,0.9884708916658406,22488,11782
119.61334945200002,nodecontroller,3913,2.11,1.9769417833316811,49704,38737
119.61334945200002,nodelet,3214,2.14,3.9538835666633623,26544,14666
119.61334945200002,nodeproxy,4253,0.0,0.0,16208,6789
119.61334945200002,containerd,2387,7.19,8.896238024992565,86948,85619
119.61334945200002,flanneld,3353,0.16,0.9884708916658406,42412,42556
119.61334945200002,coredns,3824,1.26,0.9884708916658406,66112,66516
120.63694924400005,nodestore,2527,9.47,6.83861022121018,20536,12927
120.63694924400005,nodeapiserver,2845,20.69,12.700276125104619,159296,149768
120.63694924400005,nodescheduler,4070,0.36,0.0,22488,11770
120.63694924400005,nodecontroller,3913,2.13,1.9538886346314799,49704,38737
120.63694924400005,nodelet,3214,2.14,0.0,26544,14614
120.63694924400005,nodeproxy,4253,0.0,0.0,16208,6789
120.63694924400005,containerd,2387,7.21,1.9538886346314799,86948,85619
120.63694924400005,flanneld,3353,0.16,0.0,42412,42556
120.63694924400005,coredns,3824,1.27,0.9769443173157399,66112,66516
121.66549592400003,nodestore,2527,9.56,8.750210539788242,20536,12935
121.66549592400003,nodeapiserver,2845,20.89,19.444912310640536,159452,149792
121.66549592400003,nodescheduler,4070,0.36,0.0,22488,11774
121.66549592400003,nodecontroller,3913,2.15,1.9444912310640536,49704,38737
121.66549592400003,nodelet,3214,2.16,1.9444912310640536,26544,14614
121.66549592400003,nodeproxy,4253,0.0,0.0,16208,6789
121.66549592400003,containerd,2387,7.3,8.750210539788242,86544,85259
121.66549592400003,flanneld,3353,0.16,0.0,42412,42556
121.66549592400003,coredns,3824,1.28,0.9722456155320268,66112,66516
122.67631843600003,nodestore,2527,9.65,8.903640246587585,20536,12927
122.67631843600003,nodeapiserver,2845,21.06,16.817987132443214,159428,149868
122.67631843600003,nodescheduler,4070,0.36,0.0,22488,11782
122.67631843600003,nodecontroller,3913,2.16,0.9892933607319538,49704,38749
122.67631843600003,nodelet,3214,2.18,1.9785867214639077,26544,14614
122.67631843600003,nodeproxy,4253,0.0,0.0,16208,6789
122.67631843600003,containerd,2387,7.35,4.946466803659769,86544,85267
122.67631843600003,flanneld,3353,0.16,0.0,42412,42556
122.67631843600003,coredns,3824,1.29,0.9892933607319538,66112,66516
123.69342776399998,nodestore,2527,9.72,6.8822493386869885,20536,12927
123.69342776399998,nodeapiserver,2845,21.2,13.764498677373977,159428,149868
123.69342776399998,nodescheduler,4070,0.36,0.0,22488,11774
123.69342776399998,nodecontroller,3913,2.17,0.9831784769552839,49704,38737
123.69342776399998,nodelet,3214,2.19,0.9831784769552839,26544,14614
123.69342776399998,nodeproxy,4253,0.0,0.0,16208,6789
123.69342776399998,containerd,2387,7.39,3.9327139078211357,86544,85267
123.69342776399998,flanneld,3353,0.16,0.0,42412,42556
123.69342776399998,coredns,3824,1.3,0.9831784769552839,66112,66516
124.704388876,nodestore,2527,9.81,8.90241958189173,20536,12927
124.704388876,nodeapiserver,2845,21.4,19.783154626426068,159424,149912
124.704388876,nodescheduler,4070,0.37,0.9891577313213034,22488,11774
124.704388876,nodecontroller,3913,2.19,1.9783154626426067,49704,38741
124.704388876,nodelet,3214,2.21,1.9783154626426067,26544,14614
124.704388876,nodeproxy,4253,0.0,0.0,16208,6789
124.704388876,containerd,2387,7.47,7.913261850570427,86544,85259
124.704388876,flanneld,3353,0.16,0.0,42412,42560
124.704388876,coredns,3824,1.31,0.9891577313213034,66112,66516
125.714191126,nodestore,2527,9.88,6.932050309850223,20536,12927
125.714191126,nodeapiserver,2845,21.55,14.85439352110762,159668,150004
125.714191126,nodescheduler,4070,0.37,0.0,22488,11782
125.714191126,nodecontroller,3913,2.22,2.9708787042215237,49704,38757
125.714191126,nodelet,3214,2.23,1.9805858028143493,26544,14614
125.714191126,nodeproxy,4253,0.0,0.0,16208,6789
125.714191126,containerd,2387,7.52,4.9514645070358725,86544,85259
125.714191126,flanneld,3353,0.16,0.0,42412,42560
125.714191126,coredns,3824,1.32,0.9902929014071746,66112,66516
126.74971776299998,nodestore,2527,9.98,9.656922036280017,20536,12935
126.74971776299998,nodeapiserver,2845,21.71,15.451075258048027,159760,150020
126.74971776299998,nodescheduler,4070,0.37,0.0,22488,11778
126.74971776299998,nodecontroller,3913,2.23,0.9656922036280017,49704,38749
126.74971776299998,nodelet,3214,2.24,0.9656922036280017,26544,14614
126.74971776299998,nodeproxy,4253,0.0,0.0,16208,6797
126.74971776299998,containerd,2387,7.57,4.8284610181400085,86544,85259
126.74971776299998,flanneld,3353,0.16,0.0,42412,42560
126.74971776299998,coredns,3824,1.33,0.9656922036280017,66112,66516
127.76915280199995,nodestore,2527,10.07,8.82841932608934,20536,12935
127.76915280199995,nodeapiserver,2845,21.91,19.61870961353187,159760,150112
127.76915280199995,nodescheduler,4070,0.37,0.0,22488,11782
127.76915280199995,nodecontroller,3913,2.25,1.9618709613531868,49704,38765
127.76915280199995,nodelet,3214,2.27,2.9428064420297804,26544,14614
127.76915280199995,nodeproxy,4253,0.0,0.0,16208,6797
127.76915280199995,containerd,2387,7.64,6.866548364736155,86544,85271
127.76915280199995,flanneld,3353,0.16,0.0,42412,42560
127.76915280199995,coredns,3824,1.34,0.9809354806765934,66112,66516
128.78448185300005,nodestore,2527,10.15,7.879219049351575,20536,12943
128.78448185300005,nodeapiserver,2845,22.07,15.75843809870315,159720,150136
128.78448185300005,nodescheduler,4070,0.38,0.9849023811689469,22488,11790
128.78448185300005,nodecontroller,3913,2.26,0.9849023811689469,49704,38773
128.78448185300005,nodelet,3214,2.28,0.9849023811689469,26544,14614
128.78448185300005,nodeproxy,4253,0.0,0.0,16208,6797
128.78448185300005,containerd,2387,7.7,5.909414287013681,86544,85271
128.78448185300005,flanneld,3353,0.16,0.0,42412,42560
128.78448185300005,coredns,3824,1.35,0.9849023811689469,66112,66516
129.81714520300005,nodestore,2527,10.23,7.746958386777206,20536,12943
129.81714520300005,nodeapiserver,2845,22.22,14.525546975207261,159840,150204
129.81714520300005,nodescheduler,4070,0.38,0.0,22488,11782
129.81714520300005,nodecontroller,3913,2.27,0.9683697983471508,49704,38765
129.81714520300005,nodelet,3214,2.3,1.9367395966943015,26540,14578
129.81714520300005,nodeproxy,4253,0.0,0.0,16208,6797
129.81714520300005,containerd,2387,7.77,6.778588588430056,86544,85279
129.81714520300005,flanneld,3353,0.16,0.0,42412,42564
129.81714520300005,coredns,3824,1.36,0.9683697983471508,66112,66516
130.829166016,nodestore,2527,10.33,9.881219705706425,20536,12943
130.829166016,nodeapiserver,2845,22.44,21.738683352554137,160068,150292
130.829166016,nodescheduler,4070,0.39,0.9881219705706425,22488,11782
130.829166016,nodecontroller,3913,2.3,2.9643659117119276,48812,37697
130.829166016,nodelet,3214,2.33,2.9643659117119276,26540,14594
130.829166016,nodeproxy,4253,0.0,0.0,16208,6809
130.829166016,containerd,2387,7.85,7.90497576456514,86544,85355
130.829166016,flanneld,3353,0.17,0.9881219705706425,42412,42564
130.829166016,coredns,3824,1.38,1.976243941141285,66112,66516
131.84273040700003,nodestore,2527,10.42,8.87955425419005,20536,12943
131.84273040700003,nodeapiserver,2845,22.63,18.74572564773455,159916,150340
131.84273040700003,nodescheduler,4070,0.39,0.0,22488,11790
131.84273040700003,nodecontroller,3913,2.32,1.9732342787089,48812,37681
131.84273040700003,nodelet,3214,2.33,0.0,26540,14626
131.84273040700003,nodeproxy,4253,0.0,0.0,16208,6809
131.84273040700003,containerd,2387,7.9,4.93308569677225,86544,85355
131.84273040700003,flanneld,3353,0.17,0.0,42412,42564
131.84273040700003,coredns,3824,1.39,0.98661713935445,66112,66520
132.88911532100002,nodestore,2527,10.49,6.68969889219952,20536,12943
132.88911532100002,nodeapiserver,2845,22.78,14.335069054713257,160024,150348
132.88911532100002,nodescheduler,4070,0.39,0.0,22488,11790
132.88911532100002,nodecontroller,3913,2.33,0.9556712703142172,48812,37677
132.88911532100002,nodelet,3214,2.35,1.9113425406284343,26540,14614
132.88911532100002,nodeproxy,4253,0.0,0.0,16208,6809
132.88911532100002,containerd,2387,7.91,0.9556712703142172,86544,85355
132.88911532100002,flanneld,3353,0.17,0.0,42412,42564
132.88911532100002,coredns,3824,1.39,0.0,66112,66520
133.90921160199997,nodestore,2527,10.58,8.822696609753088,20536,12943
133.90921160199997,nodeapiserver,2845,22.95,16.665093596200276,159992,150340
133.90921160199997,nodescheduler,4070,0.39,0.0,22488,11798
133.90921160199997,nodecontroller,3913,2.35,1.9605992466117972,48812,37765
133.90921160199997,nodelet,3214,2.36,0.9802996233058986,26540,14618
133.90921160199997,nodeproxy,4253,0.0,0.0,16208,6809
133.90921160199997,containerd,2387,7.98,6.862097363141291,86544,85359
133.90921160199997,flanneld,3353,0.17,0.0,42412,42564
133.90921160199997,coredns,3824,1.41,1.9605992466117972,66112,66520
134.91700917400004,nodestore,2527,10.66,7.938102077506718,20536,12951
134.91700917400004,nodeapiserver,2845,23.11,15.876204155013436,160052,150404
134.91700917400004,nodescheduler,4070,0.39,0.0,22488,11814
134.91700917400004,nodecontroller,3913,2.36,0.9922627596883398,48812,37897
134.91700917400004,nodelet,3214,2.38,1.9845255193766795,26540,14590
134.91700917400004,nodeproxy,4253,0.0,0.0,16208,6809
134.91700917400004,containerd,2387,8.03,4.961313798441699,86544,85387
134.91700917400004,flanneld,3353,0.17,0.0,42412,42564
134.91700917400004,coredns,3824,1.41,0.0,66112,66520
135.929549518,nodestore,2527,10.74,7.900919748438625,20536,12951
135.929549518,nodeapiserver,2845,23.25,13.826609559767595,160052,150404
135.929549518,nodescheduler,4070,0.39,0.0,22488,11814
135.929549518,nodecontroller,3913,2.37,0.9876149685548281,48812,37857
135.929549518,nodelet,3214,2.39,0.9876149685548281,26540,14582
135.929549518,nodeproxy,4253,0.0,0.0,16208,6809
135.929549518,containerd,2387,8.03,0.0,86544,85387
135.929549518,flanneld,3353,0.17,0.0,42412,42564
135.929549518,coredns,3824,1.43,1.9752299371096562,66112,66520
136.94446067500002,nodestore,2527,10.83,8.867771270347506,20536,12947
136.94446067500002,nodeapiserver,2845,23.43,17.73554254069501,160128,150452
136.94446067500002,nodescheduler,4070,0.4,0.9853079189275006,22616,11830
136.94446067500002,nodecontroller,3913,2.39,1.9706158378550012,48812,37945
136.94446067500002,nodelet,3214,2.41,1.9706158378550012,26540,14582
136.94446067500002,nodeproxy,4253,0.0,0.0,16208,6809
136.94446067500002,containerd,2387,8.09,5.911847513565003,86544,85411
136.94446067500002,flanneld,3353,0.17,0.0,42412,42564
136.94446067500002,coredns,3824,1.44,0.9853079189275006,66112,66520
137.96340156900004,nodestore,2527,10.91,7.851289556742243,20536,12947
137.96340156900004,nodeapiserver,2845,23.58,14.721167918891705,160092,150532
137.96340156900004,nodescheduler,4070,0.4,0.0,22616,11854
137.96340156900004,nodecontroller,3913,2.4,0.9814111945927804,48812,38021
137.96340156900004,nodelet,3214,2.41,0.0,26540,14594
137.96340156900004,nodeproxy,4253,0.0,0.0,16208,6809
137.96340156900004,containerd,2387,8.13,3.9256447783711215,86544,85411
137.96340156900004,flanneld,3353,0.17,0.0,42412,42564
137.96340156900004,coredns,3824,1.44,0.0,66112,66520
138.976102003,nodestore,2527,10.99,7.899670752980413,20536,12947
138.976102003,nodeapiserver,2845,23.73,14.811882661838274,160092,150536
138.976102003,nodescheduler,4070,0.4,0.0,22616,11862
138.976102003,nodecontroller,3913,2.41,0.9874588441225516,48812,38033
138.976102003,nodelet,3214,2.43,1.9749176882451032,26540,14594
138.976102003,nodeproxy,4253,0.0,0.0,16208,6809
138.976102003,containerd,2387,8.16,2.9623765323676547,86544,85411
138.976102003,flanneld,3353,0.18,0.9874588441225516,42412,42564
138.976102003,coredns,3824,1.46,1.9749176882451032,65804,66076
139.98839829900004,nodestore,2527,11.07,7.902824530338541,20536,12947
139.98839829900004,nodeapiserver,2845,23.9,16.7935021269694,160076,150604
139.98839829900004,nodescheduler,4070,0.4,0.0,22616,11878
139.98839829900004,nodecontroller,3913,2.42,0.9878530662923176,48940,38129
139.98839829900004,nodelet,3214,2.46,2.9635591988769527,26524,14698
139.98839829900004,nodeproxy,4253,0.0,0.0,16208,6809
139.98839829900004,containerd,2387,8.24,7.902824530338541,86544,85471
139.98839829900004,flanneld,3353,0.18,0.0,42412,42564
139.98839829900004,coredns,3824,1.47,0.9878530662923176,65804,66076
141.00102756200005,nodestore,2527,11.16,8.887754214545081,20664,12959
141.00102756200005,nodeapiserver,2845,24.05,14.812923690908468,160108,150660
141.00102756200005,nodescheduler,4070,0.4,0.0,22616,11882
141.00102756200005,nodecontroller,3913,2.44,1.975056492121129,49068,38217
141.00102756200005,nodelet,3214,2.47,0.9875282460605646,26524,14694
141.00102756200005,nodeproxy,4253,0.0,0.0,16208,6809
141.00102756200005,containerd,2387,8.28,3.950112984242258,86544,85510
141.00102756200005,flanneld,3353,0.18,0.0,42412,42568
141.00102756200005,coredns,3824,1.48,0.9875282460605646,65804,66076
142.01470566799998,nodestore,2527,11.25,8.878558140625982,20664,12959
142.01470566799998,nodeapiserver,2845,24.19,13.811090440973752,160108,150660
142.01470566799998,nodescheduler,4070,0.41,0.9865064600695536,22616,11894
142.01470566799998,nodecontroller,3913,2.45,0.9865064600695536,49068,38233
142.01470566799998,nodelet,3214,2.48,0.9865064600695536,26524,14662
142.01470566799998,nodeproxy,4253,0.0,0.0,16208,6809
142.01470566799998,containerd,2387,8.3,1.9730129201391071,86800,85663
142.01470566799998,flanneld,3353,0.18,0.0,42412,42568
142.01470566799998,coredns,3824,1.49,0.9865064600695536,65804,66076
143.02740010999997,nodestore,2527,11.32,6.9122528076440455,20664,12959
143.02740010999997,nodeapiserver,2845,24.36,16.786899675706966,160300,150720
143.02740010999997,nodescheduler,4070,0.41,0.0,22616,11902
143.02740010999997,nodecontroller,3913,2.47,1.9749293736125841,49196,38389
143.02740010999997,nodelet,3214,2.5,1.9749293736125841,26524,14662
143.02740010999997,nodeproxy,4253,0.0,0.0,16208,6809
143.02740010999997,containerd,2387,8.35,4.937323434031461,86928,85775
143.02740010999997,flanneld,3353,0.18,0.0,42412,42568
143.02740010999997,coredns,3824,1.5,0.9874646868062921,65804,66076
144.05928945399995,nodestore,2527,11.4,7.752769273679182,20664,12963
144.05928945399995,nodeapiserver,2845,24.52,15.505538547358364,160344,150788
144.05928945399995,nodescheduler,4070,0.41,0.0,22616,11918
144.05928945399995,nodecontroller,3913,2.48,0.9690961592098978,49324,38541
144.05928945399995,nodelet,3214,2.52,1.9381923184197956,26524,14670
144.05928945399995,nodeproxy,4253,0.0,0.0,16208,6809
144.05928945399995,containerd,2387,8.4,4.845480796049489,87056,85958
144.05928945399995,flanneld,3353,0.19,0.9690961592098978,42412,42568
144.05928945399995,coredns,3824,1.52,1.9381923184197956,65804,66076
145.07074736500005,nodestore,2527,11.49,8.898046969746002,20664,12963
145.07074736500005,nodeapiserver,2845,24.66,13.84140639738267,160344,150792
145.07074736500005,nodescheduler,4070,0.41,0.0,22616,11918
145.07074736500005,nodecontroller,3913,2.49,0.9886718855273335,49452,38581
145.07074736500005,nodelet,3214,2.52,0.0,26524,14662
145.07074736500005,nodeproxy,4253,0.0,0.0,16208,6809
145.07074736500005,containerd,2387,8.43,2.9660156565820004,87056,86047
145.07074736500005,flanneld,3353,0.19,0.0,42412,42568
145.07074736500005,coredns,3824,1.52,0.0,65804,66076
146.094646715,nodestore,2527,11.58,8.789926470800383,20664,12963
146.094646715,nodeapiserver,2845,24.82,15.62653594808957,160492,150860
146.094646715,nodescheduler,4070,0.41,0.0,22616,11938
146.094646715,nodecontroller,3913,2.5,0.9766584967555981,49580,38773
146.094646715,nodelet,3214,2.54,1.9533169935111963,26524,14662
146.094646715,nodeproxy,4253,0.0,0.0,16208,6809
146.094646715,containerd,2387,8.48,4.883292483777991,87312,86147
146.094646715,flanneld,3353,0.2,0.9766584967555981,42412,42568
146.094646715,coredns,3824,1.53,0.9766584967555981,65804,66076
147.11665421900005,nodestore,2527,11.66,7.827731174858044,20664,12967
147.11665421900005,nodeapiserver,2845,25.01,18.590861540287854,160504,150940
147.11665421900005,nodescheduler,4070,0.42,0.9784663968572554,22616,11950
147.11665421900005,nodecontroller,3913,2.51,0.9784663968572554,49836,38925
147.11665421900005,nodelet,3214,2.55,0.9784663968572554,26524,14670
147.11665421900005,nodeproxy,4253,0.0,0.0,16208,6809
147.11665421900005,containerd,2387,8.52,3.913865587429022,87312,86162
147.11665421900005,flanneld,3353,0.2,0.0,42412,42568
147.11665421900005,coredns,3824,1.54,0.9784663968572554,65804,66076
148.129891536,nodestore,2527,11.74,7.895484962680672,20664,12967
148.129891536,nodeapiserver,2845,25.15,13.817098684691176,160472,150944
148.129891536,nodescheduler,4070,0.42,0.0,22616,11962
148.129891536,nodecontroller,3913,2.53,1.973871240670168,49836,38981
148.129891536,nodelet,3214,2.57,1.973871240670168,26524,14662
148.129891536,nodeproxy,4253,0.0,0.0,16208,6809
148.129891536,containerd,2387,8.56,3.947742481340336,87952,86827
148.129891536,flanneld,3353,0.2,0.0,42412,42568
148.129891536,coredns,3824,1.56,1.973871240670168,65804,66076
149.14604340800003,nodestore,2527,11.84,9.841048641988598,20664,12967
149.14604340800003,nodeapiserver,2845,25.33,17.71388755557948,160664,151004
149.14604340800003,nodescheduler,4070,0.42,0.0,22616,11990
149.14604340800003,nodecontroller,3913,2.56,2.9523145925965797,49964,39181
149.14604340800003,nodelet,3214,2.58,0.9841048641988599,26524,14666
149.14604340800003,nodeproxy,4253,0.0,0.0,16208,6809
149.14604340800003,containerd,2387,8.61,4.920524320994299,88592,87615
149.14604340800003,flanneld,3353,0.2,0.0,42412,42568
149.14604340800003,coredns,3824,1.57,0.9841048641988599,65804,66076
150.15848879699996,nodestore,2527,11.92,7.9016607581196725,20664,12971
150.15848879699996,nodeapiserver,2845,25.5,16.791029111004303,160736,151144
150.15848879699996,nodescheduler,4070,0.42,0.0,22744,11998
150.15848879699996,nodecontroller,3913,2.56,0.0,50092,39353
150.15848879699996,nodelet,3214,2.6,1.9754151895299181,26508,14650
150.15848879699996,nodeproxy,4253,0.0,0.0,16208,6809
150.15848879699996,containerd,2387,8.67,5.926245568589755,89104,88026
150.15848879699996,flanneld,3353,0.2,0.0,42412,42568
150.15848879699996,coredns,3824,1.57,0.0,65804,66076
151.20562519000003,nodestore,2527,12.01,8.59486888256721,20664,12971
151.20562519000003,nodeapiserver,2845,25.66,15.279766902341706,160736,151132
151.20562519000003,nodescheduler,4070,0.42,0.0,22744,12010
151.20562519000003,nodecontroller,3913,2.58,1.9099708627927132,50092,39409
151.20562519000003,nodelet,3214,2.62,1.9099708627927132,26508,14674
151.20562519000003,nodeproxy,4253,0.0,0.0,16208,6809
151.20562519000003,containerd,2387,8.72,4.774927156981783,89104,88063
151.20562519000003,flanneld,3353,0.2,0.0,42412,42568
151.20562519000003,coredns,3824,1.59,1.9099708627927132,65804,66076
152.21593225300006,nodestore,2527,12.11,9.89798088742029,20664,12975
152.21593225300006,nodeapiserver,2845,25.92,25.734750307292757,160704,151240
152.21593225300006,nodescheduler,4070,0.44,1.9795961774840583,22744,12062
152.21593225300006,nodecontroller,3913,2.62,3.9591923549681165,50860,40045
152.21593225300006,nodelet,3214,2.65,2.9693942662260873,27020,15150
152.21593225300006,nodeproxy,4253,0.0,0.0,16208,6809
152.21593225300006,containerd,2387,8.84,11.877577064904349,89316,88300
152.21593225300006,flanneld,3353,0.2,0.0,42412,42568
152.21593225300006,coredns,3824,1.59,0.0,65804,66076
153.23126065699995,nodestore,2527,12.19,7.879224070245633,20664,12975
153.23126065699995,nodeapiserver,2845,26.15,22.652769201956197,160796,151344
153.23126065699995,nodescheduler,4070,0.44,0.0,22744,11886
153.23126065699995,nodecontroller,3913,2.65,2.9547090263421123,49844,38921
153.23126065699995,nodelet,3214,2.7,4.92451504390352,26744,14702
153.23126065699995,nodeproxy,4253,0.0,0.0,16208,6809
153.23126065699995,containerd,2387,9.11,26.59238123707901,90212,88999
153.23126065699995,flanneld,3353,0.2,0.0,42412,42568
153.23126065699995,coredns,3824,1.61,1.9698060175614083,65804,66080
154.240225877,nodestore,2527,12.27,7.928915527930291,20664,12975
154.240225877,nodeapiserver,2845,26.32,16.84894549685187,160780,151344
154.240225877,nodescheduler,4070,0.44,0.0,22744,11874
154.240225877,nodecontroller,3913,2.68,2.9733433229738595,49844,38925
154.240225877,nodelet,3214,2.71,0.9911144409912864,26744,14706
154.240225877,nodeproxy,4253,0.0,0.0,16208,6809
154.240225877,containerd,2387,9.16,4.955572204956432,90212,89003
154.240225877,flanneld,3353,0.2,0.0,42412,42568
154.240225877,coredns,3824,1.61,0.0,65804,66084
155.25148151000002,nodestore,2527,12.37,9.888696461777645,20664,12975
155.25148151000002,nodeapiserver,2845,26.47,14.83304469266647,160780,151344
155.25148151000002,nodescheduler,4070,0.44,0.0,22744,11866
155.25148151000002,nodecontroller,3913,2.69,0.9888696461777646,49844,38925
155.25148151000002,nodelet,3214,2.73,1.9777392923555293,26744,14706
155.25148151000002,nodeproxy,4253,0.0,0.0,16208,6809
155.25148151000002,containerd,2387,9.2,3.9554785847110585,85028,83703
155.25148151000002,flanneld,3353,0.2,0.0,42412,42568
155.25148151000002,coredns,3824,1.63,1.9777392923555293,65804,66084
156.27032407300004,nodestore,2527,12.46,8.833553216994737,20664,12975
156.27032407300004,nodeapiserver,2845,26.69,21.593130085987138,160992,151472
156.27032407300004,nodescheduler,4070,0.45,0.9815059129994154,22744,11854
156.27032407300004,nodecontroller,3913,2.71,1.9630118259988307,49844,38925
156.27032407300004,nodelet,3214,2.75,1.9630118259988307,26744,14706
156.27032407300004,nodeproxy,4253,0.0,0.0,16208,6809
156.27032407300004,containerd,2387,9.28,7.852047303995323,85028,83707
156.27032407300004,flanneld,3353,0.21,0.9815059129994154,42412,42568
156.27032407300004,coredns,3824,1.64,0.9815059129994154,65804,66088
157.28152172400002,nodestore,2527,12.54,7.911410783133038,20664,12975
157.28152172400002,nodeapiserver,2845,26.84,14.833895218374446,161184,151504
157.28152172400002,nodescheduler,4070,0.45,0.0,22744,11842
157.28152172400002,nodecontroller,3913,2.72,0.9889263478916297,49844,38941
157.28152172400002,nodelet,3214,2.77,1.9778526957832594,26744,14706
157.28152172400002,nodeproxy,4253,0.0,0.0,16208,6809
157.28152172400002,containerd,2387,9.35,6.922484435241409,85028,83703
157.28152172400002,flanneld,3353,0.21,0.0,42412,42568
157.28152172400002,coredns,3824,1.64,0.0,65804,66088
158.30140774800003,nodestore,2527,12.63,8.824515473505361,20664,12975
158.30140774800003,nodeapiserver,2845,27.01,16.66852922773235,161148,151504
158.30140774800003,nodescheduler,4070,0.45,0.0,22744,11834
158.30140774800003,nodecontroller,3913,2.74,1.961003438556747,49844,38933
158.30140774800003,nodelet,3214,2.77,0.0,26612,14706
158.30140774800003,nodeproxy,4253,0.0,0.0,16208,6809
158.30140774800003,containerd,2387,9.38,2.9415051578351203,85028,83711
158.30140774800003,flanneld,3353,0.21,0.0,42412,42568
158.30140774800003,coredns,3824,1.66,1.961003438556747,65804,66088
159.314874481,nodestore,2527,12.72,8.880409891066686,20664,12975
159.314874481,nodeapiserver,2845,27.21,19.734244202370412,161204,151560
159.314874481,nodescheduler,4070,0.45,0.0,22744,11802
159.314874481,nodecontroller,3913,2.76,1.9734244202370415,49972,38933
159.314874481,nodelet,3214,2.81,3.946848840474083,26612,14702
159.314874481,nodeproxy,4253,0.0,0.0,16208,6809
159.314874481,containerd,2387,9.47,8.880409891066686,84764,83411
159.314874481,flanneld,3353,0.21,0.0,42412,42572
159.314874481,coredns,3824,1.67,0.9867122101185207,65804,66088
160.331060713,nodestore,2527,12.82,9.840715889565452,20664,12975
160.331060713,nodeapiserver,2845,27.37,15.745145423304724,161176,151664
160.331060713,nodescheduler,4070,0.46,0.9840715889565452,22744,11810
160.331060713,nodecontroller,3913,2.77,0.9840715889565452,49972,38941
160.331060713,nodelet,3214,2.82,0.9840715889565452,26740,14726
160.331060713,nodeproxy,4253,0.0,0.0,16208,6809
160.331060713,containerd,2387,9.54,6.888501122695817,84764,83403
160.331060713,flanneld,3353,0.21,0.0,42412,42572
160.331060713,coredns,3824,1.67,0.0,65804,66092
161.36251617299996,nodestore,2527,12.9,7.7560304930668575,20664,12975
161.36251617299996,nodeapiserver,2845,27.55,17.45106860940043,161236,151644
161.36251617299996,nodescheduler,4070,0.47,0.9695038116333572,22744,11802
161.36251617299996,nodecontroller,3913,2.8,2.9085114349000714,49952,38957
161.36251617299996,nodelet,3214,2.84,1.9390076232667144,26740,14710
161.36251617299996,nodeproxy,4253,0.0,0.0,16208,6809
161.36251617299996,containerd,2387,9.59,4.847519058166786,84764,83403
161.36251617299996,flanneld,3353,0.21,0.0,42412,42572
161.36251617299996,coredns,3824,1.69,1.9390076232667144,65804,66104
162.37480363800006,nodestore,2527,12.99,8.890755157181676,20664,12979
162.37480363800006,nodeapiserver,2845,27.75,19.757233682625948,161228,151684
162.37480363800006,nodescheduler,4070,0.47,0.0,22744,11802
162.37480363800006,nodecontroller,3913,2.81,0.9878616841312974,49952,38937
162.37480363800006,nodelet,3214,2.86,1.9757233682625948,26740,14702
162.37480363800006,nodeproxy,4253,0.0,0.0,16208,6809
162.37480363800006,containerd,2387,9.67,7.902893473050379,84764,83395
162.37480363800006,flanneld,3353,0.21,0.0,42412,42572
162.37480363800006,coredns,3824,1.7,0.9878616841312974,65804,66104
163.39416616900002,nodestore,2527,13.08,8.82904729799254,20664,12975
163.39416616900002,nodeapiserver,2845,27.89,13.734073574655065,161280,151752
163.39416616900002,nodescheduler,4070,0.47,0.0,22744,11810
163.39416616900002,nodecontroller,3913,2.83,1.962010510665009,49952,38941
163.39416616900002,nodelet,3214,2.87,0.9810052553325045,26740,14706
163.39416616900002,nodeproxy,4253,0.0,0.0,16208,6809
163.39416616900002,containerd,2387,9.71,3.924021021330018,84764,83387
163.39416616900002,flanneld,3353,0.21,0.0,42412,42572
163.39416616900002,coredns,3824,1.71,0.9810052553325045,65804,66104
164.40689559000003,nodestore,2527,13.16,7.899444643466977,20664,12975
164.40689559000003,nodeapiserver,2845,28.06,16.786319867367325,161352,151760
164.40689559000003,nodescheduler,4070,0.47,0.0,22744,11802
164.40689559000003,nodecontroller,3913,2.85,1.9748611608667443,49952,38941
164.40689559000003,nodelet,3214,2.89,1.9748611608667443,26740,14702
164.40689559000003,nodeproxy,4253,0.0,0.0,16208,6809
164.40689559000003,containerd,2387,9.76,4.9371529021668605,84764,83387
164.40689559000003,flanneld,3353,0.21,0.0,42412,42572
164.40689559000003,coredns,3824,1.72,0.9874305804333722,65804,66104
165.418100799,nodestore,2527,13.26,9.889189564094025,20664,12975
165.418100799,nodeapiserver,2845,28.24,17.800541215369243,161404,151804
165.418100799,nodescheduler,4070,0.48,0.9889189564094025,22744,11802
165.418100799,nodecontroller,3913,2.86,0.9889189564094025,49952,38941
165.418100799,nodelet,3214,2.91,1.977837912818805,26740,14706
165.418100799,nodeproxy,4253,0.0,0.0,16208,6809
165.418100799,containerd,2387,9.85,8.900270607684622,84764,83503
165.418100799,flanneld,3353,0.21,0.0,42412,42572
165.418100799,coredns,3824,1.72,0.0,65804,66104
166.43422934699998,nodestore,2527,13.35,8.85714707820624,20664,12975
166.43422934699998,nodeapiserver,2845,28.4,15.746039250144424,161456,151876
166.43422934699998,nodescheduler,4070,0.48,0.0,22744,11810
166.43422934699998,nodecontroller,3913,2.88,1.968254906268053,49952,38941
166.43422934699998,nodelet,3214,2.92,0.9841274531340265,26740,14706
166.43422934699998,nodeproxy,4253,0.0,0.0,16208,6809
166.43422934699998,containerd,2387,9.87,1.968254906268053,84892,83563
166.43422934699998,flanneld,3353,0.21,0.0,42412,42572
166.43422934699998,coredns,3824,1.74,1.968254906268053,65804,66116
167.46033092500005,nodestore,2527,13.44,8.771061455281593,20664,12975
167.46033092500005,nodeapiserver,2845,28.55,14.618435758802656,161456,151876
167.46033092500005,nodescheduler,4070,0.48,0.0,22744,11802
167.46033092500005,nodecontroller,3913,2.89,0.974562383920177,49952,38941
167.46033092500005,nodelet,3214,2.94,1.949124767840354,26740,14706
167.46033092500005,nodeproxy,4253,0.0,0.0,16208,6809
167.46033092500005,containerd,2387,9.94,6.82193668744124,85020,83731
167.46033092500005,flanneld,3353,0.21,0.0,42412,42572
167.46033092500005,coredns,3824,1.75,0.974562383920177,65804,66116
168.47069427599996,nodestore,2527,13.52,7.917943571570336,20664,12975
168.47069427599996,nodeapiserver,2845,28.72,16.825630089586966,161436,151920
168.47069427599996,nodescheduler,4070,0.48,0.0,22744,11810
168.47069427599996,nodecontroller,3913,2.92,2.969228839338876,49952,38941
168.47069427599996,nodelet,3214,2.96,1.979485892892584,26740,14722
168.47069427599996,nodeproxy,4253,0.0,0.0,16208,6809
168.47069427599996,containerd,2387,10.01,6.928200625124045,85020,83727
168.47069427599996,flanneld,3353,0.21,0.0,42412,42572
168.47069427599996,coredns,3824,1.76,0.989742946446292,65804,66116
169.51773724499998,nodestore,2527,13.61,8.595635772804517,20664,12975
169.51773724499998,nodeapiserver,2845,28.87,14.326059621340862,161628,152004
169.51773724499998,nodescheduler,4070,0.48,0.0,22744,11802
169.51773724499998,nodecontroller,3913,2.93,0.9550706414227241,49952,38941
169.51773724499998,nodelet,3214,2.97,0.9550706414227241,26740,14746
169.51773724499998,nodeproxy,4253,0.0,0.0,16208,6809
169.51773724499998,containerd,2387,10.06,4.77535320711362,85020,83739
169.51773724499998,flanneld,3353,0.21,0.0,42284,42572
169.51773724499998,coredns,3824,1.77,0.9550706414227241,65804,66116
170.52974588700005,nodestore,2527,13.71,9.881338542956158,20664,12975
170.52974588700005,nodeapiserver,2845,29.05,17.786409377321082,161664,152024
170.52974588700005,nodescheduler,4070,0.48,0.0,22744,11802
170.52974588700005,nodecontroller,3913,2.94,0.9881338542956157,49952,38941
170.52974588700005,nodelet,3214,2.99,1.9762677085912315,26740,14738
170.52974588700005,nodeproxy,4253,0.0,0.0,16208,6809
170.52974588700005,containerd,2387,10.15,8.893204688660541,85148,83959
170.52974588700005,flanneld,3353,0.22,0.9881338542956157,42284,42572
170.52974588700005,coredns,3824,1.78,0.9881338542956157,65804,66116
171.55128896700006,nodestore,2527,13.79,7.831289895282618,20664,12975
171.55128896700006,nodeapiserver,2845,29.25,19.578224738206544,161744,152080
171.55128896700006,nodescheduler,4070,0.5,1.9578224738206544,22744,11810
171.55128896700006,nodecontroller,3913,2.96,1.9578224738206544,49952,38953
171.55128896700006,nodelet,3214,3.02,2.936733710730982,26740,14758
171.55128896700006,nodeproxy,4253,0.0,0.0,16208,6809
171.55128896700006,containerd,2387,10.2,4.894556184551636,85276,84103
171.55128896700006,flanneld,3353,0.22,0.0,42284,42572
171.55128896700006,coredns,3824,1.79,0.9789112369103272,65804,66116
172.573418947,nodestore,2527,13.88,8.805142375337237,20664,12975
172.573418947,nodeapiserver,2845,29.37,11.740189833782983,161696,152088
172.573418947,nodescheduler,4070,0.5,0.0,22744,11802
172.573418947,nodecontroller,3913,2.97,0.9783491528152486,49952,38941
172.573418947,nodelet,3214,3.02,0.0,26740,14738
172.573418947,nodeproxy,4253,0.0,0.0,16208,6809
172.573418947,containerd,2387,10.23,2.9350474584457458,85404,84143
172.573418947,flanneld,3353,0.22,0.0,42284,42572
172.573418947,coredns,3824,1.8,0.9783491528152486,65804,66116
173.593094066,nodestore,2527,13.97,8.826340696462568,20664,12975
173.593094066,nodeapiserver,2845,29.56,18.63338591475431,161740,152188
173.593094066,nodescheduler,4070,0.5,0.0,22744,11802
173.593094066,nodecontroller,3913,2.99,1.9614090436583485,49952,38941
173.593094066,nodelet,3214,3.05,2.9421135654875226,26740,14742
173.593094066,nodeproxy,4253,0.0,0.0,16208,6809
173.593094066,containerd,2387,10.31,7.845636174633394,85404,84171
173.593094066,flanneld,3353,0.22,0.0,42284,42572
173.593094066,coredns,3824,1.81,0.9807045218291742,65804,66116
174.60553417700004,nodestore,2527,14.07,9.877127438305873,20664,12975
174.60553417700004,nodeapiserver,2845,29.75,18.766542132781158,161880,152248
174.60553417700004,nodescheduler,4070,0.5,0.0,22744,11810
174.60553417700004,nodecontroller,3913,3.01,1.9754254876611745,49952,38941
174.60553417700004,nodelet,3214,3.07,1.9754254876611745,26740,14758
174.60553417700004,nodeproxy,4253,0.0,0.0,16208,6809
174.60553417700004,containerd,2387,10.37,5.926276462983523,85404,84163
174.60553417700004,flanneld,3353,0.22,0.0,42284,42572
174.60553417700004,coredns,3824,1.82,0.9877127438305873,65804,66116
175.62715862,nodestore,2527,14.14,6.851832929373577,20664,12975
175.62715862,nodeapiserver,2845,29.87,11.74599930749756,161880,152248
175.62715862,nodescheduler,4070,0.5,0.0,22744,11802
175.62715862,nodecontroller,3913,3.03,1.9576665512495932,49952,38941
175.62715862,nodelet,3214,3.07,0.0,26740,14742
175.62715862,nodeproxy,4253,0.0,0.0,16208,6809
175.62715862,containerd,2387,10.39,1.9576665512495932,85404,84163
175.62715862,flanneld,3353,0.23,0.9788332756247966,42284,42572
175.62715862,coredns,3824,1.83,0.9788332756247966,65804,66116
176.646394391,nodestore,2527,14.24,9.811272606914695,20664,12975
176.646394391,nodeapiserver,2845,30.06,18.641417953137918,161880,152272
176.646394391,nodescheduler,4070,0.51,0.9811272606914694,22744,11810
176.646394391,nodecontroller,3913,3.05,1.9622545213829388,49208,38093
176.646394391,nodelet,3214,3.09,1.9622545213829388,26568,14702
176.646394391,nodeproxy,4253,0.0,0.0,16208,6809
176.646394391,containerd,2387,10.46,6.867890824840287,85404,84167
176.646394391,flanneld,3353,0.23,0.0,42284,42572
176.646394391,coredns,3824,1.85,1.9622545213829388,65804,66116
177.66160061299996,nodestore,2527,14.33,8.865193893581504,20664,12975
177.66160061299996,nodeapiserver,2845,30.23,16.74536624343173,161764,152304
177.66160061299996,nodescheduler,4070,0.51,0.0,22744,11818
177.66160061299996,nodecontroller,3913,3.07,1.9700430874625563,49208,38093
177.66160061299996,nodelet,3214,3.12,2.9550646311938347,26568,14718
177.66160061299996,nodeproxy,4253,0.0,0.0,16208,6809
177.66160061299996,containerd,2387,10.51,4.925107718656391,85404,84167
177.66160061299996,flanneld,3353,0.23,0.0,42284,42572
177.66160061299996,coredns,3824,1.85,0.0,65804,66116
178.670819258,nodestore,2527,14.41,7.926924497118997,20664,12975
178.670819258,nodeapiserver,2845,30.36,12.881252307818372,161764,152304
178.670819258,nodescheduler,4070,0.51,0.0,22744,11818
178.670819258,nodecontroller,3913,3.07,0.0,49208,38093
178.670819258,nodelet,3214,3.12,0.0,26568,14702
178.670819258,nodeproxy,4253,0.0,0.0,16208,6809
178.670819258,containerd,2387,10.53,1.9817311242797493,85404,84167
178.670819258,flanneld,3353,0.23,0.0,42284,42572
178.670819258,coredns,3824,1.86,0.9908655621398746,65804,66116
179.683767175,nodestore,2527,14.51,9.872175886018242,20664,12975
179.683767175,nodeapiserver,2845,30.55,18.75713418343466,161996,152404
179.683767175,nodescheduler,4070,0.51,0.0,22744,11834
179.683767175,nodecontroller,3913,3.09,1.9744351772036484,49208,38093
179.683767175,nodelet,3214,3.15,2.9616527658054723,26684,14738
179.683767175,nodeproxy,4253,0.0,0.0,16208,6809
179.683767175,containerd,2387,10.62,8.884958297416418,85404,84191
179.683767175,flanneld,3353,0.23,0.0,42284,42572
179.683767175,coredns,3824,1.87,0.9872175886018242,65804,66116
180.70780407399997,nodestore,2527,14.6,8.788745804754852,20664,12975
180.70780407399997,nodeapiserver,2845,30.71,15.624436986230847,162188,152428
180.70780407399997,nodescheduler,4070,0.51,0.0,22744,11850
180.70780407399997,nodecontroller,3913,3.11,1.953054623278856,49208,38237
180.70780407399997,nodelet,3214,3.17,1.953054623278856,26684,14762
180.70780407399997,nodeproxy,4253,0.0,0.0,16208,6809
180.70780407399997,containerd,2387,10.67,4.88263655819714,85404,84191
180.70780407399997,flanneld,3353,0.24,0.976527311639428,42284,42572
180.70780407399997,coredns,3824,1.89,1.953054623278856,65804,66116
181.72839573699997,nodestore,2527,14.68,7.838590388328464,20664,12975
181.72839573699997,nodeapiserver,2845,30.84,12.737709381033754,162188,152428
181.72839573699997,nodescheduler,4070,0.51,0.0,22744,11850
181.72839573699997,nodecontroller,3913,3.12,0.979823798541058,49208,38237
181.72839573699997,nodelet,3214,3.17,0.0,26684,14762
181.72839573699997,nodeproxy,4253,0.0,0.0,16208,6809
181.72839573699997,containerd,2387,10.68,0.979823798541058,85404,84191
181.72839573699997,flanneld,3353,0.24,0.0,42284,42572
181.72839573699997,coredns,3824,1.89,0.0,65804,66120
182.74075004399998,nodestore,2527,14.78,9.877964592884283,20664,12975
182.74075004399998,nodeapiserver,2845,31.02,17.780336267191707,162144,152484
182.74075004399998,nodescheduler,4070,0.51,0.0,22744,11878
182.74075004399998,nodecontroller,3913,3.13,0.9877964592884283,49336,38361
182.74075004399998,nodelet,3214,3.19,1.9755929185768566,26684,14730
182.74075004399998,nodeproxy,4253,0.0,0.0,16208,6809
182.74075004399998,containerd,2387,10.74,5.926778755730569,85404,84191
182.74075004399998,flanneld,3353,0.24,0.0,42284,42572
182.74075004399998,coredns,3824,1.91,1.9755929185768566,65804,66120
183.75433606300004,nodestore,2527,14.87,8.879364781371832,20664,12975
183.75433606300004,nodeapiserver,2845,31.2,17.758729562743664,162268,152584
183.75433606300004,nodescheduler,4070,0.53,1.9731921736381848,22744,11878
183.75433606300004,nodecontroller,3913,3.15,1.9731921736381848,49464,38501
183.75433606300004,nodelet,3214,3.2,0.9865960868190924,26684,14734
183.75433606300004,nodeproxy,4253,0.0,0.0,16208,6809
183.75433606300004,containerd,2387,10.8,5.919576520914554,85404,84267
183.75433606300004,flanneld,3353,0.24,0.0,42284,42572
183.75433606300004,coredns,3824,1.91,0.0,65804,66120
184.777846529,nodestore,2527,14.96,8.793266213655365,20664,12975
184.777846529,nodeapiserver,2845,31.35,14.655443689425608,162240,152588
184.777846529,nodescheduler,4070,0.53,0.0,22744,11894
184.777846529,nodecontroller,3913,3.17,1.954059158590081,49464,38505
184.777846529,nodelet,3214,3.22,1.954059158590081,26684,14730
184.777846529,nodeproxy,4253,0.0,0.0,16208,6809
184.777846529,containerd,2387,10.8,0.0,85404,84267
184.777846529,flanneld,3353,0.24,0.0,42284,42572
184.777846529,coredns,3824,1.93,1.954059158590081,65804,66124
185.78893512300004,nodestore,2527,15.05,8.90129713005099,20664,12975
185.78893512300004,nodeapiserver,2845,31.52,16.813561245651872,162328,152636
185.78893512300004,nodescheduler,4070,0.53,0.0,22744,11910
185.78893512300004,nodecontroller,3913,3.19,1.97806602890022,49592,38685
185.78893512300004,nodelet,3214,3.23,0.98903301445011,26684,14730
185.78893512300004,nodeproxy,4253,0.0,0.0,16208,6809
185.78893512300004,containerd,2387,10.87,6.923231101150772,85788,84567
185.78893512300004,flanneld,3353,0.24,0.0,42284,42572
185.78893512300004,coredns,3824,1.93,0.0,65804,66124
186.80066499900005,nodestore,2527,15.15,9.884061187889603,20664,12975
186.80066499900005,nodeapiserver,2845,31.68,15.814497900623365,162396,152720
186.80066499900005,nodescheduler,4070,0.53,0.0,22744,11918
186.80066499900005,nodecontroller,3913,3.2,0.9884061187889603,49720,38869
186.80066499900005,nodelet,3214,3.24,0.9884061187889603,26684,14730
186.80066499900005,nodeproxy,4253,0.0,0.0,16208,6809
186.80066499900005,containerd,2387,10.91,3.9536244751558414,85788,84630
186.80066499900005,flanneld,3353,0.24,0.0,42284,42572
186.80066499900005,coredns,3824,1.95,1.9768122375779207,65804,66124
187.82103519100002,nodestore,2527,15.24,8.820328220642727,20664,12975
187.82103519100002,nodeapiserver,2845,31.83,14.700547034404545,162396,152720
187.82103519100002,nodescheduler,4070,0.53,0.0,22744,11926
187.82103519100002,nodecontroller,3913,3.21,0.980036468960303,49720,38909
187.82103519100002,nodelet,3214,3.25,0.980036468960303,26684,14734
187.82103519100002,nodeproxy,4253,0.0,0.0,16208,6809
187.82103519100002,containerd,2387,10.93,1.960072937920606,85788,84659
187.82103519100002,flanneld,3353,0.24,0.0,42284,42572
187.82103519100002,coredns,3824,1.96,0.980036468960303,65804,66132
188.833292953,nodestore,2527,15.33,8.891016041426104,20664,12967
188.833292953,nodeapiserver,2845,32.0,16.79414141158264,162344,152752
188.833292953,nodescheduler,4070,0.53,0.0,22744,11942
188.833292953,nodecontroller,3913,3.23,1.9757813425391342,49848,39101
188.833292953,nodelet,3214,3.27,1.9757813425391342,26684,14734
188.833292953,nodeproxy,4253,0.0,0.0,16208,6809
188.833292953,containerd,2387,10.98,4.939453356347835,85788,84663
188.833292953,flanneld,3353,0.24,0.0,42284,42572
188.833292953,coredns,3824,1.97,0.9878906712695671,65804,66132
189.84183421300003,nodestore,2527,15.41,7.9322486023029715,20664,12975
189.84183421300003,nodeapiserver,2845,32.17,16.856028279893813,162364,152912
189.84183421300003,nodescheduler,4070,0.54,0.9915310752878714,22744,11950
189.84183421300003,nodecontroller,3913,3.25,1.9830621505757429,50232,39337
189.84183421300003,nodelet,3214,3.29,1.9830621505757429,26668,14702
189.84183421300003,nodeproxy,4253,0.0,0.0,16208,6809
189.84183421300003,containerd,2387,11.05,6.940717527015101,86940,85610
189.84183421300003,flanneld,3353,0.24,0.0,42284,42572
189.84183421300003,coredns,3824,1.97,0.0,65804,66132
190.86071950499996,nodestore,2527,15.51,9.814647515787897,20664,12975
190.86071950499996,nodeapiserver,2845,32.34,16.684900776839424,162476,152916
190.86071950499996,nodescheduler,4070,0.54,0.0,22744,11962
190.86071950499996,nodecontroller,3913,3.26,0.9814647515787897,50608,39701
190.86071950499996,nodelet,3214,3.3,0.9814647515787897,26668,14730
190.86071950499996,nodeproxy,4253,0.0,0.0,16208,6809
190.86071950499996,containerd,2387,11.09,3.9258590063151586,87068,85767
190.86071950499996,flanneld,3353,0.24,0.0,42284,42572
190.86071950499996,coredns,3824,1.99,1.9629295031575793,65804,66132
191.86896831100006,nodestore,2527,15.6,8.92636812108373,20664,12975
191.86896831100006,nodeapiserver,2845,32.51,16.860917562047046,162464,152944
191.86896831100006,nodescheduler,4070,0.54,0.0,22744,11986
191.86896831100006,nodecontroller,3913,3.28,1.983637360240829,50608,39753
191.86896831100006,nodelet,3214,3.32,1.983637360240829,26668,14682
191.86896831100006,nodeproxy,4253,0.0,0.0,16208,6809
191.86896831100006,containerd,2387,11.16,6.9427307608429025,87196,85887
191.86896831100006,flanneld,3353,0.24,0.0,42284,42572
191.86896831100006,coredns,3824,2.0,0.9918186801204145,65804,66132
192.877900097,nodestore,2527,15.69,8.920325561038933,20664,12975
192.877900097,nodeapiserver,2845,32.68,16.849503837517982,162660,153036
192.877900097,nodescheduler,4070,0.54,0.0,22744,12006
192.877900097,nodecontroller,3913,3.3,1.9822945691197627,50608,39873
192.877900097,nodelet,3214,3.33,0.9911472845598813,26668,14694
192.877900097,nodeproxy,4253,0.0,0.0,16208,6809
192.877900097,containerd,2387,11.18,1.9822945691197627,87196,85878
192.877900097,flanneld,3353,0.24,0.0,42284,42572
192.877900097,coredns,3824,2.02,1.9822945691197627,65804,66136
193.93114427100005,nodestore,2527,15.78,8.545027090745284,20664,12983
193.93114427100005,nodeapiserver,2845,32.81,12.342816908854298,162660,153012
193.93114427100005,nodescheduler,4070,0.54,0.0,22744,11998
193.93114427100005,nodecontroller,3913,3.31,0.9494474545272538,50608,39865
193.93114427100005,nodelet,3214,3.35,1.8988949090545075,26668,14698
193.93114427100005,nodeproxy,4253,0.0,0.0,16208,6809
193.93114427100005,containerd,2387,11.23,4.747237272636268,87196,85879
193.93114427100005,flanneld,3353,0.24,0.0,42284,42572
193.93114427100005,coredns,3824,2.02,0.0,65804,66136
194.94505146800003,nodestore,2527,15.88,9.862835602300388,20664,12975
194.94505146800003,nodeapiserver,2845,33.01,19.725671204600776,162668,153052
194.94505146800003,nodescheduler,4070,0.54,0.0,22744,12030
194.94505146800003,nodecontroller,3913,3.33,1.9725671204600776,50736,40093
194.94505146800003,nodelet,3214,3.37,1.9725671204600776,26668,14702
194.94505146800003,nodeproxy,4253,0.0,0.0,16208,6809
194.94505146800003,containerd,2387,11.3,6.903984921610272,87196,85883
194.94505146800003,flanneld,3353,0.25,0.9862835602300388,42284,42572
194.94505146800003,coredns,3824,2.03,0.9862835602300388,65804,66136
195.95308531000006,nodestore,2527,15.96,7.936241489796876,20664,12975
195.95308531000006,nodeapiserver,2845,33.13,11.904362234695315,162796,153572
195.95308531000006,nodescheduler,4070,0.54,0.0,22744,12030
195.95308531000006,nodecontroller,3913,3.34,0.9920301862246095,50736,40093
195.95308531000006,nodelet,3214,3.37,0.0,26668,14702
195.95308531000006,nodeproxy,4253,0.0,0.0,16208,6809
195.95308531000006,containerd,2387,11.31,0.9920301862246095,87196,85883
195.95308531000006,flanneld,3353,0.25,0.0,42284,42572
195.95308531000006,coredns,3824,2.04,0.9920301862246095,65804,66136
196.97438905899998,nodestore,2527,16.06,9.791406337039557,20664,12975
196.97438905899998,nodeapiserver,2845,33.33,19.582812674079115,162672,153180
196.97438905899998,nodescheduler,4070,0.54,0.0,22744,12050
196.97438905899998,nodecontroller,3913,3.36,1.9582812674079115,50992,40361
196.97438905899998,nodelet,3214,3.39,1.9582812674079115,26668,14702
196.97438905899998,nodeproxy,4253,0.0,0.0,16208,6809
196.97438905899998,containerd,2387,11.36,4.895703168519779,87196,85887
196.97438905899998,flanneld,3353,0.25,0.0,42284,42572
196.97438905899998,coredns,3824,2.05,0.9791406337039558,65804,66136
197.98610333200003,nodestore,2527,16.15,8.895792260904017,20664,12947
197.98610333200003,nodeapiserver,2845,33.51,17.791584521808034,162836,153236
197.98610333200003,nodescheduler,4070,0.56,1.9768427246453373,22744,12078
197.98610333200003,nodecontroller,3913,3.37,0.9884213623226686,51376,40649
197.98610333200003,nodelet,3214,3.41,1.9768427246453373,26668,14702
197.98610333200003,nodeproxy,4253,0.0,0.0,16208,6809
197.98610333200003,containerd,2387,11.43,6.9189495362586815,87196,85963
197.98610333200003,flanneld,3353,0.25,0.0,42284,42572
197.98610333200003,coredns,3824,2.07,1.9768427246453373,65804,66136
199.01409025900006,nodestore,2527,16.25,9.727750166223386,20664,12955
199.01409025900006,nodeapiserver,2845,33.65,13.618850232712742,162836,153248
199.01409025900006,nodescheduler,4070,0.56,0.0,22744,12082
199.01409025900006,nodecontroller,3913,3.39,1.9455500332446771,51376,40645
199.01409025900006,nodelet,3214,3.42,0.9727750166223386,26668,14702
199.01409025900006,nodeproxy,4253,0.0,0.0,16208,6809
199.01409025900006,containerd,2387,11.45,1.9455500332446771,87196,85963
199.01409025900006,flanneld,3353,0.25,0.0,42284,42572
199.01409025900006,coredns,3824,2.07,0.0,65804,66136
200.03318098899996,nodestore,2527,16.34,8.831402087232076,20664,12975
200.03318098899996,nodeapiserver,2845,33.86,20.606604870208177,163108,153436
200.03318098899996,nodescheduler,4070,0.56,0.0,22744,12090
200.03318098899996,nodecontroller,3913,3.41,1.9625337971626837,51632,40901
200.03318098899996,nodelet,3214,3.45,2.9438006957440255,26880,14770
200.03318098899996,nodeproxy,4253,0.0,0.0,16208,6809
200.03318098899996,containerd,2387,11.55,9.812668985813419,87196,86055
200.03318098899996,flanneld,3353,0.26,0.9812668985813419,42284,42572
200.03318098899996,coredns,3824,2.09,1.9625337971626837,65804,66136
201.05987758199996,nodestore,2527,16.44,9.73997582945133,20664,12975
201.05987758199996,nodeapiserver,2845,34.05,18.50595407595753,163084,153464
201.05987758199996,nodescheduler,4070,0.56,0.0,22744,12102
201.05987758199996,nodecontroller,3913,3.42,0.9739975829451331,51760,41133
201.05987758199996,nodelet,3214,3.47,1.9479951658902661,26736,14742
201.05987758199996,nodeproxy,4253,0.0,0.0,16208,6809
201.05987758199996,containerd,2387,11.59,3.8959903317805322,87196,86115
201.05987758199996,flanneld,3353,0.26,0.0,42284,42572
201.05987758199996,coredns,3824,2.1,0.9739975829451331,65804,66136
202.09153417099998,nodestore,2527,16.52,7.754518398175839,20664,12975
202.09153417099998,nodeapiserver,2845,34.19,13.57040719680772,163084,153464
202.09153417099998,nodescheduler,4070,0.56,0.0,22744,12126
202.09153417099998,nodecontroller,3913,3.43,0.9693147997719799,51888,41189
202.09153417099998,nodelet,3214,3.47,0.0,26736,14738
202.09153417099998,nodeproxy,4253,0.0,0.0,16208,6809
202.09153417099998,containerd,2387,11.62,2.9079443993159395,87196,86115
202.09153417099998,flanneld,3353,0.26,0.0,42284,42572
202.09153417099998,coredns,3824,2.11,0.9693147997719799,65804,66136
203.10385656700004,nodestore,2527,16.63,10.866103568847016,20664,12975
203.10385656700004,nodeapiserver,2845,34.43,23.707862332029855,163236,153516
203.10385656700004,nodescheduler,4070,0.57,0.9878275971679106,22744,12154
203.10385656700004,nodecontroller,3913,3.47,3.9513103886716423,52016,41141
203.10385656700004,nodelet,3214,3.5,2.963482791503732,26736,14926
203.10385656700004,nodeproxy,4253,0.0,0.0,16208,6809
203.10385656700004,containerd,2387,11.71,8.890448374511195,87580,86654
203.10385656700004,flanneld,3353,0.26,0.0,42284,42572
203.10385656700004,coredns,3824,2.12,0.9878275971679106,65804,66136
204.12936710599996,nodestore,2527,16.72,8.776116536819583,20664,12983
204.12936710599996,nodeapiserver,2845,34.69,25.353225550812127,163388,153732
204.12936710599996,nodescheduler,4070,0.57,0.0,22744,12198
204.12936710599996,nodecontroller,3913,3.52,4.875620298233102,52016,41133
204.12936710599996,nodelet,3214,3.55,4.875620298233102,26992,15298
204.12936710599996,nodeproxy,4253,0.0,0.0,16208,6809
204.12936710599996,containerd,2387,12.02,30.22884584904523,90268,89319
204.12936710599996,flanneld,3353,0.27,0.9751240596466203,42284,42572
204.12936710599996,coredns,3824,2.13,0.9751240596466203,65804,66136
205.31190517299996,nodestore,2527,16.84,10.14766487005618,20664,12983
205.31190517299996,nodeapiserver,2845,34.95,21.98660721845506,163712,154176
205.31190517299996,nodescheduler,4070,0.58,0.8456387391713484,22736,11978
205.31190517299996,nodecontroller,3913,3.55,2.536916217514045,51108,39805
205.31190517299996,nodelet,3214,3.6,4.228193695856742,26844,14930
205.31190517299996,nodeproxy,4253,0.0,0.0,16208,6809
205.31190517299996,containerd,2387,12.2,15.22149730508427,86196,85143
205.31190517299996,flanneld,3353,0.27,0.0,42284,42572
205.31190517299996,coredns,3824,2.13,0.0,65804,66136
206.32393403199995,nodestore,2527,16.93,8.893027031751892,20664,12983
206.32393403199995,nodeapiserver,2845,35.14,18.774168178142883,163848,154232
206.32393403199995,nodescheduler,4070,0.58,0.0,22600,11898
206.32393403199995,nodecontroller,3913,3.57,1.9762282292781983,51108,39805
206.32393403199995,nodelet,3214,3.61,0.9881141146390992,26844,14946
206.32393403199995,nodeproxy,4253,0.0,0.0,16208,6809
206.32393403199995,containerd,2387,12.25,4.940570573195496,86196,85142
206.32393403199995,flanneld,3353,0.27,0.0,42284,42572
206.32393403199995,coredns,3824,2.15,1.9762282292781983,65804,66136
207.34150474899997,nodestore,2527,17.01,7.861861457241505,20664,12983
207.34150474899997,nodeapiserver,2845,35.27,12.775524868017445,163848,154232
207.34150474899997,nodescheduler,4070,0.58,0.0,22600,11894
207.34150474899997,nodecontroller,3913,3.59,1.9654653643103763,51108,39805
207.34150474899997,nodelet,3214,3.63,1.9654653643103763,26844,14930
207.34150474899997,nodeproxy,4253,0.0,0.0,16208,6809
207.34150474899997,containerd,2387,12.28,2.9481980464655644,86196,85143
207.34150474899997,flanneld,3353,0.27,0.0,42284,42572
207.34150474899997,coredns,3824,2.16,0.9827326821551882,65804,66140
208.371418689,nodestore,2527,17.11,9.709549129900818,20664,12983
208.371418689,nodeapiserver,2845,35.46,18.448143346811552,163788,154296
208.371418689,nodescheduler,4070,0.6,1.9419098259801635,22600,11894
208.371418689,nodecontroller,3913,3.6,0.9709549129900817,51108,39805
208.371418689,nodelet,3214,3.64,0.9709549129900817,26844,14898
208.371418689,nodeproxy,4253,0.0,0.0,16208,6809
208.371418689,containerd,2387,12.37,8.738594216910736,84916,83791
208.371418689,flanneld,3353,0.27,0.0,42284,42572
208.371418689,coredns,3824,2.17,0.9709549129900817,65804,66140
209.382178538,nodestore,2527,17.21,9.893546928969773,20664,12983
209.382178538,nodeapiserver,2845,35.65,18.797739165042568,163936,154356
209.382178538,nodescheduler,4070,0.6,0.0,22600,11902
209.382178538,nodecontroller,3913,3.62,1.9787093857939544,51108,39805
209.382178538,nodelet,3214,3.67,2.9680640786909316,26844,14902
209.382178538,nodeproxy,4253,0.0,0.0,16208,6809
209.382178538,containerd,2387,12.42,4.946773464484886,84916,83791
209.382178538,flanneld,3353,0.27,0.0,42284,42572
209.382178538,coredns,3824,2.18,0.9893546928969772,65804,66140
210.40742159899997,nodestore,2527,17.3,8.778406157874274,20664,12983
210.40742159899997,nodeapiserver,2845,35.79,13.655298467804428,163932,154392
210.40742159899997,nodescheduler,4070,0.6,0.0,22600,11894
210.40742159899997,nodecontroller,3913,3.64,1.950756923972061,51108,39805
210.40742159899997,nodelet,3214,3.69,1.950756923972061,26968,14958
210.40742159899997,nodeproxy,4253,0.0,0.0,16208,6809
210.40742159899997,containerd,2387,12.49,6.827649233902214,84368,83095
210.40742159899997,flanneld,3353,0.27,0.0,42284,42572
210.40742159899997,coredns,3824,2.19,0.9753784619860305,65804,66140
211.43751728700005,nodestore,2527,17.41,10.678619596356576,20664,12983
211.43751728700005,nodeapiserver,2845,35.99,19.415671993375593,164072,154452
211.43751728700005,nodescheduler,4070,0.6,0.0,22600,11894
211.43751728700005,nodecontroller,3913,3.65,0.9707835996687797,51108,39805
211.43751728700005,nodelet,3214,3.71,1.9415671993375594,26968,14958
211.43751728700005,nodeproxy,4253,0.0,0.0,16208,6809
211.43751728700005,containerd,2387,12.57,7.766268797350238,84368,83095
211.43751728700005,flanneld,3353,0.27,0.0,42284,42572
211.43751728700005,coredns,3824,2.2,0.9707835996687797,65804,66140
212.45385442599996,nodestore,2527,17.5,8.855329255069904,20664,12991
212.45385442599996,nodeapiserver,2845,36.17,17.710658510139808,164044,154496
212.45385442599996,nodescheduler,4070,0.6,0.0,22600,11902
212.45385442599996,nodecontroller,3913,3.68,2.9517764183566344,51108,39805
212.45385442599996,nodelet,3214,3.73,1.9678509455710897,26968,14958
212.45385442599996,nodeproxy,4253,0.0,0.0,16208,6809
212.45385442599996,containerd,2387,12.63,5.903552836713269,84368,83087
212.45385442599996,flanneld,3353,0.27,0.0,42284,42572
212.45385442599996,coredns,3824,2.22,1.9678509455710897,65804,66140
213.47048251500001,nodestore,2527,17.59,8.852794937873835,20664,12983
213.47048251500001,nodeapiserver,2845,36.31,13.771014347803746,164044,154472
213.47048251500001,nodescheduler,4070,0.6,0.0,22600,11894
213.47048251500001,nodecontroller,3913,3.69,0.9836438819859816,51108,39805
213.47048251500001,nodelet,3214,3.74,0.9836438819859816,26968,14958
213.47048251500001,nodeproxy,4253,0.0,0.0,16208,6809
213.47048251500001,containerd,2387,12.66,2.950931645957945,84368,83087
213.47048251500001,flanneld,3353,0.27,0.0,42284,42572
213.47048251500001,coredns,3824,2.22,0.0,65804,66140
214.48299582600004,nodestore,2527,17.69,9.87641336796193,20664,12983
214.48299582600004,nodeapiserver,2845,36.5,18.76518539912767,164180,154556
214.48299582600004,nodescheduler,4070,0.61,0.9876413367961931,22600,11894
214.48299582600004,nodecontroller,3913,3.71,1.9752826735923863,51108,39805
214.48299582600004,nodelet,3214,3.75,0.9876413367961931,26824,14882
214.48299582600004,nodeproxy,4253,0.0,0.0,16208,6809
214.48299582600004,containerd,2387,12.76,9.87641336796193,84368,83079
214.48299582600004,flanneld,3353,0.28,0.9876413367961931,42284,42572
214.48299582600004,coredns,3824,2.23,0.9876413367961931,65804,66140
215.50134918099997,nodestore,2527,17.78,8.837796778310421,20664,12963
215.50134918099997,nodeapiserver,2845,36.66,15.711638716996305,164324,154656
215.50134918099997,nodescheduler,4070,0.62,0.981977419812269,22600,11902
215.50134918099997,nodecontroller,3913,3.72,0.981977419812269,51108,39805
215.50134918099997,nodelet,3214,3.77,1.963954839624538,26824,14906
215.50134918099997,nodeproxy,4253,0.0,0.0,16208,6809
215.50134918099997,containerd,2387,12.78,1.963954839624538,84368,83070
215.50134918099997,flanneld,3353,0.28,0.0,42284,42572
215.50134918099997,coredns,3824,2.24,0.981977419812269,65804,66144
216.51508970100002,nodestore,2527,17.88,9.864457228166682,20664,12963
216.51508970100002,nodeapiserver,2845,36.82,15.78313156506669,164288,154672
216.51508970100002,nodescheduler,4070,0.62,0.0,22600,11894
216.51508970100002,nodecontroller,3913,3.73,0.9864457228166681,51108,39805
216.51508970100002,nodelet,3214,3.79,1.9728914456333362,26824,14930
216.51508970100002,nodeproxy,4253,0.0,0.0,16208,6809
216.51508970100002,containerd,2387,12.85,6.905120059716678,84368,83075
216.51508970100002,flanneld,3353,0.28,0.0,42284,42572
216.51508970100002,coredns,3824,2.26,1.9728914456333362,65804,66144
217.53041237300005,nodestore,2527,17.98,9.84908569046487,20664,12983
217.53041237300005,nodeapiserver,2845,37.02,19.69817138092974,164320,154704
217.53041237300005,nodescheduler,4070,0.62,0.0,22600,11894
217.53041237300005,nodecontroller,3913,3.75,1.9698171380929739,51108,39805
217.53041237300005,nodelet,3214,3.81,1.9698171380929739,26824,14934
217.53041237300005,nodeproxy,4253,0.0,0.0,16208,6809
217.53041237300005,containerd,2387,12.94,8.864177121418383,84368,83067
217.53041237300005,flanneld,3353,0.28,0.0,42284,42572
217.53041237300005,coredns,3824,2.26,0.0,65804,66144
218.54359032500003,nodestore,2527,18.07,8.882941029494683,20664,12983
218.54359032500003,nodeapiserver,2845,37.17,14.804901715824471,164440,154820
218.54359032500003,nodescheduler,4070,0.62,0.0,22600,11902
218.54359032500003,nodecontroller,3913,3.77,1.9739868954432627,51108,39809
218.54359032500003,nodelet,3214,3.82,0.9869934477216313,26824,14934
218.54359032500003,nodeproxy,4253,0.0,0.0,16208,6809
218.54359032500003,containerd,2387,12.95,0.9869934477216313,84368,83058
218.54359032500003,flanneld,3353,0.28,0.0,42284,42572
218.54359032500003,coredns,3824,2.27,0.9869934477216313,65804,66144
219.58942157799999,nodestore,2527,18.17,9.561772007974579,20664,12975
219.58942157799999,nodeapiserver,2845,37.33,15.298835212759327,164440,154788
219.58942157799999,nodescheduler,4070,0.62,0.0,22600,11894
219.58942157799999,nodecontroller,3913,3.79,1.9123544015949159,51108,39809
219.58942157799999,nodelet,3214,3.84,1.9123544015949159,26824,14934
219.58942157799999,nodeproxy,4253,0.0,0.0,16208,6809
219.58942157799999,containerd,2387,13.05,9.561772007974579,84368,83067
219.58942157799999,flanneld,3353,0.28,0.0,42284,42572
219.58942157799999,coredns,3824,2.29,1.9123544015949159,65804,66184
220.6134341,nodestore,2527,18.26,8.78895502412598,20664,12983
220.6134341,nodeapiserver,2845,37.54,20.50756172296062,164472,154872
220.6134341,nodescheduler,4070,0.62,0.0,22600,11894
220.6134341,nodecontroller,3913,3.81,1.9531011164724401,50792,39437
220.6134341,nodelet,3214,3.87,2.9296516747086603,26952,14926
220.6134341,nodeproxy,4253,0.0,0.0,16208,6809
220.6134341,containerd,2387,13.14,8.78895502412598,84368,83063
220.6134341,flanneld,3353,0.28,0.0,42284,42572
220.6134341,coredns,3824,2.29,0.0,65804,66236
221.63036566399995,nodestore,2527,18.36,9.833503407708685,20664,12983
221.63036566399995,nodeapiserver,2845,37.7,15.733605452333897,165340,155808
221.63036566399995,nodescheduler,4070,0.62,0.0,22600,11894
221.63036566399995,nodecontroller,3913,3.83,1.9667006815417372,49024,37913
221.63036566399995,nodelet,3214,3.88,0.9833503407708686,26952,14926
221.63036566399995,nodeproxy,4253,0.0,0.0,16208,6809
221.63036566399995,containerd,2387,13.15,0.9833503407708686,84368,83063
221.63036566399995,flanneld,3353,0.28,0.0,42284,42572
221.63036566399995,coredns,3824,2.31,1.9667006815417372,65804,66236
222.68143161899997,nodestore,2527,18.47,10.465565883541405,20536,12983
222.68143161899997,nodeapiserver,2845,37.87,16.17405636547308,164376,154892
222.68143161899997,nodescheduler,4070,0.63,0.951415080321946,22600,11902
222.68143161899997,nodecontroller,3913,3.85,1.902830160643892,49024,37933
222.68143161899997,nodelet,3214,3.9,1.902830160643892,26952,14926
222.68143161899997,nodeproxy,4253,0.0,0.0,16208,6809
222.68143161899997,containerd,2387,13.21,5.708490481931676,84368,83059
222.68143161899997,flanneld,3353,0.28,0.0,42284,42572
222.68143161899997,coredns,3824,2.32,0.951415080321946,65804,66236
223.70743915500003,nodestore,2527,18.57,9.746517105503367,20536,12987
223.70743915500003,nodeapiserver,2845,38.06,18.518382500456397,164572,154932
223.70743915500003,nodescheduler,4070,0.64,0.9746517105503366,22600,11910
223.70743915500003,nodecontroller,3913,3.86,0.9746517105503366,49024,38029
223.70743915500003,nodelet,3214,3.91,0.9746517105503366,26952,14926
223.70743915500003,nodeproxy,4253,0.0,0.0,16208,6809
223.70743915500003,containerd,2387,13.26,4.873258552751683,84368,83059
223.70743915500003,flanneld,3353,0.28,0.0,42284,42572
223.70743915500003,coredns,3824,2.33,0.9746517105503366,65804,66264
224.71941288399995,nodestore,2527,18.66,8.893511503400616,20536,12983
224.71941288399995,nodeapiserver,2845,38.19,12.846183282689779,164572,154932
224.71941288399995,nodescheduler,4070,0.64,0.0,22600,11910
224.71941288399995,nodecontroller,3913,3.87,0.9881679448222906,49024,38029
224.71941288399995,nodelet,3214,3.93,1.9763358896445813,26952,14926
224.71941288399995,nodeproxy,4253,0.0,0.0,16208,6809
224.71941288399995,containerd,2387,13.28,1.9763358896445813,84368,83059
224.71941288399995,flanneld,3353,0.28,0.0,42284,42572
224.71941288399995,coredns,3824,2.34,0.9881679448222906,65804,66268
225.73824511200002,nodestore,2527,18.77,10.796674562987324,20536,12983
225.73824511200002,nodeapiserver,2845,38.36,16.685769779162225,164752,155040
225.73824511200002,nodescheduler,4070,0.64,0.0,22600,11926
225.73824511200002,nodecontroller,3913,3.88,0.9815158693624839,49024,38157
225.73824511200002,nodelet,3214,3.94,0.9815158693624839,26952,14926
225.73824511200002,nodeproxy,4253,0.0,0.0,16208,6809
225.73824511200002,containerd,2387,13.34,5.889095216174903,84368,83055
225.73824511200002,flanneld,3353,0.28,0.0,42284,42572
225.73824511200002,coredns,3824,2.35,0.9815158693624839,65804,66272
226.757453698,nodestore,2527,18.86,8.830380869652606,20536,12983
226.757453698,nodeapiserver,2845,38.53,16.67960830934381,164684,155036
226.757453698,nodescheduler,4070,0.64,0.0,22728,11950
226.757453698,nodecontroller,3913,3.9,1.9623068599228013,49024,38301
226.757453698,nodelet,3214,3.95,0.9811534299614006,26952,14938
226.757453698,nodeproxy,4253,0.0,0.0,16208,6809
226.757453698,containerd,2387,13.4,5.886920579768404,84496,83423
226.757453698,flanneld,3353,0.3,1.9623068599228013,42284,42572
226.757453698,coredns,3824,2.36,0.9811534299614006,65804,66280
227.79214700000006,nodestore,2527,18.95,8.698229690482291,20536,12983
227.79214700000006,nodeapiserver,2845,38.67,13.53057951852801,164684,155036
227.79214700000006,nodescheduler,4070,0.64,0.0,22728,11942
227.79214700000006,nodecontroller,3913,3.91,0.9664699656091434,49024,38313
227.79214700000006,nodelet,3214,3.97,1.9329399312182869,26952,14926
227.79214700000006,nodeproxy,4253,0.0,0.0,16208,6809
227.79214700000006,containerd,2387,13.41,0.9664699656091434,84496,83507
227.79214700000006,flanneld,3353,0.3,0.0,42284,42572
227.79214700000006,coredns,3824,2.37,0.9664699656091434,65804,66284
228.80091258099998,nodestore,2527,19.05,9.91310586755714,20536,12983
228.80091258099998,nodeapiserver,2845,38.84,16.85227997484714,164708,155100
228.80091258099998,nodescheduler,4070,0.64,0.0,22728,11970
228.80091258099998,nodecontroller,3913,3.92,0.991310586755714,49152,38461
228.80091258099998,nodelet,3214,3.99,1.982621173511428,26952,14930
228.80091258099998,nodeproxy,4253,0.0,0.0,16208,6809
228.80091258099998,containerd,2387,13.46,4.95655293377857,84752,83851
228.80091258099998,flanneld,3353,0.3,0.0,42284,42572
228.80091258099998,coredns,3824,2.38,0.991310586755714,65804,66284
229.82170183,nodestore,2527,19.15,9.796341418952217,20536,12983
229.82170183,nodeapiserver,2845,39.01,16.65378041221877,164936,155184
229.82170183,nodescheduler,4070,0.64,0.0,22728,11986
229.82170183,nodecontroller,3913,3.93,0.9796341418952216,49152,38573
229.82170183,nodelet,3214,4.0,0.9796341418952216,26812,14942
229.82170183,nodeproxy,4253,0.0,0.0,16208,6809
229.82170183,containerd,2387,13.53,6.857438993266552,84752,83874
229.82170183,flanneld,3353,0.3,0.0,42284,42572
229.82170183,coredns,3824,2.4,1.9592682837904432,65804,66300
230.83919271099995,nodestore,2527,19.24,8.845288118115697,20536,12983
230.83919271099995,nodeapiserver,2845,39.15,13.759337072624419,164936,155192
230.83919271099995,nodescheduler,4070,0.64,0.0,22728,11986
230.83919271099995,nodecontroller,3913,3.95,1.9656195818034883,49280,38617
230.83919271099995,nodelet,3214,4.01,0.9828097909017441,26812,14958
230.83919271099995,nodeproxy,4253,0.0,0.0,16208,6809
230.83919271099995,containerd,2387,13.58,4.91404895450872,84752,83882
230.83919271099995,flanneld,3353,0.3,0.0,42284,42572
230.83919271099995,coredns,3824,2.4,0.0,65804,66316
231.85131794199998,nodestore,2527,19.34,9.88020028916731,20536,12983
231.85131794199998,nodeapiserver,2845,39.34,18.77238054941789,164736,155212
231.85131794199998,nodescheduler,4070,0.65,0.988020028916731,22728,11998
231.85131794199998,nodecontroller,3913,3.96,0.988020028916731,49536,38817
231.85131794199998,nodelet,3214,4.03,1.976040057833462,26812,14934
231.85131794199998,nodeproxy,4253,0.0,0.0,16208,6809
231.85131794199998,containerd,2387,13.62,3.952080115666924,84752,83887
231.85131794199998,flanneld,3353,0.3,0.0,42284,42572
231.85131794199998,coredns,3824,2.41,0.988020028916731,65804,66324
232.864926218,nodestore,2527,19.44,9.865744229578356,20536,12983
232.864926218,nodeapiserver,2845,39.46,11.838893075494028,164736,155212
232.864926218,nodescheduler,4070,0.65,0.0,22728,11998
232.864926218,nodecontroller,3913,3.98,1.9731488459156712,49536,38801
232.864926218,nodelet,3214,4.04,0.9865744229578356,26812,14922
232.864926218,nodeproxy,4253,0.0,0.0,16208,6809
232.864926218,containerd,2387,13.64,1.9731488459156712,84752,83887
232.864926218,flanneld,3353,0.3,0.0,42284,42572
232.864926218,coredns,3824,2.43,1.9731488459156712,65804,66332
233.881663834,nodestore,2527,19.54,9.835379199740355,20536,12983
233.881663834,nodeapiserver,2845,39.64,17.703682559532638,164772,155312
233.881663834,nodescheduler,4070,0.65,0.0,22728,12002
233.881663834,nodecontroller,3913,3.99,0.9835379199740355,49664,38853
233.881663834,nodelet,3214,4.06,1.967075839948071,26812,14922
233.881663834,nodeproxy,4253,0.0,0.0,16208,6809
233.881663834,containerd,2387,13.71,6.884765439818249,84752,83887
233.881663834,flanneld,3353,0.3,0.0,42284,42572
233.881663834,coredns,3824,2.43,0.0,65804,66332
234.90290827799998,nodestore,2527,19.65,10.771172430486299,20664,12983
234.90290827799998,nodeapiserver,2845,39.83,18.60475237993088,164808,155360
234.90290827799998,nodescheduler,4070,0.66,0.9791974936805726,22728,12018
234.90290827799998,nodecontroller,3913,4.01,1.9583949873611453,49792,38957
234.90290827799998,nodelet,3214,4.08,1.9583949873611453,26812,14918
234.90290827799998,nodeproxy,4253,0.0,0.0,16208,6809
234.90290827799998,containerd,2387,13.76,4.895987468402863,84752,83895
234.90290827799998,flanneld,3353,0.3,0.0,42284,42572
234.90290827799998,coredns,3824,2.45,1.9583949873611453,65804,66332
235.91539917100005,nodestore,2527,19.74,8.888968841322152,20536,12983
235.91539917100005,nodeapiserver,2845,39.95,11.851958455096202,164808,155360
235.91539917100005,nodescheduler,4070,0.66,0.0,22728,12018
235.91539917100005,nodecontroller,3913,4.02,0.9876632045913503,49792,38965
235.91539917100005,nodelet,3214,4.09,0.9876632045913503,26812,14918
235.91539917100005,nodeproxy,4253,0.0,0.0,16208,6809
235.91539917100005,containerd,2387,13.77,0.9876632045913503,84752,83895
235.91539917100005,flanneld,3353,0.31,0.9876632045913503,42284,42576
235.91539917100005,coredns,3824,2.46,0.9876632045913503,65804,66332
236.92755807700001,nodestore,2527,19.85,10.867858727313664,20536,12983
236.92755807700001,nodeapiserver,2845,40.14,18.77175598354178,164968,155420
236.92755807700001,nodescheduler,4070,0.66,0.0,22728,12030
236.92755807700001,nodecontroller,3913,4.03,0.9879871570285148,50048,39029
236.92755807700001,nodelet,3214,4.1,0.9879871570285148,26812,14922
236.92755807700001,nodeproxy,4253,0.0,0.0,16208,6809
236.92755807700001,containerd,2387,13.83,5.927922942171089,85008,83999
236.92755807700001,flanneld,3353,0.31,0.0,42284,42576
236.92755807700001,coredns,3824,2.47,0.9879871570285148,65804,66332
237.94563526400003,nodestore,2527,19.95,9.822437952339493,20664,12983
237.94563526400003,nodeapiserver,2845,40.31,16.698144518977138,165112,155480
237.94563526400003,nodescheduler,4070,0.66,0.0,22728,12038
237.94563526400003,nodecontroller,3913,4.06,2.946731385701848,50176,39193
237.94563526400003,nodelet,3214,4.12,1.9644875904678987,26812,14914
237.94563526400003,nodeproxy,4253,0.0,0.0,16208,6809
237.94563526400003,containerd,2387,13.9,6.875706566637646,85392,84363
237.94563526400003,flanneld,3353,0.31,0.0,42284,42576
237.94563526400003,coredns,3824,2.47,0.0,65804,66348
238.97242706599997,nodestore,2527,20.05,9.739072692752801,20664,12983
238.97242706599997,nodeapiserver,2845,40.58,26.29549627043256,165112,155544
238.97242706599997,nodescheduler,4070,0.67,0.97390726927528,22728,11902
238.97242706599997,nodecontroller,3913,4.1,3.89562907710112,49836,38713
238.97242706599997,nodelet,3214,4.17,4.8695363463764005,26800,14974
238.97242706599997,nodeproxy,4253,0.0,0.0,16208,6809
238.97242706599997,containerd,2387,14.14,23.373774462606722,86800,85903
238.97242706599997,flanneld,3353,0.31,0.0,42284,42576
238.97242706599997,coredns,3824,2.49,1.94781453855056,65932,66360
239.98421817700006,nodestore,2527,20.15,9.883462990810045,20664,12983
239.98421817700006,nodeapiserver,2845,40.76,17.79023338345808,165168,155604
239.98421817700006,nodescheduler,4070,0.67,0.0,22728,11902
239.98421817700006,nodecontroller,3913,4.13,2.9650388972430135,49708,38709
239.98421817700006,nodelet,3214,4.19,1.9766925981620092,26912,14990
239.98421817700006,nodeproxy,4253,0.0,0.0,16208,6809
239.98421817700006,containerd,2387,14.25,10.87180928989105,86100,85039
239.98421817700006,flanneld,3353,0.31,0.0,42284,42576
239.98421817700006,coredns,3824,2.49,0.0,65932,66372
241.00972217199995,nodestore,2527,20.24,8.776172539436013,20664,12983
241.00972217199995,nodeapiserver,2845,40.91,14.626954232393354,165080,155628
241.00972217199995,nodescheduler,4070,0.67,0.0,22728,11894
241.00972217199995,nodecontroller,3913,4.14,0.9751302821595569,49708,38709
241.00972217199995,nodelet,3214,4.21,1.9502605643191138,26912,14982
241.00972217199995,nodeproxy,4253,0.0,0.0,16208,6809
241.00972217199995,containerd,2387,14.25,0.0,86100,85039
241.00972217199995,flanneld,3353,0.31,0.0,42284,42576
241.00972217199995,coredns,3824,2.51,1.9502605643191138,65932,66372
242.02478522100006,nodestore,2527,20.35,10.836765273679925,20664,12983
242.02478522100006,nodeapiserver,2845,41.12,20.6883700679344,165316,155676
242.02478522100006,nodescheduler,4070,0.68,0.9851604794254476,22728,11894
242.02478522100006,nodecontroller,3913,4.16,1.9703209588508952,49708,38705
242.02478522100006,nodelet,3214,4.22,0.9851604794254476,26912,14982
242.02478522100006,nodeproxy,4253,0.0,0.0,16208,6809
242.02478522100006,containerd,2387,14.35,9.851604794254476,85512,84411
242.02478522100006,flanneld,3353,0.31,0.0,42284,42576
242.02478522100006,coredns,3824,2.52,0.9851604794254476,65932,66412
243.03979909000003,nodestore,2527,20.46,10.837290342483293,20664,12975
243.03979909000003,nodeapiserver,2845,41.32,19.704164259060533,165444,155736
243.03979909000003,nodescheduler,4070,0.69,0.9852082129530266,22728,11902
243.03979909000003,nodecontroller,3913,4.19,2.9556246388590797,49708,38713
243.03979909000003,nodelet,3214,4.24,1.9704164259060533,26912,14998
243.03979909000003,nodeproxy,4253,0.0,0.0,16208,6809
243.03979909000003,containerd,2387,14.4,4.926041064765133,85512,84403
243.03979909000003,flanneld,3353,0.31,0.0,42284,42576
243.03979909000003,coredns,3824,2.53,0.9852082129530266,65932,66428
244.05845179600004,nodestore,2527,20.55,8.835199619054364,20664,12983
244.05845179600004,nodeapiserver,2845,41.45,12.761955005300747,165444,155724
244.05845179600004,nodescheduler,4070,0.69,0.0,22728,11894
244.05845179600004,nodecontroller,3913,4.2,0.9816888465615959,49708,38713
244.05845179600004,nodelet,3214,4.26,1.9633776931231919,26912,14982
244.05845179600004,nodeproxy,4253,0.0,0.0,16208,6809
244.05845179600004,containerd,2387,14.43,2.9450665396847877,85512,84403
244.05845179600004,flanneld,3353,0.31,0.0,42284,42576
244.05845179600004,coredns,3824,2.54,0.9816888465615959,65932,66428
245.091951767,nodestore,2527,20.66,10.643444904364035,20664,12983
245.091951767,nodeapiserver,2845,41.64,18.384132107537877,165420,155824
245.091951767,nodescheduler,4070,0.69,0.0,22728,11894
245.091951767,nodecontroller,3913,4.22,1.9351718007934609,49708,38713
245.091951767,nodelet,3214,4.27,0.9675859003967304,26912,14982
245.091951767,nodeproxy,4253,0.0,0.0,16208,6809
245.091951767,containerd,2387,14.52,8.708273103570573,85512,84395
245.091951767,flanneld,3353,0.31,0.0,42284,42576
245.091951767,coredns,3824,2.55,0.9675859003967304,65932,66436
246.10548852699998,nodestore,2527,20.77,10.853084401201567,20664,12991
246.10548852699998,nodeapiserver,2845,41.83,18.746236692984525,165440,155812
246.10548852699998,nodescheduler,4070,0.69,0.0,22728,11906
246.10548852699998,nodecontroller,3913,4.24,1.9732880729457394,49836,38821
246.10548852699998,nodelet,3214,4.29,1.9732880729457394,26912,14978
246.10548852699998,nodeproxy,4253,0.0,0.0,16208,6801
246.10548852699998,containerd,2387,14.57,4.933220182364348,85512,84387
246.10548852699998,flanneld,3353,0.32,0.9866440364728697,42284,42576
246.10548852699998,coredns,3824,2.56,0.9866440364728697,65932,66436
247.13029875399997,nodestore,2527,20.87,9.757904182195585,20664,12991
247.13029875399997,nodeapiserver,2845,41.98,14.636856273293377,165440,155812
247.13029875399997,nodescheduler,4070,0.69,0.0,22728,11898
247.13029875399997,nodecontroller,3913,4.25,0.9757904182195585,49836,38845
247.13029875399997,nodelet,3214,4.31,1.951580836439117,26912,14970
247.13029875399997,nodeproxy,4253,0.0,0.0,16208,6801
247.13029875399997,containerd,2387,14.62,4.878952091097792,85512,84387
247.13029875399997,flanneld,3353,0.32,0.0,42284,42576
247.13029875399997,coredns,3824,2.57,0.9757904182195585,66060,66500
248.15354179800005,nodestore,2527,20.98,10.750134158741579,20664,12991
248.15354179800005,nodeapiserver,2845,42.18,19.545698470439234,165556,155928
248.15354179800005,nodescheduler,4070,0.7,0.9772849235219617,22596,11898
248.15354179800005,nodecontroller,3913,4.28,2.9318547705658853,49836,38885
248.15354179800005,nodelet,3214,4.33,1.9545698470439234,26912,14974
248.15354179800005,nodeproxy,4253,0.0,0.0,16208,6801
248.15354179800005,containerd,2387,14.7,7.818279388175694,85512,84379
248.15354179800005,flanneld,3353,0.32,0.0,42284,42576
248.15354179800005,coredns,3824,2.58,0.9772849235219617,66060,66516
249.16910697500003,nodestore,2527,21.08,9.846733844833425,20664,12995
249.16910697500003,nodeapiserver,2845,42.35,16.739447536216822,165724,156024
249.16910697500003,nodescheduler,4070,0.71,0.9846733844833425,22596,11906
249.16910697500003,nodecontroller,3913,4.29,0.9846733844833425,49836,38897
249.16910697500003,nodelet,3214,4.34,0.9846733844833425,26912,14974
249.16910697500003,nodeproxy,4253,0.0,0.0,16208,6801
249.16910697500003,containerd,2387,14.74,3.93869353793337,85512,84378
249.16910697500003,flanneld,3353,0.32,0.0,42284,42576
249.16910697500003,coredns,3824,2.59,0.9846733844833425,66060,66524
250.19343415300006,nodestore,2527,21.17,8.786255205658335,20664,12991
250.19343415300006,nodeapiserver,2845,42.51,15.620009254503707,165724,156060
250.19343415300006,nodescheduler,4070,0.71,0.0,22596,11898
250.19343415300006,nodecontroller,3913,4.31,1.9525011568129633,49836,38933
250.19343415300006,nodelet,3214,4.36,1.9525011568129633,26900,15014
250.19343415300006,nodeproxy,4253,0.0,0.0,16208,6801
250.19343415300006,containerd,2387,14.81,6.833754048845373,85228,84131
250.19343415300006,flanneld,3353,0.32,0.0,42284,42576
250.19343415300006,coredns,3824,2.61,1.9525011568129633,66060,66548
251.20675360399997,nodestore,2527,21.28,10.855411873467448,20664,12991
251.20675360399997,nodeapiserver,2845,42.71,19.73711249721354,165812,156148
251.20675360399997,nodescheduler,4070,0.71,0.0,22596,11898
251.20675360399997,nodecontroller,3913,4.33,1.973711249721354,49964,38857
251.20675360399997,nodelet,3214,4.38,1.973711249721354,26900,15006
251.20675360399997,nodeproxy,4253,0.0,0.0,16208,6801
251.20675360399997,containerd,2387,14.9,8.881700623746093,84400,83227
251.20675360399997,flanneld,3353,0.32,0.0,42284,42576
251.20675360399997,coredns,3824,2.61,0.0,66060,66548
252.225059994,nodestore,2527,21.38,9.82022709294773,20664,12983
252.225059994,nodeapiserver,2845,42.88,16.69438605801114,165696,156172
252.225059994,nodescheduler,4070,0.71,0.0,22596,11906
252.225059994,nodecontroller,3913,4.34,0.982022709294773,49964,38857
252.225059994,nodelet,3214,4.4,1.964045418589546,26900,15006
252.225059994,nodeproxy,4253,0.0,0.0,16208,6801
252.225059994,containerd,2387,14.94,3.928090837179092,84400,83223
252.225059994,flanneld,3353,0.32,0.0,42284,42576
252.225059994,coredns,3824,2.63,1.964045418589546,66060,66548
253.25269186600002,nodestore,2527,21.49,10.704222299558737,20664,12991
253.25269186600002,nodeapiserver,2845,43.06,17.51600012655066,165652,156140
253.25269186600002,nodescheduler,4070,0.71,0.0,22596,11898
253.25269186600002,nodecontroller,3913,4.37,2.91933335442511,49964,38841
253.25269186600002,nodelet,3214,4.42,1.9462222362834067,26900,15006
253.25269186600002,nodeproxy,4253,0.0,0.0,16208,6801
253.25269186600002,containerd,2387,14.99,4.865555590708516,84400,83223
253.25269186600002,flanneld,3353,0.32,0.0,42284,42576
253.25269186600002,coredns,3824,2.63,0.0,66060,66548
254.27380495699998,nodestore,2527,21.59,9.793234547808163,20664,12991
254.27380495699998,nodeapiserver,2845,43.24,17.627822186054694,165728,156228
254.27380495699998,nodescheduler,4070,0.71,0.0,22596,11898
254.27380495699998,nodecontroller,3913,4.38,0.9793234547808164,49964,38841
254.27380495699998,nodelet,3214,4.43,0.9793234547808164,26900,14946
254.27380495699998,nodeproxy,4253,0.0,0.0,16208,6801
254.27380495699998,containerd,2387,15.07,7.834587638246531,84400,83219
254.27380495699998,flanneld,3353,0.32,0.0,42284,42576
254.27380495699998,coredns,3824,2.65,1.9586469095616328,66060,66580
255.30561189200006,nodestore,2527,21.7,10.66090915545085,20664,12991
255.30561189200006,nodeapiserver,2845,43.43,18.41429763214238,166028,156356
255.30561189200006,nodescheduler,4070,0.72,0.9691735595864409,22596,11906
255.30561189200006,nodecontroller,3913,4.39,0.9691735595864409,49964,38841
255.30561189200006,nodelet,3214,4.45,1.9383471191728818,26900,14970
255.30561189200006,nodeproxy,4253,0.0,0.0,16208,6801
255.30561189200006,containerd,2387,15.1,2.907520678759323,84400,83218
255.30561189200006,flanneld,3353,0.32,0.0,42284,42576
255.30561189200006,coredns,3824,2.66,0.9691735595864409,66188,66596
256.32731924,nodestore,2527,21.8,9.787538495808578,20664,12991
256.32731924,nodeapiserver,2845,43.57,13.70255389413201,166028,156320
256.32731924,nodescheduler,4070,0.72,0.0,22596,11898
256.32731924,nodecontroller,3913,4.41,1.9575076991617155,49964,38841
256.32731924,nodelet,3214,4.47,1.9575076991617155,26900,14954
256.32731924,nodeproxy,4253,0.0,0.0,16208,6801
256.32731924,containerd,2387,15.16,5.872523097485146,84400,83219
256.32731924,flanneld,3353,0.33,0.9787538495808578,42284,42576
256.32731924,coredns,3824,2.68,1.9575076991617155,66188,66596
257.355635532,nodestore,2527,21.9,9.724634412385644,20664,12991
257.355635532,nodeapiserver,2845,43.79,21.394195707248418,165936,156392
257.355635532,nodescheduler,4070,0.73,0.9724634412385644,22596,11898
257.355635532,nodecontroller,3913,4.43,1.9449268824771289,49964,38841
257.355635532,nodelet,3214,4.49,1.9449268824771289,26900,14950
257.355635532,nodeproxy,4253,0.0,0.0,16208,6801
257.355635532,containerd,2387,15.24,7.779707529908515,84400,83223
257.355635532,flanneld,3353,0.33,0.0,42284,42576
257.355635532,coredns,3824,2.68,0.0,66188,66596
258.37548229500004,nodestore,2527,22.0,9.80539465613785,20664,12991
258.37548229500004,nodeapiserver,2845,43.94,14.708091984206773,165920,156396
258.37548229500004,nodescheduler,4070,0.73,0.0,22596,11906
258.37548229500004,nodecontroller,3913,4.45,1.9610789312275698,49964,38841
258.37548229500004,nodelet,3214,4.5,0.9805394656137849,26900,14950
258.37548229500004,nodeproxy,4253,0.0,0.0,16208,6801
258.37548229500004,containerd,2387,15.27,2.9416183968413545,84400,83222
258.37548229500004,flanneld,3353,0.33,0.0,42284,42576
258.37548229500004,coredns,3824,2.7,1.9610789312275698,66188,66596
259.42079696599995,nodestore,2527,22.1,9.566497321265299,20664,12991
259.42079696599995,nodeapiserver,2845,44.12,17.219695178277536,166036,156416
259.42079696599995,nodescheduler,4070,0.73,0.0,22596,11902
259.42079696599995,nodecontroller,3913,4.46,0.9566497321265298,49964,38793
259.42079696599995,nodelet,3214,4.53,2.8699491963795896,27028,14958
259.42079696599995,nodeproxy,4253,0.0,0.0,16208,6801
259.42079696599995,containerd,2387,15.35,7.6531978570122385,84400,83235
259.42079696599995,flanneld,3353,0.34,0.9566497321265298,42284,42576
259.42079696599995,coredns,3824,2.7,0.0,66188,66596
260.43858572100004,nodestore,2527,22.21,10.807743695300603,20664,12991
260.43858572100004,nodeapiserver,2845,44.31,18.667920928246495,166144,156476
260.43858572100004,nodescheduler,4070,0.73,0.0,22596,11902
260.43858572100004,nodecontroller,3913,4.49,2.9475664623547098,49964,38793
260.43858572100004,nodelet,3214,4.56,2.9475664623547098,26892,14946
260.43858572100004,nodeproxy,4253,0.0,0.0,16208,6801
260.43858572100004,containerd,2387,15.45,9.825221541182367,84400,83243
260.43858572100004,flanneld,3353,0.34,0.0,42284,42576
260.43858572100004,coredns,3824,2.72,1.9650443082364732,66188,66596
261.45081257600003,nodestore,2527,22.31,9.879208351965781,20664,13007
261.45081257600003,nodeapiserver,2845,44.47,15.806733363145248,166080,156536
261.45081257600003,nodescheduler,4070,0.74,0.987920835196578,22596,11910
261.45081257600003,nodecontroller,3913,4.5,0.987920835196578,49964,38785
261.45081257600003,nodelet,3214,4.56,0.0,26892,14946
261.45081257600003,nodeproxy,4253,0.0,0.0,16208,6801
261.45081257600003,containerd,2387,15.47,1.975841670393156,84400,83242
261.45081257600003,flanneld,3353,0.34,0.0,42144,42264
261.45081257600003,coredns,3824,2.72,0.0,66188,66596
262.52822880499997,nodestore,2527,22.42,10.209610458727038,20664,13023
262.52822880499997,nodeapiserver,2845,44.68,19.491074512115254,166260,156868
262.52822880499997,nodescheduler,4070,0.74,0.0,22596,11910
262.52822880499997,nodecontroller,3913,4.56,5.56887843203293,50092,38977
262.52822880499997,nodelet,3214,4.58,1.8562928106776433,26892,14946
262.52822880499997,nodeproxy,4253,0.0,0.0,16208,6801
262.52822880499997,containerd,2387,15.53,5.56887843203293,84400,83243
262.52822880499997,flanneld,3353,0.34,0.0,42144,42264
262.52822880499997,coredns,3824,2.74,1.8562928106776433,66188,66600
263.55011604500004,nodestore,2527,22.53,10.764397058132614,20664,13027
263.55011604500004,nodeapiserver,2845,44.88,19.57163101478657,166432,156948
263.55011604500004,nodescheduler,4070,0.74,0.0,22596,11902
263.55011604500004,nodecontroller,3913,4.58,1.957163101478657,50092,38957
263.55011604500004,nodelet,3214,4.59,0.9785815507393285,26892,14946
263.55011604500004,nodeproxy,4253,0.0,0.0,16208,6761
263.55011604500004,containerd,2387,15.56,2.9357446522179855,84400,83243
263.55011604500004,flanneld,3353,0.34,0.0,42144,42264
263.55011604500004,coredns,3824,2.75,0.9785815507393285,66188,66600
264.56168202400005,nodestore,2527,22.63,9.885662633578836,20664,13027
264.56168202400005,nodeapiserver,2845,45.07,18.782759003799786,166840,157096
264.56168202400005,nodescheduler,4070,0.76,1.977132526715767,22456,11910
264.56168202400005,nodecontroller,3913,4.6,1.977132526715767,50092,38961
264.56168202400005,nodelet,3214,4.61,1.977132526715767,26892,14962
264.56168202400005,nodeproxy,4253,0.02,1.977132526715767,16208,6765
264.56168202400005,containerd,2387,15.63,6.919963843505185,84400,83243
264.56168202400005,flanneld,3353,0.34,0.0,42144,42264
264.56168202400005,coredns,3824,2.75,0.0,66188,66600
265.595690745,nodestore,2527,22.73,9.671098315620831,20664,13027
265.595690745,nodeapiserver,2845,45.23,15.473757304993331,166772,157112
265.595690745,nodescheduler,4070,0.76,0.0,22456,11842
265.595690745,nodecontroller,3913,4.61,0.9671098315620832,50092,38961
265.595690745,nodelet,3214,4.62,0.9671098315620832,26892,14946
265.595690745,nodeproxy,4253,0.02,0.0,16208,6765
265.595690745,containerd,2387,15.66,2.9013294946862493,84400,83243
265.595690745,flanneld,3353,0.34,0.0,42144,42264
265.595690745,coredns,3824,2.77,1.9342196631241664,66188,66600
266.607309028,nodestore,2527,22.85,11.86218181468005,20664,13027
266.607309028,nodeapiserver,2845,45.42,18.78178787324341,166676,157184
266.607309028,nodescheduler,4070,0.77,0.9885151512233374,22456,11858
266.607309028,nodecontroller,3913,4.64,2.9655454536700123,49692,38565
266.607309028,nodelet,3214,4.64,1.9770303024466749,26892,14946
266.607309028,nodeproxy,4253,0.02,0.0,16208,6765
266.607309028,containerd,2387,15.72,5.931090907340025,84400,83239
266.607309028,flanneld,3353,0.34,0.0,42144,42264
266.607309028,coredns,3824,2.78,0.9885151512233374,66188,66600
267.631408172,nodestore,2527,22.95,9.764679580671087,20664,13019
267.631408172,nodeapiserver,2845,45.6,17.57642324520796,166752,157196
267.631408172,nodescheduler,4070,0.77,0.0,22456,11870
267.631408172,nodecontroller,3913,4.65,0.9764679580671088,49692,38569
267.631408172,nodelet,3214,4.66,1.9529359161342177,26892,14950
267.631408172,nodeproxy,4253,0.02,0.0,16208,6765
267.631408172,containerd,2387,15.77,4.882339790335544,84400,83235
267.631408172,flanneld,3353,0.34,0.0,42144,42264
267.631408172,coredns,3824,2.79,0.9764679580671088,66188,66600
268.648137436,nodestore,2527,23.04,8.85191399389098,20664,13027
268.648137436,nodeapiserver,2845,45.73,12.78609799117586,166736,157196
268.648137436,nodescheduler,4070,0.77,0.0,22456,11870
268.648137436,nodecontroller,3913,4.65,0.0,49692,38569
268.648137436,nodelet,3214,4.66,0.0,26892,14962
268.648137436,nodeproxy,4253,0.02,0.0,16208,6765
268.648137436,containerd,2387,15.78,0.9835459993212199,84400,83235
268.648137436,flanneld,3353,0.34,0.0,42144,42264
268.648137436,coredns,3824,2.8,0.9835459993212199,66188,66600
269.664019764,nodestore,2527,23.15,10.828025743548784,20664,13027
269.664019764,nodeapiserver,2845,45.89,15.749855626980048,166872,157232
269.664019764,nodescheduler,4070,0.77,0.0,22584,11890
269.664019764,nodecontroller,3913,4.68,2.953097930058759,49692,38653
269.664019764,nodelet,3214,4.69,2.953097930058759,26892,14962
269.664019764,nodeproxy,4253,0.02,0.0,16208,6765
269.664019764,containerd,2387,15.86,7.874927813490024,84400,83235
269.664019764,flanneld,3353,0.35,0.984365976686253,42144,42264
269.664019764,coredns,3824,2.81,0.984365976686253,66188,66600
270.68940415599997,nodestore,2527,23.25,9.752440234140225,20664,13027
270.68940415599997,nodeapiserver,2845,46.05,15.603904374624362,167092,157312
270.68940415599997,nodescheduler,4070,0.77,0.0,22584,11906
270.68940415599997,nodecontroller,3913,4.69,0.9752440234140226,49692,38797
270.68940415599997,nodelet,3214,4.71,1.9504880468280452,27016,15006
270.68940415599997,nodeproxy,4253,0.02,0.0,16208,6765
270.68940415599997,containerd,2387,15.91,4.876220117070113,84400,83235
270.68940415599997,flanneld,3353,0.35,0.0,42144,42264
270.68940415599997,coredns,3824,2.82,0.9752440234140226,66188,66600
271.70530110199996,nodestore,2527,23.34,8.85916631154044,20664,13027
271.70530110199996,nodeapiserver,2845,46.18,12.796573561113968,167092,157316
271.70530110199996,nodescheduler,4070,0.77,0.0,22584,11906
271.70530110199996,nodecontroller,3913,4.69,0.0,49692,38781
271.70530110199996,nodelet,3214,4.71,0.0,27016,14994
271.70530110199996,nodeproxy,4253,0.02,0.0,16208,6765
271.70530110199996,containerd,2387,15.93,1.9687036247867644,84400,83235
271.70530110199996,flanneld,3353,0.36,0.9843518123933822,42144,42264
271.70530110199996,coredns,3824,2.83,0.9843518123933822,66188,66600
272.718058184,nodestore,2527,23.46,11.848843333983137,20664,13027
272.718058184,nodeapiserver,2845,46.36,17.773265000974703,167036,157364
272.718058184,nodescheduler,4070,0.78,0.9874036111652614,22584,11934
272.718058184,nodecontroller,3913,4.72,2.962210833495784,49820,38969
272.718058184,nodelet,3214,4.73,1.9748072223305229,26872,14966
272.718058184,nodeproxy,4253,0.02,0.0,16208,6765
272.718058184,containerd,2387,16.0,6.91182527815683,84400,83239
272.718058184,flanneld,3353,0.36,0.0,42144,42264
272.718058184,coredns,3824,2.83,0.0,66188,66600
273.73606520100003,nodestore,2527,23.56,9.823115001180213,20664,13027
273.73606520100003,nodeapiserver,2845,46.53,16.69929550200636,167096,157416
273.73606520100003,nodescheduler,4070,0.79,0.9823115001180213,22584,11950
273.73606520100003,nodecontroller,3913,4.73,0.9823115001180213,49948,39105
273.73606520100003,nodelet,3214,4.73,0.0,26872,14966
273.73606520100003,nodeproxy,4253,0.02,0.0,16208,6765
273.73606520100003,containerd,2387,16.03,2.946934500354064,84400,83238
273.73606520100003,flanneld,3353,0.36,0.0,42144,42264
273.73606520100003,coredns,3824,2.85,1.9646230002360425,66188,66600
274.75529837799996,nodestore,2527,23.64,7.84903806168049,20664,13027
274.75529837799996,nodeapiserver,2845,46.67,13.735816607940858,167096,157412
274.75529837799996,nodescheduler,4070,0.79,0.0,22584,11950
274.75529837799996,nodecontroller,3913,4.74,0.9811297577100613,49948,39109
274.75529837799996,nodelet,3214,4.75,1.9622595154201226,26872,14966
274.75529837799996,nodeproxy,4253,0.02,0.0,16208,6765
274.75529837799996,containerd,2387,16.06,2.9433892731301836,84400,83239
274.75529837799996,flanneld,3353,0.36,0.0,42144,42264
274.75529837799996,coredns,3824,2.86,0.9811297577100613,66188,66600
275.764200377,nodestore,2527,23.75,10.90294202103123,20664,13019
275.764200377,nodeapiserver,2845,46.85,17.84117785259656,167056,157472
275.764200377,nodescheduler,4070,0.79,0.0,22584,11966
275.764200377,nodecontroller,3913,4.75,0.9911765473664754,50076,39261
275.764200377,nodelet,3214,4.77,1.9823530947329508,26872,14970
275.764200377,nodeproxy,4253,0.02,0.0,16208,6765
275.764200377,containerd,2387,16.13,6.938235831565328,84400,83247
275.764200377,flanneld,3353,0.36,0.0,42144,42264
275.764200377,coredns,3824,2.87,0.9911765473664754,66188,66604
276.772703315,nodestore,2527,23.85,9.915687523758187,20664,13027
276.772703315,nodeapiserver,2845,46.99,13.881962533261463,167244,157512
276.772703315,nodescheduler,4070,0.79,0.0,22584,11970
276.772703315,nodecontroller,3913,4.77,1.9831375047516373,50204,39381
276.772703315,nodelet,3214,4.78,0.9915687523758187,26872,14970
276.772703315,nodeproxy,4253,0.02,0.0,16208,6765
276.772703315,containerd,2387,16.15,1.9831375047516373,84400,83246
276.772703315,flanneld,3353,0.36,0.0,42144,42264
276.772703315,coredns,3824,2.88,0.9915687523758187,66188,66608
277.79492040099996,nodestore,2527,23.96,10.760923634180463,20664,13031
277.79492040099996,nodeapiserver,2845,47.15,15.652252558807946,167244,157496
277.79492040099996,nodescheduler,4070,0.79,0.0,22584,11974
277.79492040099996,nodecontroller,3913,4.78,0.9782657849254967,50204,39389
277.79492040099996,nodelet,3214,4.8,1.9565315698509933,26872,14966
277.79492040099996,nodeproxy,4253,0.02,0.0,16208,6765
277.79492040099996,containerd,2387,16.19,3.9130631397019866,84400,83251
277.79492040099996,flanneld,3353,0.36,0.0,42144,42264
277.79492040099996,coredns,3824,2.89,0.9782657849254967,66188,66608
278.812740302,nodestore,2527,24.06,9.824920882539791,20664,13027
278.812740302,nodeapiserver,2845,47.32,16.702365500317647,167324,157568
278.812740302,nodescheduler,4070,0.79,0.0,22712,11994
278.812740302,nodecontroller,3913,4.79,0.9824920882539792,50204,39317
278.812740302,nodelet,3214,4.82,1.9649841765079583,26872,14922
278.812740302,nodeproxy,4253,0.02,0.0,16208,6765
278.812740302,containerd,2387,16.25,5.8949525295238745,84400,83259
278.812740302,flanneld,3353,0.36,0.0,42144,42264
278.812740302,coredns,3824,2.9,0.9824920882539792,66188,66608
279.822349828,nodestore,2527,24.16,9.904819380636834,20664,13027
279.822349828,nodeapiserver,2845,47.47,14.85722907095525,168352,158796
279.822349828,nodescheduler,4070,0.79,0.0,22712,11994
279.822349828,nodecontroller,3913,4.81,1.9809638761273667,50204,39317
279.822349828,nodelet,3214,4.82,0.0,26872,14922
279.822349828,nodeproxy,4253,0.02,0.0,16208,6765
279.822349828,containerd,2387,16.29,3.9619277522547334,84656,83731
279.822349828,flanneld,3353,0.36,0.0,42144,42264
279.822349828,coredns,3824,2.91,0.9904819380636833,66188,66608
280.837536298,nodestore,2527,24.25,8.865366379439603,20664,13027
280.837536298,nodeapiserver,2845,47.65,17.730732758879206,167448,157784
280.837536298,nodescheduler,4070,0.8,0.9850407088266225,22712,12006
280.837536298,nodecontroller,3913,4.82,0.9850407088266225,50568,39601
280.837536298,nodelet,3214,4.85,2.9551221264798677,26844,14982
280.837536298,nodeproxy,4253,0.02,0.0,16208,6765
280.837536298,containerd,2387,16.35,5.910244252959735,84912,84039
280.837536298,flanneld,3353,0.36,0.0,42144,42264
280.837536298,coredns,3824,2.92,0.9850407088266225,66188,66612
281.84839587000005,nodestore,2527,24.35,9.89257091389474,20664,13027
281.84839587000005,nodeapiserver,2845,47.82,16.81737055362106,167432,157840
281.84839587000005,nodescheduler,4070,0.8,0.0,22712,12014
281.84839587000005,nodecontroller,3913,4.84,1.978514182778948,50568,39633
281.84839587000005,nodelet,3214,4.86,0.989257091389474,26844,14978
281.84839587000005,nodeproxy,4253,0.02,0.0,16208,6765
281.84839587000005,containerd,2387,16.42,6.924799639726319,85296,84279
281.84839587000005,flanneld,3353,0.36,0.0,42144,42264
281.84839587000005,coredns,3824,2.93,0.989257091389474,66188,66612
282.858615016,nodestore,2527,24.44,8.908958056909102,20664,13031
282.858615016,nodeapiserver,2845,47.94,11.878610742545469,167432,157840
282.858615016,nodescheduler,4070,0.8,0.0,22712,12014
282.858615016,nodecontroller,3913,4.85,0.9898842285454557,50568,39633
282.858615016,nodelet,3214,4.87,0.9898842285454557,26844,14966
282.858615016,nodeproxy,4253,0.02,0.0,16208,6765
282.858615016,containerd,2387,16.43,0.9898842285454557,85296,84299
282.858615016,flanneld,3353,0.36,0.0,42144,42264
282.858615016,coredns,3824,2.94,0.9898842285454557,66188,66612
283.87028998600005,nodestore,2527,24.56,11.861517143197988,20664,13027
283.87028998600005,nodeapiserver,2845,48.14,19.76919523866331,167568,157896
283.87028998600005,nodescheduler,4070,0.8,0.0,22712,12042
283.87028998600005,nodecontroller,3913,4.87,1.976919523866331,50568,39729
283.87028998600005,nodelet,3214,4.89,1.976919523866331,26844,14966
283.87028998600005,nodeproxy,4253,0.02,0.0,16208,6765
283.87028998600005,containerd,2387,16.48,4.942298809665828,85680,84767
283.87028998600005,flanneld,3353,0.36,0.0,42144,42264
283.87028998600005,coredns,3824,2.95,0.9884597619331655,66188,66612
284.88501486499996,nodestore,2527,24.66,9.854887967126357,20664,13027
284.88501486499996,nodeapiserver,2845,48.33,18.724287137540077,167784,157944
284.88501486499996,nodescheduler,4070,0.8,0.0,22712,12046
284.88501486499996,nodecontroller,3913,4.89,1.9709775934252713,50696,39889
284.88501486499996,nodelet,3214,4.91,1.9709775934252713,26844,14966
284.88501486499996,nodeproxy,4253,0.02,0.0,16208,6765
284.88501486499996,containerd,2387,16.54,5.912932780275814,85808,84823
284.88501486499996,flanneld,3353,0.36,0.0,42144,42264
284.88501486499996,coredns,3824,2.96,0.9854887967126357,66188,66612
285.90012549700003,nodestore,2527,24.76,9.851143003297079,20664,13027
285.90012549700003,nodeapiserver,2845,48.47,13.79160020461591,167784,157944
285.90012549700003,nodescheduler,4070,0.8,0.0,22712,12046
285.90012549700003,nodecontroller,3913,4.9,0.9851143003297078,50696,39889
285.90012549700003,nodelet,3214,4.91,0.0,26844,14966
285.90012549700003,nodeproxy,4253,0.02,0.0,16208,6765
285.90012549700003,containerd,2387,16.55,0.9851143003297078,85808,84823
285.90012549700003,flanneld,3353,0.36,0.0,42144,42264
285.90012549700003,coredns,3824,2.97,0.9851143003297078,66188,66612
286.915403475,nodestore,2527,24.88,11.819423113696585,20664,13027
286.915403475,nodeapiserver,2845,48.78,30.533509710382845,167860,158136
286.915403475,nodescheduler,4070,0.82,1.969903852282764,22712,11934
286.915403475,nodecontroller,3913,4.97,6.894663482989675,50584,39681
286.915403475,nodelet,3214,4.97,5.9097115568482925,27216,15074
286.915403475,nodeproxy,4253,0.02,0.0,16208,6765
286.915403475,containerd,2387,16.86,30.533509710382845,87344,86448
286.915403475,flanneld,3353,0.37,0.984951926141382,42144,42264
286.915403475,coredns,3824,2.98,0.984951926141382,66188,66612
287.97191624299995,nodestore,2527,24.98,9.465100946134987,20664,13027
287.97191624299995,nodeapiserver,2845,48.95,16.090671608429478,167728,158076
287.97191624299995,nodescheduler,4070,0.82,0.0,22712,11886
287.97191624299995,nodecontroller,3913,4.98,0.9465100946134988,50584,39393
287.97191624299995,nodelet,3214,5.0,2.8395302838404963,27084,14994
287.97191624299995,nodeproxy,4253,0.02,0.0,16208,6765
287.97191624299995,containerd,2387,16.94,7.57208075690799,86420,85459
287.97191624299995,flanneld,3353,0.37,0.0,42144,42264
287.97191624299995,coredns,3824,2.99,0.9465100946134988,66188,66612
288.98413907900004,nodestore,2527,25.09,10.867172334767403,20664,13027
288.98413907900004,nodeapiserver,2845,49.15,19.758495154122553,167760,158096
288.98413907900004,nodescheduler,4070,0.82,0.0,22712,11858
288.98413907900004,nodecontroller,3913,5.0,1.9758495154122553,50584,39393
288.98413907900004,nodelet,3214,5.02,1.9758495154122553,27084,15002
288.98413907900004,nodeproxy,4253,0.02,0.0,16208,6765
288.98413907900004,containerd,2387,17.01,6.915473303942894,86420,85467
288.98413907900004,flanneld,3353,0.37,0.0,42144,42264
288.98413907900004,coredns,3824,3.01,1.9758495154122553,66188,66616
290.00743885599996,nodestore,2527,25.2,10.749538158064954,20664,13027
290.00743885599996,nodeapiserver,2845,49.33,17.590153349560833,167752,158188
290.00743885599996,nodescheduler,4070,0.82,0.0,22712,11866
290.00743885599996,nodecontroller,3913,5.02,1.954461483284537,50584,39393
290.00743885599996,nodelet,3214,5.04,1.954461483284537,27072,15002
290.00743885599996,nodeproxy,4253,0.02,0.0,16208,6765
290.00743885599996,containerd,2387,17.07,5.863384449853611,86548,85474
290.00743885599996,flanneld,3353,0.38,0.9772307416422685,42144,42264
290.00743885599996,coredns,3824,3.01,0.0,66188,66616
291.088123445,nodestore,2527,25.3,9.253393730036434,20664,13027
291.088123445,nodeapiserver,2845,49.5,15.730769341061938,167752,158172
291.088123445,nodescheduler,4070,0.84,1.8506787460072869,22712,11858
291.088123445,nodecontroller,3913,5.04,1.8506787460072869,50584,39397
291.088123445,nodelet,3214,5.06,1.8506787460072869,26936,14994
291.088123445,nodeproxy,4253,0.02,0.0,16208,6765
291.088123445,containerd,2387,17.14,6.477375611025504,86548,85479
291.088123445,flanneld,3353,0.38,0.0,42144,42264
291.088123445,coredns,3824,3.03,1.8506787460072869,66188,66616
292.09907116799997,nodestore,2527,25.42,11.870049980814382,20664,13031
292.09907116799997,nodeapiserver,2845,49.69,18.794245802956105,167832,158228
292.09907116799997,nodescheduler,4070,0.84,0.0,22712,11858
292.09907116799997,nodecontroller,3913,5.06,1.9783416634690638,50584,39401
292.09907116799997,nodelet,3214,5.08,1.9783416634690638,26936,14994
292.09907116799997,nodeproxy,4253,0.02,0.0,16208,6765
292.09907116799997,containerd,2387,17.23,8.902537485610788,84660,83531
292.09907116799997,flanneld,3353,0.38,0.0,42144,42264
292.09907116799997,coredns,3824,3.04,0.9891708317345319,66188,66616
293.119421768,nodestore,2527,25.52,9.800552868788158,20664,13027
293.119421768,nodeapiserver,2845,49.82,12.740718729424604,167832,158228
293.119421768,nodescheduler,4070,0.84,0.0,22712,11858
293.119421768,nodecontroller,3913,5.07,0.9800552868788157,50584,39401
293.119421768,nodelet,3214,5.08,0.0,26936,14994
293.119421768,nodeproxy,4253,0.02,0.0,16208,6765
293.119421768,containerd,2387,17.25,1.9601105737576314,84660,83531
293.119421768,flanneld,3353,0.38,0.0,42144,42264
293.119421768,coredns,3824,3.05,0.9800552868788157,66188,66616
294.150164672,nodestore,2527,25.63,10.671914361294279,20664,13027
294.150164672,nodeapiserver,2845,50.01,18.433306624053753,167960,158268
294.150164672,nodescheduler,4070,0.84,0.0,22712,11858
294.150164672,nodecontroller,3913,5.1,2.9105220985348033,50584,39401
294.150164672,nodelet,3214,5.11,2.9105220985348033,26936,14994
294.150164672,nodeproxy,4253,0.02,0.0,16208,6765
294.150164672,containerd,2387,17.32,6.791218229914541,84660,83527
294.150164672,flanneld,3353,0.38,0.0,42144,42264
294.150164672,coredns,3824,3.06,0.9701740328449344,66188,66616
295.16855180500005,nodestore,2527,25.75,11.78333819345262,20664,13027
295.16855180500005,nodeapiserver,2845,50.22,20.620841838542084,168036,158348
295.16855180500005,nodescheduler,4070,0.84,0.0,22712,11866
295.16855180500005,nodecontroller,3913,5.11,0.9819448494543849,50584,39401
295.16855180500005,nodelet,3214,5.13,1.9638896989087697,26936,14954
295.16855180500005,nodeproxy,4253,0.02,0.0,16208,6765
295.16855180500005,containerd,2387,17.39,6.873613946180695,84660,83519
295.16855180500005,flanneld,3353,0.38,0.0,42144,42264
295.16855180500005,coredns,3824,3.07,0.9819448494543849,66188,66616
296.197157484,nodestore,2527,25.85,9.721898492454722,20664,13027
296.197157484,nodeapiserver,2845,50.35,12.638468040191139,168036,158348
296.197157484,nodescheduler,4070,0.84,0.0,22584,11858
296.197157484,nodecontroller,3913,5.13,1.9443796984909445,50584,39401
296.197157484,nodelet,3214,5.14,0.9721898492454722,26936,14974
296.197157484,nodeproxy,4253,0.02,0.0,16208,6765
296.197157484,containerd,2387,17.42,2.9165695477364166,84660,83519
296.197157484,flanneld,3353,0.38,0.0,42144,42264
296.197157484,coredns,3824,3.08,0.9721898492454722,66188,66620
297.209482617,nodestore,2527,25.96,10.866074190415368,20664,13027
297.209482617,nodeapiserver,2845,50.54,18.768673601626546,167948,158388
297.209482617,nodescheduler,4070,0.85,0.9878249264013972,22584,11858
297.209482617,nodecontroller,3913,5.15,1.9756498528027944,50584,39401
297.209482617,nodelet,3214,5.16,1.9756498528027944,26936,14974
297.209482617,nodeproxy,4253,0.02,0.0,16208,6765
297.209482617,containerd,2387,17.5,7.9025994112111775,84660,83511
297.209482617,flanneld,3353,0.39,0.9878249264013972,42144,42264
297.209482617,coredns,3824,3.09,0.9878249264013972,66188,66620
298.22732666100006,nodestore,2527,26.06,9.82468783793296,20664,13019
298.22732666100006,nodeapiserver,2845,50.7,15.719500540692733,168060,158452
298.22732666100006,nodescheduler,4070,0.85,0.0,22584,11866
298.22732666100006,nodecontroller,3913,5.16,0.9824687837932958,50584,39401
298.22732666100006,nodelet,3214,5.18,1.9649375675865917,26936,14974
298.22732666100006,nodeproxy,4253,0.02,0.0,16208,6765
298.22732666100006,containerd,2387,17.56,5.894812702759775,84660,83503
298.22732666100006,flanneld,3353,0.39,0.0,42144,42264
298.22732666100006,coredns,3824,3.1,0.9824687837932958,66188,66620
299.24632393300004,nodestore,2527,26.17,10.794925857269842,20664,13027
299.24632393300004,nodeapiserver,2845,50.86,15.701710337847043,168060,158452
299.24632393300004,nodescheduler,4070,0.85,0.0,22584,11858
299.24632393300004,nodecontroller,3913,5.18,1.9627137922308804,50584,39401
299.24632393300004,nodelet,3214,5.19,0.9813568961154402,26936,14974
299.24632393300004,nodeproxy,4253,0.02,0.0,16208,6765
299.24632393300004,containerd,2387,17.6,3.9254275844617608,84660,83503
299.24632393300004,flanneld,3353,0.39,0.0,42144,42264
299.24632393300004,coredns,3824,3.11,0.9813568961154402,66188,66620
300.25842828900005,nodestore,2527,26.29,11.856484886030758,20664,13027
300.25842828900005,nodeapiserver,2845,51.05,18.772767736215368,168116,158556
300.25842828900005,nodescheduler,4070,0.85,0.0,22584,11858
300.25842828900005,nodecontroller,3913,5.2,1.9760808143384598,50584,39401
300.25842828900005,nodelet,3214,5.22,2.9641212215076895,26780,15010
300.25842828900005,nodeproxy,4253,0.02,0.0,16208,6765
300.25842828900005,containerd,2387,17.71,10.868444478861528,84660,83495
300.25842828900005,flanneld,3353,0.39,0.0,42144,42264
300.25842828900005,coredns,3824,3.12,0.9880404071692299,66188,66620
