elapsed_seconds,component,pid,cpu_seconds,cpu_pct_one_core,rss_kib,pss_kib
1.000161098999996,nodestore,4231,0.01,0.9998389269487115,56408,56876
1.000161098999996,nodeapiserver,4238,0.04,3.999355707794846,361196,361312
1.000161098999996,nodescheduler,4245,0.0,0.0,63296,63440
1.000161098999996,nodecontroller,4252,0.01,0.9998389269487115,128448,128712
1.000161098999996,nodelet,4375,0.02,1.999677853897423,94904,92733
1.000161098999996,nodeproxy,4610,0.01,0.9998389269487115,51396,51884
1.000161098999996,containerd,3652,0.01,0.9998389269487115,75708,74207
1.000161098999996,flanneld,5203,0.0,0.0,48544,48552
1.000161098999996,coredns,4870,0.0,0.0,64048,40392
1.000161098999996,coredns,4880,0.0,0.0,65632,41972
2.009527789999993,nodestore,4231,0.03,1.9814404594811486,56408,56884
2.009527789999993,nodeapiserver,4238,0.07,2.9721606892217225,361196,361312
2.009527789999993,nodescheduler,4245,0.01,0.9907202297405743,63296,63444
2.009527789999993,nodecontroller,4252,0.02,0.9907202297405743,128448,128712
2.009527789999993,nodelet,4375,0.04,1.9814404594811486,94904,92746
2.009527789999993,nodeproxy,4610,0.01,0.0,51396,51884
2.009527789999993,containerd,3652,0.01,0.0,75708,74221
2.009527789999993,flanneld,5203,0.0,0.0,48544,48552
2.009527789999993,coredns,4870,0.0,0.0,64048,40392
2.009527789999993,coredns,4880,0.0,0.0,65632,41972
3.0190488020000004,nodestore,4231,0.04,0.9905687827327685,56408,56888
3.0190488020000004,nodeapiserver,4238,0.09,1.981137565465537,361196,361312
3.0190488020000004,nodescheduler,4245,0.02,0.9905687827327685,63296,63456
3.0190488020000004,nodecontroller,4252,0.02,0.0,128448,128712
3.0190488020000004,nodelet,4375,0.05,0.9905687827327685,94904,92750
3.0190488020000004,nodeproxy,4610,0.01,0.0,51396,51884
3.0190488020000004,containerd,3652,0.03,1.981137565465537,75708,74221
3.0190488020000004,flanneld,5203,0.0,0.0,48544,48552
3.0190488020000004,coredns,4870,0.0,0.0,64048,40392
3.0190488020000004,coredns,4880,0.0,0.0,65632,41972
4.028484855000002,nodestore,4231,0.05,0.9906521537724374,56408,56888
4.028484855000002,nodeapiserver,4238,0.11,1.9813043075448749,361196,361316
4.028484855000002,nodescheduler,4245,0.03,0.9906521537724374,63296,63456
4.028484855000002,nodecontroller,4252,0.03,0.9906521537724374,128448,128712
4.028484855000002,nodelet,4375,0.07,1.9813043075448749,94904,92758
4.028484855000002,nodeproxy,4610,0.01,0.0,51396,51884
4.028484855000002,containerd,3652,0.03,0.0,75836,74445
4.028484855000002,flanneld,5203,0.0,0.0,48544,48552
4.028484855000002,coredns,4870,0.0,0.0,64048,40392
4.028484855000002,coredns,4880,0.0,0.0,65632,41972
5.037827672000006,nodestore,4231,0.07,1.9814873265204922,56408,56892
5.037827672000006,nodeapiserver,4238,0.13,1.9814873265204922,361196,361316
5.037827672000006,nodescheduler,4245,0.04,0.9907436632602461,63296,63460
5.037827672000006,nodecontroller,4252,0.04,0.9907436632602461,128448,128712
5.037827672000006,nodelet,4375,0.09,1.9814873265204922,94904,92762
5.037827672000006,nodeproxy,4610,0.01,0.0,51396,51884
5.037827672000006,containerd,3652,0.03,0.0,75836,74537
5.037827672000006,flanneld,5203,0.0,0.0,48544,48552
5.037827672000006,coredns,4870,0.0,0.0,64048,40392
5.037827672000006,coredns,4880,0.01,0.9907436632602461,65632,41972
6.047326853000001,nodestore,4231,0.08,0.9905902043520376,58544,59008
6.047326853000001,nodeapiserver,4238,0.16,2.971770613056113,361196,361320
6.047326853000001,nodescheduler,4245,0.04,0.0,63296,63460
6.047326853000001,nodecontroller,4252,0.05,0.9905902043520376,128448,128712
6.047326853000001,nodelet,4375,0.1,0.9905902043520376,94904,92774
6.047326853000001,nodeproxy,4610,0.01,0.0,51396,51884
6.047326853000001,containerd,3652,0.05,1.9811804087040752,76092,74761
6.047326853000001,flanneld,5203,0.0,0.0,48544,48552
6.047326853000001,coredns,4870,0.0,0.0,64048,40392
6.047326853000001,coredns,4880,0.01,0.0,65632,41972
7.056582669999997,nodestore,4231,0.09,0.9908290674731913,58544,59012
7.056582669999997,nodeapiserver,4238,0.18,1.9816581349463827,361196,361320
7.056582669999997,nodescheduler,4245,0.04,0.0,63296,63460
7.056582669999997,nodecontroller,4252,0.06,0.9908290674731913,128448,128712
7.056582669999997,nodelet,4375,0.12,1.9816581349463827,94904,92774
7.056582669999997,nodeproxy,4610,0.01,0.0,51396,51884
7.056582669999997,containerd,3652,0.07,1.9816581349463827,76092,74765
7.056582669999997,flanneld,5203,0.0,0.0,48544,48552
7.056582669999997,coredns,4870,0.01,0.9908290674731913,64048,40396
7.056582669999997,coredns,4880,0.01,0.0,65632,41972
8.066176327999997,nodestore,4231,0.11,1.9809950113612935,58544,59012
8.066176327999997,nodeapiserver,4238,0.21,2.9714925170419404,361196,361320
8.066176327999997,nodescheduler,4245,0.05,0.9904975056806468,63296,63464
8.066176327999997,nodecontroller,4252,0.06,0.0,128448,128712
8.066176327999997,nodelet,4375,0.13,0.9904975056806468,94904,92774
8.066176327999997,nodeproxy,4610,0.01,0.0,51396,51884
8.066176327999997,containerd,3652,0.07,0.0,76092,74765
8.066176327999997,flanneld,5203,0.0,0.0,48544,48552
8.066176327999997,coredns,4870,0.01,0.0,64048,40396
8.066176327999997,coredns,4880,0.01,0.0,65632,41972
9.07550216,nodestore,4231,0.14,2.972281006674953,58544,59020
9.07550216,nodeapiserver,4238,0.25,3.9630413422332706,361196,361320
9.07550216,nodescheduler,4245,0.05,0.0,63296,63468
9.07550216,nodecontroller,4252,0.07,0.9907603355583177,128448,128716
9.07550216,nodelet,4375,0.15,1.9815206711166353,94904,92774
9.07550216,nodeproxy,4610,0.01,0.0,51396,51884
9.07550216,containerd,3652,0.08,0.9907603355583177,76092,74777
9.07550216,flanneld,5203,0.0,0.0,48544,48552
9.07550216,coredns,4870,0.01,0.0,64048,40396
9.07550216,coredns,4880,0.01,0.0,65632,41972
10.084890351999988,nodestore,4231,0.17,2.972097379161766,58544,59028
10.084890351999988,nodeapiserver,4238,0.29,3.9627965055490213,361196,361324
10.084890351999988,nodescheduler,4245,0.06,0.9906991263872553,63296,63472
10.084890351999988,nodecontroller,4252,0.08,0.9906991263872553,128448,128716
10.084890351999988,nodelet,4375,0.23,7.925593011098043,96992,94838
10.084890351999988,nodeproxy,4610,0.01,0.0,51396,51884
10.084890351999988,containerd,3652,0.11,2.972097379161766,76092,74837
10.084890351999988,flanneld,5203,0.0,0.0,48544,48552
10.084890351999988,coredns,4870,0.02,0.9906991263872553,64048,40404
10.084890351999988,coredns,4880,0.01,0.0,65632,41972
11.094523397000003,nodestore,4231,0.19,1.9809177303620937,58544,59032
11.094523397000003,nodeapiserver,4238,0.32,2.971376595543141,361196,361324
11.094523397000003,nodescheduler,4245,0.07,0.9904588651810469,63296,63472
11.094523397000003,nodecontroller,4252,0.09,0.9904588651810469,128448,128720
11.094523397000003,nodelet,4375,0.24,0.9904588651810469,97120,94850
11.094523397000003,nodeproxy,4610,0.01,0.0,51396,51884
11.094523397000003,containerd,3652,0.12,0.9904588651810469,76092,74837
11.094523397000003,flanneld,5203,0.01,0.9904588651810469,48544,48616
11.094523397000003,coredns,4870,0.02,0.0,64048,40404
11.094523397000003,coredns,4880,0.01,0.0,65632,41972
12.103980223999983,nodestore,4231,0.2,0.9906317667610565,58544,59044
12.103980223999983,nodeapiserver,4238,0.35,2.9718953002831694,361196,361324
12.103980223999983,nodescheduler,4245,0.07,0.0,63296,63472
12.103980223999983,nodecontroller,4252,0.09,0.0,128448,128720
12.103980223999983,nodelet,4375,0.27,2.9718953002831694,97120,94854
12.103980223999983,nodeproxy,4610,0.01,0.0,51396,51884
12.103980223999983,containerd,3652,0.12,0.0,76092,74837
12.103980223999983,flanneld,5203,0.02,0.9906317667610565,48544,48616
12.103980223999983,coredns,4870,0.02,0.0,64048,40408
12.103980223999983,coredns,4880,0.01,0.0,65632,41972
13.113630520000001,nodestore,4231,0.22,1.980883884176036,58544,59044
13.113630520000001,nodeapiserver,4238,0.37,1.980883884176036,361196,361324
13.113630520000001,nodescheduler,4245,0.08,0.990441942088018,63296,63472
13.113630520000001,nodecontroller,4252,0.11,1.980883884176036,128448,128720
13.113630520000001,nodelet,4375,0.28,0.990441942088018,97120,94858
13.113630520000001,nodeproxy,4610,0.01,0.0,51396,51884
13.113630520000001,containerd,3652,0.13,0.990441942088018,76092,74837
13.113630520000001,flanneld,5203,0.02,0.0,48544,48620
13.113630520000001,coredns,4870,0.02,0.0,64048,40408
13.113630520000001,coredns,4880,0.01,0.0,65632,41972
14.123295424999995,nodestore,4231,0.23,0.9904276112281094,58544,59048
14.123295424999995,nodeapiserver,4238,0.39,1.9808552224562188,361196,361324
14.123295424999995,nodescheduler,4245,0.08,0.0,63296,63472
14.123295424999995,nodecontroller,4252,0.12,0.9904276112281094,128448,128720
14.123295424999995,nodelet,4375,0.3,1.9808552224562188,97120,94870
14.123295424999995,nodeproxy,4610,0.01,0.0,51396,51884
14.123295424999995,containerd,3652,0.14,0.9904276112281094,76092,74837
14.123295424999995,flanneld,5203,0.02,0.0,48544,48676
14.123295424999995,coredns,4870,0.02,0.0,64048,40408
14.123295424999995,coredns,4880,0.01,0.0,65632,41972
15.132855808999992,nodestore,4231,0.25,1.9810603027782898,58544,59048
15.132855808999992,nodeapiserver,4238,0.43,3.9621206055565796,361196,361324
15.132855808999992,nodescheduler,4245,0.09,0.9905301513891449,63296,63472
15.132855808999992,nodecontroller,4252,0.13,0.9905301513891449,128448,128736
15.132855808999992,nodelet,4375,0.31,0.9905301513891449,97120,94874
15.132855808999992,nodeproxy,4610,0.01,0.0,51396,51884
15.132855808999992,containerd,3652,0.14,0.0,76092,74837
15.132855808999992,flanneld,5203,0.02,0.0,48544,48676
15.132855808999992,coredns,4870,0.02,0.0,64048,40408
15.132855808999992,coredns,4880,0.01,0.0,65632,41972
16.142839021,nodestore,4231,0.27,1.9802309347692233,58544,59048
16.142839021,nodeapiserver,4238,0.47,3.9604618695384466,361196,361328
16.142839021,nodescheduler,4245,0.1,0.9901154673846116,63296,63476
16.142839021,nodecontroller,4252,0.14,0.9901154673846116,130548,130796
16.142839021,nodelet,4375,0.33,1.9802309347692233,97120,94878
16.142839021,nodeproxy,4610,0.01,0.0,51396,51884
16.142839021,containerd,3652,0.14,0.0,76092,74837
16.142839021,flanneld,5203,0.02,0.0,48544,48676
16.142839021,coredns,4870,0.02,0.0,64048,40408
16.142839021,coredns,4880,0.01,0.0,65632,41972
17.152317507000006,nodestore,4231,0.28,0.9906105121293233,58544,59048
17.152317507000006,nodeapiserver,4238,0.49,1.9812210242586465,361196,361328
17.152317507000006,nodescheduler,4245,0.1,0.0,63296,63476
17.152317507000006,nodecontroller,4252,0.16,1.9812210242586465,130548,130796
17.152317507000006,nodelet,4375,0.34,0.9906105121293233,97120,94882
17.152317507000006,nodeproxy,4610,0.02,0.9906105121293233,51396,51884
17.152317507000006,containerd,3652,0.16,1.9812210242586465,76092,74849
17.152317507000006,flanneld,5203,0.02,0.0,47768,47780
17.152317507000006,coredns,4870,0.02,0.0,64048,40408
17.152317507000006,coredns,4880,0.02,0.9906105121293233,65632,41972
18.161980189999994,nodestore,4231,0.3,1.9808595817936399,58544,59048
18.161980189999994,nodeapiserver,4238,0.53,3.9617191635872797,361196,361328
18.161980189999994,nodescheduler,4245,0.11,0.9904297908968199,63296,63476
18.161980189999994,nodecontroller,4252,0.17,0.9904297908968199,130548,130808
18.161980189999994,nodelet,4375,0.37,2.9712893726904595,99188,96942
18.161980189999994,nodeproxy,4610,0.02,0.0,51396,51884
18.161980189999994,containerd,3652,0.16,0.0,76092,74861
18.161980189999994,flanneld,5203,0.02,0.0,47768,47780
18.161980189999994,coredns,4870,0.02,0.0,64048,40408
18.161980189999994,coredns,4880,0.02,0.0,65632,41972
19.171424853000005,nodestore,4231,0.32,1.9812874081241032,58544,59048
19.171424853000005,nodeapiserver,4238,0.55,1.9812874081241032,361196,361328
19.171424853000005,nodescheduler,4245,0.11,0.0,63296,63476
19.171424853000005,nodecontroller,4252,0.18,0.9906437040620516,130548,130808
19.171424853000005,nodelet,4375,0.4,2.9719311121861547,99188,96946
19.171424853000005,nodeproxy,4610,0.02,0.0,51396,51884
19.171424853000005,containerd,3652,0.17,0.9906437040620516,76604,75297
19.171424853000005,flanneld,5203,0.02,0.0,47768,47780
19.171424853000005,coredns,4870,0.03,0.9906437040620516,64048,40408
19.171424853000005,coredns,4880,0.02,0.0,65632,41972
20.180828581,nodestore,4231,0.34,1.9813677565494483,58544,59048
20.180828581,nodeapiserver,4238,0.58,2.9720516348241723,361196,361328
20.180828581,nodescheduler,4245,0.11,0.0,63424,63480
20.180828581,nodecontroller,4252,0.19,0.9906838782747242,130548,130808
20.180828581,nodelet,4375,0.44,3.9627355130988966,99188,96966
20.180828581,nodeproxy,4610,0.02,0.0,51396,51884
20.180828581,containerd,3652,0.21,3.9627355130988966,76860,75733
20.180828581,flanneld,5203,0.02,0.0,47768,47780
20.180828581,coredns,4870,0.03,0.0,64048,40408
20.180828581,coredns,4880,0.02,0.0,65632,41972
21.19040341999998,nodestore,4231,0.35,0.9905159690692515,58544,59048
21.19040341999998,nodeapiserver,4238,0.59,0.9905159690692515,361196,361328
21.19040341999998,nodescheduler,4245,0.12,0.9905159690692515,63424,63480
21.19040341999998,nodecontroller,4252,0.19,0.0,130548,130808
21.19040341999998,nodelet,4375,0.46,1.981031938138503,99188,96966
21.19040341999998,nodeproxy,4610,0.02,0.0,51396,51884
21.19040341999998,containerd,3652,0.21,0.0,76860,75733
21.19040341999998,flanneld,5203,0.02,0.0,47768,47780
21.19040341999998,coredns,4870,0.03,0.0,64048,40408
21.19040341999998,coredns,4880,0.03,0.9905159690692515,65632,41972
22.200054710999993,nodestore,4231,0.37,1.9808819320372435,58544,59056
22.200054710999993,nodeapiserver,4238,0.64,4.952204830093109,361196,361328
22.200054710999993,nodescheduler,4245,0.12,0.0,63424,63480
22.200054710999993,nodecontroller,4252,0.2,0.9904409660186217,130548,130808
22.200054710999993,nodelet,4375,0.47,0.9904409660186217,99188,96978
22.200054710999993,nodeproxy,4610,0.02,0.0,51396,51884
22.200054710999993,containerd,3652,0.22,0.9904409660186217,76860,75733
22.200054710999993,flanneld,5203,0.03,0.9904409660186217,47768,47780
22.200054710999993,coredns,4870,0.03,0.0,64048,40408
22.200054710999993,coredns,4880,0.03,0.0,65632,41976
23.209981385000006,nodestore,4231,0.38,0.9901708963080491,58544,59056
23.209981385000006,nodeapiserver,4238,0.65,0.9901708963080491,361196,361328
23.209981385000006,nodescheduler,4245,0.13,0.9901708963080491,63424,63480
23.209981385000006,nodecontroller,4252,0.21,0.9901708963080491,130548,130808
23.209981385000006,nodelet,4375,0.48,0.9901708963080491,99188,96982
23.209981385000006,nodeproxy,4610,0.02,0.0,51396,51884
23.209981385000006,containerd,3652,0.24,1.9803417926160982,76860,75749
23.209981385000006,flanneld,5203,0.03,0.0,47768,47780
23.209981385000006,coredns,4870,0.03,0.0,64048,40412
23.209981385000006,coredns,4880,0.03,0.0,65632,41976
24.219415318999992,nodestore,4231,0.4,1.9813084666916172,58544,59064
24.219415318999992,nodeapiserver,4238,0.69,3.9626169333832344,361196,361328
24.219415318999992,nodescheduler,4245,0.13,0.0,63424,63480
24.219415318999992,nodecontroller,4252,0.21,0.0,130548,130812
24.219415318999992,nodelet,4375,0.5,1.9813084666916172,99188,96982
24.219415318999992,nodeproxy,4610,0.02,0.0,51396,51884
24.219415318999992,containerd,3652,0.24,0.0,76860,75749
24.219415318999992,flanneld,5203,0.03,0.0,47768,47780
24.219415318999992,coredns,4870,0.03,0.0,64048,40412
24.219415318999992,coredns,4880,0.03,0.0,65632,41976
25.228761842999987,nodestore,4231,0.41,0.9907400245824848,58544,59064
25.228761842999987,nodeapiserver,4238,0.71,1.9814800491649696,361196,361328
25.228761842999987,nodescheduler,4245,0.14,0.9907400245824848,63424,63480
25.228761842999987,nodecontroller,4252,0.23,1.9814800491649696,130548,130812
25.228761842999987,nodelet,4375,0.51,0.9907400245824848,99188,96986
25.228761842999987,nodeproxy,4610,0.02,0.0,51396,51884
25.228761842999987,containerd,3652,0.25,0.9907400245824848,76860,75749
25.228761842999987,flanneld,5203,0.03,0.0,47768,47780
25.228761842999987,coredns,4870,0.03,0.0,64048,40412
25.228761842999987,coredns,4880,0.03,0.0,65632,41976
26.238160653999998,nodestore,4231,0.43,1.981377408220444,58672,59068
26.238160653999998,nodeapiserver,4238,0.73,1.981377408220444,361196,361328
26.238160653999998,nodescheduler,4245,0.15,0.990688704110222,63424,63480
26.238160653999998,nodecontroller,4252,0.24,0.990688704110222,130548,130824
26.238160653999998,nodelet,4375,0.54,2.972066112330666,99188,96986
26.238160653999998,nodeproxy,4610,0.02,0.0,51396,51884
26.238160653999998,containerd,3652,0.25,0.0,76860,75749
26.238160653999998,flanneld,5203,0.03,0.0,47768,47780
26.238160653999998,coredns,4870,0.03,0.0,64048,40412
26.238160653999998,coredns,4880,0.03,0.0,65632,41976
27.247727843999982,nodestore,4231,0.45,1.981046947454811,58672,59068
27.247727843999982,nodeapiserver,4238,0.76,2.9715704211822165,361196,361328
27.247727843999982,nodescheduler,4245,0.16,0.9905234737274055,63424,63480
27.247727843999982,nodecontroller,4252,0.24,0.0,130548,130824
27.247727843999982,nodelet,4375,0.55,0.9905234737274055,99188,96986
27.247727843999982,nodeproxy,4610,0.02,0.0,51396,51884
27.247727843999982,containerd,3652,0.26,0.9905234737274055,76860,75793
27.247727843999982,flanneld,5203,0.04,0.9905234737274055,47768,47780
27.247727843999982,coredns,4870,0.03,0.0,64048,40412
27.247727843999982,coredns,4880,0.03,0.0,65632,41976
28.257103972999985,nodestore,4231,0.47,1.9814219323587685,58672,59068
28.257103972999985,nodeapiserver,4238,0.79,2.972132898538153,361196,361332
28.257103972999985,nodescheduler,4245,0.16,0.0,63424,63480
28.257103972999985,nodecontroller,4252,0.25,0.9907109661793843,130548,130824
28.257103972999985,nodelet,4375,0.57,1.9814219323587685,99188,96986
28.257103972999985,nodeproxy,4610,0.02,0.0,51396,51884
28.257103972999985,containerd,3652,0.27,0.9907109661793843,76860,75797
28.257103972999985,flanneld,5203,0.04,0.0,47768,47780
28.257103972999985,coredns,4870,0.03,0.0,64048,40412
28.257103972999985,coredns,4880,0.03,0.0,65632,41976
29.26713796099999,nodestore,4231,0.48,0.990065692720032,58672,59072
29.26713796099999,nodeapiserver,4238,0.82,2.970197078160096,361196,361332
29.26713796099999,nodescheduler,4245,0.17,0.990065692720032,63424,63480
29.26713796099999,nodecontroller,4252,0.26,0.990065692720032,130548,130828
29.26713796099999,nodelet,4375,0.59,1.980131385440064,99188,96990
29.26713796099999,nodeproxy,4610,0.02,0.0,51396,51884
29.26713796099999,containerd,3652,0.29,1.980131385440064,76860,75801
29.26713796099999,flanneld,5203,0.04,0.0,47768,47780
29.26713796099999,coredns,4870,0.04,0.990065692720032,64048,40412
29.26713796099999,coredns,4880,0.03,0.0,65632,41976
30.279284253,nodestore,4231,0.5,1.9759989398844506,58672,59076
30.279284253,nodeapiserver,4238,0.86,3.9519978797689013,361196,361332
30.279284253,nodescheduler,4245,0.17,0.0,63424,63480
30.279284253,nodecontroller,4252,0.26,0.0,130548,130832
30.279284253,nodelet,4375,0.64,4.939997349711127,99316,97006
30.279284253,nodeproxy,4610,0.02,0.0,51396,51884
30.279284253,containerd,3652,0.31,1.9759989398844506,76860,75809
30.279284253,flanneld,5203,0.04,0.0,47768,47780
30.279284253,coredns,4870,0.04,0.0,64048,40416
30.279284253,coredns,4880,0.03,0.0,65632,41976
31.289161717,nodestore,4231,0.52,1.9804382920659,58672,59076
31.289161717,nodeapiserver,4238,0.87,0.99021914603295,361196,361332
31.289161717,nodescheduler,4245,0.17,0.0,63424,63484
31.289161717,nodecontroller,4252,0.27,0.99021914603295,130548,130832
31.289161717,nodelet,4375,0.66,1.9804382920659,99316,97006
31.289161717,nodeproxy,4610,0.02,0.0,51396,51884
31.289161717,containerd,3652,0.32,0.99021914603295,76988,75869
31.289161717,flanneld,5203,0.04,0.0,47768,47780
31.289161717,coredns,4870,0.04,0.0,64048,40416
31.289161717,coredns,4880,0.04,0.99021914603295,65632,41976
32.29869902999998,nodestore,4231,0.54,1.9811055760353424,58672,59076
32.29869902999998,nodeapiserver,4238,0.91,3.962211152070685,361196,361332
32.29869902999998,nodescheduler,4245,0.18,0.9905527880176712,63424,63492
32.29869902999998,nodecontroller,4252,0.28,0.9905527880176712,130548,130832
32.29869902999998,nodelet,4375,0.67,0.9905527880176712,99316,97014
32.29869902999998,nodeproxy,4610,0.02,0.0,51396,51884
32.29869902999998,containerd,3652,0.32,0.0,77116,75893
32.29869902999998,flanneld,5203,0.04,0.0,47768,47780
32.29869902999998,coredns,4870,0.05,0.9905527880176712,64176,40484
32.29869902999998,coredns,4880,0.04,0.0,65632,41976
33.308188646000005,nodestore,4231,0.55,0.9905995902784756,58672,59076
33.308188646000005,nodeapiserver,4238,0.94,2.9717987708354268,361196,361332
33.308188646000005,nodescheduler,4245,0.19,0.9905995902784756,63424,63492
33.308188646000005,nodecontroller,4252,0.29,0.9905995902784756,130548,130844
33.308188646000005,nodelet,4375,0.69,1.981199180556951,99316,97018
33.308188646000005,nodeproxy,4610,0.02,0.0,51396,51884
33.308188646000005,containerd,3652,0.33,0.9905995902784756,77116,75921
33.308188646000005,flanneld,5203,0.04,0.0,47768,47780
33.308188646000005,coredns,4870,0.05,0.0,64176,40484
33.308188646000005,coredns,4880,0.04,0.0,65632,41980
34.318178756999984,nodestore,4231,0.57,1.9802174082871207,58672,59104
34.318178756999984,nodeapiserver,4238,0.96,1.9802174082871207,361196,361332
34.318178756999984,nodescheduler,4245,0.19,0.0,63424,63496
34.318178756999984,nodecontroller,4252,0.3,0.9901087041435603,130548,130844
34.318178756999984,nodelet,4375,0.71,1.9802174082871207,99316,97018
34.318178756999984,nodeproxy,4610,0.02,0.0,51396,51884
34.318178756999984,containerd,3652,0.34,0.9901087041435603,77372,76173
34.318178756999984,flanneld,5203,0.04,0.0,47768,47780
34.318178756999984,coredns,4870,0.05,0.0,64176,40484
34.318178756999984,coredns,4880,0.04,0.0,65632,41980
35.327561776999985,nodestore,4231,0.59,1.9814084053048537,58800,59108
35.327561776999985,nodeapiserver,4238,0.99,2.9721126079572806,361196,361332
35.327561776999985,nodescheduler,4245,0.2,0.9907042026524269,63424,63496
35.327561776999985,nodecontroller,4252,0.31,0.9907042026524269,130548,130844
35.327561776999985,nodelet,4375,0.72,0.9907042026524269,99316,97026
35.327561776999985,nodeproxy,4610,0.02,0.0,51396,51884
35.327561776999985,containerd,3652,0.35,0.9907042026524269,77628,76485
35.327561776999985,flanneld,5203,0.04,0.0,47768,47780
35.327561776999985,coredns,4870,0.05,0.0,64176,40484
35.327561776999985,coredns,4880,0.04,0.0,65632,41980
36.33725506499998,nodestore,4231,0.61,1.9807995395924747,58800,59108
36.33725506499998,nodeapiserver,4238,1.01,1.9807995395924747,361196,361336
36.33725506499998,nodescheduler,4245,0.2,0.0,63424,63496
36.33725506499998,nodecontroller,4252,0.31,0.0,130548,130844
36.33725506499998,nodelet,4375,0.74,1.9807995395924747,99316,97026
36.33725506499998,nodeproxy,4610,0.02,0.0,51396,51884
36.33725506499998,containerd,3652,0.36,0.9903997697962373,77756,76633
36.33725506499998,flanneld,5203,0.04,0.0,47768,47780
36.33725506499998,coredns,4870,0.05,0.0,64176,40484
36.33725506499998,coredns,4880,0.04,0.0,65632,41980
37.346818027,nodestore,4231,0.61,0.0,58800,59108
37.346818027,nodeapiserver,4238,1.04,2.971582865972797,361196,361336
37.346818027,nodescheduler,4245,0.21,0.9905276219909324,63424,63496
37.346818027,nodecontroller,4252,0.32,0.9905276219909324,130548,130844
37.346818027,nodelet,4375,0.76,1.9810552439818647,99316,97030
37.346818027,nodeproxy,4610,0.02,0.0,51396,51884
37.346818027,containerd,3652,0.37,0.9905276219909324,77756,76665
37.346818027,flanneld,5203,0.05,0.9905276219909324,47768,47780
37.346818027,coredns,4870,0.05,0.0,64176,40488
37.346818027,coredns,4880,0.04,0.0,65632,41980
38.356275155999995,nodestore,4231,0.63,1.9812629407860716,58800,59112
38.356275155999995,nodeapiserver,4238,1.07,2.971894411179107,361196,361340
38.356275155999995,nodescheduler,4245,0.21,0.0,63424,63496
38.356275155999995,nodecontroller,4252,0.33,0.9906314703930358,130548,130844
38.356275155999995,nodelet,4375,0.77,0.9906314703930358,99316,97030
38.356275155999995,nodeproxy,4610,0.02,0.0,51396,51884
38.356275155999995,containerd,3652,0.38,0.9906314703930358,77884,76849
38.356275155999995,flanneld,5203,0.05,0.0,47768,47780
38.356275155999995,coredns,4870,0.05,0.0,64176,40488
38.356275155999995,coredns,4880,0.04,0.0,65632,41980
39.36583917099999,nodestore,4231,0.65,1.9810531776927585,58800,59112
39.36583917099999,nodeapiserver,4238,1.09,1.9810531776927585,361196,361344
39.36583917099999,nodescheduler,4245,0.22,0.9905265888463792,63424,63496
39.36583917099999,nodecontroller,4252,0.33,0.0,130548,130844
39.36583917099999,nodelet,4375,0.78,0.9905265888463792,99316,97030
39.36583917099999,nodeproxy,4610,0.02,0.0,51396,51884
39.36583917099999,containerd,3652,0.39,0.9905265888463792,78012,76897
39.36583917099999,flanneld,5203,0.05,0.0,47768,47780
39.36583917099999,coredns,4870,0.05,0.0,64176,40488
39.36583917099999,coredns,4880,0.04,0.0,65632,41984
40.375395213000004,nodestore,4231,0.67,1.9810688231213343,58800,59112
40.375395213000004,nodeapiserver,4238,1.12,2.9716032346820014,361196,361344
40.375395213000004,nodescheduler,4245,0.23,0.9905344115606671,63424,63500
40.375395213000004,nodecontroller,4252,0.34,0.9905344115606671,130548,130844
40.375395213000004,nodelet,4375,0.85,6.93374088092467,99316,97038
40.375395213000004,nodeproxy,4610,0.02,0.0,51396,51884
40.375395213000004,containerd,3652,0.42,2.9716032346820014,78012,76929
40.375395213000004,flanneld,5203,0.05,0.0,47768,47780
40.375395213000004,coredns,4870,0.05,0.0,64176,40488
40.375395213000004,coredns,4880,0.04,0.0,65632,41984
41.38623247599999,nodestore,4231,0.68,0.9892789241189806,58800,59112
41.38623247599999,nodeapiserver,4238,1.14,1.978557848237961,361196,361344
41.38623247599999,nodescheduler,4245,0.23,0.0,63424,63500
41.38623247599999,nodecontroller,4252,0.36,1.978557848237961,130548,130844
41.38623247599999,nodelet,4375,0.86,0.9892789241189806,99316,97042
41.38623247599999,nodeproxy,4610,0.02,0.0,51396,51884
41.38623247599999,containerd,3652,0.42,0.0,78012,76933
41.38623247599999,flanneld,5203,0.05,0.0,47768,47780
41.38623247599999,coredns,4870,0.05,0.0,64176,40488
41.38623247599999,coredns,4880,0.04,0.0,65632,41984
42.395704291,nodestore,4231,0.7,1.9812341169723262,58800,59112
42.395704291,nodeapiserver,4238,1.17,2.971851175458489,361196,361344
42.395704291,nodescheduler,4245,0.25,1.9812341169723262,63424,63500
42.395704291,nodecontroller,4252,0.37,0.9906170584861631,130548,130844
42.395704291,nodelet,4375,0.88,1.9812341169723262,99316,97042
42.395704291,nodeproxy,4610,0.02,0.0,51396,51884
42.395704291,containerd,3652,0.43,0.9906170584861631,78012,76933
42.395704291,flanneld,5203,0.05,0.0,47768,47780
42.395704291,coredns,4870,0.05,0.0,64176,40488
42.395704291,coredns,4880,0.04,0.0,65632,41988
43.40819464299999,nodestore,4231,0.71,0.9876637323256328,58800,59112
43.40819464299999,nodeapiserver,4238,1.19,1.9753274646512655,361196,361344
43.40819464299999,nodescheduler,4245,0.26,0.9876637323256328,63424,63504
43.40819464299999,nodecontroller,4252,0.37,0.0,130548,130844
43.40819464299999,nodelet,4375,0.9,1.9753274646512655,99316,97042
43.40819464299999,nodeproxy,4610,0.02,0.0,51396,51884
43.40819464299999,containerd,3652,0.43,0.0,78012,76933
43.40819464299999,flanneld,5203,0.05,0.0,47768,47780
43.40819464299999,coredns,4870,0.05,0.0,64176,40488
43.40819464299999,coredns,4880,0.04,0.0,65632,41988
44.417562625,nodestore,4231,0.73,1.9814379251827414,58800,59124
44.417562625,nodeapiserver,4238,1.22,2.972156887774112,361196,361344
44.417562625,nodescheduler,4245,0.26,0.0,63424,63508
44.417562625,nodecontroller,4252,0.41,3.962875850365483,132636,132936
44.417562625,nodelet,4375,0.92,1.9814379251827414,99316,97046
44.417562625,nodeproxy,4610,0.02,0.0,51396,51884
44.417562625,containerd,3652,0.45,1.9814379251827414,78012,76933
44.417562625,flanneld,5203,0.05,0.0,47768,47780
44.417562625,coredns,4870,0.06,0.9907189625913707,64176,40492
44.417562625,coredns,4880,0.04,0.0,65632,41988
45.427116591,nodestore,4231,0.74,0.9905364484497517,58800,59124
45.427116591,nodeapiserver,4238,1.25,2.9716093453492554,361196,361344
45.427116591,nodescheduler,4245,0.26,0.0,63424,63508
45.427116591,nodecontroller,4252,0.41,0.0,132636,132940
45.427116591,nodelet,4375,0.93,0.9905364484497517,99316,97046
45.427116591,nodeproxy,4610,0.02,0.0,51396,51884
45.427116591,containerd,3652,0.45,0.0,78140,76941
45.427116591,flanneld,5203,0.05,0.0,47768,47780
45.427116591,coredns,4870,0.06,0.0,64176,40492
45.427116591,coredns,4880,0.05,0.9905364484497517,65632,41988
46.43673321499999,nodestore,4231,0.75,0.9904749745879888,58800,59124
46.43673321499999,nodeapiserver,4238,1.27,1.9809499491759777,361196,361344
46.43673321499999,nodescheduler,4245,0.27,0.9904749745879888,63424,63508
46.43673321499999,nodecontroller,4252,0.42,0.9904749745879888,132636,132944
46.43673321499999,nodelet,4375,0.94,0.9904749745879888,99316,97050
46.43673321499999,nodeproxy,4610,0.02,0.0,51396,51884
46.43673321499999,containerd,3652,0.45,0.0,78140,76941
46.43673321499999,flanneld,5203,0.05,0.0,47768,47780
46.43673321499999,coredns,4870,0.06,0.0,64176,40492
46.43673321499999,coredns,4880,0.05,0.0,65632,41988
47.44664335999998,nodestore,4231,0.77,1.9803742044793655,58800,59124
47.44664335999998,nodeapiserver,4238,1.3,2.9705613067190484,361196,361344
47.44664335999998,nodescheduler,4245,0.27,0.0,63424,63508
47.44664335999998,nodecontroller,4252,0.43,0.9901871022396828,132636,132944
47.44664335999998,nodelet,4375,0.97,2.9705613067190484,99316,97058
47.44664335999998,nodeproxy,4610,0.02,0.0,51396,51884
47.44664335999998,containerd,3652,0.46,0.9901871022396828,78140,76941
47.44664335999998,flanneld,5203,0.06,0.9901871022396828,47768,47780
47.44664335999998,coredns,4870,0.06,0.0,64176,40492
47.44664335999998,coredns,4880,0.05,0.0,65632,41988
48.45645272999998,nodestore,4231,0.78,0.9902859190145965,58800,59124
48.45645272999998,nodeapiserver,4238,1.32,1.980571838029193,361196,361344
48.45645272999998,nodescheduler,4245,0.28,0.9902859190145965,63424,63508
48.45645272999998,nodecontroller,4252,0.43,0.0,132636,132944
48.45645272999998,nodelet,4375,0.99,1.980571838029193,99316,97066
48.45645272999998,nodeproxy,4610,0.02,0.0,51396,51884
48.45645272999998,containerd,3652,0.48,1.980571838029193,78140,76945
48.45645272999998,flanneld,5203,0.06,0.0,47768,47780
48.45645272999998,coredns,4870,0.06,0.0,64176,40496
48.45645272999998,coredns,4880,0.05,0.0,65632,41992
49.46607977799998,nodestore,4231,0.79,0.9904647483255632,58800,59128
49.46607977799998,nodeapiserver,4238,1.35,2.9713942449766897,361196,361344
49.46607977799998,nodescheduler,4245,0.28,0.0,63424,63508
49.46607977799998,nodecontroller,4252,0.44,0.9904647483255632,132636,132944
49.46607977799998,nodelet,4375,1.0,0.9904647483255632,99316,97066
49.46607977799998,nodeproxy,4610,0.02,0.0,51396,51884
49.46607977799998,containerd,3652,0.48,0.0,78140,76945
49.46607977799998,flanneld,5203,0.06,0.0,47768,47780
49.46607977799998,coredns,4870,0.07,0.9904647483255632,64176,40496
49.46607977799998,coredns,4880,0.06,0.9904647483255632,65632,41992
50.47556401600001,nodestore,4231,0.81,1.981209735342045,58800,59128
50.47556401600001,nodeapiserver,4238,1.37,1.981209735342045,361196,361348
50.47556401600001,nodescheduler,4245,0.29,0.9906048676710225,63424,63508
50.47556401600001,nodecontroller,4252,0.45,0.9906048676710225,132636,132944
50.47556401600001,nodelet,4375,1.05,4.953024338355112,99316,97082
50.47556401600001,nodeproxy,4610,0.02,0.0,51396,51884
50.47556401600001,containerd,3652,0.52,3.96241947068409,78140,76953
50.47556401600001,flanneld,5203,0.06,0.0,47768,47780
50.47556401600001,coredns,4870,0.07,0.0,64176,40496
50.47556401600001,coredns,4880,0.06,0.0,65632,41992
51.484960141,nodestore,4231,0.82,0.9906913403298482,58800,59128
51.484960141,nodeapiserver,4238,1.4,2.9720740209895444,361196,361348
51.484960141,nodescheduler,4245,0.29,0.0,63424,63508
51.484960141,nodecontroller,4252,0.46,0.9906913403298482,132636,132944
51.484960141,nodelet,4375,1.06,0.9906913403298482,99316,97082
51.484960141,nodeproxy,4610,0.02,0.0,51396,51884
51.484960141,containerd,3652,0.52,0.0,78140,76953
51.484960141,flanneld,5203,0.06,0.0,47768,47780
51.484960141,coredns,4870,0.07,0.0,64176,40496
51.484960141,coredns,4880,0.06,0.0,65632,41992
52.494537118999986,nodestore,4231,0.84,1.9810277409079662,58800,59136
52.494537118999986,nodeapiserver,4238,1.43,2.9715416113619493,361196,361352
52.494537118999986,nodescheduler,4245,0.29,0.0,63424,63508
52.494537118999986,nodecontroller,4252,0.47,0.9905138704539831,132636,132944
52.494537118999986,nodelet,4375,1.08,1.9810277409079662,99316,97082
52.494537118999986,nodeproxy,4610,0.02,0.0,51396,51884
52.494537118999986,containerd,3652,0.53,0.9905138704539831,78140,76953
52.494537118999986,flanneld,5203,0.06,0.0,47768,47780
52.494537118999986,coredns,4870,0.07,0.0,64176,40496
52.494537118999986,coredns,4880,0.06,0.0,65632,41992
53.504599889000005,nodestore,4231,0.86,1.9800749610838173,58800,59136
53.504599889000005,nodeapiserver,4238,1.45,1.9800749610838173,361196,361352
53.504599889000005,nodescheduler,4245,0.31,1.9800749610838173,63424,63508
53.504599889000005,nodecontroller,4252,0.48,0.9900374805419087,132636,132944
53.504599889000005,nodelet,4375,1.08,0.0,99316,97082
53.504599889000005,nodeproxy,4610,0.02,0.0,51396,51884
53.504599889000005,containerd,3652,0.54,0.9900374805419087,78140,76953
53.504599889000005,flanneld,5203,0.06,0.0,47768,47780
53.504599889000005,coredns,4870,0.07,0.0,64176,40496
53.504599889000005,coredns,4880,0.06,0.0,65632,41992
54.514062743999986,nodestore,4231,0.87,0.9906258512107597,58800,59136
54.514062743999986,nodeapiserver,4238,1.47,1.9812517024215195,361196,361356
54.514062743999986,nodescheduler,4245,0.32,0.9906258512107597,63424,63512
54.514062743999986,nodecontroller,4252,0.49,0.9906258512107597,132636,132944
54.514062743999986,nodelet,4375,1.12,3.962503404843039,99316,97090
54.514062743999986,nodeproxy,4610,0.02,0.0,51396,51884
54.514062743999986,containerd,3652,0.54,0.0,78140,76953
54.514062743999986,flanneld,5203,0.06,0.0,47768,47780
54.514062743999986,coredns,4870,0.07,0.0,64176,40496
54.514062743999986,coredns,4880,0.06,0.0,65632,41992
55.523602980999996,nodestore,4231,0.88,0.990549919012282,58800,59140
55.523602980999996,nodeapiserver,4238,1.49,1.981099838024564,361196,361356
55.523602980999996,nodescheduler,4245,0.32,0.0,63424,63512
55.523602980999996,nodecontroller,4252,0.49,0.0,132636,132944
55.523602980999996,nodelet,4375,1.13,0.990549919012282,99316,97090
55.523602980999996,nodeproxy,4610,0.02,0.0,51396,51884
55.523602980999996,containerd,3652,0.56,1.981099838024564,78140,76953
55.523602980999996,flanneld,5203,0.06,0.0,47768,47780
55.523602980999996,coredns,4870,0.07,0.0,64176,40496
55.523602980999996,coredns,4880,0.06,0.0,65632,41996
56.532876632,nodestore,4231,0.9,1.9816231187828743,58800,59148
56.532876632,nodeapiserver,4238,1.53,3.9632462375657487,361196,361356
56.532876632,nodescheduler,4245,0.32,0.0,63424,63512
56.532876632,nodecontroller,4252,0.5,0.9908115593914372,132636,132944
56.532876632,nodelet,4375,1.14,0.9908115593914372,99316,97094
56.532876632,nodeproxy,4610,0.02,0.0,51396,51884
56.532876632,containerd,3652,0.56,0.0,78140,76953
56.532876632,flanneld,5203,0.06,0.0,47768,47780
56.532876632,coredns,4870,0.07,0.0,64176,40496
56.532876632,coredns,4880,0.06,0.0,65632,42000
57.54246368999999,nodestore,4231,0.91,0.9905039808860209,58800,59148
57.54246368999999,nodeapiserver,4238,1.54,0.9905039808860209,361196,361356
57.54246368999999,nodescheduler,4245,0.33,0.9905039808860209,63424,63512
57.54246368999999,nodecontroller,4252,0.51,0.9905039808860209,132636,132944
57.54246368999999,nodelet,4375,1.16,1.9810079617720417,99316,97098
57.54246368999999,nodeproxy,4610,0.02,0.0,51396,51884
57.54246368999999,containerd,3652,0.57,0.9905039808860209,78140,76953
57.54246368999999,flanneld,5203,0.07,0.9905039808860209,47768,47780
57.54246368999999,coredns,4870,0.07,0.0,64176,40496
57.54246368999999,coredns,4880,0.06,0.0,65632,42000
58.55164997199999,nodestore,4231,0.92,0.9908973376235393,58800,59152
58.55164997199999,nodeapiserver,4238,1.57,2.972692012870618,361196,361360
58.55164997199999,nodescheduler,4245,0.33,0.0,63424,63512
58.55164997199999,nodecontroller,4252,0.52,0.9908973376235393,132636,132944
58.55164997199999,nodelet,4375,1.17,0.9908973376235393,99316,97102
58.55164997199999,nodeproxy,4610,0.02,0.0,51396,51884
58.55164997199999,containerd,3652,0.58,0.9908973376235393,78140,76953
58.55164997199999,flanneld,5203,0.07,0.0,47768,47780
58.55164997199999,coredns,4870,0.08,0.9908973376235393,64176,40496
58.55164997199999,coredns,4880,0.07,0.9908973376235393,65632,42008
59.561090333999985,nodestore,4231,0.94,1.981295849947414,58800,59156
59.561090333999985,nodeapiserver,4238,1.6,2.971943774921121,361196,361360
59.561090333999985,nodescheduler,4245,0.34,0.990647924973707,63424,63512
59.561090333999985,nodecontroller,4252,0.53,0.990647924973707,132636,132944
59.561090333999985,nodelet,4375,1.19,1.981295849947414,99316,97102
59.561090333999985,nodeproxy,4610,0.02,0.0,51396,51884
59.561090333999985,containerd,3652,0.58,0.0,78140,76953
59.561090333999985,flanneld,5203,0.07,0.0,47768,47780
59.561090333999985,coredns,4870,0.08,0.0,64176,40496
59.561090333999985,coredns,4880,0.07,0.0,65632,42008
60.570778791999984,nodestore,4231,0.95,0.990404507525826,60952,61212
60.570778791999984,nodeapiserver,4238,1.62,1.980809015051652,361196,361364
60.570778791999984,nodescheduler,4245,0.34,0.0,63424,63512
60.570778791999984,nodecontroller,4252,0.54,0.990404507525826,132636,132944
60.570778791999984,nodelet,4375,1.23,3.961618030103304,99316,97114
60.570778791999984,nodeproxy,4610,0.02,0.0,51396,51884
60.570778791999984,containerd,3652,0.61,2.971213522577478,78140,76957
60.570778791999984,flanneld,5203,0.07,0.0,47768,47780
60.570778791999984,coredns,4870,0.08,0.0,64176,40496
60.570778791999984,coredns,4880,0.07,0.0,65632,42008
61.580274416999984,nodestore,4231,0.97,1.9811873875134436,60952,61228
61.580274416999984,nodeapiserver,4238,1.64,1.9811873875134436,361196,361364
61.580274416999984,nodescheduler,4245,0.34,0.0,63424,63512
61.580274416999984,nodecontroller,4252,0.54,0.0,132636,132944
61.580274416999984,nodelet,4375,1.26,2.9717810812701653,99316,97114
61.580274416999984,nodeproxy,4610,0.02,0.0,51396,51884
61.580274416999984,containerd,3652,0.61,0.0,78140,76961
61.580274416999984,flanneld,5203,0.07,0.0,47768,47780
61.580274416999984,coredns,4870,0.08,0.0,64176,40496
61.580274416999984,coredns,4880,0.07,0.0,65632,42008
62.58955987199998,nodestore,4231,0.99,1.981599942902185,60952,61236
62.58955987199998,nodeapiserver,4238,1.68,3.96319988580437,361196,361364
62.58955987199998,nodescheduler,4245,0.36,1.981599942902185,63424,63520
62.58955987199998,nodecontroller,4252,0.55,0.9907999714510926,132636,132944
62.58955987199998,nodelet,4375,1.28,1.981599942902185,99316,97118
62.58955987199998,nodeproxy,4610,0.02,0.0,51396,51884
62.58955987199998,containerd,3652,0.62,0.9907999714510926,78140,76961
62.58955987199998,flanneld,5203,0.07,0.0,47768,47780
62.58955987199998,coredns,4870,0.08,0.0,64176,40496
62.58955987199998,coredns,4880,0.07,0.0,65632,42008
63.599346958,nodestore,4231,1.01,1.9806155453249341,60952,61236
63.599346958,nodeapiserver,4238,1.7,1.9806155453249341,361196,361364
63.599346958,nodescheduler,4245,0.37,0.9903077726624671,63424,63520
63.599346958,nodecontroller,4252,0.56,0.9903077726624671,132636,132944
63.599346958,nodelet,4375,1.28,0.0,99316,97118
63.599346958,nodeproxy,4610,0.02,0.0,51396,51884
63.599346958,containerd,3652,0.63,0.9903077726624671,78140,76961
63.599346958,flanneld,5203,0.07,0.0,47768,47780
63.599346958,coredns,4870,0.08,0.0,64176,40496
63.599346958,coredns,4880,0.07,0.0,65632,42008
64.60887526499998,nodestore,4231,1.03,1.9811232494742073,60952,61240
64.60887526499998,nodeapiserver,4238,1.73,2.9716848742113107,361196,361364
64.60887526499998,nodescheduler,4245,0.37,0.0,63424,63520
64.60887526499998,nodecontroller,4252,0.57,0.9905616247371036,132636,132944
64.60887526499998,nodelet,4375,1.3,1.9811232494742073,99316,97118
64.60887526499998,nodeproxy,4610,0.02,0.0,51396,51884
64.60887526499998,containerd,3652,0.64,0.9905616247371036,78140,76965
64.60887526499998,flanneld,5203,0.07,0.0,47768,47780
64.60887526499998,coredns,4870,0.09,0.9905616247371036,64176,40496
64.60887526499998,coredns,4880,0.07,0.0,65632,42008
65.618399008,nodestore,4231,1.04,0.9905661030104008,60952,61240
65.618399008,nodeapiserver,4238,1.74,0.9905661030104008,361196,361364
65.618399008,nodescheduler,4245,0.37,0.0,63424,63520
65.618399008,nodecontroller,4252,0.57,0.0,132636,132944
65.618399008,nodelet,4375,1.33,2.9716983090312024,99316,97118
65.618399008,nodeproxy,4610,0.02,0.0,51396,51884
65.618399008,containerd,3652,0.64,0.0,78140,76965
65.618399008,flanneld,5203,0.07,0.0,47768,47780
65.618399008,coredns,4870,0.09,0.0,64176,40496
65.618399008,coredns,4880,0.07,0.0,65632,42008
66.6277405,nodestore,4231,1.05,0.9907449638461863,60952,61240
66.6277405,nodeapiserver,4238,1.77,2.972234891538559,361196,361364
66.6277405,nodescheduler,4245,0.38,0.9907449638461863,63424,63520
66.6277405,nodecontroller,4252,0.59,1.9814899276923725,132636,132944
66.6277405,nodelet,4375,1.34,0.9907449638461863,99316,97118
66.6277405,nodeproxy,4610,0.02,0.0,51396,51884
66.6277405,containerd,3652,0.66,1.9814899276923725,78268,77045
66.6277405,flanneld,5203,0.07,0.0,47768,47780
66.6277405,coredns,4870,0.09,0.0,64176,40496
66.6277405,coredns,4880,0.07,0.0,65632,42008
67.63778090199999,nodestore,4231,1.07,1.980118811128533,60952,61256
67.63778090199999,nodeapiserver,4238,1.81,3.960237622257066,361196,361368
67.63778090199999,nodescheduler,4245,0.38,0.0,63424,63520
67.63778090199999,nodecontroller,4252,0.59,0.0,132636,132944
67.63778090199999,nodelet,4375,1.36,1.980118811128533,99316,97118
67.63778090199999,nodeproxy,4610,0.02,0.0,51396,51884
67.63778090199999,containerd,3652,0.67,0.9900594055642665,78268,77045
67.63778090199999,flanneld,5203,0.08,0.9900594055642665,47768,47784
67.63778090199999,coredns,4870,0.09,0.0,64176,40496
67.63778090199999,coredns,4880,0.07,0.0,65632,42008
68.647302931,nodestore,4231,1.09,1.9811355696528146,60952,61300
68.647302931,nodeapiserver,4238,1.86,4.9528389241320365,361196,361372
68.647302931,nodescheduler,4245,0.39,0.9905677848264073,63424,63520
68.647302931,nodecontroller,4252,0.6,0.9905677848264073,132636,132944
68.647302931,nodelet,4375,1.38,1.9811355696528146,99316,97122
68.647302931,nodeproxy,4610,0.02,0.0,51396,51884
68.647302931,containerd,3652,0.68,0.9905677848264073,78268,77053
68.647302931,flanneld,5203,0.08,0.0,47768,47784
68.647302931,coredns,4870,0.09,0.0,64176,40496
68.647302931,coredns,4880,0.08,0.9905677848264073,65632,42008
69.656548244,nodestore,4231,1.11,1.9816787596020116,60952,61300
69.656548244,nodeapiserver,4238,1.88,1.9816787596020116,361196,361376
69.656548244,nodescheduler,4245,0.39,0.0,63424,63524
69.656548244,nodecontroller,4252,0.61,0.9908393798010058,132636,132944
69.656548244,nodelet,4375,1.4,1.9816787596020116,99316,97122
69.656548244,nodeproxy,4610,0.02,0.0,51396,51884
69.656548244,containerd,3652,0.69,0.9908393798010058,78268,77061
69.656548244,flanneld,5203,0.08,0.0,47768,47784
69.656548244,coredns,4870,0.09,0.0,64176,40496
69.656548244,coredns,4880,0.08,0.0,65632,42008
70.66621909499999,nodestore,4231,1.12,0.9904217785524824,60952,61300
70.66621909499999,nodeapiserver,4238,1.91,2.971265335657447,361196,361384
70.66621909499999,nodescheduler,4245,0.4,0.9904217785524824,63424,63524
70.66621909499999,nodecontroller,4252,0.62,0.9904217785524824,132636,132944
70.66621909499999,nodelet,4375,1.48,7.923374228419859,99316,97150
70.66621909499999,nodeproxy,4610,0.02,0.0,51396,51884
70.66621909499999,containerd,3652,0.71,1.9808435571049647,78268,77069
70.66621909499999,flanneld,5203,0.08,0.0,47768,47784
70.66621909499999,coredns,4870,0.09,0.0,64176,40496
70.66621909499999,coredns,4880,0.08,0.0,65632,42008
71.67550414999998,nodestore,4231,1.13,0.9908003641250861,60952,61300
71.67550414999998,nodeapiserver,4238,1.92,0.9908003641250861,361196,361384
71.67550414999998,nodescheduler,4245,0.41,0.9908003641250861,63424,63524
71.67550414999998,nodecontroller,4252,0.63,0.9908003641250861,132636,132944
71.67550414999998,nodelet,4375,1.49,0.9908003641250861,99316,97150
71.67550414999998,nodeproxy,4610,0.02,0.0,51396,51884
71.67550414999998,containerd,3652,0.72,0.9908003641250861,81340,80157
71.67550414999998,flanneld,5203,0.08,0.0,47768,47784
71.67550414999998,coredns,4870,0.09,0.0,64176,40496
71.67550414999998,coredns,4880,0.08,0.0,65632,42008
72.68500025799999,nodestore,4231,1.16,2.971779659402092,60952,61300
72.68500025799999,nodeapiserver,4238,1.96,3.9623728792027895,361196,361384
72.68500025799999,nodescheduler,4245,0.42,0.9905932198006974,63424,63528
72.68500025799999,nodecontroller,4252,0.64,0.9905932198006974,132636,132944
72.68500025799999,nodelet,4375,1.51,1.9811864396013947,99316,97154
72.68500025799999,nodeproxy,4610,0.02,0.0,51396,51884
72.68500025799999,containerd,3652,0.72,0.0,81340,80157
72.68500025799999,flanneld,5203,0.08,0.0,47768,47784
72.68500025799999,coredns,4870,0.09,0.0,64176,40496
72.68500025799999,coredns,4880,0.08,0.0,65632,42008
73.69455755,nodestore,4231,1.16,0.0,60952,61300
73.69455755,nodeapiserver,4238,1.98,1.9810663702283262,361196,361388
73.69455755,nodescheduler,4245,0.43,0.9905331851141631,63424,63528
73.69455755,nodecontroller,4252,0.65,0.9905331851141631,132636,132944
73.69455755,nodelet,4375,1.53,1.9810663702283262,99316,97154
73.69455755,nodeproxy,4610,0.02,0.0,51396,51884
73.69455755,containerd,3652,0.74,1.9810663702283262,81340,80157
73.69455755,flanneld,5203,0.08,0.0,47768,47784
73.69455755,coredns,4870,0.09,0.0,64176,40496
73.69455755,coredns,4880,0.08,0.0,65632,42008
74.705103986,nodestore,4231,1.19,2.9686908915089227,60952,61300
74.705103986,nodeapiserver,4238,2.03,4.947818152514871,361196,361392
74.705103986,nodescheduler,4245,0.43,0.0,63424,63596
74.705103986,nodecontroller,4252,0.66,0.9895636305029742,132636,132944
74.705103986,nodelet,4375,1.54,0.9895636305029742,99316,97154
74.705103986,nodeproxy,4610,0.02,0.0,51396,51884
74.705103986,containerd,3652,0.74,0.0,81340,80157
74.705103986,flanneld,5203,0.08,0.0,47768,47784
74.705103986,coredns,4870,0.09,0.0,64176,40496
74.705103986,coredns,4880,0.08,0.0,65632,42008
75.71454573299998,nodestore,4231,1.21,1.9812931315193907,60952,61308
75.71454573299998,nodeapiserver,4238,2.06,2.971939697279086,361196,361400
75.71454573299998,nodescheduler,4245,0.44,0.9906465657596953,63424,63596
75.71454573299998,nodecontroller,4252,0.68,1.9812931315193907,132636,132952
75.71454573299998,nodelet,4375,1.57,2.971939697279086,99316,97166
75.71454573299998,nodeproxy,4610,0.02,0.0,51396,51884
75.71454573299998,containerd,3652,0.75,0.9906465657596953,81340,80157
75.71454573299998,flanneld,5203,0.08,0.0,47768,47784
75.71454573299998,coredns,4870,0.09,0.0,64176,40496
75.71454573299998,coredns,4880,0.08,0.0,65632,42012
76.72453118699998,nodestore,4231,1.22,0.9901132694926887,60952,61320
76.72453118699998,nodeapiserver,4238,2.1,3.960453077970755,361196,361400
76.72453118699998,nodescheduler,4245,0.44,0.0,63424,63604
76.72453118699998,nodecontroller,4252,0.69,0.9901132694926887,132636,132952
76.72453118699998,nodelet,4375,1.6,2.9703398084780663,99316,97178
76.72453118699998,nodeproxy,4610,0.02,0.0,51396,51884
76.72453118699998,containerd,3652,0.76,0.9901132694926887,81340,80157
76.72453118699998,flanneld,5203,0.08,0.0,47768,47784
76.72453118699998,coredns,4870,0.09,0.0,64176,40496
76.72453118699998,coredns,4880,0.08,0.0,65632,42012
77.733788241,nodestore,4231,1.24,1.981655706119015,60952,61332
77.733788241,nodeapiserver,4238,2.13,2.9724835591785226,361196,361400
77.733788241,nodescheduler,4245,0.45,0.9908278530595075,63424,63604
77.733788241,nodecontroller,4252,0.7,0.9908278530595075,132636,132952
77.733788241,nodelet,4375,1.62,1.981655706119015,99316,97182
77.733788241,nodeproxy,4610,0.02,0.0,51396,51884
77.733788241,containerd,3652,0.76,0.0,81340,80157
77.733788241,flanneld,5203,0.09,0.9908278530595075,47768,47784
77.733788241,coredns,4870,0.1,0.9908278530595075,64176,40496
77.733788241,coredns,4880,0.08,0.0,65632,42012
78.74294301899998,nodestore,4231,1.26,1.9818565433181121,60952,61340
78.74294301899998,nodeapiserver,4238,2.16,2.9727848149771683,361196,361400
78.74294301899998,nodescheduler,4245,0.46,0.9909282716590561,63424,63604
78.74294301899998,nodecontroller,4252,0.72,1.9818565433181121,132636,132952
78.74294301899998,nodelet,4375,1.63,0.9909282716590561,99316,97182
78.74294301899998,nodeproxy,4610,0.02,0.0,51396,51896
78.74294301899998,containerd,3652,0.77,0.9909282716590561,81340,80157
78.74294301899998,flanneld,5203,0.09,0.0,47768,47784
78.74294301899998,coredns,4870,0.1,0.0,64176,40496
78.74294301899998,coredns,4880,0.09,0.9909282716590561,65632,42012
79.75270793899999,nodestore,4231,1.27,0.9903295115461042,60952,61340
79.75270793899999,nodeapiserver,4238,2.19,2.9709885346383125,361196,361400
79.75270793899999,nodescheduler,4245,0.46,0.0,63424,63604
79.75270793899999,nodecontroller,4252,0.72,0.0,132636,132952
79.75270793899999,nodelet,4375,1.65,1.9806590230922083,99316,97182
79.75270793899999,nodeproxy,4610,0.02,0.0,51396,51896
79.75270793899999,containerd,3652,0.8,2.9709885346383125,81340,80157
79.75270793899999,flanneld,5203,0.09,0.0,47768,47784
79.75270793899999,coredns,4870,0.1,0.0,64176,40496
79.75270793899999,coredns,4880,0.09,0.0,65632,42012
80.76323144799998,nodestore,4231,1.28,0.9895860819602217,60952,61340
80.76323144799998,nodeapiserver,4238,2.21,1.9791721639204434,361196,361408
80.76323144799998,nodescheduler,4245,0.47,0.9895860819602217,63424,63604
80.76323144799998,nodecontroller,4252,0.73,0.9895860819602217,132636,132952
80.76323144799998,nodelet,4375,1.69,3.9583443278408867,99316,97194
80.76323144799998,nodeproxy,4610,0.02,0.0,51396,51896
80.76323144799998,containerd,3652,0.81,0.9895860819602217,81340,80165
80.76323144799998,flanneld,5203,0.09,0.0,47768,47784
80.76323144799998,coredns,4870,0.1,0.0,64176,40496
80.76323144799998,coredns,4880,0.09,0.0,65632,42012
81.772538603,nodestore,4231,1.29,0.9907786693536161,60952,61344
81.772538603,nodeapiserver,4238,2.23,1.9815573387072323,361196,361408
81.772538603,nodescheduler,4245,0.47,0.0,63424,63604
81.772538603,nodecontroller,4252,0.74,0.9907786693536161,132636,132952
81.772538603,nodelet,4375,1.73,3.9631146774144645,99316,97206
81.772538603,nodeproxy,4610,0.02,0.0,51396,51896
81.772538603,containerd,3652,0.83,1.9815573387072323,88636,87445
81.772538603,flanneld,5203,0.09,0.0,47768,47784
81.772538603,coredns,4870,0.11,0.9907786693536161,64176,40496
81.772538603,coredns,4880,0.09,0.0,65632,42012
82.781842922,nodestore,4231,1.31,1.9815629065984515,60952,61344
82.781842922,nodeapiserver,4238,2.25,1.9815629065984515,361196,361412
82.781842922,nodescheduler,4245,0.48,0.9907814532992257,63424,63604
82.781842922,nodecontroller,4252,0.74,0.0,132636,132952
82.781842922,nodelet,4375,1.74,0.9907814532992257,99316,97206
82.781842922,nodeproxy,4610,0.02,0.0,51396,51896
82.781842922,containerd,3652,0.83,0.0,88636,87445
82.781842922,flanneld,5203,0.09,0.0,47768,47784
82.781842922,coredns,4870,0.11,0.0,64176,40496
82.781842922,coredns,4880,0.09,0.0,65632,42012
83.79094791799999,nodestore,4231,1.33,1.9819543138997782,60952,61344
83.79094791799999,nodeapiserver,4238,2.29,3.9639086277995563,361196,361416
83.79094791799999,nodescheduler,4245,0.48,0.0,63424,63608
83.79094791799999,nodecontroller,4252,0.75,0.9909771569498891,132636,132952
83.79094791799999,nodelet,4375,1.76,1.9819543138997782,99316,97206
83.79094791799999,nodeproxy,4610,0.02,0.0,51396,51896
83.79094791799999,containerd,3652,0.84,0.9909771569498891,88636,87445
83.79094791799999,flanneld,5203,0.09,0.0,47768,47784
83.79094791799999,coredns,4870,0.11,0.0,64176,40504
83.79094791799999,coredns,4880,0.09,0.0,65632,42012
84.80010826499999,nodestore,4231,1.35,1.9818456065436245,60952,61344
84.80010826499999,nodeapiserver,4238,2.31,1.9818456065436245,361196,361420
84.80010826499999,nodescheduler,4245,0.49,0.9909228032718123,63424,63608
84.80010826499999,nodecontroller,4252,0.77,1.9818456065436245,132636,132952
84.80010826499999,nodelet,4375,1.77,0.9909228032718123,99316,97210
84.80010826499999,nodeproxy,4610,0.02,0.0,51396,51896
84.80010826499999,containerd,3652,0.84,0.0,88636,87445
84.80010826499999,flanneld,5203,0.09,0.0,47768,47784
84.80010826499999,coredns,4870,0.11,0.0,64176,40536
84.80010826499999,coredns,4880,0.1,0.9909228032718123,65632,41980
85.809187034,nodestore,4231,1.35,0.0,60952,61344
85.809187034,nodeapiserver,4238,2.33,1.9820058269405278,361196,361424
85.809187034,nodescheduler,4245,0.49,0.0,63424,63608
85.809187034,nodecontroller,4252,0.77,0.0,132636,132952
85.809187034,nodelet,4375,1.79,1.9820058269405278,99316,97214
85.809187034,nodeproxy,4610,0.02,0.0,51396,51896
85.809187034,containerd,3652,0.86,1.9820058269405278,88636,87445
85.809187034,flanneld,5203,0.09,0.0,47768,47784
85.809187034,coredns,4870,0.11,0.0,64176,40536
85.809187034,coredns,4880,0.1,0.0,65632,41980
86.81876040799999,nodestore,4231,1.37,1.9810348128297914,60952,61344
86.81876040799999,nodeapiserver,4238,2.35,1.9810348128297914,361196,361440
86.81876040799999,nodescheduler,4245,0.5,0.9905174064148957,63424,63612
86.81876040799999,nodecontroller,4252,0.78,0.9905174064148957,132636,132952
86.81876040799999,nodelet,4375,1.81,1.9810348128297914,99316,97214
86.81876040799999,nodeproxy,4610,0.02,0.0,51396,51896
86.81876040799999,containerd,3652,0.86,0.0,88636,87449
86.81876040799999,flanneld,5203,0.09,0.0,47768,47784
86.81876040799999,coredns,4870,0.11,0.0,64176,40540
86.81876040799999,coredns,4880,0.1,0.0,65632,41980
87.82784281,nodestore,4231,1.38,0.9909993455618521,60952,61364
87.82784281,nodeapiserver,4238,2.38,2.9729980366855564,361196,361476
87.82784281,nodescheduler,4245,0.5,0.0,63424,63612
87.82784281,nodecontroller,4252,0.79,0.9909993455618521,132636,132952
87.82784281,nodelet,4375,1.82,0.9909993455618521,99316,97218
87.82784281,nodeproxy,4610,0.02,0.0,51396,51896
87.82784281,containerd,3652,0.87,0.9909993455618521,88636,87449
87.82784281,flanneld,5203,0.1,0.9909993455618521,47768,47784
87.82784281,coredns,4870,0.12,0.9909993455618521,64176,40540
87.82784281,coredns,4880,0.1,0.0,65632,41988
88.836985571,nodestore,4231,1.39,0.9909400717585957,60952,61376
88.836985571,nodeapiserver,4238,2.41,2.972820215275787,361196,361492
88.836985571,nodescheduler,4245,0.51,0.9909400717585957,63424,63616
88.836985571,nodecontroller,4252,0.79,0.0,132636,132952
88.836985571,nodelet,4375,1.84,1.9818801435171913,99316,97218
88.836985571,nodeproxy,4610,0.02,0.0,51396,51896
88.836985571,containerd,3652,0.87,0.0,88636,87457
88.836985571,flanneld,5203,0.1,0.0,47768,47784
88.836985571,coredns,4870,0.12,0.0,64176,40540
88.836985571,coredns,4880,0.1,0.0,65632,41988
89.84623147499998,nodestore,4231,1.41,1.981677599159258,60952,61380
89.84623147499998,nodeapiserver,4238,2.43,1.981677599159258,361196,361500
89.84623147499998,nodescheduler,4245,0.51,0.0,63424,63616
89.84623147499998,nodecontroller,4252,0.8,0.990838799579629,132636,132952
89.84623147499998,nodelet,4375,1.88,3.963355198318516,99316,97226
89.84623147499998,nodeproxy,4610,0.02,0.0,51396,51896
89.84623147499998,containerd,3652,0.89,1.981677599159258,88636,87465
89.84623147499998,flanneld,5203,0.1,0.0,47768,47784
89.84623147499998,coredns,4870,0.12,0.0,64176,40540
89.84623147499998,coredns,4880,0.1,0.0,65632,41988
90.855517592,nodestore,4231,1.43,1.9815986431526114,60952,61380
90.855517592,nodeapiserver,4238,2.45,1.9815986431526114,361196,361508
90.855517592,nodescheduler,4245,0.52,0.9907993215763057,63424,63616
90.855517592,nodecontroller,4252,0.81,0.9907993215763057,132636,132952
90.855517592,nodelet,4375,1.91,2.972397964728917,99316,97226
90.855517592,nodeproxy,4610,0.02,0.0,51396,51896
90.855517592,containerd,3652,0.91,1.9815986431526114,88636,87465
90.855517592,flanneld,5203,0.1,0.0,47768,47784
90.855517592,coredns,4870,0.12,0.0,64176,40540
90.855517592,coredns,4880,0.1,0.0,65632,41988
91.864910153,nodestore,4231,1.44,0.9906948382988939,60952,61380
91.864910153,nodeapiserver,4238,2.48,2.972084514896682,361196,361516
91.864910153,nodescheduler,4245,0.53,0.9906948382988939,63424,63616
91.864910153,nodecontroller,4252,0.83,1.9813896765977879,132636,132952
91.864910153,nodelet,4375,1.93,1.9813896765977879,99316,97230
91.864910153,nodeproxy,4610,0.02,0.0,51396,51896
91.864910153,containerd,3652,0.91,0.0,90684,89473
91.864910153,flanneld,5203,0.1,0.0,47768,47784
91.864910153,coredns,4870,0.12,0.0,64176,40540
91.864910153,coredns,4880,0.1,0.0,65632,41988
92.87413778399998,nodestore,4231,1.46,1.9817134792656355,60952,61380
92.87413778399998,nodeapiserver,4238,2.5,1.9817134792656355,361196,361532
92.87413778399998,nodescheduler,4245,0.54,0.9908567396328177,63424,63616
92.87413778399998,nodecontroller,4252,0.83,0.0,132636,132952
92.87413778399998,nodelet,4375,1.93,0.0,99316,97230
92.87413778399998,nodeproxy,4610,0.02,0.0,51396,51896
92.87413778399998,containerd,3652,0.92,0.9908567396328177,90684,89473
92.87413778399998,flanneld,5203,0.1,0.0,47768,47784
92.87413778399998,coredns,4870,0.12,0.0,64176,40540
92.87413778399998,coredns,4880,0.1,0.0,65632,41988
93.88341029599998,nodestore,4231,1.48,1.981625355115199,60952,61380
93.88341029599998,nodeapiserver,4238,2.53,2.9724380326727986,361196,361544
93.88341029599998,nodescheduler,4245,0.55,0.9908126775575995,63424,63616
93.88341029599998,nodecontroller,4252,0.84,0.9908126775575995,132636,132952
93.88341029599998,nodelet,4375,1.96,2.9724380326727986,99316,97238
93.88341029599998,nodeproxy,4610,0.02,0.0,51396,51896
93.88341029599998,containerd,3652,0.93,0.9908126775575995,90684,89473
93.88341029599998,flanneld,5203,0.1,0.0,47768,47784
93.88341029599998,coredns,4870,0.12,0.0,64176,40540
93.88341029599998,coredns,4880,0.1,0.0,65632,41988
94.89265579399999,nodestore,4231,1.48,0.0,60952,61384
94.89265579399999,nodeapiserver,4238,2.56,2.972517594524818,361196,361548
94.89265579399999,nodescheduler,4245,0.55,0.0,63424,63616
94.89265579399999,nodecontroller,4252,0.85,0.9908391981749394,132636,132952
94.89265579399999,nodelet,4375,1.97,0.9908391981749394,99316,97246
94.89265579399999,nodeproxy,4610,0.02,0.0,51396,51896
94.89265579399999,containerd,3652,0.93,0.0,90684,89473
94.89265579399999,flanneld,5203,0.1,0.0,47768,47784
94.89265579399999,coredns,4870,0.12,0.0,64176,40540
94.89265579399999,coredns,4880,0.1,0.0,65632,41988
95.901991846,nodestore,4231,1.5,1.98150060729227,60952,61384
95.901991846,nodeapiserver,4238,2.69,12.879753947399754,361576,361492
95.901991846,nodescheduler,4245,0.56,0.990750303646135,63424,63616
95.901991846,nodecontroller,4252,0.85,0.0,132636,132952
95.901991846,nodelet,4375,1.98,0.990750303646135,99316,97246
95.901991846,nodeproxy,4610,0.02,0.0,51396,51896
95.901991846,containerd,3652,0.95,1.98150060729227,90684,89473
95.901991846,flanneld,5203,0.1,0.0,47768,47784
95.901991846,coredns,4870,0.12,0.0,64176,40540
95.901991846,coredns,4880,0.11,0.990750303646135,65632,41992
96.91110509099998,nodestore,4231,1.51,0.9909690562034188,60952,61384
96.91110509099998,nodeapiserver,4238,2.71,1.9819381124068376,361576,361396
96.91110509099998,nodescheduler,4245,0.56,0.0,63424,63616
96.91110509099998,nodecontroller,4252,0.86,0.9909690562034188,132636,132952
96.91110509099998,nodelet,4375,1.99,0.9909690562034188,99316,97246
96.91110509099998,nodeproxy,4610,0.02,0.0,51396,51896
96.91110509099998,containerd,3652,0.95,0.0,90684,89477
96.91110509099998,flanneld,5203,0.1,0.0,47768,47784
96.91110509099998,coredns,4870,0.12,0.0,64176,40540
96.91110509099998,coredns,4880,0.11,0.0,65632,41992
97.92037974399999,nodestore,4231,1.53,1.9816211514428956,60952,61384
97.92037974399999,nodeapiserver,4238,2.74,2.9724317271643432,361576,361396
97.92037974399999,nodescheduler,4245,0.57,0.9908105757214478,63424,63616
97.92037974399999,nodecontroller,4252,0.86,0.0,132636,132952
97.92037974399999,nodelet,4375,2.03,3.9632423028857913,99316,97250
97.92037974399999,nodeproxy,4610,0.02,0.0,51396,51896
97.92037974399999,containerd,3652,0.97,1.9816211514428956,90684,89477
97.92037974399999,flanneld,5203,0.11,0.9908105757214478,47768,47784
97.92037974399999,coredns,4870,0.12,0.0,64176,40540
97.92037974399999,coredns,4880,0.11,0.0,65632,41992
98.929747449,nodestore,4231,1.55,1.9814384689472178,60952,61388
98.929747449,nodeapiserver,4238,2.77,2.9721577034208266,361576,361400
98.929747449,nodescheduler,4245,0.57,0.0,63424,63616
98.929747449,nodecontroller,4252,0.87,0.9907192344736089,132636,132952
98.929747449,nodelet,4375,2.04,0.9907192344736089,99316,97254
98.929747449,nodeproxy,4610,0.02,0.0,51396,51896
98.929747449,containerd,3652,0.98,0.9907192344736089,90684,89477
98.929747449,flanneld,5203,0.11,0.0,47768,47784
98.929747449,coredns,4870,0.12,0.0,64176,40540
98.929747449,coredns,4880,0.12,0.9907192344736089,65632,41992
99.93905259999998,nodestore,4231,1.56,0.9907806365688722,60952,61388
99.93905259999998,nodeapiserver,4238,2.79,1.9815612731377443,361576,361400
99.93905259999998,nodescheduler,4245,0.58,0.9907806365688722,63424,63616
99.93905259999998,nodecontroller,4252,0.88,0.9907806365688722,132636,132952
99.93905259999998,nodelet,4375,2.08,3.9631225462754887,99316,97266
99.93905259999998,nodeproxy,4610,0.02,0.0,51396,51896
99.93905259999998,containerd,3652,0.99,0.9907806365688722,90684,89477
99.93905259999998,flanneld,5203,0.11,0.0,47768,47784
99.93905259999998,coredns,4870,0.12,0.0,64176,40540
99.93905259999998,coredns,4880,0.12,0.0,65632,41992
100.94832630499998,nodestore,4231,1.58,1.9816230127584702,60952,61388
100.94832630499998,nodeapiserver,4238,2.82,2.972434519137705,361576,361400
100.94832630499998,nodescheduler,4245,0.58,0.0,63424,63616
100.94832630499998,nodecontroller,4252,0.9,1.9816230127584702,132636,132952
100.94832630499998,nodelet,4375,2.11,2.972434519137705,99316,97274
100.94832630499998,nodeproxy,4610,0.02,0.0,51396,51896
100.94832630499998,containerd,3652,1.01,1.9816230127584702,90684,89477
100.94832630499998,flanneld,5203,0.11,0.0,47768,47784
100.94832630499998,coredns,4870,0.13,0.9908115063792351,64176,40540
100.94832630499998,coredns,4880,0.12,0.0,65632,41992
101.95760325899998,nodestore,4231,1.59,0.9908083168220241,61136,61456
101.95760325899998,nodeapiserver,4238,2.84,1.9816166336440482,361576,361404
101.95760325899998,nodescheduler,4245,0.59,0.9908083168220241,63424,63616
101.95760325899998,nodecontroller,4252,0.91,0.9908083168220241,132636,132952
101.95760325899998,nodelet,4375,2.12,0.9908083168220241,99316,97274
101.95760325899998,nodeproxy,4610,0.02,0.0,51396,51896
101.95760325899998,containerd,3652,1.01,0.0,90684,89477
101.95760325899998,flanneld,5203,0.11,0.0,47768,47784
101.95760325899998,coredns,4870,0.13,0.0,64176,40540
101.95760325899998,coredns,4880,0.12,0.0,65632,41992
102.96688155399998,nodestore,4231,1.61,1.981614000725139,61136,61456
102.96688155399998,nodeapiserver,4238,2.86,1.981614000725139,361576,361404
102.96688155399998,nodescheduler,4245,0.6,0.9908070003625695,63424,63624
102.96688155399998,nodecontroller,4252,0.91,0.0,132636,132952
102.96688155399998,nodelet,4375,2.14,1.981614000725139,99316,97278
102.96688155399998,nodeproxy,4610,0.02,0.0,51396,51896
102.96688155399998,containerd,3652,1.03,1.981614000725139,90684,89477
102.96688155399998,flanneld,5203,0.11,0.0,47768,47784
102.96688155399998,coredns,4870,0.13,0.0,64176,40540
102.96688155399998,coredns,4880,0.12,0.0,65632,41992
103.97611930699999,nodestore,4231,1.63,1.9816936039648771,61136,61456
103.97611930699999,nodeapiserver,4238,2.9,3.9633872079297543,361576,361404
103.97611930699999,nodescheduler,4245,0.6,0.0,63424,63624
103.97611930699999,nodecontroller,4252,0.92,0.9908468019824386,132636,132952
103.97611930699999,nodelet,4375,2.15,0.9908468019824386,99316,97278
103.97611930699999,nodeproxy,4610,0.02,0.0,51396,51896
103.97611930699999,containerd,3652,1.03,0.0,90684,89477
103.97611930699999,flanneld,5203,0.11,0.0,47768,47784
103.97611930699999,coredns,4870,0.14,0.9908468019824386,64176,40540
103.97611930699999,coredns,4880,0.12,0.0,65632,41992
104.98528909399998,nodestore,4231,1.64,0.9909135339581955,61136,61456
104.98528909399998,nodeapiserver,4238,2.93,2.9727406018745866,361576,361404
104.98528909399998,nodescheduler,4245,0.61,0.9909135339581955,63424,63628
104.98528909399998,nodecontroller,4252,0.92,0.0,132636,132952
104.98528909399998,nodelet,4375,2.18,2.9727406018745866,99316,97278
104.98528909399998,nodeproxy,4610,0.02,0.0,51396,51896
104.98528909399998,containerd,3652,1.03,0.0,90684,89477
104.98528909399998,flanneld,5203,0.11,0.0,47768,47784
104.98528909399998,coredns,4870,0.14,0.0,64176,40540
104.98528909399998,coredns,4880,0.12,0.0,65632,41992
105.994515875,nodestore,4231,1.65,0.9908575741610017,61136,61460
105.994515875,nodeapiserver,4238,2.96,2.972572722483005,361576,361404
105.994515875,nodescheduler,4245,0.61,0.0,63424,63628
105.994515875,nodecontroller,4252,0.93,0.9908575741610017,132636,132956
105.994515875,nodelet,4375,2.2,1.9817151483220035,99316,97278
105.994515875,nodeproxy,4610,0.02,0.0,51396,51896
105.994515875,containerd,3652,1.04,0.9908575741610017,90684,89477
105.994515875,flanneld,5203,0.11,0.0,47768,47784
105.994515875,coredns,4870,0.14,0.0,64176,40540
105.994515875,coredns,4880,0.12,0.0,65632,41992
107.00378450699999,nodestore,4231,1.67,1.9816329732122553,61136,61460
107.00378450699999,nodeapiserver,4238,2.98,1.9816329732122553,361576,361404
107.00378450699999,nodescheduler,4245,0.62,0.9908164866061276,63424,63628
107.00378450699999,nodecontroller,4252,0.94,0.9908164866061276,132636,132956
107.00378450699999,nodelet,4375,2.21,0.9908164866061276,99316,97286
107.00378450699999,nodeproxy,4610,0.02,0.0,51396,51896
107.00378450699999,containerd,3652,1.05,0.9908164866061276,90684,89477
107.00378450699999,flanneld,5203,0.11,0.0,47768,47784
107.00378450699999,coredns,4870,0.14,0.0,64176,40544
107.00378450699999,coredns,4880,0.12,0.0,65632,41992
108.013149127,nodestore,4231,1.68,0.9907222624862623,61136,61460
108.013149127,nodeapiserver,4238,3.0,1.9814445249725245,361576,361404
108.013149127,nodescheduler,4245,0.62,0.0,63424,63628
108.013149127,nodecontroller,4252,0.95,0.9907222624862623,132636,132956
108.013149127,nodelet,4375,2.23,1.9814445249725245,99316,97290
108.013149127,nodeproxy,4610,0.02,0.0,51396,51896
108.013149127,containerd,3652,1.06,0.9907222624862623,90684,89477
108.013149127,flanneld,5203,0.13,1.9814445249725245,47768,47784
108.013149127,coredns,4870,0.14,0.0,64176,40544
108.013149127,coredns,4880,0.12,0.0,65632,41996
109.022281364,nodestore,4231,1.7,1.9819008120736732,61264,61464
109.022281364,nodeapiserver,4238,3.03,2.97285121811051,361576,361404
109.022281364,nodescheduler,4245,0.63,0.9909504060368366,63424,63628
109.022281364,nodecontroller,4252,0.97,1.9819008120736732,132636,132956
109.022281364,nodelet,4375,2.25,1.9819008120736732,99316,97298
109.022281364,nodeproxy,4610,0.03,0.9909504060368366,51396,51896
109.022281364,containerd,3652,1.07,0.9909504060368366,90684,89477
109.022281364,flanneld,5203,0.13,0.0,47768,47784
109.022281364,coredns,4870,0.14,0.0,64176,40544
109.022281364,coredns,4880,0.12,0.0,65632,42004
110.031444778,nodestore,4231,1.72,1.9818395834155762,61264,61468
110.031444778,nodeapiserver,4238,3.06,2.9727593751233643,361576,361404
110.031444778,nodescheduler,4245,0.63,0.0,63424,63632
110.031444778,nodecontroller,4252,0.97,0.0,132636,132956
110.031444778,nodelet,4375,2.28,2.9727593751233643,99316,97302
110.031444778,nodeproxy,4610,0.03,0.0,51396,51896
110.031444778,containerd,3652,1.1,2.9727593751233643,90684,89601
110.031444778,flanneld,5203,0.13,0.0,47768,47784
110.031444778,coredns,4870,0.14,0.0,64176,40544
110.031444778,coredns,4880,0.12,0.0,65632,42004
111.04082253399999,nodestore,4231,1.73,0.9907093692680977,61264,61468
111.04082253399999,nodeapiserver,4238,3.09,2.972128107804293,361576,361404
111.04082253399999,nodescheduler,4245,0.64,0.9907093692680977,63424,63632
111.04082253399999,nodecontroller,4252,0.98,0.9907093692680977,132636,132956
111.04082253399999,nodelet,4375,2.33,4.953546846340489,99316,97306
111.04082253399999,nodeproxy,4610,0.03,0.0,51396,51896
111.04082253399999,containerd,3652,1.11,0.9907093692680977,90684,89601
111.04082253399999,flanneld,5203,0.13,0.0,47768,47784
111.04082253399999,coredns,4870,0.14,0.0,64176,40544
111.04082253399999,coredns,4880,0.12,0.0,65632,42004
112.05025582,nodestore,4231,1.74,0.9906548692906707,61264,61468
112.05025582,nodeapiserver,4238,3.11,1.9813097385813414,361576,361404
112.05025582,nodescheduler,4245,0.64,0.0,63424,63632
112.05025582,nodecontroller,4252,0.99,0.9906548692906707,132636,132956
112.05025582,nodelet,4375,2.34,0.9906548692906707,99316,97310
112.05025582,nodeproxy,4610,0.03,0.0,51396,51896
112.05025582,containerd,3652,1.12,0.9906548692906707,90684,89601
112.05025582,flanneld,5203,0.13,0.0,47768,47784
112.05025582,coredns,4870,0.14,0.0,64176,40548
112.05025582,coredns,4880,0.12,0.0,65632,42004
113.06005347399999,nodestore,4231,1.75,0.9902974086331338,61264,61472
113.06005347399999,nodeapiserver,4238,3.13,1.9805948172662675,361576,361404
113.06005347399999,nodescheduler,4245,0.65,0.9902974086331338,63424,63632
113.06005347399999,nodecontroller,4252,0.99,0.0,132636,132960
113.06005347399999,nodelet,4375,2.36,1.9805948172662675,99316,97310
113.06005347399999,nodeproxy,4610,0.03,0.0,51396,51896
113.06005347399999,containerd,3652,1.13,0.9902974086331338,90684,89601
113.06005347399999,flanneld,5203,0.13,0.0,47768,47784
113.06005347399999,coredns,4870,0.14,0.0,64176,40552
113.06005347399999,coredns,4880,0.13,0.9902974086331338,65632,42004
114.06969386499999,nodestore,4231,1.78,2.971354976229339,61264,61488
114.06969386499999,nodeapiserver,4238,3.16,2.971354976229339,361576,361408
114.06969386499999,nodescheduler,4245,0.65,0.0,63424,63632
114.06969386499999,nodecontroller,4252,1.0,0.9904516587431129,132636,132960
114.06969386499999,nodelet,4375,2.37,0.9904516587431129,99316,97310
114.06969386499999,nodeproxy,4610,0.03,0.0,51396,51896
114.06969386499999,containerd,3652,1.13,0.0,90684,89601
114.06969386499999,flanneld,5203,0.13,0.0,47768,47784
114.06969386499999,coredns,4870,0.15,0.9904516587431129,64176,40552
114.06969386499999,coredns,4880,0.13,0.0,65632,42004
115.079015735,nodestore,4231,1.79,0.9907642246967185,61264,61488
115.079015735,nodeapiserver,4238,3.19,2.9722926740901556,361576,361412
115.079015735,nodescheduler,4245,0.66,0.9907642246967185,63424,63632
115.079015735,nodecontroller,4252,1.01,0.9907642246967185,132636,132960
115.079015735,nodelet,4375,2.39,1.981528449393437,99316,97318
115.079015735,nodeproxy,4610,0.03,0.0,51396,51896
115.079015735,containerd,3652,1.14,0.9907642246967185,90684,89601
115.079015735,flanneld,5203,0.13,0.0,47768,47784
115.079015735,coredns,4870,0.15,0.0,64176,40552
115.079015735,coredns,4880,0.13,0.0,65632,42004
116.088348222,nodestore,4231,1.81,1.9815076060263683,61264,61488
116.088348222,nodeapiserver,4238,3.2,0.9907538030131842,361576,361412
116.088348222,nodescheduler,4245,0.67,0.9907538030131842,63424,63632
116.088348222,nodecontroller,4252,1.01,0.0,132636,132960
116.088348222,nodelet,4375,2.41,1.9815076060263683,99316,97322
116.088348222,nodeproxy,4610,0.03,0.0,51396,51896
116.088348222,containerd,3652,1.15,0.9907538030131842,90684,89601
116.088348222,flanneld,5203,0.13,0.0,47768,47784
116.088348222,coredns,4870,0.15,0.0,64176,40552
116.088348222,coredns,4880,0.13,0.0,65632,42004
117.09760345299999,nodestore,4231,1.82,0.9908296427744774,61264,61488
117.09760345299999,nodeapiserver,4238,3.24,3.9633185710979095,361576,361412
117.09760345299999,nodescheduler,4245,0.67,0.0,63424,63632
117.09760345299999,nodecontroller,4252,1.03,1.9816592855489548,132636,132960
117.09760345299999,nodelet,4375,2.42,0.9908296427744774,99316,97322
117.09760345299999,nodeproxy,4610,0.03,0.0,51396,51896
117.09760345299999,containerd,3652,1.16,0.9908296427744774,90684,89601
117.09760345299999,flanneld,5203,0.13,0.0,47768,47784
117.09760345299999,coredns,4870,0.15,0.0,64176,40552
117.09760345299999,coredns,4880,0.13,0.0,65632,42004
118.10707818599998,nodestore,4231,1.83,0.9906141949964086,61264,61492
118.10707818599998,nodeapiserver,4238,3.26,1.9812283899928171,361576,361416
118.10707818599998,nodescheduler,4245,0.68,0.9906141949964086,63424,63632
118.10707818599998,nodecontroller,4252,1.03,0.0,132636,132960
118.10707818599998,nodelet,4375,2.43,0.9906141949964086,99316,97322
118.10707818599998,nodeproxy,4610,0.03,0.0,51396,51896
118.10707818599998,containerd,3652,1.16,0.0,90684,89601
118.10707818599998,flanneld,5203,0.13,0.0,47768,47784
118.10707818599998,coredns,4870,0.15,0.0,64176,40552
118.10707818599998,coredns,4880,0.13,0.0,65632,42004
119.116198662,nodestore,4231,1.86,2.9728858658100776,61264,61496
119.116198662,nodeapiserver,4238,3.29,2.9728858658100776,361576,361416
119.116198662,nodescheduler,4245,0.68,0.0,63424,63636
119.116198662,nodecontroller,4252,1.04,0.9909619552700258,132636,132960
119.116198662,nodelet,4375,2.45,1.9819239105400517,99316,97322
119.116198662,nodeproxy,4610,0.03,0.0,51396,51896
119.116198662,containerd,3652,1.17,0.9909619552700258,90684,89601
119.116198662,flanneld,5203,0.13,0.0,47768,47784
119.116198662,coredns,4870,0.15,0.0,64176,40552
119.116198662,coredns,4880,0.13,0.0,65632,42004
120.12542128,nodestore,4231,1.86,0.0,61264,61496
120.12542128,nodeapiserver,4238,3.31,1.981723322812023,361576,361416
120.12542128,nodescheduler,4245,0.68,0.0,63424,63636
120.12542128,nodecontroller,4252,1.05,0.9908616614060115,132636,132960
120.12542128,nodelet,4375,2.49,3.963446645624046,99316,97322
120.12542128,nodeproxy,4610,0.03,0.0,51396,51896
120.12542128,containerd,3652,1.19,1.981723322812023,90684,89601
120.12542128,flanneld,5203,0.13,0.0,47768,47784
120.12542128,coredns,4870,0.16,0.9908616614060115,64176,40552
120.12542128,coredns,4880,0.14,0.9908616614060115,65632,42072
121.134833266,nodestore,4231,1.88,1.9813515469787508,61264,61496
121.134833266,nodeapiserver,4238,3.33,1.9813515469787508,361576,361420
121.134833266,nodescheduler,4245,0.69,0.9906757734893754,63424,63636
121.134833266,nodecontroller,4252,1.05,0.0,132636,132960
121.134833266,nodelet,4375,2.53,3.9627030939575016,99316,97326
121.134833266,nodeproxy,4610,0.03,0.0,51396,51896
121.134833266,containerd,3652,1.2,0.9906757734893754,90684,89601
121.134833266,flanneld,5203,0.13,0.0,47768,47784
121.134833266,coredns,4870,0.16,0.0,64176,40552
121.134833266,coredns,4880,0.14,0.0,65632,42072
122.144504354,nodestore,4231,1.9,1.9808430921416964,61264,61500
122.144504354,nodeapiserver,4238,3.36,2.9712646382125447,361576,361420
122.144504354,nodescheduler,4245,0.69,0.0,63424,63636
122.144504354,nodecontroller,4252,1.07,1.9808430921416964,132636,132960
122.144504354,nodelet,4375,2.55,1.9808430921416964,99316,97326
122.144504354,nodeproxy,4610,0.03,0.0,51396,51896
122.144504354,containerd,3652,1.21,0.9904215460708482,90684,89601
122.144504354,flanneld,5203,0.13,0.0,47768,47784
122.144504354,coredns,4870,0.16,0.0,66308,42604
122.144504354,coredns,4880,0.14,0.0,65632,42072
123.15388137699999,nodestore,4231,1.91,0.9907100887118322,61264,61500
123.15388137699999,nodeapiserver,4238,3.38,1.9814201774236644,361576,361420
123.15388137699999,nodescheduler,4245,0.71,1.9814201774236644,63424,63636
123.15388137699999,nodecontroller,4252,1.08,0.9907100887118322,132636,132960
123.15388137699999,nodelet,4375,2.56,0.9907100887118322,99316,97330
123.15388137699999,nodeproxy,4610,0.03,0.0,51396,51896
123.15388137699999,containerd,3652,1.21,0.0,90684,89601
123.15388137699999,flanneld,5203,0.14,0.9907100887118322,47768,47784
123.15388137699999,coredns,4870,0.16,0.0,66308,42612
123.15388137699999,coredns,4880,0.14,0.0,65632,42072
124.16321813199998,nodestore,4231,1.92,0.9907496135915583,61264,61500
124.16321813199998,nodeapiserver,4238,3.41,2.972248840774675,361576,361420
124.16321813199998,nodescheduler,4245,0.71,0.0,63424,63636
124.16321813199998,nodecontroller,4252,1.08,0.0,132636,132960
124.16321813199998,nodelet,4375,2.58,1.9814992271831167,99316,97334
124.16321813199998,nodeproxy,4610,0.03,0.0,51396,51896
124.16321813199998,containerd,3652,1.23,1.9814992271831167,90684,89601
124.16321813199998,flanneld,5203,0.14,0.0,47768,47784
124.16321813199998,coredns,4870,0.16,0.0,66308,42612
124.16321813199998,coredns,4880,0.15,0.9907496135915583,65632,42076
125.172497667,nodestore,4231,1.94,1.9816115661157865,61264,61500
125.172497667,nodeapiserver,4238,3.44,2.97241734917368,361576,361420
125.172497667,nodescheduler,4245,0.72,0.9908057830578932,63424,63636
125.172497667,nodecontroller,4252,1.09,0.9908057830578932,132636,132960
125.172497667,nodelet,4375,2.59,0.9908057830578932,99316,97334
125.172497667,nodeproxy,4610,0.03,0.0,51396,51896
125.172497667,containerd,3652,1.23,0.0,90684,89601
125.172497667,flanneld,5203,0.14,0.0,47768,47784
125.172497667,coredns,4870,0.16,0.0,66308,42612
125.172497667,coredns,4880,0.15,0.0,65632,42076
126.18157318699998,nodestore,4231,1.95,0.9910061042804982,61264,61504
126.18157318699998,nodeapiserver,4238,3.45,0.9910061042804982,361576,361420
126.18157318699998,nodescheduler,4245,0.72,0.0,63424,63636
126.18157318699998,nodecontroller,4252,1.09,0.0,132636,132960
126.18157318699998,nodelet,4375,2.6,0.9910061042804982,99316,97334
126.18157318699998,nodeproxy,4610,0.03,0.0,51396,51896
126.18157318699998,containerd,3652,1.25,1.9820122085609964,90684,89601
126.18157318699998,flanneld,5203,0.14,0.0,47768,47784
126.18157318699998,coredns,4870,0.16,0.0,66308,42612
126.18157318699998,coredns,4880,0.15,0.0,65632,42076
127.191003324,nodestore,4231,1.97,1.9813159194393866,61264,61508
127.191003324,nodeapiserver,4238,3.49,3.962631838878773,361576,361420
127.191003324,nodescheduler,4245,0.73,0.9906579597196933,63424,63636
127.191003324,nodecontroller,4252,1.1,0.9906579597196933,132636,132960
127.191003324,nodelet,4375,2.62,1.9813159194393866,99316,97338
127.191003324,nodeproxy,4610,0.03,0.0,51396,51896
127.191003324,containerd,3652,1.25,0.0,90684,89605
127.191003324,flanneld,5203,0.14,0.0,47768,47784
127.191003324,coredns,4870,0.16,0.0,66308,42612
127.191003324,coredns,4880,0.15,0.0,65632,42076
128.20052472999998,nodestore,4231,1.99,1.981136792259352,61264,61508
128.20052472999998,nodeapiserver,4238,3.52,2.971705188389028,361576,361420
128.20052472999998,nodescheduler,4245,0.73,0.0,63424,63636
128.20052472999998,nodecontroller,4252,1.12,1.981136792259352,132636,132960
128.20052472999998,nodelet,4375,2.66,3.962273584518704,99316,97346
128.20052472999998,nodeproxy,4610,0.03,0.0,51396,51896
128.20052472999998,containerd,3652,1.26,0.990568396129676,90684,89605
128.20052472999998,flanneld,5203,0.14,0.0,47768,47784
128.20052472999998,coredns,4870,0.16,0.0,66308,42612
128.20052472999998,coredns,4880,0.15,0.0,65632,42076
129.20991527500001,nodestore,4231,2.0,0.9906968169589876,61264,61508
129.20991527500001,nodeapiserver,4238,3.55,2.972090450876963,361576,361420
129.20991527500001,nodescheduler,4245,0.74,0.9906968169589876,63424,63636
129.20991527500001,nodecontroller,4252,1.13,0.9906968169589876,132636,132960
129.20991527500001,nodelet,4375,2.67,0.9906968169589876,99316,97346
129.20991527500001,nodeproxy,4610,0.03,0.0,51396,51896
129.20991527500001,containerd,3652,1.27,0.9906968169589876,90684,89613
129.20991527500001,flanneld,5203,0.14,0.0,47768,47784
129.20991527500001,coredns,4870,0.16,0.0,66308,42612
129.20991527500001,coredns,4880,0.15,0.0,65632,42076
130.21916725799997,nodestore,4231,2.02,1.981665662974507,61264,61516
130.21916725799997,nodeapiserver,4238,3.59,3.963331325949014,361576,361420
130.21916725799997,nodescheduler,4245,0.74,0.0,63424,63636
130.21916725799997,nodecontroller,4252,1.13,0.0,132636,132960
130.21916725799997,nodelet,4375,2.7,2.9724984944617603,99316,97346
130.21916725799997,nodeproxy,4610,0.03,0.0,51396,51896
130.21916725799997,containerd,3652,1.29,1.981665662974507,90684,89613
130.21916725799997,flanneld,5203,0.14,0.0,47768,47784
130.21916725799997,coredns,4870,0.16,0.0,66308,42612
130.21916725799997,coredns,4880,0.15,0.0,65632,42076
131.22843017499997,nodestore,4231,2.03,0.9908220971523113,61264,61516
131.22843017499997,nodeapiserver,4238,3.61,1.9816441943046226,361576,361420
131.22843017499997,nodescheduler,4245,0.75,0.9908220971523113,63424,63636
131.22843017499997,nodecontroller,4252,1.14,0.9908220971523113,132636,132960
131.22843017499997,nodelet,4375,2.74,3.963288388609245,99316,97346
131.22843017499997,nodeproxy,4610,0.03,0.0,51396,51896
131.22843017499997,containerd,3652,1.31,1.9816441943046226,90684,89613
131.22843017499997,flanneld,5203,0.14,0.0,47768,47784
131.22843017499997,coredns,4870,0.16,0.0,66308,42612
131.22843017499997,coredns,4880,0.15,0.0,65632,42076
132.23760158,nodestore,4231,2.05,1.9818238904618635,61264,61516
132.23760158,nodeapiserver,4238,3.64,2.972735835692795,361576,361420
132.23760158,nodescheduler,4245,0.75,0.0,63424,63636
132.23760158,nodecontroller,4252,1.14,0.0,132636,132960
132.23760158,nodelet,4375,2.76,1.9818238904618635,99316,97346
132.23760158,nodeproxy,4610,0.03,0.0,51396,51896
132.23760158,containerd,3652,1.31,0.0,90684,89613
132.23760158,flanneld,5203,0.14,0.0,47768,47784
132.23760158,coredns,4870,0.17,0.9909119452309317,66308,42612
132.23760158,coredns,4880,0.15,0.0,65632,42076
133.247382055,nodestore,4231,2.06,0.9903142561753202,61264,61516
133.247382055,nodeapiserver,4238,3.66,1.9806285123506404,361576,361420
133.247382055,nodescheduler,4245,0.76,0.9903142561753202,63424,63636
133.247382055,nodecontroller,4252,1.15,0.9903142561753202,132636,132960
133.247382055,nodelet,4375,2.77,0.9903142561753202,99316,97346
133.247382055,nodeproxy,4610,0.03,0.0,51396,51896
133.247382055,containerd,3652,1.32,0.9903142561753202,90684,89613
133.247382055,flanneld,5203,0.15,0.9903142561753202,47768,47788
133.247382055,coredns,4870,0.17,0.0,66308,42612
133.247382055,coredns,4880,0.15,0.0,65632,42076
134.25654397199997,nodestore,4231,2.07,0.9909212616472803,61264,61520
134.25654397199997,nodeapiserver,4238,3.69,2.972763784941841,361576,361420
134.25654397199997,nodescheduler,4245,0.77,0.9909212616472803,63424,63636
134.25654397199997,nodecontroller,4252,1.17,1.9818425232945607,132636,132960
134.25654397199997,nodelet,4375,2.81,3.9636850465891214,99316,97350
134.25654397199997,nodeproxy,4610,0.03,0.0,51396,51896
134.25654397199997,containerd,3652,1.33,0.9909212616472803,90684,89613
134.25654397199997,flanneld,5203,0.15,0.0,47768,47788
134.25654397199997,coredns,4870,0.17,0.0,66308,42612
134.25654397199997,coredns,4880,0.15,0.0,65632,42076
135.26662451799996,nodestore,4231,2.09,1.9800401145435318,61264,61520
135.26662451799996,nodeapiserver,4238,3.72,2.9700601718152977,361576,361420
135.26662451799996,nodescheduler,4245,0.77,0.0,63424,63636
135.26662451799996,nodecontroller,4252,1.18,0.9900200572717659,132636,132976
135.26662451799996,nodelet,4375,2.82,0.9900200572717659,99316,97350
135.26662451799996,nodeproxy,4610,0.03,0.0,51396,51896
135.26662451799996,containerd,3652,1.33,0.0,90684,89613
135.26662451799996,flanneld,5203,0.15,0.0,47768,47788
135.26662451799996,coredns,4870,0.17,0.0,66308,42616
135.26662451799996,coredns,4880,0.15,0.0,65632,42076
136.279014904,nodestore,4231,2.1,0.987761256752937,61264,61520
136.279014904,nodeapiserver,4238,3.74,1.975522513505874,361576,361420
136.279014904,nodescheduler,4245,0.79,1.975522513505874,63424,63636
136.279014904,nodecontroller,4252,1.2,1.975522513505874,132636,132976
136.279014904,nodelet,4375,2.83,0.987761256752937,99316,97350
136.279014904,nodeproxy,4610,0.03,0.0,51396,51896
136.279014904,containerd,3652,1.35,1.975522513505874,90684,89613
136.279014904,flanneld,5203,0.15,0.0,47768,47788
136.279014904,coredns,4870,0.17,0.0,66308,42616
136.279014904,coredns,4880,0.15,0.0,65632,42076
137.288756413,nodestore,4231,2.12,1.980704944952441,61264,61520
137.288756413,nodeapiserver,4238,3.77,2.9710574174286615,361576,361420
137.288756413,nodescheduler,4245,0.79,0.0,63424,63636
137.288756413,nodecontroller,4252,1.21,0.9903524724762205,132636,132976
137.288756413,nodelet,4375,2.85,1.980704944952441,99316,97350
137.288756413,nodeproxy,4610,0.03,0.0,51396,51896
137.288756413,containerd,3652,1.35,0.0,90684,89613
137.288756413,flanneld,5203,0.15,0.0,47768,47788
137.288756413,coredns,4870,0.17,0.0,66308,42620
137.288756413,coredns,4880,0.17,1.980704944952441,65632,42076
138.298537319,nodestore,4231,2.14,1.9806276669683769,61264,61524
138.298537319,nodeapiserver,4238,3.81,3.9612553339367538,361576,361420
138.298537319,nodescheduler,4245,0.8,0.9903138334841884,63424,63636
138.298537319,nodecontroller,4252,1.22,0.9903138334841884,132636,132976
138.298537319,nodelet,4375,2.86,0.9903138334841884,99316,97350
138.298537319,nodeproxy,4610,0.03,0.0,51396,51896
138.298537319,containerd,3652,1.36,0.9903138334841884,90684,89613
138.298537319,flanneld,5203,0.16,0.9903138334841884,47328,47276
138.298537319,coredns,4870,0.18,0.9903138334841884,66308,42628
138.298537319,coredns,4880,0.17,0.0,65632,42076
139.30798023,nodestore,4231,2.16,1.9812908468678962,61264,61524
139.30798023,nodeapiserver,4238,3.84,2.9719362703018444,361576,361420
139.30798023,nodescheduler,4245,0.8,0.0,63424,63636
139.30798023,nodecontroller,4252,1.24,1.9812908468678962,132636,132976
139.30798023,nodelet,4375,2.88,1.9812908468678962,99316,97354
139.30798023,nodeproxy,4610,0.03,0.0,51396,51896
139.30798023,containerd,3652,1.37,0.9906454234339481,90684,89613
139.30798023,flanneld,5203,0.16,0.0,47328,47276
139.30798023,coredns,4870,0.18,0.0,66308,42628
139.30798023,coredns,4880,0.17,0.0,65632,42076
140.31776530399998,nodestore,4231,2.17,0.9903097458539195,61264,61524
140.31776530399998,nodeapiserver,4238,3.86,1.980619491707839,361576,361420
140.31776530399998,nodescheduler,4245,0.8,0.0,63424,63640
140.31776530399998,nodecontroller,4252,1.25,0.9903097458539195,132636,132976
140.31776530399998,nodelet,4375,2.92,3.961238983415678,99316,97358
140.31776530399998,nodeproxy,4610,0.03,0.0,51396,51896
140.31776530399998,containerd,3652,1.41,3.961238983415678,90684,89613
140.31776530399998,flanneld,5203,0.16,0.0,47328,47276
140.31776530399998,coredns,4870,0.18,0.0,66308,42636
140.31776530399998,coredns,4880,0.17,0.0,65632,42076
141.32965656299996,nodestore,4231,2.19,1.9764969627038134,61264,61524
141.32965656299996,nodeapiserver,4238,3.89,2.96474544405572,361576,361420
141.32965656299996,nodescheduler,4245,0.81,0.9882484813519067,63424,63640
141.32965656299996,nodecontroller,4252,1.25,0.0,132636,132976
141.32965656299996,nodelet,4375,2.95,2.96474544405572,99444,97362
141.32965656299996,nodeproxy,4610,0.03,0.0,51396,51896
141.32965656299996,containerd,3652,1.41,0.0,90684,89613
141.32965656299996,flanneld,5203,0.16,0.0,47328,47276
141.32965656299996,coredns,4870,0.18,0.0,66308,42636
141.32965656299996,coredns,4880,0.17,0.0,65632,42076
142.33906638599996,nodestore,4231,2.21,1.9813557926907581,61264,61528
142.33906638599996,nodeapiserver,4238,3.92,2.972033689036137,361576,361420
142.33906638599996,nodescheduler,4245,0.81,0.0,63424,63640
142.33906638599996,nodecontroller,4252,1.26,0.9906778963453791,132636,132976
142.33906638599996,nodelet,4375,2.98,2.972033689036137,101588,99418
142.33906638599996,nodeproxy,4610,0.03,0.0,51396,51896
142.33906638599996,containerd,3652,1.42,0.9906778963453791,90684,89613
142.33906638599996,flanneld,5203,0.16,0.0,47328,47276
142.33906638599996,coredns,4870,0.18,0.0,66308,42636
142.33906638599996,coredns,4880,0.17,0.0,65632,42076
143.348535019,nodestore,4231,2.22,0.9906201810630806,61264,61528
143.348535019,nodeapiserver,4238,3.94,1.9812403621261612,361576,361420
143.348535019,nodescheduler,4245,0.83,1.9812403621261612,63424,63640
143.348535019,nodecontroller,4252,1.26,0.0,132636,132976
143.348535019,nodelet,4375,2.99,0.9906201810630806,101588,99418
143.348535019,nodeproxy,4610,0.03,0.0,51396,51896
143.348535019,containerd,3652,1.42,0.0,90684,89613
143.348535019,flanneld,5203,0.16,0.0,47328,47280
143.348535019,coredns,4870,0.18,0.0,66308,42644
143.348535019,coredns,4880,0.17,0.0,65632,42076
144.35776229799995,nodestore,4231,2.24,1.981714170451077,61264,61532
144.35776229799995,nodeapiserver,4238,3.97,2.9725712556766153,361576,361420
144.35776229799995,nodescheduler,4245,0.83,0.0,63424,63640
144.35776229799995,nodecontroller,4252,1.27,0.9908570852255385,132636,132976
144.35776229799995,nodelet,4375,3.02,2.9725712556766153,101588,99430
144.35776229799995,nodeproxy,4610,0.03,0.0,51396,51896
144.35776229799995,containerd,3652,1.43,0.9908570852255385,90684,89613
144.35776229799995,flanneld,5203,0.16,0.0,47328,47280
144.35776229799995,coredns,4870,0.18,0.0,66308,42644
144.35776229799995,coredns,4880,0.17,0.0,65632,42076
145.36710558,nodestore,4231,2.25,0.9907432068289811,61264,61532
145.36710558,nodeapiserver,4238,4.0,2.9722296204869436,361576,361420
145.36710558,nodescheduler,4245,0.84,0.9907432068289811,63424,63640
145.36710558,nodecontroller,4252,1.28,0.9907432068289811,132636,132976
145.36710558,nodelet,4375,3.03,0.9907432068289811,101588,99430
145.36710558,nodeproxy,4610,0.03,0.0,51396,51896
145.36710558,containerd,3652,1.44,0.9907432068289811,90684,89617
145.36710558,flanneld,5203,0.16,0.0,47328,47280
145.36710558,coredns,4870,0.18,0.0,66308,42644
145.36710558,coredns,4880,0.17,0.0,65632,42076
146.376566358,nodestore,4231,2.27,1.981255778914464,61264,61536
146.376566358,nodeapiserver,4238,4.02,1.981255778914464,361576,361420
146.376566358,nodescheduler,4245,0.84,0.0,63424,63640
146.376566358,nodecontroller,4252,1.29,0.990627889457232,132636,132976
146.376566358,nodelet,4375,3.05,1.981255778914464,101588,99434
146.376566358,nodeproxy,4610,0.03,0.0,51396,51896
146.376566358,containerd,3652,1.45,0.990627889457232,90684,89617
146.376566358,flanneld,5203,0.16,0.0,47328,47280
146.376566358,coredns,4870,0.18,0.0,66308,42644
146.376566358,coredns,4880,0.17,0.0,65632,42076
147.38672228299998,nodestore,4231,2.28,0.9899461808334269,61264,61536
147.38672228299998,nodeapiserver,4238,4.04,1.9798923616668538,361576,361420
147.38672228299998,nodescheduler,4245,0.85,0.9899461808334269,63424,63640
147.38672228299998,nodecontroller,4252,1.3,0.9899461808334269,132636,132976
147.38672228299998,nodelet,4375,3.06,0.9899461808334269,101588,99434
147.38672228299998,nodeproxy,4610,0.03,0.0,51396,51896
147.38672228299998,containerd,3652,1.45,0.0,90684,89617
147.38672228299998,flanneld,5203,0.16,0.0,47328,47280
147.38672228299998,coredns,4870,0.19,0.9899461808334269,66308,42644
147.38672228299998,coredns,4880,0.17,0.0,65632,42076
148.39619307699996,nodestore,4231,2.29,0.9906180604171289,61264,61536
148.39619307699996,nodeapiserver,4238,4.07,2.971854181251387,361576,361420
148.39619307699996,nodescheduler,4245,0.85,0.0,63424,63640
148.39619307699996,nodecontroller,4252,1.31,0.9906180604171289,132636,132976
148.39619307699996,nodelet,4375,3.08,1.9812361208342577,101588,99434
148.39619307699996,nodeproxy,4610,0.03,0.0,51396,51896
148.39619307699996,containerd,3652,1.46,0.9906180604171289,90684,89617
148.39619307699996,flanneld,5203,0.16,0.0,47328,47280
148.39619307699996,coredns,4870,0.19,0.0,66308,42646
148.39619307699996,coredns,4880,0.17,0.0,65632,42078
149.40525005299997,nodestore,4231,2.31,1.9820486330991667,61264,61536
149.40525005299997,nodeapiserver,4238,4.09,1.9820486330991667,361576,361420
149.40525005299997,nodescheduler,4245,0.86,0.9910243165495833,63424,63640
149.40525005299997,nodecontroller,4252,1.31,0.0,132636,132976
149.40525005299997,nodelet,4375,3.1,1.9820486330991667,101588,99438
149.40525005299997,nodeproxy,4610,0.03,0.0,51396,51896
149.40525005299997,containerd,3652,1.48,1.9820486330991667,90684,89617
149.40525005299997,flanneld,5203,0.16,0.0,47328,47280
149.40525005299997,coredns,4870,0.19,0.0,66308,42646
149.40525005299997,coredns,4880,0.17,0.0,65632,42078
150.41442651699998,nodestore,4231,2.33,1.9818139555818923,61264,61540
150.41442651699998,nodeapiserver,4238,4.12,2.9727209333728384,361576,361420
150.41442651699998,nodescheduler,4245,0.86,0.0,63424,63640
150.41442651699998,nodecontroller,4252,1.32,0.9909069777909462,132636,132976
150.41442651699998,nodelet,4375,3.16,5.945441866745677,101588,99446
150.41442651699998,nodeproxy,4610,0.03,0.0,51396,51896
150.41442651699998,containerd,3652,1.5,1.9818139555818923,90684,89621
150.41442651699998,flanneld,5203,0.16,0.0,47328,47280
150.41442651699998,coredns,4870,0.19,0.0,66308,42654
150.41442651699998,coredns,4880,0.17,0.0,65632,42078
151.42388581199998,nodestore,4231,2.34,0.990629344791957,61264,61540
151.42388581199998,nodeapiserver,4238,4.15,2.971888034375871,361576,361420
151.42388581199998,nodescheduler,4245,0.87,0.990629344791957,65548,65692
151.42388581199998,nodecontroller,4252,1.33,0.990629344791957,132636,132976
151.42388581199998,nodelet,4375,3.17,0.990629344791957,101588,99446
151.42388581199998,nodeproxy,4610,0.03,0.0,51396,51896
151.42388581199998,containerd,3652,1.5,0.0,90684,89621
151.42388581199998,flanneld,5203,0.16,0.0,47328,47280
151.42388581199998,coredns,4870,0.19,0.0,66308,42654
151.42388581199998,coredns,4880,0.18,0.990629344791957,65632,42078
152.433022032,nodestore,4231,2.36,1.9818929896302482,61264,61540
152.433022032,nodeapiserver,4238,4.18,2.9728394844453723,361576,361420
152.433022032,nodescheduler,4245,0.87,0.0,65548,65692
152.433022032,nodecontroller,4252,1.33,0.0,132636,132976
152.433022032,nodelet,4375,3.18,0.9909464948151241,101588,99450
152.433022032,nodeproxy,4610,0.03,0.0,51396,51896
152.433022032,containerd,3652,1.51,0.9909464948151241,90684,89621
152.433022032,flanneld,5203,0.17,0.9909464948151241,47328,47280
152.433022032,coredns,4870,0.2,0.9909464948151241,66308,42714
152.433022032,coredns,4880,0.18,0.0,65632,42078
153.442285729,nodestore,4231,2.37,0.9908213314047355,61264,61540
153.442285729,nodeapiserver,4238,4.19,0.9908213314047355,361576,361420
153.442285729,nodescheduler,4245,0.88,0.9908213314047355,65548,65692
153.442285729,nodecontroller,4252,1.34,0.9908213314047355,132636,132976
153.442285729,nodelet,4375,3.2,1.981642662809471,101588,99454
153.442285729,nodeproxy,4610,0.03,0.0,51396,51896
153.442285729,containerd,3652,1.51,0.0,90684,89621
153.442285729,flanneld,5203,0.17,0.0,47328,47280
153.442285729,coredns,4870,0.2,0.0,66308,42714
153.442285729,coredns,4880,0.18,0.0,65632,42078
154.451737391,nodestore,4231,2.39,1.9812736709328365,61264,61544
154.451737391,nodeapiserver,4238,4.22,2.971910506399255,361576,361420
154.451737391,nodescheduler,4245,0.88,0.0,65548,65692
154.451737391,nodecontroller,4252,1.36,1.9812736709328365,132636,132976
154.451737391,nodelet,4375,3.21,0.9906368354664182,101588,99458
154.451737391,nodeproxy,4610,0.03,0.0,51396,51896
154.451737391,containerd,3652,1.53,1.9812736709328365,90684,89621
154.451737391,flanneld,5203,0.17,0.0,47328,47280
154.451737391,coredns,4870,0.2,0.0,66308,42714
154.451737391,coredns,4880,0.18,0.0,65632,42078
155.46100619499998,nodestore,4231,2.39,0.0,61264,61544
155.46100619499998,nodeapiserver,4238,4.24,1.981632635501558,361576,361420
155.46100619499998,nodescheduler,4245,0.89,0.990816317750779,65548,65696
155.46100619499998,nodecontroller,4252,1.36,0.0,132636,132976
155.46100619499998,nodelet,4375,3.23,1.981632635501558,101588,99462
155.46100619499998,nodeproxy,4610,0.03,0.0,51396,51896
155.46100619499998,containerd,3652,1.53,0.0,90684,89625
155.46100619499998,flanneld,5203,0.17,0.0,47328,47280
155.46100619499998,coredns,4870,0.2,0.0,66308,42714
155.46100619499998,coredns,4880,0.18,0.0,65632,42078
156.47039343799997,nodestore,4231,2.41,1.9814001156343284,61264,61544
156.47039343799997,nodeapiserver,4238,4.28,3.9628002312686568,361576,361420
156.47039343799997,nodescheduler,4245,0.9,0.9907000578171642,65548,65696
156.47039343799997,nodecontroller,4252,1.37,0.9907000578171642,132636,132976
156.47039343799997,nodelet,4375,3.26,2.9721001734514925,101588,99462
156.47039343799997,nodeproxy,4610,0.03,0.0,51396,51896
156.47039343799997,containerd,3652,1.54,0.9907000578171642,90684,89625
156.47039343799997,flanneld,5203,0.17,0.0,47328,47280
156.47039343799997,coredns,4870,0.2,0.0,66308,42714
156.47039343799997,coredns,4880,0.18,0.0,65632,42078
157.479898704,nodestore,4231,2.42,0.990584233366427,61264,61544
157.479898704,nodeapiserver,4238,4.3,1.981168466732854,361576,361420
157.479898704,nodescheduler,4245,0.9,0.0,65548,65704
157.479898704,nodecontroller,4252,1.38,0.990584233366427,132636,132976
157.479898704,nodelet,4375,3.26,0.0,101588,99466
157.479898704,nodeproxy,4610,0.03,0.0,51396,51896
157.479898704,containerd,3652,1.55,0.990584233366427,90684,89625
157.479898704,flanneld,5203,0.18,0.990584233366427,47328,47280
157.479898704,coredns,4870,0.21,0.990584233366427,66308,42714
157.479898704,coredns,4880,0.18,0.0,65632,42078
158.489128983,nodestore,4231,2.43,0.9908541398409554,61264,61552
158.489128983,nodeapiserver,4238,4.33,2.972562419522866,361576,361420
158.489128983,nodescheduler,4245,0.92,1.9817082796819108,65548,65704
158.489128983,nodecontroller,4252,1.38,0.0,132636,132976
158.489128983,nodelet,4375,3.28,1.9817082796819108,101588,99466
158.489128983,nodeproxy,4610,0.03,0.0,51396,51896
158.489128983,containerd,3652,1.57,1.9817082796819108,90684,89625
158.489128983,flanneld,5203,0.18,0.0,47328,47280
158.489128983,coredns,4870,0.21,0.0,66308,42714
158.489128983,coredns,4880,0.19,0.9908541398409554,65632,42078
159.49840267099995,nodestore,4231,2.45,1.981623046136617,61264,61552
159.49840267099995,nodeapiserver,4238,4.35,1.981623046136617,361576,361420
159.49840267099995,nodescheduler,4245,0.92,0.0,65548,65704
159.49840267099995,nodecontroller,4252,1.39,0.9908115230683086,132636,132976
159.49840267099995,nodelet,4375,3.31,2.9724345692049257,101588,99466
159.49840267099995,nodeproxy,4610,0.03,0.0,51396,51896
159.49840267099995,containerd,3652,1.58,0.9908115230683086,90684,89625
159.49840267099995,flanneld,5203,0.18,0.0,47328,47280
159.49840267099995,coredns,4870,0.21,0.0,66308,42714
159.49840267099995,coredns,4880,0.19,0.0,65632,42078
160.50753372599996,nodestore,4231,2.47,1.981903133483467,61264,61552
160.50753372599996,nodeapiserver,4238,4.37,1.981903133483467,361576,361420
160.50753372599996,nodescheduler,4245,0.93,0.9909515667417335,65548,65704
160.50753372599996,nodecontroller,4252,1.4,0.9909515667417335,132636,132976
160.50753372599996,nodelet,4375,3.36,4.954757833708667,101716,99474
160.50753372599996,nodeproxy,4610,0.03,0.0,51396,51896
160.50753372599996,containerd,3652,1.6,1.981903133483467,90684,89629
160.50753372599996,flanneld,5203,0.18,0.0,47328,47280
160.50753372599996,coredns,4870,0.21,0.0,66308,42714
160.50753372599996,coredns,4880,0.19,0.0,65632,42078
161.51696500099996,nodestore,4231,2.49,1.9813136857682616,61264,61552
161.51696500099996,nodeapiserver,4238,4.39,1.9813136857682616,361576,361488
161.51696500099996,nodescheduler,4245,0.93,0.0,65548,65704
161.51696500099996,nodecontroller,4252,1.41,0.9906568428841308,132636,132976
161.51696500099996,nodelet,4375,3.38,1.9813136857682616,101716,99474
161.51696500099996,nodeproxy,4610,0.03,0.0,51396,51896
161.51696500099996,containerd,3652,1.61,0.9906568428841308,90684,89629
161.51696500099996,flanneld,5203,0.18,0.0,47328,47280
161.51696500099996,coredns,4870,0.21,0.0,66308,42714
161.51696500099996,coredns,4880,0.19,0.0,65632,42078
162.52605705399998,nodestore,4231,2.5,0.9909898676012887,61264,61556
162.52605705399998,nodeapiserver,4238,4.43,3.963959470405155,361576,361488
162.52605705399998,nodescheduler,4245,0.94,0.9909898676012887,65548,65704
162.52605705399998,nodecontroller,4252,1.42,0.9909898676012887,132636,132976
162.52605705399998,nodelet,4375,3.39,0.9909898676012887,101716,99474
162.52605705399998,nodeproxy,4610,0.03,0.0,51396,51896
162.52605705399998,containerd,3652,1.61,0.0,90684,89629
162.52605705399998,flanneld,5203,0.18,0.0,47328,47280
162.52605705399998,coredns,4870,0.21,0.0,66308,42714
162.52605705399998,coredns,4880,0.19,0.0,65632,42078
163.53549321499997,nodestore,4231,2.52,1.9813040955643029,61264,61556
163.53549321499997,nodeapiserver,4238,4.45,1.9813040955643029,361576,361488
163.53549321499997,nodescheduler,4245,0.94,0.0,65548,65704
163.53549321499997,nodecontroller,4252,1.43,0.9906520477821514,132636,132976
163.53549321499997,nodelet,4375,3.41,1.9813040955643029,101716,99474
163.53549321499997,nodeproxy,4610,0.03,0.0,51396,51896
163.53549321499997,containerd,3652,1.62,0.9906520477821514,90684,89629
163.53549321499997,flanneld,5203,0.18,0.0,47328,47280
163.53549321499997,coredns,4870,0.21,0.0,66308,42714
163.53549321499997,coredns,4880,0.19,0.0,65632,42078
164.545015907,nodestore,4231,2.53,0.9905671342749585,61264,61556
164.545015907,nodeapiserver,4238,4.48,2.971701402824875,361576,361488
164.545015907,nodescheduler,4245,0.95,0.9905671342749585,65548,65704
164.545015907,nodecontroller,4252,1.46,2.971701402824875,126724,127028
164.545015907,nodelet,4375,3.42,0.9905671342749585,101716,99474
164.545015907,nodeproxy,4610,0.03,0.0,51396,51896
164.545015907,containerd,3652,1.63,0.9905671342749585,90684,89629
164.545015907,flanneld,5203,0.18,0.0,47328,47280
164.545015907,coredns,4870,0.21,0.0,66308,42714
164.545015907,coredns,4880,0.19,0.0,65632,42078
165.554180724,nodestore,4231,2.55,1.9818368281461827,61264,61556
165.554180724,nodeapiserver,4238,4.51,2.9727552422192742,361576,361488
165.554180724,nodescheduler,4245,0.95,0.0,65548,65704
165.554180724,nodecontroller,4252,1.47,0.9909184140730913,125188,125496
165.554180724,nodelet,4375,3.43,0.9909184140730913,101716,99474
165.554180724,nodeproxy,4610,0.03,0.0,51396,51896
165.554180724,containerd,3652,1.63,0.0,90684,89629
165.554180724,flanneld,5203,0.18,0.0,47328,47280
165.554180724,coredns,4870,0.21,0.0,66308,42714
165.554180724,coredns,4880,0.19,0.0,65632,42078
166.56351503399998,nodestore,4231,2.57,1.981504027144414,61264,61560
166.56351503399998,nodeapiserver,4238,4.53,1.981504027144414,361576,361488
166.56351503399998,nodescheduler,4245,0.96,0.990752013572207,65548,65704
166.56351503399998,nodecontroller,4252,1.48,0.990752013572207,125188,125496
166.56351503399998,nodelet,4375,3.45,1.981504027144414,101716,99474
166.56351503399998,nodeproxy,4610,0.03,0.0,51396,51896
166.56351503399998,containerd,3652,1.63,0.0,90684,89629
166.56351503399998,flanneld,5203,0.18,0.0,47328,47280
166.56351503399998,coredns,4870,0.21,0.0,66308,42714
166.56351503399998,coredns,4880,0.19,0.0,65632,42078
167.57277651599998,nodestore,4231,2.59,1.9816470118692207,61264,61560
167.57277651599998,nodeapiserver,4238,4.56,2.972470517803831,361576,361488
167.57277651599998,nodescheduler,4245,0.96,0.0,65548,65704
167.57277651599998,nodecontroller,4252,1.48,0.0,125188,125496
167.57277651599998,nodelet,4375,3.48,2.972470517803831,101716,99474
167.57277651599998,nodeproxy,4610,0.03,0.0,51396,51896
167.57277651599998,containerd,3652,1.65,1.9816470118692207,90684,89629
167.57277651599998,flanneld,5203,0.18,0.0,47328,47280
167.57277651599998,coredns,4870,0.21,0.0,66308,42714
167.57277651599998,coredns,4880,0.19,0.0,65632,42078
168.58216626499996,nodestore,4231,2.61,1.9813951964357046,61264,61560
168.58216626499996,nodeapiserver,4238,4.59,2.972092794653557,361576,361488
168.58216626499996,nodescheduler,4245,0.97,0.9906975982178523,65548,65704
168.58216626499996,nodecontroller,4252,1.49,0.9906975982178523,125188,125496
168.58216626499996,nodelet,4375,3.5,1.9813951964357046,101716,99474
168.58216626499996,nodeproxy,4610,0.03,0.0,51396,51896
168.58216626499996,containerd,3652,1.66,0.9906975982178523,90684,89633
168.58216626499996,flanneld,5203,0.18,0.0,47328,47284
168.58216626499996,coredns,4870,0.22,0.9906975982178523,66308,42714
168.58216626499996,coredns,4880,0.19,0.0,65632,42078
169.600570501,nodestore,4231,2.61,0.0,61264,61564
169.600570501,nodeapiserver,4238,4.62,2.9457850762512825,361576,361488
169.600570501,nodescheduler,4245,0.97,0.0,65548,65704
169.600570501,nodecontroller,4252,1.5,0.9819283587504275,125188,125496
169.600570501,nodelet,4375,3.52,1.963856717500855,101716,99474
169.600570501,nodeproxy,4610,0.03,0.0,51396,51896
169.600570501,containerd,3652,1.66,0.0,90684,89633
169.600570501,flanneld,5203,0.18,0.0,47328,47284
169.600570501,coredns,4870,0.22,0.0,66308,42714
169.600570501,coredns,4880,0.2,0.9819283587504275,65632,42078
170.60984003299995,nodestore,4231,2.63,1.981631206122722,61264,61568
170.60984003299995,nodeapiserver,4238,4.64,1.981631206122722,361576,361488
170.60984003299995,nodescheduler,4245,0.97,0.0,65548,65704
170.60984003299995,nodecontroller,4252,1.51,0.990815603061361,125188,125496
170.60984003299995,nodelet,4375,3.56,3.963262412245444,101716,99486
170.60984003299995,nodeproxy,4610,0.03,0.0,51396,51896
170.60984003299995,containerd,3652,1.7,3.963262412245444,90684,89633
170.60984003299995,flanneld,5203,0.18,0.0,47328,47284
170.60984003299995,coredns,4870,0.22,0.0,66308,42714
170.60984003299995,coredns,4880,0.2,0.0,65632,42078
171.619132079,nodestore,4231,2.65,1.9815870024204252,61264,61568
171.619132079,nodeapiserver,4238,4.67,2.972380503630638,361576,361488
171.619132079,nodescheduler,4245,0.98,0.9907935012102126,65548,65704
171.619132079,nodecontroller,4252,1.52,0.9907935012102126,125188,125496
171.619132079,nodelet,4375,3.58,1.9815870024204252,101716,99486
171.619132079,nodeproxy,4610,0.03,0.0,51396,51896
171.619132079,containerd,3652,1.71,0.9907935012102126,90684,89637
171.619132079,flanneld,5203,0.19,0.9907935012102126,47328,47284
171.619132079,coredns,4870,0.22,0.0,66308,42714
171.619132079,coredns,4880,0.21,0.9907935012102126,65632,42078
172.628732103,nodestore,4231,2.67,1.9809825202618894,61264,61568
172.628732103,nodeapiserver,4238,4.7,2.9714737803928344,361576,361488
172.628732103,nodescheduler,4245,0.99,0.9904912601309447,65548,65708
172.628732103,nodecontroller,4252,1.53,0.9904912601309447,125188,125496
172.628732103,nodelet,4375,3.6,1.9809825202618894,101716,99486
172.628732103,nodeproxy,4610,0.03,0.0,51396,51896
172.628732103,containerd,3652,1.72,0.9904912601309447,90684,89637
172.628732103,flanneld,5203,0.19,0.0,47328,47284
172.628732103,coredns,4870,0.22,0.0,66308,42714
172.628732103,coredns,4880,0.21,0.0,65632,42078
173.63808883499996,nodestore,4231,2.69,1.981460009720412,61264,61572
173.63808883499996,nodeapiserver,4238,4.71,0.990730004860206,361576,361488
173.63808883499996,nodescheduler,4245,0.99,0.0,65548,65708
173.63808883499996,nodecontroller,4252,1.53,0.0,125188,125496
173.63808883499996,nodelet,4375,3.61,0.990730004860206,101716,99486
173.63808883499996,nodeproxy,4610,0.03,0.0,51396,51896
173.63808883499996,containerd,3652,1.72,0.0,90684,89637
173.63808883499996,flanneld,5203,0.19,0.0,47328,47284
173.63808883499996,coredns,4870,0.22,0.0,66308,42714
173.63808883499996,coredns,4880,0.21,0.0,65632,42078
174.647660723,nodestore,4231,2.71,1.9810377287366807,61264,61576
174.647660723,nodeapiserver,4238,4.75,3.9620754574733614,361576,361488
174.647660723,nodescheduler,4245,1.0,0.9905188643683404,65548,65708
174.647660723,nodecontroller,4252,1.54,0.9905188643683404,125188,125496
174.647660723,nodelet,4375,3.64,2.971556593105021,101716,99486
174.647660723,nodeproxy,4610,0.03,0.0,51396,51896
174.647660723,containerd,3652,1.72,0.0,90684,89641
174.647660723,flanneld,5203,0.19,0.0,47328,47284
174.647660723,coredns,4870,0.22,0.0,66308,42714
174.647660723,coredns,4880,0.21,0.0,65632,42078
175.65699390999998,nodestore,4231,2.72,0.9907531158985049,61264,61576
175.65699390999998,nodeapiserver,4238,4.76,0.9907531158985049,361576,361488
175.65699390999998,nodescheduler,4245,1.01,0.9907531158985049,65548,65708
175.65699390999998,nodecontroller,4252,1.55,0.9907531158985049,125188,125496
175.65699390999998,nodelet,4375,3.66,1.9815062317970098,101716,99490
175.65699390999998,nodeproxy,4610,0.03,0.0,51396,51896
175.65699390999998,containerd,3652,1.74,1.9815062317970098,90684,89641
175.65699390999998,flanneld,5203,0.19,0.0,47328,47284
175.65699390999998,coredns,4870,0.23,0.9907531158985049,66308,42714
175.65699390999998,coredns,4880,0.21,0.0,65632,42078
176.66640657099998,nodestore,4231,2.73,0.9906751110188433,61264,61576
176.66640657099998,nodeapiserver,4238,4.8,3.9627004440753733,361576,361488
176.66640657099998,nodescheduler,4245,1.02,0.9906751110188433,65548,65708
176.66640657099998,nodecontroller,4252,1.55,0.0,125188,125496
176.66640657099998,nodelet,4375,3.67,0.9906751110188433,101716,99490
176.66640657099998,nodeproxy,4610,0.03,0.0,51396,51896
176.66640657099998,containerd,3652,1.74,0.0,90684,89641
176.66640657099998,flanneld,5203,0.19,0.0,47328,47284
176.66640657099998,coredns,4870,0.23,0.0,66308,42714
176.66640657099998,coredns,4880,0.21,0.0,65632,42078
177.675576111,nodestore,4231,2.74,0.9909137764899086,61264,61576
177.675576111,nodeapiserver,4238,4.82,1.9818275529798173,361576,361488
177.675576111,nodescheduler,4245,1.02,0.0,65548,65708
177.675576111,nodecontroller,4252,1.56,0.9909137764899086,125188,125496
177.675576111,nodelet,4375,3.69,1.9818275529798173,101716,99494
177.675576111,nodeproxy,4610,0.03,0.0,51396,51896
177.675576111,containerd,3652,1.74,0.0,90684,89641
177.675576111,flanneld,5203,0.19,0.0,47328,47284
177.675576111,coredns,4870,0.23,0.0,66308,42714
177.675576111,coredns,4880,0.21,0.0,65632,42078
178.684825208,nodestore,4231,2.77,2.9725069944748976,61264,61580
178.684825208,nodeapiserver,4238,4.85,2.9725069944748976,361576,361488
178.684825208,nodescheduler,4245,1.03,0.990835664824966,65548,65708
178.684825208,nodecontroller,4252,1.58,1.981671329649932,125188,125496
178.684825208,nodelet,4375,3.71,1.981671329649932,101716,99494
178.684825208,nodeproxy,4610,0.03,0.0,51396,51896
178.684825208,containerd,3652,1.76,1.981671329649932,90684,89645
178.684825208,flanneld,5203,0.2,0.990835664824966,47328,47284
178.684825208,coredns,4870,0.23,0.0,66308,42714
178.684825208,coredns,4880,0.21,0.0,65632,42078
179.69421563099996,nodestore,4231,2.78,0.9906969366996292,61264,61580
179.69421563099996,nodeapiserver,4238,4.87,1.9813938733992584,361576,361488
179.69421563099996,nodescheduler,4245,1.03,0.0,65548,65708
179.69421563099996,nodecontroller,4252,1.59,0.9906969366996292,125188,125496
179.69421563099996,nodelet,4375,3.73,1.9813938733992584,101716,99502
179.69421563099996,nodeproxy,4610,0.03,0.0,51396,51896
179.69421563099996,containerd,3652,1.77,0.9906969366996292,90684,89645
179.69421563099996,flanneld,5203,0.2,0.0,47328,47284
179.69421563099996,coredns,4870,0.23,0.0,66308,42714
179.69421563099996,coredns,4880,0.21,0.0,65632,42078
180.70423628099996,nodestore,4231,2.79,0.9900787672014416,61264,61580
180.70423628099996,nodeapiserver,4238,4.9,2.970236301604325,361576,361492
180.70423628099996,nodescheduler,4245,1.04,0.9900787672014416,65548,65708
180.70423628099996,nodecontroller,4252,1.59,0.0,125188,125496
180.70423628099996,nodelet,4375,3.78,4.950393836007208,101716,99510
180.70423628099996,nodeproxy,4610,0.03,0.0,51396,51896
180.70423628099996,containerd,3652,1.79,1.9801575344028832,90684,89649
180.70423628099996,flanneld,5203,0.2,0.0,47328,47284
180.70423628099996,coredns,4870,0.23,0.0,66308,42714
180.70423628099996,coredns,4880,0.21,0.0,65632,42078
181.71384155699997,nodestore,4231,2.81,1.9809722151253852,61264,61580
181.71384155699997,nodeapiserver,4238,4.92,1.9809722151253852,361576,361492
181.71384155699997,nodescheduler,4245,1.04,0.0,65548,65708
181.71384155699997,nodecontroller,4252,1.6,0.9904861075626926,125188,125496
181.71384155699997,nodelet,4375,3.79,0.9904861075626926,101716,99514
181.71384155699997,nodeproxy,4610,0.03,0.0,51396,51896
181.71384155699997,containerd,3652,1.8,0.9904861075626926,90684,89649
181.71384155699997,flanneld,5203,0.2,0.0,47328,47284
181.71384155699997,coredns,4870,0.23,0.0,66308,42714
181.71384155699997,coredns,4880,0.21,0.0,65632,42078
182.72383248699998,nodestore,4231,2.83,1.9802158025319796,61264,61584
182.72383248699998,nodeapiserver,4238,4.95,2.9703237037979693,361576,361496
182.72383248699998,nodescheduler,4245,1.05,0.9901079012659898,65548,65708
182.72383248699998,nodecontroller,4252,1.61,0.9901079012659898,125188,125496
182.72383248699998,nodelet,4375,3.82,2.9703237037979693,101716,99514
182.72383248699998,nodeproxy,4610,0.03,0.0,51396,51896
182.72383248699998,containerd,3652,1.81,0.9901079012659898,90684,89649
182.72383248699998,flanneld,5203,0.2,0.0,47328,47284
182.72383248699998,coredns,4870,0.23,0.0,66308,42714
182.72383248699998,coredns,4880,0.21,0.0,65632,42078
183.73315066099997,nodestore,4231,2.84,0.9907678527544412,61264,61584
183.73315066099997,nodeapiserver,4238,4.97,1.9815357055088825,361576,361496
183.73315066099997,nodescheduler,4245,1.05,0.0,65548,65708
183.73315066099997,nodecontroller,4252,1.61,0.0,125188,125496
183.73315066099997,nodelet,4375,3.84,1.9815357055088825,101716,99514
183.73315066099997,nodeproxy,4610,0.03,0.0,51396,51896
183.73315066099997,containerd,3652,1.81,0.0,90684,89649
183.73315066099997,flanneld,5203,0.21,0.9907678527544412,47328,47284
183.73315066099997,coredns,4870,0.23,0.0,66308,42714
183.73315066099997,coredns,4880,0.21,0.0,65632,42078
184.742724947,nodestore,4231,2.85,0.9905165116299018,61264,61584
184.742724947,nodeapiserver,4238,4.99,1.9810330232598037,361576,361496
184.742724947,nodescheduler,4245,1.06,0.9905165116299018,65548,65708
184.742724947,nodecontroller,4252,1.63,1.9810330232598037,125188,125496
184.742724947,nodelet,4375,3.85,0.9905165116299018,101716,99514
184.742724947,nodeproxy,4610,0.03,0.0,51396,51896
184.742724947,containerd,3652,1.81,0.0,90684,89649
184.742724947,flanneld,5203,0.21,0.0,47328,47284
184.742724947,coredns,4870,0.23,0.0,66308,42714
184.742724947,coredns,4880,0.22,0.9905165116299018,65632,42078
185.75246906799998,nodestore,4231,2.87,1.980699821276834,61264,61584
185.75246906799998,nodeapiserver,4238,5.02,2.971049731915251,361576,361496
185.75246906799998,nodescheduler,4245,1.06,0.0,65548,65708
185.75246906799998,nodecontroller,4252,1.63,0.0,125188,125496
185.75246906799998,nodelet,4375,3.86,0.990349910638417,101716,99514
185.75246906799998,nodeproxy,4610,0.03,0.0,51396,51896
185.75246906799998,containerd,3652,1.83,1.980699821276834,90684,89649
185.75246906799998,flanneld,5203,0.21,0.0,47328,47284
185.75246906799998,coredns,4870,0.23,0.0,66308,42714
185.75246906799998,coredns,4880,0.22,0.0,65632,42078
186.76184092799997,nodestore,4231,2.88,0.9907151562557058,61264,61588
186.76184092799997,nodeapiserver,4238,5.04,1.9814303125114117,361576,361496
186.76184092799997,nodescheduler,4245,1.07,0.9907151562557058,65548,65708
186.76184092799997,nodecontroller,4252,1.64,0.9907151562557058,125188,125500
186.76184092799997,nodelet,4375,3.88,1.9814303125114117,101716,99518
186.76184092799997,nodeproxy,4610,0.03,0.0,51396,51896
186.76184092799997,containerd,3652,1.83,0.0,90684,89649
186.76184092799997,flanneld,5203,0.21,0.0,47328,47284
186.76184092799997,coredns,4870,0.24,0.9907151562557058,66308,42714
186.76184092799997,coredns,4880,0.22,0.0,65632,42078
187.77125510399998,nodestore,4231,2.9,1.9813472482874919,61264,61588
187.77125510399998,nodeapiserver,4238,5.07,2.972020872431238,361576,361496
187.77125510399998,nodescheduler,4245,1.07,0.0,65548,65708
187.77125510399998,nodecontroller,4252,1.65,0.9906736241437459,125188,125500
187.77125510399998,nodelet,4375,3.9,1.9813472482874919,101716,99518
187.77125510399998,nodeproxy,4610,0.03,0.0,51396,51896
187.77125510399998,containerd,3652,1.84,0.9906736241437459,90684,89649
187.77125510399998,flanneld,5203,0.21,0.0,47328,47284
187.77125510399998,coredns,4870,0.24,0.0,66308,42714
187.77125510399998,coredns,4880,0.22,0.0,65632,42078
188.78073603499996,nodestore,4231,2.91,0.990608112834194,61264,61588
188.78073603499996,nodeapiserver,4238,5.1,2.971824338502582,361576,361496
188.78073603499996,nodescheduler,4245,1.08,0.990608112834194,65548,65708
188.78073603499996,nodecontroller,4252,1.65,0.0,125188,125500
188.78073603499996,nodelet,4375,3.91,0.990608112834194,101716,99518
188.78073603499996,nodeproxy,4610,0.03,0.0,51396,51896
188.78073603499996,containerd,3652,1.86,1.981216225668388,90684,89649
188.78073603499996,flanneld,5203,0.21,0.0,47328,47284
188.78073603499996,coredns,4870,0.24,0.0,66308,42714
188.78073603499996,coredns,4880,0.22,0.0,65632,42078
189.790425051,nodestore,4231,2.93,1.9808079203665654,61264,61588
189.790425051,nodeapiserver,4238,5.13,2.971211880549848,361576,361496
189.790425051,nodescheduler,4245,1.08,0.0,65548,65708
189.790425051,nodecontroller,4252,1.66,0.9904039601832827,125188,125500
189.790425051,nodelet,4375,3.96,4.952019800916413,101716,99527
189.790425051,nodeproxy,4610,0.03,0.0,51396,51896
189.790425051,containerd,3652,1.89,2.971211880549848,90684,89648
189.790425051,flanneld,5203,0.21,0.0,47328,47284
189.790425051,coredns,4870,0.24,0.0,66308,42714
189.790425051,coredns,4880,0.22,0.0,65632,42078
190.80031125,nodestore,4231,2.95,1.9804211622858443,61264,61592
190.80031125,nodeapiserver,4238,5.15,1.9804211622858443,361576,361500
190.80031125,nodescheduler,4245,1.09,0.9902105811429222,65548,65708
190.80031125,nodecontroller,4252,1.67,0.9902105811429222,125188,125500
190.80031125,nodelet,4375,4.01,4.951052905714611,101844,99543
190.80031125,nodeproxy,4610,0.03,0.0,51396,51896
190.80031125,containerd,3652,1.89,0.0,90684,89648
190.80031125,flanneld,5203,0.21,0.0,47328,47284
190.80031125,coredns,4870,0.24,0.0,66308,42714
190.80031125,coredns,4880,0.22,0.0,65632,42078
191.809984079,nodestore,4231,2.95,0.0,61264,61592
191.809984079,nodeapiserver,4238,5.17,1.980839676532466,361576,361500
191.809984079,nodescheduler,4245,1.1,0.990419838266233,65548,65708
191.809984079,nodecontroller,4252,1.67,0.0,125188,125500
191.809984079,nodelet,4375,4.02,0.990419838266233,101844,99543
191.809984079,nodeproxy,4610,0.03,0.0,51396,51896
191.809984079,containerd,3652,1.91,1.980839676532466,90684,89648
191.809984079,flanneld,5203,0.21,0.0,47328,47284
191.809984079,coredns,4870,0.24,0.0,66308,42714
191.809984079,coredns,4880,0.22,0.0,65632,42078
192.821091449,nodestore,4231,2.97,1.9780292967303943,61264,61592
192.821091449,nodeapiserver,4238,5.2,2.9670439450955914,361576,361500
192.821091449,nodescheduler,4245,1.11,0.9890146483651971,65548,65708
192.821091449,nodecontroller,4252,1.69,1.9780292967303943,125188,125500
192.821091449,nodelet,4375,4.04,1.9780292967303943,101844,99547
192.821091449,nodeproxy,4610,0.03,0.0,51396,51896
192.821091449,containerd,3652,1.91,0.0,90684,89648
192.821091449,flanneld,5203,0.21,0.0,47328,47284
192.821091449,coredns,4870,0.25,0.9890146483651971,66308,42714
192.821091449,coredns,4880,0.22,0.0,65632,42078
193.83067720499997,nodestore,4231,2.98,0.9905052582774565,61264,61592
193.83067720499997,nodeapiserver,4238,5.22,1.981010516554913,361576,361500
193.83067720499997,nodescheduler,4245,1.12,0.9905052582774565,65548,65712
193.83067720499997,nodecontroller,4252,1.69,0.0,125188,125500
193.83067720499997,nodelet,4375,4.06,1.981010516554913,101844,99547
193.83067720499997,nodeproxy,4610,0.03,0.0,51396,51896
193.83067720499997,containerd,3652,1.91,0.0,90684,89648
193.83067720499997,flanneld,5203,0.22,0.9905052582774565,47328,47284
193.83067720499997,coredns,4870,0.25,0.0,66308,42714
193.83067720499997,coredns,4880,0.22,0.0,65632,42078
194.84006349699996,nodestore,4231,3.0,1.981401982423617,61264,61596
194.84006349699996,nodeapiserver,4238,5.26,3.962803964847234,361576,361500
194.84006349699996,nodescheduler,4245,1.12,0.0,65548,65712
194.84006349699996,nodecontroller,4252,1.7,0.9907009912118085,125188,125500
194.84006349699996,nodelet,4375,4.08,1.981401982423617,101844,99547
194.84006349699996,nodeproxy,4610,0.03,0.0,51396,51896
194.84006349699996,containerd,3652,1.92,0.9907009912118085,90684,89648
194.84006349699996,flanneld,5203,0.22,0.0,47328,47284
194.84006349699996,coredns,4870,0.25,0.0,66308,42714
194.84006349699996,coredns,4880,0.22,0.0,65632,42078
195.849437369,nodestore,4231,3.01,0.9907131814483645,61264,61596
195.849437369,nodeapiserver,4238,5.29,2.9721395443450933,361576,361500
195.849437369,nodescheduler,4245,1.13,0.9907131814483645,65548,65716
195.849437369,nodecontroller,4252,1.72,1.981426362896729,125188,125508
195.849437369,nodelet,4375,4.1,1.981426362896729,101844,99547
195.849437369,nodeproxy,4610,0.03,0.0,51396,51896
195.849437369,containerd,3652,1.94,1.981426362896729,90684,89648
195.849437369,flanneld,5203,0.22,0.0,47328,47284
195.849437369,coredns,4870,0.25,0.0,66308,42714
195.849437369,coredns,4880,0.23,0.9907131814483645,65632,42078
196.85894326199997,nodestore,4231,3.02,0.990583618118629,61264,61596
196.85894326199997,nodeapiserver,4238,5.32,2.971750854355887,361576,361500
196.85894326199997,nodescheduler,4245,1.13,0.0,65548,65716
196.85894326199997,nodecontroller,4252,1.74,1.981167236237258,125188,125508
196.85894326199997,nodelet,4375,4.12,1.981167236237258,101844,99551
196.85894326199997,nodeproxy,4610,0.03,0.0,51396,51896
196.85894326199997,containerd,3652,1.94,0.0,90684,89648
196.85894326199997,flanneld,5203,0.22,0.0,47328,47284
196.85894326199997,coredns,4870,0.25,0.0,66308,42714
196.85894326199997,coredns,4880,0.23,0.0,65632,42078
197.86845437099998,nodestore,4231,3.04,1.9811569998284866,61264,61596
197.86845437099998,nodeapiserver,4238,5.34,1.9811569998284866,361576,361500
197.86845437099998,nodescheduler,4245,1.13,0.0,65548,65716
197.86845437099998,nodecontroller,4252,1.76,1.9811569998284866,125188,125508
197.86845437099998,nodelet,4375,4.13,0.9905784999142433,101844,99551
197.86845437099998,nodeproxy,4610,0.03,0.0,51396,51900
197.86845437099998,containerd,3652,1.94,0.0,90684,89648
197.86845437099998,flanneld,5203,0.22,0.0,47328,47284
197.86845437099998,coredns,4870,0.25,0.0,66308,42714
197.86845437099998,coredns,4880,0.23,0.0,65632,42078
198.87846369099998,nodestore,4231,3.07,2.9702696208783657,61264,61604
198.87846369099998,nodeapiserver,4238,5.38,3.9603594945044875,361576,361500
198.87846369099998,nodescheduler,4245,1.14,0.9900898736261219,65548,65716
198.87846369099998,nodecontroller,4252,1.76,0.0,125188,125508
198.87846369099998,nodelet,4375,4.15,1.9801797472522438,101844,99551
198.87846369099998,nodeproxy,4610,0.03,0.0,49800,50300
198.87846369099998,containerd,3652,1.96,1.9801797472522438,90684,89652
198.87846369099998,flanneld,5203,0.22,0.0,47328,47284
198.87846369099998,coredns,4870,0.25,0.0,66308,42714
198.87846369099998,coredns,4880,0.23,0.0,65632,42078
199.888054276,nodestore,4231,3.07,0.0,61264,61604
199.888054276,nodeapiserver,4238,5.41,2.9715015616948963,361576,361500
199.888054276,nodescheduler,4245,1.14,0.0,65548,65716
199.888054276,nodecontroller,4252,1.77,0.9905005205649654,125188,125508
199.888054276,nodelet,4375,4.2,4.9525026028248265,101844,99559
199.888054276,nodeproxy,4610,0.03,0.0,49800,50300
199.888054276,containerd,3652,1.98,1.9810010411299308,90684,89656
199.888054276,flanneld,5203,0.22,0.0,47328,47284
199.888054276,coredns,4870,0.26,0.9905005205649654,66308,42714
199.888054276,coredns,4880,0.23,0.0,65632,42078
200.89763860199997,nodestore,4231,3.1,2.9715199837601842,61264,61604
200.89763860199997,nodeapiserver,4238,5.43,1.9810133225067894,361576,361500
200.89763860199997,nodescheduler,4245,1.15,0.9905066612533947,65548,65716
200.89763860199997,nodecontroller,4252,1.78,0.9905066612533947,125188,125508
200.89763860199997,nodelet,4375,4.23,2.9715199837601842,101844,99566
200.89763860199997,nodeproxy,4610,0.03,0.0,49800,50300
200.89763860199997,containerd,3652,2.0,1.9810133225067894,90684,89657
200.89763860199997,flanneld,5203,0.22,0.0,47328,47284
200.89763860199997,coredns,4870,0.26,0.0,66308,42714
200.89763860199997,coredns,4880,0.24,0.9905066612533947,65632,42078
201.907103017,nodestore,4231,3.1,0.0,61264,61604
201.907103017,nodeapiserver,4238,5.45,1.9812486406466845,361576,361500
201.907103017,nodescheduler,4245,1.15,0.0,65548,65716
201.907103017,nodecontroller,4252,1.78,0.0,125188,125508
201.907103017,nodelet,4375,4.24,0.9906243203233422,101844,99566
201.907103017,nodeproxy,4610,0.03,0.0,49800,50300
201.907103017,containerd,3652,2.0,0.0,90684,89657
201.907103017,flanneld,5203,0.22,0.0,47328,47284
201.907103017,coredns,4870,0.26,0.0,66308,42714
201.907103017,coredns,4880,0.24,0.0,65632,42078
202.916577013,nodestore,4231,3.12,1.9812298364543568,61264,61608
202.916577013,nodeapiserver,4238,5.48,2.971844754681535,361576,361500
202.916577013,nodescheduler,4245,1.16,0.9906149182271784,65548,65716
202.916577013,nodecontroller,4252,1.79,0.9906149182271784,125188,125508
202.916577013,nodelet,4375,4.26,1.9812298364543568,101844,99566
202.916577013,nodeproxy,4610,0.03,0.0,49800,50300
202.916577013,containerd,3652,2.01,0.9906149182271784,90684,89657
202.916577013,flanneld,5203,0.23,0.9906149182271784,47328,47284
202.916577013,coredns,4870,0.26,0.0,66308,42714
202.916577013,coredns,4880,0.24,0.0,65632,42078
203.926125222,nodestore,4231,3.14,1.9810841940684343,61264,61608
203.926125222,nodeapiserver,4238,5.5,1.9810841940684343,361576,361500
203.926125222,nodescheduler,4245,1.16,0.0,65548,65716
203.926125222,nodecontroller,4252,1.8,0.9905420970342171,125188,125508
203.926125222,nodelet,4375,4.26,0.0,101844,99570
203.926125222,nodeproxy,4610,0.03,0.0,49800,50300
203.926125222,containerd,3652,2.02,0.9905420970342171,90684,89657
203.926125222,flanneld,5203,0.23,0.0,47328,47284
203.926125222,coredns,4870,0.26,0.0,66308,42714
203.926125222,coredns,4880,0.24,0.0,65632,42078
204.93668122399998,nodestore,4231,3.15,0.9895542632183711,61264,61608
204.93668122399998,nodeapiserver,4238,5.53,2.9686627896551134,361576,361500
204.93668122399998,nodescheduler,4245,1.18,1.9791085264367423,65548,65716
204.93668122399998,nodecontroller,4252,1.81,0.9895542632183711,125188,125508
204.93668122399998,nodelet,4375,4.28,1.9791085264367423,101844,99570
204.93668122399998,nodeproxy,4610,0.03,0.0,49800,50300
204.93668122399998,containerd,3652,2.02,0.0,90684,89661
204.93668122399998,flanneld,5203,0.23,0.0,47328,47284
204.93668122399998,coredns,4870,0.26,0.0,66308,42714
204.93668122399998,coredns,4880,0.24,0.0,65632,42078
205.94648536199998,nodestore,4231,3.17,1.9805820997735053,61264,61608
205.94648536199998,nodeapiserver,4238,5.55,1.9805820997735053,361576,361500
205.94648536199998,nodescheduler,4245,1.18,0.0,65548,65720
205.94648536199998,nodecontroller,4252,1.82,0.9902910498867527,125188,125512
205.94648536199998,nodelet,4375,4.3,1.9805820997735053,101844,99570
205.94648536199998,nodeproxy,4610,0.03,0.0,49800,50300
205.94648536199998,containerd,3652,2.04,1.9805820997735053,90684,89661
205.94648536199998,flanneld,5203,0.23,0.0,47328,47284
205.94648536199998,coredns,4870,0.26,0.0,66308,42714
205.94648536199998,coredns,4880,0.24,0.0,65632,42078
206.956000733,nodestore,4231,3.18,0.9905743178624467,61264,61612
206.956000733,nodeapiserver,4238,5.57,1.9811486357248933,361576,361500
206.956000733,nodescheduler,4245,1.19,0.9905743178624467,65548,65720
206.956000733,nodecontroller,4252,1.83,0.9905743178624467,125188,125512
206.956000733,nodelet,4375,4.31,0.9905743178624467,101844,99574
206.956000733,nodeproxy,4610,0.03,0.0,49800,50300
206.956000733,containerd,3652,2.04,0.0,90684,89661
206.956000733,flanneld,5203,0.23,0.0,47328,47284
206.956000733,coredns,4870,0.26,0.0,66308,42722
206.956000733,coredns,4880,0.24,0.0,65632,42078
207.96535235899995,nodestore,4231,3.2,1.9814700333182897,61264,61612
207.96535235899995,nodeapiserver,4238,5.6,2.9722050499774344,361576,361500
207.96535235899995,nodescheduler,4245,1.19,0.0,65548,65720
207.96535235899995,nodecontroller,4252,1.83,0.0,125188,125512
207.96535235899995,nodelet,4375,4.34,2.9722050499774344,101844,99574
207.96535235899995,nodeproxy,4610,0.03,0.0,49800,50300
207.96535235899995,containerd,3652,2.04,0.0,90684,89661
207.96535235899995,flanneld,5203,0.24,0.9907350166591449,47328,47284
207.96535235899995,coredns,4870,0.27,0.9907350166591449,66308,42722
207.96535235899995,coredns,4880,0.24,0.0,65632,42078
208.97513022599998,nodestore,4231,3.22,1.9806336278114818,61264,61616
208.97513022599998,nodeapiserver,4238,5.62,1.9806336278114818,361576,361500
208.97513022599998,nodescheduler,4245,1.2,0.9903168139057409,65548,65724
208.97513022599998,nodecontroller,4252,1.84,0.9903168139057409,125188,125512
208.97513022599998,nodelet,4375,4.36,1.9806336278114818,101844,99574
208.97513022599998,nodeproxy,4610,0.03,0.0,49800,50300
208.97513022599998,containerd,3652,2.06,1.9806336278114818,90684,89661
208.97513022599998,flanneld,5203,0.24,0.0,47328,47284
208.97513022599998,coredns,4870,0.27,0.0,66308,42722
208.97513022599998,coredns,4880,0.24,0.0,65632,42078
209.98445709699996,nodestore,4231,3.23,0.9907593156707062,61264,61616
209.98445709699996,nodeapiserver,4238,5.65,2.9722779470121186,361576,361500
209.98445709699996,nodescheduler,4245,1.2,0.0,65548,65724
209.98445709699996,nodecontroller,4252,1.86,1.9815186313414124,125188,125512
209.98445709699996,nodelet,4375,4.39,2.9722779470121186,101844,99578
209.98445709699996,nodeproxy,4610,0.03,0.0,49800,50300
209.98445709699996,containerd,3652,2.08,1.9815186313414124,90684,89665
209.98445709699996,flanneld,5203,0.24,0.0,47328,47284
209.98445709699996,coredns,4870,0.27,0.0,66308,42722
209.98445709699996,coredns,4880,0.24,0.0,65632,42078
210.99382738399999,nodestore,4231,3.24,0.990716700183563,61264,61620
210.99382738399999,nodeapiserver,4238,5.68,2.972150100550689,361576,361500
210.99382738399999,nodescheduler,4245,1.21,0.990716700183563,65548,65724
210.99382738399999,nodecontroller,4252,1.86,0.0,125188,125512
210.99382738399999,nodelet,4375,4.42,2.972150100550689,101844,99578
210.99382738399999,nodeproxy,4610,0.03,0.0,49800,50300
210.99382738399999,containerd,3652,2.09,0.990716700183563,90684,89665
210.99382738399999,flanneld,5203,0.24,0.0,47328,47284
210.99382738399999,coredns,4870,0.27,0.0,66308,42722
210.99382738399999,coredns,4880,0.24,0.0,65632,42078
212.00322382399997,nodestore,4231,3.25,0.990691031167111,61264,61620
212.00322382399997,nodeapiserver,4238,5.7,1.981382062334222,361576,361500
212.00322382399997,nodescheduler,4245,1.21,0.0,65548,65724
212.00322382399997,nodecontroller,4252,1.87,0.990691031167111,125188,125512
212.00322382399997,nodelet,4375,4.43,0.990691031167111,101844,99578
212.00322382399997,nodeproxy,4610,0.03,0.0,49800,50300
212.00322382399997,containerd,3652,2.1,0.990691031167111,90684,89665
212.00322382399997,flanneld,5203,0.24,0.0,47328,47284
212.00322382399997,coredns,4870,0.27,0.0,66308,42722
212.00322382399997,coredns,4880,0.24,0.0,65632,42078
213.012604835,nodestore,4231,3.26,0.9907061744794244,61264,61620
213.012604835,nodeapiserver,4238,5.71,0.9907061744794244,361576,361500
213.012604835,nodescheduler,4245,1.22,0.9907061744794244,65548,65724
213.012604835,nodecontroller,4252,1.88,0.9907061744794244,125188,125512
213.012604835,nodelet,4375,4.44,0.9907061744794244,101844,99582
213.012604835,nodeproxy,4610,0.03,0.0,49800,50300
213.012604835,containerd,3652,2.1,0.0,90684,89665
213.012604835,flanneld,5203,0.24,0.0,47328,47284
213.012604835,coredns,4870,0.27,0.0,66308,42722
213.012604835,coredns,4880,0.24,0.0,65632,42078
214.02191971599996,nodestore,4231,3.28,1.9815421704855127,61264,61620
214.02191971599996,nodeapiserver,4238,5.74,2.9723132557282694,361576,361500
214.02191971599996,nodescheduler,4245,1.22,0.0,65548,65724
214.02191971599996,nodecontroller,4252,1.88,0.0,125188,125512
214.02191971599996,nodelet,4375,4.46,1.9815421704855127,101844,99582
214.02191971599996,nodeproxy,4610,0.03,0.0,49800,50300
214.02191971599996,containerd,3652,2.11,0.9907710852427564,90684,89665
214.02191971599996,flanneld,5203,0.24,0.0,47328,47284
214.02191971599996,coredns,4870,0.27,0.0,66308,42722
214.02191971599996,coredns,4880,0.24,0.0,65632,42078
215.03117705399995,nodestore,4231,3.29,0.9908275742454917,61264,61620
215.03117705399995,nodeapiserver,4238,5.77,2.9724827227364754,361576,361500
215.03117705399995,nodescheduler,4245,1.23,0.9908275742454917,65548,65724
215.03117705399995,nodecontroller,4252,1.89,0.9908275742454917,125188,125512
215.03117705399995,nodelet,4375,4.48,1.9816551484909835,101844,99582
215.03117705399995,nodeproxy,4610,0.03,0.0,49800,50300
215.03117705399995,containerd,3652,2.12,0.9908275742454917,90684,89665
215.03117705399995,flanneld,5203,0.24,0.0,47328,47284
215.03117705399995,coredns,4870,0.28,0.9908275742454917,66308,42722
215.03117705399995,coredns,4880,0.25,0.9908275742454917,65632,42078
216.040631716,nodestore,4231,3.31,1.9812677827822,61264,61624
216.040631716,nodeapiserver,4238,5.87,9.906338913911,343444,343432
216.040631716,nodescheduler,4245,1.23,0.0,65548,65724
216.040631716,nodecontroller,4252,1.9,0.9906338913911,125188,125512
216.040631716,nodelet,4375,4.51,2.9719016741733,101844,99586
216.040631716,nodeproxy,4610,0.03,0.0,49800,50300
216.040631716,containerd,3652,2.13,0.9906338913911,90684,89665
216.040631716,flanneld,5203,0.24,0.0,47328,47284
216.040631716,coredns,4870,0.28,0.0,66308,42722
216.040631716,coredns,4880,0.25,0.0,65632,42078
217.05030165299996,nodestore,4231,3.32,0.990422675128183,61264,61628
217.05030165299996,nodeapiserver,4238,5.9,2.971268025384549,343444,343432
217.05030165299996,nodescheduler,4245,1.24,0.990422675128183,65548,65724
217.05030165299996,nodecontroller,4252,1.91,0.990422675128183,125188,125512
217.05030165299996,nodelet,4375,4.53,1.980845350256366,101844,99586
217.05030165299996,nodeproxy,4610,0.03,0.0,49800,50300
217.05030165299996,containerd,3652,2.13,0.0,90684,89665
217.05030165299996,flanneld,5203,0.24,0.0,47328,47284
217.05030165299996,coredns,4870,0.28,0.0,66308,42722
217.05030165299996,coredns,4880,0.26,0.990422675128183,65632,42078
218.05996040499997,nodestore,4231,3.33,0.9904336470308663,61264,61628
218.05996040499997,nodeapiserver,4238,5.92,1.9808672940617327,343444,343432
218.05996040499997,nodescheduler,4245,1.25,0.9904336470308663,65548,65724
218.05996040499997,nodecontroller,4252,1.92,0.9904336470308663,125188,125512
218.05996040499997,nodelet,4375,4.54,0.9904336470308663,101844,99586
218.05996040499997,nodeproxy,4610,0.03,0.0,49800,50300
218.05996040499997,containerd,3652,2.14,0.9904336470308663,90684,89665
218.05996040499997,flanneld,5203,0.24,0.0,47328,47284
218.05996040499997,coredns,4870,0.28,0.0,66308,42722
218.05996040499997,coredns,4880,0.26,0.0,65632,42086
219.06961044999997,nodestore,4231,3.35,1.9808843766257629,61264,61632
219.06961044999997,nodeapiserver,4238,5.94,1.9808843766257629,343444,343436
219.06961044999997,nodescheduler,4245,1.25,0.0,65548,65724
219.06961044999997,nodecontroller,4252,1.93,0.9904421883128814,125188,125512
219.06961044999997,nodelet,4375,4.56,1.9808843766257629,101844,99586
219.06961044999997,nodeproxy,4610,0.03,0.0,49800,50300
219.06961044999997,containerd,3652,2.16,1.9808843766257629,90684,89665
219.06961044999997,flanneld,5203,0.24,0.0,47328,47284
219.06961044999997,coredns,4870,0.28,0.0,66308,42722
219.06961044999997,coredns,4880,0.26,0.0,65632,42086
220.07905761299997,nodestore,4231,3.37,1.981282501261526,61264,61632
220.07905761299997,nodeapiserver,4238,5.97,2.971923751892289,343444,343436
220.07905761299997,nodescheduler,4245,1.26,0.990641250630763,65548,65724
220.07905761299997,nodecontroller,4252,1.94,0.990641250630763,125188,125512
220.07905761299997,nodelet,4375,4.59,2.971923751892289,101844,99590
220.07905761299997,nodeproxy,4610,0.03,0.0,49800,50300
220.07905761299997,containerd,3652,2.18,1.981282501261526,90684,89665
220.07905761299997,flanneld,5203,0.24,0.0,47328,47284
220.07905761299997,coredns,4870,0.28,0.0,66308,42722
220.07905761299997,coredns,4880,0.26,0.0,65632,42086
221.08862231199998,nodestore,4231,3.38,0.9905259177450607,61264,61632
221.08862231199998,nodeapiserver,4238,5.99,1.9810518354901214,343444,343436
221.08862231199998,nodescheduler,4245,1.26,0.0,65548,65728
221.08862231199998,nodecontroller,4252,1.94,0.0,125188,125512
221.08862231199998,nodelet,4375,4.62,2.971577753235182,101844,99590
221.08862231199998,nodeproxy,4610,0.03,0.0,49800,50300
221.08862231199998,containerd,3652,2.19,0.9905259177450607,90684,89665
221.08862231199998,flanneld,5203,0.24,0.0,47328,47284
221.08862231199998,coredns,4870,0.28,0.0,66308,42722
221.08862231199998,coredns,4880,0.26,0.0,65632,42086
222.09812746899996,nodestore,4231,3.39,0.9905843403235052,61264,61632
222.09812746899996,nodeapiserver,4238,6.02,2.9717530209705156,343444,343436
222.09812746899996,nodescheduler,4245,1.27,0.9905843403235052,65548,65728
222.09812746899996,nodecontroller,4252,1.95,0.9905843403235052,125188,125512
222.09812746899996,nodelet,4375,4.64,1.9811686806470103,101844,99590
222.09812746899996,nodeproxy,4610,0.03,0.0,49800,50300
222.09812746899996,containerd,3652,2.2,0.9905843403235052,90684,89665
222.09812746899996,flanneld,5203,0.24,0.0,47328,47284
222.09812746899996,coredns,4870,0.28,0.0,66308,42722
222.09812746899996,coredns,4880,0.26,0.0,65632,42086
223.10787066399996,nodestore,4231,3.41,1.980701637707004,61264,61632
223.10787066399996,nodeapiserver,4238,6.04,1.980701637707004,343444,343436
223.10787066399996,nodescheduler,4245,1.27,0.0,65548,65728
223.10787066399996,nodecontroller,4252,1.96,0.990350818853502,125188,125512
223.10787066399996,nodelet,4375,4.65,0.990350818853502,101844,99590
223.10787066399996,nodeproxy,4610,0.03,0.0,49800,50300
223.10787066399996,containerd,3652,2.21,0.990350818853502,90684,89665
223.10787066399996,flanneld,5203,0.25,0.990350818853502,47328,47288
223.10787066399996,coredns,4870,0.28,0.0,66308,42722
223.10787066399996,coredns,4880,0.26,0.0,65632,42086
224.11726068399997,nodestore,4231,3.42,0.9906973322363422,61264,61636
224.11726068399997,nodeapiserver,4238,6.06,1.9813946644726843,343444,343436
224.11726068399997,nodescheduler,4245,1.28,0.9906973322363422,65548,65728
224.11726068399997,nodecontroller,4252,1.96,0.0,125188,125512
224.11726068399997,nodelet,4375,4.68,2.9720919967090262,101844,99594
224.11726068399997,nodeproxy,4610,0.03,0.0,49800,50300
224.11726068399997,containerd,3652,2.21,0.0,90684,89665
224.11726068399997,flanneld,5203,0.25,0.0,47328,47288
224.11726068399997,coredns,4870,0.29,0.9906973322363422,66308,42722
224.11726068399997,coredns,4880,0.26,0.0,65632,42086
225.12680835599997,nodestore,4231,3.43,0.9905426239247506,61264,61636
225.12680835599997,nodeapiserver,4238,6.09,2.9716278717742517,343444,343436
225.12680835599997,nodescheduler,4245,1.29,0.9905426239247506,65548,65740
225.12680835599997,nodecontroller,4252,1.97,0.9905426239247506,125188,125512
225.12680835599997,nodelet,4375,4.69,0.9905426239247506,101844,99594
225.12680835599997,nodeproxy,4610,0.03,0.0,49800,50300
225.12680835599997,containerd,3652,2.22,0.9905426239247506,90684,89665
225.12680835599997,flanneld,5203,0.25,0.0,47328,47288
225.12680835599997,coredns,4870,0.29,0.0,66308,42722
225.12680835599997,coredns,4880,0.26,0.0,65632,42086
226.13630901299996,nodestore,4231,3.45,1.9811775120023727,61264,61636
226.13630901299996,nodeapiserver,4238,6.11,1.9811775120023727,343444,343436
226.13630901299996,nodescheduler,4245,1.29,0.0,65548,65740
226.13630901299996,nodecontroller,4252,1.99,1.9811775120023727,125188,125512
226.13630901299996,nodelet,4375,4.71,1.9811775120023727,101844,99594
226.13630901299996,nodeproxy,4610,0.03,0.0,49800,50300
226.13630901299996,containerd,3652,2.22,0.0,90684,89665
226.13630901299996,flanneld,5203,0.25,0.0,47328,47288
226.13630901299996,coredns,4870,0.29,0.0,66308,42722
226.13630901299996,coredns,4880,0.26,0.0,65632,42086
227.14591356799997,nodestore,4231,3.46,0.9904868149094179,61264,61636
227.14591356799997,nodeapiserver,4238,6.14,2.9714604447282538,343444,343436
227.14591356799997,nodescheduler,4245,1.3,0.9904868149094179,65548,65740
227.14591356799997,nodecontroller,4252,2.0,0.9904868149094179,125188,125512
227.14591356799997,nodelet,4375,4.72,0.9904868149094179,101844,99594
227.14591356799997,nodeproxy,4610,0.04,0.9904868149094179,49800,50300
227.14591356799997,containerd,3652,2.24,1.9809736298188358,90684,89665
227.14591356799997,flanneld,5203,0.25,0.0,47328,47288
227.14591356799997,coredns,4870,0.29,0.0,66308,42722
227.14591356799997,coredns,4880,0.26,0.0,65632,42086
228.15530344499996,nodestore,4231,3.47,0.9906974725881963,61264,61640
228.15530344499996,nodeapiserver,4238,6.17,2.9720924177645887,343444,343436
228.15530344499996,nodescheduler,4245,1.3,0.0,65548,65740
228.15530344499996,nodecontroller,4252,2.0,0.0,125188,125512
228.15530344499996,nodelet,4375,4.73,0.9906974725881963,101844,99598
228.15530344499996,nodeproxy,4610,0.04,0.0,49800,50300
228.15530344499996,containerd,3652,2.24,0.0,90684,89665
228.15530344499996,flanneld,5203,0.25,0.0,47328,47288
228.15530344499996,coredns,4870,0.29,0.0,66308,42722
228.15530344499996,coredns,4880,0.26,0.0,65632,42086
229.16510963399998,nodestore,4231,3.49,1.9805780770471857,61264,61640
229.16510963399998,nodeapiserver,4238,6.19,1.9805780770471857,343444,343436
229.16510963399998,nodescheduler,4245,1.31,0.9902890385235928,65548,65740
229.16510963399998,nodecontroller,4252,2.01,0.9902890385235928,125188,125512
229.16510963399998,nodelet,4375,4.75,1.9805780770471857,101844,99602
229.16510963399998,nodeproxy,4610,0.04,0.0,49800,50300
229.16510963399998,containerd,3652,2.25,0.9902890385235928,90684,89665
229.16510963399998,flanneld,5203,0.25,0.0,47328,47288
229.16510963399998,coredns,4870,0.29,0.0,66308,42722
229.16510963399998,coredns,4880,0.26,0.0,65632,42086
230.174643102,nodestore,4231,3.5,0.9905565607260988,61264,61644
230.174643102,nodeapiserver,4238,6.21,1.9811131214521975,343444,343436
230.174643102,nodescheduler,4245,1.32,0.9905565607260988,65548,65740
230.174643102,nodecontroller,4252,2.01,0.0,125188,125512
230.174643102,nodelet,4375,4.78,2.9716696821782964,101844,99602
230.174643102,nodeproxy,4610,0.04,0.0,49800,50300
230.174643102,containerd,3652,2.27,1.9811131214521975,90684,89665
230.174643102,flanneld,5203,0.25,0.0,47328,47288
230.174643102,coredns,4870,0.3,0.9905565607260988,66308,42722
230.174643102,coredns,4880,0.26,0.0,65632,42086
231.184065106,nodestore,4231,3.51,0.9906659415361952,61264,61644
231.184065106,nodeapiserver,4238,6.24,2.971997824608586,343444,343436
231.184065106,nodescheduler,4245,1.32,0.0,65548,65740
231.184065106,nodecontroller,4252,2.03,1.9813318830723905,125188,125512
231.184065106,nodelet,4375,4.83,4.953329707680976,101844,99606
231.184065106,nodeproxy,4610,0.04,0.0,49800,50300
231.184065106,containerd,3652,2.28,0.9906659415361952,90684,89669
231.184065106,flanneld,5203,0.25,0.0,47328,47288
231.184065106,coredns,4870,0.3,0.0,66308,42722
231.184065106,coredns,4880,0.27,0.9906659415361952,65632,42086
232.19354172799996,nodestore,4231,3.53,1.9812246825861295,61264,61648
232.19354172799996,nodeapiserver,4238,6.27,2.971837023879194,343444,343436
232.19354172799996,nodescheduler,4245,1.33,0.9906123412930647,65548,65740
232.19354172799996,nodecontroller,4252,2.04,0.9906123412930647,125188,125512
232.19354172799996,nodelet,4375,4.85,1.9812246825861295,101844,99606
232.19354172799996,nodeproxy,4610,0.04,0.0,49800,50300
232.19354172799996,containerd,3652,2.29,0.9906123412930647,90684,89669
232.19354172799996,flanneld,5203,0.25,0.0,47328,47288
232.19354172799996,coredns,4870,0.3,0.0,66308,42722
232.19354172799996,coredns,4880,0.27,0.0,65632,42086
233.20311253399996,nodestore,4231,3.55,1.9810398518992054,61264,61648
233.20311253399996,nodeapiserver,4238,6.29,1.9810398518992054,343444,343440
233.20311253399996,nodescheduler,4245,1.34,0.9905199259496027,65548,65740
233.20311253399996,nodecontroller,4252,2.04,0.0,125188,125512
233.20311253399996,nodelet,4375,4.86,0.9905199259496027,101844,99606
233.20311253399996,nodeproxy,4610,0.04,0.0,49800,50300
233.20311253399996,containerd,3652,2.31,1.9810398518992054,90684,89669
233.20311253399996,flanneld,5203,0.26,0.9905199259496027,47328,47288
233.20311253399996,coredns,4870,0.3,0.0,66308,42722
233.20311253399996,coredns,4880,0.27,0.0,65632,42086
234.21250387599997,nodestore,4231,3.57,1.9813920694397738,61264,61648
234.21250387599997,nodeapiserver,4238,6.31,1.9813920694397738,343444,343440
234.21250387599997,nodescheduler,4245,1.34,0.0,65548,65740
234.21250387599997,nodecontroller,4252,2.05,0.9906960347198869,125188,125512
234.21250387599997,nodelet,4375,4.87,0.9906960347198869,101844,99606
234.21250387599997,nodeproxy,4610,0.04,0.0,49800,50300
234.21250387599997,containerd,3652,2.31,0.0,90684,89669
234.21250387599997,flanneld,5203,0.26,0.0,47328,47288
234.21250387599997,coredns,4870,0.3,0.0,66308,42722
234.21250387599997,coredns,4880,0.27,0.0,65632,42086
235.222526997,nodestore,4231,3.59,1.980152689989723,61264,61648
235.222526997,nodeapiserver,4238,6.35,3.960305379979446,343444,343440
235.222526997,nodescheduler,4245,1.34,0.0,65548,65740
235.222526997,nodecontroller,4252,2.06,0.9900763449948615,125188,125512
235.222526997,nodelet,4375,4.89,1.980152689989723,101844,99606
235.222526997,nodeproxy,4610,0.04,0.0,49800,50300
235.222526997,containerd,3652,2.32,0.9900763449948615,90684,89669
235.222526997,flanneld,5203,0.26,0.0,47328,47288
235.222526997,coredns,4870,0.3,0.0,66308,42722
235.222526997,coredns,4880,0.27,0.0,65632,42094
236.23201273899997,nodestore,4231,3.6,0.9906033918010688,61264,61652
236.23201273899997,nodeapiserver,4238,6.37,1.9812067836021376,343444,343440
236.23201273899997,nodescheduler,4245,1.35,0.9906033918010688,65548,65740
236.23201273899997,nodecontroller,4252,2.06,0.0,125188,125512
236.23201273899997,nodelet,4375,4.91,1.9812067836021376,101844,99606
236.23201273899997,nodeproxy,4610,0.04,0.0,49800,50300
236.23201273899997,containerd,3652,2.33,0.9906033918010688,90684,89669
236.23201273899997,flanneld,5203,0.26,0.0,47328,47288
236.23201273899997,coredns,4870,0.3,0.0,66308,42722
236.23201273899997,coredns,4880,0.27,0.0,65632,42094
237.241667625,nodestore,4231,3.62,1.9808748788642598,61264,61652
237.241667625,nodeapiserver,4238,6.41,3.9617497577285197,343444,343440
237.241667625,nodescheduler,4245,1.35,0.0,65548,65740
237.241667625,nodecontroller,4252,2.07,0.9904374394321299,125188,125512
237.241667625,nodelet,4375,4.92,0.9904374394321299,101844,99610
237.241667625,nodeproxy,4610,0.04,0.0,49800,50300
237.241667625,containerd,3652,2.33,0.0,90684,89669
237.241667625,flanneld,5203,0.26,0.0,47328,47288
237.241667625,coredns,4870,0.3,0.0,66308,42730
237.241667625,coredns,4880,0.28,0.9904374394321299,65632,42094
238.2511851,nodestore,4231,3.63,0.9905722533431176,61264,61652
238.2511851,nodeapiserver,4238,6.43,1.9811445066862352,343444,343440
238.2511851,nodescheduler,4245,1.35,0.0,65548,65740
238.2511851,nodecontroller,4252,2.08,0.9905722533431176,125188,125512
238.2511851,nodelet,4375,4.94,1.9811445066862352,101844,99610
238.2511851,nodeproxy,4610,0.04,0.0,49800,50300
238.2511851,containerd,3652,2.35,1.9811445066862352,90684,89669
238.2511851,flanneld,5203,0.26,0.0,47328,47288
238.2511851,coredns,4870,0.3,0.0,66308,42730
238.2511851,coredns,4880,0.28,0.0,65632,42094
239.26060284599998,nodestore,4231,3.65,1.9813402408718959,61264,61664
239.26060284599998,nodeapiserver,4238,6.46,2.9720103613078437,343444,343440
239.26060284599998,nodescheduler,4245,1.36,0.9906701204359479,65548,65740
239.26060284599998,nodecontroller,4252,2.09,0.9906701204359479,125188,125512
239.26060284599998,nodelet,4375,4.95,0.9906701204359479,101844,99610
239.26060284599998,nodeproxy,4610,0.04,0.0,49800,50300
239.26060284599998,containerd,3652,2.36,0.9906701204359479,90684,89669
239.26060284599998,flanneld,5203,0.26,0.0,47328,47288
239.26060284599998,coredns,4870,0.3,0.0,66308,42730
239.26060284599998,coredns,4880,0.28,0.0,65632,42094
240.27165248999995,nodestore,4231,3.66,0.9890711162745157,61264,61664
240.27165248999995,nodeapiserver,4238,6.48,1.9781422325490314,343444,343440
240.27165248999995,nodescheduler,4245,1.37,0.9890711162745157,65548,65740
240.27165248999995,nodecontroller,4252,2.1,0.9890711162745157,125188,125512
240.27165248999995,nodelet,4375,5.0,4.945355581372579,101844,99614
240.27165248999995,nodeproxy,4610,0.04,0.0,49800,50300
240.27165248999995,containerd,3652,2.38,1.9781422325490314,90684,89673
240.27165248999995,flanneld,5203,0.26,0.0,47328,47288
240.27165248999995,coredns,4870,0.3,0.0,66308,42730
240.27165248999995,coredns,4880,0.29,0.9890711162745157,65632,42094
241.28342788199996,nodestore,4231,3.68,1.9767233081707445,61264,61664
241.28342788199996,nodeapiserver,4238,6.5,1.9767233081707445,343444,343440
241.28342788199996,nodescheduler,4245,1.38,0.9883616540853722,65548,65740
241.28342788199996,nodecontroller,4252,2.11,0.9883616540853722,125188,125512
241.28342788199996,nodelet,4375,5.03,2.965084962256117,101844,99623
241.28342788199996,nodeproxy,4610,0.04,0.0,49800,50300
241.28342788199996,containerd,3652,2.39,0.9883616540853722,90684,89675
241.28342788199996,flanneld,5203,0.26,0.0,47328,47288
241.28342788199996,coredns,4870,0.3,0.0,66308,42730
241.28342788199996,coredns,4880,0.29,0.0,65632,42094
242.292792906,nodestore,4231,3.69,0.9907218659480392,61264,61664
242.292792906,nodeapiserver,4238,6.53,2.9721655978441177,343444,343440
242.292792906,nodescheduler,4245,1.38,0.0,65548,65740
242.292792906,nodecontroller,4252,2.12,0.9907218659480392,125188,125512
242.292792906,nodelet,4375,5.04,0.9907218659480392,101844,99623
242.292792906,nodeproxy,4610,0.04,0.0,49800,50300
242.292792906,containerd,3652,2.39,0.0,90684,89675
242.292792906,flanneld,5203,0.26,0.0,47328,47288
242.292792906,coredns,4870,0.3,0.0,66308,42730
242.292792906,coredns,4880,0.29,0.0,65632,42094
243.302458231,nodestore,4231,3.71,1.9808543984611646,61264,61664
243.302458231,nodeapiserver,4238,6.55,1.9808543984611646,343444,343440
243.302458231,nodescheduler,4245,1.39,0.9904271992305823,65548,65740
243.302458231,nodecontroller,4252,2.12,0.0,125188,125512
243.302458231,nodelet,4375,5.06,1.9808543984611646,101844,99623
243.302458231,nodeproxy,4610,0.04,0.0,49800,50300
243.302458231,containerd,3652,2.4,0.9904271992305823,90684,89675
243.302458231,flanneld,5203,0.27,0.9904271992305823,47328,47292
243.302458231,coredns,4870,0.3,0.0,66308,42730
243.302458231,coredns,4880,0.29,0.0,65632,42094
244.311919688,nodestore,4231,3.71,0.0,61264,61668
244.311919688,nodeapiserver,4238,6.57,1.9812544462507669,343444,343444
244.311919688,nodescheduler,4245,1.39,0.0,65548,65740
244.311919688,nodecontroller,4252,2.13,0.9906272231253834,125188,125516
244.311919688,nodelet,4375,5.07,0.9906272231253834,101844,99623
244.311919688,nodeproxy,4610,0.04,0.0,49800,50300
244.311919688,containerd,3652,2.41,0.9906272231253834,90684,89675
244.311919688,flanneld,5203,0.27,0.0,47328,47292
244.311919688,coredns,4870,0.31,0.9906272231253834,66308,42730
244.311919688,coredns,4880,0.29,0.0,65632,42094
245.32162074999997,nodestore,4231,3.73,1.9807842888057166,61264,61668
245.32162074999997,nodeapiserver,4238,6.6,2.9711764332085746,343444,343444
245.32162074999997,nodescheduler,4245,1.4,0.9903921444028583,65548,65740
245.32162074999997,nodecontroller,4252,2.14,0.9903921444028583,125188,125516
245.32162074999997,nodelet,4375,5.08,0.9903921444028583,101844,99623
245.32162074999997,nodeproxy,4610,0.04,0.0,49800,50300
245.32162074999997,containerd,3652,2.42,0.9903921444028583,90684,89675
245.32162074999997,flanneld,5203,0.27,0.0,47328,47292
245.32162074999997,coredns,4870,0.31,0.0,66308,42730
245.32162074999997,coredns,4880,0.29,0.0,65632,42094
246.33134094499997,nodestore,4231,3.74,0.9903733776464678,61264,61672
246.33134094499997,nodeapiserver,4238,6.62,1.9807467552929356,343444,343444
246.33134094499997,nodescheduler,4245,1.4,0.0,65548,65740
246.33134094499997,nodecontroller,4252,2.14,0.0,125188,125516
246.33134094499997,nodelet,4375,5.09,0.9903733776464678,101844,99627
246.33134094499997,nodeproxy,4610,0.04,0.0,49800,50300
246.33134094499997,containerd,3652,2.43,0.9903733776464678,90684,89675
246.33134094499997,flanneld,5203,0.27,0.0,47328,47292
246.33134094499997,coredns,4870,0.32,0.9903733776464678,66308,42730
246.33134094499997,coredns,4880,0.29,0.0,65632,42094
247.34112857999997,nodestore,4231,3.77,2.970921702759781,61264,61676
247.34112857999997,nodeapiserver,4238,6.65,2.970921702759781,343444,343444
247.34112857999997,nodescheduler,4245,1.41,0.9903072342532604,65548,65740
247.34112857999997,nodecontroller,4252,2.15,0.9903072342532604,125188,125516
247.34112857999997,nodelet,4375,5.11,1.9806144685065208,101844,99627
247.34112857999997,nodeproxy,4610,0.04,0.0,49800,50300
247.34112857999997,containerd,3652,2.43,0.0,90684,89675
247.34112857999997,flanneld,5203,0.27,0.0,47328,47292
247.34112857999997,coredns,4870,0.32,0.0,66308,42730
247.34112857999997,coredns,4880,0.29,0.0,65632,42094
248.35111652,nodestore,4231,3.77,0.0,61264,61676
248.35111652,nodeapiserver,4238,6.68,2.9703324972374516,343444,343444
248.35111652,nodescheduler,4245,1.41,0.0,65548,65740
248.35111652,nodecontroller,4252,2.16,0.9901108324124839,125188,125516
248.35111652,nodelet,4375,5.15,3.9604433296499355,101844,99627
248.35111652,nodeproxy,4610,0.04,0.0,49800,50300
248.35111652,containerd,3652,2.46,2.9703324972374516,90684,89687
248.35111652,flanneld,5203,0.28,0.9901108324124839,47328,47292
248.35111652,coredns,4870,0.32,0.0,66308,42730
248.35111652,coredns,4880,0.29,0.0,65632,42094
249.36070836899995,nodestore,4231,3.79,1.9809985609344063,61264,61676
249.36070836899995,nodeapiserver,4238,6.72,3.9619971218688126,343444,343448
249.36070836899995,nodescheduler,4245,1.41,0.0,65548,65740
249.36070836899995,nodecontroller,4252,2.17,0.9904992804672031,125188,125516
249.36070836899995,nodelet,4375,5.17,1.9809985609344063,101844,99627
249.36070836899995,nodeproxy,4610,0.04,0.0,49800,50300
249.36070836899995,containerd,3652,2.47,0.9904992804672031,90684,89687
249.36070836899995,flanneld,5203,0.28,0.0,47328,47292
249.36070836899995,coredns,4870,0.32,0.0,66308,42730
249.36070836899995,coredns,4880,0.29,0.0,65632,42094
250.37032183599996,nodestore,4231,3.81,1.9809561434861322,61264,61676
250.37032183599996,nodeapiserver,4238,6.74,1.9809561434861322,343444,343448
250.37032183599996,nodescheduler,4245,1.42,0.9904780717430661,65548,65744
250.37032183599996,nodecontroller,4252,2.18,0.9904780717430661,125188,125520
250.37032183599996,nodelet,4375,5.22,4.952390358715331,101972,99695
250.37032183599996,nodeproxy,4610,0.04,0.0,49800,50300
250.37032183599996,containerd,3652,2.51,3.9619122869722645,90684,89687
250.37032183599996,flanneld,5203,0.28,0.0,47328,47292
250.37032183599996,coredns,4870,0.32,0.0,66308,42730
250.37032183599996,coredns,4880,0.29,0.0,65632,42094
251.380745199,nodestore,4231,3.82,0.9896841627166244,61264,61676
251.380745199,nodeapiserver,4238,6.77,2.9690524881498734,343444,343448
251.380745199,nodescheduler,4245,1.43,0.9896841627166244,65548,65744
251.380745199,nodecontroller,4252,2.19,0.9896841627166244,125188,125520
251.380745199,nodelet,4375,5.25,2.9690524881498734,101972,99695
251.380745199,nodeproxy,4610,0.04,0.0,49800,50300
251.380745199,containerd,3652,2.52,0.9896841627166244,90684,89687
251.380745199,flanneld,5203,0.28,0.0,47328,47292
251.380745199,coredns,4870,0.32,0.0,66308,42730
251.380745199,coredns,4880,0.29,0.0,65632,42094
252.390494769,nodestore,4231,3.84,1.980689132652967,61264,61676
252.390494769,nodeapiserver,4238,6.8,2.9710336989794506,343444,343448
252.390494769,nodescheduler,4245,1.44,0.9903445663264835,65548,65744
252.390494769,nodecontroller,4252,2.2,0.9903445663264835,125188,125520
252.390494769,nodelet,4375,5.26,0.9903445663264835,101972,99695
252.390494769,nodeproxy,4610,0.04,0.0,49800,50300
252.390494769,containerd,3652,2.52,0.0,90684,89687
252.390494769,flanneld,5203,0.28,0.0,47328,47292
252.390494769,coredns,4870,0.32,0.0,66308,42730
252.390494769,coredns,4880,0.29,0.0,65632,42094
253.40031468799998,nodestore,4231,3.85,0.9902755740749113,61264,61680
253.40031468799998,nodeapiserver,4238,6.83,2.9708267222247335,343444,343448
253.40031468799998,nodescheduler,4245,1.44,0.0,65548,65744
253.40031468799998,nodecontroller,4252,2.2,0.0,125188,125520
253.40031468799998,nodelet,4375,5.3,3.961102296299645,101164,98799
253.40031468799998,nodeproxy,4610,0.04,0.0,49800,50300
253.40031468799998,containerd,3652,2.54,1.9805511481498226,90684,89691
253.40031468799998,flanneld,5203,0.28,0.0,47328,47292
253.40031468799998,coredns,4870,0.32,0.0,66308,42730
253.40031468799998,coredns,4880,0.29,0.0,65632,42094
254.410002797,nodestore,4231,3.87,1.9808096997208005,61264,61680
254.410002797,nodeapiserver,4238,6.85,1.9808096997208005,343444,343448
254.410002797,nodescheduler,4245,1.45,0.9904048498604002,65548,65744
254.410002797,nodecontroller,4252,2.21,0.9904048498604002,125188,125520
254.410002797,nodelet,4375,5.31,0.9904048498604002,101164,98799
254.410002797,nodeproxy,4610,0.04,0.0,49800,50300
254.410002797,containerd,3652,2.54,0.0,90684,89691
254.410002797,flanneld,5203,0.28,0.0,47328,47292
254.410002797,coredns,4870,0.32,0.0,66308,42730
254.410002797,coredns,4880,0.29,0.0,65632,42094
255.41990446899996,nodestore,4231,3.88,0.9901954098359431,61264,61680
255.41990446899996,nodeapiserver,4238,6.88,2.970586229507829,343444,343452
255.41990446899996,nodescheduler,4245,1.45,0.0,65548,65744
255.41990446899996,nodecontroller,4252,2.22,0.9901954098359431,125316,125528
255.41990446899996,nodelet,4375,5.32,0.9901954098359431,101164,98799
255.41990446899996,nodeproxy,4610,0.04,0.0,49800,50300
255.41990446899996,containerd,3652,2.54,0.0,90684,89691
255.41990446899996,flanneld,5203,0.28,0.0,47328,47292
255.41990446899996,coredns,4870,0.32,0.0,66308,42730
255.41990446899996,coredns,4880,0.29,0.0,65632,42094
256.42980402399996,nodestore,4231,3.89,0.990197485531119,61264,61684
256.42980402399996,nodeapiserver,4238,6.92,3.960789942124476,343444,343452
256.42980402399996,nodescheduler,4245,1.45,0.0,65548,65744
256.42980402399996,nodecontroller,4252,2.24,1.980394971062238,125316,125528
256.42980402399996,nodelet,4375,5.33,0.990197485531119,101164,98799
256.42980402399996,nodeproxy,4610,0.04,0.0,49800,50300
256.42980402399996,containerd,3652,2.55,0.990197485531119,90684,89691
256.42980402399996,flanneld,5203,0.28,0.0,47328,47292
256.42980402399996,coredns,4870,0.32,0.0,66308,42730
256.42980402399996,coredns,4880,0.3,0.990197485531119,65632,42094
257.439442246,nodestore,4231,3.91,1.9809075730493992,61264,61684
257.439442246,nodeapiserver,4238,6.94,1.9809075730493992,343444,343452
257.439442246,nodescheduler,4245,1.46,0.9904537865246996,65548,65744
257.439442246,nodecontroller,4252,2.26,1.9809075730493992,125316,125528
257.439442246,nodelet,4375,5.35,1.9809075730493992,101164,98799
257.439442246,nodeproxy,4610,0.05,0.9904537865246996,49800,50300
257.439442246,containerd,3652,2.56,0.9904537865246996,90684,89691
257.439442246,flanneld,5203,0.28,0.0,47328,47292
257.439442246,coredns,4870,0.32,0.0,66308,42730
257.439442246,coredns,4880,0.3,0.0,65632,42094
258.44943767999996,nodestore,4231,3.93,1.98020697190605,61264,61684
258.44943767999996,nodeapiserver,4238,6.97,2.9703104578590747,343444,343452
258.44943767999996,nodescheduler,4245,1.47,0.990103485953025,65548,65744
258.44943767999996,nodecontroller,4252,2.27,0.990103485953025,125316,125528
258.44943767999996,nodelet,4375,5.36,0.990103485953025,101164,98799
258.44943767999996,nodeproxy,4610,0.05,0.0,49800,50300
258.44943767999996,containerd,3652,2.58,1.98020697190605,90684,89695
258.44943767999996,flanneld,5203,0.29,0.990103485953025,47328,47292
258.44943767999996,coredns,4870,0.32,0.0,66308,42730
258.44943767999996,coredns,4880,0.3,0.0,65632,42094
259.45925119,nodestore,4231,3.95,1.9805637181463045,61264,61688
259.45925119,nodeapiserver,4238,6.99,1.9805637181463045,343444,343452
259.45925119,nodescheduler,4245,1.48,0.9902818590731522,65548,65744
259.45925119,nodecontroller,4252,2.28,0.9902818590731522,125316,125536
259.45925119,nodelet,4375,5.39,2.970845577219457,101164,98799
259.45925119,nodeproxy,4610,0.05,0.0,49800,50300
259.45925119,containerd,3652,2.59,0.9902818590731522,90684,89695
259.45925119,flanneld,5203,0.29,0.0,47328,47292
259.45925119,coredns,4870,0.32,0.0,66308,42730
259.45925119,coredns,4880,0.3,0.0,65632,42094
260.46917552099995,nodestore,4231,3.95,0.0,61264,61688
260.46917552099995,nodeapiserver,4238,7.02,2.9705195804417763,343444,343452
260.46917552099995,nodescheduler,4245,1.48,0.0,65548,65744
260.46917552099995,nodecontroller,4252,2.29,0.9901731934805921,125316,125536
260.46917552099995,nodelet,4375,5.42,2.9705195804417763,101164,98799
260.46917552099995,nodeproxy,4610,0.05,0.0,49800,50300
260.46917552099995,containerd,3652,2.61,1.9803463869611841,90684,89695
260.46917552099995,flanneld,5203,0.29,0.0,47328,47292
260.46917552099995,coredns,4870,0.33,0.9901731934805921,66308,42730
260.46917552099995,coredns,4880,0.3,0.0,65632,42094
261.47884011099995,nodestore,4231,3.97,1.9808558404529175,61264,61692
261.47884011099995,nodeapiserver,4238,7.04,1.9808558404529175,343444,343452
261.47884011099995,nodescheduler,4245,1.49,0.9904279202264588,65548,65744
261.47884011099995,nodecontroller,4252,2.3,0.9904279202264588,125316,125544
261.47884011099995,nodelet,4375,5.46,3.961711680905835,101164,98799
261.47884011099995,nodeproxy,4610,0.05,0.0,49800,50300
261.47884011099995,containerd,3652,2.62,0.9904279202264588,90684,89695
261.47884011099995,flanneld,5203,0.29,0.0,47328,47292
261.47884011099995,coredns,4870,0.33,0.0,66308,42730
261.47884011099995,coredns,4880,0.3,0.0,65632,42094
262.48842731999997,nodestore,4231,3.98,0.9905038327402017,61264,61692
262.48842731999997,nodeapiserver,4238,7.07,2.9715114982206052,343444,343452
262.48842731999997,nodescheduler,4245,1.49,0.0,65548,65744
262.48842731999997,nodecontroller,4252,2.3,0.0,125316,125544
262.48842731999997,nodelet,4375,5.48,1.9810076654804034,101164,98839
262.48842731999997,nodeproxy,4610,0.05,0.0,49800,50300
262.48842731999997,containerd,3652,2.62,0.0,90684,89703
262.48842731999997,flanneld,5203,0.29,0.0,47328,47292
262.48842731999997,coredns,4870,0.34,0.9905038327402017,66308,42730
262.48842731999997,coredns,4880,0.31,0.9905038327402017,65632,42094
263.497918089,nodestore,4231,4.0,1.9811969177104503,61264,61692
263.497918089,nodeapiserver,4238,7.1,2.9717953765656757,343444,343452
263.497918089,nodescheduler,4245,1.5,0.9905984588552251,65548,65744
263.497918089,nodecontroller,4252,2.31,0.9905984588552251,125316,125544
263.497918089,nodelet,4375,5.49,0.9905984588552251,101164,98847
263.497918089,nodeproxy,4610,0.05,0.0,49800,50300
263.497918089,containerd,3652,2.64,1.9811969177104503,90684,89703
263.497918089,flanneld,5203,0.3,0.9905984588552251,47328,47292
263.497918089,coredns,4870,0.34,0.0,66308,42730
263.497918089,coredns,4880,0.31,0.0,65632,42094
264.507724383,nodestore,4231,4.02,1.9805778711060669,61264,61700
264.507724383,nodeapiserver,4238,7.12,1.9805778711060669,343444,343452
264.507724383,nodescheduler,4245,1.5,0.0,65548,65744
264.507724383,nodecontroller,4252,2.32,0.9902889355530334,125316,125544
264.507724383,nodelet,4375,5.51,1.9805778711060669,101164,98851
264.507724383,nodeproxy,4610,0.05,0.0,49800,50300
264.507724383,containerd,3652,2.64,0.0,90684,89703
264.507724383,flanneld,5203,0.3,0.0,47328,47292
264.507724383,coredns,4870,0.34,0.0,66308,42730
264.507724383,coredns,4880,0.31,0.0,65632,42094
265.517536895,nodestore,4231,4.03,0.9902828377709818,61264,61700
265.517536895,nodeapiserver,4238,7.15,2.9708485133129456,343444,343452
265.517536895,nodescheduler,4245,1.51,0.9902828377709818,65548,65744
265.517536895,nodecontroller,4252,2.32,0.0,125316,125544
265.517536895,nodelet,4375,5.52,0.9902828377709818,101164,98855
265.517536895,nodeproxy,4610,0.05,0.0,49800,50300
265.517536895,containerd,3652,2.65,0.9902828377709818,90684,89703
265.517536895,flanneld,5203,0.3,0.0,47328,47292
265.517536895,coredns,4870,0.34,0.0,66308,42730
265.517536895,coredns,4880,0.31,0.0,65632,42094
266.527150329,nodestore,4231,4.05,1.9809562082352083,61264,61700
266.527150329,nodeapiserver,4238,7.18,2.9714343123528124,343444,343452
266.527150329,nodescheduler,4245,1.51,0.0,65548,65744
266.527150329,nodecontroller,4252,2.33,0.9904781041176042,125316,125544
266.527150329,nodelet,4375,5.53,0.9904781041176042,101164,98863
266.527150329,nodeproxy,4610,0.05,0.0,49800,50304
266.527150329,containerd,3652,2.65,0.0,90684,89703
266.527150329,flanneld,5203,0.3,0.0,47328,47292
266.527150329,coredns,4870,0.34,0.0,66308,42730
266.527150329,coredns,4880,0.31,0.0,65632,42094
267.53684053999996,nodestore,4231,4.07,1.9808055760184773,61264,61700
267.53684053999996,nodeapiserver,4238,7.2,1.9808055760184773,343444,343452
267.53684053999996,nodescheduler,4245,1.51,0.0,65548,65744
267.53684053999996,nodecontroller,4252,2.34,0.9904027880092386,125316,125544
267.53684053999996,nodelet,4375,5.55,1.9808055760184773,101164,98863
267.53684053999996,nodeproxy,4610,0.05,0.0,49800,50304
267.53684053999996,containerd,3652,2.66,0.9904027880092386,90684,89703
267.53684053999996,flanneld,5203,0.3,0.0,47328,47292
267.53684053999996,coredns,4870,0.34,0.0,66308,42730
267.53684053999996,coredns,4880,0.32,0.9904027880092386,65632,42098
268.546707429,nodestore,4231,4.08,0.990229515288106,61264,61712
268.546707429,nodeapiserver,4238,7.24,3.960918061152424,343444,343452
268.546707429,nodescheduler,4245,1.53,1.980459030576212,65548,65744
268.546707429,nodecontroller,4252,2.35,0.990229515288106,125316,125544
268.546707429,nodelet,4375,5.56,0.990229515288106,101164,98863
268.546707429,nodeproxy,4610,0.05,0.0,49800,50304
268.546707429,containerd,3652,2.67,0.990229515288106,90684,89703
268.546707429,flanneld,5203,0.3,0.0,47328,47292
268.546707429,coredns,4870,0.34,0.0,66308,42730
268.546707429,coredns,4880,0.32,0.0,65632,42098
269.55647609899995,nodestore,4231,4.1,1.9806516674755386,61264,61724
269.55647609899995,nodeapiserver,4238,7.26,1.9806516674755386,343444,343452
269.55647609899995,nodescheduler,4245,1.53,0.0,65548,65744
269.55647609899995,nodecontroller,4252,2.36,0.9903258337377693,125316,125544
269.55647609899995,nodelet,4375,5.58,1.9806516674755386,101164,98879
269.55647609899995,nodeproxy,4610,0.05,0.0,49800,50304
269.55647609899995,containerd,3652,2.69,1.9806516674755386,90684,89707
269.55647609899995,flanneld,5203,0.3,0.0,47328,47292
269.55647609899995,coredns,4870,0.34,0.0,66308,42730
269.55647609899995,coredns,4880,0.32,0.0,65632,42098
270.56634690799996,nodestore,4231,4.12,1.9804513430588608,61264,61724
270.56634690799996,nodeapiserver,4238,7.28,1.9804513430588608,343444,343452
270.56634690799996,nodescheduler,4245,1.54,0.9902256715294304,65548,65744
270.56634690799996,nodecontroller,4252,2.37,0.9902256715294304,125316,125544
270.56634690799996,nodelet,4375,5.62,3.9609026861177217,101164,98883
270.56634690799996,nodeproxy,4610,0.05,0.0,49800,50304
270.56634690799996,containerd,3652,2.7,0.9902256715294304,90684,89711
270.56634690799996,flanneld,5203,0.3,0.0,47328,47292
270.56634690799996,coredns,4870,0.34,0.0,66308,42730
270.56634690799996,coredns,4880,0.32,0.0,65632,42098
271.57594613599997,nodestore,4231,4.12,0.0,61264,61724
271.57594613599997,nodeapiserver,4238,7.31,2.971476123196838,343444,343456
271.57594613599997,nodescheduler,4245,1.54,0.0,65548,65744
271.57594613599997,nodecontroller,4252,2.37,0.0,125316,125544
271.57594613599997,nodelet,4375,5.66,3.961968164262451,101164,98883
271.57594613599997,nodeproxy,4610,0.05,0.0,49800,50304
271.57594613599997,containerd,3652,2.71,0.9904920410656127,90684,89711
271.57594613599997,flanneld,5203,0.3,0.0,47328,47292
271.57594613599997,coredns,4870,0.34,0.0,66308,42730
271.57594613599997,coredns,4880,0.32,0.0,65632,42098
272.585338565,nodestore,4231,4.14,1.9813899357075486,61264,61724
272.585338565,nodeapiserver,4238,7.33,1.9813899357075486,343444,343456
272.585338565,nodescheduler,4245,1.55,0.9906949678537743,65548,65744
272.585338565,nodecontroller,4252,2.38,0.9906949678537743,125316,125544
272.585338565,nodelet,4375,5.67,0.9906949678537743,101164,98883
272.585338565,nodeproxy,4610,0.05,0.0,49800,50304
272.585338565,containerd,3652,2.72,0.9906949678537743,90684,89711
272.585338565,flanneld,5203,0.3,0.0,47328,47292
272.585338565,coredns,4870,0.34,0.0,66308,42730
272.585338565,coredns,4880,0.32,0.0,65632,42098
273.59563686999996,nodestore,4231,4.15,0.9898066690312896,61264,61724
273.59563686999996,nodeapiserver,4238,7.35,1.979613338062579,343444,343456
273.59563686999996,nodescheduler,4245,1.55,0.0,65548,65744
273.59563686999996,nodecontroller,4252,2.39,0.9898066690312896,125316,125544
273.59563686999996,nodelet,4375,5.69,1.979613338062579,101164,98883
273.59563686999996,nodeproxy,4610,0.05,0.0,49800,50304
273.59563686999996,containerd,3652,2.74,1.979613338062579,90684,89711
273.59563686999996,flanneld,5203,0.31,0.9898066690312896,47328,47292
273.59563686999996,coredns,4870,0.34,0.0,66012,42410
273.59563686999996,coredns,4880,0.32,0.0,65632,42098
274.605008447,nodestore,4231,4.16,0.9907154340249228,61264,61728
274.605008447,nodeapiserver,4238,7.38,2.9721463020747683,343444,343456
274.605008447,nodescheduler,4245,1.56,0.9907154340249228,65548,65748
274.605008447,nodecontroller,4252,2.4,0.9907154340249228,125316,125544
274.605008447,nodelet,4375,5.69,0.0,101164,98883
274.605008447,nodeproxy,4610,0.05,0.0,49800,50304
274.605008447,containerd,3652,2.74,0.0,90684,89711
274.605008447,flanneld,5203,0.31,0.0,47328,47292
274.605008447,coredns,4870,0.35,0.9907154340249228,66012,42410
274.605008447,coredns,4880,0.32,0.0,65632,42098
275.61469570099996,nodestore,4231,4.18,1.9808113770643456,61264,61728
275.61469570099996,nodeapiserver,4238,7.4,1.9808113770643456,343444,343456
275.61469570099996,nodescheduler,4245,1.56,0.0,65548,65748
275.61469570099996,nodecontroller,4252,2.41,0.9904056885321728,125316,125544
275.61469570099996,nodelet,4375,5.71,1.9808113770643456,101164,98883
275.61469570099996,nodeproxy,4610,0.05,0.0,49800,50304
275.61469570099996,containerd,3652,2.75,0.9904056885321728,90684,89711
275.61469570099996,flanneld,5203,0.31,0.0,47328,47292
275.61469570099996,coredns,4870,0.35,0.0,66012,42410
275.61469570099996,coredns,4880,0.32,0.0,65632,42098
276.624243027,nodestore,4231,4.19,0.9905429634112889,61264,61732
276.624243027,nodeapiserver,4238,7.43,2.9716288902338666,343444,343456
276.624243027,nodescheduler,4245,1.57,0.9905429634112889,65548,65748
276.624243027,nodecontroller,4252,2.41,0.0,125316,125544
276.624243027,nodelet,4375,5.73,1.9810859268225778,101164,98883
276.624243027,nodeproxy,4610,0.05,0.0,49800,50304
276.624243027,containerd,3652,2.75,0.0,90684,89711
276.624243027,flanneld,5203,0.31,0.0,47328,47292
276.624243027,coredns,4870,0.35,0.0,66012,42410
276.624243027,coredns,4880,0.32,0.0,65632,42098
277.633735914,nodestore,4231,4.21,1.9811927609946172,61264,61732
277.633735914,nodeapiserver,4238,7.46,2.9717891414919255,343444,343456
277.633735914,nodescheduler,4245,1.57,0.0,65548,65748
277.633735914,nodecontroller,4252,2.42,0.9905963804973086,125316,125544
277.633735914,nodelet,4375,5.75,1.9811927609946172,101164,98883
277.633735914,nodeproxy,4610,0.05,0.0,49800,50304
277.633735914,containerd,3652,2.76,0.9905963804973086,90684,89711
277.633735914,flanneld,5203,0.31,0.0,47328,47292
277.633735914,coredns,4870,0.36,0.9905963804973086,66012,42410
277.633735914,coredns,4880,0.32,0.0,65632,42098
278.643425101,nodestore,4231,4.22,0.9904037924494558,61264,61744
278.643425101,nodeapiserver,4238,7.48,1.9808075848989115,343444,343456
278.643425101,nodescheduler,4245,1.58,0.9904037924494558,65548,65748
278.643425101,nodecontroller,4252,2.42,0.0,125316,125544
278.643425101,nodelet,4375,5.76,0.9904037924494558,101164,98883
278.643425101,nodeproxy,4610,0.05,0.0,49800,50304
278.643425101,containerd,3652,2.78,1.9808075848989115,90684,89711
278.643425101,flanneld,5203,0.31,0.0,47328,47292
278.643425101,coredns,4870,0.36,0.0,66012,42410
278.643425101,coredns,4880,0.32,0.0,65632,42098
279.652994336,nodestore,4231,4.24,1.9810429346135636,61264,61744
279.652994336,nodeapiserver,4238,7.51,2.9715644019203453,343444,343456
279.652994336,nodescheduler,4245,1.58,0.0,65548,65748
279.652994336,nodecontroller,4252,2.44,1.9810429346135636,125316,125544
279.652994336,nodelet,4375,5.78,1.9810429346135636,101164,98887
279.652994336,nodeproxy,4610,0.05,0.0,49800,50304
279.652994336,containerd,3652,2.78,0.0,90684,89711
279.652994336,flanneld,5203,0.31,0.0,47328,47292
279.652994336,coredns,4870,0.36,0.0,66012,42410
279.652994336,coredns,4880,0.32,0.0,65632,42098
280.662665723,nodestore,4231,4.25,0.9904212527714532,61264,61748
280.662665723,nodeapiserver,4238,7.53,1.9808425055429064,343444,343456
280.662665723,nodescheduler,4245,1.59,0.9904212527714532,65548,65748
280.662665723,nodecontroller,4252,2.45,0.9904212527714532,125316,125544
280.662665723,nodelet,4375,5.8,1.9808425055429064,101164,98887
280.662665723,nodeproxy,4610,0.05,0.0,49800,50304
280.662665723,containerd,3652,2.8,1.9808425055429064,90684,89711
280.662665723,flanneld,5203,0.31,0.0,47328,47292
280.662665723,coredns,4870,0.36,0.0,66012,42410
280.662665723,coredns,4880,0.32,0.0,65632,42098
281.67224141599996,nodestore,4231,4.26,0.990515131191864,61264,61748
281.67224141599996,nodeapiserver,4238,7.55,1.981030262383728,343444,343456
281.67224141599996,nodescheduler,4245,1.59,0.0,65548,65748
281.67224141599996,nodecontroller,4252,2.45,0.0,125316,125544
281.67224141599996,nodelet,4375,5.83,2.9715453935755916,101164,98895
281.67224141599996,nodeproxy,4610,0.05,0.0,49800,50304
281.67224141599996,containerd,3652,2.81,0.990515131191864,90684,89711
281.67224141599996,flanneld,5203,0.31,0.0,47328,47292
281.67224141599996,coredns,4870,0.36,0.0,66012,42410
281.67224141599996,coredns,4880,0.32,0.0,65632,42098
282.68183367,nodestore,4231,4.28,1.980997766252593,61264,61756
282.68183367,nodeapiserver,4238,7.58,2.9714966493788895,343444,343456
282.68183367,nodescheduler,4245,1.6,0.9904988831262965,65548,65748
282.68183367,nodecontroller,4252,2.46,0.9904988831262965,125316,125544
282.68183367,nodelet,4375,5.85,1.980997766252593,101164,98895
282.68183367,nodeproxy,4610,0.05,0.0,49800,50304
282.68183367,containerd,3652,2.82,0.9904988831262965,90684,89711
282.68183367,flanneld,5203,0.31,0.0,47328,47292
282.68183367,coredns,4870,0.36,0.0,66012,42410
282.68183367,coredns,4880,0.33,0.9904988831262965,65632,42098
283.691446232,nodestore,4231,4.3,1.9809579191825215,61264,61760
283.691446232,nodeapiserver,4238,7.6,1.9809579191825215,343444,343456
283.691446232,nodescheduler,4245,1.61,0.9904789595912608,65548,65748
283.691446232,nodecontroller,4252,2.47,0.9904789595912608,125316,125544
283.691446232,nodelet,4375,5.87,1.9809579191825215,101164,98903
283.691446232,nodeproxy,4610,0.05,0.0,49800,50304
283.691446232,containerd,3652,2.82,0.0,90684,89711
283.691446232,flanneld,5203,0.32,0.9904789595912608,47328,47292
283.691446232,coredns,4870,0.36,0.0,66012,42410
283.691446232,coredns,4880,0.33,0.0,65632,42098
284.702251102,nodestore,4231,4.32,1.978621254565156,61264,61760
284.702251102,nodeapiserver,4238,7.63,2.967931881847734,343444,343456
284.702251102,nodescheduler,4245,1.61,0.0,65548,65748
284.702251102,nodecontroller,4252,2.49,1.978621254565156,123864,123972
284.702251102,nodelet,4375,5.89,1.978621254565156,101164,98903
284.702251102,nodeproxy,4610,0.05,0.0,49800,50304
284.702251102,containerd,3652,2.83,0.989310627282578,90684,89711
284.702251102,flanneld,5203,0.32,0.0,47328,47292
284.702251102,coredns,4870,0.36,0.0,66012,42410
284.702251102,coredns,4880,0.33,0.0,65632,42098
285.71190310099996,nodestore,4231,4.33,0.9904402714900474,61264,61760
285.71190310099996,nodeapiserver,4238,7.66,2.9713208144701424,343444,343456
285.71190310099996,nodescheduler,4245,1.62,0.9904402714900474,65548,65748
285.71190310099996,nodecontroller,4252,2.5,0.9904402714900474,123864,123976
285.71190310099996,nodelet,4375,5.91,1.9808805429800949,101164,98903
285.71190310099996,nodeproxy,4610,0.05,0.0,49800,50304
285.71190310099996,containerd,3652,2.83,0.0,90684,89711
285.71190310099996,flanneld,5203,0.32,0.0,47328,47292
285.71190310099996,coredns,4870,0.36,0.0,66012,42410
285.71190310099996,coredns,4880,0.34,0.9904402714900474,65632,42098
286.72216367799996,nodestore,4231,4.35,1.979687266367523,61264,61764
286.72216367799996,nodeapiserver,4238,7.69,2.9695308995512844,343444,343456
286.72216367799996,nodescheduler,4245,1.63,0.9898436331837615,65548,65748
286.72216367799996,nodecontroller,4252,2.51,0.9898436331837615,123864,123976
286.72216367799996,nodelet,4375,5.93,1.979687266367523,101164,98903
286.72216367799996,nodeproxy,4610,0.05,0.0,49800,50304
286.72216367799996,containerd,3652,2.85,1.979687266367523,90684,89711
286.72216367799996,flanneld,5203,0.32,0.0,47328,47292
286.72216367799996,coredns,4870,0.36,0.0,66012,42410
286.72216367799996,coredns,4880,0.34,0.0,65632,42098
287.732375334,nodestore,4231,4.36,0.9898915678319754,61264,61768
287.732375334,nodeapiserver,4238,7.72,2.9696747034959263,343444,343456
287.732375334,nodescheduler,4245,1.63,0.0,65548,65752
287.732375334,nodecontroller,4252,2.52,0.9898915678319754,123864,123976
287.732375334,nodelet,4375,5.94,0.9898915678319754,101164,98903
287.732375334,nodeproxy,4610,0.05,0.0,49800,50304
287.732375334,containerd,3652,2.85,0.0,90684,89711
287.732375334,flanneld,5203,0.32,0.0,47328,47292
287.732375334,coredns,4870,0.36,0.0,66012,42410
287.732375334,coredns,4880,0.34,0.0,65632,42098
288.74198541199996,nodestore,4231,4.38,1.9809627930437907,61264,61776
288.74198541199996,nodeapiserver,4238,7.74,1.9809627930437907,343444,343460
288.74198541199996,nodescheduler,4245,1.64,0.9904813965218954,65548,65752
288.74198541199996,nodecontroller,4252,2.53,0.9904813965218954,123864,123976
288.74198541199996,nodelet,4375,5.96,1.9809627930437907,101164,98903
288.74198541199996,nodeproxy,4610,0.05,0.0,49800,50304
288.74198541199996,containerd,3652,2.87,1.9809627930437907,90684,89711
288.74198541199996,flanneld,5203,0.32,0.0,47328,47296
288.74198541199996,coredns,4870,0.36,0.0,66012,42410
288.74198541199996,coredns,4880,0.34,0.0,65632,42098
289.75164569099996,nodestore,4231,4.4,1.9808642982180702,61264,61776
289.75164569099996,nodeapiserver,4238,7.77,2.9712964473271053,343444,343460
289.75164569099996,nodescheduler,4245,1.64,0.0,65548,65752
289.75164569099996,nodecontroller,4252,2.54,0.9904321491090351,123864,123976
289.75164569099996,nodelet,4375,5.99,2.9712964473271053,101164,98903
289.75164569099996,nodeproxy,4610,0.05,0.0,49800,50304
289.75164569099996,containerd,3652,2.89,1.9808642982180702,90684,89711
289.75164569099996,flanneld,5203,0.32,0.0,47328,47296
289.75164569099996,coredns,4870,0.37,0.9904321491090351,66012,42410
289.75164569099996,coredns,4880,0.34,0.0,65632,42098
290.761448083,nodestore,4231,4.41,0.9902927621505974,61264,61776
290.761448083,nodeapiserver,4238,7.79,1.9805855243011947,343444,343460
290.761448083,nodescheduler,4245,1.65,0.9902927621505974,65548,65752
290.761448083,nodecontroller,4252,2.54,0.0,123864,123976
290.761448083,nodelet,4375,6.01,1.9805855243011947,101164,98903
290.761448083,nodeproxy,4610,0.05,0.0,49800,50304
290.761448083,containerd,3652,2.9,0.9902927621505974,90684,89711
290.761448083,flanneld,5203,0.32,0.0,47328,47296
290.761448083,coredns,4870,0.37,0.0,66012,42410
290.761448083,coredns,4880,0.34,0.0,65632,42098
291.77110019699995,nodestore,4231,4.43,1.9808803173566205,61264,61776
291.77110019699995,nodeapiserver,4238,7.81,1.9808803173566205,343444,343460
291.77110019699995,nodescheduler,4245,1.65,0.0,65548,65752
291.77110019699995,nodecontroller,4252,2.56,1.9808803173566205,123864,123976
291.77110019699995,nodelet,4375,6.05,3.961760634713241,101164,98903
291.77110019699995,nodeproxy,4610,0.05,0.0,49800,50304
291.77110019699995,containerd,3652,2.91,0.9904401586783103,90684,89711
291.77110019699995,flanneld,5203,0.32,0.0,47328,47296
291.77110019699995,coredns,4870,0.37,0.0,66012,42410
291.77110019699995,coredns,4880,0.34,0.0,65632,42098
292.780669429,nodestore,4231,4.43,0.0,61264,61776
292.780669429,nodeapiserver,4238,7.84,2.971564410750447,343444,343460
292.780669429,nodescheduler,4245,1.66,0.990521470250149,65548,65752
292.780669429,nodecontroller,4252,2.57,0.990521470250149,123864,123976
292.780669429,nodelet,4375,6.06,0.990521470250149,101164,98903
292.780669429,nodeproxy,4610,0.05,0.0,49800,50304
292.780669429,containerd,3652,2.92,0.990521470250149,90684,89711
292.780669429,flanneld,5203,0.32,0.0,47328,47296
292.780669429,coredns,4870,0.37,0.0,66012,42410
292.780669429,coredns,4880,0.34,0.0,65632,42098
293.79039373999996,nodestore,4231,4.45,1.9807386810557697,61264,61776
293.79039373999996,nodeapiserver,4238,7.86,1.9807386810557697,343444,343460
293.79039373999996,nodescheduler,4245,1.67,0.9903693405278848,65548,65752
293.79039373999996,nodecontroller,4252,2.57,0.0,123864,123976
293.79039373999996,nodelet,4375,6.07,0.9903693405278848,101164,98903
293.79039373999996,nodeproxy,4610,0.05,0.0,49800,50304
293.79039373999996,containerd,3652,2.93,0.9903693405278848,90684,89711
293.79039373999996,flanneld,5203,0.33,0.9903693405278848,47328,47296
293.79039373999996,coredns,4870,0.38,0.9903693405278848,66012,42410
293.79039373999996,coredns,4880,0.34,0.0,65632,42098
294.799933072,nodestore,4231,4.47,1.9811016139784619,61264,61780
294.799933072,nodeapiserver,4238,7.89,2.971652420967693,343444,343460
294.799933072,nodescheduler,4245,1.68,0.9905508069892309,65548,65752
294.799933072,nodecontroller,4252,2.58,0.9905508069892309,123864,123976
294.799933072,nodelet,4375,6.09,1.9811016139784619,101164,98903
294.799933072,nodeproxy,4610,0.05,0.0,49800,50304
294.799933072,containerd,3652,2.93,0.0,90684,89711
294.799933072,flanneld,5203,0.33,0.0,47328,47296
294.799933072,coredns,4870,0.38,0.0,66012,42410
294.799933072,coredns,4880,0.34,0.0,65632,42098
295.80978389499995,nodestore,4231,4.48,0.9902452691272743,61264,61780
295.80978389499995,nodeapiserver,4238,7.9,0.9902452691272743,343444,343460
295.80978389499995,nodescheduler,4245,1.68,0.0,65548,65752
295.80978389499995,nodecontroller,4252,2.59,0.9902452691272743,123864,123976
295.80978389499995,nodelet,4375,6.1,0.9902452691272743,101164,98903
295.80978389499995,nodeproxy,4610,0.05,0.0,49800,50304
295.80978389499995,containerd,3652,2.94,0.9902452691272743,90684,89711
295.80978389499995,flanneld,5203,0.33,0.0,47328,47296
295.80978389499995,coredns,4870,0.38,0.0,66012,42410
295.80978389499995,coredns,4880,0.34,0.0,65632,42098
296.819559719,nodestore,4231,4.49,0.9903188175358514,61264,61780
296.819559719,nodeapiserver,4238,7.94,3.9612752701434055,343444,343460
296.819559719,nodescheduler,4245,1.68,0.0,65548,65752
296.819559719,nodecontroller,4252,2.59,0.0,123864,123976
296.819559719,nodelet,4375,6.12,1.9806376350717028,101164,98903
296.819559719,nodeproxy,4610,0.05,0.0,49800,50304
296.819559719,containerd,3652,2.95,0.9903188175358514,90684,89711
296.819559719,flanneld,5203,0.33,0.0,47328,47296
296.819559719,coredns,4870,0.38,0.0,66012,42410
296.819559719,coredns,4880,0.34,0.0,65632,42098
297.829343693,nodestore,4231,4.52,2.970932473919371,61264,61780
297.829343693,nodeapiserver,4238,7.97,2.970932473919371,343444,343460
297.829343693,nodescheduler,4245,1.69,0.9903108246397905,65548,65752
297.829343693,nodecontroller,4252,2.6,0.9903108246397905,123864,123976
297.829343693,nodelet,4375,6.13,0.9903108246397905,101164,98903
297.829343693,nodeproxy,4610,0.05,0.0,49800,50304
297.829343693,containerd,3652,2.95,0.0,90684,89711
297.829343693,flanneld,5203,0.33,0.0,47328,47296
297.829343693,coredns,4870,0.38,0.0,66012,42410
297.829343693,coredns,4880,0.34,0.0,65632,42098
298.838948395,nodestore,4231,4.53,0.9904866706930311,61264,61784
298.838948395,nodeapiserver,4238,8.0,2.9714600120790933,343444,343460
298.838948395,nodescheduler,4245,1.69,0.0,65548,65752
298.838948395,nodecontroller,4252,2.61,0.9904866706930311,123864,123976
298.838948395,nodelet,4375,6.15,1.9809733413860622,101164,98903
298.838948395,nodeproxy,4610,0.05,0.0,49800,50304
298.838948395,containerd,3652,2.96,0.9904866706930311,90684,89715
298.838948395,flanneld,5203,0.34,0.9904866706930311,47328,47296
298.838948395,coredns,4870,0.38,0.0,66012,42410
298.838948395,coredns,4880,0.34,0.0,65632,42098
299.848322389,nodestore,4231,4.55,1.9814261234077593,61264,61784
299.848322389,nodeapiserver,4238,8.02,1.9814261234077593,343444,343460
299.848322389,nodescheduler,4245,1.71,1.9814261234077593,65548,65752
299.848322389,nodecontroller,4252,2.62,0.9907130617038796,123864,123976
299.848322389,nodelet,4375,6.18,2.972139185111639,101164,98903
299.848322389,nodeproxy,4610,0.05,0.0,49800,50304
299.848322389,containerd,3652,2.99,2.972139185111639,90684,89723
299.848322389,flanneld,5203,0.34,0.0,47328,47296
299.848322389,coredns,4870,0.38,0.0,66012,42410
299.848322389,coredns,4880,0.34,0.0,65632,42098
300.85816816199997,nodestore,4231,4.56,0.9902502211097585,61264,61784
300.85816816199997,nodeapiserver,4238,8.05,2.9707506633292753,343444,343460
300.85816816199997,nodescheduler,4245,1.71,0.0,65548,65752
300.85816816199997,nodecontroller,4252,2.63,0.9902502211097585,123864,123976
300.85816816199997,nodelet,4375,6.21,2.9707506633292753,101164,98927
300.85816816199997,nodeproxy,4610,0.05,0.0,49800,50304
300.85816816199997,containerd,3652,3.01,1.980500442219517,90264,89211
300.85816816199997,flanneld,5203,0.34,0.0,47328,47296
300.85816816199997,coredns,4870,0.38,0.0,66012,42410
300.85816816199997,coredns,4880,0.35,0.9902502211097585,65632,42098
