elapsed_seconds,component,pid,cpu_seconds,cpu_pct_one_core,rss_kib,pss_kib
1.000175409999997,nodestore,10063,0.05,4.999123103816374,21472,11623
1.000175409999997,nodeapiserver,10381,0.12,11.997895449159298,237884,226031
1.000175409999997,nodescheduler,11588,0.0,0.0,23456,11116
1.000175409999997,nodecontroller,11429,0.01,0.9998246207632748,44828,31918
1.000175409999997,nodelet,10746,0.04,3.9992984830530993,24224,10819
1.000175409999997,nodeproxy,11731,0.0,0.0,16008,5087
2.0061839140000757,nodestore,10063,0.05,0.0,21472,11623
2.0061839140000757,nodeapiserver,10381,0.13,0.9940273824960847,237884,226031
2.0061839140000757,nodescheduler,11588,0.0,0.0,23456,11116
2.0061839140000757,nodecontroller,11429,0.01,0.0,44828,31930
2.0061839140000757,nodelet,10746,0.04,0.0,24224,10819
2.0061839140000757,nodeproxy,11731,0.0,0.0,16008,5087
3.0119941390000804,nodestore,10063,0.06,0.9942233387018862,21472,11623
3.0119941390000804,nodeapiserver,10381,0.15,1.9884466774037723,237884,226035
3.0119941390000804,nodescheduler,11588,0.0,0.0,23456,11116
3.0119941390000804,nodecontroller,11429,0.01,0.0,44828,31950
3.0119941390000804,nodelet,10746,0.04,0.0,24224,10819
3.0119941390000804,nodeproxy,11731,0.0,0.0,16008,5087
4.017781925999998,nodestore,10063,0.06,0.0,21472,11625
4.017781925999998,nodeapiserver,10381,0.15,0.0,237884,226036
4.017781925999998,nodescheduler,11588,0.0,0.0,23456,11117
4.017781925999998,nodecontroller,11429,0.02,0.9942455187120721,44828,31952
4.017781925999998,nodelet,10746,0.04,0.0,24224,10821
4.017781925999998,nodeproxy,11731,0.0,0.0,16008,5088
5.02375852800003,nodestore,10063,0.07,0.9940589055568986,21472,11625
5.02375852800003,nodeapiserver,10381,0.16,0.9940589055568986,237884,226036
5.02375852800003,nodescheduler,11588,0.0,0.0,23456,11117
5.02375852800003,nodecontroller,11429,0.03,0.9940589055568986,44828,31968
5.02375852800003,nodelet,10746,0.04,0.0,24224,10821
5.02375852800003,nodeproxy,11731,0.0,0.0,16008,5088
6.029613321000056,nodestore,10063,0.09,1.9883585721502333,21472,11629
6.029613321000056,nodeapiserver,10381,0.18,1.9883585721502333,237884,226060
6.029613321000056,nodescheduler,11588,0.0,0.0,23456,11129
6.029613321000056,nodecontroller,11429,0.03,0.0,45084,32072
6.029613321000056,nodelet,10746,0.04,0.0,24224,10821
6.029613321000056,nodeproxy,11731,0.0,0.0,16008,5088
7.035454184000059,nodestore,10063,0.09,0.0,21472,11629
7.035454184000059,nodeapiserver,10381,0.19,0.9941930545726864,237884,226060
7.035454184000059,nodescheduler,11588,0.0,0.0,23456,11129
7.035454184000059,nodecontroller,11429,0.03,0.0,45084,32080
7.035454184000059,nodelet,10746,0.06,1.9883861091453727,24608,11137
7.035454184000059,nodeproxy,11731,0.0,0.0,16008,5088
8.041281734999984,nodestore,10063,0.1,0.9942062125916798,21472,11629
8.041281734999984,nodeapiserver,10381,0.2,0.9942062125916798,237884,226060
8.041281734999984,nodescheduler,11588,0.0,0.0,23456,11129
8.041281734999984,nodecontroller,11429,0.03,0.0,45084,32080
8.041281734999984,nodelet,10746,0.06,0.0,24608,11137
8.041281734999984,nodeproxy,11731,0.0,0.0,16008,5088
9.046942103999982,nodestore,10063,0.1,0.0,21472,11629
9.046942103999982,nodeapiserver,10381,0.21,0.9943714904410264,237884,226060
9.046942103999982,nodescheduler,11588,0.0,0.0,23456,11129
9.046942103999982,nodecontroller,11429,0.03,0.0,45084,32084
9.046942103999982,nodelet,10746,0.06,0.0,24608,11137
9.046942103999982,nodeproxy,11731,0.0,0.0,16008,5088
10.052530079999997,nodestore,10063,0.1,0.0,21472,11629
10.052530079999997,nodeapiserver,10381,0.21,0.0,237884,226060
10.052530079999997,nodescheduler,11588,0.0,0.0,23456,11129
10.052530079999997,nodecontroller,11429,0.03,0.0,45084,32084
10.052530079999997,nodelet,10746,0.06,0.0,24608,11137
10.052530079999997,nodeproxy,11731,0.0,0.0,16008,5088
11.058159525000065,nodestore,10063,0.11,0.9944020682488395,21472,11629
11.058159525000065,nodeapiserver,10381,0.22,0.9944020682488395,237884,226060
11.058159525000065,nodescheduler,11588,0.0,0.0,23456,11129
11.058159525000065,nodecontroller,11429,0.03,0.0,45084,32084
11.058159525000065,nodelet,10746,0.06,0.0,24608,11137
11.058159525000065,nodeproxy,11731,0.0,0.0,16008,5088
12.06374494900001,nodestore,10063,0.11,0.0,21472,11629
12.06374494900001,nodeapiserver,10381,0.22,0.0,237884,226060
12.06374494900001,nodescheduler,11588,0.0,0.0,23456,11129
12.06374494900001,nodecontroller,11429,0.03,0.0,45084,32084
12.06374494900001,nodelet,10746,0.06,0.0,24608,11137
12.06374494900001,nodeproxy,11731,0.0,0.0,16008,5088
13.069371273999991,nodestore,10063,0.11,0.0,21472,11629
13.069371273999991,nodeapiserver,10381,0.22,0.0,237884,226060
13.069371273999991,nodescheduler,11588,0.01,0.9944051534251748,23456,11129
13.069371273999991,nodecontroller,11429,0.03,0.0,45084,32088
13.069371273999991,nodelet,10746,0.06,0.0,24608,11137
13.069371273999991,nodeproxy,11731,0.0,0.0,16008,5088
14.07502772600003,nodestore,10063,0.12,0.9943753634864174,21472,11629
14.07502772600003,nodeapiserver,10381,0.23,0.9943753634864174,237884,226060
14.07502772600003,nodescheduler,11588,0.01,0.0,23584,11133
14.07502772600003,nodecontroller,11429,0.03,0.0,45084,32088
14.07502772600003,nodelet,10746,0.06,0.0,24608,11137
14.07502772600003,nodeproxy,11731,0.0,0.0,16008,5088
15.08061723000003,nodestore,10063,0.12,0.0,21472,11629
15.08061723000003,nodeapiserver,10381,0.23,0.0,237884,226060
15.08061723000003,nodescheduler,11588,0.01,0.0,23584,11133
15.08061723000003,nodecontroller,11429,0.04,0.9944415648952522,45084,32088
15.08061723000003,nodelet,10746,0.06,0.0,24608,11137
15.08061723000003,nodeproxy,11731,0.0,0.0,16008,5088
16.08619336000004,nodestore,10063,0.12,0.0,21472,11629
16.08619336000004,nodeapiserver,10381,0.24,0.994454790807327,237884,226060
16.08619336000004,nodescheduler,11588,0.01,0.0,23584,11133
16.08619336000004,nodecontroller,11429,0.04,0.0,45084,32088
16.08619336000004,nodelet,10746,0.06,0.0,24608,11137
16.08619336000004,nodeproxy,11731,0.0,0.0,16008,5088
17.091737566000006,nodestore,10063,0.14,1.9889727254816127,21472,11629
17.091737566000006,nodeapiserver,10381,0.26,1.9889727254816127,237884,226060
17.091737566000006,nodescheduler,11588,0.01,0.0,23584,11137
17.091737566000006,nodecontroller,11429,0.04,0.0,45212,32092
17.091737566000006,nodelet,10746,0.06,0.0,24736,11329
17.091737566000006,nodeproxy,11731,0.0,0.0,16008,5088
18.097352208000075,nodestore,10063,0.14,0.0,21472,11629
18.097352208000075,nodeapiserver,10381,0.27,0.994416706195823,237884,226060
18.097352208000075,nodescheduler,11588,0.01,0.0,23584,11141
18.097352208000075,nodecontroller,11429,0.04,0.0,45212,32092
18.097352208000075,nodelet,10746,0.06,0.0,24736,11329
18.097352208000075,nodeproxy,11731,0.0,0.0,16008,5088
19.10277127200004,nodestore,10063,0.14,0.0,21472,11629
19.10277127200004,nodeapiserver,10381,0.27,0.0,237884,226060
19.10277127200004,nodescheduler,11588,0.01,0.0,23584,11141
19.10277127200004,nodecontroller,11429,0.04,0.0,45212,32092
19.10277127200004,nodelet,10746,0.06,0.0,24736,11329
19.10277127200004,nodeproxy,11731,0.0,0.0,16008,5088
20.108102034000012,nodestore,10063,0.15,0.9946975043423852,21472,11629
20.108102034000012,nodeapiserver,10381,0.27,0.0,237884,226060
20.108102034000012,nodescheduler,11588,0.01,0.0,23584,11141
20.108102034000012,nodecontroller,11429,0.05,0.9946975043423852,45212,32092
20.108102034000012,nodelet,10746,0.06,0.0,24736,11329
20.108102034000012,nodeproxy,11731,0.0,0.0,16008,5088
21.113457663000077,nodestore,10063,0.15,0.0,21472,11629
21.113457663000077,nodeapiserver,10381,0.28,0.9946729009660084,237884,226060
21.113457663000077,nodescheduler,11588,0.01,0.0,23584,11141
21.113457663000077,nodecontroller,11429,0.05,0.0,45212,32092
21.113457663000077,nodelet,10746,0.06,0.0,24736,11329
21.113457663000077,nodeproxy,11731,0.0,0.0,16008,5088
22.118747476000067,nodestore,10063,0.15,0.0,21472,11629
22.118747476000067,nodeapiserver,10381,0.28,0.0,237884,226060
22.118747476000067,nodescheduler,11588,0.01,0.0,23584,11141
22.118747476000067,nodecontroller,11429,0.05,0.0,45212,32092
22.118747476000067,nodelet,10746,0.06,0.0,24736,11329
22.118747476000067,nodeproxy,11731,0.0,0.0,16008,5088
23.124135410999997,nodestore,10063,0.15,0.0,21600,11641
23.124135410999997,nodeapiserver,10381,0.29,0.9946409392709382,237884,226060
23.124135410999997,nodescheduler,11588,0.01,0.0,23584,11141
23.124135410999997,nodecontroller,11429,0.05,0.0,45212,32092
23.124135410999997,nodelet,10746,0.06,0.0,24736,11329
23.124135410999997,nodeproxy,11731,0.0,0.0,16008,5088
24.129465551000067,nodestore,10063,0.16,0.9946981197638531,21600,11641
24.129465551000067,nodeapiserver,10381,0.29,0.0,237884,226060
24.129465551000067,nodescheduler,11588,0.01,0.0,23584,11141
24.129465551000067,nodecontroller,11429,0.05,0.0,45212,32092
24.129465551000067,nodelet,10746,0.06,0.0,24736,11329
24.129465551000067,nodeproxy,11731,0.0,0.0,16008,5088
25.134804592000023,nodestore,10063,0.17,0.9946893129758037,21600,11641
25.134804592000023,nodeapiserver,10381,0.31,1.9893786259516073,237884,226060
25.134804592000023,nodescheduler,11588,0.01,0.0,23584,11141
25.134804592000023,nodecontroller,11429,0.05,0.0,45212,32100
25.134804592000023,nodelet,10746,0.06,0.0,24736,11329
25.134804592000023,nodeproxy,11731,0.0,0.0,16008,5088
26.140135391000058,nodestore,10063,0.17,0.0,21600,11641
26.140135391000058,nodeapiserver,10381,0.31,0.0,237884,226060
26.140135391000058,nodescheduler,11588,0.01,0.0,23584,11141
26.140135391000058,nodecontroller,11429,0.05,0.0,45212,32100
26.140135391000058,nodelet,10746,0.06,0.0,24736,11329
26.140135391000058,nodeproxy,11731,0.0,0.0,16008,5088
27.145467693,nodestore,10063,0.17,0.0,21600,11641
27.145467693,nodeapiserver,10381,0.32,0.9946959806331351,237884,226060
27.145467693,nodescheduler,11588,0.01,0.0,23584,11141
27.145467693,nodecontroller,11429,0.05,0.0,45212,32100
27.145467693,nodelet,10746,0.07,0.9946959806331351,25120,11669
27.145467693,nodeproxy,11731,0.0,0.0,16008,5088
28.150853806999976,nodestore,10063,0.18,0.9946427408087561,21600,11633
28.150853806999976,nodeapiserver,10381,0.32,0.0,237884,226060
28.150853806999976,nodescheduler,11588,0.01,0.0,23584,11141
28.150853806999976,nodecontroller,11429,0.05,0.0,45212,32100
28.150853806999976,nodelet,10746,0.07,0.0,25120,11669
28.150853806999976,nodeproxy,11731,0.0,0.0,16008,5088
29.156283893000023,nodestore,10063,0.18,0.0,21600,11633
29.156283893000023,nodeapiserver,10381,0.33,0.9945992405880258,237884,226060
29.156283893000023,nodescheduler,11588,0.01,0.0,23584,11141
29.156283893000023,nodecontroller,11429,0.05,0.0,45212,32100
29.156283893000023,nodelet,10746,0.07,0.0,25120,11669
29.156283893000023,nodeproxy,11731,0.0,0.0,16008,5088
30.161404592000054,nodestore,10063,0.18,0.0,21600,11633
30.161404592000054,nodeapiserver,10381,0.33,0.0,237884,226060
30.161404592000054,nodescheduler,11588,0.01,0.0,23584,11145
30.161404592000054,nodecontroller,11429,0.05,0.0,45212,32100
30.161404592000054,nodelet,10746,0.07,0.0,25120,11669
30.161404592000054,nodeproxy,11731,0.0,0.0,16008,5088
31.166472742999986,nodestore,10063,0.19,0.9949574056297675,21600,11633
31.166472742999986,nodeapiserver,10381,0.35,1.989914811259535,237884,226060
31.166472742999986,nodescheduler,11588,0.01,0.0,23584,11145
31.166472742999986,nodecontroller,11429,0.05,0.0,45212,32100
31.166472742999986,nodelet,10746,0.07,0.0,25120,11669
31.166472742999986,nodeproxy,11731,0.0,0.0,16008,5088
32.17153165500008,nodestore,10063,0.2,0.9949665517715498,21600,11633
32.17153165500008,nodeapiserver,10381,0.35,0.0,237884,226060
32.17153165500008,nodescheduler,11588,0.01,0.0,23584,11145
32.17153165500008,nodecontroller,11429,0.06,0.9949665517715498,45212,32100
32.17153165500008,nodelet,10746,0.07,0.0,25120,11669
32.17153165500008,nodeproxy,11731,0.0,0.0,16008,5088
33.176618125999994,nodestore,10063,0.2,0.0,21600,11633
33.176618125999994,nodeapiserver,10381,0.36,0.9949392702551723,237884,226060
33.176618125999994,nodescheduler,11588,0.01,0.0,23584,11145
33.176618125999994,nodecontroller,11429,0.06,0.0,45212,32100
33.176618125999994,nodelet,10746,0.07,0.0,25120,11669
33.176618125999994,nodeproxy,11731,0.0,0.0,16008,5088
34.18167688900007,nodestore,10063,0.2,0.0,21600,11633
34.18167688900007,nodeapiserver,10381,0.36,0.0,237884,226060
34.18167688900007,nodescheduler,11588,0.01,0.0,23584,11145
34.18167688900007,nodecontroller,11429,0.06,0.0,45212,32100
34.18167688900007,nodelet,10746,0.07,0.0,25120,11669
34.18167688900007,nodeproxy,11731,0.0,0.0,16008,5088
35.18676893999998,nodestore,10063,0.2,0.0,21600,11633
35.18676893999998,nodeapiserver,10381,0.36,0.0,237884,226060
35.18676893999998,nodescheduler,11588,0.01,0.0,23584,11145
35.18676893999998,nodecontroller,11429,0.06,0.0,45212,32100
35.18676893999998,nodelet,10746,0.07,0.0,25120,11669
35.18676893999998,nodeproxy,11731,0.0,0.0,16008,5088
36.191839419000075,nodestore,10063,0.21,0.9949551010540666,21600,11633
36.191839419000075,nodeapiserver,10381,0.37,0.9949551010540666,237884,226060
36.191839419000075,nodescheduler,11588,0.01,0.0,23584,11145
36.191839419000075,nodecontroller,11429,0.06,0.0,45212,32100
36.191839419000075,nodelet,10746,0.07,0.0,25120,11669
36.191839419000075,nodeproxy,11731,0.0,0.0,16008,5088
37.196896949000006,nodestore,10063,0.21,0.0,21600,11637
37.196896949000006,nodeapiserver,10381,0.38,0.9949679198961563,237884,226060
37.196896949000006,nodescheduler,11588,0.01,0.0,23584,11145
37.196896949000006,nodecontroller,11429,0.07,0.9949679198961563,45212,32100
37.196896949000006,nodelet,10746,0.07,0.0,25248,11709
37.196896949000006,nodeproxy,11731,0.0,0.0,16008,5088
38.202007374999994,nodestore,10063,0.21,0.0,21600,11637
38.202007374999994,nodeapiserver,10381,0.38,0.0,237884,226060
38.202007374999994,nodescheduler,11588,0.01,0.0,23584,11145
38.202007374999994,nodecontroller,11429,0.07,0.0,45212,32100
38.202007374999994,nodelet,10746,0.07,0.0,25248,11709
38.202007374999994,nodeproxy,11731,0.0,0.0,16008,5088
39.207094650000045,nodestore,10063,0.23,1.9898769487454697,21600,11637
39.207094650000045,nodeapiserver,10381,0.4,1.9898769487454697,239420,227608
39.207094650000045,nodescheduler,11588,0.01,0.0,23584,11145
39.207094650000045,nodecontroller,11429,0.07,0.0,45212,32100
39.207094650000045,nodelet,10746,0.07,0.0,25248,11709
39.207094650000045,nodeproxy,11731,0.0,0.0,16008,5088
40.211950770000044,nodestore,10063,0.23,0.0,21600,11649
40.211950770000044,nodeapiserver,10381,0.4,0.0,239420,227608
40.211950770000044,nodescheduler,11588,0.02,0.9951673479383303,23584,11145
40.211950770000044,nodecontroller,11429,0.07,0.0,45212,32100
40.211950770000044,nodelet,10746,0.07,0.0,25248,11709
40.211950770000044,nodeproxy,11731,0.0,0.0,16008,5088
41.21674605999999,nodestore,10063,0.23,0.0,21600,11649
41.21674605999999,nodeapiserver,10381,0.4,0.0,239420,227608
41.21674605999999,nodescheduler,11588,0.02,0.0,23584,11145
41.21674605999999,nodecontroller,11429,0.07,0.0,45212,32100
41.21674605999999,nodelet,10746,0.07,0.0,25248,11709
41.21674605999999,nodeproxy,11731,0.0,0.0,16008,5088
42.22186346000001,nodestore,10063,0.23,0.0,21600,11649
42.22186346000001,nodeapiserver,10381,0.41,0.9949086544516916,239420,227608
42.22186346000001,nodescheduler,11588,0.02,0.0,23584,11145
42.22186346000001,nodecontroller,11429,0.07,0.0,45212,32100
42.22186346000001,nodelet,10746,0.07,0.0,25248,11709
42.22186346000001,nodeproxy,11731,0.0,0.0,16008,5088
43.226674774,nodestore,10063,0.24,0.9952117238998424,21600,11649
43.226674774,nodeapiserver,10381,0.41,0.0,239420,227608
43.226674774,nodescheduler,11588,0.02,0.0,23584,11145
43.226674774,nodecontroller,11429,0.07,0.0,45212,32100
43.226674774,nodelet,10746,0.08,0.9952117238998424,25248,11709
43.226674774,nodeproxy,11731,0.0,0.0,16008,5088
44.23149309500002,nodestore,10063,0.24,0.0,21600,11649
44.23149309500002,nodeapiserver,10381,0.42,0.9952047838904641,239420,227608
44.23149309500002,nodescheduler,11588,0.02,0.0,23584,11145
44.23149309500002,nodecontroller,11429,0.07,0.0,45212,32100
44.23149309500002,nodelet,10746,0.08,0.0,25248,11709
44.23149309500002,nodeproxy,11731,0.0,0.0,16008,5088
45.23630567600003,nodestore,10063,0.24,0.0,21600,11649
45.23630567600003,nodeapiserver,10381,0.42,0.0,239420,227608
45.23630567600003,nodescheduler,11588,0.02,0.0,23584,11145
45.23630567600003,nodecontroller,11429,0.07,0.0,45212,32100
45.23630567600003,nodelet,10746,0.08,0.0,25248,11709
45.23630567600003,nodeproxy,11731,0.0,0.0,16008,5088
46.24117867000007,nodestore,10063,0.24,0.0,21600,11649
46.24117867000007,nodeapiserver,10381,0.43,0.9951506369171682,239420,227608
46.24117867000007,nodescheduler,11588,0.02,0.0,23584,11145
46.24117867000007,nodecontroller,11429,0.07,0.0,45212,32100
46.24117867000007,nodelet,10746,0.08,0.0,25248,11709
46.24117867000007,nodeproxy,11731,0.0,0.0,16008,5088
47.245973916000025,nodestore,10063,0.26,1.9904552772934636,21600,11649
47.245973916000025,nodeapiserver,10381,0.45,1.9904552772934636,239420,227608
47.245973916000025,nodescheduler,11588,0.02,0.0,23584,11145
47.245973916000025,nodecontroller,11429,0.07,0.0,45212,32100
47.245973916000025,nodelet,10746,0.09,0.9952276386467318,25248,11729
47.245973916000025,nodeproxy,11731,0.0,0.0,16008,5088
48.25071038600004,nodestore,10063,0.26,0.0,21600,11649
48.25071038600004,nodeapiserver,10381,0.45,0.0,239420,227608
48.25071038600004,nodescheduler,11588,0.02,0.0,23584,11145
48.25071038600004,nodecontroller,11429,0.08,0.9952858583902985,45212,32100
48.25071038600004,nodelet,10746,0.09,0.0,25248,11729
48.25071038600004,nodeproxy,11731,0.0,0.0,16008,5088
49.25549124999998,nodestore,10063,0.26,0.0,21600,11649
49.25549124999998,nodeapiserver,10381,0.45,0.0,244028,232204
49.25549124999998,nodescheduler,11588,0.02,0.0,23584,11145
49.25549124999998,nodecontroller,11429,0.08,0.0,45212,32100
49.25549124999998,nodelet,10746,0.09,0.0,25248,11729
49.25549124999998,nodeproxy,11731,0.0,0.0,16008,5088
50.26006334400006,nodestore,10063,0.26,0.0,21600,11649
50.26006334400006,nodeapiserver,10381,0.46,0.9954487149032017,244028,232204
50.26006334400006,nodescheduler,11588,0.02,0.0,23584,11145
50.26006334400006,nodecontroller,11429,0.08,0.0,45212,32100
50.26006334400006,nodelet,10746,0.09,0.0,25248,11729
50.26006334400006,nodeproxy,11731,0.0,0.0,16008,5088
51.26470255900006,nodestore,10063,0.27,0.9953822079302395,21600,11649
51.26470255900006,nodeapiserver,10381,0.47,0.9953822079302395,244028,232204
51.26470255900006,nodescheduler,11588,0.02,0.0,23584,11145
51.26470255900006,nodecontroller,11429,0.09,0.9953822079302395,45212,32100
51.26470255900006,nodelet,10746,0.09,0.0,25248,11729
51.26470255900006,nodeproxy,11731,0.0,0.0,16008,5088
52.26931700700004,nodestore,10063,0.27,0.0,21600,11649
52.26931700700004,nodeapiserver,10381,0.47,0.0,244028,232204
52.26931700700004,nodescheduler,11588,0.02,0.0,23584,11145
52.26931700700004,nodecontroller,11429,0.09,0.0,45212,32100
52.26931700700004,nodelet,10746,0.09,0.0,25248,11729
52.26931700700004,nodeproxy,11731,0.0,0.0,16008,5088
53.274087838000014,nodestore,10063,0.27,0.0,21600,11649
53.274087838000014,nodeapiserver,10381,0.48,0.9952518217559865,244028,232204
53.274087838000014,nodescheduler,11588,0.02,0.0,23584,11145
53.274087838000014,nodecontroller,11429,0.09,0.0,45212,32100
53.274087838000014,nodelet,10746,0.09,0.0,25248,11729
53.274087838000014,nodeproxy,11731,0.0,0.0,16008,5088
54.278714745,nodestore,10063,0.28,0.9953944026705348,21600,11649
54.278714745,nodeapiserver,10381,0.48,0.0,244028,232204
54.278714745,nodescheduler,11588,0.02,0.0,23584,11145
54.278714745,nodecontroller,11429,0.09,0.0,45212,32100
54.278714745,nodelet,10746,0.09,0.0,25248,11729
54.278714745,nodeproxy,11731,0.0,0.0,16008,5088
55.28333888700001,nodestore,10063,0.29,0.9953971422677483,21600,11649
55.28333888700001,nodeapiserver,10381,0.49,0.9953971422677483,244028,232204
55.28333888700001,nodescheduler,11588,0.02,0.0,23584,11145
55.28333888700001,nodecontroller,11429,0.09,0.0,45212,32100
55.28333888700001,nodelet,10746,0.09,0.0,25248,11729
55.28333888700001,nodeproxy,11731,0.0,0.0,16008,5088
56.28805065300003,nodestore,10063,0.29,0.0,21600,11649
56.28805065300003,nodeapiserver,10381,0.49,0.0,244028,232204
56.28805065300003,nodescheduler,11588,0.02,0.0,23584,11145
56.28805065300003,nodecontroller,11429,0.09,0.0,45212,32100
56.28805065300003,nodelet,10746,0.09,0.0,25248,11729
56.28805065300003,nodeproxy,11731,0.0,0.0,16008,5088
57.29272344399999,nodestore,10063,0.3,0.9953489424200382,21600,11649
57.29272344399999,nodeapiserver,10381,0.5,0.9953489424200382,244028,232204
57.29272344399999,nodescheduler,11588,0.02,0.0,23584,11145
57.29272344399999,nodecontroller,11429,0.09,0.0,45212,32100
57.29272344399999,nodelet,10746,0.09,0.0,25248,11757
57.29272344399999,nodeproxy,11731,0.0,0.0,16008,5088
58.29735596800003,nodestore,10063,0.3,0.0,21600,11649
58.29735596800003,nodeapiserver,10381,0.51,0.995388837321731,244028,232204
58.29735596800003,nodescheduler,11588,0.02,0.0,23584,11145
58.29735596800003,nodecontroller,11429,0.09,0.0,45212,32100
58.29735596800003,nodelet,10746,0.09,0.0,25248,11757
58.29735596800003,nodeproxy,11731,0.0,0.0,16008,5088
59.301972119000084,nodestore,10063,0.3,0.0,21600,11649
59.301972119000084,nodeapiserver,10381,0.52,0.9954050599371163,246204,234376
59.301972119000084,nodescheduler,11588,0.02,0.0,23584,11145
59.301972119000084,nodecontroller,11429,0.09,0.0,45212,32100
59.301972119000084,nodelet,10746,0.09,0.0,25248,11757
59.301972119000084,nodeproxy,11731,0.0,0.0,16008,5088
60.30644194299998,nodestore,10063,0.3,0.0,21600,11649
60.30644194299998,nodeapiserver,10381,0.52,0.0,246204,234376
60.30644194299998,nodescheduler,11588,0.03,0.9955500664200159,23584,11145
60.30644194299998,nodecontroller,11429,0.09,0.0,45212,32100
60.30644194299998,nodelet,10746,0.09,0.0,25248,11757
60.30644194299998,nodeproxy,11731,0.0,0.0,16008,5088
61.31088738900007,nodestore,10063,0.31,0.9955742285279968,21600,11649
61.31088738900007,nodeapiserver,10381,0.53,0.9955742285279968,246204,234376
61.31088738900007,nodescheduler,11588,0.03,0.0,23584,11145
61.31088738900007,nodecontroller,11429,0.09,0.0,45212,32100
61.31088738900007,nodelet,10746,0.1,0.9955742285279968,25248,11757
61.31088738900007,nodeproxy,11731,0.0,0.0,16008,5088
62.31531261500004,nodestore,10063,0.32,0.9955942703494319,21600,11649
62.31531261500004,nodeapiserver,10381,0.53,0.0,246204,234376
62.31531261500004,nodescheduler,11588,0.03,0.0,23584,11145
62.31531261500004,nodecontroller,11429,0.09,0.0,45212,32100
62.31531261500004,nodelet,10746,0.1,0.0,25248,11757
62.31531261500004,nodeproxy,11731,0.0,0.0,16008,5088
63.319725892000065,nodestore,10063,0.32,0.0,21600,11649
63.319725892000065,nodeapiserver,10381,0.53,0.0,246204,234376
63.319725892000065,nodescheduler,11588,0.03,0.0,23584,11145
63.319725892000065,nodecontroller,11429,0.09,0.0,45212,32100
63.319725892000065,nodelet,10746,0.1,0.0,25248,11757
63.319725892000065,nodeproxy,11731,0.0,0.0,16008,5088
64.32418505099997,nodestore,10063,0.32,0.0,21600,11649
64.32418505099997,nodeapiserver,10381,0.54,0.9955606368263424,246204,234376
64.32418505099997,nodescheduler,11588,0.03,0.0,23584,11145
64.32418505099997,nodecontroller,11429,0.09,0.0,45212,32100
64.32418505099997,nodelet,10746,0.1,0.0,25248,11757
64.32418505099997,nodeproxy,11731,0.0,0.0,16008,5088
65.32861916600007,nodestore,10063,0.32,0.0,21600,11649
65.32861916600007,nodeapiserver,10381,0.54,0.0,246204,234376
65.32861916600007,nodescheduler,11588,0.03,0.0,23584,11145
65.32861916600007,nodecontroller,11429,0.11,1.9911709191596023,45212,32100
65.32861916600007,nodelet,10746,0.1,0.0,25248,11757
65.32861916600007,nodeproxy,11731,0.0,0.0,16008,5088
66.33299498100007,nodestore,10063,0.34,1.991286498669817,21600,11649
66.33299498100007,nodeapiserver,10381,0.56,1.991286498669817,246204,234376
66.33299498100007,nodescheduler,11588,0.03,0.0,23712,11201
66.33299498100007,nodecontroller,11429,0.11,0.0,45212,32184
66.33299498100007,nodelet,10746,0.1,0.0,25248,11757
66.33299498100007,nodeproxy,11731,0.0,0.0,16008,5092
67.33737241699998,nodestore,10063,0.34,0.0,21600,11649
67.33737241699998,nodeapiserver,10381,0.57,0.9956416424314078,246204,234376
67.33737241699998,nodescheduler,11588,0.03,0.0,23712,11201
67.33737241699998,nodecontroller,11429,0.11,0.0,45212,32196
67.33737241699998,nodelet,10746,0.1,0.0,25376,11869
67.33737241699998,nodeproxy,11731,0.0,0.0,16008,5092
68.34185286600007,nodestore,10063,0.35,0.9955395358819136,21600,11649
68.34185286600007,nodeapiserver,10381,0.58,0.9955395358819136,246204,234376
68.34185286600007,nodescheduler,11588,0.03,0.0,23712,11205
68.34185286600007,nodecontroller,11429,0.11,0.0,45212,32196
68.34185286600007,nodelet,10746,0.1,0.0,25376,11869
68.34185286600007,nodeproxy,11731,0.0,0.0,16008,5092
69.34627897400003,nodestore,10063,0.36,0.9955933961047918,21600,11649
69.34627897400003,nodeapiserver,10381,0.58,0.0,246204,234376
69.34627897400003,nodescheduler,11588,0.03,0.0,23712,11205
69.34627897400003,nodecontroller,11429,0.11,0.0,45212,32196
69.34627897400003,nodelet,10746,0.1,0.0,25376,11869
69.34627897400003,nodeproxy,11731,0.0,0.0,16008,5092
70.35046792800006,nodestore,10063,0.36,0.0,21600,11649
70.35046792800006,nodeapiserver,10381,0.59,0.9958285201372288,246204,234376
70.35046792800006,nodescheduler,11588,0.03,0.0,23712,11205
70.35046792800006,nodecontroller,11429,0.11,0.0,45212,32196
70.35046792800006,nodelet,10746,0.1,0.0,25376,11869
70.35046792800006,nodeproxy,11731,0.0,0.0,16008,5092
71.35481371200001,nodestore,10063,0.36,0.0,21600,11649
71.35481371200001,nodeapiserver,10381,0.6,0.9956730201199788,246204,234376
71.35481371200001,nodescheduler,11588,0.03,0.0,23712,11205
71.35481371200001,nodecontroller,11429,0.11,0.0,45212,32196
71.35481371200001,nodelet,10746,0.1,0.0,25376,11869
71.35481371200001,nodeproxy,11731,0.0,0.0,16008,5092
72.35895527499997,nodestore,10063,0.37,0.9958755187987751,21600,11649
72.35895527499997,nodeapiserver,10381,0.6,0.0,246204,234376
72.35895527499997,nodescheduler,11588,0.03,0.0,23712,11205
72.35895527499997,nodecontroller,11429,0.11,0.0,45212,32196
72.35895527499997,nodelet,10746,0.1,0.0,25376,11869
72.35895527499997,nodeproxy,11731,0.0,0.0,16008,5092
73.36298658500004,nodestore,10063,0.37,0.0,21600,11649
73.36298658500004,nodeapiserver,10381,0.6,0.0,246204,234376
73.36298658500004,nodescheduler,11588,0.03,0.0,23712,11205
73.36298658500004,nodecontroller,11429,0.11,0.0,45212,32196
73.36298658500004,nodelet,10746,0.1,0.0,25376,11869
73.36298658500004,nodeproxy,11731,0.0,0.0,16008,5092
74.36710522600004,nodestore,10063,0.37,0.0,21600,11649
74.36710522600004,nodeapiserver,10381,0.61,0.9958982526249197,246204,234376
74.36710522600004,nodescheduler,11588,0.03,0.0,23712,11205
74.36710522600004,nodecontroller,11429,0.11,0.0,45212,32196
74.36710522600004,nodelet,10746,0.1,0.0,25376,11869
74.36710522600004,nodeproxy,11731,0.0,0.0,16008,5092
75.37121095500004,nodestore,10063,0.38,0.9959110590832984,21600,11661
75.37121095500004,nodeapiserver,10381,0.61,0.0,246204,234376
75.37121095500004,nodescheduler,11588,0.03,0.0,23712,11205
75.37121095500004,nodecontroller,11429,0.11,0.0,45212,32196
75.37121095500004,nodelet,10746,0.1,0.0,25376,11869
75.37121095500004,nodeproxy,11731,0.0,0.0,16008,5092
76.37533990100007,nodestore,10063,0.38,0.0,21600,11661
76.37533990100007,nodeapiserver,10381,0.63,1.9917760641868063,246204,234376
76.37533990100007,nodescheduler,11588,0.03,0.0,23712,11205
76.37533990100007,nodecontroller,11429,0.11,0.0,45212,32196
76.37533990100007,nodelet,10746,0.1,0.0,25376,11869
76.37533990100007,nodeproxy,11731,0.0,0.0,16008,5092
77.37946338699999,nodestore,10063,0.39,0.9958934473126022,21600,11661
77.37946338699999,nodeapiserver,10381,0.64,0.9958934473126022,246204,234376
77.37946338699999,nodescheduler,11588,0.03,0.0,23712,11205
77.37946338699999,nodecontroller,11429,0.11,0.0,45212,32208
77.37946338699999,nodelet,10746,0.1,0.0,25376,11869
77.37946338699999,nodeproxy,11731,0.0,0.0,16008,5092
78.38355683600003,nodestore,10063,0.39,0.0,21600,11661
78.38355683600003,nodeapiserver,10381,0.64,0.0,246204,234376
78.38355683600003,nodescheduler,11588,0.03,0.0,23712,11205
78.38355683600003,nodecontroller,11429,0.11,0.0,45212,32208
78.38355683600003,nodelet,10746,0.1,0.0,25376,11869
78.38355683600003,nodeproxy,11731,0.0,0.0,16008,5092
79.38773316800007,nodestore,10063,0.4,0.9958410372093468,21600,11661
79.38773316800007,nodeapiserver,10381,0.65,0.9958410372093468,246204,234376
79.38773316800007,nodescheduler,11588,0.03,0.0,23712,11205
79.38773316800007,nodecontroller,11429,0.12,0.9958410372093468,45212,32208
79.38773316800007,nodelet,10746,0.11,0.9958410372093468,25376,11869
79.38773316800007,nodeproxy,11731,0.0,0.0,16008,5092
80.39285428300002,nodestore,10063,0.4,0.0,21600,11653
80.39285428300002,nodeapiserver,10381,0.66,0.994904977197746,246204,234376
80.39285428300002,nodescheduler,11588,0.03,0.0,23712,11205
80.39285428300002,nodecontroller,11429,0.13,0.994904977197746,45212,32208
80.39285428300002,nodelet,10746,0.11,0.0,25376,11869
80.39285428300002,nodeproxy,11731,0.0,0.0,16008,5092
81.39668838,nodestore,10063,0.41,0.9961805471527225,21600,11653
81.39668838,nodeapiserver,10381,0.66,0.0,246204,234376
81.39668838,nodescheduler,11588,0.03,0.0,23712,11205
81.39668838,nodecontroller,11429,0.13,0.0,45212,32212
81.39668838,nodelet,10746,0.11,0.0,25376,11869
81.39668838,nodeproxy,11731,0.0,0.0,16008,5092
82.40053307599999,nodestore,10063,0.41,0.0,21600,11653
82.40053307599999,nodeapiserver,10381,0.67,0.9961700290739122,246204,234376
82.40053307599999,nodescheduler,11588,0.03,0.0,23712,11205
82.40053307599999,nodecontroller,11429,0.13,0.0,45212,32212
82.40053307599999,nodelet,10746,0.11,0.0,25376,11869
82.40053307599999,nodeproxy,11731,0.0,0.0,16008,5092
83.40437764700005,nodestore,10063,0.41,0.0,21600,11665
83.40437764700005,nodeapiserver,10381,0.67,0.0,246204,234376
83.40437764700005,nodescheduler,11588,0.03,0.0,23712,11205
83.40437764700005,nodecontroller,11429,0.13,0.0,45212,32212
83.40437764700005,nodelet,10746,0.12,0.9961701531181977,25376,11869
83.40437764700005,nodeproxy,11731,0.0,0.0,16008,5092
84.40824440300003,nodestore,10063,0.42,0.9961481382097093,21600,11665
84.40824440300003,nodeapiserver,10381,0.67,0.0,246204,234376
84.40824440300003,nodescheduler,11588,0.03,0.0,23712,11205
84.40824440300003,nodecontroller,11429,0.13,0.0,45212,32212
84.40824440300003,nodelet,10746,0.12,0.0,25376,11869
84.40824440300003,nodeproxy,11731,0.0,0.0,16008,5092
85.41214301800005,nodestore,10063,0.42,0.0,21600,11665
85.41214301800005,nodeapiserver,10381,0.68,0.9961165251731865,246204,234376
85.41214301800005,nodescheduler,11588,0.03,0.0,23712,11205
85.41214301800005,nodecontroller,11429,0.13,0.0,45212,32212
85.41214301800005,nodelet,10746,0.12,0.0,25376,11869
85.41214301800005,nodeproxy,11731,0.0,0.0,16008,5092
86.41596576799998,nodestore,10063,0.42,0.0,21600,11665
86.41596576799998,nodeapiserver,10381,0.68,0.0,246204,234376
86.41596576799998,nodescheduler,11588,0.03,0.0,23712,11205
86.41596576799998,nodecontroller,11429,0.13,0.0,45212,32212
86.41596576799998,nodelet,10746,0.12,0.0,25376,11869
86.41596576799998,nodeproxy,11731,0.0,0.0,16008,5092
87.41982205800002,nodestore,10063,0.43,0.9961585238460336,21600,11665
87.41982205800002,nodeapiserver,10381,0.7,1.9923170476920673,246204,234376
87.41982205800002,nodescheduler,11588,0.03,0.0,23712,11205
87.41982205800002,nodecontroller,11429,0.13,0.0,45212,32212
87.41982205800002,nodelet,10746,0.12,0.0,25376,11933
87.41982205800002,nodeproxy,11731,0.0,0.0,16008,5092
88.42369854100002,nodestore,10063,0.44,0.9961384860930156,21600,11665
88.42369854100002,nodeapiserver,10381,0.7,0.0,246204,234376
88.42369854100002,nodescheduler,11588,0.03,0.0,23712,11205
88.42369854100002,nodecontroller,11429,0.13,0.0,45212,32212
88.42369854100002,nodelet,10746,0.12,0.0,25376,11933
88.42369854100002,nodeproxy,11731,0.0,0.0,16008,5092
89.42759905600008,nodestore,10063,0.44,0.0,21600,11665
89.42759905600008,nodeapiserver,10381,0.71,0.9961146399052753,246204,234376
89.42759905600008,nodescheduler,11588,0.03,0.0,23712,11205
89.42759905600008,nodecontroller,11429,0.13,0.0,45212,32212
89.42759905600008,nodelet,10746,0.12,0.0,25376,11933
89.42759905600008,nodeproxy,11731,0.0,0.0,16008,5092
90.43202823900003,nodestore,10063,0.44,0.0,21600,11665
90.43202823900003,nodeapiserver,10381,0.71,0.0,246204,234376
90.43202823900003,nodescheduler,11588,0.03,0.0,23712,11205
90.43202823900003,nodecontroller,11429,0.13,0.0,45212,32212
90.43202823900003,nodelet,10746,0.12,0.0,25376,11933
90.43202823900003,nodeproxy,11731,0.0,0.0,16008,5092
91.43661328200005,nodestore,10063,0.45,0.9954358836696119,21600,11669
91.43661328200005,nodeapiserver,10381,0.72,0.9954358836696119,246204,234376
91.43661328200005,nodescheduler,11588,0.03,0.0,23712,11205
91.43661328200005,nodecontroller,11429,0.13,0.0,45212,32212
91.43661328200005,nodelet,10746,0.12,0.0,25376,11933
91.43661328200005,nodeproxy,11731,0.0,0.0,16008,5092
92.44044253499999,nodestore,10063,0.45,0.0,21600,11669
92.44044253499999,nodeapiserver,10381,0.73,0.9961853542437704,246204,234376
92.44044253499999,nodescheduler,11588,0.04,0.9961853542437704,23712,11205
92.44044253499999,nodecontroller,11429,0.13,0.0,45212,32212
92.44044253499999,nodelet,10746,0.12,0.0,25376,11933
92.44044253499999,nodeproxy,11731,0.0,0.0,16008,5092
93.444039384,nodestore,10063,0.45,0.0,21600,11669
93.444039384,nodeapiserver,10381,0.73,0.0,246204,234376
93.444039384,nodescheduler,11588,0.04,0.0,23712,11205
93.444039384,nodecontroller,11429,0.14,0.9964160419558884,45212,32212
93.444039384,nodelet,10746,0.12,0.0,25376,11933
93.444039384,nodeproxy,11731,0.0,0.0,16008,5092
94.44759017199999,nodestore,10063,0.45,0.0,21600,11669
94.44759017199999,nodeapiserver,10381,0.74,0.9964617754851645,246204,234376
94.44759017199999,nodescheduler,11588,0.04,0.0,23712,11205
94.44759017199999,nodecontroller,11429,0.14,0.0,45212,32212
94.44759017199999,nodelet,10746,0.12,0.0,25376,11933
94.44759017199999,nodeproxy,11731,0.0,0.0,16008,5092
95.45119202199999,nodestore,10063,0.46,0.9964110767631651,21600,11669
95.45119202199999,nodeapiserver,10381,0.74,0.0,246204,234376
95.45119202199999,nodescheduler,11588,0.04,0.0,23712,11205
95.45119202199999,nodecontroller,11429,0.14,0.0,45212,32212
95.45119202199999,nodelet,10746,0.12,0.0,25376,11933
95.45119202199999,nodeproxy,11731,0.0,0.0,16008,5092
96.45473013700007,nodestore,10063,0.47,0.9964743591227895,21600,11669
96.45473013700007,nodeapiserver,10381,0.75,0.9964743591227895,246204,234376
96.45473013700007,nodescheduler,11588,0.04,0.0,23712,11205
96.45473013700007,nodecontroller,11429,0.14,0.0,45212,32212
96.45473013700007,nodelet,10746,0.12,0.0,25376,11933
96.45473013700007,nodeproxy,11731,0.0,0.0,16008,5092
97.45826959700003,nodestore,10063,0.47,0.0,21600,11669
97.45826959700003,nodeapiserver,10381,0.76,0.9964730235919608,246204,234376
97.45826959700003,nodescheduler,11588,0.04,0.0,23712,11205
97.45826959700003,nodecontroller,11429,0.14,0.0,45212,32212
97.45826959700003,nodelet,10746,0.12,0.0,25376,11949
97.45826959700003,nodeproxy,11731,0.0,0.0,16008,5092
98.46179462300006,nodestore,10063,0.47,0.0,21600,11669
98.46179462300006,nodeapiserver,10381,0.76,0.0,246204,234376
98.46179462300006,nodescheduler,11588,0.04,0.0,23712,11205
98.46179462300006,nodecontroller,11429,0.14,0.0,45212,32212
98.46179462300006,nodelet,10746,0.12,0.0,25376,11949
98.46179462300006,nodeproxy,11731,0.0,0.0,16008,5092
99.46533153799999,nodestore,10063,0.48,0.9964755506777474,21600,11669
99.46533153799999,nodeapiserver,10381,0.77,0.9964755506777474,246204,234376
99.46533153799999,nodescheduler,11588,0.04,0.0,23712,11205
99.46533153799999,nodecontroller,11429,0.15,0.9964755506777474,45212,32212
99.46533153799999,nodelet,10746,0.12,0.0,25376,11949
99.46533153799999,nodeproxy,11731,0.0,0.0,16008,5092
100.46886418600002,nodestore,10063,0.48,0.0,21600,11673
100.46886418600002,nodeapiserver,10381,0.78,0.9964797876710115,246204,234376
100.46886418600002,nodescheduler,11588,0.04,0.0,23712,11205
100.46886418600002,nodecontroller,11429,0.15,0.0,45212,32212
100.46886418600002,nodelet,10746,0.13,0.9964797876710115,25376,11949
100.46886418600002,nodeproxy,11731,0.0,0.0,16008,5092
101.47239746499997,nodestore,10063,0.49,0.9964791611061729,21600,11673
101.47239746499997,nodeapiserver,10381,0.78,0.0,246204,234376
101.47239746499997,nodescheduler,11588,0.04,0.0,23712,11205
101.47239746499997,nodecontroller,11429,0.15,0.0,45212,32212
101.47239746499997,nodelet,10746,0.13,0.0,25376,11949
101.47239746499997,nodeproxy,11731,0.0,0.0,16008,5092
102.47595764300002,nodestore,10063,0.49,0.0,21600,11673
102.47595764300002,nodeapiserver,10381,0.79,0.9964524519026469,246204,234376
102.47595764300002,nodescheduler,11588,0.04,0.0,23712,11205
102.47595764300002,nodecontroller,11429,0.15,0.0,45212,32212
102.47595764300002,nodelet,10746,0.13,0.0,25376,11949
102.47595764300002,nodeproxy,11731,0.0,0.0,16008,5092
103.479475912,nodestore,10063,0.49,0.0,21600,11673
103.479475912,nodeapiserver,10381,0.79,0.0,246204,234376
103.479475912,nodescheduler,11588,0.04,0.0,23712,11205
103.479475912,nodecontroller,11429,0.15,0.0,45212,32212
103.479475912,nodelet,10746,0.13,0.0,25376,11949
103.479475912,nodeproxy,11731,0.0,0.0,16008,5092
104.48301819100004,nodestore,10063,0.5,0.9964702244497626,21600,11673
104.48301819100004,nodeapiserver,10381,0.79,0.0,246204,234376
104.48301819100004,nodescheduler,11588,0.04,0.0,23712,11205
104.48301819100004,nodecontroller,11429,0.15,0.0,45212,32212
104.48301819100004,nodelet,10746,0.13,0.0,25376,11949
104.48301819100004,nodeproxy,11731,0.0,0.0,16008,5092
105.48649986800001,nodestore,10063,0.5,0.0,21600,11673
105.48649986800001,nodeapiserver,10381,0.81,1.9930608060321005,246204,234376
105.48649986800001,nodescheduler,11588,0.04,0.0,23712,11205
105.48649986800001,nodecontroller,11429,0.15,0.0,45212,32212
105.48649986800001,nodelet,10746,0.13,0.0,25376,11949
105.48649986800001,nodeproxy,11731,0.0,0.0,16008,5092
106.49004230600008,nodestore,10063,0.5,0.0,21600,11673
106.49004230600008,nodeapiserver,10381,0.81,0.0,246204,234376
106.49004230600008,nodescheduler,11588,0.04,0.0,23712,11205
106.49004230600008,nodecontroller,11429,0.15,0.0,45212,32212
106.49004230600008,nodelet,10746,0.13,0.0,25376,11949
106.49004230600008,nodeproxy,11731,0.0,0.0,16008,5092
107.49355978699998,nodestore,10063,0.52,1.9929896966091738,21600,11673
107.49355978699998,nodeapiserver,10381,0.82,0.9964948483045869,246204,234376
107.49355978699998,nodescheduler,11588,0.04,0.0,23712,11205
107.49355978699998,nodecontroller,11429,0.15,0.0,45212,32212
107.49355978699998,nodelet,10746,0.13,0.0,25504,12029
107.49355978699998,nodeproxy,11731,0.0,0.0,16008,5092
108.49712715300006,nodestore,10063,0.52,0.0,21600,11673
108.49712715300006,nodeapiserver,10381,0.83,0.9964453148628155,246204,234376
108.49712715300006,nodescheduler,11588,0.04,0.0,23712,11205
108.49712715300006,nodecontroller,11429,0.15,0.0,45212,32212
108.49712715300006,nodelet,10746,0.13,0.0,25504,12029
108.49712715300006,nodeproxy,11731,0.0,0.0,16008,5092
109.50069446300006,nodestore,10063,0.52,0.0,21600,11673
109.50069446300006,nodeapiserver,10381,0.83,0.0,246204,234376
109.50069446300006,nodescheduler,11588,0.04,0.0,23712,11205
109.50069446300006,nodecontroller,11429,0.15,0.0,45212,32212
109.50069446300006,nodelet,10746,0.13,0.0,25504,12029
109.50069446300006,nodeproxy,11731,0.0,0.0,16008,5092
110.50426517800008,nodestore,10063,0.52,0.0,21600,11673
110.50426517800008,nodeapiserver,10381,0.84,0.9964419896409359,246204,234376
110.50426517800008,nodescheduler,11588,0.04,0.0,23712,11205
110.50426517800008,nodecontroller,11429,0.15,0.0,45212,32212
110.50426517800008,nodelet,10746,0.13,0.0,25504,12029
110.50426517800008,nodeproxy,11731,0.0,0.0,16008,5092
111.50786808600003,nodestore,10063,0.53,0.9964100263448538,21600,11673
111.50786808600003,nodeapiserver,10381,0.84,0.0,246204,234376
111.50786808600003,nodescheduler,11588,0.04,0.0,23712,11205
111.50786808600003,nodecontroller,11429,0.15,0.0,45212,32212
111.50786808600003,nodelet,10746,0.13,0.0,25504,12029
111.50786808600003,nodeproxy,11731,0.0,0.0,16008,5092
112.51138914199998,nodestore,10063,0.53,0.0,21600,11673
112.51138914199998,nodeapiserver,10381,0.85,0.9964912983350952,246204,234376
112.51138914199998,nodescheduler,11588,0.04,0.0,23712,11205
112.51138914199998,nodecontroller,11429,0.16,0.9964912983350952,45212,32212
112.51138914199998,nodelet,10746,0.13,0.0,25504,12029
112.51138914199998,nodeproxy,11731,0.0,0.0,16008,5092
113.51504582100006,nodestore,10063,0.53,0.0,21600,11673
113.51504582100006,nodeapiserver,10381,0.85,0.0,246204,234376
113.51504582100006,nodescheduler,11588,0.04,0.0,23712,11205
113.51504582100006,nodecontroller,11429,0.17,0.9963566435848198,45212,32212
113.51504582100006,nodelet,10746,0.13,0.0,25504,12029
113.51504582100006,nodeproxy,11731,0.0,0.0,16008,5092
114.518597323,nodestore,10063,0.53,0.0,21600,11673
114.518597323,nodeapiserver,10381,0.86,0.9964610665293621,246204,234376
114.518597323,nodescheduler,11588,0.04,0.0,23712,11205
114.518597323,nodecontroller,11429,0.17,0.0,45212,32212
114.518597323,nodelet,10746,0.13,0.0,25504,12029
114.518597323,nodeproxy,11731,0.0,0.0,16008,5092
115.522191346,nodestore,10063,0.54,0.996418847743571,21600,11673
115.522191346,nodeapiserver,10381,0.87,0.996418847743571,246204,234376
115.522191346,nodescheduler,11588,0.04,0.0,23712,11205
115.522191346,nodecontroller,11429,0.17,0.0,45212,32212
115.522191346,nodelet,10746,0.13,0.0,25504,12029
115.522191346,nodeproxy,11731,0.0,0.0,16008,5092
116.52578514100003,nodestore,10063,0.54,0.0,21600,11673
116.52578514100003,nodeapiserver,10381,0.87,0.0,246204,234376
116.52578514100003,nodescheduler,11588,0.04,0.0,23712,11205
116.52578514100003,nodecontroller,11429,0.17,0.0,45212,32212
116.52578514100003,nodelet,10746,0.13,0.0,25504,12029
116.52578514100003,nodeproxy,11731,0.0,0.0,16008,5092
117.52938791899999,nodestore,10063,0.55,0.9964101554131423,21600,11673
117.52938791899999,nodeapiserver,10381,0.88,0.9964101554131423,246204,234376
117.52938791899999,nodescheduler,11588,0.04,0.0,23712,11205
117.52938791899999,nodecontroller,11429,0.17,0.0,45212,32212
117.52938791899999,nodelet,10746,0.14,0.9964101554131423,25504,12009
117.52938791899999,nodeproxy,11731,0.0,0.0,16008,5092
118.53296746000001,nodestore,10063,0.55,0.0,21600,11673
118.53296746000001,nodeapiserver,10381,0.89,0.9964332264122732,246204,234376
118.53296746000001,nodescheduler,11588,0.04,0.0,23712,11205
118.53296746000001,nodecontroller,11429,0.17,0.0,45212,32212
118.53296746000001,nodelet,10746,0.14,0.0,25504,12009
118.53296746000001,nodeproxy,11731,0.0,0.0,16008,5092
119.53651657500006,nodestore,10063,0.55,0.0,21600,11673
119.53651657500006,nodeapiserver,10381,0.89,0.0,246204,234376
119.53651657500006,nodescheduler,11588,0.04,0.0,23712,11205
119.53651657500006,nodecontroller,11429,0.17,0.0,45212,32212
119.53651657500006,nodelet,10746,0.14,0.0,25504,12009
119.53651657500006,nodeproxy,11731,0.0,0.0,16008,5092
120.54006602100003,nodestore,10063,0.57,1.9929262160143417,21600,11673
120.54006602100003,nodeapiserver,10381,0.9,0.9964631080071709,246204,234376
120.54006602100003,nodescheduler,11588,0.04,0.0,23712,11205
120.54006602100003,nodecontroller,11429,0.17,0.0,45212,32212
120.54006602100003,nodelet,10746,0.14,0.0,25504,12009
120.54006602100003,nodeproxy,11731,0.0,0.0,16008,5092
121.54360032500006,nodestore,10063,0.57,0.0,21600,11673
121.54360032500006,nodeapiserver,10381,0.9,0.0,246204,234376
121.54360032500006,nodescheduler,11588,0.04,0.0,23712,11205
121.54360032500006,nodecontroller,11429,0.17,0.0,45212,32212
121.54360032500006,nodelet,10746,0.14,0.0,25504,12009
121.54360032500006,nodeproxy,11731,0.0,0.0,16008,5092
122.54717372800008,nodestore,10063,0.57,0.0,21600,11673
122.54717372800008,nodeapiserver,10381,0.91,0.9964393207419244,246204,234376
122.54717372800008,nodescheduler,11588,0.04,0.0,23712,11205
122.54717372800008,nodecontroller,11429,0.17,0.0,45212,32212
122.54717372800008,nodelet,10746,0.14,0.0,25504,12009
122.54717372800008,nodeproxy,11731,0.0,0.0,16008,5092
123.55074471400007,nodestore,10063,0.58,0.9964417205660431,21600,11673
123.55074471400007,nodeapiserver,10381,0.92,0.9964417205660431,246204,234376
123.55074471400007,nodescheduler,11588,0.04,0.0,23712,11205
123.55074471400007,nodecontroller,11429,0.17,0.0,45212,32212
123.55074471400007,nodelet,10746,0.14,0.0,25504,12009
123.55074471400007,nodeproxy,11731,0.0,0.0,16008,5092
124.55429461000006,nodestore,10063,0.58,0.0,21600,11673
124.55429461000006,nodeapiserver,10381,0.92,0.0,246204,234376
124.55429461000006,nodescheduler,11588,0.04,0.0,23712,11205
124.55429461000006,nodecontroller,11429,0.18,0.9964626611849289,45212,32212
124.55429461000006,nodelet,10746,0.14,0.0,25504,12009
124.55429461000006,nodeproxy,11731,0.0,0.0,16008,5092
125.557835512,nodestore,10063,0.58,0.0,21600,11673
125.557835512,nodeapiserver,10381,0.93,0.9964715917478959,246204,234376
125.557835512,nodescheduler,11588,0.04,0.0,23712,11205
125.557835512,nodecontroller,11429,0.18,0.0,45212,32212
125.557835512,nodelet,10746,0.14,0.0,25504,12009
125.557835512,nodeproxy,11731,0.0,0.0,16008,5092
126.56138118199999,nodestore,10063,0.59,0.9964668573578778,21600,11673
126.56138118199999,nodeapiserver,10381,0.94,0.9964668573578778,246204,234376
126.56138118199999,nodescheduler,11588,0.04,0.0,23712,11245
126.56138118199999,nodecontroller,11429,0.18,0.0,45212,32248
126.56138118199999,nodelet,10746,0.14,0.0,25504,12009
126.56138118199999,nodeproxy,11731,0.0,0.0,16008,5092
127.56498771999998,nodestore,10063,0.61,1.9928128447485551,21600,11673
127.56498771999998,nodeapiserver,10381,0.95,0.9964064223742776,246204,234376
127.56498771999998,nodescheduler,11588,0.04,0.0,23712,11245
127.56498771999998,nodecontroller,11429,0.18,0.0,45212,32248
127.56498771999998,nodelet,10746,0.14,0.0,25504,12033
127.56498771999998,nodeproxy,11731,0.0,0.0,16008,5092
128.56853339000008,nodestore,10063,0.61,0.0,21600,11673
128.56853339000008,nodeapiserver,10381,0.96,0.996466857357765,246204,234376
128.56853339000008,nodescheduler,11588,0.04,0.0,23712,11249
128.56853339000008,nodecontroller,11429,0.18,0.0,45212,32248
128.56853339000008,nodelet,10746,0.14,0.0,25504,12033
128.56853339000008,nodeproxy,11731,0.0,0.0,16008,5092
129.57207575200005,nodestore,10063,0.61,0.0,21600,11673
129.57207575200005,nodeapiserver,10381,0.96,0.0,246204,234376
129.57207575200005,nodescheduler,11588,0.04,0.0,23712,11249
129.57207575200005,nodecontroller,11429,0.18,0.0,45212,32248
129.57207575200005,nodelet,10746,0.14,0.0,25504,12033
129.57207575200005,nodeproxy,11731,0.0,0.0,16008,5092
130.57560338200005,nodestore,10063,0.62,0.9964847704292829,21600,11673
130.57560338200005,nodeapiserver,10381,0.97,0.9964847704292829,246204,234376
130.57560338200005,nodescheduler,11588,0.04,0.0,23712,11249
130.57560338200005,nodecontroller,11429,0.18,0.0,45212,32248
130.57560338200005,nodelet,10746,0.15,0.9964847704292829,25504,12033
130.57560338200005,nodeproxy,11731,0.0,0.0,16008,5092
131.579165397,nodestore,10063,0.62,0.0,21600,11673
131.579165397,nodeapiserver,10381,0.97,0.0,246204,234376
131.579165397,nodescheduler,11588,0.04,0.0,23712,11249
131.579165397,nodecontroller,11429,0.18,0.0,45212,32248
131.579165397,nodelet,10746,0.15,0.0,25504,12033
131.579165397,nodeproxy,11731,0.0,0.0,16008,5092
132.58266108100008,nodestore,10063,0.62,0.0,21600,11673
132.58266108100008,nodeapiserver,10381,0.98,0.9965164932387636,246204,234376
132.58266108100008,nodescheduler,11588,0.05,0.9965164932387636,23712,11249
132.58266108100008,nodecontroller,11429,0.19,0.9965164932387636,45212,32248
132.58266108100008,nodelet,10746,0.15,0.0,25504,12033
132.58266108100008,nodeproxy,11731,0.0,0.0,16008,5092
133.58620148199998,nodestore,10063,0.62,0.0,21600,11673
133.58620148199998,nodeapiserver,10381,0.98,0.0,246204,234376
133.58620148199998,nodescheduler,11588,0.05,0.0,23712,11249
133.58620148199998,nodecontroller,11429,0.19,0.0,45212,32248
133.58620148199998,nodelet,10746,0.15,0.0,25504,12033
133.58620148199998,nodeproxy,11731,0.0,0.0,16008,5092
134.58978964200003,nodestore,10063,0.63,0.9964246688601336,21600,11673
134.58978964200003,nodeapiserver,10381,0.99,0.9964246688601336,246204,234376
134.58978964200003,nodescheduler,11588,0.05,0.0,23712,11249
134.58978964200003,nodecontroller,11429,0.19,0.0,45212,32248
134.58978964200003,nodelet,10746,0.15,0.0,25504,12033
134.58978964200003,nodeproxy,11731,0.0,0.0,16008,5092
135.593341172,nodestore,10063,0.63,0.0,21600,11673
135.593341172,nodeapiserver,10381,0.99,0.0,246204,234376
135.593341172,nodescheduler,11588,0.05,0.0,23712,11249
135.593341172,nodecontroller,11429,0.19,0.0,45212,32248
135.593341172,nodelet,10746,0.15,0.0,25504,12033
135.593341172,nodeproxy,11731,0.0,0.0,16008,5092
136.59686774199997,nodestore,10063,0.63,0.0,21600,11673
136.59686774199997,nodeapiserver,10381,1.0,0.9964858229912509,246204,234376
136.59686774199997,nodescheduler,11588,0.05,0.0,23712,11249
136.59686774199997,nodecontroller,11429,0.19,0.0,45212,32248
136.59686774199997,nodelet,10746,0.15,0.0,25504,12033
136.59686774199997,nodeproxy,11731,0.0,0.0,16008,5092
137.60047730899998,nodestore,10063,0.65,1.9928068302282091,21600,11673
137.60047730899998,nodeapiserver,10381,1.02,1.9928068302282091,246204,234376
137.60047730899998,nodescheduler,11588,0.05,0.0,23712,11249
137.60047730899998,nodecontroller,11429,0.19,0.0,45212,32248
137.60047730899998,nodelet,10746,0.16,0.9964034151141046,25504,12033
137.60047730899998,nodeproxy,11731,0.0,0.0,16008,5092
138.60401358700005,nodestore,10063,0.65,0.0,21600,11673
138.60401358700005,nodeapiserver,10381,1.02,0.0,246204,234376
138.60401358700005,nodescheduler,11588,0.06,0.9964761831957715,23712,11249
138.60401358700005,nodecontroller,11429,0.19,0.0,45212,32248
138.60401358700005,nodelet,10746,0.16,0.0,25504,12033
138.60401358700005,nodeproxy,11731,0.0,0.0,16008,5092
139.60752067099997,nodestore,10063,0.65,0.0,21600,11673
139.60752067099997,nodeapiserver,10381,1.03,0.9965051726531499,246204,234376
139.60752067099997,nodescheduler,11588,0.06,0.0,23712,11249
139.60752067099997,nodecontroller,11429,0.2,0.9965051726531499,45212,32248
139.60752067099997,nodelet,10746,0.16,0.0,25504,12033
139.60752067099997,nodeproxy,11731,0.0,0.0,16008,5092
140.6110645,nodestore,10063,0.66,0.9964686853751528,21600,11673
140.6110645,nodeapiserver,10381,1.03,0.0,246204,234376
140.6110645,nodescheduler,11588,0.06,0.0,23712,11249
140.6110645,nodecontroller,11429,0.2,0.0,45212,32248
140.6110645,nodelet,10746,0.16,0.0,25504,12033
140.6110645,nodeproxy,11731,0.0,0.0,16008,5092
141.61456676700004,nodestore,10063,0.66,0.0,21600,11673
141.61456676700004,nodeapiserver,10381,1.04,0.9965099560656555,246204,234376
141.61456676700004,nodescheduler,11588,0.06,0.0,23712,11249
141.61456676700004,nodecontroller,11429,0.2,0.0,45212,32248
141.61456676700004,nodelet,10746,0.16,0.0,25504,12033
141.61456676700004,nodeproxy,11731,0.0,0.0,16008,5092
142.61832743500008,nodestore,10063,0.67,0.9962534216373173,21600,11673
142.61832743500008,nodeapiserver,10381,1.04,0.0,246204,234376
142.61832743500008,nodescheduler,11588,0.06,0.0,23712,11249
142.61832743500008,nodecontroller,11429,0.2,0.0,45212,32248
142.61832743500008,nodelet,10746,0.16,0.0,25504,12033
142.61832743500008,nodeproxy,11731,0.0,0.0,16008,5092
143.62181123599999,nodestore,10063,0.67,0.0,21600,11673
143.62181123599999,nodeapiserver,10381,1.04,0.0,246204,234376
143.62181123599999,nodescheduler,11588,0.06,0.0,23712,11249
143.62181123599999,nodecontroller,11429,0.2,0.0,45212,32248
143.62181123599999,nodelet,10746,0.16,0.0,25504,12033
143.62181123599999,nodeproxy,11731,0.0,0.0,16008,5092
144.625982506,nodestore,10063,0.67,0.0,21600,11673
144.625982506,nodeapiserver,10381,1.05,0.9958460572168841,246204,234376
144.625982506,nodescheduler,11588,0.06,0.0,23712,11249
144.625982506,nodecontroller,11429,0.2,0.0,45212,32248
144.625982506,nodelet,10746,0.16,0.0,25504,12033
144.625982506,nodeproxy,11731,0.0,0.0,16008,5092
145.629530338,nodestore,10063,0.67,0.0,21600,11677
145.629530338,nodeapiserver,10381,1.05,0.0,246204,234376
145.629530338,nodescheduler,11588,0.06,0.0,23712,11249
145.629530338,nodecontroller,11429,0.21,0.9964647106128359,45212,32248
145.629530338,nodelet,10746,0.16,0.0,25504,12033
145.629530338,nodeproxy,11731,0.0,0.0,16008,5092
146.63373503900004,nodestore,10063,0.68,0.9958129044846519,21600,11677
146.63373503900004,nodeapiserver,10381,1.07,1.9916258089693037,246204,234376
146.63373503900004,nodescheduler,11588,0.06,0.0,23712,11249
146.63373503900004,nodecontroller,11429,0.21,0.0,45212,32248
146.63373503900004,nodelet,10746,0.16,0.0,25504,12033
146.63373503900004,nodeproxy,11731,0.0,0.0,16008,5092
147.63728070000002,nodestore,10063,0.68,0.0,21600,11677
147.63728070000002,nodeapiserver,10381,1.08,0.9964668662944121,246204,234376
147.63728070000002,nodescheduler,11588,0.06,0.0,23712,11249
147.63728070000002,nodecontroller,11429,0.21,0.0,45212,32248
147.63728070000002,nodelet,10746,0.16,0.0,25504,12013
147.63728070000002,nodeproxy,11731,0.0,0.0,16008,5092
148.641417498,nodestore,10063,0.69,0.9958802445959256,21600,11677
148.641417498,nodeapiserver,10381,1.09,0.9958802445959256,246204,234376
148.641417498,nodescheduler,11588,0.06,0.0,23712,11249
148.641417498,nodecontroller,11429,0.21,0.0,45212,32248
148.641417498,nodelet,10746,0.16,0.0,25504,12013
148.641417498,nodeproxy,11731,0.0,0.0,16008,5092
149.64490192699998,nodestore,10063,0.69,0.0,21600,11677
149.64490192699998,nodeapiserver,10381,1.09,0.0,246204,234376
149.64490192699998,nodescheduler,11588,0.06,0.0,23712,11249
149.64490192699998,nodecontroller,11429,0.21,0.0,45212,32248
149.64490192699998,nodelet,10746,0.16,0.0,25504,12013
149.64490192699998,nodeproxy,11731,0.0,0.0,16008,5092
150.64849630000003,nodestore,10063,0.7,0.9964185002459602,21600,11677
150.64849630000003,nodeapiserver,10381,1.09,0.0,246204,234376
150.64849630000003,nodescheduler,11588,0.06,0.0,23712,11249
150.64849630000003,nodecontroller,11429,0.21,0.0,45212,32248
150.64849630000003,nodelet,10746,0.16,0.0,25504,12013
150.64849630000003,nodeproxy,11731,0.0,0.0,16008,5092
151.65215836700008,nodestore,10063,0.7,0.0,21600,11677
151.65215836700008,nodeapiserver,10381,1.09,0.0,246204,234376
151.65215836700008,nodescheduler,11588,0.06,0.0,23712,11249
151.65215836700008,nodecontroller,11429,0.21,0.0,45212,32248
151.65215836700008,nodelet,10746,0.17,0.9963512948028452,25504,12013
151.65215836700008,nodeproxy,11731,0.0,0.0,16008,5092
152.655685114,nodestore,10063,0.7,0.0,21600,11677
152.655685114,nodeapiserver,10381,1.1,0.9964856472331672,246204,234376
152.655685114,nodescheduler,11588,0.06,0.0,23712,11249
152.655685114,nodecontroller,11429,0.21,0.0,45212,32248
152.655685114,nodelet,10746,0.17,0.0,25504,12013
152.655685114,nodeproxy,11731,0.0,0.0,16008,5092
153.65921268300008,nodestore,10063,0.7,0.0,21600,11677
153.65921268300008,nodeapiserver,10381,1.1,0.0,246204,234376
153.65921268300008,nodescheduler,11588,0.06,0.0,23712,11249
153.65921268300008,nodecontroller,11429,0.21,0.0,45212,32248
153.65921268300008,nodelet,10746,0.17,0.0,25504,12013
153.65921268300008,nodeproxy,11731,0.0,0.0,16008,5092
154.66276615900006,nodestore,10063,0.71,0.9964591064801621,21600,11677
154.66276615900006,nodeapiserver,10381,1.12,1.9929182129603242,246204,234376
154.66276615900006,nodescheduler,11588,0.06,0.0,23712,11249
154.66276615900006,nodecontroller,11429,0.21,0.0,45212,32248
154.66276615900006,nodelet,10746,0.17,0.0,25504,12013
154.66276615900006,nodeproxy,11731,0.0,0.0,16008,5092
155.66633532100002,nodestore,10063,0.71,0.0,21600,11677
155.66633532100002,nodeapiserver,10381,1.12,0.0,246204,234376
155.66633532100002,nodescheduler,11588,0.06,0.0,23712,11249
155.66633532100002,nodecontroller,11429,0.21,0.0,45212,32248
155.66633532100002,nodelet,10746,0.17,0.0,25504,12013
155.66633532100002,nodeproxy,11731,0.0,0.0,16008,5092
156.66991570800008,nodestore,10063,0.72,0.9964323864371653,21600,11677
156.66991570800008,nodeapiserver,10381,1.13,0.9964323864371653,246204,234376
156.66991570800008,nodescheduler,11588,0.06,0.0,23712,11249
156.66991570800008,nodecontroller,11429,0.21,0.0,45340,32252
156.66991570800008,nodelet,10746,0.17,0.0,25504,12013
156.66991570800008,nodeproxy,11731,0.0,0.0,16008,5092
157.673451119,nodestore,10063,0.73,0.996477044097135,21600,11677
157.673451119,nodeapiserver,10381,1.13,0.0,246204,234376
157.673451119,nodescheduler,11588,0.06,0.0,23712,11249
157.673451119,nodecontroller,11429,0.21,0.0,45340,32252
157.673451119,nodelet,10746,0.17,0.0,25504,12037
157.673451119,nodeproxy,11731,0.0,0.0,16008,5092
158.67702490500005,nodestore,10063,0.73,0.0,21600,11677
158.67702490500005,nodeapiserver,10381,1.14,0.996438940464652,246204,234376
158.67702490500005,nodescheduler,11588,0.06,0.0,23712,11249
158.67702490500005,nodecontroller,11429,0.22,0.996438940464652,45340,32252
158.67702490500005,nodelet,10746,0.17,0.0,25504,12037
158.67702490500005,nodeproxy,11731,0.0,0.0,16008,5092
159.680579363,nodestore,10063,0.73,0.0,21600,11677
159.680579363,nodeapiserver,10381,1.14,0.0,246204,234376
159.680579363,nodescheduler,11588,0.06,0.0,23712,11249
159.680579363,nodecontroller,11429,0.22,0.0,45340,32252
159.680579363,nodelet,10746,0.17,0.0,25504,12037
159.680579363,nodeproxy,11731,0.0,0.0,16008,5092
160.684247164,nodestore,10063,0.74,0.9963456026024233,21600,11677
160.684247164,nodeapiserver,10381,1.16,1.9926912052048467,246204,234376
160.684247164,nodescheduler,11588,0.06,0.0,23712,11249
160.684247164,nodecontroller,11429,0.22,0.0,45340,32252
160.684247164,nodelet,10746,0.17,0.0,25504,12037
160.684247164,nodeproxy,11731,0.0,0.0,16008,5092
161.687853593,nodestore,10063,0.74,0.0,21600,11677
161.687853593,nodeapiserver,10381,1.16,0.0,246204,234376
161.687853593,nodescheduler,11588,0.06,0.0,23712,11249
161.687853593,nodecontroller,11429,0.23,0.9964065305922813,45596,32612
161.687853593,nodelet,10746,0.17,0.0,25504,12037
161.687853593,nodeproxy,11731,0.0,0.0,16008,5092
162.69133208200003,nodestore,10063,0.74,0.0,21600,11677
162.69133208200003,nodeapiserver,10381,1.17,0.9965335689422726,246204,234376
162.69133208200003,nodescheduler,11588,0.06,0.0,23712,11249
162.69133208200003,nodecontroller,11429,0.23,0.0,45596,32612
162.69133208200003,nodelet,10746,0.17,0.0,25504,12037
162.69133208200003,nodeproxy,11731,0.0,0.0,16008,5092
163.69479004200002,nodestore,10063,0.74,0.0,21600,11677
163.69479004200002,nodeapiserver,10381,1.17,0.0,246204,234376
163.69479004200002,nodescheduler,11588,0.06,0.0,23712,11249
163.69479004200002,nodecontroller,11429,0.23,0.0,45596,32612
163.69479004200002,nodelet,10746,0.17,0.0,25504,12037
163.69479004200002,nodeproxy,11731,0.0,0.0,16008,5092
164.69823766700006,nodestore,10063,0.76,1.993128440560044,21600,11685
164.69823766700006,nodeapiserver,10381,1.18,0.996564220280022,246204,234376
164.69823766700006,nodescheduler,11588,0.06,0.0,23712,11249
164.69823766700006,nodecontroller,11429,0.23,0.0,45596,32612
164.69823766700006,nodelet,10746,0.17,0.0,25504,12037
164.69823766700006,nodeproxy,11731,0.0,0.0,16008,5092
165.70170582100002,nodestore,10063,0.76,0.0,21600,11685
165.70170582100002,nodeapiserver,10381,1.18,0.0,246204,234376
165.70170582100002,nodescheduler,11588,0.06,0.0,23712,11249
165.70170582100002,nodecontroller,11429,0.23,0.0,45596,32612
165.70170582100002,nodelet,10746,0.17,0.0,25504,12037
165.70170582100002,nodeproxy,11731,0.0,0.0,16008,5092
166.70517835400005,nodestore,10063,0.76,0.0,21600,11685
166.70517835400005,nodeapiserver,10381,1.19,0.996539483756816,246204,234376
166.70517835400005,nodescheduler,11588,0.06,0.0,23712,11249
166.70517835400005,nodecontroller,11429,0.23,0.0,45596,32612
166.70517835400005,nodelet,10746,0.17,0.0,25504,12037
166.70517835400005,nodeproxy,11731,0.0,0.0,16008,5092
167.70863347400007,nodestore,10063,0.76,0.0,21600,11685
167.70863347400007,nodeapiserver,10381,1.19,0.0,246204,234376
167.70863347400007,nodescheduler,11588,0.06,0.0,23712,11249
167.70863347400007,nodecontroller,11429,0.23,0.0,45596,32612
167.70863347400007,nodelet,10746,0.18,0.9965567767495049,25504,12057
167.70863347400007,nodeproxy,11731,0.0,0.0,16008,5092
168.71212567100008,nodestore,10063,0.77,0.9965199559992054,21600,11685
168.71212567100008,nodeapiserver,10381,1.2,0.9965199559992054,246204,234376
168.71212567100008,nodescheduler,11588,0.06,0.0,23712,11249
168.71212567100008,nodecontroller,11429,0.24,0.9965199559992054,45596,32612
168.71212567100008,nodelet,10746,0.18,0.0,25504,12057
168.71212567100008,nodeproxy,11731,0.0,0.0,16008,5092
169.71556331500005,nodestore,10063,0.77,0.0,21600,11685
169.71556331500005,nodeapiserver,10381,1.2,0.0,246204,234376
169.71556331500005,nodescheduler,11588,0.06,0.0,23712,11249
169.71556331500005,nodecontroller,11429,0.24,0.0,45596,32612
169.71556331500005,nodelet,10746,0.18,0.0,25504,12057
169.71556331500005,nodeproxy,11731,0.0,0.0,16008,5092
170.71904385100004,nodestore,10063,0.77,0.0,21600,11685
170.71904385100004,nodeapiserver,10381,1.22,1.9930630722268763,246204,234376
170.71904385100004,nodescheduler,11588,0.06,0.0,23712,11249
170.71904385100004,nodecontroller,11429,0.24,0.0,45596,32612
170.71904385100004,nodelet,10746,0.18,0.0,25504,12057
170.71904385100004,nodeproxy,11731,0.0,0.0,16008,5092
171.72251649300006,nodestore,10063,0.77,0.0,21600,11685
171.72251649300006,nodeapiserver,10381,1.22,0.0,246204,234376
171.72251649300006,nodescheduler,11588,0.06,0.0,23712,11249
171.72251649300006,nodecontroller,11429,0.24,0.0,45596,32612
171.72251649300006,nodelet,10746,0.18,0.0,25504,12057
171.72251649300006,nodeproxy,11731,0.0,0.0,16008,5092
172.72585805300002,nodestore,10063,0.79,1.993339137671189,21600,11685
172.72585805300002,nodeapiserver,10381,1.23,0.9966695688355945,246204,234376
172.72585805300002,nodescheduler,11588,0.06,0.0,23712,11249
172.72585805300002,nodecontroller,11429,0.24,0.0,45596,32612
172.72585805300002,nodelet,10746,0.18,0.0,25504,12057
172.72585805300002,nodeproxy,11731,0.0,0.0,16008,5092
173.72919632900005,nodestore,10063,0.79,0.0,21600,11685
173.72919632900005,nodeapiserver,10381,1.23,0.0,246204,234376
173.72919632900005,nodescheduler,11588,0.06,0.0,23712,11249
173.72919632900005,nodecontroller,11429,0.24,0.0,45596,32612
173.72919632900005,nodelet,10746,0.18,0.0,25504,12057
173.72919632900005,nodeproxy,11731,0.0,0.0,16008,5092
174.73256797500005,nodestore,10063,0.8,0.9966396837966807,21600,11689
174.73256797500005,nodeapiserver,10381,1.24,0.9966396837966807,246204,234376
174.73256797500005,nodescheduler,11588,0.06,0.0,23712,11249
174.73256797500005,nodecontroller,11429,0.24,0.0,45596,32612
174.73256797500005,nodelet,10746,0.18,0.0,25504,12057
174.73256797500005,nodeproxy,11731,0.0,0.0,16008,5092
175.735961869,nodestore,10063,0.8,0.0,21600,11689
175.735961869,nodeapiserver,10381,1.24,0.0,246204,234376
175.735961869,nodescheduler,11588,0.06,0.0,23712,11249
175.735961869,nodecontroller,11429,0.24,0.0,45596,32612
175.735961869,nodelet,10746,0.18,0.0,25504,12057
175.735961869,nodeproxy,11731,0.0,0.0,16008,5092
176.73931712500007,nodestore,10063,0.8,0.0,21600,11689
176.73931712500007,nodeapiserver,10381,1.25,0.9966559640964527,246204,234376
176.73931712500007,nodescheduler,11588,0.06,0.0,23712,11249
176.73931712500007,nodecontroller,11429,0.24,0.0,45596,32612
176.73931712500007,nodelet,10746,0.18,0.0,25504,12057
176.73931712500007,nodeproxy,11731,0.0,0.0,16008,5092
177.74268233100008,nodestore,10063,0.8,0.0,21600,11689
177.74268233100008,nodeapiserver,10381,1.25,0.0,246204,234376
177.74268233100008,nodescheduler,11588,0.06,0.0,23712,11249
177.74268233100008,nodecontroller,11429,0.25,0.9966460806295767,45596,32612
177.74268233100008,nodelet,10746,0.19,0.9966460806295767,25504,12057
177.74268233100008,nodeproxy,11731,0.0,0.0,16008,5092
178.74601454499998,nodestore,10063,0.81,0.996678852773387,21600,11689
178.74601454499998,nodeapiserver,10381,1.27,1.993357705546774,246204,234376
178.74601454499998,nodescheduler,11588,0.06,0.0,23712,11249
178.74601454499998,nodecontroller,11429,0.25,0.0,45596,32612
178.74601454499998,nodelet,10746,0.19,0.0,25504,12057
178.74601454499998,nodeproxy,11731,0.0,0.0,16008,5092
179.74934566600007,nodestore,10063,0.81,0.0,21600,11689
179.74934566600007,nodeapiserver,10381,1.27,0.0,246204,234376
179.74934566600007,nodescheduler,11588,0.06,0.0,23712,11249
179.74934566600007,nodecontroller,11429,0.25,0.0,45596,32612
179.74934566600007,nodelet,10746,0.19,0.0,25504,12057
179.74934566600007,nodeproxy,11731,0.0,0.0,16008,5092
180.752662171,nodestore,10063,0.82,0.9966944578471477,21600,11689
180.752662171,nodeapiserver,10381,1.27,0.0,246204,234376
180.752662171,nodescheduler,11588,0.06,0.0,23712,11249
180.752662171,nodecontroller,11429,0.25,0.0,45596,32612
180.752662171,nodelet,10746,0.19,0.0,25504,12057
180.752662171,nodeproxy,11731,0.0,0.0,16008,5092
181.75601513800007,nodestore,10063,0.82,0.0,21600,11689
181.75601513800007,nodeapiserver,10381,1.27,0.0,246204,234376
181.75601513800007,nodescheduler,11588,0.06,0.0,23712,11249
181.75601513800007,nodecontroller,11429,0.25,0.0,45596,32612
181.75601513800007,nodelet,10746,0.19,0.0,25504,12057
181.75601513800007,nodeproxy,11731,0.0,0.0,16008,5092
182.75944426,nodestore,10063,0.83,0.9965825966929198,21600,11689
182.75944426,nodeapiserver,10381,1.28,0.9965825966929198,246204,234376
182.75944426,nodescheduler,11588,0.06,0.0,23712,11249
182.75944426,nodecontroller,11429,0.25,0.0,45596,32612
182.75944426,nodelet,10746,0.19,0.0,25504,12057
182.75944426,nodeproxy,11731,0.0,0.0,16008,5092
183.76276886699998,nodestore,10063,0.83,0.0,21600,11689
183.76276886699998,nodeapiserver,10381,1.28,0.0,246204,234376
183.76276886699998,nodescheduler,11588,0.06,0.0,23712,11249
183.76276886699998,nodecontroller,11429,0.25,0.0,45596,32612
183.76276886699998,nodelet,10746,0.19,0.0,25504,12057
183.76276886699998,nodeproxy,11731,0.0,0.0,16008,5092
184.76607907300001,nodestore,10063,0.83,0.0,21600,11689
184.76607907300001,nodeapiserver,10381,1.3,1.9934014306238657,246204,234376
184.76607907300001,nodescheduler,11588,0.07,0.9967007153119328,23712,11249
184.76607907300001,nodecontroller,11429,0.25,0.0,45596,32612
184.76607907300001,nodelet,10746,0.19,0.0,25504,12057
184.76607907300001,nodeproxy,11731,0.0,0.0,16008,5092
185.76939400499998,nodestore,10063,0.85,1.9933920409350259,21600,11689
185.76939400499998,nodeapiserver,10381,1.31,0.9966960204675129,246204,234376
185.76939400499998,nodescheduler,11588,0.07,0.0,23712,11249
185.76939400499998,nodecontroller,11429,0.25,0.0,45596,32612
185.76939400499998,nodelet,10746,0.19,0.0,25504,12057
185.76939400499998,nodeproxy,11731,0.0,0.0,16008,5092
186.77274159700005,nodestore,10063,0.85,0.0,21600,11689
186.77274159700005,nodeapiserver,10381,1.31,0.0,246204,234376
186.77274159700005,nodescheduler,11588,0.07,0.0,23712,11249
186.77274159700005,nodecontroller,11429,0.25,0.0,45596,32612
186.77274159700005,nodelet,10746,0.19,0.0,25504,12057
186.77274159700005,nodeproxy,11731,0.0,0.0,16008,5092
187.77609664600004,nodestore,10063,0.86,0.9966561697144631,21600,11689
187.77609664600004,nodeapiserver,10381,1.33,1.9933123394289263,246204,234376
187.77609664600004,nodescheduler,11588,0.07,0.0,23712,11249
187.77609664600004,nodecontroller,11429,0.25,0.0,45596,32612
187.77609664600004,nodelet,10746,0.19,0.0,25504,12125
187.77609664600004,nodeproxy,11731,0.0,0.0,16008,5092
188.77940062800008,nodestore,10063,0.86,0.0,21600,11689
188.77940062800008,nodeapiserver,10381,1.34,0.9967068983485466,246204,234376
188.77940062800008,nodescheduler,11588,0.07,0.0,23712,11249
188.77940062800008,nodecontroller,11429,0.25,0.0,45596,32612
188.77940062800008,nodelet,10746,0.19,0.0,25504,12125
188.77940062800008,nodeproxy,11731,0.0,0.0,16008,5092
189.78274673300007,nodestore,10063,0.86,0.0,21600,11689
189.78274673300007,nodeapiserver,10381,1.34,0.0,246204,234376
189.78274673300007,nodescheduler,11588,0.07,0.0,23712,11249
189.78274673300007,nodecontroller,11429,0.26,0.9966650540792288,45596,32612
189.78274673300007,nodelet,10746,0.2,0.9966650540792288,25504,12125
189.78274673300007,nodeproxy,11731,0.0,0.0,16008,5092
190.78611650000005,nodestore,10063,0.87,0.9966415501933485,21600,11689
190.78611650000005,nodeapiserver,10381,1.35,0.9966415501933485,246204,234376
190.78611650000005,nodescheduler,11588,0.07,0.0,23712,11249
190.78611650000005,nodecontroller,11429,0.26,0.0,45596,32612
190.78611650000005,nodelet,10746,0.2,0.0,25504,12125
190.78611650000005,nodeproxy,11731,0.0,0.0,16008,5092
191.78946843799997,nodestore,10063,0.87,0.0,21600,11689
191.78946843799997,nodeapiserver,10381,1.35,0.0,246204,234376
191.78946843799997,nodescheduler,11588,0.07,0.0,23712,11249
191.78946843799997,nodecontroller,11429,0.26,0.0,45596,32612
191.78946843799997,nodelet,10746,0.2,0.0,25504,12125
191.78946843799997,nodeproxy,11731,0.0,0.0,16008,5092
192.79281205100006,nodestore,10063,0.88,0.9966675294916305,21600,11689
192.79281205100006,nodeapiserver,10381,1.36,0.9966675294916305,246204,234376
192.79281205100006,nodescheduler,11588,0.07,0.0,23712,11249
192.79281205100006,nodecontroller,11429,0.26,0.0,45596,32612
192.79281205100006,nodelet,10746,0.2,0.0,25504,12125
192.79281205100006,nodeproxy,11731,0.0,0.0,16008,5092
193.79621773600002,nodestore,10063,0.88,0.0,21600,11689
193.79621773600002,nodeapiserver,10381,1.36,0.0,246204,234376
193.79621773600002,nodescheduler,11588,0.07,0.0,23712,11249
193.79621773600002,nodecontroller,11429,0.26,0.0,45596,32612
193.79621773600002,nodelet,10746,0.2,0.0,25504,12125
193.79621773600002,nodeproxy,11731,0.0,0.0,16008,5092
194.79957416500008,nodestore,10063,0.89,0.9966547989298189,21600,11689
194.79957416500008,nodeapiserver,10381,1.37,0.9966547989298189,246204,234376
194.79957416500008,nodescheduler,11588,0.07,0.0,23712,11249
194.79957416500008,nodecontroller,11429,0.27,0.9966547989298189,45596,32612
194.79957416500008,nodelet,10746,0.2,0.0,25504,12125
194.79957416500008,nodeproxy,11731,0.0,0.0,16008,5092
195.803121272,nodestore,10063,0.89,0.0,21600,11689
195.803121272,nodeapiserver,10381,1.37,0.0,246204,234376
195.803121272,nodescheduler,11588,0.07,0.0,23712,11249
195.803121272,nodecontroller,11429,0.27,0.0,45596,32612
195.803121272,nodelet,10746,0.2,0.0,25504,12125
195.803121272,nodeproxy,11731,0.0,0.0,16008,5092
196.80640767,nodestore,10063,0.89,0.0,21600,11689
196.80640767,nodeapiserver,10381,1.38,0.9967243670336292,246204,234376
196.80640767,nodescheduler,11588,0.07,0.0,23712,11249
196.80640767,nodecontroller,11429,0.27,0.0,45596,32612
196.80640767,nodelet,10746,0.2,0.0,25504,12125
196.80640767,nodeproxy,11731,0.0,0.0,16008,5092
197.80969373699998,nodestore,10063,0.9,0.9967246958688439,21600,11689
197.80969373699998,nodeapiserver,10381,1.39,0.9967246958688439,246204,234376
197.80969373699998,nodescheduler,11588,0.07,0.0,23712,11249
197.80969373699998,nodecontroller,11429,0.27,0.0,45596,32616
197.80969373699998,nodelet,10746,0.2,0.0,25504,12133
197.80969373699998,nodeproxy,11731,0.0,0.0,16008,5092
198.81298902800006,nodestore,10063,0.91,0.9967155322768423,21600,11689
198.81298902800006,nodeapiserver,10381,1.4,0.9967155322768423,246204,234376
198.81298902800006,nodescheduler,11588,0.07,0.0,23712,11249
198.81298902800006,nodecontroller,11429,0.27,0.0,45596,32616
198.81298902800006,nodelet,10746,0.21,0.9967155322768423,25504,12133
198.81298902800006,nodeproxy,11731,0.0,0.0,16008,5092
199.81624727500002,nodestore,10063,0.91,0.0,21600,11689
199.81624727500002,nodeapiserver,10381,1.4,0.0,246204,234376
199.81624727500002,nodescheduler,11588,0.07,0.0,23712,11249
199.81624727500002,nodecontroller,11429,0.27,0.0,45596,32616
199.81624727500002,nodelet,10746,0.21,0.0,25504,12133
199.81624727500002,nodeproxy,11731,0.0,0.0,16008,5092
200.81955014300001,nodestore,10063,0.91,0.0,21600,11689
200.81955014300001,nodeapiserver,10381,1.41,0.9967080050248679,246204,234376
200.81955014300001,nodescheduler,11588,0.07,0.0,23712,11249
200.81955014300001,nodecontroller,11429,0.27,0.0,45596,32616
200.81955014300001,nodelet,10746,0.21,0.0,25504,12133
200.81955014300001,nodeproxy,11731,0.0,0.0,16008,5092
201.82287019400007,nodestore,10063,0.91,0.0,21600,11689
201.82287019400007,nodeapiserver,10381,1.41,0.0,246204,234376
201.82287019400007,nodescheduler,11588,0.07,0.0,23712,11249
201.82287019400007,nodecontroller,11429,0.27,0.0,45596,32616
201.82287019400007,nodelet,10746,0.21,0.0,25504,12133
201.82287019400007,nodeproxy,11731,0.0,0.0,16008,5092
202.82623237200005,nodestore,10063,0.92,0.9966490883614163,21600,11689
202.82623237200005,nodeapiserver,10381,1.42,0.9966490883614163,246204,234376
202.82623237200005,nodescheduler,11588,0.07,0.0,23712,11249
202.82623237200005,nodecontroller,11429,0.27,0.0,45596,32616
202.82623237200005,nodelet,10746,0.21,0.0,25504,12133
202.82623237200005,nodeproxy,11731,0.0,0.0,16008,5092
203.82959041200002,nodestore,10063,0.92,0.0,21600,11689
203.82959041200002,nodeapiserver,10381,1.42,0.0,246204,234376
203.82959041200002,nodescheduler,11588,0.07,0.0,23712,11249
203.82959041200002,nodecontroller,11429,0.27,0.0,45596,32616
203.82959041200002,nodelet,10746,0.21,0.0,25504,12133
203.82959041200002,nodeproxy,11731,0.0,0.0,16008,5092
204.832952546,nodestore,10063,0.93,0.9966491320670215,21600,11689
204.832952546,nodeapiserver,10381,1.43,0.9966491320670215,246204,234376
204.832952546,nodescheduler,11588,0.07,0.0,23712,11249
204.832952546,nodecontroller,11429,0.27,0.0,45596,32616
204.832952546,nodelet,10746,0.21,0.0,25504,12133
204.832952546,nodeproxy,11731,0.0,0.0,16008,5092
205.83625815900007,nodestore,10063,0.93,0.0,21600,11689
205.83625815900007,nodeapiserver,10381,1.43,0.0,246204,234376
205.83625815900007,nodescheduler,11588,0.07,0.0,23712,11249
205.83625815900007,nodecontroller,11429,0.28,0.9967052780755591,45596,32616
205.83625815900007,nodelet,10746,0.21,0.0,25504,12133
205.83625815900007,nodeproxy,11731,0.0,0.0,16008,5092
206.83958624500008,nodestore,10063,0.94,0.9966829534162862,21600,11689
206.83958624500008,nodeapiserver,10381,1.44,0.9966829534162862,246204,234376
206.83958624500008,nodescheduler,11588,0.07,0.0,23712,11249
206.83958624500008,nodecontroller,11429,0.28,0.0,45596,32616
206.83958624500008,nodelet,10746,0.21,0.0,25504,12133
206.83958624500008,nodeproxy,11731,0.0,0.0,16008,5092
207.84294726300004,nodestore,10063,0.94,0.0,21600,11689
207.84294726300004,nodeapiserver,10381,1.46,1.9933004812033384,246204,234376
207.84294726300004,nodescheduler,11588,0.07,0.0,23712,11249
207.84294726300004,nodecontroller,11429,0.29,0.9966502406016692,45596,32616
207.84294726300004,nodelet,10746,0.21,0.0,25632,12169
207.84294726300004,nodeproxy,11731,0.0,0.0,16008,5092
208.846272538,nodestore,10063,0.95,0.9966857458066607,21600,11689
208.846272538,nodeapiserver,10381,1.47,0.9966857458066607,246204,234376
208.846272538,nodescheduler,11588,0.08,0.9966857458066607,23712,11249
208.846272538,nodecontroller,11429,0.29,0.0,45596,32616
208.846272538,nodelet,10746,0.21,0.0,25632,12169
208.846272538,nodeproxy,11731,0.0,0.0,16008,5092
209.84963683,nodestore,10063,0.95,0.0,21600,11689
209.84963683,nodeapiserver,10381,1.47,0.0,246204,234376
209.84963683,nodescheduler,11588,0.08,0.0,23712,11249
209.84963683,nodecontroller,11429,0.29,0.0,45596,32616
209.84963683,nodelet,10746,0.22,0.996646988509718,25632,12169
209.84963683,nodeproxy,11731,0.0,0.0,16008,5092
210.85298420000004,nodestore,10063,0.95,0.0,21600,11689
210.85298420000004,nodeapiserver,10381,1.47,0.0,246204,234376
210.85298420000004,nodescheduler,11588,0.08,0.0,23712,11249
210.85298420000004,nodecontroller,11429,0.29,0.0,45596,32616
210.85298420000004,nodelet,10746,0.22,0.0,25632,12169
210.85298420000004,nodeproxy,11731,0.0,0.0,16008,5092
211.85633160999998,nodestore,10063,0.95,0.0,21600,11689
211.85633160999998,nodeapiserver,10381,1.47,0.0,246204,234376
211.85633160999998,nodescheduler,11588,0.08,0.0,23712,11249
211.85633160999998,nodecontroller,11429,0.29,0.0,45596,32616
211.85633160999998,nodelet,10746,0.22,0.0,25632,12169
211.85633160999998,nodeproxy,11731,0.0,0.0,16008,5092
212.859710295,nodestore,10063,0.96,0.9966326920727546,21600,11689
212.859710295,nodeapiserver,10381,1.48,0.9966326920727546,246204,234376
212.859710295,nodescheduler,11588,0.08,0.0,23712,11249
212.859710295,nodecontroller,11429,0.29,0.0,45596,32616
212.859710295,nodelet,10746,0.22,0.0,25632,12169
212.859710295,nodeproxy,11731,0.0,0.0,16008,5092
213.863056733,nodestore,10063,0.96,0.0,21600,11689
213.863056733,nodeapiserver,10381,1.48,0.0,246204,234376
213.863056733,nodescheduler,11588,0.08,0.0,23712,11249
213.863056733,nodecontroller,11429,0.29,0.0,45596,32616
213.863056733,nodelet,10746,0.22,0.0,25632,12169
213.863056733,nodeproxy,11731,0.0,0.0,16008,5092
214.86638615000004,nodestore,10063,0.97,0.9966816312333523,21600,11689
214.86638615000004,nodeapiserver,10381,1.5,1.9933632624667046,246204,234376
214.86638615000004,nodescheduler,11588,0.08,0.0,23712,11249
214.86638615000004,nodecontroller,11429,0.29,0.0,45596,32616
214.86638615000004,nodelet,10746,0.22,0.0,25632,12169
214.86638615000004,nodeproxy,11731,0.0,0.0,16008,5092
215.86973785100008,nodestore,10063,0.97,0.0,21600,11689
215.86973785100008,nodeapiserver,10381,1.5,0.0,246204,234376
215.86973785100008,nodescheduler,11588,0.08,0.0,23712,11249
215.86973785100008,nodecontroller,11429,0.29,0.0,45596,32616
215.86973785100008,nodelet,10746,0.22,0.0,25632,12169
215.86973785100008,nodeproxy,11731,0.0,0.0,16008,5092
216.87311028300007,nodestore,10063,0.97,0.0,21600,11689
216.87311028300007,nodeapiserver,10381,1.51,0.996638903070847,246204,234376
216.87311028300007,nodescheduler,11588,0.08,0.0,23712,11249
216.87311028300007,nodecontroller,11429,0.29,0.0,45596,32616
216.87311028300007,nodelet,10746,0.22,0.0,25632,12169
216.87311028300007,nodeproxy,11731,0.0,0.0,16008,5092
217.87645239900007,nodestore,10063,0.98,0.9966690165331414,21600,11689
217.87645239900007,nodeapiserver,10381,1.51,0.0,246204,234376
217.87645239900007,nodescheduler,11588,0.08,0.0,23712,11249
217.87645239900007,nodecontroller,11429,0.29,0.0,45596,32616
217.87645239900007,nodelet,10746,0.22,0.0,25632,12169
217.87645239900007,nodeproxy,11731,0.0,0.0,16008,5092
218.87979740100002,nodestore,10063,0.98,0.0,21600,11689
218.87979740100002,nodeapiserver,10381,1.52,0.9966661497358548,246204,234376
218.87979740100002,nodescheduler,11588,0.08,0.0,23712,11249
218.87979740100002,nodecontroller,11429,0.29,0.0,45596,32616
218.87979740100002,nodelet,10746,0.22,0.0,25632,12169
218.87979740100002,nodeproxy,11731,0.0,0.0,16008,5092
219.88315075399998,nodestore,10063,0.98,0.0,21600,11689
219.88315075399998,nodeapiserver,10381,1.52,0.0,246204,234376
219.88315075399998,nodescheduler,11588,0.08,0.0,23712,11249
219.88315075399998,nodecontroller,11429,0.29,0.0,45596,32616
219.88315075399998,nodelet,10746,0.22,0.0,25632,12169
219.88315075399998,nodeproxy,11731,0.0,0.0,16008,5092
220.88650480900003,nodestore,10063,1.0,1.9933143141579368,21600,11693
220.88650480900003,nodeapiserver,10381,1.54,1.9933143141579368,246204,234376
220.88650480900003,nodescheduler,11588,0.08,0.0,23712,11249
220.88650480900003,nodecontroller,11429,0.29,0.0,45596,32616
220.88650480900003,nodelet,10746,0.22,0.0,25632,12169
220.88650480900003,nodeproxy,11731,0.0,0.0,16008,5092
221.88984811800003,nodestore,10063,1.0,0.0,21600,11693
221.88984811800003,nodeapiserver,10381,1.54,0.0,246204,234376
221.88984811800003,nodescheduler,11588,0.08,0.0,23712,11249
221.88984811800003,nodecontroller,11429,0.29,0.0,45596,32616
221.88984811800003,nodelet,10746,0.22,0.0,25632,12169
221.88984811800003,nodeproxy,11731,0.0,0.0,16008,5092
222.89321152900004,nodestore,10063,1.0,0.0,21600,11693
222.89321152900004,nodeapiserver,10381,1.55,0.9966478636123902,246204,234376
222.89321152900004,nodescheduler,11588,0.08,0.0,23712,11249
222.89321152900004,nodecontroller,11429,0.3,0.9966478636123902,45596,32616
222.89321152900004,nodelet,10746,0.22,0.0,25632,12169
222.89321152900004,nodeproxy,11731,0.0,0.0,16008,5092
223.89655243599998,nodestore,10063,1.0,0.0,21600,11693
223.89655243599998,nodeapiserver,10381,1.55,0.0,246204,234376
223.89655243599998,nodescheduler,11588,0.08,0.0,23712,11249
223.89655243599998,nodecontroller,11429,0.31,0.9966702174937455,45596,32616
223.89655243599998,nodelet,10746,0.22,0.0,25632,12169
223.89655243599998,nodeproxy,11731,0.0,0.0,16008,5092
224.89988470000003,nodestore,10063,1.01,0.9966788031048004,21600,11693
224.89988470000003,nodeapiserver,10381,1.56,0.9966788031048004,246204,234376
224.89988470000003,nodescheduler,11588,0.09,0.9966788031048004,23712,11249
224.89988470000003,nodecontroller,11429,0.31,0.0,45596,32616
224.89988470000003,nodelet,10746,0.22,0.0,25632,12169
224.89988470000003,nodeproxy,11731,0.0,0.0,16008,5092
225.90325983800005,nodestore,10063,1.01,0.0,21600,11693
225.90325983800005,nodeapiserver,10381,1.56,0.0,246204,234376
225.90325983800005,nodescheduler,11588,0.09,0.0,23712,11249
225.90325983800005,nodecontroller,11429,0.31,0.0,45596,32616
225.90325983800005,nodelet,10746,0.22,0.0,25632,12169
225.90325983800005,nodeproxy,11731,0.0,0.0,16008,5092
226.906653614,nodestore,10063,1.02,0.9966177027592613,21600,11693
226.906653614,nodeapiserver,10381,1.57,0.9966177027592613,246204,234376
226.906653614,nodescheduler,11588,0.09,0.0,23712,11249
226.906653614,nodecontroller,11429,0.31,0.0,45596,32616
226.906653614,nodelet,10746,0.22,0.0,25632,12169
226.906653614,nodeproxy,11731,0.0,0.0,16008,5092
227.91003692599998,nodestore,10063,1.02,0.0,21600,11697
227.91003692599998,nodeapiserver,10381,1.58,0.9966280962025978,246204,234376
227.91003692599998,nodescheduler,11588,0.09,0.0,23712,11249
227.91003692599998,nodecontroller,11429,0.31,0.0,45596,32616
227.91003692599998,nodelet,10746,0.22,0.0,25632,12197
227.91003692599998,nodeproxy,11731,0.0,0.0,16008,5092
228.91340990100002,nodestore,10063,1.03,0.9966383637151007,21600,11697
228.91340990100002,nodeapiserver,10381,1.59,0.9966383637151007,246204,234376
228.91340990100002,nodescheduler,11588,0.09,0.0,23712,11249
228.91340990100002,nodecontroller,11429,0.31,0.0,45596,32616
228.91340990100002,nodelet,10746,0.22,0.0,25632,12197
228.91340990100002,nodeproxy,11731,0.0,0.0,16008,5092
229.91679182000007,nodestore,10063,1.03,0.0,21600,11697
229.91679182000007,nodeapiserver,10381,1.59,0.0,246204,234376
229.91679182000007,nodescheduler,11588,0.09,0.0,23712,11249
229.91679182000007,nodecontroller,11429,0.31,0.0,45596,32616
229.91679182000007,nodelet,10746,0.23,0.9966294798261673,25632,12197
229.91679182000007,nodeproxy,11731,0.0,0.0,16008,5092
230.92015713400008,nodestore,10063,1.03,0.0,21600,11697
230.92015713400008,nodeapiserver,10381,1.59,0.0,246204,234376
230.92015713400008,nodescheduler,11588,0.09,0.0,23712,11249
230.92015713400008,nodecontroller,11429,0.31,0.0,45596,32616
230.92015713400008,nodelet,10746,0.23,0.0,25632,12197
230.92015713400008,nodeproxy,11731,0.0,0.0,16008,5092
231.923465299,nodestore,10063,1.03,0.0,21600,11697
231.923465299,nodeapiserver,10381,1.59,0.0,246204,234376
231.923465299,nodescheduler,11588,0.09,0.0,23712,11249
231.923465299,nodecontroller,11429,0.31,0.0,45596,32616
231.923465299,nodelet,10746,0.23,0.0,25632,12197
231.923465299,nodeproxy,11731,0.0,0.0,16008,5092
232.92677610600003,nodestore,10063,1.04,0.9967001182714781,21600,11697
232.92677610600003,nodeapiserver,10381,1.61,1.9934002365429562,246204,234376
232.92677610600003,nodescheduler,11588,0.09,0.0,23712,11249
232.92677610600003,nodecontroller,11429,0.31,0.0,45596,32616
232.92677610600003,nodelet,10746,0.23,0.0,25632,12197
232.92677610600003,nodeproxy,11731,0.0,0.0,16008,5092
233.930112882,nodestore,10063,1.04,0.0,21600,11697
233.930112882,nodeapiserver,10381,1.61,0.0,246204,234376
233.930112882,nodescheduler,11588,0.09,0.0,23712,11249
233.930112882,nodecontroller,11429,0.31,0.0,45596,32616
233.930112882,nodelet,10746,0.23,0.0,25632,12197
233.930112882,nodeproxy,11731,0.0,0.0,16008,5092
234.93344014500008,nodestore,10063,1.05,0.9966837709660905,21600,11697
234.93344014500008,nodeapiserver,10381,1.62,0.9966837709660905,246204,234376
234.93344014500008,nodescheduler,11588,0.09,0.0,23712,11249
234.93344014500008,nodecontroller,11429,0.31,0.0,45596,32616
234.93344014500008,nodelet,10746,0.23,0.0,25632,12197
234.93344014500008,nodeproxy,11731,0.0,0.0,16008,5092
235.93674869000006,nodestore,10063,1.05,0.0,21600,11697
235.93674869000006,nodeapiserver,10381,1.62,0.0,246204,234376
235.93674869000006,nodescheduler,11588,0.09,0.0,23712,11249
235.93674869000006,nodecontroller,11429,0.31,0.0,45596,32616
235.93674869000006,nodelet,10746,0.23,0.0,25632,12197
235.93674869000006,nodeproxy,11731,0.0,0.0,16008,5092
236.94007653300002,nodestore,10063,1.06,0.9966831948069784,21600,11705
236.94007653300002,nodeapiserver,10381,1.63,0.9966831948069784,246204,234376
236.94007653300002,nodescheduler,11588,0.09,0.0,23712,11249
236.94007653300002,nodecontroller,11429,0.31,0.0,45596,32616
236.94007653300002,nodelet,10746,0.23,0.0,25632,12197
236.94007653300002,nodeproxy,11731,0.0,0.0,16008,5092
237.94355753399998,nodestore,10063,1.06,0.0,21600,11709
237.94355753399998,nodeapiserver,10381,1.64,0.9965310743337583,246204,234376
237.94355753399998,nodescheduler,11588,0.09,0.0,23712,11249
237.94355753399998,nodecontroller,11429,0.31,0.0,45596,32616
237.94355753399998,nodelet,10746,0.24,0.9965310743337583,25632,12209
237.94355753399998,nodeproxy,11731,0.0,0.0,16008,5092
238.94690961700007,nodestore,10063,1.07,0.9966591159206325,21600,11709
238.94690961700007,nodeapiserver,10381,1.65,0.9966591159206325,246204,234376
238.94690961700007,nodescheduler,11588,0.09,0.0,23712,11249
238.94690961700007,nodecontroller,11429,0.32,0.9966591159206325,45596,32616
238.94690961700007,nodelet,10746,0.24,0.0,25632,12209
238.94690961700007,nodeproxy,11731,0.0,0.0,16008,5092
239.95023227000001,nodestore,10063,1.07,0.0,21600,11709
239.95023227000001,nodeapiserver,10381,1.65,0.0,246204,234376
239.95023227000001,nodescheduler,11588,0.09,0.0,23712,11249
239.95023227000001,nodecontroller,11429,0.33,0.9966883504623301,45596,32616
239.95023227000001,nodelet,10746,0.24,0.0,25632,12209
239.95023227000001,nodeproxy,11731,0.0,0.0,16008,5092
240.95350891500004,nodestore,10063,1.07,0.0,21600,11709
240.95350891500004,nodeapiserver,10381,1.66,0.9967340563379425,246204,234376
240.95350891500004,nodescheduler,11588,0.09,0.0,23712,11249
240.95350891500004,nodecontroller,11429,0.33,0.0,45596,32616
240.95350891500004,nodelet,10746,0.24,0.0,25632,12209
240.95350891500004,nodeproxy,11731,0.0,0.0,16008,5092
241.958137299,nodestore,10063,1.07,0.0,21600,11709
241.958137299,nodeapiserver,10381,1.66,0.0,246204,234376
241.958137299,nodescheduler,11588,0.09,0.0,23712,11249
241.958137299,nodecontroller,11429,0.33,0.0,45596,32616
241.958137299,nodelet,10746,0.24,0.0,25632,12209
241.958137299,nodeproxy,11731,0.0,0.0,16008,5092
242.96139013100003,nodestore,10063,1.08,0.9967577146096273,21600,11709
242.96139013100003,nodeapiserver,10381,1.67,0.9967577146096273,246204,234376
242.96139013100003,nodescheduler,11588,0.09,0.0,23712,11249
242.96139013100003,nodecontroller,11429,0.33,0.0,45596,32616
242.96139013100003,nodelet,10746,0.24,0.0,25632,12209
242.96139013100003,nodeproxy,11731,0.0,0.0,16008,5092
243.964735549,nodestore,10063,1.08,0.0,21600,11709
243.964735549,nodeapiserver,10381,1.67,0.0,246204,234376
243.964735549,nodescheduler,11588,0.09,0.0,23712,11249
243.964735549,nodecontroller,11429,0.33,0.0,45596,32616
243.964735549,nodelet,10746,0.24,0.0,25632,12209
243.964735549,nodeproxy,11731,0.0,0.0,16008,5092
244.96809600799997,nodestore,10063,1.08,0.0,21600,11709
244.96809600799997,nodeapiserver,10381,1.68,0.9966507958632201,246204,234376
244.96809600799997,nodescheduler,11588,0.09,0.0,23712,11249
244.96809600799997,nodecontroller,11429,0.33,0.0,45596,32616
244.96809600799997,nodelet,10746,0.24,0.0,25632,12209
244.96809600799997,nodeproxy,11731,0.0,0.0,16008,5092
245.97142662400006,nodestore,10063,1.1,1.9933608803579368,21600,11709
245.97142662400006,nodeapiserver,10381,1.69,0.9966804401789684,246204,234376
245.97142662400006,nodescheduler,11588,0.09,0.0,23712,11285
245.97142662400006,nodecontroller,11429,0.33,0.0,45596,32620
245.97142662400006,nodelet,10746,0.24,0.0,25632,12209
245.97142662400006,nodeproxy,11731,0.0,0.0,16008,5092
246.97473905000004,nodestore,10063,1.1,0.0,21600,11709
246.97473905000004,nodeapiserver,10381,1.71,1.9933970198830577,246204,234376
246.97473905000004,nodescheduler,11588,0.09,0.0,23712,11285
246.97473905000004,nodecontroller,11429,0.33,0.0,45596,32620
246.97473905000004,nodelet,10746,0.24,0.0,25632,12209
246.97473905000004,nodeproxy,11731,0.0,0.0,16008,5092
247.978085331,nodestore,10063,1.11,0.9966648792512449,21600,11709
247.978085331,nodeapiserver,10381,1.71,0.0,246204,234376
247.978085331,nodescheduler,11588,0.09,0.0,23712,11285
247.978085331,nodecontroller,11429,0.34,0.9966648792512449,45596,32624
247.978085331,nodelet,10746,0.25,0.9966648792512449,25760,12209
247.978085331,nodeproxy,11731,0.0,0.0,16008,5092
248.98142764700003,nodestore,10063,1.11,0.0,21600,11709
248.98142764700003,nodeapiserver,10381,1.72,0.9966688178633106,246204,234376
248.98142764700003,nodescheduler,11588,0.09,0.0,23712,11285
248.98142764700003,nodecontroller,11429,0.34,0.0,45596,32624
248.98142764700003,nodelet,10746,0.25,0.0,25760,12209
248.98142764700003,nodeproxy,11731,0.0,0.0,16008,5092
249.98475201600002,nodestore,10063,1.11,0.0,21600,11709
249.98475201600002,nodeapiserver,10381,1.72,0.0,246204,234376
249.98475201600002,nodescheduler,11588,0.09,0.0,23712,11285
249.98475201600002,nodecontroller,11429,0.34,0.0,45596,32624
249.98475201600002,nodelet,10746,0.25,0.0,25760,12209
249.98475201600002,nodeproxy,11731,0.0,0.0,16008,5092
250.988061035,nodestore,10063,1.13,1.9934037889876255,21600,11709
250.988061035,nodeapiserver,10381,1.73,0.9967018944938127,246204,234376
250.988061035,nodescheduler,11588,0.09,0.0,23712,11285
250.988061035,nodecontroller,11429,0.34,0.0,45596,32624
250.988061035,nodelet,10746,0.25,0.0,25760,12209
250.988061035,nodeproxy,11731,0.0,0.0,16008,5092
251.991311655,nodestore,10063,1.13,0.0,21600,11709
251.991311655,nodeapiserver,10381,1.73,0.0,246204,234376
251.991311655,nodescheduler,11588,0.09,0.0,23712,11285
251.991311655,nodecontroller,11429,0.34,0.0,45596,32624
251.991311655,nodelet,10746,0.25,0.0,25760,12209
251.991311655,nodeproxy,11731,0.0,0.0,16008,5092
252.99456557999997,nodestore,10063,1.13,0.0,21600,11709
252.99456557999997,nodeapiserver,10381,1.74,0.9967566286870322,246204,234376
252.99456557999997,nodescheduler,11588,0.09,0.0,23712,11285
252.99456557999997,nodecontroller,11429,0.34,0.0,45596,32624
252.99456557999997,nodelet,10746,0.25,0.0,25760,12209
252.99456557999997,nodeproxy,11731,0.0,0.0,16008,5092
253.99787323300006,nodestore,10063,1.13,0.0,21600,11709
253.99787323300006,nodeapiserver,10381,1.74,0.0,246204,234376
253.99787323300006,nodescheduler,11588,0.09,0.0,23712,11285
253.99787323300006,nodecontroller,11429,0.34,0.0,45596,32624
253.99787323300006,nodelet,10746,0.25,0.0,25760,12209
253.99787323300006,nodeproxy,11731,0.0,0.0,16008,5092
255.00118295000004,nodestore,10063,1.14,0.9967012010908499,21600,11709
255.00118295000004,nodeapiserver,10381,1.75,0.9967012010908499,246204,234376
255.00118295000004,nodescheduler,11588,0.09,0.0,23712,11285
255.00118295000004,nodecontroller,11429,0.34,0.0,45596,32624
255.00118295000004,nodelet,10746,0.25,0.0,25760,12209
255.00118295000004,nodeproxy,11731,0.0,0.0,16008,5092
256.0044565300001,nodestore,10063,1.14,0.0,21600,11710
256.0044565300001,nodeapiserver,10381,1.75,0.0,246204,234377
256.0044565300001,nodescheduler,11588,0.09,0.0,23712,11286
256.0044565300001,nodecontroller,11429,0.34,0.0,45596,32625
256.0044565300001,nodelet,10746,0.25,0.0,25760,12210
256.0044565300001,nodeproxy,11731,0.0,0.0,16008,5093
257.0077522600001,nodestore,10063,1.15,0.9967150961561545,21600,11722
257.0077522600001,nodeapiserver,10381,1.77,1.993430192312309,246204,234377
257.0077522600001,nodescheduler,11588,0.09,0.0,23712,11282
257.0077522600001,nodecontroller,11429,0.34,0.0,45596,32602
257.0077522600001,nodelet,10746,0.25,0.0,25760,12253
257.0077522600001,nodeproxy,11731,0.0,0.0,16008,5093
258.0110536000001,nodestore,10063,1.15,0.0,21600,11726
258.0110536000001,nodeapiserver,10381,1.78,0.9967095229833868,246204,234377
258.0110536000001,nodescheduler,11588,0.09,0.0,23712,11282
258.0110536000001,nodecontroller,11429,0.34,0.0,45596,32602
258.0110536000001,nodelet,10746,0.25,0.0,25760,12237
258.0110536000001,nodeproxy,11731,0.0,0.0,16008,5093
259.014446927,nodestore,10063,1.16,0.9966181487273208,21600,11726
259.014446927,nodeapiserver,10381,1.78,0.0,246204,234377
259.014446927,nodescheduler,11588,0.09,0.0,23712,11282
259.014446927,nodecontroller,11429,0.34,0.0,45596,32606
259.014446927,nodelet,10746,0.25,0.0,25760,12237
259.014446927,nodeproxy,11731,0.0,0.0,16008,5093
260.0177953770001,nodestore,10063,1.16,0.0,21600,11726
260.0177953770001,nodeapiserver,10381,1.79,0.9966627246993911,246204,234377
260.0177953770001,nodescheduler,11588,0.09,0.0,23712,11282
260.0177953770001,nodecontroller,11429,0.34,0.0,45596,32606
260.0177953770001,nodelet,10746,0.25,0.0,25760,12205
260.0177953770001,nodeproxy,11731,0.0,0.0,16136,5125
261.02108552100003,nodestore,10063,1.17,0.9967206455484248,21600,11718
261.02108552100003,nodeapiserver,10381,1.8,0.9967206455484248,246204,234377
261.02108552100003,nodescheduler,11588,0.09,0.0,23712,11282
261.02108552100003,nodecontroller,11429,0.35,0.9967206455484248,45596,32606
261.02108552100003,nodelet,10746,0.25,0.0,25760,12205
261.02108552100003,nodeproxy,11731,0.0,0.0,16264,5129
262.02435468299996,nodestore,10063,1.17,0.0,21600,11718
262.02435468299996,nodeapiserver,10381,1.8,0.0,246204,234377
262.02435468299996,nodescheduler,11588,0.09,0.0,23712,11282
262.02435468299996,nodecontroller,11429,0.35,0.0,45596,32606
262.02435468299996,nodelet,10746,0.25,0.0,25760,12205
262.02435468299996,nodeproxy,11731,0.0,0.0,16264,5129
263.0276680070001,nodestore,10063,1.18,0.9966976178618498,21600,11718
263.0276680070001,nodeapiserver,10381,1.82,1.9933952357236997,246204,234377
263.0276680070001,nodescheduler,11588,0.09,0.0,23712,11282
263.0276680070001,nodecontroller,11429,0.35,0.0,45596,32606
263.0276680070001,nodelet,10746,0.25,0.0,25760,12205
263.0276680070001,nodeproxy,11731,0.0,0.0,16264,5129
264.03106933999993,nodestore,10063,1.18,0.0,21600,11718
264.03106933999993,nodeapiserver,10381,1.82,0.0,246204,234377
264.03106933999993,nodescheduler,11588,0.09,0.0,23712,11282
264.03106933999993,nodecontroller,11429,0.35,0.0,45596,32606
264.03106933999993,nodelet,10746,0.25,0.0,25760,12205
264.03106933999993,nodeproxy,11731,0.0,0.0,16264,5129
265.034401718,nodestore,10063,1.18,0.0,21600,11718
265.034401718,nodeapiserver,10381,1.83,0.996678689860744,246204,234377
265.034401718,nodescheduler,11588,0.1,0.996678689860744,23712,11282
265.034401718,nodecontroller,11429,0.35,0.0,45596,32606
265.034401718,nodelet,10746,0.25,0.0,25760,12205
265.034401718,nodeproxy,11731,0.0,0.0,16264,5129
266.03771044199993,nodestore,10063,1.18,0.0,21600,11718
266.03771044199993,nodeapiserver,10381,1.83,0.0,246204,234377
266.03771044199993,nodescheduler,11588,0.1,0.0,23712,11282
266.03771044199993,nodecontroller,11429,0.36,0.9967021875512886,45596,32606
266.03771044199993,nodelet,10746,0.25,0.0,25760,12205
266.03771044199993,nodeproxy,11731,0.0,0.0,16264,5129
267.0409502929999,nodestore,10063,1.19,0.9967706117368045,21600,11718
267.0409502929999,nodeapiserver,10381,1.84,0.9967706117368045,246204,234377
267.0409502929999,nodescheduler,11588,0.1,0.0,23712,11282
267.0409502929999,nodecontroller,11429,0.36,0.0,45596,32606
267.0409502929999,nodelet,10746,0.25,0.0,25760,12205
267.0409502929999,nodeproxy,11731,0.0,0.0,16264,5129
268.04424410499996,nodestore,10063,1.19,0.0,21600,11718
268.04424410499996,nodeapiserver,10381,1.84,0.0,246204,234377
268.04424410499996,nodescheduler,11588,0.1,0.0,23712,11282
268.04424410499996,nodecontroller,11429,0.36,0.0,45596,32606
268.04424410499996,nodelet,10746,0.26,0.9967170015795552,25760,12241
268.04424410499996,nodeproxy,11731,0.0,0.0,16264,5129
269.047571395,nodestore,10063,1.23,3.9867349765797138,21600,11726
269.047571395,nodeapiserver,10381,1.89,4.983418720724642,246204,234377
269.047571395,nodescheduler,11588,0.1,0.0,23712,11282
269.047571395,nodecontroller,11429,0.36,0.0,45724,32628
269.047571395,nodelet,10746,0.26,0.0,25760,12231
269.047571395,nodeproxy,11731,0.0,0.0,16264,5119
270.050890104,nodestore,10063,1.23,0.0,21600,11726
270.050890104,nodeapiserver,10381,1.89,0.0,246204,234377
270.050890104,nodescheduler,11588,0.1,0.0,23712,11282
270.050890104,nodecontroller,11429,0.36,0.0,45724,32628
270.050890104,nodelet,10746,0.26,0.0,25760,12231
270.050890104,nodeproxy,11731,0.0,0.0,16264,5119
271.054224558,nodestore,10063,1.23,0.0,21600,11726
271.054224558,nodeapiserver,10381,1.9,0.9966766276323159,246204,234377
271.054224558,nodescheduler,11588,0.1,0.0,23712,11282
271.054224558,nodecontroller,11429,0.36,0.0,45724,32628
271.054224558,nodelet,10746,0.26,0.0,25760,12231
271.054224558,nodeproxy,11731,0.0,0.0,16264,5119
272.05762392099996,nodestore,10063,1.24,0.9966121535200023,21600,11734
272.05762392099996,nodeapiserver,10381,1.94,3.9864486140800093,246204,234377
272.05762392099996,nodescheduler,11588,0.1,0.0,23712,11254
272.05762392099996,nodecontroller,11429,0.36,0.0,45724,32628
272.05762392099996,nodelet,10746,0.26,0.0,25760,12231
272.05762392099996,nodeproxy,11731,0.0,0.0,16264,5119
273.06091003100005,nodestore,10063,1.25,0.9967246531499476,21600,11734
273.06091003100005,nodeapiserver,10381,1.95,0.9967246531499476,246204,234377
273.06091003100005,nodescheduler,11588,0.1,0.0,23712,11254
273.06091003100005,nodecontroller,11429,0.36,0.0,45724,32632
273.06091003100005,nodelet,10746,0.26,0.0,25760,12231
273.06091003100005,nodeproxy,11731,0.0,0.0,16264,5119
274.064258355,nodestore,10063,1.25,0.0,21600,11722
274.064258355,nodeapiserver,10381,1.95,0.0,246204,234377
274.064258355,nodescheduler,11588,0.1,0.0,23712,11254
274.064258355,nodecontroller,11429,0.36,0.0,45724,32632
274.064258355,nodelet,10746,0.26,0.0,25760,12231
274.064258355,nodeproxy,11731,0.0,0.0,16264,5119
275.06759249100014,nodestore,10063,1.26,0.9966769435220849,21600,11722
275.06759249100014,nodeapiserver,10381,1.96,0.9966769435220849,246204,234377
275.06759249100014,nodescheduler,11588,0.1,0.0,23712,11254
275.06759249100014,nodecontroller,11429,0.37,0.9966769435220849,45724,32632
275.06759249100014,nodelet,10746,0.26,0.0,25760,12231
275.06759249100014,nodeproxy,11731,0.0,0.0,16264,5119
276.07090784699994,nodestore,10063,1.26,0.0,21600,11722
276.07090784699994,nodeapiserver,10381,1.96,0.0,246204,234377
276.07090784699994,nodescheduler,11588,0.1,0.0,23712,11254
276.07090784699994,nodecontroller,11429,0.38,0.9966955992649998,45724,32632
276.07090784699994,nodelet,10746,0.26,0.0,25760,12231
276.07090784699994,nodeproxy,11731,0.0,0.0,16264,5119
277.0742443250001,nodestore,10063,1.27,0.9966746170668338,21600,11722
277.0742443250001,nodeapiserver,10381,1.98,1.9933492341336676,246204,234377
277.0742443250001,nodescheduler,11588,0.1,0.0,23712,11254
277.0742443250001,nodecontroller,11429,0.38,0.0,45724,32632
277.0742443250001,nodelet,10746,0.26,0.0,25760,12231
277.0742443250001,nodeproxy,11731,0.0,0.0,16264,5119
278.07757085799994,nodestore,10063,1.27,0.0,21600,11730
278.07757085799994,nodeapiserver,10381,1.98,0.0,246204,234377
278.07757085799994,nodescheduler,11588,0.1,0.0,23712,11254
278.07757085799994,nodecontroller,11429,0.38,0.0,45724,32632
278.07757085799994,nodelet,10746,0.26,0.0,25760,12235
278.07757085799994,nodeproxy,11731,0.0,0.0,16264,5119
279.08089478500005,nodestore,10063,1.28,0.9966870848878798,21600,11730
279.08089478500005,nodeapiserver,10381,1.99,0.9966870848878798,246204,234377
279.08089478500005,nodescheduler,11588,0.1,0.0,23712,11254
279.08089478500005,nodecontroller,11429,0.38,0.0,45724,32632
279.08089478500005,nodelet,10746,0.27,0.9966870848878798,25760,12235
279.08089478500005,nodeproxy,11731,0.0,0.0,16264,5119
280.0842214900001,nodestore,10063,1.28,0.0,21600,11730
280.0842214900001,nodeapiserver,10381,2.0,0.9966843252716343,246204,234371
280.0842214900001,nodescheduler,11588,0.1,0.0,23712,11250
280.0842214900001,nodecontroller,11429,0.38,0.0,45980,32712
280.0842214900001,nodelet,10746,0.28,0.9966843252716343,25760,12228
280.0842214900001,nodeproxy,11731,0.0,0.0,16264,5118
281.08759234800004,nodestore,10063,1.29,0.9966404665104137,21600,11730
281.08759234800004,nodeapiserver,10381,2.01,0.9966404665104137,246204,234371
281.08759234800004,nodescheduler,11588,0.1,0.0,23712,11250
281.08759234800004,nodecontroller,11429,0.38,0.0,45980,32712
281.08759234800004,nodelet,10746,0.28,0.0,25760,12228
281.08759234800004,nodeproxy,11731,0.0,0.0,16264,5118
282.090946348,nodestore,10063,1.29,0.0,21600,11730
282.090946348,nodeapiserver,10381,2.01,0.0,246204,234371
282.090946348,nodescheduler,11588,0.1,0.0,23712,11250
282.090946348,nodecontroller,11429,0.38,0.0,45980,32712
282.090946348,nodelet,10746,0.28,0.0,25760,12228
282.090946348,nodeproxy,11731,0.0,0.0,16264,5118
283.0944433090001,nodestore,10063,1.3,0.9965152251217336,21600,11730
283.0944433090001,nodeapiserver,10381,2.03,1.9930304502434673,246204,234371
283.0944433090001,nodescheduler,11588,0.11,0.9965152251217336,23712,11250
283.0944433090001,nodecontroller,11429,0.38,0.0,45980,32712
283.0944433090001,nodelet,10746,0.28,0.0,25760,12228
283.0944433090001,nodeproxy,11731,0.0,0.0,16264,5118
284.09777084100006,nodestore,10063,1.3,0.0,21600,11730
284.09777084100006,nodeapiserver,10381,2.03,0.0,246204,234371
284.09777084100006,nodescheduler,11588,0.11,0.0,23712,11250
284.09777084100006,nodecontroller,11429,0.38,0.0,45980,32712
284.09777084100006,nodelet,10746,0.28,0.0,25760,12228
284.09777084100006,nodeproxy,11731,0.0,0.0,16264,5118
285.1011355410001,nodestore,10063,1.3,0.0,21600,11730
285.1011355410001,nodeapiserver,10381,2.04,0.9966465832413478,246204,234371
285.1011355410001,nodescheduler,11588,0.11,0.0,23712,11250
285.1011355410001,nodecontroller,11429,0.38,0.0,45980,32712
285.1011355410001,nodelet,10746,0.28,0.0,25760,12228
285.1011355410001,nodeproxy,11731,0.0,0.0,16264,5118
286.1044651760001,nodestore,10063,1.3,0.0,21600,11730
286.1044651760001,nodeapiserver,10381,2.04,0.0,246204,234371
286.1044651760001,nodescheduler,11588,0.11,0.0,23712,11250
286.1044651760001,nodecontroller,11429,0.38,0.0,45980,32712
286.1044651760001,nodelet,10746,0.28,0.0,25760,12228
286.1044651760001,nodeproxy,11731,0.0,0.0,16264,5118
287.1077609880001,nodestore,10063,1.31,0.9967150146939585,21600,11730
287.1077609880001,nodeapiserver,10381,2.06,1.993430029387917,246204,234371
287.1077609880001,nodescheduler,11588,0.11,0.0,23712,11250
287.1077609880001,nodecontroller,11429,0.39,0.9967150146939585,45980,32712
287.1077609880001,nodelet,10746,0.28,0.0,25760,12228
287.1077609880001,nodeproxy,11731,0.0,0.0,16264,5118
288.11107623399994,nodestore,10063,1.32,0.9966957085392185,21600,11730
288.11107623399994,nodeapiserver,10381,2.07,0.9966957085392185,246204,234371
288.11107623399994,nodescheduler,11588,0.11,0.0,23712,11250
288.11107623399994,nodecontroller,11429,0.39,0.0,45980,32712
288.11107623399994,nodelet,10746,0.28,0.0,25760,12260
288.11107623399994,nodeproxy,11731,0.0,0.0,16264,5118
289.11438075699994,nodestore,10063,1.32,0.0,21600,11730
289.11438075699994,nodeapiserver,10381,2.08,0.9967063609061423,246204,234371
289.11438075699994,nodescheduler,11588,0.11,0.0,23712,11250
289.11438075699994,nodecontroller,11429,0.39,0.0,45980,32712
289.11438075699994,nodelet,10746,0.28,0.0,25760,12260
289.11438075699994,nodeproxy,11731,0.0,0.0,16264,5118
290.11772636499995,nodestore,10063,1.32,0.0,21600,11730
290.11772636499995,nodeapiserver,10381,2.08,0.0,246204,234371
290.11772636499995,nodescheduler,11588,0.11,0.0,23712,11250
290.11772636499995,nodecontroller,11429,0.39,0.0,45980,32712
290.11772636499995,nodelet,10746,0.28,0.0,25760,12260
290.11772636499995,nodeproxy,11731,0.0,0.0,16264,5118
291.12104017499996,nodestore,10063,1.34,1.9933942701336709,21600,11730
291.12104017499996,nodeapiserver,10381,2.09,0.9966971350668354,246204,234371
291.12104017499996,nodescheduler,11588,0.11,0.0,23712,11250
291.12104017499996,nodecontroller,11429,0.39,0.0,45980,32712
291.12104017499996,nodelet,10746,0.28,0.0,25760,12260
291.12104017499996,nodeproxy,11731,0.0,0.0,16264,5118
292.12437307899995,nodestore,10063,1.34,0.0,21600,11730
292.12437307899995,nodeapiserver,10381,2.09,0.0,246204,234371
292.12437307899995,nodescheduler,11588,0.11,0.0,23712,11250
292.12437307899995,nodecontroller,11429,0.39,0.0,45980,32712
292.12437307899995,nodelet,10746,0.28,0.0,25760,12260
292.12437307899995,nodeproxy,11731,0.0,0.0,16264,5118
293.12770529299996,nodestore,10063,1.35,0.9966788527732741,21600,11730
293.12770529299996,nodeapiserver,10381,2.11,1.9933577055465481,246204,234371
293.12770529299996,nodescheduler,11588,0.11,0.0,23712,11250
293.12770529299996,nodecontroller,11429,0.39,0.0,45980,32712
293.12770529299996,nodelet,10746,0.28,0.0,25760,12260
293.12770529299996,nodeproxy,11731,0.0,0.0,16264,5118
294.13095479899994,nodestore,10063,1.35,0.0,21600,11730
294.13095479899994,nodeapiserver,10381,2.11,0.0,246204,234371
294.13095479899994,nodescheduler,11588,0.11,0.0,23712,11250
294.13095479899994,nodecontroller,11429,0.4,0.9967610190879329,45980,32712
294.13095479899994,nodelet,10746,0.28,0.0,25760,12260
294.13095479899994,nodeproxy,11731,0.0,0.0,16264,5118
295.13465505599993,nodestore,10063,1.35,0.0,21600,11734
295.13465505599993,nodeapiserver,10381,2.13,1.992626768850192,246204,234371
295.13465505599993,nodescheduler,11588,0.11,0.0,23712,11250
295.13465505599993,nodecontroller,11429,0.4,0.0,45980,32712
295.13465505599993,nodelet,10746,0.28,0.0,25760,12260
295.13465505599993,nodeproxy,11731,0.0,0.0,16264,5118
296.137951163,nodestore,10063,1.35,0.0,21600,11734
296.137951163,nodeapiserver,10381,2.13,0.0,246204,234371
296.137951163,nodescheduler,11588,0.11,0.0,23712,11250
296.137951163,nodecontroller,11429,0.4,0.0,45980,32712
296.137951163,nodelet,10746,0.28,0.0,25760,12260
296.137951163,nodeproxy,11731,0.0,0.0,16264,5118
297.14125934699996,nodestore,10063,1.36,0.9967027239957864,21600,11734
297.14125934699996,nodeapiserver,10381,2.13,0.0,246204,234371
297.14125934699996,nodescheduler,11588,0.11,0.0,23712,11250
297.14125934699996,nodecontroller,11429,0.4,0.0,45980,32712
297.14125934699996,nodelet,10746,0.28,0.0,25760,12260
297.14125934699996,nodeproxy,11731,0.0,0.0,16264,5118
298.14459805599995,nodestore,10063,1.37,0.9966724008851227,21600,11734
298.14459805599995,nodeapiserver,10381,2.14,0.9966724008851227,246204,234371
298.14459805599995,nodescheduler,11588,0.11,0.0,23712,11250
298.14459805599995,nodecontroller,11429,0.41,0.9966724008851227,45980,32712
298.14459805599995,nodelet,10746,0.29,0.9966724008851227,25760,12280
298.14459805599995,nodeproxy,11731,0.0,0.0,16264,5118
299.1479491360001,nodestore,10063,1.38,0.996660112230976,21600,11734
299.1479491360001,nodeapiserver,10381,2.16,1.993320224461952,246204,234371
299.1479491360001,nodescheduler,11588,0.11,0.0,23712,11250
299.1479491360001,nodecontroller,11429,0.41,0.0,45980,32712
299.1479491360001,nodelet,10746,0.29,0.0,25760,12280
299.1479491360001,nodeproxy,11731,0.0,0.0,16264,5118
300.1512157469999,nodestore,10063,1.38,0.0,21600,11734
300.1512157469999,nodeapiserver,10381,2.16,0.0,246204,234371
300.1512157469999,nodescheduler,11588,0.11,0.0,23712,11250
300.1512157469999,nodecontroller,11429,0.41,0.0,45980,32712
300.1512157469999,nodelet,10746,0.29,0.0,25760,12280
300.1512157469999,nodeproxy,11731,0.0,0.0,16264,5118
