elapsed_seconds,component,pid,cpu_seconds,cpu_pct_one_core,rss_kib,pss_kib
1.0001956099999916,nodestore,2538,0.07,6.998630997790582,19020,11510
1.0001956099999916,nodeapiserver,2859,0.19,18.996284136860147,153116,143679
1.0001956099999916,nodescheduler,4085,0.01,0.9998044282557973,22224,11390
1.0001956099999916,nodecontroller,3837,0.01,0.9998044282557973,45796,34684
1.0001956099999916,nodelet,3227,0.03,2.999413284767392,25708,13858
1.0001956099999916,nodeproxy,4269,0.0,0.0,15964,6757
1.0001956099999916,containerd,2398,0.06,5.998826569534784,86128,84875
1.0001956099999916,flanneld,3384,0.0,0.0,42136,42588
1.0001956099999916,coredns,3910,0.01,0.9998044282557973,65328,65656
2.0100304129999813,nodestore,2538,0.12,4.951304891796298,19148,11510
2.0100304129999813,nodeapiserver,2859,0.34,14.853914675388895,153316,143707
2.0100304129999813,nodescheduler,4085,0.01,0.0,22224,11418
2.0100304129999813,nodecontroller,3837,0.02,0.9902609783592596,46052,34856
2.0100304129999813,nodelet,3227,0.04,0.9902609783592596,25704,13866
2.0100304129999813,nodeproxy,4269,0.0,0.0,15964,6757
2.0100304129999813,containerd,2398,0.12,5.941565870155557,86128,84891
2.0100304129999813,flanneld,3384,0.01,0.9902609783592596,42136,42588
2.0100304129999813,coredns,3910,0.01,0.0,65328,65656
3.03246257699999,nodestore,2538,0.2,7.824479981832744,19148,11510
3.03246257699999,nodeapiserver,2859,0.47,12.71477997047821,153316,143707
3.03246257699999,nodescheduler,4085,0.01,0.0,22224,11502
3.03246257699999,nodecontroller,3837,0.03,0.978059997729093,46052,34856
3.03246257699999,nodelet,3227,0.06,1.956119995458186,25704,13866
3.03246257699999,nodeproxy,4269,0.0,0.0,15964,6769
3.03246257699999,containerd,2398,0.13,0.978059997729093,86128,84891
3.03246257699999,flanneld,3384,0.01,0.0,42136,42588
3.03246257699999,coredns,3910,0.02,0.978059997729093,65328,65656
4.042259677000004,nodestore,2538,0.28,7.922383615480661,19276,11522
4.042259677000004,nodeapiserver,2859,0.64,16.835065182896404,153284,143731
4.042259677000004,nodescheduler,4085,0.01,0.0,22352,11522
4.042259677000004,nodecontroller,3837,0.05,1.9805959038701653,46180,35036
4.042259677000004,nodelet,3227,0.07,0.9902979519350826,25704,13894
4.042259677000004,nodeproxy,4269,0.0,0.0,15964,6769
4.042259677000004,containerd,2398,0.18,4.951489759675413,86128,84899
4.042259677000004,flanneld,3384,0.01,0.0,42136,42588
4.042259677000004,coredns,3910,0.04,1.9805959038701653,65328,65656
5.064851706000013,nodestore,2538,0.34,5.867442567362264,19276,11626
5.064851706000013,nodeapiserver,2859,0.81,16.624420607526417,153452,143775
5.064851706000013,nodescheduler,4085,0.02,0.9779070945603774,22352,11558
5.064851706000013,nodecontroller,3837,0.07,1.9558141891207548,46180,35060
5.064851706000013,nodelet,3227,0.09,1.9558141891207548,25704,13946
5.064851706000013,nodeproxy,4269,0.0,0.0,15964,6769
5.064851706000013,containerd,2398,0.26,7.823256756483019,86128,84895
5.064851706000013,flanneld,3384,0.01,0.0,42136,42588
5.064851706000013,coredns,3910,0.05,0.9779070945603774,65328,65656
6.205182159999993,nodestore,2538,0.48,12.277142955265013,19276,11766
6.205182159999993,nodeapiserver,2859,1.2,34.200612518238245,153608,143963
6.205182159999993,nodescheduler,4085,0.04,1.7538775650378589,22352,11650
6.205182159999993,nodecontroller,3837,0.12,4.384693912594647,46820,35920
6.205182159999993,nodelet,3227,0.16,6.138571477632507,25832,14094
6.205182159999993,nodeproxy,4269,0.0,0.0,15964,6797
6.205182159999993,containerd,2398,0.48,19.292653215416447,88648,87503
6.205182159999993,flanneld,3384,0.01,0.0,42136,42588
6.205182159999993,coredns,3910,0.08,2.630816347556788,65328,65656
7.234384533000025,nodestore,2538,0.55,6.801383463191627,19276,11766
7.234384533000025,nodeapiserver,2859,1.39,18.46089797152013,153640,144031
7.234384533000025,nodescheduler,4085,0.04,0.0,22352,11674
7.234384533000025,nodecontroller,3837,0.14,1.9432524180547504,47204,36200
7.234384533000025,nodelet,3227,0.18,1.9432524180547504,25908,14198
7.234384533000025,nodeproxy,4269,0.0,0.0,15964,6797
7.234384533000025,containerd,2398,0.56,7.773009672219001,88648,87583
7.234384533000025,flanneld,3384,0.01,0.0,42136,42588
7.234384533000025,coredns,3910,0.09,0.9716262090273752,65328,65656
8.242859581999994,nodestore,2538,0.61,5.949577043031218,19404,11766
8.242859581999994,nodeapiserver,2859,1.54,14.873942607578046,153684,144071
8.242859581999994,nodescheduler,4085,0.04,0.0,22352,11674
8.242859581999994,nodecontroller,3837,0.15,0.9915961738385364,47588,36540
8.242859581999994,nodelet,3227,0.19,0.9915961738385364,25908,14198
8.242859581999994,nodeproxy,4269,0.0,0.0,15964,6797
8.242859581999994,containerd,2398,0.58,1.9831923476770728,88648,87587
8.242859581999994,flanneld,3384,0.01,0.0,42136,42588
8.242859581999994,coredns,3910,0.1,0.9915961738385364,65328,65656
9.273731103999978,nodestore,2538,0.69,7.76042390275684,19404,11851
9.273731103999978,nodeapiserver,2859,1.74,19.401059756892103,153720,144088
9.273731103999978,nodescheduler,4085,0.04,0.0,22352,11710
9.273731103999978,nodecontroller,3837,0.18,2.910158963533815,47844,36885
9.273731103999978,nodelet,3227,0.21,1.94010597568921,25736,14098
9.273731103999978,nodeproxy,4269,0.0,0.0,15964,6793
9.273731103999978,containerd,2398,0.64,5.82031792706763,88784,87654
9.273731103999978,flanneld,3384,0.01,0.0,42136,42588
9.273731103999978,coredns,3910,0.11,0.970052987844605,65328,65656
10.285541974000012,nodestore,2538,0.77,7.906615986443924,19404,11891
10.285541974000012,nodeapiserver,2859,1.98,23.719847959331773,153772,144204
10.285541974000012,nodescheduler,4085,0.05,0.9883269983054905,22352,11650
10.285541974000012,nodecontroller,3837,0.21,2.9649809949164716,47696,36541
10.285541974000012,nodelet,3227,0.25,3.953307993221962,25992,14102
10.285541974000012,nodeproxy,4269,0.0,0.0,15964,6793
10.285541974000012,containerd,2398,0.87,22.731520961026284,87456,86211
10.285541974000012,flanneld,3384,0.01,0.0,42136,42588
10.285541974000012,coredns,3910,0.12,0.9883269983054905,65328,65656
11.30938276500001,nodestore,2538,0.82,4.88357178572309,19404,11891
11.30938276500001,nodeapiserver,2859,2.11,12.697286642880034,153772,144268
11.30938276500001,nodescheduler,4085,0.05,0.0,22352,11642
11.30938276500001,nodecontroller,3837,0.23,1.953428714289236,47824,36541
11.30938276500001,nodelet,3227,0.27,1.953428714289236,25992,14102
11.30938276500001,nodeproxy,4269,0.0,0.0,15964,6793
11.30938276500001,containerd,2398,0.91,3.906857428578472,87456,86223
11.30938276500001,flanneld,3384,0.01,0.0,42136,42588
11.30938276500001,coredns,3910,0.13,0.976714357144618,65328,65656
12.321077485999979,nodestore,2538,0.9,7.9075237163368,19660,11891
12.321077485999979,nodeapiserver,2859,2.3,18.7803688262999,153864,144380
12.321077485999979,nodescheduler,4085,0.05,0.0,22352,11642
12.321077485999979,nodecontroller,3837,0.25,1.9768809290842,47824,36553
12.321077485999979,nodelet,3227,0.28,0.9884404645421,25992,14102
12.321077485999979,nodeproxy,4269,0.0,0.0,15964,6793
12.321077485999979,containerd,2398,0.98,6.919083251794701,87456,86223
12.321077485999979,flanneld,3384,0.02,0.9884404645421,42136,42588
12.321077485999979,coredns,3910,0.15,1.9768809290842,65328,65656
13.332769337000002,nodestore,2538,0.97,6.919102880072363,19660,12007
13.332769337000002,nodeapiserver,2859,2.46,15.815092297308256,153952,144480
13.332769337000002,nodescheduler,4085,0.05,0.0,22352,11650
13.332769337000002,nodecontroller,3837,0.26,0.988443268581766,47824,36557
13.332769337000002,nodelet,3227,0.29,0.988443268581766,25992,14130
13.332769337000002,nodeproxy,4269,0.0,0.0,15964,6793
13.332769337000002,containerd,2398,1.03,4.94221634290883,87188,85894
13.332769337000002,flanneld,3384,0.02,0.0,42136,42588
13.332769337000002,coredns,3910,0.16,0.988443268581766,65328,65656
14.35668119899998,nodestore,2538,1.04,6.8365259352764065,19660,12003
14.35668119899998,nodeapiserver,2859,2.63,16.60299155709984,153952,144544
14.35668119899998,nodescheduler,4085,0.06,0.9766465621823437,22352,11650
14.35668119899998,nodecontroller,3837,0.28,1.9532931243646874,47824,36557
14.35668119899998,nodelet,3227,0.31,1.9532931243646874,25992,14110
14.35668119899998,nodeproxy,4269,0.0,0.0,15964,6793
14.35668119899998,containerd,2398,1.1,6.8365259352764065,87188,85903
14.35668119899998,flanneld,3384,0.02,0.0,42136,42588
14.35668119899998,coredns,3910,0.17,0.9766465621823437,65328,65656
15.369086994999975,nodestore,2538,1.1,5.926477331230158,19660,12019
15.369086994999975,nodeapiserver,2859,2.79,15.803939549947088,154136,144692
15.369086994999975,nodescheduler,4085,0.06,0.0,22352,11658
15.369086994999975,nodecontroller,3837,0.3,1.975492443743386,47824,36593
15.369086994999975,nodelet,3227,0.34,2.963238665615079,25992,14154
15.369086994999975,nodeproxy,4269,0.0,0.0,15964,6793
15.369086994999975,containerd,2398,1.19,8.889715996845238,87188,85915
15.369086994999975,flanneld,3384,0.02,0.0,42136,42588
15.369086994999975,coredns,3910,0.18,0.987746221871693,65328,65656
16.386216932000025,nodestore,2538,1.18,7.865268447014168,19660,12019
16.386216932000025,nodeapiserver,2859,2.95,15.730536894028337,154164,144796
16.386216932000025,nodescheduler,4085,0.06,0.0,22352,11650
16.386216932000025,nodecontroller,3837,0.31,0.983158555876771,47824,36601
16.386216932000025,nodelet,3227,0.36,1.966317111753542,25992,14126
16.386216932000025,nodeproxy,4269,0.0,0.0,15964,6789
16.386216932000025,containerd,2398,1.22,2.9494756676303133,87188,85923
16.386216932000025,flanneld,3384,0.02,0.0,42136,42588
16.386216932000025,coredns,3910,0.19,0.983158555876771,65328,65656
17.398733612,nodestore,2538,1.25,6.91346635395692,19660,12019
17.398733612,nodeapiserver,2859,3.14,18.76512296074021,154472,144892
17.398733612,nodescheduler,4085,0.07,0.9876380505652743,22352,11650
17.398733612,nodecontroller,3837,0.33,1.9752761011305486,47824,36641
17.398733612,nodelet,3227,0.38,1.9752761011305486,26072,14182
17.398733612,nodeproxy,4269,0.0,0.0,15964,6789
17.398733612,containerd,2398,1.33,10.864018556218017,87188,85931
17.398733612,flanneld,3384,0.03,0.9876380505652743,42136,42588
17.398733612,coredns,3910,0.2,0.9876380505652743,65328,65656
18.42286410899999,nodestore,2538,1.32,6.835066449544552,19660,12135
18.42286410899999,nodeapiserver,2859,3.35,20.505199348633653,154580,145088
18.42286410899999,nodescheduler,4085,0.08,0.9764380642206502,22352,11658
18.42286410899999,nodecontroller,3837,0.35,1.9528761284413003,47824,36709
18.42286410899999,nodelet,3227,0.4,1.9528761284413003,26072,14190
18.42286410899999,nodeproxy,4269,0.0,0.0,15964,6789
18.42286410899999,containerd,2398,1.39,5.858628385323901,87188,85938
18.42286410899999,flanneld,3384,0.03,0.0,42136,42588
18.42286410899999,coredns,3910,0.21,0.9764380642206502,65328,65660
19.43568652099998,nodestore,2538,1.38,5.924039524512469,19660,12135
19.43568652099998,nodeapiserver,2859,3.47,11.848079049024937,154580,145100
19.43568652099998,nodescheduler,4085,0.08,0.0,22352,11650
19.43568652099998,nodecontroller,3837,0.37,1.9746798415041562,47824,36725
19.43568652099998,nodelet,3227,0.42,1.9746798415041562,26072,14178
19.43568652099998,nodeproxy,4269,0.0,0.0,15964,6789
19.43568652099998,containerd,2398,1.42,2.9620197622562343,87188,85955
19.43568652099998,flanneld,3384,0.03,0.0,42136,42588
19.43568652099998,coredns,3910,0.22,0.9873399207520781,65328,65660
20.453704725000023,nodestore,2538,1.45,6.876104938492538,19788,12147
20.453704725000023,nodeapiserver,2859,3.66,18.663713404479743,154768,145328
20.453704725000023,nodescheduler,4085,0.08,0.0,22352,11650
20.453704725000023,nodecontroller,3837,0.39,1.9646014109978678,47824,36757
20.453704725000023,nodelet,3227,0.44,1.9646014109978678,26072,14178
20.453704725000023,nodeproxy,4269,0.0,0.0,15964,6789
20.453704725000023,containerd,2398,1.52,9.823007054989338,87188,85951
20.453704725000023,flanneld,3384,0.03,0.0,42136,42588
20.453704725000023,coredns,3910,0.23,0.9823007054989339,65328,65660
21.464913594999985,nodestore,2538,1.52,6.922407632757677,19916,12147
21.464913594999985,nodeapiserver,2859,3.84,17.80047676994831,154924,145468
21.464913594999985,nodescheduler,4085,0.08,0.0,22352,11658
21.464913594999985,nodecontroller,3837,0.4,0.9889153761082394,47824,36793
21.464913594999985,nodelet,3227,0.44,0.0,26072,14206
21.464913594999985,nodeproxy,4269,0.0,0.0,15964,6789
21.464913594999985,containerd,2398,1.56,3.9556615044329577,87188,85955
21.464913594999985,flanneld,3384,0.03,0.0,42136,42588
21.464913594999985,coredns,3910,0.24,0.9889153761082394,65328,65660
22.516107965999993,nodestore,2538,1.6,7.610390828472138,19916,12223
22.516107965999993,nodeapiserver,2859,4.01,16.172080510503292,154924,145492
22.516107965999993,nodescheduler,4085,0.08,0.0,22352,11650
22.516107965999993,nodecontroller,3837,0.42,1.9025977071180344,47824,36813
22.516107965999993,nodelet,3227,0.47,2.8538965606770517,26072,14178
22.516107965999993,nodeproxy,4269,0.0,0.0,15964,6789
22.516107965999993,containerd,2398,1.61,4.756494267795086,87188,85959
22.516107965999993,flanneld,3384,0.03,0.0,42136,42588
22.516107965999993,coredns,3910,0.25,0.9512988535590172,65328,65660
23.52577694400003,nodestore,2538,1.67,6.932965310933571,19916,12275
23.52577694400003,nodeapiserver,2859,4.2,18.818048701105404,155108,145620
23.52577694400003,nodescheduler,4085,0.09,0.9904236158476528,22352,11646
23.52577694400003,nodecontroller,3837,0.44,1.9808472316953056,47824,36813
23.52577694400003,nodelet,3227,0.49,1.9808472316953056,26072,14170
23.52577694400003,nodeproxy,4269,0.0,0.0,15964,6789
23.52577694400003,containerd,2398,1.7,8.913812542628875,87188,85975
23.52577694400003,flanneld,3384,0.03,0.0,42136,42588
23.52577694400003,coredns,3910,0.27,1.9808472316953056,65328,65664
24.538903505000007,nodestore,2538,1.73,5.92226107869274,20044,12275
24.538903505000007,nodeapiserver,2859,4.34,13.818609183616395,155256,145764
24.538903505000007,nodescheduler,4085,0.09,0.0,22352,11658
24.538903505000007,nodecontroller,3837,0.45,0.9870435131154567,47824,36829
24.538903505000007,nodelet,3227,0.5,0.9870435131154567,26072,14190
24.538903505000007,nodeproxy,4269,0.0,0.0,15964,6789
24.538903505000007,containerd,2398,1.73,2.96113053934637,87188,85975
24.538903505000007,flanneld,3384,0.03,0.0,42136,42588
24.538903505000007,coredns,3910,0.28,0.9870435131154567,65328,65668
25.565221099999974,nodestore,2538,1.8,6.820500821678138,20044,12275
25.565221099999974,nodeapiserver,2859,4.5,15.589716163835742,155256,145776
25.565221099999974,nodescheduler,4085,0.09,0.0,22352,11650
25.565221099999974,nodecontroller,3837,0.47,1.9487145204794678,47824,36813
25.565221099999974,nodelet,3227,0.52,1.9487145204794678,26068,14182
25.565221099999974,nodeproxy,4269,0.0,0.0,15964,6789
25.565221099999974,containerd,2398,1.81,7.794858081917871,87188,85979
25.565221099999974,flanneld,3384,0.03,0.0,42136,42588
25.565221099999974,coredns,3910,0.28,0.0,65328,65676
26.58152581799999,nodestore,2538,1.87,6.887698026016542,20044,12275
26.58152581799999,nodeapiserver,2859,4.69,18.69518035633061,155488,145936
26.58152581799999,nodescheduler,4085,0.09,0.0,22352,11650
26.58152581799999,nodecontroller,3837,0.49,1.9679137217190117,47824,36813
26.58152581799999,nodelet,3227,0.55,2.951870582578518,26064,14214
26.58152581799999,nodeproxy,4269,0.0,0.0,15964,6789
26.58152581799999,containerd,2398,1.91,9.839568608595059,87188,86003
26.58152581799999,flanneld,3384,0.03,0.0,42136,42588
26.58152581799999,coredns,3910,0.3,1.9679137217190117,65328,65676
27.61581823199998,nodestore,2538,1.95,7.734756526987406,20044,12387
27.61581823199998,nodeapiserver,2859,4.85,15.469513053974811,155668,146016
27.61581823199998,nodescheduler,4085,0.09,0.0,22352,11658
27.61581823199998,nodecontroller,3837,0.5,0.9668445658734257,47824,36825
27.61581823199998,nodelet,3227,0.55,0.0,26064,14214
27.61581823199998,nodeproxy,4269,0.0,0.0,15964,6789
27.61581823199998,containerd,2398,1.94,2.900533697620277,87320,86067
27.61581823199998,flanneld,3384,0.04,0.9668445658734257,42136,42588
27.61581823199998,coredns,3910,0.3,0.0,65328,65676
28.687328372000025,nodestore,2538,2.01,5.599573700720888,20044,12387
28.687328372000025,nodeapiserver,2859,5.01,14.9321965352557,155540,146004
28.687328372000025,nodescheduler,4085,0.1,0.9332622834534813,22352,11650
28.687328372000025,nodecontroller,3837,0.52,1.8665245669069626,47824,36813
28.687328372000025,nodelet,3227,0.57,1.8665245669069626,26064,14222
28.687328372000025,nodeproxy,4269,0.0,0.0,15964,6789
28.687328372000025,containerd,2398,2.01,6.53283598417437,87320,86075
28.687328372000025,flanneld,3384,0.04,0.0,42136,42588
28.687328372000025,coredns,3910,0.32,1.8665245669069626,65328,65680
29.69820771899998,nodestore,2538,2.09,7.913901914943704,20044,12403
29.69820771899998,nodeapiserver,2859,5.19,17.806279308623335,155756,146080
29.69820771899998,nodescheduler,4085,0.1,0.0,22352,11658
29.69820771899998,nodecontroller,3837,0.54,1.978475478735926,47824,36813
29.69820771899998,nodelet,3227,0.6,2.967713218103889,26064,14250
29.69820771899998,nodeproxy,4269,0.0,0.0,15964,6789
29.69820771899998,containerd,2398,2.09,7.913901914943704,87320,86087
29.69820771899998,flanneld,3384,0.04,0.0,42136,42588
29.69820771899998,coredns,3910,0.33,0.989237739367963,65328,65684
30.728790952999987,nodestore,2538,2.14,4.851621717727241,20044,12403
30.728790952999987,nodeapiserver,2859,5.31,11.643892122545378,155696,146080
30.728790952999987,nodescheduler,4085,0.1,0.0,22352,11650
30.728790952999987,nodecontroller,3837,0.55,0.9703243435454482,47824,36813
30.728790952999987,nodelet,3227,0.61,0.9703243435454482,26064,14226
30.728790952999987,nodeproxy,4269,0.0,0.0,15964,6789
30.728790952999987,containerd,2398,2.12,2.9109730306363444,87320,86091
30.728790952999987,flanneld,3384,0.04,0.0,42136,42588
30.728790952999987,coredns,3910,0.34,0.9703243435454482,67444,67736
31.738730830999998,nodestore,2538,2.23,8.911421556917567,20172,12403
31.738730830999998,nodeapiserver,2859,5.52,20.79331696614099,155680,146172
31.738730830999998,nodescheduler,4085,0.1,0.0,22352,11650
31.738730830999998,nodecontroller,3837,0.57,1.9803159015372371,47824,36813
31.738730830999998,nodelet,3227,0.63,1.9803159015372371,26064,14226
31.738730830999998,nodeproxy,4269,0.0,0.0,15964,6789
31.738730830999998,containerd,2398,2.2,7.9212636061489485,87320,86103
31.738730830999998,flanneld,3384,0.04,0.0,42136,42588
31.738730830999998,coredns,3910,0.35,0.9901579507686186,67444,67740
32.751770437000005,nodestore,2538,2.29,5.922769420330009,20300,12519
32.751770437000005,nodeapiserver,2859,5.71,18.755436497711695,155840,146236
32.751770437000005,nodescheduler,4085,0.11,0.9871282367216682,22352,11658
32.751770437000005,nodecontroller,3837,0.59,1.9742564734433363,47824,36813
32.751770437000005,nodelet,3227,0.65,1.9742564734433363,26064,14242
32.751770437000005,nodeproxy,4269,0.0,0.0,15964,6789
32.751770437000005,containerd,2398,2.27,6.909897657051678,87320,86106
32.751770437000005,flanneld,3384,0.05,0.9871282367216682,42136,42588
32.751770437000005,coredns,3910,0.37,1.9742564734433363,67444,67740
33.777783403,nodestore,2538,2.36,6.822525866598091,20300,12519
33.777783403,nodeapiserver,2859,5.84,12.670405180825023,155840,146236
33.777783403,nodescheduler,4085,0.11,0.0,22352,11650
33.777783403,nodecontroller,3837,0.6,0.9746465523711557,47824,36813
33.777783403,nodelet,3227,0.65,0.0,26064,14226
33.777783403,nodeproxy,4269,0.0,0.0,15964,6789
33.777783403,containerd,2398,2.3,2.923939657113467,87320,86107
33.777783403,flanneld,3384,0.05,0.0,42136,42588
33.777783403,coredns,3910,0.37,0.0,67444,67740
34.78742502900002,nodestore,2538,2.43,6.933153130514722,20300,12531
34.78742502900002,nodeapiserver,2859,6.02,17.828108049894997,155908,146324
34.78742502900002,nodescheduler,4085,0.12,0.9904504472163888,22352,11650
34.78742502900002,nodecontroller,3837,0.62,1.9809008944327775,47824,36817
34.78742502900002,nodelet,3227,0.67,1.9809008944327775,26064,14226
34.78742502900002,nodeproxy,4269,0.0,0.0,15964,6789
34.78742502900002,containerd,2398,2.38,7.92360357773111,87320,86139
34.78742502900002,flanneld,3384,0.05,0.0,42136,42588
34.78742502900002,coredns,3910,0.38,0.9904504472163888,67444,67740
35.79714414,nodestore,2538,2.5,6.932621086142967,20300,12551
35.79714414,nodeapiserver,2859,6.19,16.83636549491863,155944,146376
35.79714414,nodescheduler,4085,0.12,0.0,22352,11658
35.79714414,nodecontroller,3837,0.63,0.9903744408775665,47824,36829
35.79714414,nodelet,3227,0.69,1.980748881755133,26064,14222
35.79714414,nodeproxy,4269,0.0,0.0,15964,6789
35.79714414,containerd,2398,2.45,6.932621086142967,87320,86151
35.79714414,flanneld,3384,0.05,0.0,42136,42588
35.79714414,coredns,3910,0.4,1.980748881755133,67444,67740
36.80690288400001,nodestore,2538,2.56,5.942013412265081,20300,12551
36.80690288400001,nodeapiserver,2859,6.33,13.864697961951856,156060,146460
36.80690288400001,nodescheduler,4085,0.12,0.0,22352,11650
36.80690288400001,nodecontroller,3837,0.65,1.9806711374216937,47824,36829
36.80690288400001,nodelet,3227,0.71,1.9806711374216937,26032,14270
36.80690288400001,nodeproxy,4269,0.0,0.0,15964,6789
36.80690288400001,containerd,2398,2.5,4.951677843554234,87320,86155
36.80690288400001,flanneld,3384,0.05,0.0,42136,42588
36.80690288400001,coredns,3910,0.41,0.9903355687108468,67444,67744
37.81851507900001,nodestore,2538,2.64,7.908168801780821,20300,12663
37.81851507900001,nodeapiserver,2859,6.51,17.793379804006847,156032,146552
37.81851507900001,nodescheduler,4085,0.13,0.9885211002226026,22352,11654
37.81851507900001,nodecontroller,3837,0.66,0.9885211002226026,47824,36829
37.81851507900001,nodelet,3227,0.73,1.9770422004452053,26032,14226
37.81851507900001,nodeproxy,4269,0.0,0.0,15964,6789
37.81851507900001,containerd,2398,2.59,8.896689902003423,87320,86171
37.81851507900001,flanneld,3384,0.06,0.9885211002226026,42136,42588
37.81851507900001,coredns,3910,0.42,0.9885211002226026,67444,67748
38.82960589700002,nodestore,2538,2.72,7.912246711748787,20300,12679
38.82960589700002,nodeapiserver,2859,6.69,17.80255510143477,156128,146540
38.82960589700002,nodescheduler,4085,0.13,0.0,22352,11662
38.82960589700002,nodecontroller,3837,0.69,2.967092516905795,47548,36413
38.82960589700002,nodelet,3227,0.73,0.0,26032,14226
38.82960589700002,nodeproxy,4269,0.0,0.0,15964,6793
38.82960589700002,containerd,2398,2.63,3.9561233558743933,87320,86179
38.82960589700002,flanneld,3384,0.06,0.0,42136,42588
38.82960589700002,coredns,3910,0.43,0.9890308389685983,67444,67748
39.843148111000005,nodestore,2538,2.78,5.91983236329227,20300,12679
39.843148111000005,nodeapiserver,2859,6.84,14.799580908230674,156128,146552
39.843148111000005,nodescheduler,4085,0.13,0.0,22352,11662
39.843148111000005,nodecontroller,3837,0.7,0.9866387272153783,47548,36401
39.843148111000005,nodelet,3227,0.76,2.959916181646135,26032,14222
39.843148111000005,nodeproxy,4269,0.0,0.0,15964,6793
39.843148111000005,containerd,2398,2.65,1.9732774544307565,87320,86179
39.843148111000005,flanneld,3384,0.06,0.0,42136,42588
39.843148111000005,coredns,3910,0.44,0.9866387272153783,67444,67748
40.86477137999998,nodestore,2538,2.86,7.8306752036206815,20288,12679
40.86477137999998,nodeapiserver,2859,7.02,17.619019208146533,156332,146640
40.86477137999998,nodescheduler,4085,0.13,0.0,22352,11670
40.86477137999998,nodecontroller,3837,0.72,1.9576688009051704,47548,36493
40.86477137999998,nodelet,3227,0.77,0.9788344004525852,26032,14222
40.86477137999998,nodeproxy,4269,0.0,0.0,15964,6793
40.86477137999998,containerd,2398,2.72,6.8518408031680975,87320,86183
40.86477137999998,flanneld,3384,0.06,0.0,42136,42588
40.86477137999998,coredns,3910,0.45,0.9788344004525852,67444,67748
41.877970995,nodestore,2538,2.93,6.908806415209573,20288,12799
41.877970995,nodeapiserver,2859,7.17,14.804585175449082,156364,146684
41.877970995,nodescheduler,4085,0.13,0.0,22352,11678
41.877970995,nodecontroller,3837,0.73,0.9869723450299388,47676,36653
41.877970995,nodelet,3227,0.78,0.9869723450299388,26032,14222
41.877970995,nodeproxy,4269,0.0,0.0,15964,6793
41.877970995,containerd,2398,2.75,2.960917035089816,87320,86174
41.877970995,flanneld,3384,0.06,0.0,42136,42588
41.877970995,coredns,3910,0.46,0.9869723450299388,67444,67748
42.897146857999985,nodestore,2538,2.99,5.887109592979124,20288,12799
42.897146857999985,nodeapiserver,2859,7.3,12.755404118121437,156200,146684
42.897146857999985,nodescheduler,4085,0.13,0.0,22352,11678
42.897146857999985,nodecontroller,3837,0.74,0.9811849321631875,47676,36661
42.897146857999985,nodelet,3227,0.79,0.9811849321631875,26032,14162
42.897146857999985,nodeproxy,4269,0.0,0.0,15964,6793
42.897146857999985,containerd,2398,2.78,2.943554796489562,87320,86183
42.897146857999985,flanneld,3384,0.06,0.0,42136,42592
42.897146857999985,coredns,3910,0.47,0.9811849321631875,67444,67748
43.91955231899999,nodestore,2538,3.07,7.824684340178773,20416,12807
43.91955231899999,nodeapiserver,2859,7.46,15.649368680357545,156404,146760
43.91955231899999,nodescheduler,4085,0.14,0.9780855425223466,22352,11686
43.91955231899999,nodecontroller,3837,0.76,1.9561710850446932,47932,36833
43.91955231899999,nodelet,3227,0.81,1.9561710850446932,26032,14170
43.91955231899999,nodeproxy,4269,0.0,0.0,15964,6793
43.91955231899999,containerd,2398,2.85,6.846598797656426,87320,86183
43.91955231899999,flanneld,3384,0.06,0.0,42136,42592
43.91955231899999,coredns,3910,0.48,0.9780855425223466,67444,67748
44.93801406099999,nodestore,2538,3.12,4.909364577781069,20416,12807
44.93801406099999,nodeapiserver,2859,7.6,13.746220817786996,157348,147808
44.93801406099999,nodescheduler,4085,0.14,0.0,22352,11686
44.93801406099999,nodecontroller,3837,0.76,0.0,47932,36841
44.93801406099999,nodelet,3227,0.81,0.0,26032,14170
44.93801406099999,nodeproxy,4269,0.0,0.0,15964,6793
44.93801406099999,containerd,2398,2.86,0.9818729155562139,87320,86183
44.93801406099999,flanneld,3384,0.06,0.0,42136,42592
44.93801406099999,coredns,3910,0.49,0.9818729155562139,67444,67756
45.964241743,nodestore,2538,3.2,7.795541028876575,20544,12807
45.964241743,nodeapiserver,2859,7.77,16.56552468636272,156500,146804
45.964241743,nodescheduler,4085,0.14,0.0,22352,11714
45.964241743,nodecontroller,3837,0.78,1.9488852572191437,48060,36973
45.964241743,nodelet,3227,0.83,1.9488852572191437,26032,14170
45.964241743,nodeproxy,4269,0.0,0.0,15964,6793
45.964241743,containerd,2398,2.92,5.846655771657431,87320,86195
45.964241743,flanneld,3384,0.06,0.0,42136,42592
45.964241743,coredns,3910,0.5,0.9744426286095719,67444,67756
46.973095688,nodestore,2538,3.28,7.929790074816045,20544,12807
46.973095688,nodeapiserver,2859,7.94,16.850803908984094,156432,146876
46.973095688,nodescheduler,4085,0.14,0.0,22480,11730
46.973095688,nodecontroller,3837,0.79,0.9912237593520056,48060,37133
46.973095688,nodelet,3227,0.86,2.973671278056017,26148,14238
46.973095688,nodeproxy,4269,0.0,0.0,15964,6793
46.973095688,containerd,2398,3.01,8.92101383416805,87320,86207
46.973095688,flanneld,3384,0.06,0.0,42264,42592
46.973095688,coredns,3910,0.52,1.9824475187040111,67444,67756
47.989946539000016,nodestore,2538,3.35,6.883998762567684,20544,12807
47.989946539000016,nodeapiserver,2859,8.08,13.767997525135367,156528,146876
47.989946539000016,nodescheduler,4085,0.14,0.0,22480,11730
47.989946539000016,nodecontroller,3837,0.8,0.9834283946525262,48060,37133
47.989946539000016,nodelet,3227,0.86,0.0,26148,14238
47.989946539000016,nodeproxy,4269,0.0,0.0,15964,6793
47.989946539000016,containerd,2398,3.03,1.9668567893050524,87320,86207
47.989946539000016,flanneld,3384,0.07,0.9834283946525262,42264,42592
47.989946539000016,coredns,3910,0.52,0.0,67444,67756
49.00001458000003,nodestore,2538,3.43,7.920258512564812,20376,12807
49.00001458000003,nodeapiserver,2859,8.27,18.81061396734143,156524,146936
49.00001458000003,nodescheduler,4085,0.15,0.9900323140706015,22480,11738
49.00001458000003,nodecontroller,3837,0.82,1.980064628141203,48444,37381
49.00001458000003,nodelet,3227,0.89,2.9700969422118044,26020,14230
49.00001458000003,nodeproxy,4269,0.0,0.0,15964,6793
49.00001458000003,containerd,2398,3.08,4.950161570353008,87320,86255
49.00001458000003,flanneld,3384,0.07,0.0,42264,42592
49.00001458000003,coredns,3910,0.54,1.980064628141203,67444,67756
50.01081775799997,nodestore,2538,3.5,6.9251859831413904,20504,12807
50.01081775799997,nodeapiserver,2859,8.42,14.839684249588691,156584,147004
50.01081775799997,nodescheduler,4085,0.15,0.0,22480,11742
50.01081775799997,nodecontroller,3837,0.84,1.9786245666118256,48572,37609
50.01081775799997,nodelet,3227,0.89,0.0,26020,14238
50.01081775799997,nodeproxy,4269,0.0,0.0,15964,6793
50.01081775799997,containerd,2398,3.1,1.9786245666118256,87460,86286
50.01081775799997,flanneld,3384,0.07,0.0,42264,42592
50.01081775799997,coredns,3910,0.54,0.0,67444,67764
51.02923647,nodestore,2538,3.58,7.855315211450852,20504,12807
51.02923647,nodeapiserver,2859,8.58,15.710630422901705,156584,147008
51.02923647,nodescheduler,4085,0.15,0.0,22480,11746
51.02923647,nodecontroller,3837,0.85,0.9819144014313566,48700,37657
51.02923647,nodelet,3227,0.91,1.963828802862713,26020,14230
51.02923647,nodeproxy,4269,0.0,0.0,15964,6793
51.02923647,containerd,2398,3.17,6.873400810019497,87460,86359
51.02923647,flanneld,3384,0.07,0.0,42264,42592
51.02923647,coredns,3910,0.56,1.963828802862713,67444,67768
52.04133420699998,nodestore,2538,3.66,7.904374950697263,20632,12807
52.04133420699998,nodeapiserver,2859,8.75,16.796796770231683,156620,147036
52.04133420699998,nodescheduler,4085,0.15,0.0,22480,11782
52.04133420699998,nodecontroller,3837,0.87,1.9760937376743157,49084,38173
52.04133420699998,nodelet,3227,0.93,1.9760937376743157,26020,14238
52.04133420699998,nodeproxy,4269,0.0,0.0,15964,6793
52.04133420699998,containerd,2398,3.23,5.928281213022947,87460,86411
52.04133420699998,flanneld,3384,0.07,0.0,42264,42592
52.04133420699998,coredns,3910,0.57,0.9880468688371579,67444,67776
53.053875538,nodestore,2538,3.73,6.913298040966433,20468,12807
53.053875538,nodeapiserver,2859,8.89,13.826596081932866,156496,147036
53.053875538,nodescheduler,4085,0.15,0.0,22480,11782
53.053875538,nodecontroller,3837,0.88,0.9876140058523474,49084,38173
53.053875538,nodelet,3227,0.94,0.9876140058523474,26020,14238
53.053875538,nodeproxy,4269,0.0,0.0,15964,6793
53.053875538,containerd,2398,3.24,0.9876140058523474,87460,86411
53.053875538,flanneld,3384,0.07,0.0,42264,42592
53.053875538,coredns,3910,0.58,0.9876140058523474,67444,67776
54.06619167600002,nodestore,2538,3.82,8.890503334048251,20292,12807
54.06619167600002,nodeapiserver,2859,9.06,16.793172964313364,156628,147124
54.06619167600002,nodescheduler,4085,0.15,0.0,22480,11806
54.06619167600002,nodecontroller,3837,0.9,1.975667407566278,49340,38321
54.06619167600002,nodelet,3227,0.95,0.987833703783139,26020,14234
54.06619167600002,nodeproxy,4269,0.0,0.0,15964,6793
54.06619167600002,containerd,2398,3.3,5.9270022226988335,87972,86855
54.06619167600002,flanneld,3384,0.07,0.0,42264,42592
54.06619167600002,coredns,3910,0.58,0.0,67444,67776
55.07641124600002,nodestore,2538,3.89,6.929186691562483,20420,12807
55.07641124600002,nodeapiserver,2859,9.24,17.817908635446383,156780,147152
55.07641124600002,nodescheduler,4085,0.16,0.9898838130803546,22480,11858
55.07641124600002,nodecontroller,3837,0.92,1.9797676261607091,49852,38841
55.07641124600002,nodelet,3227,0.97,1.9797676261607091,26020,14238
55.07641124600002,nodeproxy,4269,0.0,0.0,15964,6801
55.07641124600002,containerd,2398,3.37,6.929186691562483,88100,86987
55.07641124600002,flanneld,3384,0.07,0.0,42264,42592
55.07641124600002,coredns,3910,0.59,0.9898838130803546,67444,67780
56.101367917000005,nodestore,2538,3.96,6.829556993048841,20408,12807
56.101367917000005,nodeapiserver,2859,9.37,12.683462987090703,156780,147152
56.101367917000005,nodescheduler,4085,0.16,0.0,22480,11858
56.101367917000005,nodecontroller,3837,0.93,0.9756509990069772,49852,38829
56.101367917000005,nodelet,3227,0.98,0.9756509990069772,26020,14238
56.101367917000005,nodeproxy,4269,0.0,0.0,15964,6801
56.101367917000005,containerd,2398,3.4,2.9269529970209316,88100,86995
56.101367917000005,flanneld,3384,0.07,0.0,42264,42592
56.101367917000005,coredns,3910,0.61,1.9513019980139543,67444,67780
57.11877540900002,nodestore,2538,4.05,8.84601309776854,20408,12807
57.11877540900002,nodeapiserver,2859,9.55,17.69202619553708,156880,147300
57.11877540900002,nodescheduler,4085,0.16,0.0,22480,11890
57.11877540900002,nodecontroller,3837,0.95,1.965780688393009,50108,39137
57.11877540900002,nodelet,3227,1.0,1.965780688393009,25964,14298
57.11877540900002,nodeproxy,4269,0.0,0.0,15964,6801
57.11877540900002,containerd,2398,3.49,8.84601309776854,89268,88171
57.11877540900002,flanneld,3384,0.07,0.0,42264,42592
57.11877540900002,coredns,3910,0.63,1.965780688393009,67444,67784
58.13703813000001,nodestore,2538,4.12,6.874453768793234,20516,12807
58.13703813000001,nodeapiserver,2859,9.72,16.695102009926423,157048,147316
58.13703813000001,nodescheduler,4085,0.16,0.0,22480,11894
58.13703813000001,nodecontroller,3837,0.97,1.9641296482266382,50364,39425
58.13703813000001,nodelet,3227,1.02,1.9641296482266382,25964,14266
58.13703813000001,nodeproxy,4269,0.0,0.0,15964,6801
58.13703813000001,containerd,2398,3.53,3.9282592964532763,89396,88246
58.13703813000001,flanneld,3384,0.08,0.9820648241133191,42264,42592
58.13703813000001,coredns,3910,0.63,0.0,67444,67784
59.18285289400001,nodestore,2538,4.21,8.60573048861644,20516,12807
59.18285289400001,nodeapiserver,2859,9.88,15.299076424207003,157048,147320
59.18285289400001,nodescheduler,4085,0.16,0.0,22480,11902
59.18285289400001,nodecontroller,3837,0.98,0.9561922765129377,50492,39493
59.18285289400001,nodelet,3227,1.04,1.9123845530258754,25964,14282
59.18285289400001,nodeproxy,4269,0.0,0.0,15964,6801
59.18285289400001,containerd,2398,3.56,2.868576829538813,89396,88255
59.18285289400001,flanneld,3384,0.08,0.0,42264,42592
59.18285289400001,coredns,3910,0.65,1.9123845530258754,67444,67784
60.19870336700001,nodestore,2538,4.29,7.875174755172848,20468,12807
60.19870336700001,nodeapiserver,2859,10.06,17.71914319913891,157136,147396
60.19870336700001,nodescheduler,4085,0.16,0.0,22480,11914
60.19870336700001,nodecontroller,3837,0.99,0.984396844396606,50748,39773
60.19870336700001,nodelet,3227,1.05,0.984396844396606,25964,14266
60.19870336700001,nodeproxy,4269,0.0,0.0,15964,6801
60.19870336700001,containerd,2398,3.63,6.890777910776243,89592,88431
60.19870336700001,flanneld,3384,0.08,0.0,42264,42592
60.19870336700001,coredns,3910,0.66,0.984396844396606,67444,67784
61.22078646599999,nodestore,2538,4.37,7.827152222580793,20416,12807
61.22078646599999,nodeapiserver,2859,10.23,16.632698472984185,157204,147440
61.22078646599999,nodescheduler,4085,0.16,0.0,22480,11918
61.22078646599999,nodecontroller,3837,1.01,1.9567880556451982,51004,39981
61.22078646599999,nodelet,3227,1.05,0.0,25964,14266
61.22078646599999,nodeproxy,4269,0.0,0.0,15964,6801
61.22078646599999,containerd,2398,3.65,1.9567880556451982,89592,88423
61.22078646599999,flanneld,3384,0.08,0.0,42264,42592
61.22078646599999,coredns,3910,0.66,0.0,67444,67792
62.249685903,nodestore,2538,4.47,9.719122822301568,20416,12807
62.249685903,nodeapiserver,2859,10.42,18.46633336237298,156980,147480
62.249685903,nodescheduler,4085,0.18,1.9438245644603134,22608,11950
62.249685903,nodecontroller,3837,1.03,1.9438245644603134,51004,40065
62.249685903,nodelet,3227,1.08,2.91573684669047,25964,14266
62.249685903,nodeproxy,4269,0.0,0.0,15964,6801
62.249685903,containerd,2398,3.7,4.859561411150784,89592,88507
62.249685903,flanneld,3384,0.08,0.0,42264,42592
62.249685903,coredns,3910,0.68,1.9438245644603134,67444,67792
63.26631722600001,nodestore,2538,4.55,7.8691260233774045,20488,12807
63.26631722600001,nodeapiserver,2859,10.59,16.721892799676983,157100,147556
63.26631722600001,nodescheduler,4085,0.18,0.0,22608,11966
63.26631722600001,nodecontroller,3837,1.05,1.9672815058443511,51388,40441
63.26631722600001,nodelet,3227,1.1,1.9672815058443511,25964,14266
63.26631722600001,nodeproxy,4269,0.0,0.0,15964,6801
63.26631722600001,containerd,2398,3.76,5.901844517533053,89592,88567
63.26631722600001,flanneld,3384,0.09,0.9836407529221756,41972,42272
63.26631722600001,coredns,3910,0.7,1.9672815058443511,67444,67792
64.27949285099999,nodestore,2538,4.62,6.9089700021160505,20488,12807
64.27949285099999,nodeapiserver,2859,10.74,14.804935718820106,157040,147556
64.27949285099999,nodescheduler,4085,0.18,0.0,22608,11966
64.27949285099999,nodecontroller,3837,1.06,0.9869957145880072,51388,40445
64.27949285099999,nodelet,3227,1.1,0.0,25964,14266
64.27949285099999,nodeproxy,4269,0.0,0.0,15964,6801
64.27949285099999,containerd,2398,3.76,0.0,89592,88575
64.27949285099999,flanneld,3384,0.09,0.0,41972,42272
64.27949285099999,coredns,3910,0.71,0.9869957145880072,67444,67792
65.29280062599997,nodestore,2538,4.71,8.881802964553504,20480,12807
65.29280062599997,nodeapiserver,2859,10.94,19.73733992123001,157144,147612
65.29280062599997,nodescheduler,4085,0.18,0.0,22608,12010
65.29280062599997,nodecontroller,3837,1.08,1.9737339921230008,51468,40349
65.29280062599997,nodelet,3227,1.12,1.9737339921230008,25964,14338
65.29280062599997,nodeproxy,4269,0.0,0.0,15964,6801
65.29280062599997,containerd,2398,3.85,8.881802964553504,90108,88741
65.29280062599997,flanneld,3384,0.09,0.0,41972,42272
65.29280062599997,coredns,3910,0.71,0.0,67444,67792
66.37577498500002,nodestore,2538,4.81,9.23382896085683,20480,12859
66.37577498500002,nodeapiserver,2859,11.22,25.854721090399124,157192,147864
66.37577498500002,nodescheduler,4085,0.19,0.9233828960856829,22608,11986
66.37577498500002,nodecontroller,3837,1.13,4.616914480428415,51252,40129
66.37577498500002,nodelet,3227,1.19,6.463680272599781,26724,14790
66.37577498500002,nodeproxy,4269,0.0,0.0,15964,6801
66.37577498500002,containerd,2398,4.26,37.858698739513,90364,89106
66.37577498500002,flanneld,3384,0.09,0.0,41972,42272
66.37577498500002,coredns,3910,0.73,1.8467657921713658,67444,67792
67.40587941299998,nodestore,2538,4.89,7.766202903848036,20480,12903
67.40587941299998,nodeapiserver,2859,11.46,23.29860871154411,157868,148376
67.40587941299998,nodescheduler,4085,0.19,0.0,22476,11802
67.40587941299998,nodecontroller,3837,1.15,1.941550725962009,50328,39193
67.40587941299998,nodelet,3227,1.21,1.941550725962009,26568,14622
67.40587941299998,nodeproxy,4269,0.0,0.0,15964,6801
67.40587941299998,containerd,2398,4.37,10.67852899279105,83828,82467
67.40587941299998,flanneld,3384,0.09,0.0,41972,42272
67.40587941299998,coredns,3910,0.74,0.9707753629810045,67444,67792
68.428772777,nodestore,2538,4.97,7.820952096820713,20480,12903
68.428772777,nodeapiserver,2859,11.65,18.574761229949196,158084,148436
68.428772777,nodescheduler,4085,0.2,0.9776190121025892,22476,11790
68.428772777,nodecontroller,3837,1.18,2.9328570363077677,50416,39197
68.428772777,nodelet,3227,1.23,1.9552380242051783,26568,14614
68.428772777,nodeproxy,4269,0.0,0.0,15964,6801
68.428772777,containerd,2398,4.44,6.843333084718125,83552,82151
68.428772777,flanneld,3384,0.09,0.0,41972,42272
68.428772777,coredns,3910,0.75,0.9776190121025892,67444,67792
69.45295383799998,nodestore,2538,5.04,6.834729001105933,20480,12903
69.45295383799998,nodeapiserver,2859,11.8,14.645847859512713,157916,148400
69.45295383799998,nodescheduler,4085,0.21,0.9763898573008476,22476,11782
69.45295383799998,nodecontroller,3837,1.19,0.9763898573008476,50284,39033
69.45295383799998,nodelet,3227,1.25,1.9527797146016952,26568,14622
69.45295383799998,nodeproxy,4269,0.0,0.0,15964,6801
69.45295383799998,containerd,2398,4.48,3.9055594292033904,83552,82151
69.45295383799998,flanneld,3384,0.09,0.0,41972,42272
69.45295383799998,coredns,3910,0.76,0.9763898573008476,67444,67792
70.462509839,nodestore,2538,5.12,7.924275614305254,20480,12903
70.462509839,nodeapiserver,2859,11.99,18.82015458397498,157908,148436
70.462509839,nodescheduler,4085,0.21,0.0,22476,11786
70.462509839,nodecontroller,3837,1.21,1.9810689035763136,50284,39041
70.462509839,nodelet,3227,1.27,1.9810689035763136,26568,14626
70.462509839,nodeproxy,4269,0.0,0.0,15964,6801
70.462509839,containerd,2398,4.58,9.905344517881568,83680,82195
70.462509839,flanneld,3384,0.09,0.0,41972,42272
70.462509839,coredns,3910,0.77,0.9905344517881568,67444,67792
71.48404029,nodestore,2538,5.19,6.8524633731159055,20480,12903
71.48404029,nodeapiserver,2859,12.16,16.641696763281484,157932,148512
71.48404029,nodescheduler,4085,0.21,0.0,22476,11794
71.48404029,nodecontroller,3837,1.22,0.9789233390165578,50284,39045
71.48404029,nodelet,3227,1.28,0.9789233390165578,26568,14622
71.48404029,nodeproxy,4269,0.0,0.0,15964,6801
71.48404029,containerd,2398,4.62,3.9156933560662313,83680,82186
71.48404029,flanneld,3384,0.1,0.9789233390165578,41972,42272
71.48404029,coredns,3910,0.78,0.9789233390165578,67444,67792
72.50931777599999,nodestore,2538,5.26,6.827419986865924,20480,12903
72.50931777599999,nodeapiserver,2859,12.3,13.654839973731848,157932,148516
72.50931777599999,nodescheduler,4085,0.21,0.0,22476,11786
72.50931777599999,nodecontroller,3837,1.24,1.9506914248188352,50284,39045
72.50931777599999,nodelet,3227,1.29,0.9753457124094176,26568,14610
72.50931777599999,nodeproxy,4269,0.0,0.0,15964,6801
72.50931777599999,containerd,2398,4.67,4.876728562047088,83680,82187
72.50931777599999,flanneld,3384,0.1,0.0,41972,42272
72.50931777599999,coredns,3910,0.79,0.9753457124094176,67444,67800
73.52513321100002,nodestore,2538,5.34,7.8754463895301186,20480,12903
73.52513321100002,nodeapiserver,2859,12.49,18.704185175134032,158168,148552
73.52513321100002,nodescheduler,4085,0.21,0.0,22476,11786
73.52513321100002,nodecontroller,3837,1.26,1.9688615973825296,50284,39057
73.52513321100002,nodelet,3227,1.31,1.9688615973825296,26432,14610
73.52513321100002,nodeproxy,4269,0.0,0.0,15964,6801
73.52513321100002,containerd,2398,4.76,8.859877188221384,82872,81347
73.52513321100002,flanneld,3384,0.1,0.0,41972,42272
73.52513321100002,coredns,3910,0.8,0.9844307986912648,67444,67800
74.53698847499999,nodestore,2538,5.41,6.917985456070388,20480,12903
74.53698847499999,nodeapiserver,2859,12.65,15.812538185303744,158244,148584
74.53698847499999,nodescheduler,4085,0.21,0.0,22476,11794
74.53698847499999,nodecontroller,3837,1.27,0.988283636581484,50284,39073
74.53698847499999,nodelet,3227,1.33,1.976567273162968,26432,14610
74.53698847499999,nodeproxy,4269,0.0,0.0,15964,6801
74.53698847499999,containerd,2398,4.8,3.953134546325936,82872,81343
74.53698847499999,flanneld,3384,0.1,0.0,41972,42272
74.53698847499999,coredns,3910,0.81,0.988283636581484,67444,67800
75.56820660099999,nodestore,2538,5.49,7.757815537078727,20480,12903
75.56820660099999,nodeapiserver,2859,12.8,14.545904132022613,158244,148568
75.56820660099999,nodescheduler,4085,0.21,0.0,22476,11786
75.56820660099999,nodecontroller,3837,1.28,0.9697269421348409,50284,39073
75.56820660099999,nodelet,3227,1.34,0.9697269421348409,26432,14610
75.56820660099999,nodeproxy,4269,0.0,0.0,15964,6801
75.56820660099999,containerd,2398,4.86,5.818361652809045,82872,81343
75.56820660099999,flanneld,3384,0.1,0.0,41972,42272
75.56820660099999,coredns,3910,0.82,0.9697269421348409,67444,67800
76.58299510699999,nodestore,2538,5.56,6.897989047581887,20480,12903
76.58299510699999,nodeapiserver,2859,13.0,19.708540135948247,158416,148672
76.58299510699999,nodescheduler,4085,0.23,1.9708540135948247,22476,11790
76.58299510699999,nodecontroller,3837,1.31,2.956281020392237,50284,39069
76.58299510699999,nodelet,3227,1.37,2.956281020392237,26432,14534
76.58299510699999,nodeproxy,4269,0.0,0.0,15964,6801
76.58299510699999,containerd,2398,4.94,7.883416054379299,82872,81343
76.58299510699999,flanneld,3384,0.1,0.0,41972,42272
76.58299510699999,coredns,3910,0.84,1.9708540135948247,67444,67800
77.60811551299997,nodestore,2538,5.64,7.803961323154187,20480,12903
77.60811551299997,nodeapiserver,2859,13.15,14.6324274809141,158224,148716
77.60811551299997,nodescheduler,4085,0.23,0.0,22476,11802
77.60811551299997,nodecontroller,3837,1.32,0.9754951653942734,50284,39077
77.60811551299997,nodelet,3227,1.38,0.9754951653942734,26428,14618
77.60811551299997,nodeproxy,4269,0.0,0.0,15964,6801
77.60811551299997,containerd,2398,5.01,6.828466157759914,82872,81338
77.60811551299997,flanneld,3384,0.1,0.0,41972,42272
77.60811551299997,coredns,3910,0.84,0.0,67444,67800
78.65131262599999,nodestore,2538,5.72,7.668732879248155,20480,12903
78.65131262599999,nodeapiserver,2859,13.31,15.33746575849631,158352,148716
78.65131262599999,nodescheduler,4085,0.23,0.0,22476,11794
78.65131262599999,nodecontroller,3837,1.33,0.9585916099060193,50284,39077
78.65131262599999,nodelet,3227,1.4,1.9171832198120387,26428,14606
78.65131262599999,nodeproxy,4269,0.0,0.0,15964,6801
78.65131262599999,containerd,2398,5.07,5.751549659436116,82872,81339
78.65131262599999,flanneld,3384,0.1,0.0,41972,42272
78.65131262599999,coredns,3910,0.86,1.9171832198120387,67444,67800
79.66128504599999,nodestore,2538,5.79,6.930882330430392,20480,12903
79.66128504599999,nodeapiserver,2859,13.49,17.82226884967815,158360,148756
79.66128504599999,nodescheduler,4085,0.23,0.0,22476,11794
79.66128504599999,nodecontroller,3837,1.36,2.9703781416130246,50284,39089
79.66128504599999,nodelet,3227,1.43,2.9703781416130246,26428,14598
79.66128504599999,nodeproxy,4269,0.0,0.0,15964,6801
79.66128504599999,containerd,2398,5.15,7.921008377634733,82872,81339
79.66128504599999,flanneld,3384,0.1,0.0,41972,42272
79.66128504599999,coredns,3910,0.86,0.0,67444,67800
80.67981795999998,nodestore,2538,5.85,5.890825831476325,20480,12903
80.67981795999998,nodeapiserver,2859,13.61,11.78165166295265,158348,148756
80.67981795999998,nodescheduler,4085,0.23,0.0,22476,11794
80.67981795999998,nodecontroller,3837,1.36,0.0,50284,39089
80.67981795999998,nodelet,3227,1.43,0.0,26428,14598
80.67981795999998,nodeproxy,4269,0.0,0.0,15964,6801
80.67981795999998,containerd,2398,5.17,1.9636086104921082,82872,81343
80.67981795999998,flanneld,3384,0.1,0.0,41972,42272
80.67981795999998,coredns,3910,0.87,0.9818043052460541,67444,67868
81.69978413400003,nodestore,2538,5.93,7.843397363489071,20480,12903
81.69978413400003,nodeapiserver,2859,13.81,19.608493408722676,158344,148868
81.69978413400003,nodescheduler,4085,0.23,0.0,22476,11794
81.69978413400003,nodecontroller,3837,1.38,1.9608493408722678,50284,39089
81.69978413400003,nodelet,3227,1.46,2.9412740113084017,26428,14606
81.69978413400003,nodeproxy,4269,0.0,0.0,15964,6801
81.69978413400003,containerd,2398,5.24,6.862972693052938,82872,81351
81.69978413400003,flanneld,3384,0.12,1.9608493408722678,41972,42272
81.69978413400003,coredns,3910,0.89,1.9608493408722678,67444,67868
82.71477355299999,nodestore,2538,6.01,7.881855564447333,20480,12903
82.71477355299999,nodeapiserver,2859,13.98,16.748943074450583,158424,148912
82.71477355299999,nodescheduler,4085,0.24,0.9852319455559166,22476,11806
82.71477355299999,nodecontroller,3837,1.4,1.9704638911118333,50284,39097
82.71477355299999,nodelet,3227,1.47,0.9852319455559166,26428,14606
82.71477355299999,nodeproxy,4269,0.0,0.0,15964,6801
82.71477355299999,containerd,2398,5.31,6.896623618891417,82872,81366
82.71477355299999,flanneld,3384,0.12,0.0,41972,42272
82.71477355299999,coredns,3910,0.89,0.0,67444,67868
83.728811388,nodestore,2538,6.09,7.889251982397597,20480,12903
83.728811388,nodeapiserver,2859,14.12,13.806190969195795,158424,148896
83.728811388,nodescheduler,4085,0.24,0.0,22476,11798
83.728811388,nodecontroller,3837,1.42,1.9723129955993992,49056,37693
83.728811388,nodelet,3227,1.49,1.9723129955993992,26428,14606
83.728811388,nodeproxy,4269,0.0,0.0,15964,6801
83.728811388,containerd,2398,5.35,3.9446259911987984,82872,81367
83.728811388,flanneld,3384,0.12,0.0,41972,42272
83.728811388,coredns,3910,0.9,0.9861564977996996,67444,67868
84.74091496400001,nodestore,2538,6.16,6.916288180370874,20480,12903
84.74091496400001,nodeapiserver,2859,14.31,18.772782203863798,158456,148916
84.74091496400001,nodescheduler,4085,0.24,0.0,22476,11806
84.74091496400001,nodecontroller,3837,1.43,0.9880411686244104,49056,37745
84.74091496400001,nodelet,3227,1.5,0.9880411686244104,26428,14598
84.74091496400001,nodeproxy,4269,0.0,0.0,15964,6801
84.74091496400001,containerd,2398,5.4,4.940205843122052,82872,81379
84.74091496400001,flanneld,3384,0.12,0.0,41972,42272
84.74091496400001,coredns,3910,0.92,1.9760823372488208,67444,67868
85.751293331,nodestore,2538,6.24,7.917825896998943,20480,12903
85.751293331,nodeapiserver,2859,14.48,16.825380031122755,158564,148936
85.751293331,nodescheduler,4085,0.24,0.0,22476,11814
85.751293331,nodecontroller,3837,1.45,1.9794564742497358,49056,37865
85.751293331,nodelet,3227,1.51,0.9897282371248679,26428,14598
85.751293331,nodeproxy,4269,0.0,0.0,15964,6801
85.751293331,containerd,2398,5.47,6.928097659874076,83256,81771
85.751293331,flanneld,3384,0.12,0.0,41972,42272
85.751293331,coredns,3910,0.93,0.9897282371248679,67444,67868
86.76561431699997,nodestore,2538,6.31,6.901168463057106,20480,12903
86.76561431699997,nodeapiserver,2859,14.61,12.816455717106052,158564,148936
86.76561431699997,nodescheduler,4085,0.24,0.0,22476,11814
86.76561431699997,nodecontroller,3837,1.45,0.0,49056,37865
86.76561431699997,nodelet,3227,1.53,1.9717624180163156,26428,14598
86.76561431699997,nodeproxy,4269,0.0,0.0,15964,6801
86.76561431699997,containerd,2398,5.49,1.9717624180163156,83256,81799
86.76561431699997,flanneld,3384,0.12,0.0,41972,42272
86.76561431699997,coredns,3910,0.94,0.9858812090081578,67444,67868
87.77680947200002,nodestore,2538,6.39,7.911430311391854,20480,12911
87.77680947200002,nodeapiserver,2859,14.79,17.80071820063167,158612,149000
87.77680947200002,nodescheduler,4085,0.24,0.0,22476,11822
87.77680947200002,nodecontroller,3837,1.47,1.9778575778479635,49056,37961
87.77680947200002,nodelet,3227,1.55,1.9778575778479635,26420,14682
87.77680947200002,nodeproxy,4269,0.0,0.0,15964,6801
87.77680947200002,containerd,2398,5.56,6.922501522467873,83384,82083
87.77680947200002,flanneld,3384,0.12,0.0,41972,42272
87.77680947200002,coredns,3910,0.94,0.0,67444,67872
88.79008809099997,nodestore,2538,6.45,5.9213723525733535,20608,12911
88.79008809099997,nodeapiserver,2859,14.92,12.829640097242265,158640,149036
88.79008809099997,nodescheduler,4085,0.25,0.9868953920955589,22604,11830
88.79008809099997,nodecontroller,3837,1.48,0.9868953920955589,49056,38065
88.79008809099997,nodelet,3227,1.57,1.9737907841911178,26420,14654
88.79008809099997,nodeproxy,4269,0.0,0.0,15964,6801
88.79008809099997,containerd,2398,5.63,6.908267744668914,83384,82095
88.79008809099997,flanneld,3384,0.12,0.0,41972,42272
88.79008809099997,coredns,3910,0.96,1.9737907841911178,67444,67876
89.81426456700001,nodestore,2538,6.53,7.811153826969675,20608,12891
89.81426456700001,nodeapiserver,2859,15.07,14.64591342556814,158616,149028
89.81426456700001,nodescheduler,4085,0.25,0.0,22604,11830
89.81426456700001,nodecontroller,3837,1.49,0.9763942283712094,49056,38069
89.81426456700001,nodelet,3227,1.58,0.9763942283712094,26420,14590
89.81426456700001,nodeproxy,4269,0.0,0.0,15964,6801
89.81426456700001,containerd,2398,5.65,1.9527884567424187,83384,82095
89.81426456700001,flanneld,3384,0.12,0.0,41972,42272
89.81426456700001,coredns,3910,0.97,0.9763942283712094,67444,67876
90.82844189399998,nodestore,2538,6.62,8.87418773857115,20608,12915
90.82844189399998,nodeapiserver,2859,15.25,17.7483754771423,158584,149132
90.82844189399998,nodescheduler,4085,0.26,0.9860208598412389,22604,11850
90.82844189399998,nodecontroller,3837,1.51,1.9720417196824778,49056,38177
90.82844189399998,nodelet,3227,1.6,1.9720417196824778,26420,14634
90.82844189399998,nodeproxy,4269,0.0,0.0,15964,6801
90.82844189399998,containerd,2398,5.71,5.916125159047433,83384,82099
90.82844189399998,flanneld,3384,0.12,0.0,41972,42272
90.82844189399998,coredns,3910,0.98,0.9860208598412389,67444,67876
91.841635473,nodestore,2538,6.69,6.908847573736828,20608,12915
91.841635473,nodeapiserver,2859,15.41,15.791651597112747,158792,149172
91.841635473,nodescheduler,4085,0.26,0.0,22604,11870
91.841635473,nodecontroller,3837,1.52,0.9869782248195467,49184,38265
91.841635473,nodelet,3227,1.6,0.0,26420,14634
91.841635473,nodeproxy,4269,0.0,0.0,15964,6801
91.841635473,containerd,2398,5.75,3.9479128992781867,83384,82119
91.841635473,flanneld,3384,0.12,0.0,41972,42272
91.841635473,coredns,3910,0.99,0.9869782248195467,67444,67876
92.874087325,nodestore,2538,6.77,7.748545352989434,20608,12915
92.874087325,nodeapiserver,2859,15.55,13.559954367731512,158792,149172
92.874087325,nodescheduler,4085,0.26,0.0,22604,11870
92.874087325,nodecontroller,3837,1.54,1.9371363382473585,49184,38281
92.874087325,nodelet,3227,1.62,1.9371363382473585,26420,14630
92.874087325,nodeproxy,4269,0.0,0.0,15964,6801
92.874087325,containerd,2398,5.79,3.874272676494717,83384,82135
92.874087325,flanneld,3384,0.13,0.9685681691236793,41972,42272
92.874087325,coredns,3910,1.0,0.9685681691236793,67444,67876
93.88614157500001,nodestore,2538,6.85,7.904714594103978,20608,12919
93.88614157500001,nodeapiserver,2859,15.72,16.797518512470955,158752,149220
93.88614157500001,nodescheduler,4085,0.26,0.0,22604,11878
93.88614157500001,nodecontroller,3837,1.55,0.9880893242629972,49184,38389
93.88614157500001,nodelet,3227,1.64,1.9761786485259945,26420,14630
93.88614157500001,nodeproxy,4269,0.0,0.0,15964,6801
93.88614157500001,containerd,2398,5.84,4.940446621314986,83384,82135
93.88614157500001,flanneld,3384,0.13,0.0,41972,42272
93.88614157500001,coredns,3910,1.01,0.9880893242629972,67444,67876
94.90448281699997,nodestore,2538,6.92,6.873923701894278,20736,12919
94.90448281699997,nodeapiserver,2859,15.88,15.711825604329778,158852,149280
94.90448281699997,nodescheduler,4085,0.26,0.0,22604,11882
94.90448281699997,nodecontroller,3837,1.56,0.9819891002706111,49312,38465
94.90448281699997,nodelet,3227,1.65,0.9819891002706111,26420,14630
94.90448281699997,nodeproxy,4269,0.0,0.0,15964,6801
94.90448281699997,containerd,2398,5.87,2.9459673008118332,83384,82133
94.90448281699997,flanneld,3384,0.13,0.0,41972,42280
94.90448281699997,coredns,3910,1.03,1.9639782005412223,67304,67556
95.916775874,nodestore,2538,7.0,7.902849816740198,20608,12919
95.916775874,nodeapiserver,2859,16.03,14.81784340638787,158828,149288
95.916775874,nodescheduler,4085,0.26,0.0,22604,11882
95.916775874,nodecontroller,3837,1.57,0.9878562270925247,49312,38501
95.916775874,nodelet,3227,1.67,1.9757124541850495,26420,14630
95.916775874,nodeproxy,4269,0.0,0.0,15964,6801
95.916775874,containerd,2398,5.93,5.927137362555149,83768,82495
95.916775874,flanneld,3384,0.13,0.0,41972,42280
95.916775874,coredns,3910,1.04,0.9878562270925247,67304,67556
96.92859884199999,nodestore,2538,7.08,7.9065214499065215,20736,12923
96.92859884199999,nodeapiserver,2859,16.22,18.77798844352799,158972,149412
96.92859884199999,nodescheduler,4085,0.26,0.0,22604,11906
96.92859884199999,nodecontroller,3837,1.59,1.9766303624766304,49568,38637
96.92859884199999,nodelet,3227,1.69,1.9766303624766304,26396,14654
96.92859884199999,nodeproxy,4269,0.0,0.0,15964,6801
96.92859884199999,containerd,2398,6.02,8.894836631144836,83768,82635
96.92859884199999,flanneld,3384,0.13,0.0,41972,42280
96.92859884199999,coredns,3910,1.05,0.9883151812383152,67304,67556
97.94157531299999,nodestore,2538,7.15,6.910328324891555,20608,12923
97.94157531299999,nodeapiserver,2859,16.33,10.859087367686728,158972,149412
97.94157531299999,nodescheduler,4085,0.27,0.9871897606987934,22604,11906
97.94157531299999,nodecontroller,3837,1.6,0.9871897606987934,49568,38637
97.94157531299999,nodelet,3227,1.7,0.9871897606987934,26396,14654
97.94157531299999,nodeproxy,4269,0.0,0.0,15964,6801
97.94157531299999,containerd,2398,6.02,0.0,83768,82663
97.94157531299999,flanneld,3384,0.13,0.0,41972,42280
97.94157531299999,coredns,3910,1.06,0.9871897606987934,67304,67556
98.962307092,nodestore,2538,7.23,7.837514383883872,20608,12923
98.962307092,nodeapiserver,2859,16.52,18.614096661724197,159068,149436
98.962307092,nodescheduler,4085,0.27,0.0,22604,11926
98.962307092,nodecontroller,3837,1.62,1.959378595970968,49952,38813
98.962307092,nodelet,3227,1.71,0.979689297985484,26396,14674
98.962307092,nodeproxy,4269,0.0,0.0,15964,6801
98.962307092,containerd,2398,6.1,7.837514383883872,84536,83459
98.962307092,flanneld,3384,0.13,0.0,41972,42280
98.962307092,coredns,3910,1.07,0.979689297985484,67304,67556
99.99182472899997,nodestore,2538,7.31,7.770629382622453,20608,12927
99.99182472899997,nodeapiserver,2859,16.71,18.45524478372833,159248,149524
99.99182472899997,nodescheduler,4085,0.27,0.0,22604,11942
99.99182472899997,nodecontroller,3837,1.64,1.9426573456556133,49952,38993
99.99182472899997,nodelet,3227,1.73,1.9426573456556133,26396,14654
99.99182472899997,nodeproxy,4269,0.0,0.0,15964,6801
99.99182472899997,containerd,2398,6.15,4.856643364139034,85176,83855
99.99182472899997,flanneld,3384,0.13,0.0,41972,42280
99.99182472899997,coredns,3910,1.08,0.9713286728278067,67304,67556
101.02556728299999,nodestore,2538,7.38,6.771511894246646,20608,12927
101.02556728299999,nodeapiserver,2859,16.86,14.510382630528525,159356,149524
101.02556728299999,nodescheduler,4085,0.27,0.0,22604,11942
101.02556728299999,nodecontroller,3837,1.65,0.967358842035235,49952,39017
101.02556728299999,nodelet,3227,1.75,1.93471768407047,26396,14654
101.02556728299999,nodeproxy,4269,0.0,0.0,15964,6801
101.02556728299999,containerd,2398,6.17,1.93471768407047,85176,83859
101.02556728299999,flanneld,3384,0.13,0.0,41972,42280
101.02556728299999,coredns,3910,1.09,0.967358842035235,67304,67556
102.03707472299999,nodestore,2538,7.46,7.908987797459977,20608,12927
102.03707472299999,nodeapiserver,2859,17.04,17.795222544284947,159032,149568
102.03707472299999,nodescheduler,4085,0.27,0.0,22604,11970
102.03707472299999,nodecontroller,3837,1.66,0.9886234746824971,50080,39225
102.03707472299999,nodelet,3227,1.76,0.9886234746824971,26396,14654
102.03707472299999,nodeproxy,4269,0.0,0.0,15964,6801
102.03707472299999,containerd,2398,6.24,6.9203643227774805,85176,83907
102.03707472299999,flanneld,3384,0.14,0.9886234746824971,41972,42280
102.03707472299999,coredns,3910,1.1,0.9886234746824971,67304,67556
103.04879783899997,nodestore,2538,7.54,7.907301783939986,20608,12931
103.04879783899997,nodeapiserver,2859,17.21,16.80301629087247,159076,149640
103.04879783899997,nodescheduler,4085,0.27,0.0,22604,11974
103.04879783899997,nodecontroller,3837,1.68,1.9768254459849965,50208,39373
103.04879783899997,nodelet,3227,1.77,0.9884127229924983,26396,14654
103.04879783899997,nodeproxy,4269,0.0,0.0,15964,6801
103.04879783899997,containerd,2398,6.29,4.942063614962491,85176,83915
103.04879783899997,flanneld,3384,0.14,0.0,41972,42280
103.04879783899997,coredns,3910,1.11,0.9884127229924983,67304,67556
104.083537853,nodestore,2538,7.64,9.664263355722309,20480,12931
104.083537853,nodeapiserver,2859,17.47,25.127084724878003,159332,149656
104.083537853,nodescheduler,4085,0.29,1.9328526711444618,22732,11978
104.083537853,nodecontroller,3837,1.73,4.832131677861154,50720,39737
104.083537853,nodelet,3227,1.81,3.8657053422889236,26780,15038
104.083537853,nodeproxy,4269,0.0,0.0,15964,6801
104.083537853,containerd,2398,6.53,23.194232053733543,86200,84830
104.083537853,flanneld,3384,0.14,0.0,41972,42280
104.083537853,coredns,3910,1.13,1.9328526711444618,67304,67556
105.120516339,nodestore,2538,7.74,9.643401608623062,20480,12939
105.120516339,nodeapiserver,2859,17.74,26.03718434328227,159304,149760
105.120516339,nodescheduler,4085,0.3,0.9643401608623062,22732,11810
105.120516339,nodecontroller,3837,1.76,2.893020482586919,50068,38797
105.120516339,nodelet,3227,1.86,4.821700804311531,26524,14646
105.120516339,nodeproxy,4269,0.0,0.0,15964,6801
105.120516339,containerd,2398,6.73,19.286803217246124,87352,86191
105.120516339,flanneld,3384,0.14,0.0,41972,42280
105.120516339,coredns,3910,1.14,0.9643401608623062,67304,67556
106.135251429,nodestore,2538,7.82,7.883831040079728,20480,12939
106.135251429,nodeapiserver,2859,17.93,18.724098720189353,159348,149844
106.135251429,nodescheduler,4085,0.3,0.0,22732,11818
106.135251429,nodecontroller,3837,1.78,1.970957760019932,50068,38805
106.135251429,nodelet,3227,1.87,0.985478880009966,26524,14646
106.135251429,nodeproxy,4269,0.0,0.0,15964,6801
106.135251429,containerd,2398,6.77,3.941915520039864,84512,83350
106.135251429,flanneld,3384,0.14,0.0,41972,42280
106.135251429,coredns,3910,1.14,0.0,67304,67556
107.164551082,nodestore,2538,7.91,8.74380941814999,20480,12943
107.164551082,nodeapiserver,2859,18.09,15.544550076711092,159332,149852
107.164551082,nodescheduler,4085,0.3,0.0,22732,11806
107.164551082,nodecontroller,3837,1.79,0.9715343797944432,50068,38805
107.164551082,nodelet,3227,1.9,2.91460313938333,26652,14666
107.164551082,nodeproxy,4269,0.0,0.0,15964,6801
107.164551082,containerd,2398,6.87,9.715343797944433,84512,83371
107.164551082,flanneld,3384,0.15,0.9715343797944432,41972,42280
107.164551082,coredns,3910,1.16,1.9430687595888865,67304,67556
108.18278118199999,nodestore,2538,7.98,6.874674005414023,20480,12939
108.18278118199999,nodeapiserver,2859,18.26,16.695636870291196,159448,149884
108.18278118199999,nodescheduler,4085,0.3,0.0,22732,11814
108.18278118199999,nodecontroller,3837,1.82,2.946288859463152,50068,38825
108.18278118199999,nodelet,3227,1.91,0.9820962864877175,26652,14702
108.18278118199999,nodeproxy,4269,0.0,0.0,15964,6801
108.18278118199999,containerd,2398,6.94,6.874674005414023,84512,83371
108.18278118199999,flanneld,3384,0.15,0.0,41972,42280
108.18278118199999,coredns,3910,1.17,0.9820962864877175,67304,67564
109.20361912099997,nodestore,2538,8.05,6.857111920093005,20480,12939
109.20361912099997,nodeapiserver,2859,18.38,11.75504900587372,159464,149888
109.20361912099997,nodescheduler,4085,0.3,0.0,22732,11806
109.20361912099997,nodecontroller,3837,1.82,0.0,50068,38825
109.20361912099997,nodelet,3227,1.93,1.9591748343122868,26652,14654
109.20361912099997,nodeproxy,4269,0.0,0.0,15964,6801
109.20361912099997,containerd,2398,6.97,2.93876225146843,84512,83375
109.20361912099997,flanneld,3384,0.15,0.0,41972,42280
109.20361912099997,coredns,3910,1.18,0.9795874171561434,67304,67564
110.21889633,nodestore,2538,8.15,9.849526721720865,20480,12939
110.21889633,nodeapiserver,2859,18.59,20.684006115613816,159608,149976
110.21889633,nodescheduler,4085,0.31,0.9849526721720865,22732,11806
110.21889633,nodecontroller,3837,1.85,2.9548580165162592,50068,38833
110.21889633,nodelet,3227,1.95,1.969905344344173,26652,14666
110.21889633,nodeproxy,4269,0.0,0.0,15964,6801
110.21889633,containerd,2398,7.06,8.864574049548779,83908,82567
110.21889633,flanneld,3384,0.15,0.0,41972,42280
110.21889633,coredns,3910,1.19,0.9849526721720865,67304,67564
111.23203752400002,nodestore,2538,8.22,6.9092047993459715,20480,12931
111.23203752400002,nodeapiserver,2859,18.77,17.76652662688964,159744,150028
111.23203752400002,nodescheduler,4085,0.32,0.9870292570494243,22732,11814
111.23203752400002,nodecontroller,3837,1.87,1.9740585140988487,50068,38833
111.23203752400002,nodelet,3227,1.96,0.9870292570494243,26652,14662
111.23203752400002,nodeproxy,4269,0.0,0.0,15964,6801
111.23203752400002,containerd,2398,7.11,4.9351462852471215,83908,82567
111.23203752400002,flanneld,3384,0.15,0.0,41972,42280
111.23203752400002,coredns,3910,1.2,0.9870292570494243,67304,67564
112.243785479,nodestore,2538,8.3,7.907107655088062,20480,12931
112.243785479,nodeapiserver,2859,18.91,13.83743839640411,159744,150028
112.243785479,nodescheduler,4085,0.32,0.0,22732,11806
112.243785479,nodecontroller,3837,1.88,0.9883884568860077,50068,38833
112.243785479,nodelet,3227,1.97,0.9883884568860077,26652,14662
112.243785479,nodeproxy,4269,0.0,0.0,15964,6801
112.243785479,containerd,2398,7.16,4.941942284430039,83908,82567
112.243785479,flanneld,3384,0.15,0.0,41972,42280
112.243785479,coredns,3910,1.22,1.9767769137720155,67304,67564
113.25579309599999,nodestore,2538,8.37,6.916943985808001,20480,12939
113.25579309599999,nodeapiserver,2859,19.09,17.786427392077716,159724,150104
113.25579309599999,nodescheduler,4085,0.32,0.0,22732,11806
113.25579309599999,nodecontroller,3837,1.9,1.9762697102308573,50068,38841
113.25579309599999,nodelet,3227,2.0,2.964404565346286,26652,14662
113.25579309599999,nodeproxy,4269,0.0,0.0,15964,6801
113.25579309599999,containerd,2398,7.25,8.893213696038858,83908,82563
113.25579309599999,flanneld,3384,0.15,0.0,41972,42280
113.25579309599999,coredns,3910,1.23,0.9881348551154286,67304,67564
114.269611376,nodestore,2538,8.46,8.877330560660157,20480,12939
114.269611376,nodeapiserver,2859,19.28,18.741031183615885,159784,150156
114.269611376,nodescheduler,4085,0.32,0.0,22732,11814
114.269611376,nodecontroller,3837,1.91,0.986370062295573,50068,38841
114.269611376,nodelet,3227,2.0,0.0,26652,14662
114.269611376,nodeproxy,4269,0.0,0.0,15964,6801
114.269611376,containerd,2398,7.29,3.945480249182292,83908,82554
114.269611376,flanneld,3384,0.15,0.0,41972,42280
114.269611376,coredns,3910,1.23,0.0,67304,67564
115.29378954999999,nodestore,2538,8.54,7.8111408767436945,20480,12939
115.29378954999999,nodeapiserver,2859,19.44,15.622281753487389,159784,150156
115.29378954999999,nodescheduler,4085,0.32,0.0,22732,11806
115.29378954999999,nodecontroller,3837,1.92,0.9763926095929618,50068,38841
115.29378954999999,nodelet,3227,2.02,1.9527852191859236,26652,14670
115.29378954999999,nodeproxy,4269,0.0,0.0,15964,6801
115.29378954999999,containerd,2398,7.34,4.881963047964809,83908,82555
115.29378954999999,flanneld,3384,0.15,0.0,41972,42280
115.29378954999999,coredns,3910,1.25,1.9527852191859236,67304,67564
116.30912353299999,nodestore,2538,8.63,8.864078372918948,20480,12939
116.30912353299999,nodeapiserver,2859,19.64,19.697951939819887,159888,150220
116.30912353299999,nodescheduler,4085,0.33,0.9848975969909943,22732,11806
116.30912353299999,nodecontroller,3837,1.95,2.9546927909729828,50068,38845
116.30912353299999,nodelet,3227,2.05,2.9546927909729828,26652,14662
116.30912353299999,nodeproxy,4269,0.0,0.0,15964,6801
116.30912353299999,containerd,2398,7.45,10.833873566900937,83908,82547
116.30912353299999,flanneld,3384,0.15,0.0,41972,42280
116.30912353299999,coredns,3910,1.25,0.0,67304,67564
117.32072846399996,nodestore,2538,8.71,7.908225587722322,20480,12939
117.32072846399996,nodeapiserver,2859,19.8,15.816451175444644,160028,150292
117.32072846399996,nodescheduler,4085,0.33,0.0,22732,11814
117.32072846399996,nodecontroller,3837,1.96,0.9885281984652903,50068,38849
117.32072846399996,nodelet,3227,2.05,0.0,26644,14678
117.32072846399996,nodeproxy,4269,0.0,0.0,15964,6801
117.32072846399996,containerd,2398,7.48,2.965584595395871,83908,82538
117.32072846399996,flanneld,3384,0.16,0.9885281984652903,41972,42280
117.32072846399996,coredns,3910,1.26,0.9885281984652903,67304,67572
118.34547730599996,nodestore,2538,8.78,6.830942093418774,20480,12939
118.34547730599996,nodeapiserver,2859,19.95,14.637733057325944,160028,150312
118.34547730599996,nodescheduler,4085,0.33,0.0,22732,11806
118.34547730599996,nodecontroller,3837,1.97,0.9758488704883963,50068,38849
118.34547730599996,nodelet,3227,2.08,2.9275466114651887,26644,14670
118.34547730599996,nodeproxy,4269,0.0,0.0,15964,6801
118.34547730599996,containerd,2398,7.56,7.80679096390717,83908,82547
118.34547730599996,flanneld,3384,0.16,0.0,41972,42280
118.34547730599996,coredns,3910,1.28,1.9516977409767926,67304,67572
119.35662708399997,nodestore,2538,8.86,7.911785349766424,20480,12939
119.35662708399997,nodeapiserver,2859,20.11,15.823570699532848,159904,150368
119.35662708399997,nodescheduler,4085,0.33,0.0,22732,11810
119.35662708399997,nodecontroller,3837,1.99,1.977946337441606,50068,38853
119.35662708399997,nodelet,3227,2.1,1.977946337441606,26644,14678
119.35662708399997,nodeproxy,4269,0.0,0.0,15964,6801
119.35662708399997,containerd,2398,7.63,6.922812181045622,83908,82539
119.35662708399997,flanneld,3384,0.16,0.0,41972,42280
119.35662708399997,coredns,3910,1.29,0.988973168720803,67304,67572
120.36904817800001,nodestore,2538,8.93,6.914119077016859,20480,12939
120.36904817800001,nodeapiserver,2859,20.25,13.828238154033718,159828,150368
120.36904817800001,nodescheduler,4085,0.33,0.0,22732,11806
120.36904817800001,nodecontroller,3837,2.0,0.987731296716694,50068,38853
120.36904817800001,nodelet,3227,2.1,0.0,26644,14682
120.36904817800001,nodeproxy,4269,0.0,0.0,15964,6801
120.36904817800001,containerd,2398,7.65,1.975462593433388,83908,82539
120.36904817800001,flanneld,3384,0.16,0.0,41972,42280
120.36904817800001,coredns,3910,1.3,0.987731296716694,67304,67580
121.38100633799996,nodestore,2538,9.02,8.893648330283192,20348,12939
121.38100633799996,nodeapiserver,2859,20.43,17.787296660566383,159900,150424
121.38100633799996,nodescheduler,4085,0.34,0.9881831478092437,22732,11806
121.38100633799996,nodecontroller,3837,2.03,2.964549443427731,50068,38853
121.38100633799996,nodelet,3227,2.13,2.964549443427731,26456,14610
121.38100633799996,nodeproxy,4269,0.0,0.0,15964,6801
121.38100633799996,containerd,2398,7.75,9.881831478092437,83908,82547
121.38100633799996,flanneld,3384,0.16,0.0,41972,42280
121.38100633799996,coredns,3910,1.31,0.9881831478092437,67304,67580
122.40973919799995,nodestore,2538,9.13,10.692766244484595,20348,12935
122.40973919799995,nodeapiserver,2859,20.63,19.44139317179017,160088,150540
122.40973919799995,nodescheduler,4085,0.34,0.0,22732,11818
122.40973919799995,nodecontroller,3837,2.05,1.9441393171790173,50068,38885
122.40973919799995,nodelet,3227,2.14,0.9720696585895087,26456,14562
122.40973919799995,nodeproxy,4269,0.0,0.0,15964,6801
122.40973919799995,containerd,2398,7.81,5.832417951537051,83908,82547
122.40973919799995,flanneld,3384,0.16,0.0,41972,42280
122.40973919799995,coredns,3910,1.32,0.9720696585895087,67304,67580
123.42367617300005,nodestore,2538,9.2,6.903782160621337,20348,12935
123.42367617300005,nodeapiserver,2859,20.75,11.83505513249372,160088,150540
123.42367617300005,nodescheduler,4085,0.34,0.0,22732,11810
123.42367617300005,nodecontroller,3837,2.06,0.9862545943744767,50068,38885
123.42367617300005,nodelet,3227,2.16,1.9725091887489534,26456,14594
123.42367617300005,nodeproxy,4269,0.0,0.0,15964,6801
123.42367617300005,containerd,2398,7.84,2.95876378312343,83908,82547
123.42367617300005,flanneld,3384,0.17,0.9862545943744767,41972,42280
123.42367617300005,coredns,3910,1.34,1.9725091887489534,67304,67584
124.43630104100004,nodestore,2538,9.29,8.887792789224783,20348,12943
124.43630104100004,nodeapiserver,2859,20.96,20.738183174857827,160132,150544
124.43630104100004,nodescheduler,4085,0.35,0.987532532136087,22732,11810
124.43630104100004,nodecontroller,3837,2.07,0.987532532136087,50068,38885
124.43630104100004,nodelet,3227,2.18,1.975065064272174,26456,14614
124.43630104100004,nodeproxy,4269,0.0,0.0,15964,6801
124.43630104100004,containerd,2398,7.94,9.87532532136087,83908,82551
124.43630104100004,flanneld,3384,0.17,0.0,41972,42280
124.43630104100004,coredns,3910,1.35,0.987532532136087,67304,67584
125.44988558300003,nodestore,2538,9.36,6.906182671440221,20476,12943
125.44988558300003,nodeapiserver,2859,21.12,15.78556039186336,160308,150640
125.44988558300003,nodescheduler,4085,0.36,0.98659752449146,22732,11818
125.44988558300003,nodecontroller,3837,2.09,1.97319504898292,50068,38885
125.44988558300003,nodelet,3227,2.19,0.98659752449146,26456,14610
125.44988558300003,nodeproxy,4269,0.0,0.0,15964,6801
125.44988558300003,containerd,2398,7.97,2.95979257347438,83908,82542
125.44988558300003,flanneld,3384,0.17,0.0,41972,42280
125.44988558300003,coredns,3910,1.36,0.98659752449146,67304,67584
126.47130653699998,nodestore,2538,9.45,8.81125452219814,20476,12943
126.47130653699998,nodeapiserver,2859,21.28,15.664452483907807,160308,150640
126.47130653699998,nodescheduler,4085,0.36,0.0,22732,11810
126.47130653699998,nodecontroller,3837,2.11,1.9580565604884759,50068,38885
126.47130653699998,nodelet,3227,2.21,1.9580565604884759,26456,14614
126.47130653699998,nodeproxy,4269,0.0,0.0,15964,6801
126.47130653699998,containerd,2398,8.06,8.81125452219814,83908,82551
126.47130653699998,flanneld,3384,0.17,0.0,41972,42280
126.47130653699998,coredns,3910,1.37,0.9790282802442379,67304,67584
127.48022297699998,nodestore,2538,9.54,8.92046124255834,20476,12923
127.48022297699998,nodeapiserver,2859,21.48,19.823247205685195,160424,150720
127.48022297699998,nodescheduler,4085,0.36,0.0,22732,11810
127.48022297699998,nodecontroller,3837,2.13,1.9823247205685197,50068,38885
127.48022297699998,nodelet,3227,2.23,1.9823247205685197,26424,14650
127.48022297699998,nodeproxy,4269,0.0,0.0,15964,6801
127.48022297699998,containerd,2398,8.14,7.929298882274079,83908,82591
127.48022297699998,flanneld,3384,0.17,0.0,41972,42280
127.48022297699998,coredns,3910,1.38,0.9911623602842599,67304,67584
128.49507931099998,nodestore,2538,9.61,6.8975280199610935,20476,12927
128.49507931099998,nodeapiserver,2859,21.64,15.765778331339641,160236,150740
128.49507931099998,nodescheduler,4085,0.36,0.0,22732,11810
128.49507931099998,nodecontroller,3837,2.14,0.9853611457087276,49240,37841
128.49507931099998,nodelet,3227,2.24,0.9853611457087276,26424,14650
128.49507931099998,nodeproxy,4269,0.0,0.0,15964,6801
128.49507931099998,containerd,2398,8.16,1.9707222914174551,83908,82591
128.49507931099998,flanneld,3384,0.17,0.0,41972,42280
128.49507931099998,coredns,3910,1.39,0.9853611457087276,67304,67584
129.51178721699995,nodestore,2538,9.7,8.85209994619665,20604,12943
129.51178721699995,nodeapiserver,2859,21.81,16.720633231704785,160188,150684
129.51178721699995,nodescheduler,4085,0.36,0.0,22732,11818
129.51178721699995,nodecontroller,3837,2.16,1.9671333213770335,49112,37885
129.51178721699995,nodelet,3227,2.26,1.9671333213770335,26424,14642
129.51178721699995,nodeproxy,4269,0.0,0.0,15964,6801
129.51178721699995,containerd,2398,8.23,6.884966624819618,83908,82599
129.51178721699995,flanneld,3384,0.17,0.0,41972,42280
129.51178721699995,coredns,3910,1.41,1.9671333213770335,67304,67584
130.52423425,nodestore,2538,9.79,8.889353918428133,20604,12943
130.52423425,nodeapiserver,2859,21.98,16.79100184591981,160440,150752
130.52423425,nodescheduler,4085,0.36,0.0,22732,11826
130.52423425,nodecontroller,3837,2.17,0.9877059909364593,49240,37977
130.52423425,nodelet,3227,2.28,1.9754119818729186,26424,14642
130.52423425,nodeproxy,4269,0.0,0.0,15964,6801
130.52423425,containerd,2398,8.29,5.926235945618755,83908,82599
130.52423425,flanneld,3384,0.17,0.0,41972,42280
130.52423425,coredns,3910,1.41,0.0,67304,67584
131.53493679000002,nodestore,2538,9.86,6.9258755399980725,20604,12935
131.53493679000002,nodeapiserver,2859,22.1,11.872929497139552,160440,150752
131.53493679000002,nodescheduler,4085,0.36,0.0,22732,11826
131.53493679000002,nodecontroller,3837,2.19,1.978821582856592,49240,37977
131.53493679000002,nodelet,3227,2.28,0.0,26424,14642
131.53493679000002,nodeproxy,4269,0.0,0.0,15964,6801
131.53493679000002,containerd,2398,8.29,0.0,83908,82599
131.53493679000002,flanneld,3384,0.17,0.0,41972,42280
131.53493679000002,coredns,3910,1.42,0.989410791428296,67304,67584
132.55103898700003,nodestore,2538,9.94,7.873223799357583,20604,12935
132.55103898700003,nodeapiserver,2859,22.29,18.69890652347426,160428,150800
132.55103898700003,nodescheduler,4085,0.36,0.0,22732,11834
132.55103898700003,nodecontroller,3837,2.2,0.9841529749196979,49368,38157
132.55103898700003,nodelet,3227,2.3,1.9683059498393958,26424,14642
132.55103898700003,nodeproxy,4269,0.0,0.0,15964,6801
132.55103898700003,containerd,2398,8.36,6.889070824437886,83908,82591
132.55103898700003,flanneld,3384,0.18,0.9841529749196979,41972,42280
132.55103898700003,coredns,3910,1.44,1.9683059498393958,67304,67584
133.57045649100002,nodestore,2538,10.03,8.828571183725815,20732,12935
133.57045649100002,nodeapiserver,2859,22.45,15.695237659957005,160440,150848
133.57045649100002,nodescheduler,4085,0.37,0.9809523537473128,22732,11850
133.57045649100002,nodecontroller,3837,2.21,0.9809523537473128,49496,38309
133.57045649100002,nodelet,3227,2.32,1.9619047074946256,26424,14642
133.57045649100002,nodeproxy,4269,0.0,0.0,15964,6801
133.57045649100002,containerd,2398,8.43,6.866666476231191,83908,82583
133.57045649100002,flanneld,3384,0.18,0.0,41972,42280
133.57045649100002,coredns,3910,1.45,0.9809523537473128,67304,67584
134.585800797,nodestore,2538,10.1,6.894213084797835,20732,12935
134.585800797,nodeapiserver,2859,22.58,12.80353858605312,160440,150848
134.585800797,nodescheduler,4085,0.38,0.9848875835425477,22732,11850
134.585800797,nodecontroller,3837,2.22,0.9848875835425477,49496,38317
134.585800797,nodelet,3227,2.33,0.9848875835425477,26424,14642
134.585800797,nodeproxy,4269,0.0,0.0,15964,6801
134.585800797,containerd,2398,8.43,0.0,83908,82583
134.585800797,flanneld,3384,0.18,0.0,41972,42280
134.585800797,coredns,3910,1.45,0.0,67304,67584
135.601818606,nodestore,2538,10.18,7.8738777304246685,20732,12935
135.601818606,nodeapiserver,2859,22.74,15.747755460849337,160492,150896
135.601818606,nodescheduler,4085,0.38,0.0,22732,11878
135.601818606,nodecontroller,3837,2.23,0.9842347163030836,49624,38373
135.601818606,nodelet,3227,2.35,1.9684694326061671,26424,14642
135.601818606,nodeproxy,4269,0.0,0.0,15964,6801
135.601818606,containerd,2398,8.49,5.905408297818502,83908,82579
135.601818606,flanneld,3384,0.18,0.0,41972,42280
135.601818606,coredns,3910,1.47,1.9684694326061671,67304,67584
136.619847311,nodestore,2538,10.28,9.822905730344745,20732,12935
136.619847311,nodeapiserver,2859,22.93,18.663520887655014,160564,151000
136.619847311,nodescheduler,4085,0.38,0.0,22732,11898
136.619847311,nodecontroller,3837,2.24,0.9822905730344745,49624,38425
136.619847311,nodelet,3227,2.36,0.9822905730344745,26424,14642
136.619847311,nodeproxy,4269,0.0,0.0,15964,6801
136.619847311,containerd,2398,8.55,5.893743438206847,83908,82570
136.619847311,flanneld,3384,0.19,0.9822905730344745,41972,42280
136.619847311,coredns,3910,1.48,0.9822905730344745,67304,67584
137.638821233,nodestore,2538,10.35,6.869655688794059,20732,12935
137.638821233,nodeapiserver,2859,23.07,13.739311377588118,160716,151036
137.638821233,nodescheduler,4085,0.38,0.0,22732,11898
137.638821233,nodecontroller,3837,2.25,0.9813793841134368,49624,38397
137.638821233,nodelet,3227,2.37,0.9813793841134368,26396,14614
137.638821233,nodeproxy,4269,0.0,0.0,15964,6801
137.638821233,containerd,2398,8.59,3.9255175364537473,83908,82587
137.638821233,flanneld,3384,0.19,0.0,41972,42280
137.638821233,coredns,3910,1.49,0.9813793841134368,67304,67584
138.66495830599996,nodestore,2538,10.44,8.7707580564144,20732,12943
138.66495830599996,nodeapiserver,2859,23.24,16.566987439893865,160544,151092
138.66495830599996,nodescheduler,4085,0.38,0.0,22732,11906
138.66495830599996,nodecontroller,3837,2.28,2.9235860188047997,49624,38493
138.66495830599996,nodelet,3227,2.4,2.9235860188047997,26396,14642
138.66495830599996,nodeproxy,4269,0.0,0.0,15964,6801
138.66495830599996,containerd,2398,8.65,5.8471720376095995,83908,82595
138.66495830599996,flanneld,3384,0.19,0.0,41804,42052
138.66495830599996,coredns,3910,1.5,0.9745286729349333,67304,67584
139.68739224799998,nodestore,2538,10.51,6.846408078263759,20728,12943
139.68739224799998,nodeapiserver,2859,23.4,15.648932750317162,160568,151116
139.68739224799998,nodescheduler,4085,0.39,0.9780582968948226,22732,11910
139.68739224799998,nodecontroller,3837,2.29,0.9780582968948226,49624,38581
139.68739224799998,nodelet,3227,2.41,0.9780582968948226,26396,14642
139.68739224799998,nodeproxy,4269,0.0,0.0,15964,6801
139.68739224799998,containerd,2398,8.68,2.934174890684468,84036,82806
139.68739224799998,flanneld,3384,0.19,0.0,41804,42052
139.68739224799998,coredns,3910,1.51,0.9780582968948226,67304,67584
140.70077906399996,nodestore,2538,10.6,8.881110211720165,20728,12943
140.70077906399996,nodeapiserver,2859,23.54,13.815060329342481,160568,151100
140.70077906399996,nodescheduler,4085,0.39,0.0,22732,11906
140.70077906399996,nodecontroller,3837,2.3,0.9867900235244628,49624,38613
140.70077906399996,nodelet,3227,2.43,1.9735800470489255,26396,14614
140.70077906399996,nodeproxy,4269,0.0,0.0,15964,6801
140.70077906399996,containerd,2398,8.74,5.920740141146777,84292,83083
140.70077906399996,flanneld,3384,0.19,0.0,41804,42052
140.70077906399996,coredns,3910,1.51,0.0,67304,67584
141.71058111400004,nodestore,2538,10.68,7.922344780345218,20728,12943
141.71058111400004,nodeapiserver,2859,23.72,17.82527575577674,160808,151196
141.71058111400004,nodescheduler,4085,0.39,0.0,22732,11934
141.71058111400004,nodecontroller,3837,2.32,1.9805861950863044,49752,38749
141.71058111400004,nodelet,3227,2.44,0.9902930975431522,26396,14618
141.71058111400004,nodeproxy,4269,0.0,0.0,15964,6801
141.71058111400004,containerd,2398,8.79,4.951465487715761,84292,83143
141.71058111400004,flanneld,3384,0.19,0.0,41804,42052
141.71058111400004,coredns,3910,1.53,1.9805861950863044,67304,67584
142.72121019499997,nodestore,2538,10.77,8.90534437332364,20728,12943
142.72121019499997,nodeapiserver,2859,23.87,14.842240622206067,161060,151456
142.72121019499997,nodescheduler,4085,0.39,0.0,22732,11934
142.72121019499997,nodecontroller,3837,2.32,0.0,49752,38749
142.72121019499997,nodelet,3227,2.44,0.0,26396,14618
142.72121019499997,nodeproxy,4269,0.0,0.0,15964,6801
142.72121019499997,containerd,2398,8.8,0.9894827081470711,84292,83143
142.72121019499997,flanneld,3384,0.2,0.9894827081470711,41804,42052
142.72121019499997,coredns,3910,1.54,0.9894827081470711,67304,67584
143.77098952900002,nodestore,2538,10.84,6.668068015139331,20728,12943
143.77098952900002,nodeapiserver,2859,24.03,15.241298320318467,160884,151248
143.77098952900002,nodescheduler,4085,0.39,0.0,22732,11954
143.77098952900002,nodecontroller,3837,2.34,1.9051622900398084,49752,38909
143.77098952900002,nodelet,3227,2.47,2.857743435059713,26396,14622
143.77098952900002,nodeproxy,4269,0.0,0.0,15964,6801
143.77098952900002,containerd,2398,8.87,6.668068015139331,84292,83139
143.77098952900002,flanneld,3384,0.2,0.0,41804,42052
143.77098952900002,coredns,3910,1.55,0.9525811450199042,67304,67584
144.78278562999998,nodestore,2538,10.93,8.895072822582822,20712,12923
144.78278562999998,nodeapiserver,2859,24.19,15.813462795702796,160804,151344
144.78278562999998,nodescheduler,4085,0.39,0.0,22732,11966
144.78278562999998,nodecontroller,3837,2.35,0.9883414247314247,50008,39109
144.78278562999998,nodelet,3227,2.49,1.9766828494628494,26396,14622
144.78278562999998,nodeproxy,4269,0.0,0.0,15964,6801
144.78278562999998,containerd,2398,8.93,5.930048548388548,84292,83143
144.78278562999998,flanneld,3384,0.2,0.0,41804,42052
144.78278562999998,coredns,3910,1.55,0.0,67304,67584
145.79979333299997,nodestore,2538,11.01,7.866213772424177,20712,12915
145.79979333299997,nodeapiserver,2859,24.3,10.816043937083244,160804,151344
145.79979333299997,nodescheduler,4085,0.39,0.0,22732,11966
145.79979333299997,nodecontroller,3837,2.36,0.9832767215530221,50008,39117
145.79979333299997,nodelet,3227,2.49,0.0,26396,14622
145.79979333299997,nodeproxy,4269,0.0,0.0,15964,6801
145.79979333299997,containerd,2398,8.93,0.0,84292,83143
145.79979333299997,flanneld,3384,0.2,0.0,41804,42052
145.79979333299997,coredns,3910,1.57,1.9665534431060443,67304,67584
146.81918432000003,nodestore,2538,11.1,8.828800837729423,20712,12935
146.81918432000003,nodeapiserver,2859,24.49,18.638579546317672,160928,151408
146.81918432000003,nodescheduler,4085,0.4,0.9809778708588248,22732,11994
146.81918432000003,nodecontroller,3837,2.38,1.9619557417176496,50136,39301
146.81918432000003,nodelet,3227,2.51,1.9619557417176496,26396,14598
146.81918432000003,nodeproxy,4269,0.0,0.0,15964,6801
146.81918432000003,containerd,2398,9.01,7.8478229668705985,85060,83731
146.81918432000003,flanneld,3384,0.2,0.0,41804,42052
146.81918432000003,coredns,3910,1.58,0.9809778708588248,67304,67584
147.83680297799998,nodestore,2538,11.18,7.861491077338736,20712,12943
147.83680297799998,nodeapiserver,2859,24.69,19.65372769334684,161204,151508
147.83680297799998,nodescheduler,4085,0.4,0.0,22732,11998
147.83680297799998,nodecontroller,3837,2.4,1.965372769334684,50392,39489
147.83680297799998,nodelet,3227,2.54,2.948059154002026,26472,14630
147.83680297799998,nodeproxy,4269,0.0,0.0,15964,6801
147.83680297799998,containerd,2398,9.09,7.861491077338736,85444,84150
147.83680297799998,flanneld,3384,0.2,0.0,41804,42052
147.83680297799998,coredns,3910,1.59,0.982686384667342,67304,67584
148.85448661200002,nodestore,2538,11.27,8.843612788215163,20712,12943
148.85448661200002,nodeapiserver,2859,24.82,12.774107360755234,161204,151520
148.85448661200002,nodescheduler,4085,0.4,0.0,22732,11998
148.85448661200002,nodecontroller,3837,2.41,0.982623643135018,50392,39505
148.85448661200002,nodelet,3227,2.54,0.0,26472,14646
148.85448661200002,nodeproxy,4269,0.0,0.0,15964,6801
148.85448661200002,containerd,2398,9.1,0.982623643135018,85572,84219
148.85448661200002,flanneld,3384,0.21,0.982623643135018,41804,42052
148.85448661200002,coredns,3910,1.6,0.982623643135018,67304,67592
149.87153816300003,nodestore,2538,11.37,9.832343296824602,20580,12943
149.87153816300003,nodeapiserver,2859,25.09,26.547326901426427,161172,151560
149.87153816300003,nodescheduler,4085,0.41,0.9832343296824602,22732,12010
149.87153816300003,nodecontroller,3837,2.46,4.916171648412301,51032,39957
149.87153816300003,nodelet,3227,2.58,3.9329373187298406,26856,15086
149.87153816300003,nodeproxy,4269,0.0,0.0,15964,6801
149.87153816300003,containerd,2398,9.27,16.714983604601823,86340,85220
149.87153816300003,flanneld,3384,0.21,0.0,41804,42052
149.87153816300003,coredns,3910,1.61,0.9832343296824602,67304,67592
150.895691817,nodestore,2538,11.45,7.811327888891369,20580,12943
150.895691817,nodeapiserver,2859,25.31,21.481151694451263,161172,151736
150.895691817,nodescheduler,4085,0.42,0.9764159861114211,22732,11862
150.895691817,nodecontroller,3837,2.49,2.929247958334263,50152,38957
150.895691817,nodelet,3227,2.63,4.882079930557105,26720,14966
150.895691817,nodeproxy,4269,0.0,0.0,15964,6801
150.895691817,containerd,2398,9.51,23.433983666674106,88644,87283
150.895691817,flanneld,3384,0.21,0.0,41804,42052
150.895691817,coredns,3910,1.62,0.9764159861114211,67304,67592
151.90697326100002,nodestore,2538,11.54,8.899599664759426,20452,12947
151.90697326100002,nodeapiserver,2859,25.5,18.788043736714343,161436,151840
151.90697326100002,nodescheduler,4085,0.42,0.0,22732,11802
151.90697326100002,nodecontroller,3837,2.51,1.9776888143909837,50152,38941
151.90697326100002,nodelet,3227,2.65,1.9776888143909837,26720,14970
151.90697326100002,nodeproxy,4269,0.0,0.0,15964,6801
151.90697326100002,containerd,2398,9.6,8.899599664759426,85264,83879
151.90697326100002,flanneld,3384,0.21,0.0,41804,42052
151.90697326100002,coredns,3910,1.63,0.9888444071954918,67304,67596
152.92744325500001,nodestore,2538,11.63,8.819465592243606,20452,12943
152.92744325500001,nodeapiserver,2859,25.68,17.638931184487213,161592,151996
152.92744325500001,nodescheduler,4085,0.42,0.0,22732,11810
152.92744325500001,nodecontroller,3837,2.52,0.9799406213604007,50152,38941
152.92744325500001,nodelet,3227,2.66,0.9799406213604007,26720,14970
152.92744325500001,nodeproxy,4269,0.0,0.0,15964,6801
152.92744325500001,containerd,2398,9.64,3.919762485441603,85264,83883
152.92744325500001,flanneld,3384,0.21,0.0,41804,42052
152.92744325500001,coredns,3910,1.64,0.9799406213604007,67304,67596
153.953114804,nodestore,2538,11.72,8.7747388613586,20452,12943
153.953114804,nodeapiserver,2859,25.86,17.5494777227172,161668,151996
153.953114804,nodescheduler,4085,0.43,0.9749709845953999,22732,11802
153.953114804,nodecontroller,3837,2.54,1.9499419691907998,50152,38933
153.953114804,nodelet,3227,2.68,1.9499419691907998,26720,14970
153.953114804,nodeproxy,4269,0.0,0.0,15964,6801
153.953114804,containerd,2398,9.71,6.8247968921678,84840,83399
153.953114804,flanneld,3384,0.21,0.0,41804,42052
153.953114804,coredns,3910,1.65,0.9749709845953999,67304,67600
154.966695571,nodestore,2538,11.81,8.879410790950745,20452,12943
154.966695571,nodeapiserver,2859,26.06,19.732023979890542,161724,152204
154.966695571,nodescheduler,4085,0.43,0.0,22732,11802
154.966695571,nodecontroller,3837,2.56,1.9732023979890543,50152,38957
154.966695571,nodelet,3227,2.7,1.9732023979890543,26720,14970
154.966695571,nodeproxy,4269,0.0,0.0,15964,6801
154.966695571,containerd,2398,9.79,7.892809591956217,84840,83399
154.966695571,flanneld,3384,0.21,0.0,41804,42052
154.966695571,coredns,3910,1.66,0.9866011989945271,67304,67608
155.98179103800004,nodestore,2538,11.89,7.881032139413253,20452,12943
155.98179103800004,nodeapiserver,2859,26.21,14.77693526139985,163136,152260
155.98179103800004,nodescheduler,4085,0.43,0.0,22732,11810
155.98179103800004,nodecontroller,3837,2.57,0.9851290174266566,50152,38957
155.98179103800004,nodelet,3227,2.71,0.9851290174266566,26720,14970
155.98179103800004,nodeproxy,4269,0.0,0.0,15964,6801
155.98179103800004,containerd,2398,9.82,2.95538705227997,84840,83399
155.98179103800004,flanneld,3384,0.21,0.0,41804,42052
155.98179103800004,coredns,3910,1.67,0.9851290174266566,67304,67608
157.01010674399998,nodestore,2538,11.99,9.724639954104275,20452,12943
157.01010674399998,nodeapiserver,2859,26.4,18.476815912798124,162008,152264
157.01010674399998,nodescheduler,4085,0.43,0.0,22732,11802
157.01010674399998,nodecontroller,3837,2.59,1.944927990820855,50152,38957
157.01010674399998,nodelet,3227,2.73,1.944927990820855,26720,14954
157.01010674399998,nodeproxy,4269,0.0,0.0,15964,6801
157.01010674399998,containerd,2398,9.91,8.752175958693847,84840,83391
157.01010674399998,flanneld,3384,0.21,0.0,41804,42052
157.01010674399998,coredns,3910,1.68,0.9724639954104275,67304,67608
158.02248555,nodestore,2538,12.07,7.902180441339543,20452,12943
158.02248555,nodeapiserver,2859,26.6,19.755451103348857,162208,152436
158.02248555,nodescheduler,4085,0.44,0.9877725551674429,22732,11810
158.02248555,nodecontroller,3837,2.61,1.9755451103348858,50152,38881
158.02248555,nodelet,3227,2.76,2.963317665502329,26840,15074
158.02248555,nodeproxy,4269,0.0,0.0,15964,6801
158.02248555,containerd,2398,10.01,9.877725551674429,84440,82946
158.02248555,flanneld,3384,0.21,0.0,41804,42052
158.02248555,coredns,3910,1.7,1.9755451103348858,67304,67616
159.040635088,nodestore,2538,12.15,7.857391965933484,20452,12943
159.040635088,nodeapiserver,2859,26.74,13.750435940383598,162196,152448
159.040635088,nodescheduler,4085,0.44,0.0,22732,11802
159.040635088,nodecontroller,3837,2.62,0.9821739957416855,50152,38853
159.040635088,nodelet,3227,2.76,0.0,26840,15042
159.040635088,nodeproxy,4269,0.0,0.0,15964,6801
159.040635088,containerd,2398,10.02,0.9821739957416855,84440,82947
159.040635088,flanneld,3384,0.21,0.0,41804,42052
159.040635088,coredns,3910,1.71,0.9821739957416855,67304,67616
160.05186866900004,nodestore,2538,12.24,8.900020894380784,20452,12943
160.05186866900004,nodeapiserver,2859,26.93,18.78893299924832,162184,152448
160.05186866900004,nodescheduler,4085,0.44,0.0,22732,11802
160.05186866900004,nodecontroller,3837,2.64,1.9777824209735075,50152,38829
160.05186866900004,nodelet,3227,2.79,2.966673631460261,26840,15018
160.05186866900004,nodeproxy,4269,0.0,0.0,15964,6801
160.05186866900004,containerd,2398,10.1,7.91112968389403,84440,82939
160.05186866900004,flanneld,3384,0.21,0.0,41804,42052
160.05186866900004,coredns,3910,1.73,1.9777824209735075,67304,67616
161.06186278900003,nodestore,2538,12.33,8.910942966677975,20452,12943
161.06186278900003,nodeapiserver,2859,27.1,16.83178115928062,162164,152520
161.06186278900003,nodescheduler,4085,0.45,0.9901047740753306,22732,11810
161.06186278900003,nodecontroller,3837,2.67,2.970314322225992,50152,38837
161.06186278900003,nodelet,3227,2.81,1.9802095481506612,26840,15018
161.06186278900003,nodeproxy,4269,0.0,0.0,15964,6801
161.06186278900003,containerd,2398,10.16,5.940628644451984,84440,82935
161.06186278900003,flanneld,3384,0.21,0.0,41804,42052
161.06186278900003,coredns,3910,1.73,0.0,67304,67616
162.08072477399998,nodestore,2538,12.41,7.851897624780298,20452,12947
162.08072477399998,nodeapiserver,2859,27.24,13.740820843365523,162164,152520
162.08072477399998,nodescheduler,4085,0.45,0.0,22732,11802
162.08072477399998,nodecontroller,3837,2.67,0.0,50152,38829
162.08072477399998,nodelet,3227,2.81,0.0,26840,14954
162.08072477399998,nodeproxy,4269,0.0,0.0,15964,6801
162.08072477399998,containerd,2398,10.2,3.925948812390149,84440,82935
162.08072477399998,flanneld,3384,0.22,0.9814872030975372,41804,42052
162.08072477399998,coredns,3910,1.74,0.9814872030975372,67304,67616
163.091387107,nodestore,2538,12.5,8.905051376837802,20452,12923
163.091387107,nodeapiserver,2859,27.42,17.810102753675604,162228,152596
163.091387107,nodescheduler,4085,0.46,0.989450152981978,22732,11802
163.091387107,nodecontroller,3837,2.7,2.968350458945934,50152,38829
163.091387107,nodelet,3227,2.84,2.968350458945934,26840,14998
163.091387107,nodeproxy,4269,0.0,0.0,15964,6801
163.091387107,containerd,2398,10.28,7.915601223855824,84440,82931
163.091387107,flanneld,3384,0.22,0.0,41804,42052
163.091387107,coredns,3910,1.75,0.989450152981978,67304,67616
164.109343722,nodestore,2538,12.59,8.841241235020586,20580,12943
164.109343722,nodeapiserver,2859,27.59,16.70012233281666,162096,152696
164.109343722,nodescheduler,4085,0.46,0.0,22732,11814
164.109343722,nodecontroller,3837,2.71,0.9823601372245095,50152,38833
164.109343722,nodelet,3227,2.86,1.964720274449019,26840,14994
164.109343722,nodeproxy,4269,0.0,0.0,15964,6801
164.109343722,containerd,2398,10.35,6.876520960571568,84124,82571
164.109343722,flanneld,3384,0.22,0.0,41804,42052
164.109343722,coredns,3910,1.76,0.9823601372245095,67304,67616
165.12858925100005,nodestore,2538,12.67,7.848942941009109,20580,12951
165.12858925100005,nodeapiserver,2859,27.74,14.716768014392079,162096,152700
165.12858925100005,nodescheduler,4085,0.46,0.0,22604,11806
165.12858925100005,nodecontroller,3837,2.72,0.9811178676261386,50152,38833
165.12858925100005,nodelet,3227,2.87,0.9811178676261386,26840,14998
165.12858925100005,nodeproxy,4269,0.0,0.0,15964,6801
165.12858925100005,containerd,2398,10.39,3.9244714705045545,84124,82575
165.12858925100005,flanneld,3384,0.22,0.0,41804,42052
165.12858925100005,coredns,3910,1.77,0.9811178676261386,67304,67616
166.14035700300002,nodestore,2538,12.76,8.895322056084149,20580,12943
166.14035700300002,nodeapiserver,2859,27.92,17.790644112168298,162292,152744
166.14035700300002,nodescheduler,4085,0.46,0.0,22604,11806
166.14035700300002,nodecontroller,3837,2.74,1.9767382346853664,50152,38837
166.14035700300002,nodelet,3227,2.89,1.9767382346853664,26840,14998
166.14035700300002,nodeproxy,4269,0.0,0.0,15964,6801
166.14035700300002,containerd,2398,10.49,9.883691173426833,84124,82575
166.14035700300002,flanneld,3384,0.22,0.0,41804,42052
166.14035700300002,coredns,3910,1.79,1.9767382346853664,67304,67616
167.15151489800002,nodestore,2538,12.85,8.900687068264476,20580,12943
167.15151489800002,nodeapiserver,2859,28.12,19.779304596143284,162504,152892
167.15151489800002,nodescheduler,4085,0.46,0.0,22604,11814
167.15151489800002,nodecontroller,3837,2.76,1.9779304596143281,50152,38837
167.15151489800002,nodelet,3227,2.91,1.9779304596143281,26820,15018
167.15151489800002,nodeproxy,4269,0.0,0.0,15964,6801
167.15151489800002,containerd,2398,10.54,4.944826149035821,84124,82567
167.15151489800002,flanneld,3384,0.22,0.0,41804,42052
167.15151489800002,coredns,3910,1.8,0.9889652298071641,67304,67616
168.166370428,nodestore,2538,12.94,8.86825733708147,20580,12935
168.166370428,nodeapiserver,2859,28.26,13.795066968793398,162504,152860
168.166370428,nodescheduler,4085,0.47,0.9853619263423855,22604,11806
168.166370428,nodecontroller,3837,2.77,0.9853619263423855,50152,38837
168.166370428,nodelet,3227,2.93,1.970723852684771,26820,14998
168.166370428,nodeproxy,4269,0.0,0.0,15964,6801
168.166370428,containerd,2398,10.61,6.897533484396699,84124,82567
168.166370428,flanneld,3384,0.23,0.9853619263423855,41804,42052
168.166370428,coredns,3910,1.81,0.9853619263423855,67304,67616
169.17878723300004,nodestore,2538,13.03,8.889619330251648,20580,12943
169.17878723300004,nodeapiserver,2859,28.45,18.76697414164237,162312,152848
169.17878723300004,nodescheduler,4085,0.47,0.0,22604,11806
169.17878723300004,nodecontroller,3837,2.79,1.9754709622781441,50152,38837
169.17878723300004,nodelet,3227,2.94,0.9877354811390721,26820,14998
169.17878723300004,nodeproxy,4269,0.0,0.0,15964,6801
169.17878723300004,containerd,2398,10.68,6.914148367973505,84124,82571
169.17878723300004,flanneld,3384,0.23,0.0,41804,42052
169.17878723300004,coredns,3910,1.82,0.9877354811390721,67304,67616
170.190413988,nodestore,2538,13.12,8.896561854970342,20580,12943
170.190413988,nodeapiserver,2859,28.63,17.793123709940684,162596,152960
170.190413988,nodescheduler,4085,0.47,0.0,22604,11814
170.190413988,nodecontroller,3837,2.8,0.9885068727744823,50152,38837
170.190413988,nodelet,3227,2.95,0.9885068727744823,26820,14998
170.190413988,nodeproxy,4269,0.0,0.0,15964,6801
170.190413988,containerd,2398,10.72,3.9540274910979294,84124,82571
170.190413988,flanneld,3384,0.23,0.0,41804,42052
170.190413988,coredns,3910,1.83,0.9885068727744823,67304,67616
171.206792484,nodestore,2538,13.2,7.871083490534491,20580,12943
171.206792484,nodeapiserver,2859,28.76,12.790510672118549,162596,152960
171.206792484,nodescheduler,4085,0.47,0.0,22604,11806
171.206792484,nodecontroller,3837,2.81,0.9838854363168114,50152,38837
171.206792484,nodelet,3227,2.98,2.951656308950434,26820,14998
171.206792484,nodeproxy,4269,0.0,0.0,15964,6801
171.206792484,containerd,2398,10.79,6.887198054217681,84124,82575
171.206792484,flanneld,3384,0.23,0.0,41804,42052
171.206792484,coredns,3910,1.84,0.9838854363168114,67304,67616
172.21869516400005,nodestore,2538,13.29,8.89413594595833,20580,12943
172.21869516400005,nodeapiserver,2859,28.94,17.78827189191666,162528,153052
172.21869516400005,nodescheduler,4085,0.47,0.0,22604,11814
172.21869516400005,nodecontroller,3837,2.84,2.96471198198611,50152,38837
172.21869516400005,nodelet,3227,2.99,0.9882373273287034,26820,15014
172.21869516400005,nodeproxy,4269,0.0,0.0,15964,6801
172.21869516400005,containerd,2398,10.85,5.92942396397222,84124,82575
172.21869516400005,flanneld,3384,0.23,0.0,41804,42052
172.21869516400005,coredns,3910,1.85,0.9882373273287034,67304,67616
173.25251489399994,nodestore,2538,13.38,8.705579646850953,20580,12943
173.25251489399994,nodeapiserver,2859,29.07,12.57472615656249,162528,153032
173.25251489399994,nodescheduler,4085,0.47,0.0,22604,11806
173.25251489399994,nodecontroller,3837,2.84,0.0,50152,38837
173.25251489399994,nodelet,3227,3.0,0.9672866274278837,26820,14998
173.25251489399994,nodeproxy,4269,0.0,0.0,15964,6801
173.25251489399994,containerd,2398,10.88,2.9018598822836514,84124,82575
173.25251489399994,flanneld,3384,0.24,0.9672866274278837,41804,42052
173.25251489399994,coredns,3910,1.86,0.9672866274278837,67304,67616
174.27529373,nodestore,2538,13.48,9.77728483227979,20580,12943
174.27529373,nodeapiserver,2859,29.27,19.55456966455958,162708,153104
174.27529373,nodescheduler,4085,0.47,0.0,22604,11814
174.27529373,nodecontroller,3837,2.87,2.9331854496839367,49564,38157
174.27529373,nodelet,3227,3.01,0.9777284832279789,26820,14998
174.27529373,nodeproxy,4269,0.0,0.0,15964,6801
174.27529373,containerd,2398,10.95,6.844099382595854,84124,82579
174.27529373,flanneld,3384,0.24,0.0,41804,42052
174.27529373,coredns,3910,1.87,0.9777284832279789,67304,67616
175.286774481,nodestore,2538,13.57,8.897846045119454,20580,12943
175.286774481,nodeapiserver,2859,29.42,14.829743408532423,162852,153164
175.286774481,nodescheduler,4085,0.49,1.9772991211376565,22604,11822
175.286774481,nodecontroller,3837,2.89,1.9772991211376565,49564,38157
175.286774481,nodelet,3227,3.03,1.9772991211376565,26820,15002
175.286774481,nodeproxy,4269,0.0,0.0,15964,6801
175.286774481,containerd,2398,11.01,5.931897363412969,84124,82583
175.286774481,flanneld,3384,0.24,0.0,41804,42052
175.286774481,coredns,3910,1.88,0.9886495605688282,67304,67616
176.32281347999998,nodestore,2538,13.66,8.686931677945704,20580,12943
176.32281347999998,nodeapiserver,2859,29.55,12.54779020147713,162852,153164
176.32281347999998,nodescheduler,4085,0.49,0.0,22604,11822
176.32281347999998,nodecontroller,3837,2.89,0.0,49564,38157
176.32281347999998,nodelet,3227,3.04,0.9652146308828561,26820,15002
176.32281347999998,nodeproxy,4269,0.0,0.0,15964,6801
176.32281347999998,containerd,2398,11.02,0.9652146308828561,84124,82583
176.32281347999998,flanneld,3384,0.24,0.0,41804,42052
176.32281347999998,coredns,3910,1.9,1.9304292617657122,67304,67616
177.33523359300005,nodestore,2538,13.75,8.889590284146525,20580,12943
177.33523359300005,nodeapiserver,2859,29.73,17.77918056829305,162920,153236
177.33523359300005,nodescheduler,4085,0.49,0.0,22604,11830
177.33523359300005,nodecontroller,3837,2.91,1.9754645075881168,49564,38169
177.33523359300005,nodelet,3227,3.06,1.9754645075881168,26940,15010
177.33523359300005,nodeproxy,4269,0.0,0.0,15964,6801
177.33523359300005,containerd,2398,11.11,8.889590284146525,84124,82591
177.33523359300005,flanneld,3384,0.24,0.0,41804,42052
177.33523359300005,coredns,3910,1.9,0.0,67304,67616
178.35468733800002,nodestore,2538,13.84,8.828257333048803,20580,12935
178.35468733800002,nodeapiserver,2859,29.9,16.67559718464774,162996,153244
178.35468733800002,nodescheduler,4085,0.49,0.0,22604,11838
178.35468733800002,nodecontroller,3837,2.92,0.980917481449867,49564,38265
178.35468733800002,nodelet,3227,3.08,1.961834962899734,26940,15022
178.35468733800002,nodeproxy,4269,0.0,0.0,15964,6801
178.35468733800002,containerd,2398,11.16,4.904587407249335,84124,82591
178.35468733800002,flanneld,3384,0.24,0.0,41804,42052
178.35468733800002,coredns,3910,1.91,0.980917481449867,67304,67616
179.38305765800004,nodestore,2538,13.91,6.806886453121141,20580,12943
179.38305765800004,nodeapiserver,2859,30.01,10.696535854904647,162972,153252
179.38305765800004,nodescheduler,4085,0.49,0.0,22604,11838
179.38305765800004,nodecontroller,3837,2.93,0.9724123504458771,49564,38261
179.38305765800004,nodelet,3227,3.09,0.9724123504458771,26940,15022
179.38305765800004,nodeproxy,4269,0.0,0.0,15964,6801
179.38305765800004,containerd,2398,11.17,0.9724123504458771,84124,82595
179.38305765800004,flanneld,3384,0.24,0.0,41804,42052
179.38305765800004,coredns,3910,1.93,1.9448247008917543,67304,67616
180.40129916100005,nodestore,2538,14.0,8.83876759441015,20580,12943
180.40129916100005,nodeapiserver,2859,30.19,17.6775351888203,162964,153312
180.40129916100005,nodescheduler,4085,0.49,0.0,22604,11866
180.40129916100005,nodecontroller,3837,2.95,1.964170576535589,49564,38357
180.40129916100005,nodelet,3227,3.11,1.964170576535589,26940,15010
180.40129916100005,nodeproxy,4269,0.0,0.0,15964,6801
180.40129916100005,containerd,2398,11.24,6.874597017874562,84252,82795
180.40129916100005,flanneld,3384,0.24,0.0,41804,42052
180.40129916100005,coredns,3910,1.93,0.0,67304,67616
181.41995877100004,nodestore,2538,14.1,9.816821931322217,20580,12943
181.41995877100004,nodeapiserver,2859,30.37,17.670279476379992,163168,153384
181.41995877100004,nodescheduler,4085,0.49,0.0,22604,11882
181.41995877100004,nodecontroller,3837,2.96,0.9816821931322217,49692,38453
181.41995877100004,nodelet,3227,3.12,0.9816821931322217,26940,14974
181.41995877100004,nodeproxy,4269,0.0,0.0,15964,6801
181.41995877100004,containerd,2398,11.29,4.908410965661108,84252,82875
181.41995877100004,flanneld,3384,0.24,0.0,41804,42052
181.41995877100004,coredns,3910,1.95,1.9633643862644434,67304,67616
182.44430690500002,nodestore,2538,14.19,8.786075457428602,20580,12947
182.44430690500002,nodeapiserver,2859,30.5,12.690997882952425,163168,153384
182.44430690500002,nodescheduler,4085,0.5,0.9762306063809558,22604,11882
182.44430690500002,nodecontroller,3837,2.98,1.9524612127619116,49692,38465
182.44430690500002,nodelet,3227,3.13,0.9762306063809558,26940,14974
182.44430690500002,nodeproxy,4269,0.0,0.0,15964,6801
182.44430690500002,containerd,2398,11.31,1.9524612127619116,84252,82883
182.44430690500002,flanneld,3384,0.24,0.0,41804,42052
182.44430690500002,coredns,3910,1.96,0.9762306063809558,67304,67616
183.458526189,nodestore,2538,14.28,8.87382062437712,20708,12947
183.458526189,nodeapiserver,2859,30.68,17.74764124875424,163236,153460
183.458526189,nodescheduler,4085,0.5,0.0,22604,11890
183.458526189,nodecontroller,3837,2.99,0.9859800693752355,49692,38561
183.458526189,nodelet,3227,3.14,0.9859800693752355,26796,14930
183.458526189,nodeproxy,4269,0.0,0.0,15964,6801
183.458526189,containerd,2398,11.36,4.9299003468761775,84252,82963
183.458526189,flanneld,3384,0.24,0.0,41804,42052
183.458526189,coredns,3910,1.96,0.0,67304,67616
184.478709499,nodestore,2538,14.37,8.821943970049913,20708,12947
184.478709499,nodeapiserver,2859,30.84,15.683455946755402,163064,153504
184.478709499,nodescheduler,4085,0.5,0.0,22604,11894
184.478709499,nodecontroller,3837,3.01,1.9604319933444252,49692,38649
184.478709499,nodelet,3227,3.15,0.9802159966722126,26796,14950
184.478709499,nodeproxy,4269,0.0,0.0,15964,6801
184.478709499,containerd,2398,11.42,5.881295980033276,84252,82967
184.478709499,flanneld,3384,0.24,0.0,41804,42052
184.478709499,coredns,3910,1.98,1.9604319933444252,67304,67616
185.50990398599998,nodestore,2538,14.46,8.727742548530573,20708,12947
185.50990398599998,nodeapiserver,2859,30.99,14.54623758088429,163048,153504
185.50990398599998,nodescheduler,4085,0.5,0.0,22604,11890
185.50990398599998,nodecontroller,3837,3.02,0.9697491720589526,49820,38677
185.50990398599998,nodelet,3227,3.18,2.909247516176858,26796,14974
185.50990398599998,nodeproxy,4269,0.0,0.0,15964,6801
185.50990398599998,containerd,2398,11.45,2.909247516176858,84252,82967
185.50990398599998,flanneld,3384,0.24,0.0,41804,42052
185.50990398599998,coredns,3910,1.99,0.9697491720589526,67432,67624
186.556214033,nodestore,2538,14.57,10.513136169856343,20708,12939
186.556214033,nodeapiserver,2859,31.22,21.98201199151781,163092,153576
186.556214033,nodescheduler,4085,0.5,0.0,22604,11926
186.556214033,nodecontroller,3837,3.06,3.8229586072204884,50076,39013
186.556214033,nodelet,3227,3.2,1.9114793036102442,26924,15218
186.556214033,nodeproxy,4269,0.0,0.0,15964,6801
186.556214033,containerd,2398,11.56,10.513136169856343,84252,83002
186.556214033,flanneld,3384,0.24,0.0,41804,42052
186.556214033,coredns,3910,2.01,1.9114793036102442,67432,67624
187.621648235,nodestore,2538,14.66,8.447260265444296,20708,12947
187.621648235,nodeapiserver,2859,31.43,19.710273952703357,163288,153720
187.621648235,nodescheduler,4085,0.51,0.9385844739382551,22604,11822
187.621648235,nodecontroller,3837,3.08,1.8771689478765101,49616,38549
187.621648235,nodelet,3227,3.23,2.815753421814765,26768,14982
187.621648235,nodeproxy,4269,0.0,0.0,15964,6801
187.621648235,containerd,2398,11.77,19.710273952703357,86172,84990
187.621648235,flanneld,3384,0.25,0.9385844739382551,41804,42052
187.621648235,coredns,3910,2.01,0.0,67432,67624
188.643770416,nodestore,2538,14.75,8.805209560362846,20708,12947
188.643770416,nodeapiserver,2859,31.6,16.632062502907598,163288,153748
188.643770416,nodescheduler,4085,0.51,0.0,22604,11806
188.643770416,nodecontroller,3837,3.1,1.9567132356361878,49744,38541
188.643770416,nodelet,3227,3.26,2.935069853454282,26768,14986
188.643770416,nodeproxy,4269,0.0,0.0,15964,6801
188.643770416,containerd,2398,11.83,5.870139706908564,86172,85067
188.643770416,flanneld,3384,0.25,0.0,41804,42052
188.643770416,coredns,3910,2.03,1.9567132356361878,67432,67624
189.65859018199995,nodestore,2538,14.84,8.868569869775634,20708,12947
189.65859018199995,nodeapiserver,2859,31.77,16.751743087353972,163276,153768
189.65859018199995,nodescheduler,4085,0.52,0.9853966521972926,22604,11814
189.65859018199995,nodecontroller,3837,3.12,1.970793304394585,49608,38517
189.65859018199995,nodelet,3227,3.27,0.9853966521972926,26768,15002
189.65859018199995,nodeproxy,4269,0.0,0.0,15964,6801
189.65859018199995,containerd,2398,11.91,7.88317321757834,85040,83859
189.65859018199995,flanneld,3384,0.25,0.0,41804,42052
189.65859018199995,coredns,3910,2.04,0.9853966521972926,67432,67628
190.67480603300004,nodestore,2538,14.93,8.856386161604224,20708,12947
190.67480603300004,nodeapiserver,2859,31.92,14.760643602673706,163220,153768
190.67480603300004,nodescheduler,4085,0.53,0.9840429068449137,22604,11806
190.67480603300004,nodecontroller,3837,3.13,0.9840429068449137,49608,38517
190.67480603300004,nodelet,3227,3.28,0.9840429068449137,26768,14974
190.67480603300004,nodeproxy,4269,0.0,0.0,15964,6801
190.67480603300004,containerd,2398,11.94,2.9521287205347413,85040,83859
190.67480603300004,flanneld,3384,0.25,0.0,41804,42052
190.67480603300004,coredns,3910,2.04,0.0,67432,67628
191.686310364,nodestore,2538,15.02,8.897638620195165,20708,12947
191.686310364,nodeapiserver,2859,32.09,16.806650727035315,163436,153860
191.686310364,nodescheduler,4085,0.53,0.0,22604,11806
191.686310364,nodecontroller,3837,3.15,1.9772530267100368,49608,38537
191.686310364,nodelet,3227,3.31,2.9658795400650555,26768,14974
191.686310364,nodeproxy,4269,0.0,0.0,15964,6801
191.686310364,containerd,2398,12.01,6.92038559348513,85040,83859
191.686310364,flanneld,3384,0.25,0.0,41804,42052
191.686310364,coredns,3910,2.06,1.9772530267100368,67432,67628
192.69903930900006,nodestore,2538,15.11,8.886879400884078,20708,12947
192.69903930900006,nodeapiserver,2859,32.26,16.786327757225482,163580,153940
192.69903930900006,nodescheduler,4085,0.53,0.0,22604,11810
192.69903930900006,nodecontroller,3837,3.17,1.9748620890853508,49608,38557
192.69903930900006,nodelet,3227,3.32,0.9874310445426754,26768,14974
192.69903930900006,nodeproxy,4269,0.0,0.0,15964,6801
192.69903930900006,containerd,2398,12.07,5.9245862672560525,84904,83499
192.69903930900006,flanneld,3384,0.25,0.0,41804,42052
192.69903930900006,coredns,3910,2.06,0.0,67432,67628
193.728014782,nodestore,2538,15.2,8.746564166161106,20708,12947
193.728014782,nodeapiserver,2859,32.42,15.549447406508632,163580,153940
193.728014782,nodescheduler,4085,0.53,0.0,22604,11806
193.728014782,nodecontroller,3837,3.18,0.9718404629067895,49608,38537
193.728014782,nodelet,3227,3.34,1.943680925813579,26768,14974
193.728014782,nodeproxy,4269,0.0,0.0,15964,6801
193.728014782,containerd,2398,12.11,3.887361851627158,84904,83499
193.728014782,flanneld,3384,0.25,0.0,41804,42052
193.728014782,coredns,3910,2.07,0.9718404629067895,67432,67640
194.74519544599997,nodestore,2538,15.29,8.847985730094749,20708,12939
194.74519544599997,nodeapiserver,2859,32.59,16.712861934623415,163564,153984
194.74519544599997,nodescheduler,4085,0.53,0.0,22604,11810
194.74519544599997,nodecontroller,3837,3.2,1.9662190511321664,49608,38545
194.74519544599997,nodelet,3227,3.35,0.9831095255660832,26768,14974
194.74519544599997,nodeproxy,4269,0.0,0.0,15964,6801
194.74519544599997,containerd,2398,12.2,8.847985730094749,84904,83499
194.74519544599997,flanneld,3384,0.25,0.0,41804,42052
194.74519544599997,coredns,3910,2.1,2.94932857669825,67432,67640
195.768392957,nodestore,2538,15.39,9.773284133799715,20708,12947
195.768392957,nodeapiserver,2859,32.75,15.637254614079543,163556,154040
195.768392957,nodescheduler,4085,0.53,0.0,22604,11818
195.768392957,nodecontroller,3837,3.21,0.9773284133799715,49608,38593
195.768392957,nodelet,3227,3.37,1.954656826759943,26768,14970
195.768392957,nodeproxy,4269,0.0,0.0,15964,6801
195.768392957,containerd,2398,12.24,3.909313653519886,85032,83494
195.768392957,flanneld,3384,0.25,0.0,41804,42052
195.768392957,coredns,3910,2.1,0.0,67432,67640
196.79380964900002,nodestore,2538,15.47,7.801706430579376,20708,12947
196.79380964900002,nodeapiserver,2859,32.91,15.603412861158752,163556,154032
196.79380964900002,nodescheduler,4085,0.54,0.975213303822422,22604,11810
196.79380964900002,nodecontroller,3837,3.23,1.950426607644844,49608,38553
196.79380964900002,nodelet,3227,3.39,1.950426607644844,26768,14974
196.79380964900002,nodeproxy,4269,0.0,0.0,15964,6801
196.79380964900002,containerd,2398,12.3,5.851279822934532,85032,83495
196.79380964900002,flanneld,3384,0.25,0.0,41804,42052
196.79380964900002,coredns,3910,2.11,0.975213303822422,67432,67640
197.80677532600004,nodestore,2538,15.58,10.859203080382239,20708,12947
197.80677532600004,nodeapiserver,2859,33.1,18.75680532066023,163808,154196
197.80677532600004,nodescheduler,4085,0.54,0.0,22604,11810
197.80677532600004,nodecontroller,3837,3.25,1.974400560069498,49608,38553
197.80677532600004,nodelet,3227,3.41,1.974400560069498,26764,14990
197.80677532600004,nodeproxy,4269,0.0,0.0,15964,6801
197.80677532600004,containerd,2398,12.4,9.87200280034749,85032,83503
197.80677532600004,flanneld,3384,0.27,1.974400560069498,41804,42052
197.80677532600004,coredns,3910,2.13,1.974400560069498,67432,67640
198.82130373499996,nodestore,2538,15.67,8.871116787031925,20708,12947
198.82130373499996,nodeapiserver,2859,33.25,14.785194645053206,163756,154212
198.82130373499996,nodescheduler,4085,0.54,0.0,22604,11818
198.82130373499996,nodecontroller,3837,3.26,0.9856796430035472,49608,38553
198.82130373499996,nodelet,3227,3.42,0.9856796430035472,26764,14990
198.82130373499996,nodeproxy,4269,0.0,0.0,15964,6801
198.82130373499996,containerd,2398,12.43,2.957038929010641,85032,83503
198.82130373499996,flanneld,3384,0.27,0.0,41804,42052
198.82130373499996,coredns,3910,2.14,0.9856796430035472,67432,67640
199.84531460299996,nodestore,2538,15.76,8.788969220197727,20708,12947
199.84531460299996,nodeapiserver,2859,33.41,15.624834169240403,163756,154216
199.84531460299996,nodescheduler,4085,0.54,0.0,22604,11806
199.84531460299996,nodecontroller,3837,3.28,1.9531042711550504,49608,38553
199.84531460299996,nodelet,3227,3.44,1.9531042711550504,26764,14990
199.84531460299996,nodeproxy,4269,0.0,0.0,15964,6801
199.84531460299996,containerd,2398,12.51,7.8124170846202015,85032,83503
199.84531460299996,flanneld,3384,0.27,0.0,41804,42052
199.84531460299996,coredns,3910,2.14,0.0,67432,67640
200.856620116,nodestore,2538,15.85,8.899387854914007,20708,12947
200.856620116,nodeapiserver,2859,33.6,18.787596582596237,163772,154276
200.856620116,nodescheduler,4085,0.55,0.988820872768223,22604,11818
200.856620116,nodecontroller,3837,3.3,1.977641745536446,49608,38569
200.856620116,nodelet,3227,3.46,1.977641745536446,26764,15014
200.856620116,nodeproxy,4269,0.0,0.0,15964,6801
200.856620116,containerd,2398,12.58,6.921746109377562,85032,83503
200.856620116,flanneld,3384,0.27,0.0,41804,42052
200.856620116,coredns,3910,2.16,1.977641745536446,67432,67640
201.86878331300005,nodestore,2538,15.94,8.891846716690525,20708,12947
201.86878331300005,nodeapiserver,2859,33.74,13.831761559296375,163776,154276
201.86878331300005,nodescheduler,4085,0.55,0.0,22604,11810
201.86878331300005,nodecontroller,3837,3.3,0.0,49608,38569
201.86878331300005,nodelet,3227,3.47,0.9879829685211695,26764,14990
201.86878331300005,nodeproxy,4269,0.0,0.0,15964,6801
201.86878331300005,containerd,2398,12.6,1.975965937042339,85032,83503
201.86878331300005,flanneld,3384,0.27,0.0,41804,42052
201.86878331300005,coredns,3910,2.16,0.0,67432,67644
202.88967726599998,nodestore,2538,16.03,8.815803025919816,20708,12939
202.88967726599998,nodeapiserver,2859,33.91,16.65207238229299,163824,154340
202.88967726599998,nodescheduler,4085,0.55,0.0,22604,11810
202.88967726599998,nodecontroller,3837,3.33,2.938601008639939,49608,38569
202.88967726599998,nodelet,3227,3.49,1.9590673390932927,26764,14986
202.88967726599998,nodeproxy,4269,0.0,0.0,15964,6801
202.88967726599998,containerd,2398,12.69,8.815803025919816,84876,83247
202.88967726599998,flanneld,3384,0.27,0.0,41804,42052
202.88967726599998,coredns,3910,2.18,1.9590673390932927,67432,67644
203.914400243,nodestore,2538,16.12,8.782861516727666,20708,12947
203.914400243,nodeapiserver,2859,34.08,16.589849531596702,163880,154380
203.914400243,nodescheduler,4085,0.56,0.9758735018586295,22604,11818
203.914400243,nodecontroller,3837,3.35,1.951747003717259,49608,38569
203.914400243,nodelet,3227,3.52,2.927620505575889,26764,14946
203.914400243,nodeproxy,4269,0.0,0.0,15964,6801
203.914400243,containerd,2398,12.75,5.855241011151778,84876,83239
203.914400243,flanneld,3384,0.27,0.0,41804,42052
203.914400243,coredns,3910,2.18,0.0,67432,67652
204.92968776900005,nodestore,2538,16.21,8.864483970818942,20708,12947
204.92968776900005,nodeapiserver,2859,34.22,13.789197287940576,163880,154380
204.92968776900005,nodescheduler,4085,0.56,0.0,22604,11810
204.92968776900005,nodecontroller,3837,3.36,0.9849426634243268,49608,38569
204.92968776900005,nodelet,3227,3.52,0.0,26764,14970
204.92968776900005,nodeproxy,4269,0.0,0.0,15964,6801
204.92968776900005,containerd,2398,12.78,2.9548279902729804,84876,83251
204.92968776900005,flanneld,3384,0.27,0.0,41804,42052
204.92968776900005,coredns,3910,2.2,1.9698853268486536,67432,67652
205.94972025500005,nodestore,2538,16.31,9.803609333281655,20708,12947
205.94972025500005,nodeapiserver,2859,34.42,19.60721866656331,164116,154468
205.94972025500005,nodescheduler,4085,0.56,0.0,22604,11810
205.94972025500005,nodecontroller,3837,3.38,1.9607218666563309,49608,38569
205.94972025500005,nodelet,3227,3.55,2.941082799984496,26764,14970
205.94972025500005,nodeproxy,4269,0.0,0.0,15964,6801
205.94972025500005,containerd,2398,12.88,9.803609333281655,84876,83263
205.94972025500005,flanneld,3384,0.27,0.0,41804,42052
205.94972025500005,coredns,3910,2.21,0.9803609333281654,67432,67652
206.957869561,nodestore,2538,16.4,8.927249115222269,20708,12947
206.957869561,nodeapiserver,2859,34.59,16.86258166208651,164104,154504
206.957869561,nodescheduler,4085,0.56,0.0,22604,11818
206.957869561,nodecontroller,3837,3.4,1.9838331367160598,49608,38569
206.957869561,nodelet,3227,3.56,0.9919165683580299,26764,14990
206.957869561,nodeproxy,4269,0.0,0.0,15964,6801
206.957869561,containerd,2398,12.94,5.9514994101481795,84876,83262
206.957869561,flanneld,3384,0.28,0.9919165683580299,41804,42052
206.957869561,coredns,3910,2.22,0.9919165683580299,67432,67652
207.99328810599997,nodestore,2538,16.48,7.726344132652394,20708,12947
207.99328810599997,nodeapiserver,2859,34.73,13.52110223214169,164220,154548
207.99328810599997,nodescheduler,4085,0.56,0.0,22604,11810
207.99328810599997,nodecontroller,3837,3.4,0.0,49608,38569
207.99328810599997,nodelet,3227,3.58,1.9315860331630985,26892,14982
207.99328810599997,nodeproxy,4269,0.0,0.0,15964,6801
207.99328810599997,containerd,2398,13.0,5.794758099489295,84876,83263
207.99328810599997,flanneld,3384,0.28,0.0,41804,42052
207.99328810599997,coredns,3910,2.23,0.9657930165815493,67432,67656
209.00379429699996,nodestore,2538,16.58,9.896030414325384,20708,12947
209.00379429699996,nodeapiserver,2859,34.9,16.82325170435315,164140,154584
209.00379429699996,nodescheduler,4085,0.57,0.9896030414325383,22604,11810
209.00379429699996,nodecontroller,3837,3.43,2.968809124297615,49608,38569
209.00379429699996,nodelet,3227,3.6,1.9792060828650766,26764,14974
209.00379429699996,nodeproxy,4269,0.0,0.0,15964,6801
209.00379429699996,containerd,2398,13.08,7.916824331460306,84876,83263
209.00379429699996,flanneld,3384,0.28,0.0,41804,42052
209.00379429699996,coredns,3910,2.24,0.9896030414325383,67432,67680
210.01425074800005,nodestore,2538,16.67,8.906865794257916,20708,12947
210.01425074800005,nodeapiserver,2859,35.08,17.813731588515832,164088,154624
210.01425074800005,nodescheduler,4085,0.57,0.0,22604,11818
210.01425074800005,nodecontroller,3837,3.44,0.9896517549175462,49608,38569
210.01425074800005,nodelet,3227,3.62,1.9793035098350924,26764,14970
210.01425074800005,nodeproxy,4269,0.0,0.0,15964,6801
210.01425074800005,containerd,2398,13.15,6.927562284422824,84876,83259
210.01425074800005,flanneld,3384,0.28,0.0,41804,42052
210.01425074800005,coredns,3910,2.26,1.9793035098350924,67432,67696
211.03971488999997,nodestore,2538,16.76,8.776513611141668,20708,12947
211.03971488999997,nodeapiserver,2859,35.23,14.627522685236114,164068,154624
211.03971488999997,nodescheduler,4085,0.57,0.0,22604,11810
211.03971488999997,nodecontroller,3837,3.45,0.9751681790157408,49608,38569
211.03971488999997,nodelet,3227,3.62,0.0,26764,14974
211.03971488999997,nodeproxy,4269,0.0,0.0,15964,6801
211.03971488999997,containerd,2398,13.18,2.925504537047223,84876,83263
211.03971488999997,flanneld,3384,0.28,0.0,41804,42052
211.03971488999997,coredns,3910,2.26,0.0,67432,67696
212.05474115700002,nodestore,2538,16.85,8.866765612479988,20708,12947
212.05474115700002,nodeapiserver,2859,35.39,15.76313886663109,164240,154732
212.05474115700002,nodescheduler,4085,0.58,0.9851961791644431,22604,11810
212.05474115700002,nodecontroller,3837,3.47,1.9703923583288863,49608,38569
212.05474115700002,nodelet,3227,3.65,2.955588537493329,26764,14974
212.05474115700002,nodeproxy,4269,0.0,0.0,15964,6801
212.05474115700002,containerd,2398,13.26,7.881569433315545,84876,83263
212.05474115700002,flanneld,3384,0.28,0.0,41804,42052
212.05474115700002,coredns,3910,2.27,0.9851961791644431,67432,67696
213.07401939000005,nodestore,2538,16.95,9.810863880186263,20708,12947
213.07401939000005,nodeapiserver,2859,35.55,15.69738220829802,164300,154772
213.07401939000005,nodescheduler,4085,0.58,0.0,22604,11818
213.07401939000005,nodecontroller,3837,3.48,0.9810863880186262,49608,38569
213.07401939000005,nodelet,3227,3.66,0.9810863880186262,26764,14986
213.07401939000005,nodeproxy,4269,0.0,0.0,15964,6801
213.07401939000005,containerd,2398,13.32,5.886518328111757,84876,83262
213.07401939000005,flanneld,3384,0.28,0.0,41804,42052
213.07401939000005,coredns,3910,2.28,0.9810863880186262,67432,67704
214.088647965,nodestore,2538,17.03,7.884658679162777,20708,12955
214.088647965,nodeapiserver,2859,35.68,12.812570353639513,164300,154772
214.088647965,nodescheduler,4085,0.59,0.9855823348953471,22604,11810
214.088647965,nodecontroller,3837,3.5,1.9711646697906942,49608,38569
214.088647965,nodelet,3227,3.67,0.9855823348953471,26764,14974
214.088647965,nodeproxy,4269,0.0,0.0,15964,6801
214.088647965,containerd,2398,13.36,3.9423293395813883,84876,83263
214.088647965,flanneld,3384,0.29,0.9855823348953471,41804,42052
214.088647965,coredns,3910,2.29,0.9855823348953471,67560,67744
215.11047226299996,nodestore,2538,17.12,8.807776461781092,20708,12947
215.11047226299996,nodeapiserver,2859,35.85,16.636911094475398,164496,154892
215.11047226299996,nodescheduler,4085,0.59,0.0,22604,11810
215.11047226299996,nodecontroller,3837,3.52,1.957283658173576,49608,38569
215.11047226299996,nodelet,3227,3.69,1.957283658173576,26764,14974
215.11047226299996,nodeproxy,4269,0.0,0.0,15964,6801
215.11047226299996,containerd,2398,13.45,8.807776461781092,84876,83263
215.11047226299996,flanneld,3384,0.29,0.0,41804,42052
215.11047226299996,coredns,3910,2.3,0.978641829086788,67560,67752
216.128226793,nodestore,2538,17.22,9.825551943256428,20708,12947
216.128226793,nodeapiserver,2859,36.02,16.70343830353593,164572,154952
216.128226793,nodescheduler,4085,0.59,0.0,22604,11818
216.128226793,nodecontroller,3837,3.53,0.9825551943256429,49608,38569
216.128226793,nodelet,3227,3.71,1.9651103886512857,26764,14974
216.128226793,nodeproxy,4269,0.0,0.0,15964,6801
216.128226793,containerd,2398,13.49,3.9302207773025715,84876,83262
216.128226793,flanneld,3384,0.29,0.0,41804,42052
216.128226793,coredns,3910,2.32,1.9651103886512857,67560,67780
217.15114121899995,nodestore,2538,17.31,8.798389944693675,20580,12947
217.15114121899995,nodeapiserver,2859,36.18,15.641582123899866,164548,154940
217.15114121899995,nodescheduler,4085,0.59,0.0,22604,11814
217.15114121899995,nodecontroller,3837,3.54,0.9775988827437416,49608,38573
217.15114121899995,nodelet,3227,3.72,0.9775988827437416,26764,14974
217.15114121899995,nodeproxy,4269,0.0,0.0,15964,6801
217.15114121899995,containerd,2398,13.55,5.86559329646245,84876,83267
217.15114121899995,flanneld,3384,0.29,0.0,41804,42052
217.15114121899995,coredns,3910,2.32,0.0,67560,67788
218.16112353199998,nodestore,2538,17.41,9.901163487008283,20580,12939
218.16112353199998,nodeapiserver,2859,36.38,19.802326974016566,164732,155056
218.16112353199998,nodescheduler,4085,0.59,0.0,22604,11826
218.16112353199998,nodecontroller,3837,3.57,2.9703490461024846,49736,38661
218.16112353199998,nodelet,3227,3.75,2.9703490461024846,26756,15030
218.16112353199998,nodeproxy,4269,0.0,0.0,15964,6801
218.16112353199998,containerd,2398,13.66,10.891279835709112,84876,83279
218.16112353199998,flanneld,3384,0.29,0.0,41804,42052
218.16112353199998,coredns,3910,2.34,1.9802326974016564,67560,67804
219.17662715499995,nodestore,2538,17.5,8.862597627581527,20580,12947
219.17662715499995,nodeapiserver,2859,36.53,14.770996045969211,164948,155528
219.17662715499995,nodescheduler,4085,0.59,0.0,22604,11818
219.17662715499995,nodecontroller,3837,3.59,1.9694661394625614,49104,37837
219.17662715499995,nodelet,3227,3.76,0.9847330697312807,26756,15010
219.17662715499995,nodeproxy,4269,0.0,0.0,15964,6801
219.17662715499995,containerd,2398,13.66,0.0,84876,83279
219.17662715499995,flanneld,3384,0.29,0.0,41804,42052
219.17662715499995,coredns,3910,2.35,0.9847330697312807,67560,67852
220.18724198700005,nodestore,2538,17.59,8.905469932781571,20580,12947
220.18724198700005,nodeapiserver,2859,36.66,12.863456569573382,164660,155064
220.18724198700005,nodescheduler,4085,0.6,0.9894966591979524,22604,11826
220.18724198700005,nodecontroller,3837,3.6,0.9894966591979524,49104,37885
220.18724198700005,nodelet,3227,3.78,1.9789933183959048,26756,15010
220.18724198700005,nodeproxy,4269,0.0,0.0,15964,6801
220.18724198700005,containerd,2398,13.71,4.947483295989762,84876,83279
220.18724198700005,flanneld,3384,0.29,0.0,41804,42052
220.18724198700005,coredns,3910,2.35,0.0,67560,67852
221.19619278600004,nodestore,2538,17.68,8.920157463495984,20580,12947
221.19619278600004,nodeapiserver,2859,36.82,15.85805771288175,164848,155108
221.19619278600004,nodescheduler,4085,0.6,0.0,22604,11834
221.19619278600004,nodecontroller,3837,3.61,0.9911286070551094,49104,37973
221.19619278600004,nodelet,3227,3.8,1.9822572141102188,26616,14966
221.19619278600004,nodeproxy,4269,0.0,0.0,15964,6801
221.19619278600004,containerd,2398,13.78,6.937900249385767,84876,83283
221.19619278600004,flanneld,3384,0.29,0.0,41804,42052
221.19619278600004,coredns,3910,2.37,1.9822572141102188,67560,67892
222.21020106199995,nodestore,2538,17.77,8.87566720412129,20580,12947
222.21020106199995,nodeapiserver,2859,36.95,12.820408183730754,164804,155116
222.21020106199995,nodescheduler,4085,0.6,0.0,22604,11834
222.21020106199995,nodecontroller,3837,3.62,0.9861852449023657,49104,37973
222.21020106199995,nodelet,3227,3.8,0.0,26616,14966
222.21020106199995,nodeproxy,4269,0.0,0.0,15964,6801
222.21020106199995,containerd,2398,13.79,0.9861852449023657,84876,83287
222.21020106199995,flanneld,3384,0.29,0.0,41804,42052
222.21020106199995,coredns,3910,2.37,0.0,67560,67924
223.221974204,nodestore,2538,17.86,8.895274668201916,20580,12947
223.221974204,nodeapiserver,2859,37.11,15.813821632358962,164764,155164
223.221974204,nodescheduler,4085,0.6,0.0,22604,11842
223.221974204,nodecontroller,3837,3.63,0.9883638520224352,49104,38065
223.221974204,nodelet,3227,3.81,0.9883638520224352,26616,14978
223.221974204,nodeproxy,4269,0.0,0.0,15964,6801
223.221974204,containerd,2398,13.84,4.941819260112176,84876,83287
223.221974204,flanneld,3384,0.29,0.0,41804,42052
223.221974204,coredns,3910,2.39,1.9767277040448703,67560,67948
224.23271678299994,nodestore,2538,17.96,9.893715974540408,20708,12947
224.23271678299994,nodeapiserver,2859,37.26,14.840573961810613,164884,155192
224.23271678299994,nodescheduler,4085,0.6,0.0,22604,11850
224.23271678299994,nodecontroller,3837,3.65,1.9787431949080816,49104,38157
224.23271678299994,nodelet,3227,3.83,1.9787431949080816,26616,14978
224.23271678299994,nodeproxy,4269,0.0,0.0,15964,6801
224.23271678299994,containerd,2398,13.89,4.946857987270204,84876,83279
224.23271678299994,flanneld,3384,0.29,0.0,41804,42052
224.23271678299994,coredns,3910,2.39,0.0,67560,67964
225.25189745799997,nodestore,2538,18.05,8.83062269601976,20708,12947
225.25189745799997,nodeapiserver,2859,37.39,12.755343894250764,164884,155192
225.25189745799997,nodescheduler,4085,0.6,0.0,22604,11850
225.25189745799997,nodecontroller,3837,3.65,0.0,49104,38157
225.25189745799997,nodelet,3227,3.84,0.9811802995577511,26616,14978
225.25189745799997,nodeproxy,4269,0.0,0.0,15964,6801
225.25189745799997,containerd,2398,13.92,2.943540898673253,84876,83279
225.25189745799997,flanneld,3384,0.29,0.0,41804,42052
225.25189745799997,coredns,3910,2.41,1.9623605991155022,67560,67976
226.27249886600003,nodestore,2538,18.15,9.798144428975155,20708,12939
226.27249886600003,nodeapiserver,2859,37.56,16.65684552925776,164828,155288
226.27249886600003,nodescheduler,4085,0.61,0.9798144428975154,22604,11878
226.27249886600003,nodecontroller,3837,3.68,2.9394433286925463,49232,38249
226.27249886600003,nodelet,3227,3.86,1.9596288857950308,26616,14974
226.27249886600003,nodeproxy,4269,0.0,0.0,15964,6801
226.27249886600003,containerd,2398,13.99,6.858701100282609,84876,83283
226.27249886600003,flanneld,3384,0.29,0.0,41804,42052
226.27249886600003,coredns,3910,2.41,0.0,67560,67976
227.287172646,nodestore,2538,18.24,8.869845833604193,20708,12939
227.287172646,nodeapiserver,2859,37.72,15.768614815296345,165672,156252
227.287172646,nodescheduler,4085,0.61,0.0,22604,11894
227.287172646,nodecontroller,3837,3.69,0.9855384259560216,49232,38337
227.287172646,nodelet,3227,3.87,0.9855384259560216,26616,14978
227.287172646,nodeproxy,4269,0.0,0.0,15964,6801
227.287172646,containerd,2398,14.03,3.9421537038240864,84876,83282
227.287172646,flanneld,3384,0.3,0.9855384259560216,41804,42052
227.287172646,coredns,3910,2.43,1.9710768519120432,67560,67976
228.33078494900002,nodestore,2538,18.33,8.623892200320032,20708,12947
228.33078494900002,nodeapiserver,2859,37.86,13.414943422720052,164964,155400
228.33078494900002,nodescheduler,4085,0.61,0.0,22604,11894
228.33078494900002,nodecontroller,3837,3.7,0.9582102444800036,49232,38357
228.33078494900002,nodelet,3227,3.88,0.9582102444800036,26712,15002
228.33078494900002,nodeproxy,4269,0.0,0.0,15964,6801
228.33078494900002,containerd,2398,14.09,5.7492614668800215,84876,83283
228.33078494900002,flanneld,3384,0.3,0.0,41804,42052
228.33078494900002,coredns,3910,2.44,0.9582102444800036,67560,67976
229.34779265000003,nodestore,2538,18.42,8.849490511380012,20836,12947
229.34779265000003,nodeapiserver,2859,38.02,15.732427575786687,165148,155452
229.34779265000003,nodescheduler,4085,0.61,0.0,22604,11902
229.34779265000003,nodecontroller,3837,3.71,0.983276723486668,49360,38465
229.34779265000003,nodelet,3227,3.9,1.966553446973336,26712,15002
229.34779265000003,nodeproxy,4269,0.0,0.0,15964,6801
229.34779265000003,containerd,2398,14.13,3.933106893946672,84876,83283
229.34779265000003,flanneld,3384,0.3,0.0,41804,42052
229.34779265000003,coredns,3910,2.44,0.0,67560,67976
230.368947536,nodestore,2538,18.52,9.79283371905663,20836,12947
230.368947536,nodeapiserver,2859,38.26,23.50280092573591,165228,155528
230.368947536,nodescheduler,4085,0.62,0.979283371905663,22604,11834
230.368947536,nodecontroller,3837,3.75,3.917133487622652,49220,38185
230.368947536,nodelet,3227,3.94,3.917133487622652,26712,15030
230.368947536,nodeproxy,4269,0.0,0.0,15964,6801
230.368947536,containerd,2398,14.31,17.627100694301934,85772,84434
230.368947536,flanneld,3384,0.3,0.0,41804,42052
230.368947536,coredns,3910,2.46,1.958566743811326,67560,67980
231.38356379600003,nodestore,2538,18.62,9.855942974932958,20836,12947
231.38356379600003,nodeapiserver,2859,38.41,14.783914462399437,165228,155528
231.38356379600003,nodescheduler,4085,0.62,0.0,22604,11818
231.38356379600003,nodecontroller,3837,3.77,1.9711885949865915,49220,38185
231.38356379600003,nodelet,3227,3.96,1.9711885949865915,26712,15030
231.38356379600003,nodeproxy,4269,0.0,0.0,15964,6801
231.38356379600003,containerd,2398,14.39,7.884754379946366,83860,82587
231.38356379600003,flanneld,3384,0.3,0.0,41804,42052
231.38356379600003,coredns,3910,2.47,0.9855942974932957,67560,67980
232.40036635099995,nodestore,2538,18.71,8.851275949046736,20704,12947
232.40036635099995,nodeapiserver,2859,38.6,18.68602700354311,165288,155568
232.40036635099995,nodescheduler,4085,0.62,0.0,22604,11826
232.40036635099995,nodecontroller,3837,3.79,1.9669502108992747,49220,38185
232.40036635099995,nodelet,3227,3.98,1.9669502108992747,26712,15054
232.40036635099995,nodeproxy,4269,0.0,0.0,15964,6801
232.40036635099995,containerd,2398,14.45,5.900850632697824,83860,82591
232.40036635099995,flanneld,3384,0.3,0.0,41804,42052
232.40036635099995,coredns,3910,2.48,0.9834751054496373,67560,67980
233.42478469099996,nodestore,2538,18.81,9.761637028091368,20704,12947
233.42478469099996,nodeapiserver,2859,38.74,13.666291839327917,165388,155568
233.42478469099996,nodescheduler,4085,0.62,0.0,22604,11818
233.42478469099996,nodecontroller,3837,3.8,0.9761637028091367,49220,38185
233.42478469099996,nodelet,3227,3.98,0.0,26712,15030
233.42478469099996,nodeproxy,4269,0.0,0.0,15964,6801
233.42478469099996,containerd,2398,14.48,2.9284911084274103,83860,82591
233.42478469099996,flanneld,3384,0.3,0.0,41804,42052
233.42478469099996,coredns,3910,2.5,1.9523274056182733,67560,67984
234.43901477000003,nodestore,2538,18.91,9.859695750552959,20576,12947
234.43901477000003,nodeapiserver,2859,38.93,18.733421926050625,165216,155652
234.43901477000003,nodescheduler,4085,0.64,1.9719391501105918,22604,11818
234.43901477000003,nodecontroller,3837,3.82,1.9719391501105918,49220,38185
234.43901477000003,nodelet,3227,4.01,2.957908725165888,26712,15030
234.43901477000003,nodeproxy,4269,0.0,0.0,15964,6801
234.43901477000003,containerd,2398,14.58,9.859695750552959,83860,82583
234.43901477000003,flanneld,3384,0.31,0.9859695750552959,41804,42052
234.43901477000003,coredns,3910,2.5,0.0,67560,67984
235.44970283499998,nodestore,2538,19.01,9.894249616968077,20576,12947
235.44970283499998,nodeapiserver,2859,39.09,15.830799387148922,165268,155692
235.44970283499998,nodescheduler,4085,0.64,0.0,22604,11830
235.44970283499998,nodecontroller,3837,3.84,1.9788499233936152,49220,38185
235.44970283499998,nodelet,3227,4.03,1.9788499233936152,26712,15046
235.44970283499998,nodeproxy,4269,0.0,0.0,15964,6801
235.44970283499998,containerd,2398,14.63,4.9471248084840385,83860,82574
235.44970283499998,flanneld,3384,0.31,0.0,41804,42052
235.44970283499998,coredns,3910,2.52,1.9788499233936152,67560,67984
236.47678791699997,nodestore,2538,19.1,8.762662565865337,20576,12939
236.47678791699997,nodeapiserver,2859,39.23,13.630808435790527,165268,155692
236.47678791699997,nodescheduler,4085,0.64,0.0,22604,11822
236.47678791699997,nodecontroller,3837,3.85,0.9736291739850376,49220,38185
236.47678791699997,nodelet,3227,4.04,0.9736291739850376,26712,15030
236.47678791699997,nodeproxy,4269,0.0,0.0,15964,6801
236.47678791699997,containerd,2398,14.69,5.841775043910225,83544,82195
236.47678791699997,flanneld,3384,0.31,0.0,41804,42052
236.47678791699997,coredns,3910,2.53,0.9736291739850376,67560,67984
237.49711476199997,nodestore,2538,19.21,10.780859147149073,20576,12939
237.49711476199997,nodeapiserver,2859,39.45,21.561718294298146,165496,155780
237.49711476199997,nodescheduler,4085,0.64,0.0,22604,11822
237.49711476199997,nodecontroller,3837,3.87,1.9601562085725588,49220,38185
237.49711476199997,nodelet,3227,4.07,2.940234312858838,26800,15070
237.49711476199997,nodeproxy,4269,0.0,0.0,15964,6801
237.49711476199997,containerd,2398,14.78,8.820702938576515,83544,82187
237.49711476199997,flanneld,3384,0.32,0.9800781042862794,41804,42052
237.49711476199997,coredns,3910,2.54,0.9800781042862794,67560,67984
238.51204629499995,nodestore,2538,19.32,10.838169514238757,20576,12955
238.51204629499995,nodeapiserver,2859,39.62,16.749898340187173,165528,155808
238.51204629499995,nodescheduler,4085,0.64,0.0,22604,11830
238.51204629499995,nodecontroller,3837,3.89,1.9705762753161378,49220,38205
238.51204629499995,nodelet,3227,4.08,0.9852881376580689,26800,15070
238.51204629499995,nodeproxy,4269,0.0,0.0,15964,6801
238.51204629499995,containerd,2398,14.84,5.911728825948413,83544,82187
238.51204629499995,flanneld,3384,0.32,0.0,41804,42052
238.51204629499995,coredns,3910,2.55,0.9852881376580689,67560,67984
239.533233821,nodestore,2538,19.41,8.81326864151242,20576,12947
239.533233821,nodeapiserver,2859,39.76,13.709528997908212,165528,155808
239.533233821,nodescheduler,4085,0.64,0.0,22604,11822
239.533233821,nodecontroller,3837,3.91,1.9585041425583156,49220,38189
239.533233821,nodelet,3227,4.09,0.9792520712791578,26800,15066
239.533233821,nodeproxy,4269,0.0,0.0,15964,6801
239.533233821,containerd,2398,14.89,4.896260356395789,83544,82187
239.533233821,flanneld,3384,0.33,0.9792520712791578,41804,42056
239.533233821,coredns,3910,2.56,0.9792520712791578,67560,67984
240.54500047300002,nodestore,2538,19.51,9.883701919046787,20576,12947
240.54500047300002,nodeapiserver,2859,39.95,18.779033646188896,165512,155840
240.54500047300002,nodescheduler,4085,0.65,0.9883701919046788,22604,11822
240.54500047300002,nodecontroller,3837,3.92,0.9883701919046788,49220,38193
240.54500047300002,nodelet,3227,4.12,2.9651105757140366,26800,15050
240.54500047300002,nodeproxy,4269,0.0,0.0,15964,6801
240.54500047300002,containerd,2398,14.98,8.895331727142109,83544,82187
240.54500047300002,flanneld,3384,0.33,0.0,41804,42056
240.54500047300002,coredns,3910,2.57,0.9883701919046788,67560,67984
241.55924035200002,nodestore,2538,19.6,8.873640433931296,20576,12947
241.55924035200002,nodeapiserver,2859,40.09,13.803440675004241,165532,155876
241.55924035200002,nodescheduler,4085,0.65,0.0,22604,11830
241.55924035200002,nodecontroller,3837,3.94,1.9719200964291772,49220,38217
241.55924035200002,nodelet,3227,4.13,0.9859600482145886,26800,15050
241.55924035200002,nodeproxy,4269,0.0,0.0,15964,6801
241.55924035200002,containerd,2398,15.02,3.9438401928583544,83544,82178
241.55924035200002,flanneld,3384,0.33,0.0,41804,42056
241.55924035200002,coredns,3910,2.58,0.9859600482145886,67560,67984
242.608105793,nodestore,2538,19.71,10.487522583938638,20576,12947
242.608105793,nodeapiserver,2859,40.27,17.16140059189959,165500,155880
242.608105793,nodescheduler,4085,0.66,0.9534111439944216,22604,11790
242.608105793,nodecontroller,3837,3.96,1.9068222879888432,49220,38221
242.608105793,nodelet,3227,4.14,0.9534111439944216,26800,15054
242.608105793,nodeproxy,4269,0.0,0.0,15964,6801
242.608105793,containerd,2398,15.06,3.8136445759776865,83544,82183
242.608105793,flanneld,3384,0.33,0.0,41804,42056
242.608105793,coredns,3910,2.59,0.9534111439944216,67560,67984
243.61778145199997,nodestore,2538,19.82,10.894587684618237,20576,12947
243.61778145199997,nodeapiserver,2859,40.44,16.837090058046368,165548,155952
243.61778145199997,nodescheduler,4085,0.66,0.0,22604,11794
243.61778145199997,nodecontroller,3837,3.98,1.9808341244760432,49220,38221
243.61778145199997,nodelet,3227,4.17,2.9712511867140647,26800,15034
243.61778145199997,nodeproxy,4269,0.0,0.0,15964,6801
243.61778145199997,containerd,2398,15.15,8.913753560142194,83544,82183
243.61778145199997,flanneld,3384,0.33,0.0,41804,42056
243.61778145199997,coredns,3910,2.6,0.9904170622380216,67560,67984
244.63340141400005,nodestore,2538,19.92,9.846202688165828,20576,12947
244.63340141400005,nodeapiserver,2859,40.59,14.769304032248744,165516,156008
244.63340141400005,nodescheduler,4085,0.66,0.0,22604,11802
244.63340141400005,nodecontroller,3837,4.0,1.9692405376331659,49220,38221
244.63340141400005,nodelet,3227,4.17,0.0,26800,15034
244.63340141400005,nodeproxy,4269,0.0,0.0,15964,6801
244.63340141400005,containerd,2398,15.18,2.9538608064497485,83544,82174
244.63340141400005,flanneld,3384,0.33,0.0,41804,42056
244.63340141400005,coredns,3910,2.62,1.9692405376331659,67560,67984
245.64660247,nodestore,2538,20.01,8.882738471998179,20576,12939
245.64660247,nodeapiserver,2859,40.74,14.804564119996964,165516,156012
245.64660247,nodescheduler,4085,0.66,0.0,22604,11794
245.64660247,nodecontroller,3837,4.01,0.9869709413331309,49220,38233
245.64660247,nodelet,3227,4.2,2.9609128239993927,26800,15034
245.64660247,nodeproxy,4269,0.0,0.0,15964,6801
245.64660247,containerd,2398,15.25,6.908796589331917,83544,82179
245.64660247,flanneld,3384,0.33,0.0,41804,42056
245.64660247,coredns,3910,2.62,0.0,67560,67984
246.65744118100002,nodestore,2538,20.11,9.892775070027772,20576,12947
246.65744118100002,nodeapiserver,2859,40.94,19.785550140055545,165508,155996
246.65744118100002,nodescheduler,4085,0.66,0.0,22604,11794
246.65744118100002,nodecontroller,3837,4.03,1.9785550140055543,49220,38241
246.65744118100002,nodelet,3227,4.22,1.9785550140055543,26800,15034
246.65744118100002,nodeproxy,4269,0.0,0.0,15964,6801
246.65744118100002,containerd,2398,15.34,8.903497563024995,83544,82199
246.65744118100002,flanneld,3384,0.33,0.0,41804,42056
246.65744118100002,coredns,3910,2.64,1.9785550140055543,67560,67984
247.671960115,nodestore,2538,20.21,9.856888486617772,20576,12947
247.671960115,nodeapiserver,2859,41.09,14.785332729926656,165652,156140
247.671960115,nodescheduler,4085,0.67,0.9856888486617771,22604,11802
247.671960115,nodecontroller,3837,4.04,0.9856888486617771,49220,38241
247.671960115,nodelet,3227,4.22,0.0,26928,15042
247.671960115,nodeproxy,4269,0.0,0.0,15964,6801
247.671960115,containerd,2398,15.38,3.9427553946471083,83544,82198
247.671960115,flanneld,3384,0.33,0.0,41804,42056
247.671960115,coredns,3910,2.65,0.9856888486617771,67560,67984
248.72029674799995,nodestore,2538,20.31,9.53892069132755,20576,12947
248.72029674799995,nodeapiserver,2859,41.27,17.17005724438959,165728,156160
248.72029674799995,nodescheduler,4085,0.67,0.0,22604,11794
248.72029674799995,nodecontroller,3837,4.06,1.90778413826551,49348,38273
248.72029674799995,nodelet,3227,4.25,2.8616762073982653,26928,15038
248.72029674799995,nodeproxy,4269,0.0,0.0,15964,6801
248.72029674799995,containerd,2398,15.46,7.63113655306204,83544,82199
248.72029674799995,flanneld,3384,0.33,0.0,41804,42056
248.72029674799995,coredns,3910,2.65,0.0,67688,67992
249.733899593,nodestore,2538,20.41,9.865797091364357,20576,12947
249.733899593,nodeapiserver,2859,41.44,16.771855055319406,165744,156176
249.733899593,nodescheduler,4085,0.67,0.0,22604,11802
249.733899593,nodecontroller,3837,4.08,1.9731594182728716,49348,38241
249.733899593,nodelet,3227,4.27,1.9731594182728716,26928,15062
249.733899593,nodeproxy,4269,0.0,0.0,15964,6801
249.733899593,containerd,2398,15.53,6.9060579639550514,83544,82199
249.733899593,flanneld,3384,0.33,0.0,41804,42056
249.733899593,coredns,3910,2.67,1.9731594182728716,67688,67992
250.76051971400005,nodestore,2538,20.51,9.740701351400235,20576,12947
250.76051971400005,nodeapiserver,2859,41.59,14.611052027100351,165744,156188
250.76051971400005,nodescheduler,4085,0.67,0.0,22604,11794
250.76051971400005,nodecontroller,3837,4.09,0.9740701351400234,49348,38241
250.76051971400005,nodelet,3227,4.27,0.0,26928,15038
250.76051971400005,nodeproxy,4269,0.0,0.0,15964,6801
250.76051971400005,containerd,2398,15.56,2.92221040542007,83544,82199
250.76051971400005,flanneld,3384,0.33,0.0,41804,42056
250.76051971400005,coredns,3910,2.68,0.9740701351400234,67688,67992
251.77695201499995,nodestore,2538,20.62,10.822166896092309,20576,12947
251.77695201499995,nodeapiserver,2859,41.76,16.72516702123357,165732,156256
251.77695201499995,nodescheduler,4085,0.68,0.9838333541902099,22604,11794
251.77695201499995,nodecontroller,3837,4.11,1.9676667083804198,49348,38241
251.77695201499995,nodelet,3227,4.3,2.95150006257063,26928,15038
251.77695201499995,nodeproxy,4269,0.0,0.0,15964,6801
251.77695201499995,containerd,2398,15.64,7.870666833521679,83672,82383
251.77695201499995,flanneld,3384,0.33,0.0,41804,42056
251.77695201499995,coredns,3910,2.69,0.9838333541902099,67688,67992
252.79151133800002,nodestore,2538,20.72,9.856496089779954,20576,12947
252.79151133800002,nodeapiserver,2859,41.93,16.75604335262592,165844,156300
252.79151133800002,nodescheduler,4085,0.68,0.0,22604,11802
252.79151133800002,nodecontroller,3837,4.13,1.9712992179559907,49348,38241
252.79151133800002,nodelet,3227,4.32,1.9712992179559907,26928,15038
252.79151133800002,nodeproxy,4269,0.0,0.0,15964,6801
252.79151133800002,containerd,2398,15.7,5.913897653867972,83672,82415
252.79151133800002,flanneld,3384,0.34,0.9856496089779954,41804,42056
252.79151133800002,coredns,3910,2.7,0.9856496089779954,67688,67992
253.81162128199998,nodestore,2538,20.82,9.802864935115698,20576,12947
253.81162128199998,nodeapiserver,2859,42.08,14.704297402673548,165936,156336
253.81162128199998,nodescheduler,4085,0.68,0.0,22604,11794
253.81162128199998,nodecontroller,3837,4.14,0.9802864935115698,49348,38241
253.81162128199998,nodelet,3227,4.32,0.0,26928,15038
253.81162128199998,nodeproxy,4269,0.0,0.0,15964,6801
253.81162128199998,containerd,2398,15.73,2.9408594805347095,83672,82419
253.81162128199998,flanneld,3384,0.34,0.0,41804,42056
253.81162128199998,coredns,3910,2.71,0.9802864935115698,67688,67992
254.83566165200006,nodestore,2538,20.92,9.765240016855216,20576,12947
254.83566165200006,nodeapiserver,2859,42.26,17.577432030339388,165924,156364
254.83566165200006,nodescheduler,4085,0.68,0.0,22604,11794
254.83566165200006,nodecontroller,3837,4.16,1.9530480033710431,49348,38241
254.83566165200006,nodelet,3227,4.35,2.929572005056565,26928,15038
254.83566165200006,nodeproxy,4269,0.0,0.0,15964,6801
254.83566165200006,containerd,2398,15.82,8.788716015169694,83672,82423
254.83566165200006,flanneld,3384,0.34,0.0,41804,42056
254.83566165200006,coredns,3910,2.73,1.9530480033710431,67688,67992
255.85429513000003,nodestore,2538,21.02,9.817073771848188,20576,12947
255.85429513000003,nodeapiserver,2859,42.42,15.7073180349571,166084,156448
255.85429513000003,nodescheduler,4085,0.68,0.0,22604,11802
255.85429513000003,nodecontroller,3837,4.17,0.9817073771848187,49348,38241
255.85429513000003,nodelet,3227,4.37,1.9634147543696374,26928,15034
255.85429513000003,nodeproxy,4269,0.0,0.0,15964,6801
255.85429513000003,containerd,2398,15.87,4.908536885924094,83672,82415
255.85429513000003,flanneld,3384,0.34,0.0,41804,42056
255.85429513000003,coredns,3910,2.73,0.0,67688,67992
256.865592382,nodestore,2538,21.13,10.877118451816383,20576,12947
256.865592382,nodeapiserver,2859,42.56,13.843605302311762,166212,156516
256.865592382,nodescheduler,4085,0.69,0.9888289501651257,22604,11794
256.865592382,nodecontroller,3837,4.19,1.9776579003302515,49348,38241
256.865592382,nodelet,3227,4.38,0.9888289501651257,27056,15046
256.865592382,nodeproxy,4269,0.0,0.0,15964,6801
256.865592382,containerd,2398,15.93,5.932973700990754,83672,82415
256.865592382,flanneld,3384,0.34,0.0,41804,42056
256.865592382,coredns,3910,2.74,0.9888289501651257,67688,67992
257.880800146,nodestore,2538,21.23,9.85020047581094,20576,12947
257.880800146,nodeapiserver,2859,42.77,20.685420999202975,166204,156580
257.880800146,nodescheduler,4085,0.7,0.985020047581094,22604,11794
257.880800146,nodecontroller,3837,4.21,1.970040095162188,49348,38241
257.880800146,nodelet,3227,4.41,2.955060142743282,27044,15058
257.880800146,nodeproxy,4269,0.0,0.0,15964,6801
257.880800146,containerd,2398,16.02,8.865180428229847,83800,82415
257.880800146,flanneld,3384,0.34,0.0,41804,42056
257.880800146,coredns,3910,2.75,0.985020047581094,67688,67992
258.89600047000005,nodestore,2538,21.33,9.850272664018245,20576,12947
258.89600047000005,nodeapiserver,2859,42.93,15.760436262429192,166132,156604
258.89600047000005,nodescheduler,4085,0.7,0.0,22604,11802
258.89600047000005,nodecontroller,3837,4.22,0.9850272664018245,49348,38241
258.89600047000005,nodelet,3227,4.42,0.9850272664018245,27044,15058
258.89600047000005,nodeproxy,4269,0.0,0.0,15964,6801
258.89600047000005,containerd,2398,16.08,5.910163598410946,83800,82422
258.89600047000005,flanneld,3384,0.34,0.0,41804,42056
258.89600047000005,coredns,3910,2.76,0.9850272664018245,67688,67992
259.927039245,nodestore,2538,21.42,8.729060650507913,20576,12947
259.927039245,nodeapiserver,2859,43.07,13.578538789678976,166132,156616
259.927039245,nodescheduler,4085,0.7,0.0,22604,11802
259.927039245,nodecontroller,3837,4.23,0.9698956278342125,49348,38193
259.927039245,nodelet,3227,4.44,1.939791255668425,27044,15058
259.927039245,nodeproxy,4269,0.0,0.0,15964,6801
259.927039245,containerd,2398,16.11,2.9096868835026375,83800,82423
259.927039245,flanneld,3384,0.34,0.0,41804,42056
259.927039245,coredns,3910,2.78,1.939791255668425,67688,67992
260.951349635,nodestore,2538,21.66,23.430397889452642,20704,12939
260.951349635,nodeapiserver,2859,43.71,62.48106103854038,166664,157084
260.951349635,nodescheduler,4085,0.72,1.952533157454387,22604,11930
260.951349635,nodecontroller,3837,4.34,10.738932365999128,49984,39049
260.951349635,nodelet,3227,4.46,1.952533157454387,27044,15418
260.951349635,nodeproxy,4269,0.0,0.0,15964,6765
260.951349635,containerd,2398,16.31,19.52533157454387,83928,82562
260.951349635,flanneld,3384,0.34,0.0,41804,42056
260.951349635,coredns,3910,2.78,0.0,67688,67992
261.97257252,nodestore,2538,21.94,27.41810863355146,20704,12959
261.97257252,nodeapiserver,2859,44.17,45.0440356122631,166860,157448
261.97257252,nodescheduler,4085,0.74,1.958436330967961,22604,11826
261.97257252,nodecontroller,3837,4.44,9.792181654839805,49848,38781
261.97257252,nodelet,3227,4.49,2.9376544964519415,27040,15114
261.97257252,nodeproxy,4269,0.0,0.0,15964,6769
261.97257252,containerd,2398,16.52,20.56358147516359,86360,85070
261.97257252,flanneld,3384,0.34,0.0,41804,42056
261.97257252,coredns,3910,2.8,1.958436330967961,67688,67992
263.023233036,nodestore,2538,22.03,8.566039993835702,20704,12959
263.023233036,nodeapiserver,2859,44.34,16.180297766134103,166860,157500
263.023233036,nodescheduler,4085,0.76,1.9035644430746004,22604,11842
263.023233036,nodecontroller,3837,4.45,0.9517822215373002,49848,38617
263.023233036,nodelet,3227,4.51,1.9035644430746004,27040,15074
263.023233036,nodeproxy,4269,0.0,0.0,15964,6769
263.023233036,containerd,2398,16.59,6.662475550761102,86616,85367
263.023233036,flanneld,3384,0.35,0.9517822215373002,41804,42056
263.023233036,coredns,3910,2.8,0.0,67688,67992
264.034265372,nodestore,2538,22.15,11.86905657980888,20704,12959
264.034265372,nodeapiserver,2859,44.57,22.749025111300355,167008,157624
264.034265372,nodescheduler,4085,0.76,0.0,22604,11858
264.034265372,nodecontroller,3837,4.48,2.96726414495222,49712,38473
264.034265372,nodelet,3227,4.52,0.9890880483174067,26896,14966
264.034265372,nodeproxy,4269,0.0,0.0,15964,6769
264.034265372,containerd,2398,16.66,6.923616338221848,86744,85523
264.034265372,flanneld,3384,0.36,0.9890880483174067,41804,42056
264.034265372,coredns,3910,2.82,1.9781760966348134,67688,67992
265.048766713,nodestore,2538,22.25,9.857059420091717,20704,12951
265.048766713,nodeapiserver,2859,44.7,12.814177246119232,167104,157640
265.048766713,nodescheduler,4085,0.76,0.0,22604,11858
265.048766713,nodecontroller,3837,4.48,0.0,49712,38473
265.048766713,nodelet,3227,4.53,0.9857059420091717,26896,14966
265.048766713,nodeproxy,4269,0.0,0.0,15964,6769
265.048766713,containerd,2398,16.67,0.9857059420091717,86872,85651
265.048766713,flanneld,3384,0.36,0.0,41804,42056
265.048766713,coredns,3910,2.82,0.0,67688,67992
266.06689525999997,nodestore,2538,22.36,10.804136700039486,20704,12951
266.06689525999997,nodeapiserver,2859,44.86,15.715107927330163,167196,157628
266.06689525999997,nodescheduler,4085,0.77,0.9821942454581352,22604,11874
266.06689525999997,nodecontroller,3837,4.51,2.9465827363744053,49712,38473
266.06689525999997,nodelet,3227,4.56,2.9465827363744053,26896,14966
266.06689525999997,nodeproxy,4269,0.0,0.0,15964,6769
266.06689525999997,containerd,2398,16.73,5.8931654727488105,87128,85767
266.06689525999997,flanneld,3384,0.36,0.0,41804,42056
266.06689525999997,coredns,3910,2.83,0.9821942454581352,67688,67992
267.08278421999995,nodestore,2538,22.46,9.84359550476871,20704,12951
267.08278421999995,nodeapiserver,2859,45.05,18.702831459060548,167292,157676
267.08278421999995,nodescheduler,4085,0.77,0.0,22604,11882
267.08278421999995,nodecontroller,3837,4.52,0.984359550476871,49712,38517
267.08278421999995,nodelet,3227,4.58,1.968719100953742,26896,14962
267.08278421999995,nodeproxy,4269,0.0,0.0,15964,6769
267.08278421999995,containerd,2398,16.81,7.874876403814968,85788,84423
267.08278421999995,flanneld,3384,0.36,0.0,41804,42056
267.08278421999995,coredns,3910,2.84,0.984359550476871,67688,67992
268.101673498,nodestore,2538,22.56,9.814609119872662,20704,12959
268.101673498,nodeapiserver,2859,45.16,10.796070031859928,167376,157700
268.101673498,nodescheduler,4085,0.77,0.0,22604,11882
268.101673498,nodecontroller,3837,4.52,0.0,49712,38517
268.101673498,nodelet,3227,4.58,0.0,27016,14974
268.101673498,nodeproxy,4269,0.0,0.0,15964,6769
268.101673498,containerd,2398,16.83,1.9629218239745323,85788,84423
268.101673498,flanneld,3384,0.36,0.0,41804,42056
268.101673498,coredns,3910,2.86,1.9629218239745323,67688,67992
269.125783203,nodestore,2538,22.67,10.741036772032144,20704,12959
269.125783203,nodeapiserver,2859,45.34,17.576241990598056,167452,157736
269.125783203,nodescheduler,4085,0.77,0.0,22604,11894
269.125783203,nodecontroller,3837,4.53,0.9764578883665586,49712,38649
269.125783203,nodelet,3227,4.6,1.9529157767331171,27016,15014
269.125783203,nodeproxy,4269,0.0,0.0,15964,6769
269.125783203,containerd,2398,16.89,5.858747330199352,85788,84415
269.125783203,flanneld,3384,0.36,0.0,41804,42056
269.125783203,coredns,3910,2.87,0.9764578883665586,67688,67992
270.149344279,nodestore,2538,22.78,10.746793970504973,20704,12959
270.149344279,nodeapiserver,2859,45.51,16.60868159078041,167408,157772
270.149344279,nodescheduler,4085,0.77,0.0,22604,11922
270.149344279,nodecontroller,3837,4.55,1.953962540091813,49840,38817
270.149344279,nodelet,3227,4.62,1.953962540091813,27016,14986
270.149344279,nodeproxy,4269,0.0,0.0,15964,6769
270.149344279,containerd,2398,16.97,7.815850160367252,85788,84407
270.149344279,flanneld,3384,0.36,0.0,41804,42056
270.149344279,coredns,3910,2.88,0.9769812700459065,67688,67992
271.17787211599995,nodestore,2538,22.87,8.750370846793508,20704,12959
271.17787211599995,nodeapiserver,2859,45.62,10.69489770163651,167396,157772
271.17787211599995,nodescheduler,4085,0.77,0.0,22604,11922
271.17787211599995,nodecontroller,3837,4.55,0.0,49840,38801
271.17787211599995,nodelet,3227,4.63,0.9722634274215008,27016,14974
271.17787211599995,nodeproxy,4269,0.0,0.0,15964,6769
271.17787211599995,containerd,2398,16.97,0.0,85788,84407
271.17787211599995,flanneld,3384,0.36,0.0,41804,42056
271.17787211599995,coredns,3910,2.89,0.9722634274215008,67688,67992
272.197621245,nodestore,2538,22.98,10.78696680112535,20704,12959
272.197621245,nodeapiserver,2859,45.79,16.67076687446645,167452,157828
272.197621245,nodescheduler,4085,0.78,0.98063334555685,22604,11938
272.197621245,nodecontroller,3837,4.58,2.94190003667055,49840,38945
272.197621245,nodelet,3227,4.64,0.98063334555685,27016,14962
272.197621245,nodeproxy,4269,0.0,0.0,15964,6769
272.197621245,containerd,2398,17.03,5.8838000733411,85788,84399
272.197621245,flanneld,3384,0.36,0.0,41804,42056
272.197621245,coredns,3910,2.9,0.98063334555685,67688,67996
273.208844995,nodestore,2538,23.09,10.877909068096956,20704,12959
273.208844995,nodeapiserver,2859,45.98,18.789115663076558,167608,157896
273.208844995,nodescheduler,4085,0.78,0.0,22604,11950
273.208844995,nodecontroller,3837,4.59,0.9889008243724505,49968,39113
273.208844995,nodelet,3227,4.66,1.977801648744901,27016,14978
273.208844995,nodeproxy,4269,0.0,0.0,15964,6769
273.208844995,containerd,2398,17.09,5.933404946234703,85788,84391
273.208844995,flanneld,3384,0.36,0.0,41804,42056
273.208844995,coredns,3910,2.91,0.9889008243724505,67688,67996
274.22138439300005,nodestore,2538,23.19,9.876158912682058,20704,12959
274.22138439300005,nodeapiserver,2859,46.11,12.839006586486676,167608,157896
274.22138439300005,nodescheduler,4085,0.78,0.0,22604,11950
274.22138439300005,nodecontroller,3837,4.6,0.9876158912682058,49968,39105
274.22138439300005,nodelet,3227,4.67,0.9876158912682058,27016,14978
274.22138439300005,nodeproxy,4269,0.0,0.0,15964,6769
274.22138439300005,containerd,2398,17.1,0.9876158912682058,85788,84391
274.22138439300005,flanneld,3384,0.37,0.9876158912682058,41804,42056
274.22138439300005,coredns,3910,2.93,1.9752317825364116,67688,67996
275.23310559500004,nodestore,2538,23.29,9.884145928969176,20704,12959
275.23310559500004,nodeapiserver,2859,46.28,16.8030480792476,167560,157940
275.23310559500004,nodescheduler,4085,0.78,0.0,22732,11954
275.23310559500004,nodecontroller,3837,4.62,1.9768291857938352,50224,39261
275.23310559500004,nodelet,3227,4.69,1.9768291857938352,27016,14974
275.23310559500004,nodeproxy,4269,0.0,0.0,15964,6769
275.23310559500004,containerd,2398,17.15,4.942072964484588,85788,84383
275.23310559500004,flanneld,3384,0.37,0.0,41804,42056
275.23310559500004,coredns,3910,2.93,0.0,67688,67996
276.24441673999996,nodestore,2538,23.4,10.876969026185156,20704,12967
276.24441673999996,nodeapiserver,2859,46.45,16.80986122228615,167684,157984
276.24441673999996,nodescheduler,4085,0.78,0.0,22732,11978
276.24441673999996,nodecontroller,3837,4.63,0.9888153660168323,50480,39469
276.24441673999996,nodelet,3227,4.71,1.9776307320336646,27016,14974
276.24441673999996,nodeproxy,4269,0.0,0.0,15964,6769
276.24441673999996,containerd,2398,17.24,8.899338294151491,85788,84375
276.24441673999996,flanneld,3384,0.37,0.0,41804,42056
276.24441673999996,coredns,3910,2.95,1.9776307320336646,67688,67996
277.26177515,nodestore,2538,23.49,8.846439869701006,20704,12959
277.26177515,nodeapiserver,2859,46.57,11.795253159601343,167684,157984
277.26177515,nodescheduler,4085,0.78,0.0,22732,11978
277.26177515,nodecontroller,3837,4.64,0.9829377633001118,50736,39725
277.26177515,nodelet,3227,4.71,0.0,27016,14974
277.26177515,nodeproxy,4269,0.0,0.0,15964,6769
277.26177515,containerd,2398,17.25,0.9829377633001118,85788,84375
277.26177515,flanneld,3384,0.37,0.0,41804,42056
277.26177515,coredns,3910,2.95,0.0,67688,67996
278.28077055600005,nodestore,2538,23.59,9.813586931911606,20704,12959
278.28077055600005,nodeapiserver,2859,46.79,21.589891250205536,167592,158176
278.28077055600005,nodescheduler,4085,0.79,0.9813586931911608,22732,11990
278.28077055600005,nodecontroller,3837,4.67,2.9440760795734824,51064,40049
278.28077055600005,nodelet,3227,4.74,2.9440760795734824,26824,14970
278.28077055600005,nodeproxy,4269,0.0,0.0,15964,6769
278.28077055600005,containerd,2398,17.32,6.869510852338126,85788,84371
278.28077055600005,flanneld,3384,0.37,0.0,41804,42056
278.28077055600005,coredns,3910,2.97,1.9627173863823215,67688,68064
279.292240254,nodestore,2538,23.7,10.875264006179632,20704,12959
279.292240254,nodeapiserver,2859,46.96,16.80722619136852,167920,158288
279.292240254,nodescheduler,4085,0.79,0.0,22732,11990
279.292240254,nodecontroller,3837,4.69,1.9773207283962968,51192,40105
279.292240254,nodelet,3227,4.75,0.9886603641981484,26824,14978
279.292240254,nodeproxy,4269,0.0,0.0,15964,6769
279.292240254,containerd,2398,17.37,4.943301820990742,85788,84366
279.292240254,flanneld,3384,0.37,0.0,41804,42056
279.292240254,coredns,3910,2.97,0.0,67688,68064
280.315690547,nodestore,2538,23.8,9.770870230236024,20704,12959
280.315690547,nodeapiserver,2859,47.09,12.702131299306831,167920,158260
280.315690547,nodescheduler,4085,0.79,0.0,22732,11990
280.315690547,nodecontroller,3837,4.7,0.9770870230236025,51192,40109
280.315690547,nodelet,3227,4.76,0.9770870230236025,26824,14954
280.315690547,nodeproxy,4269,0.0,0.0,15964,6769
280.315690547,containerd,2398,17.4,2.9312610690708074,85788,84427
280.315690547,flanneld,3384,0.37,0.0,41804,42056
280.315690547,coredns,3910,2.99,1.954174046047205,67688,68064
281.33539857399995,nodestore,2538,23.9,9.806728725496448,20704,12959
281.33539857399995,nodeapiserver,2859,47.26,16.671438833343963,167816,158292
281.33539857399995,nodescheduler,4085,0.79,0.0,22732,12014
281.33539857399995,nodecontroller,3837,4.71,0.9806728725496449,51192,40197
281.33539857399995,nodelet,3227,4.78,1.9613457450992897,26824,14946
281.33539857399995,nodeproxy,4269,0.0,0.0,15964,6769
281.33539857399995,containerd,2398,17.45,4.903364362748224,85788,84435
281.33539857399995,flanneld,3384,0.37,0.0,41804,42056
281.33539857399995,coredns,3910,3.0,0.9806728725496449,67688,68064
282.350686562,nodestore,2538,24.0,9.849422152327609,20832,12959
282.350686562,nodeapiserver,2859,47.44,17.728959874189698,168024,158368
282.350686562,nodescheduler,4085,0.79,0.0,22732,12018
282.350686562,nodecontroller,3837,4.73,1.9698844304655219,51320,40353
282.350686562,nodelet,3227,4.79,0.9849422152327609,26824,14946
282.350686562,nodeproxy,4269,0.0,0.0,15964,6769
282.350686562,containerd,2398,17.48,2.9548266456982826,85788,84426
282.350686562,flanneld,3384,0.37,0.0,41804,42056
282.350686562,coredns,3910,3.01,0.9849422152327609,67688,68064
283.37100037299996,nodestore,2538,24.1,9.800906242952557,20832,12959
283.37100037299996,nodeapiserver,2859,47.58,13.721268740133581,168024,158368
283.37100037299996,nodescheduler,4085,0.8,0.9800906242952557,22732,12026
283.37100037299996,nodecontroller,3837,4.74,0.9800906242952557,51448,40373
283.37100037299996,nodelet,3227,4.81,1.9601812485905115,26824,14946
283.37100037299996,nodeproxy,4269,0.0,0.0,15964,6769
283.37100037299996,containerd,2398,17.53,4.9004531214762785,85788,84563
283.37100037299996,flanneld,3384,0.37,0.0,41804,42056
283.37100037299996,coredns,3910,3.02,0.9800906242952557,67688,68064
284.38177619699997,nodestore,2538,24.2,9.893390564513476,20832,12959
284.38177619699997,nodeapiserver,2859,47.75,16.81876395967291,167988,158440
284.38177619699997,nodescheduler,4085,0.8,0.0,22732,12034
284.38177619699997,nodecontroller,3837,4.76,1.9786781129026954,51704,40613
284.38177619699997,nodelet,3227,4.83,1.9786781129026954,26824,14946
284.38177619699997,nodeproxy,4269,0.0,0.0,15964,6769
284.38177619699997,containerd,2398,17.59,5.936034338708086,86044,84839
284.38177619699997,flanneld,3384,0.38,0.9893390564513477,41804,42056
284.38177619699997,coredns,3910,3.02,0.0,67688,68068
285.405208943,nodestore,2538,24.31,10.748141529565364,20832,12959
285.405208943,nodeapiserver,2859,47.91,15.633660406640532,168180,158492
285.405208943,nodescheduler,4085,0.8,0.0,22732,12050
285.405208943,nodecontroller,3837,4.77,0.9771037754150332,51832,40821
285.405208943,nodelet,3227,4.83,0.0,26824,14946
285.405208943,nodeproxy,4269,0.0,0.0,15964,6769
285.405208943,containerd,2398,17.61,1.9542075508300665,86044,84843
285.405208943,flanneld,3384,0.38,0.0,41804,42056
285.405208943,coredns,3910,3.04,1.9542075508300665,67688,68068
286.417359298,nodestore,2538,24.4,8.891959535003917,20832,12959
286.417359298,nodeapiserver,2859,48.03,11.855946046671887,168180,158492
286.417359298,nodescheduler,4085,0.8,0.0,22732,12058
286.417359298,nodecontroller,3837,4.78,0.987995503889324,51832,40881
286.417359298,nodelet,3227,4.85,1.975991007778648,26824,14946
286.417359298,nodeproxy,4269,0.0,0.0,15964,6769
286.417359298,containerd,2398,17.69,7.903964031114592,86044,84851
286.417359298,flanneld,3384,0.38,0.0,41804,42056
286.417359298,coredns,3910,3.05,0.987995503889324,67688,68068
287.43366430199995,nodestore,2538,24.5,9.839565839627145,20832,12959
287.43366430199995,nodeapiserver,2859,48.31,27.55078435095601,168372,158676
287.43366430199995,nodescheduler,4085,0.81,0.9839565839627146,22732,12078
287.43366430199995,nodecontroller,3837,4.84,5.903739503776287,51704,40577
287.43366430199995,nodelet,3227,4.88,2.9518697518881436,26948,15338
287.43366430199995,nodeproxy,4269,0.0,0.0,15964,6769
287.43366430199995,containerd,2398,17.93,23.61495801510515,88860,87463
287.43366430199995,flanneld,3384,0.38,0.0,41804,42056
287.43366430199995,coredns,3910,3.06,0.9839565839627146,67688,68068
288.460172259,nodestore,2538,24.61,10.71594226327037,20700,12959
288.460172259,nodeapiserver,2859,48.53,21.43188452654074,168224,158716
288.460172259,nodescheduler,4085,0.82,0.9741765693882153,22732,11958
288.460172259,nodecontroller,3837,4.86,1.9483531387764306,51416,40085
288.460172259,nodelet,3227,4.93,4.870882846941076,26916,14930
288.460172259,nodeproxy,4269,0.0,0.0,15964,6769
288.460172259,containerd,2398,18.12,18.509354818376092,88852,87451
288.460172259,flanneld,3384,0.38,0.0,41804,42056
288.460172259,coredns,3910,3.07,0.9741765693882153,67688,68068
289.474314206,nodestore,2538,24.72,10.84660784670232,20700,12959
289.474314206,nodeapiserver,2859,48.69,15.776884140657918,168388,158724
289.474314206,nodescheduler,4085,0.82,0.0,22732,11942
289.474314206,nodecontroller,3837,4.87,0.9860552587911199,51416,40085
289.474314206,nodelet,3227,4.95,1.9721105175822398,26916,14930
289.474314206,nodeproxy,4269,0.0,0.0,15964,6769
289.474314206,containerd,2398,18.19,6.90238681153784,86104,84687
289.474314206,flanneld,3384,0.38,0.0,41804,42056
289.474314206,coredns,3910,3.08,0.9860552587911199,67688,68068
290.503126444,nodestore,2538,24.83,10.691941244190366,20700,12959
290.503126444,nodeapiserver,2859,48.85,15.55191453700417,168388,158736
290.503126444,nodescheduler,4085,0.82,0.0,22732,11926
290.503126444,nodecontroller,3837,4.9,2.915983975688282,51416,40085
290.503126444,nodelet,3227,4.96,0.9719946585627606,26916,14930
290.503126444,nodeproxy,4269,0.0,0.0,15964,6769
290.503126444,containerd,2398,18.23,3.8879786342510423,86104,84687
290.503126444,flanneld,3384,0.38,0.0,41804,42056
290.503126444,coredns,3910,3.09,0.9719946585627606,67688,68068
291.51914341,nodestore,2538,24.94,10.826590862262666,20700,12959
291.51914341,nodeapiserver,2859,49.04,18.700475125726424,168448,158768
291.51914341,nodescheduler,4085,0.83,0.9842355329329696,22732,11894
291.51914341,nodecontroller,3837,4.91,0.9842355329329696,51416,40077
291.51914341,nodelet,3227,4.99,2.9527065987989087,26788,14874
291.51914341,nodeproxy,4269,0.0,0.0,15964,6769
291.51914341,containerd,2398,18.35,11.810826395195635,85788,84267
291.51914341,flanneld,3384,0.38,0.0,41804,42056
291.51914341,coredns,3910,3.11,1.9684710658659392,67688,68068
292.555513255,nodestore,2538,25.05,10.613971501650886,20700,12959
292.555513255,nodeapiserver,2859,49.2,15.438504002401288,168544,158800
292.555513255,nodescheduler,4085,0.83,0.0,22732,11902
292.555513255,nodecontroller,3837,4.93,1.929813000300161,51416,40077
292.555513255,nodelet,3227,4.99,0.0,26788,14874
292.555513255,nodeproxy,4269,0.0,0.0,15964,6769
292.555513255,containerd,2398,18.38,2.8947195004502415,85788,84262
292.555513255,flanneld,3384,0.38,0.0,41804,42056
292.555513255,coredns,3910,3.11,0.0,67688,68068
293.57646172200003,nodestore,2538,25.15,9.794813669081709,20700,12959
293.57646172200003,nodeapiserver,2859,49.36,15.671701870530732,168544,158800
293.57646172200003,nodescheduler,4085,0.83,0.0,22732,11894
293.57646172200003,nodecontroller,3837,4.95,1.9589627338163416,51416,40077
293.57646172200003,nodelet,3227,5.01,1.9589627338163416,26788,14906
293.57646172200003,nodeproxy,4269,0.0,0.0,15964,6769
293.57646172200003,containerd,2398,18.44,5.876888201449025,85788,84267
293.57646172200003,flanneld,3384,0.38,0.0,41804,42056
293.57646172200003,coredns,3910,3.12,0.9794813669081708,67688,68068
294.586873282,nodestore,2538,25.26,10.886652959513222,20700,12959
294.586873282,nodeapiserver,2859,49.55,18.80421874825011,168540,158852
294.586873282,nodescheduler,4085,0.84,0.9896957235921111,22732,11894
294.586873282,nodecontroller,3837,4.96,0.9896957235921111,51416,40077
294.586873282,nodelet,3227,5.04,2.969087170776333,26916,14906
294.586873282,nodeproxy,4269,0.0,0.0,15964,6769
294.586873282,containerd,2398,18.53,8.907261512328999,84464,82851
294.586873282,flanneld,3384,0.39,0.9896957235921111,41804,42056
294.586873282,coredns,3910,3.13,0.9896957235921111,67688,68068
295.603888175,nodestore,2538,25.35,8.849427930648716,20700,12959
295.603888175,nodeapiserver,2859,49.69,13.765776781009116,168388,158904
295.603888175,nodescheduler,4085,0.84,0.0,22732,11902
295.603888175,nodecontroller,3837,4.97,0.9832697700720795,51416,40077
295.603888175,nodelet,3227,5.04,0.0,26916,14906
295.603888175,nodeproxy,4269,0.0,0.0,15964,6769
295.603888175,containerd,2398,18.55,1.966539540144159,84464,82842
295.603888175,flanneld,3384,0.39,0.0,41804,42056
295.603888175,coredns,3910,3.14,0.9832697700720795,67688,68068
296.63181122500004,nodestore,2538,25.45,9.72835466623668,20700,12959
296.63181122500004,nodeapiserver,2859,49.84,14.59253199935502,168372,158924
296.63181122500004,nodescheduler,4085,0.84,0.0,22732,11894
296.63181122500004,nodecontroller,3837,4.99,1.945670933247336,51416,40077
296.63181122500004,nodelet,3227,5.07,2.918506399871004,26916,14918
296.63181122500004,nodeproxy,4269,0.0,0.0,15964,6769
296.63181122500004,containerd,2398,18.64,8.755519199613012,84464,82851
296.63181122500004,flanneld,3384,0.39,0.0,41804,42056
296.63181122500004,coredns,3910,3.16,1.945670933247336,67688,68072
297.64281203499996,nodestore,2538,25.56,10.88030780113894,20700,12959
297.64281203499996,nodeapiserver,2859,50.01,16.815021147214726,168468,158968
297.64281203499996,nodescheduler,4085,0.84,0.0,22732,11898
297.64281203499996,nodecontroller,3837,5.01,1.9782377820252617,51416,40077
297.64281203499996,nodelet,3227,5.08,0.9891188910126308,26784,14918
297.64281203499996,nodeproxy,4269,0.0,0.0,15964,6769
297.64281203499996,containerd,2398,18.71,6.923832237088416,84464,82843
297.64281203499996,flanneld,3384,0.39,0.0,41804,42056
297.64281203499996,coredns,3910,3.16,0.0,67688,68072
298.66700250699995,nodestore,2538,25.66,9.76380885527329,20700,12963
298.66700250699995,nodeapiserver,2859,50.17,15.622094168437265,168540,159032
298.66700250699995,nodescheduler,4085,0.84,0.0,22732,11906
298.66700250699995,nodecontroller,3837,5.02,0.976380885527329,51416,40077
298.66700250699995,nodelet,3227,5.1,1.952761771054658,26772,14946
298.66700250699995,nodeproxy,4269,0.0,0.0,15964,6769
298.66700250699995,containerd,2398,18.76,4.881904427636645,84464,82843
298.66700250699995,flanneld,3384,0.39,0.0,41804,42056
298.66700250699995,coredns,3910,3.17,0.976380885527329,67688,68072
299.67878882300005,nodestore,2538,25.77,10.871860812949496,20700,12951
299.67878882300005,nodeapiserver,2859,50.34,16.80196671092195,168768,159084
299.67878882300005,nodescheduler,4085,0.85,0.9883509829954087,22732,11898
299.67878882300005,nodecontroller,3837,5.03,0.9883509829954087,51416,40077
299.67878882300005,nodelet,3227,5.12,1.9767019659908174,26772,14954
299.67878882300005,nodeproxy,4269,0.0,0.0,15964,6769
299.67878882300005,containerd,2398,18.83,6.918456880967861,84464,82843
299.67878882300005,flanneld,3384,0.39,0.0,41804,42056
299.67878882300005,coredns,3910,3.18,0.9883509829954087,67688,68072
300.69077046499996,nodestore,2538,25.88,10.869762398319258,20700,12951
300.69077046499996,nodeapiserver,2859,50.52,17.786883924522424,168588,159120
300.69077046499996,nodescheduler,4085,0.85,0.0,22732,11906
300.69077046499996,nodecontroller,3837,5.05,1.976320436058047,51416,40077
300.69077046499996,nodelet,3227,5.14,1.976320436058047,26772,14954
300.69077046499996,nodeproxy,4269,0.0,0.0,15964,6769
300.69077046499996,containerd,2398,18.9,6.917121526203165,84464,82835
300.69077046499996,flanneld,3384,0.39,0.0,41804,42056
300.69077046499996,coredns,3910,3.2,1.976320436058047,67688,68072
