elapsed_seconds,component,pid,cpu_seconds,cpu_pct_one_core,rss_kib,pss_kib
1.0001530689999925,nodestore,2459,0.0,0.0,18624,11170
1.0001530689999925,nodeapiserver,2782,0.0,0.0,139540,130410
1.0001530689999925,nodescheduler,3993,0.0,0.0,22104,11490
1.0001530689999925,nodecontroller,3746,0.0,0.0,44240,33628
1.0001530689999925,nodelet,3156,0.0,0.0,25536,13890
1.0001530689999925,nodeproxy,4175,0.0,0.0,15956,6758
1.0001530689999925,containerd,2317,0.0,0.0,72280,70949
1.0001530689999925,flanneld,3294,0.0,0.0,39888,40196
1.0001530689999925,coredns,4467,0.0,0.0,62296,62588
2.0044592259999945,nodestore,2459,0.0,0.0,18624,11182
2.0044592259999945,nodeapiserver,2782,0.01,0.9957123064814567,139540,130410
2.0044592259999945,nodescheduler,3993,0.0,0.0,22104,11490
2.0044592259999945,nodecontroller,3746,0.0,0.0,44240,33628
2.0044592259999945,nodelet,3156,0.0,0.0,25536,13890
2.0044592259999945,nodeproxy,4175,0.0,0.0,15956,6758
2.0044592259999945,containerd,2317,0.0,0.0,72280,70949
2.0044592259999945,flanneld,3294,0.0,0.0,39888,40196
2.0044592259999945,coredns,4467,0.0,0.0,62296,62588
3.0086964709999933,nodestore,2459,0.0,0.0,18624,11182
3.0086964709999933,nodeapiserver,2782,0.01,0.0,139540,130410
3.0086964709999933,nodescheduler,3993,0.0,0.0,22104,11490
3.0086964709999933,nodecontroller,3746,0.0,0.0,44240,33628
3.0086964709999933,nodelet,3156,0.0,0.0,25536,13890
3.0086964709999933,nodeproxy,4175,0.0,0.0,15956,6758
3.0086964709999933,containerd,2317,0.02,1.9915612669793008,72280,70957
3.0086964709999933,flanneld,3294,0.01,0.9957806334896504,39888,40200
3.0086964709999933,coredns,4467,0.0,0.0,62296,62588
4.012974204999992,nodestore,2459,0.01,0.9957404870633141,18624,11194
4.012974204999992,nodeapiserver,2782,0.02,0.9957404870633141,139540,130414
4.012974204999992,nodescheduler,3993,0.0,0.0,22104,11490
4.012974204999992,nodecontroller,3746,0.0,0.0,44368,33644
4.012974204999992,nodelet,3156,0.0,0.0,25536,13890
4.012974204999992,nodeproxy,4175,0.0,0.0,15956,6758
4.012974204999992,containerd,2317,0.02,0.0,72280,70957
4.012974204999992,flanneld,3294,0.01,0.0,39888,40200
4.012974204999992,coredns,4467,0.0,0.0,62296,62588
5.016854909000003,nodestore,2459,0.01,0.0,18624,11194
5.016854909000003,nodeapiserver,2782,0.02,0.0,139540,130450
5.016854909000003,nodescheduler,3993,0.0,0.0,22104,11490
5.016854909000003,nodecontroller,3746,0.0,0.0,44496,33672
5.016854909000003,nodelet,3156,0.0,0.0,25536,13890
5.016854909000003,nodeproxy,4175,0.0,0.0,15956,6758
5.016854909000003,containerd,2317,0.02,0.0,72280,70957
5.016854909000003,flanneld,3294,0.01,0.0,39888,40200
5.016854909000003,coredns,4467,0.0,0.0,62296,62588
6.021173429000001,nodestore,2459,0.01,0.0,18624,11194
6.021173429000001,nodeapiserver,2782,0.02,0.0,139540,130506
6.021173429000001,nodescheduler,3993,0.0,0.0,22104,11490
6.021173429000001,nodecontroller,3746,0.01,0.9957000494225694,44496,33700
6.021173429000001,nodelet,3156,0.0,0.0,25536,13890
6.021173429000001,nodeproxy,4175,0.0,0.0,15956,6758
6.021173429000001,containerd,2317,0.02,0.0,72280,70957
6.021173429000001,flanneld,3294,0.01,0.0,39888,40200
6.021173429000001,coredns,4467,0.0,0.0,62296,62596
7.025034124000001,nodestore,2459,0.01,0.0,18624,11194
7.025034124000001,nodeapiserver,2782,0.03,0.9961541526436593,139540,130566
7.025034124000001,nodescheduler,3993,0.0,0.0,22104,11490
7.025034124000001,nodecontroller,3746,0.02,0.9961541526436593,44496,33724
7.025034124000001,nodelet,3156,0.0,0.0,25536,13890
7.025034124000001,nodeproxy,4175,0.0,0.0,15956,6758
7.025034124000001,containerd,2317,0.02,0.0,72280,70957
7.025034124000001,flanneld,3294,0.01,0.0,39888,40200
7.025034124000001,coredns,4467,0.01,0.9961541526436593,62296,62596
8.029310768999991,nodestore,2459,0.02,0.9957415668070323,18624,11194
8.029310768999991,nodeapiserver,2782,0.04,0.9957415668070323,139792,130630
8.029310768999991,nodescheduler,3993,0.0,0.0,22104,11502
8.029310768999991,nodecontroller,3746,0.02,0.0,44496,33732
8.029310768999991,nodelet,3156,0.0,0.0,25644,13882
8.029310768999991,nodeproxy,4175,0.0,0.0,15956,6758
8.029310768999991,containerd,2317,0.04,1.9914831336140646,72280,70961
8.029310768999991,flanneld,3294,0.02,0.9957415668070323,39888,40208
8.029310768999991,coredns,4467,0.01,0.0,62296,62596
9.033674251999997,nodestore,2459,0.02,0.0,18624,11194
9.033674251999997,nodeapiserver,2782,0.04,0.0,139792,130630
9.033674251999997,nodescheduler,3993,0.0,0.0,22104,11502
9.033674251999997,nodecontroller,3746,0.02,0.0,44496,33732
9.033674251999997,nodelet,3156,0.0,0.0,25644,13882
9.033674251999997,nodeproxy,4175,0.0,0.0,15956,6758
9.033674251999997,containerd,2317,0.04,0.0,72280,70961
9.033674251999997,flanneld,3294,0.02,0.0,39888,40208
9.033674251999997,coredns,4467,0.01,0.0,62296,62596
10.038295617999992,nodestore,2459,0.02,0.0,18624,11194
10.038295617999992,nodeapiserver,2782,0.04,0.0,139792,130630
10.038295617999992,nodescheduler,3993,0.0,0.0,22104,11502
10.038295617999992,nodecontroller,3746,0.02,0.0,44496,33732
10.038295617999992,nodelet,3156,0.0,0.0,25644,13882
10.038295617999992,nodeproxy,4175,0.0,0.0,15956,6758
10.038295617999992,containerd,2317,0.04,0.0,72280,70961
10.038295617999992,flanneld,3294,0.02,0.0,39888,40208
10.038295617999992,coredns,4467,0.01,0.0,62296,62596
11.042148433999998,nodestore,2459,0.02,0.0,18624,11194
11.042148433999998,nodeapiserver,2782,0.04,0.0,139792,130630
11.042148433999998,nodescheduler,3993,0.0,0.0,22104,11502
11.042148433999998,nodecontroller,3746,0.02,0.0,44496,33732
11.042148433999998,nodelet,3156,0.0,0.0,25644,13882
11.042148433999998,nodeproxy,4175,0.0,0.0,15956,6758
11.042148433999998,containerd,2317,0.04,0.0,72280,70961
11.042148433999998,flanneld,3294,0.02,0.0,39888,40208
11.042148433999998,coredns,4467,0.01,0.0,62296,62596
12.046656507999998,nodestore,2459,0.02,0.0,18624,11194
12.046656507999998,nodeapiserver,2782,0.06,1.991024315051946,139908,130674
12.046656507999998,nodescheduler,3993,0.0,0.0,22104,11502
12.046656507999998,nodecontroller,3746,0.02,0.0,44624,33824
12.046656507999998,nodelet,3156,0.0,0.0,25644,13882
12.046656507999998,nodeproxy,4175,0.0,0.0,15956,6758
12.046656507999998,containerd,2317,0.05,0.995512157525973,72280,70969
12.046656507999998,flanneld,3294,0.02,0.0,39888,40208
12.046656507999998,coredns,4467,0.01,0.0,62296,62596
13.050991456999995,nodestore,2459,0.02,0.0,18624,11194
13.050991456999995,nodeapiserver,2782,0.06,0.0,139908,130674
13.050991456999995,nodescheduler,3993,0.0,0.0,22104,11502
13.050991456999995,nodecontroller,3746,0.02,0.0,44624,33824
13.050991456999995,nodelet,3156,0.0,0.0,25644,13882
13.050991456999995,nodeproxy,4175,0.0,0.0,15956,6758
13.050991456999995,containerd,2317,0.05,0.0,72280,70969
13.050991456999995,flanneld,3294,0.02,0.0,39888,40212
13.050991456999995,coredns,4467,0.01,0.0,62296,62596
14.055207064000001,nodestore,2459,0.03,0.9958020897398718,18624,11194
14.055207064000001,nodeapiserver,2782,0.06,0.0,139908,130674
14.055207064000001,nodescheduler,3993,0.0,0.0,22104,11502
14.055207064000001,nodecontroller,3746,0.02,0.0,44624,33824
14.055207064000001,nodelet,3156,0.0,0.0,25644,13882
14.055207064000001,nodeproxy,4175,0.0,0.0,15956,6758
14.055207064000001,containerd,2317,0.06,0.9958020897398718,72280,70969
14.055207064000001,flanneld,3294,0.02,0.0,39888,40212
14.055207064000001,coredns,4467,0.01,0.0,62296,62596
15.05945521999999,nodestore,2459,0.03,0.0,18624,11194
15.05945521999999,nodeapiserver,2782,0.06,0.0,139908,130674
15.05945521999999,nodescheduler,3993,0.0,0.0,22104,11502
15.05945521999999,nodecontroller,3746,0.02,0.0,44624,33824
15.05945521999999,nodelet,3156,0.0,0.0,25644,13882
15.05945521999999,nodeproxy,4175,0.0,0.0,15956,6758
15.05945521999999,containerd,2317,0.06,0.0,72280,70969
15.05945521999999,flanneld,3294,0.02,0.0,39888,40212
15.05945521999999,coredns,4467,0.01,0.0,62296,62596
16.063681574,nodestore,2459,0.03,0.0,18624,11194
16.063681574,nodeapiserver,2782,0.06,0.0,139908,130674
16.063681574,nodescheduler,3993,0.0,0.0,22104,11502
16.063681574,nodecontroller,3746,0.03,0.9957914328944103,44624,33824
16.063681574,nodelet,3156,0.0,0.0,25644,13882
16.063681574,nodeproxy,4175,0.0,0.0,15956,6758
16.063681574,containerd,2317,0.06,0.0,72280,70969
16.063681574,flanneld,3294,0.02,0.0,39888,40212
16.063681574,coredns,4467,0.01,0.0,62296,62596
17.067834487,nodestore,2459,0.03,0.0,18624,11194
17.067834487,nodeapiserver,2782,0.06,0.0,139908,130674
17.067834487,nodescheduler,3993,0.0,0.0,22104,11502
17.067834487,nodecontroller,3746,0.03,0.0,44624,33824
17.067834487,nodelet,3156,0.0,0.0,25644,13882
17.067834487,nodeproxy,4175,0.0,0.0,15956,6758
17.067834487,containerd,2317,0.06,0.0,72280,70969
17.067834487,flanneld,3294,0.02,0.0,39888,40212
17.067834487,coredns,4467,0.02,0.9958642623586168,62296,62596
18.072137765999997,nodestore,2459,0.04,0.9957151598625833,18624,11194
18.072137765999997,nodeapiserver,2782,0.08,1.9914303197251666,139900,130686
18.072137765999997,nodescheduler,3993,0.0,0.0,22104,11510
18.072137765999997,nodecontroller,3746,0.03,0.0,44624,33828
18.072137765999997,nodelet,3156,0.01,0.9957151598625833,25488,13882
18.072137765999997,nodeproxy,4175,0.0,0.0,15956,6758
18.072137765999997,containerd,2317,0.09,2.98714547958775,72536,71253
18.072137765999997,flanneld,3294,0.03,0.9957151598625833,39888,40232
18.072137765999997,coredns,4467,0.02,0.0,62296,62596
19.076012712999997,nodestore,2459,0.04,0.0,18624,11194
19.076012712999997,nodeapiserver,2782,0.08,0.0,139900,130686
19.076012712999997,nodescheduler,3993,0.0,0.0,22104,11510
19.076012712999997,nodecontroller,3746,0.03,0.0,44624,33828
19.076012712999997,nodelet,3156,0.01,0.0,25488,13882
19.076012712999997,nodeproxy,4175,0.0,0.0,15956,6758
19.076012712999997,containerd,2317,0.09,0.0,72536,71253
19.076012712999997,flanneld,3294,0.03,0.0,39888,40232
19.076012712999997,coredns,4467,0.02,0.0,62296,62596
20.080251159,nodestore,2459,0.05,0.995779442604608,18624,11194
20.080251159,nodeapiserver,2782,0.08,0.0,139900,130686
20.080251159,nodescheduler,3993,0.0,0.0,22104,11510
20.080251159,nodecontroller,3746,0.03,0.0,44624,33828
20.080251159,nodelet,3156,0.01,0.0,25488,13882
20.080251159,nodeproxy,4175,0.0,0.0,15956,6758
20.080251159,containerd,2317,0.09,0.0,72536,71261
20.080251159,flanneld,3294,0.03,0.0,39888,40232
20.080251159,coredns,4467,0.02,0.0,62296,62596
21.084786871999995,nodestore,2459,0.05,0.0,18624,11194
21.084786871999995,nodeapiserver,2782,0.08,0.0,139900,130686
21.084786871999995,nodescheduler,3993,0.0,0.0,22104,11510
21.084786871999995,nodecontroller,3746,0.03,0.0,44624,33828
21.084786871999995,nodelet,3156,0.01,0.0,25488,13882
21.084786871999995,nodeproxy,4175,0.0,0.0,15956,6758
21.084786871999995,containerd,2317,0.1,0.9954847668019189,72536,71261
21.084786871999995,flanneld,3294,0.03,0.0,39888,40232
21.084786871999995,coredns,4467,0.02,0.0,62296,62596
22.089143699999994,nodestore,2459,0.05,0.0,18624,11194
22.089143699999994,nodeapiserver,2782,0.09,0.995662071607882,139900,130690
22.089143699999994,nodescheduler,3993,0.0,0.0,22104,11510
22.089143699999994,nodecontroller,3746,0.03,0.0,44624,33832
22.089143699999994,nodelet,3156,0.01,0.0,25488,13882
22.089143699999994,nodeproxy,4175,0.0,0.0,15956,6758
22.089143699999994,containerd,2317,0.1,0.0,72536,71261
22.089143699999994,flanneld,3294,0.03,0.0,39888,40232
22.089143699999994,coredns,4467,0.02,0.0,62296,62596
23.092963119999993,nodestore,2459,0.05,0.0,18624,11194
23.092963119999993,nodeapiserver,2782,0.09,0.0,139900,130690
23.092963119999993,nodescheduler,3993,0.0,0.0,22104,11510
23.092963119999993,nodecontroller,3746,0.03,0.0,44624,33832
23.092963119999993,nodelet,3156,0.01,0.0,25488,13882
23.092963119999993,nodeproxy,4175,0.0,0.0,15956,6758
23.092963119999993,containerd,2317,0.11,0.9961951124635552,72536,71285
23.092963119999993,flanneld,3294,0.03,0.0,39888,40244
23.092963119999993,coredns,4467,0.02,0.0,62296,62660
24.097313803999995,nodestore,2459,0.05,0.0,18624,11194
24.097313803999995,nodeapiserver,2782,0.09,0.0,139900,130690
24.097313803999995,nodescheduler,3993,0.0,0.0,22104,11510
24.097313803999995,nodecontroller,3746,0.03,0.0,44624,33832
24.097313803999995,nodelet,3156,0.01,0.0,25488,13882
24.097313803999995,nodeproxy,4175,0.0,0.0,15956,6758
24.097313803999995,containerd,2317,0.11,0.0,72536,71285
24.097313803999995,flanneld,3294,0.03,0.0,39888,40244
24.097313803999995,coredns,4467,0.02,0.0,62296,62660
25.101557591999992,nodestore,2459,0.05,0.0,18624,11194
25.101557591999992,nodeapiserver,2782,0.09,0.0,139900,130690
25.101557591999992,nodescheduler,3993,0.0,0.0,22104,11510
25.101557591999992,nodecontroller,3746,0.03,0.0,44624,33832
25.101557591999992,nodelet,3156,0.01,0.0,25488,13882
25.101557591999992,nodeproxy,4175,0.0,0.0,15956,6758
25.101557591999992,containerd,2317,0.11,0.0,72536,71285
25.101557591999992,flanneld,3294,0.03,0.0,39888,40244
25.101557591999992,coredns,4467,0.03,0.9957741456300683,62296,62660
26.106555422,nodestore,2459,0.06,0.9950270240881935,18624,11194
26.106555422,nodeapiserver,2782,0.09,0.0,139900,130690
26.106555422,nodescheduler,3993,0.0,0.0,22232,11510
26.106555422,nodecontroller,3746,0.03,0.0,44624,33832
26.106555422,nodelet,3156,0.01,0.0,25488,13882
26.106555422,nodeproxy,4175,0.0,0.0,15956,6758
26.106555422,containerd,2317,0.11,0.0,72536,71285
26.106555422,flanneld,3294,0.03,0.0,39888,40244
26.106555422,coredns,4467,0.03,0.0,62296,62660
27.110807370999993,nodestore,2459,0.06,0.0,18624,11194
27.110807370999993,nodeapiserver,2782,0.12,2.987298160573468,139340,129962
27.110807370999993,nodescheduler,3993,0.0,0.0,22232,11510
27.110807370999993,nodecontroller,3746,0.05,1.9915321070489787,44752,33716
27.110807370999993,nodelet,3156,0.01,0.0,25488,13850
27.110807370999993,nodeproxy,4175,0.0,0.0,15956,6758
27.110807370999993,containerd,2317,0.12,0.9957660535244893,72664,71377
27.110807370999993,flanneld,3294,0.03,0.0,39888,40244
27.110807370999993,coredns,4467,0.03,0.0,62296,62660
28.11502772,nodestore,2459,0.06,0.0,18624,11198
28.11502772,nodeapiserver,2782,0.12,0.0,139468,129974
28.11502772,nodescheduler,3993,0.0,0.0,22232,11510
28.11502772,nodecontroller,3746,0.05,0.0,44752,33720
28.11502772,nodelet,3156,0.01,0.0,25616,13850
28.11502772,nodeproxy,4175,0.0,0.0,15956,6758
28.11502772,containerd,2317,0.13,0.99579738749149,72792,71517
28.11502772,flanneld,3294,0.03,0.0,42016,42308
28.11502772,coredns,4467,0.03,0.0,62296,62660
29.118825619999996,nodestore,2459,0.06,0.0,18624,11198
29.118825619999996,nodeapiserver,2782,0.12,0.0,139468,129974
29.118825619999996,nodescheduler,3993,0.0,0.0,22232,11510
29.118825619999996,nodecontroller,3746,0.05,0.0,44752,33720
29.118825619999996,nodelet,3156,0.01,0.0,25616,13850
29.118825619999996,nodeproxy,4175,0.0,0.0,15956,6758
29.118825619999996,containerd,2317,0.13,0.0,72792,71517
29.118825619999996,flanneld,3294,0.03,0.0,42016,42308
29.118825619999996,coredns,4467,0.03,0.0,62296,62660
30.122761645999987,nodestore,2459,0.07,0.9960794055616538,18624,11198
30.122761645999987,nodeapiserver,2782,0.13,0.9960794055616538,139468,129958
30.122761645999987,nodescheduler,3993,0.0,0.0,22232,11510
30.122761645999987,nodecontroller,3746,0.06,0.9960794055616538,44752,33724
30.122761645999987,nodelet,3156,0.02,0.9960794055616538,25616,13850
30.122761645999987,nodeproxy,4175,0.0,0.0,15956,6758
30.122761645999987,containerd,2317,0.13,0.0,72792,71517
30.122761645999987,flanneld,3294,0.03,0.0,42016,42308
30.122761645999987,coredns,4467,0.03,0.0,62296,62664
31.127098961,nodestore,2459,0.07,0.0,18624,11198
31.127098961,nodeapiserver,2782,0.13,0.0,139468,129958
31.127098961,nodescheduler,3993,0.0,0.0,22232,11510
31.127098961,nodecontroller,3746,0.06,0.0,44752,33724
31.127098961,nodelet,3156,0.02,0.0,25616,13850
31.127098961,nodeproxy,4175,0.0,0.0,15956,6758
31.127098961,containerd,2317,0.13,0.0,72792,71517
31.127098961,flanneld,3294,0.03,0.0,42016,42308
31.127098961,coredns,4467,0.03,0.0,62296,62680
32.131424528,nodestore,2459,0.07,0.0,18624,11198
32.131424528,nodeapiserver,2782,0.13,0.0,139468,129958
32.131424528,nodescheduler,3993,0.01,0.995693062944802,22232,11510
32.131424528,nodecontroller,3746,0.06,0.0,44752,33724
32.131424528,nodelet,3156,0.02,0.0,25616,13850
32.131424528,nodeproxy,4175,0.0,0.0,15956,6758
32.131424528,containerd,2317,0.15,1.991386125889604,72792,71517
32.131424528,flanneld,3294,0.03,0.0,42016,42308
32.131424528,coredns,4467,0.03,0.0,62296,62680
33.13565939099999,nodestore,2459,0.07,0.0,18624,11198
33.13565939099999,nodeapiserver,2782,0.13,0.0,139468,129962
33.13565939099999,nodescheduler,3993,0.01,0.0,22232,11510
33.13565939099999,nodecontroller,3746,0.06,0.0,44752,33728
33.13565939099999,nodelet,3156,0.02,0.0,25616,13850
33.13565939099999,nodeproxy,4175,0.0,0.0,15956,6758
33.13565939099999,containerd,2317,0.15,0.0,72792,71521
33.13565939099999,flanneld,3294,0.03,0.0,42016,42308
33.13565939099999,coredns,4467,0.04,0.9957829954366028,62296,62680
34.13948080099999,nodestore,2459,0.08,0.9961931375821119,18624,11198
34.13948080099999,nodeapiserver,2782,0.14,0.9961931375821119,139468,129966
34.13948080099999,nodescheduler,3993,0.01,0.0,22232,11510
34.13948080099999,nodecontroller,3746,0.06,0.0,44752,33728
34.13948080099999,nodelet,3156,0.02,0.0,25616,13850
34.13948080099999,nodeproxy,4175,0.0,0.0,15956,6758
34.13948080099999,containerd,2317,0.15,0.0,72792,71521
34.13948080099999,flanneld,3294,0.03,0.0,42016,42308
34.13948080099999,coredns,4467,0.04,0.0,62296,62684
35.14348572099999,nodestore,2459,0.08,0.0,18624,11214
35.14348572099999,nodeapiserver,2782,0.14,0.0,139468,129974
35.14348572099999,nodescheduler,3993,0.01,0.0,22232,11510
35.14348572099999,nodecontroller,3746,0.06,0.0,44752,33736
35.14348572099999,nodelet,3156,0.02,0.0,25616,13850
35.14348572099999,nodeproxy,4175,0.0,0.0,15956,6758
35.14348572099999,containerd,2317,0.15,0.0,72792,71521
35.14348572099999,flanneld,3294,0.03,0.0,42016,42308
35.14348572099999,coredns,4467,0.04,0.0,62296,62684
36.14749024299999,nodestore,2459,0.08,0.0,18624,11214
36.14749024299999,nodeapiserver,2782,0.15,0.9960114502352785,139468,129978
36.14749024299999,nodescheduler,3993,0.01,0.0,22232,11510
36.14749024299999,nodecontroller,3746,0.07,0.9960114502352785,44880,33748
36.14749024299999,nodelet,3156,0.02,0.0,25616,13850
36.14749024299999,nodeproxy,4175,0.0,0.0,15956,6758
36.14749024299999,containerd,2317,0.15,0.0,72792,71525
36.14749024299999,flanneld,3294,0.03,0.0,42016,42308
36.14749024299999,coredns,4467,0.04,0.0,62296,62684
37.151315616000005,nodestore,2459,0.08,0.0,18624,11214
37.151315616000005,nodeapiserver,2782,0.15,0.0,139468,129978
37.151315616000005,nodescheduler,3993,0.01,0.0,22232,11510
37.151315616000005,nodecontroller,3746,0.07,0.0,44880,33752
37.151315616000005,nodelet,3156,0.02,0.0,25616,13850
37.151315616000005,nodeproxy,4175,0.0,0.0,15956,6758
37.151315616000005,containerd,2317,0.16,0.9961892047133858,72792,71525
37.151315616000005,flanneld,3294,0.03,0.0,42016,42308
37.151315616000005,coredns,4467,0.04,0.0,64464,64732
38.15552744799999,nodestore,2459,0.09,0.9958058331262705,18624,11214
38.15552744799999,nodeapiserver,2782,0.17,1.991611666252541,139592,130006
38.15552744799999,nodescheduler,3993,0.01,0.0,22232,11510
38.15552744799999,nodecontroller,3746,0.07,0.0,44880,33760
38.15552744799999,nodelet,3156,0.03,0.9958058331262705,25604,13850
38.15552744799999,nodeproxy,4175,0.0,0.0,15956,6758
38.15552744799999,containerd,2317,0.17,0.9958058331262705,72920,71673
38.15552744799999,flanneld,3294,0.04,0.9958058331262705,42016,42312
38.15552744799999,coredns,4467,0.04,0.0,64464,64732
39.15995385400001,nodestore,2459,0.09,0.0,18624,11238
39.15995385400001,nodeapiserver,2782,0.17,0.0,139592,130018
39.15995385400001,nodescheduler,3993,0.01,0.0,22232,11510
39.15995385400001,nodecontroller,3746,0.07,0.0,44880,33772
39.15995385400001,nodelet,3156,0.03,0.0,25604,13850
39.15995385400001,nodeproxy,4175,0.0,0.0,15956,6758
39.15995385400001,containerd,2317,0.17,0.0,72920,71673
39.15995385400001,flanneld,3294,0.04,0.0,42016,42312
39.15995385400001,coredns,4467,0.04,0.0,64464,64732
40.16408186000001,nodestore,2459,0.09,0.0,18624,11238
40.16408186000001,nodeapiserver,2782,0.17,0.0,139592,130062
40.16408186000001,nodescheduler,3993,0.01,0.0,22232,11510
40.16408186000001,nodecontroller,3746,0.07,0.0,44880,33776
40.16408186000001,nodelet,3156,0.03,0.0,25604,13850
40.16408186000001,nodeproxy,4175,0.0,0.0,15956,6758
40.16408186000001,containerd,2317,0.18,0.9958889643797049,72920,71677
40.16408186000001,flanneld,3294,0.04,0.0,42016,42312
40.16408186000001,coredns,4467,0.04,0.0,64464,64732
41.16837724199999,nodestore,2459,0.09,0.0,18624,11238
41.16837724199999,nodeapiserver,2782,0.19,1.9914459787887764,139592,130122
41.16837724199999,nodescheduler,3993,0.01,0.0,22232,11510
41.16837724199999,nodecontroller,3746,0.08,0.9957229893943882,44880,33768
41.16837724199999,nodelet,3156,0.03,0.0,25604,13850
41.16837724199999,nodeproxy,4175,0.0,0.0,15956,6758
41.16837724199999,containerd,2317,0.18,0.0,72920,71677
41.16837724199999,flanneld,3294,0.04,0.0,42016,42312
41.16837724199999,coredns,4467,0.04,0.0,64464,64736
42.172662825,nodestore,2459,0.1,0.9957327048475493,18624,11238
42.172662825,nodeapiserver,2782,0.19,0.0,139592,130122
42.172662825,nodescheduler,3993,0.01,0.0,22232,11510
42.172662825,nodecontroller,3746,0.08,0.0,44880,33768
42.172662825,nodelet,3156,0.03,0.0,25604,13850
42.172662825,nodeproxy,4175,0.0,0.0,15956,6758
42.172662825,containerd,2317,0.18,0.0,72920,71677
42.172662825,flanneld,3294,0.04,0.0,42016,42312
42.172662825,coredns,4467,0.04,0.0,64464,64736
43.176954497999986,nodestore,2459,0.1,0.0,18624,11238
43.176954497999986,nodeapiserver,2782,0.19,0.0,139592,130122
43.176954497999986,nodescheduler,3993,0.01,0.0,22232,11510
43.176954497999986,nodecontroller,3746,0.08,0.0,44880,33796
43.176954497999986,nodelet,3156,0.03,0.0,25604,13850
43.176954497999986,nodeproxy,4175,0.0,0.0,15956,6758
43.176954497999986,containerd,2317,0.2,1.9914533334979008,72604,71341
43.176954497999986,flanneld,3294,0.04,0.0,42016,42316
43.176954497999986,coredns,4467,0.06,1.9914533334979008,64464,64736
44.181220164999985,nodestore,2459,0.11,0.9957524516269274,18624,11238
44.181220164999985,nodeapiserver,2782,0.2,0.9957524516269274,139592,130178
44.181220164999985,nodescheduler,3993,0.01,0.0,22232,11510
44.181220164999985,nodecontroller,3746,0.08,0.0,44880,33812
44.181220164999985,nodelet,3156,0.03,0.0,25604,13850
44.181220164999985,nodeproxy,4175,0.0,0.0,15956,6758
44.181220164999985,containerd,2317,0.2,0.0,72604,71345
44.181220164999985,flanneld,3294,0.04,0.0,42016,42316
44.181220164999985,coredns,4467,0.06,0.0,64464,64736
45.185367412999994,nodestore,2459,0.11,0.0,18624,11238
45.185367412999994,nodeapiserver,2782,0.21,0.9958698806292904,139592,130242
45.185367412999994,nodescheduler,3993,0.01,0.0,22232,11510
45.185367412999994,nodecontroller,3746,0.09,0.9958698806292904,44880,33820
45.185367412999994,nodelet,3156,0.03,0.0,25604,13850
45.185367412999994,nodeproxy,4175,0.0,0.0,15956,6758
45.185367412999994,containerd,2317,0.21,0.9958698806292904,72604,71345
45.185367412999994,flanneld,3294,0.04,0.0,42016,42316
45.185367412999994,coredns,4467,0.06,0.0,64464,64736
46.189753835999994,nodestore,2459,0.11,0.0,18624,11238
46.189753835999994,nodeapiserver,2782,0.21,0.0,139592,130246
46.189753835999994,nodescheduler,3993,0.01,0.0,22232,11510
46.189753835999994,nodecontroller,3746,0.09,0.0,44880,33820
46.189753835999994,nodelet,3156,0.03,0.0,25604,13850
46.189753835999994,nodeproxy,4175,0.0,0.0,15956,6758
46.189753835999994,containerd,2317,0.21,0.0,72604,71345
46.189753835999994,flanneld,3294,0.04,0.0,42016,42316
46.189753835999994,coredns,4467,0.06,0.0,64464,64736
47.194019895999986,nodestore,2459,0.11,0.0,18624,11238
47.194019895999986,nodeapiserver,2782,0.21,0.0,139592,130326
47.194019895999986,nodescheduler,3993,0.01,0.0,22232,11510
47.194019895999986,nodecontroller,3746,0.09,0.0,44880,33828
47.194019895999986,nodelet,3156,0.03,0.0,25604,13850
47.194019895999986,nodeproxy,4175,0.0,0.0,15956,6758
47.194019895999986,containerd,2317,0.21,0.0,72604,71345
47.194019895999986,flanneld,3294,0.04,0.0,42016,42316
47.194019895999986,coredns,4467,0.06,0.0,64592,64748
48.19814976399999,nodestore,2459,0.11,0.0,18624,11238
48.19814976399999,nodeapiserver,2782,0.22,0.9958871176611522,139720,130410
48.19814976399999,nodescheduler,3993,0.01,0.0,22232,11510
48.19814976399999,nodecontroller,3746,0.09,0.0,44880,33836
48.19814976399999,nodelet,3156,0.03,0.0,25604,13850
48.19814976399999,nodeproxy,4175,0.0,0.0,15956,6758
48.19814976399999,containerd,2317,0.22,0.9958871176611522,72604,71345
48.19814976399999,flanneld,3294,0.04,0.0,42016,42324
48.19814976399999,coredns,4467,0.06,0.0,64592,64748
49.202537880999984,nodestore,2459,0.11,0.0,18624,11238
49.202537880999984,nodeapiserver,2782,0.22,0.0,139720,130410
49.202537880999984,nodescheduler,3993,0.01,0.0,22232,11510
49.202537880999984,nodecontroller,3746,0.09,0.0,44880,33836
49.202537880999984,nodelet,3156,0.03,0.0,25604,13850
49.202537880999984,nodeproxy,4175,0.0,0.0,15956,6758
49.202537880999984,containerd,2317,0.22,0.0,72604,71349
49.202537880999984,flanneld,3294,0.04,0.0,42016,42324
49.202537880999984,coredns,4467,0.06,0.0,64592,64748
50.206871248,nodestore,2459,0.12,0.9956853300483691,18624,11238
50.206871248,nodeapiserver,2782,0.23,0.9956853300483691,139720,130418
50.206871248,nodescheduler,3993,0.01,0.0,22360,11514
50.206871248,nodecontroller,3746,0.09,0.0,44880,33836
50.206871248,nodelet,3156,0.03,0.0,25604,13850
50.206871248,nodeproxy,4175,0.0,0.0,15956,6758
50.206871248,containerd,2317,0.22,0.0,72604,71349
50.206871248,flanneld,3294,0.04,0.0,42016,42324
50.206871248,coredns,4467,0.06,0.0,64592,64748
51.211313993000005,nodestore,2459,0.12,0.0,18624,11238
51.211313993000005,nodeapiserver,2782,0.23,0.0,139720,130418
51.211313993000005,nodescheduler,3993,0.01,0.0,22360,11514
51.211313993000005,nodecontroller,3746,0.09,0.0,44880,33836
51.211313993000005,nodelet,3156,0.03,0.0,25604,13850
51.211313993000005,nodeproxy,4175,0.0,0.0,15956,6758
51.211313993000005,containerd,2317,0.23,0.9955769056801682,72604,71349
51.211313993000005,flanneld,3294,0.04,0.0,42016,42324
51.211313993000005,coredns,4467,0.06,0.0,64592,64748
52.21514110799998,nodestore,2459,0.12,0.0,18624,11238
52.21514110799998,nodeapiserver,2782,0.23,0.0,139720,130430
52.21514110799998,nodescheduler,3993,0.01,0.0,22360,11514
52.21514110799998,nodecontroller,3746,0.1,0.9961874759679322,44880,33840
52.21514110799998,nodelet,3156,0.04,0.9961874759679322,25604,13850
52.21514110799998,nodeproxy,4175,0.0,0.0,15956,6758
52.21514110799998,containerd,2317,0.24,0.9961874759679322,72604,71349
52.21514110799998,flanneld,3294,0.04,0.0,42016,42332
52.21514110799998,coredns,4467,0.06,0.0,64592,64748
53.21943505799999,nodestore,2459,0.12,0.0,18624,11238
53.21943505799999,nodeapiserver,2782,0.23,0.0,139720,130490
53.21943505799999,nodescheduler,3993,0.01,0.0,22360,11514
53.21943505799999,nodecontroller,3746,0.1,0.0,44880,33852
53.21943505799999,nodelet,3156,0.04,0.0,25604,13850
53.21943505799999,nodeproxy,4175,0.0,0.0,15956,6758
53.21943505799999,containerd,2317,0.24,0.0,72604,71349
53.21943505799999,flanneld,3294,0.06,1.9914488183464523,42016,42428
53.21943505799999,coredns,4467,0.06,0.0,64592,64748
54.22369793600001,nodestore,2459,0.12,0.0,18624,11238
54.22369793600001,nodeapiserver,2782,0.24,0.9957552169920794,139720,130498
54.22369793600001,nodescheduler,3993,0.01,0.0,22360,11514
54.22369793600001,nodecontroller,3746,0.1,0.0,44880,33852
54.22369793600001,nodelet,3156,0.04,0.0,25604,13850
54.22369793600001,nodeproxy,4175,0.0,0.0,15956,6758
54.22369793600001,containerd,2317,0.24,0.0,72604,71349
54.22369793600001,flanneld,3294,0.06,0.0,42016,42428
54.22369793600001,coredns,4467,0.06,0.0,64592,64752
55.227974717999984,nodestore,2459,0.12,0.0,18624,11238
55.227974717999984,nodeapiserver,2782,0.24,0.0,139720,130498
55.227974717999984,nodescheduler,3993,0.01,0.0,22360,11514
55.227974717999984,nodecontroller,3746,0.1,0.0,44880,33852
55.227974717999984,nodelet,3156,0.04,0.0,25604,13850
55.227974717999984,nodeproxy,4175,0.0,0.0,15956,6758
55.227974717999984,containerd,2317,0.24,0.0,72604,71357
55.227974717999984,flanneld,3294,0.06,0.0,42016,42428
55.227974717999984,coredns,4467,0.06,0.0,64592,64752
56.23248470299998,nodestore,2459,0.12,0.0,18624,11238
56.23248470299998,nodeapiserver,2782,0.25,0.9955102636436226,139720,130498
56.23248470299998,nodescheduler,3993,0.02,0.9955102636436226,22360,11514
56.23248470299998,nodecontroller,3746,0.1,0.0,44880,33852
56.23248470299998,nodelet,3156,0.04,0.0,25604,13850
56.23248470299998,nodeproxy,4175,0.0,0.0,15956,6758
56.23248470299998,containerd,2317,0.24,0.0,72604,71361
56.23248470299998,flanneld,3294,0.06,0.0,42016,42428
56.23248470299998,coredns,4467,0.06,0.0,64592,64752
57.23761987399999,nodestore,2459,0.12,0.0,18624,11238
57.23761987399999,nodeapiserver,2782,0.25,0.0,139720,130498
57.23761987399999,nodescheduler,3993,0.02,0.0,22360,11514
57.23761987399999,nodecontroller,3746,0.11,0.9948910642586536,44880,33852
57.23761987399999,nodelet,3156,0.04,0.0,25604,13850
57.23761987399999,nodeproxy,4175,0.0,0.0,15956,6758
57.23761987399999,containerd,2317,0.25,0.9948910642586536,72604,71361
57.23761987399999,flanneld,3294,0.06,0.0,42016,42428
57.23761987399999,coredns,4467,0.07,0.9948910642586536,64592,64752
58.24267732300001,nodestore,2459,0.14,1.989936000165857,18624,11238
58.24267732300001,nodeapiserver,2782,0.26,0.9949680000829285,139848,130594
58.24267732300001,nodescheduler,3993,0.02,0.0,22360,11514
58.24267732300001,nodecontroller,3746,0.11,0.0,44880,33856
58.24267732300001,nodelet,3156,0.04,0.0,25476,13850
58.24267732300001,nodeproxy,4175,0.0,0.0,15956,6758
58.24267732300001,containerd,2317,0.26,0.9949680000829285,72604,71365
58.24267732300001,flanneld,3294,0.06,0.0,42016,42428
58.24267732300001,coredns,4467,0.07,0.0,64592,64752
59.24701479199999,nodestore,2459,0.15,0.9956812633862034,18624,11238
59.24701479199999,nodeapiserver,2782,0.27,0.9956812633862034,139848,130598
59.24701479199999,nodescheduler,3993,0.02,0.0,22360,11518
59.24701479199999,nodecontroller,3746,0.11,0.0,44880,33872
59.24701479199999,nodelet,3156,0.04,0.0,25476,13854
59.24701479199999,nodeproxy,4175,0.0,0.0,15956,6758
59.24701479199999,containerd,2317,0.26,0.0,72604,71365
59.24701479199999,flanneld,3294,0.06,0.0,42016,42428
59.24701479199999,coredns,4467,0.08,0.9956812633862034,64592,64752
60.251384363,nodestore,2459,0.15,0.0,18624,11238
60.251384363,nodeapiserver,2782,0.27,0.0,139848,130598
60.251384363,nodescheduler,3993,0.02,0.0,22360,11518
60.251384363,nodecontroller,3746,0.11,0.0,44880,33872
60.251384363,nodelet,3156,0.05,0.9956494390847966,25476,13854
60.251384363,nodeproxy,4175,0.0,0.0,15956,6758
60.251384363,containerd,2317,0.27,0.9956494390847966,72604,71365
60.251384363,flanneld,3294,0.06,0.0,42016,42428
60.251384363,coredns,4467,0.08,0.0,64592,64756
61.25569057999999,nodestore,2459,0.15,0.0,18624,11238
61.25569057999999,nodeapiserver,2782,0.27,0.0,139848,130598
61.25569057999999,nodescheduler,3993,0.02,0.0,22360,11518
61.25569057999999,nodecontroller,3746,0.12,0.9957122469948896,44880,33872
61.25569057999999,nodelet,3156,0.05,0.0,25476,13854
61.25569057999999,nodeproxy,4175,0.0,0.0,15956,6758
61.25569057999999,containerd,2317,0.27,0.0,72604,71365
61.25569057999999,flanneld,3294,0.06,0.0,42016,42428
61.25569057999999,coredns,4467,0.08,0.0,64592,64756
62.259934633,nodestore,2459,0.16,0.9957738828650969,18624,11238
62.259934633,nodeapiserver,2782,0.28,0.9957738828650969,139848,130598
62.259934633,nodescheduler,3993,0.02,0.0,22360,11518
62.259934633,nodecontroller,3746,0.12,0.0,44880,33872
62.259934633,nodelet,3156,0.05,0.0,25476,13854
62.259934633,nodeproxy,4175,0.0,0.0,15956,6758
62.259934633,containerd,2317,0.27,0.0,72604,71365
62.259934633,flanneld,3294,0.06,0.0,42016,42428
62.259934633,coredns,4467,0.08,0.0,64592,64756
63.264227748999986,nodestore,2459,0.16,0.0,18624,11238
63.264227748999986,nodeapiserver,2782,0.28,0.0,139848,130598
63.264227748999986,nodescheduler,3993,0.02,0.0,22360,11518
63.264227748999986,nodecontroller,3746,0.12,0.0,44880,33872
63.264227748999986,nodelet,3156,0.05,0.0,25476,13854
63.264227748999986,nodeproxy,4175,0.0,0.0,15956,6758
63.264227748999986,containerd,2317,0.28,0.9957252360574924,72604,71397
63.264227748999986,flanneld,3294,0.06,0.0,42016,42432
63.264227748999986,coredns,4467,0.08,0.0,64592,64756
64.268656343,nodestore,2459,0.16,0.0,18624,11238
64.268656343,nodeapiserver,2782,0.28,0.0,139848,130598
64.268656343,nodescheduler,3993,0.02,0.0,22360,11518
64.268656343,nodecontroller,3746,0.12,0.0,44880,33872
64.268656343,nodelet,3156,0.05,0.0,25476,13854
64.268656343,nodeproxy,4175,0.0,0.0,15956,6758
64.268656343,containerd,2317,0.28,0.0,72604,71397
64.268656343,flanneld,3294,0.06,0.0,42016,42432
64.268656343,coredns,4467,0.08,0.0,64592,64756
65.273256059,nodestore,2459,0.16,0.0,18624,11238
65.273256059,nodeapiserver,2782,0.28,0.0,139848,130598
65.273256059,nodescheduler,3993,0.02,0.0,22360,11518
65.273256059,nodecontroller,3746,0.12,0.0,44880,33872
65.273256059,nodelet,3156,0.05,0.0,25476,13854
65.273256059,nodeproxy,4175,0.0,0.0,15956,6758
65.273256059,containerd,2317,0.28,0.0,72604,71397
65.273256059,flanneld,3294,0.06,0.0,42016,42432
65.273256059,coredns,4467,0.09,0.9954213445148921,64592,64924
66.277067021,nodestore,2459,0.16,0.0,18624,11238
66.277067021,nodeapiserver,2782,0.28,0.0,139848,130598
66.277067021,nodescheduler,3993,0.02,0.0,22360,11518
66.277067021,nodecontroller,3746,0.12,0.0,44880,33872
66.277067021,nodelet,3156,0.05,0.0,25476,13854
66.277067021,nodeproxy,4175,0.0,0.0,15956,6758
66.277067021,containerd,2317,0.28,0.0,72604,71397
66.277067021,flanneld,3294,0.06,0.0,42016,42432
66.277067021,coredns,4467,0.09,0.0,64592,64924
67.28135911799998,nodestore,2459,0.16,0.0,18624,11238
67.28135911799998,nodeapiserver,2782,0.3,1.9914524927303299,139848,130598
67.28135911799998,nodescheduler,3993,0.02,0.0,22360,11518
67.28135911799998,nodecontroller,3746,0.12,0.0,44880,33872
67.28135911799998,nodelet,3156,0.05,0.0,25476,13854
67.28135911799998,nodeproxy,4175,0.0,0.0,15956,6758
67.28135911799998,containerd,2317,0.29,0.9957262463651649,72604,71397
67.28135911799998,flanneld,3294,0.06,0.0,42016,42432
67.28135911799998,coredns,4467,0.09,0.0,64592,64924
68.28536688399998,nodestore,2459,0.17,0.9960082320717818,18624,11238
68.28536688399998,nodeapiserver,2782,0.3,0.0,139972,130618
68.28536688399998,nodescheduler,3993,0.02,0.0,22360,11518
68.28536688399998,nodecontroller,3746,0.12,0.0,44880,33872
68.28536688399998,nodelet,3156,0.05,0.0,25448,13854
68.28536688399998,nodeproxy,4175,0.0,0.0,15956,6758
68.28536688399998,containerd,2317,0.31,1.9920164641435636,72732,71477
68.28536688399998,flanneld,3294,0.07,0.9960082320717818,42016,42436
68.28536688399998,coredns,4467,0.09,0.0,64592,64924
69.289639566,nodestore,2459,0.17,0.0,18624,11238
69.289639566,nodeapiserver,2782,0.3,0.0,139972,130618
69.289639566,nodescheduler,3993,0.02,0.0,22360,11518
69.289639566,nodecontroller,3746,0.12,0.0,44880,33872
69.289639566,nodelet,3156,0.05,0.0,25448,13854
69.289639566,nodeproxy,4175,0.0,0.0,15956,6758
69.289639566,containerd,2317,0.32,0.9957454961420318,72732,71477
69.289639566,flanneld,3294,0.07,0.0,42016,42436
69.289639566,coredns,4467,0.09,0.0,64592,64924
70.29353433200001,nodestore,2459,0.17,0.0,18624,11238
70.29353433200001,nodeapiserver,2782,0.31,0.9961203443509119,139972,130618
70.29353433200001,nodescheduler,3993,0.03,0.9961203443509119,22360,11518
70.29353433200001,nodecontroller,3746,0.12,0.0,44880,33872
70.29353433200001,nodelet,3156,0.05,0.0,25448,13854
70.29353433200001,nodeproxy,4175,0.0,0.0,15956,6758
70.29353433200001,containerd,2317,0.32,0.0,72732,71477
70.29353433200001,flanneld,3294,0.07,0.0,42016,42436
70.29353433200001,coredns,4467,0.09,0.0,64592,64924
71.29783513000001,nodestore,2459,0.18,0.9957176196528297,18624,11238
71.29783513000001,nodeapiserver,2782,0.33,1.9914352393056594,139416,130006
71.29783513000001,nodescheduler,3993,0.03,0.0,22360,11518
71.29783513000001,nodecontroller,3746,0.14,1.9914352393056594,44880,33828
71.29783513000001,nodelet,3156,0.05,0.0,25448,13854
71.29783513000001,nodeproxy,4175,0.0,0.0,15956,6758
71.29783513000001,containerd,2317,0.32,0.0,72732,71477
71.29783513000001,flanneld,3294,0.07,0.0,42016,42436
71.29783513000001,coredns,4467,0.09,0.0,64592,64924
72.301915683,nodestore,2459,0.18,0.0,18624,11238
72.301915683,nodeapiserver,2782,0.33,0.0,139416,130006
72.301915683,nodescheduler,3993,0.03,0.0,22360,11518
72.301915683,nodecontroller,3746,0.14,0.0,44880,33828
72.301915683,nodelet,3156,0.05,0.0,25448,13854
72.301915683,nodeproxy,4175,0.0,0.0,15956,6758
72.301915683,containerd,2317,0.32,0.0,72732,71481
72.301915683,flanneld,3294,0.07,0.0,42016,42436
72.301915683,coredns,4467,0.09,0.0,64592,64924
73.30622086599999,nodestore,2459,0.18,0.0,18624,11238
73.30622086599999,nodeapiserver,2782,0.33,0.0,139416,130006
73.30622086599999,nodescheduler,3993,0.03,0.0,22360,11518
73.30622086599999,nodecontroller,3746,0.14,0.0,44880,33828
73.30622086599999,nodelet,3156,0.05,0.0,25448,13854
73.30622086599999,nodeproxy,4175,0.0,0.0,15956,6758
73.30622086599999,containerd,2317,0.33,0.9957132721478891,72732,71481
73.30622086599999,flanneld,3294,0.07,0.0,42016,42440
73.30622086599999,coredns,4467,0.09,0.0,64592,64924
74.310594995,nodestore,2459,0.18,0.0,18624,11238
74.310594995,nodeapiserver,2782,0.34,0.9956449206787437,139416,130010
74.310594995,nodescheduler,3993,0.03,0.0,22360,11518
74.310594995,nodecontroller,3746,0.14,0.0,44880,33832
74.310594995,nodelet,3156,0.05,0.0,25448,13854
74.310594995,nodeproxy,4175,0.0,0.0,15956,6758
74.310594995,containerd,2317,0.33,0.0,72732,71481
74.310594995,flanneld,3294,0.07,0.0,42016,42440
74.310594995,coredns,4467,0.09,0.0,64592,64924
75.31484430199998,nodestore,2459,0.19,0.9957686732065818,18624,11238
75.31484430199998,nodeapiserver,2782,0.34,0.0,139416,130010
75.31484430199998,nodescheduler,3993,0.03,0.0,22360,11518
75.31484430199998,nodecontroller,3746,0.14,0.0,44880,33832
75.31484430199998,nodelet,3156,0.05,0.0,25448,13854
75.31484430199998,nodeproxy,4175,0.0,0.0,15956,6758
75.31484430199998,containerd,2317,0.33,0.0,72732,71481
75.31484430199998,flanneld,3294,0.07,0.0,42016,42440
75.31484430199998,coredns,4467,0.1,0.9957686732065818,64592,64924
76.31866532000001,nodestore,2459,0.19,0.0,18624,11238
76.31866532000001,nodeapiserver,2782,0.34,0.0,139416,130014
76.31866532000001,nodescheduler,3993,0.03,0.0,22360,11518
76.31866532000001,nodecontroller,3746,0.14,0.0,44880,33832
76.31866532000001,nodelet,3156,0.05,0.0,25448,13854
76.31866532000001,nodeproxy,4175,0.0,0.0,15956,6758
76.31866532000001,containerd,2317,0.34,0.9961935266033404,72732,71481
76.31866532000001,flanneld,3294,0.07,0.0,42016,42440
76.31866532000001,coredns,4467,0.1,0.0,64592,64924
77.322932853,nodestore,2459,0.19,0.0,18624,11238
77.322932853,nodeapiserver,2782,0.35,0.9957506014485589,139416,130018
77.322932853,nodescheduler,3993,0.03,0.0,22360,11518
77.322932853,nodecontroller,3746,0.14,0.0,44880,33832
77.322932853,nodelet,3156,0.05,0.0,25448,13854
77.322932853,nodeproxy,4175,0.0,0.0,15956,6758
77.322932853,containerd,2317,0.34,0.0,72732,71481
77.322932853,flanneld,3294,0.07,0.0,42016,42440
77.322932853,coredns,4467,0.1,0.0,64592,64924
78.327062582,nodestore,2459,0.19,0.0,18624,11238
78.327062582,nodeapiserver,2782,0.37,1.9917745110402982,139416,130018
78.327062582,nodescheduler,3993,0.03,0.0,22360,11522
78.327062582,nodecontroller,3746,0.15,0.9958872555201491,44880,33840
78.327062582,nodelet,3156,0.05,0.0,25552,13858
78.327062582,nodeproxy,4175,0.0,0.0,15956,6758
78.327062582,containerd,2317,0.35,0.9958872555201491,72988,71621
78.327062582,flanneld,3294,0.07,0.0,42016,42440
78.327062582,coredns,4467,0.1,0.0,64592,64924
79.33132562399999,nodestore,2459,0.21,1.991510108762937,18624,11238
79.33132562399999,nodeapiserver,2782,0.37,0.0,139416,130018
79.33132562399999,nodescheduler,3993,0.03,0.0,22360,11522
79.33132562399999,nodecontroller,3746,0.15,0.0,44880,33852
79.33132562399999,nodelet,3156,0.05,0.0,25552,13858
79.33132562399999,nodeproxy,4175,0.0,0.0,15956,6758
79.33132562399999,containerd,2317,0.35,0.0,72988,71621
79.33132562399999,flanneld,3294,0.07,0.0,42016,42440
79.33132562399999,coredns,4467,0.11,0.9957550543814685,64592,64924
80.33568137399999,nodestore,2459,0.21,0.0,18624,11238
80.33568137399999,nodeapiserver,2782,0.37,0.0,139416,130018
80.33568137399999,nodescheduler,3993,0.03,0.0,22360,11522
80.33568137399999,nodecontroller,3746,0.15,0.0,44880,33856
80.33568137399999,nodelet,3156,0.06,0.9956631402767376,25552,13858
80.33568137399999,nodeproxy,4175,0.0,0.0,15956,6758
80.33568137399999,containerd,2317,0.36,0.9956631402767376,72988,71621
80.33568137399999,flanneld,3294,0.07,0.0,42016,42440
80.33568137399999,coredns,4467,0.11,0.0,64592,64924
81.34012944099999,nodestore,2459,0.21,0.0,18624,11238
81.34012944099999,nodeapiserver,2782,0.38,0.9955716306834225,139416,130018
81.34012944099999,nodescheduler,3993,0.03,0.0,22360,11522
81.34012944099999,nodecontroller,3746,0.16,0.9955716306834225,44880,33872
81.34012944099999,nodelet,3156,0.06,0.0,25552,13858
81.34012944099999,nodeproxy,4175,0.0,0.0,15956,6758
81.34012944099999,containerd,2317,0.37,0.9955716306834225,72988,71621
81.34012944099999,flanneld,3294,0.07,0.0,42016,42440
81.34012944099999,coredns,4467,0.11,0.0,64592,64924
82.34447730599999,nodestore,2459,0.21,0.0,18752,11238
82.34447730599999,nodeapiserver,2782,0.38,0.0,139416,130030
82.34447730599999,nodescheduler,3993,0.03,0.0,22360,11522
82.34447730599999,nodecontroller,3746,0.16,0.0,44880,33880
82.34447730599999,nodelet,3156,0.06,0.0,25552,13858
82.34447730599999,nodeproxy,4175,0.0,0.0,15956,6758
82.34447730599999,containerd,2317,0.37,0.0,72988,71621
82.34447730599999,flanneld,3294,0.07,0.0,42016,42440
82.34447730599999,coredns,4467,0.11,0.0,64592,64924
83.34910439800001,nodestore,2459,0.21,0.0,18752,11238
83.34910439800001,nodeapiserver,2782,0.38,0.0,139416,130070
83.34910439800001,nodescheduler,3993,0.03,0.0,22360,11522
83.34910439800001,nodecontroller,3746,0.16,0.0,44880,33884
83.34910439800001,nodelet,3156,0.06,0.0,25552,13858
83.34910439800001,nodeproxy,4175,0.0,0.0,15956,6758
83.34910439800001,containerd,2317,0.37,0.0,72988,71621
83.34910439800001,flanneld,3294,0.07,0.0,42016,42440
83.34910439800001,coredns,4467,0.11,0.0,64592,64924
84.353388327,nodestore,2459,0.21,0.0,18752,11238
84.353388327,nodeapiserver,2782,0.38,0.0,139416,130070
84.353388327,nodescheduler,3993,0.03,0.0,22360,11526
84.353388327,nodecontroller,3746,0.16,0.0,44880,33884
84.353388327,nodelet,3156,0.06,0.0,25552,13858
84.353388327,nodeproxy,4175,0.0,0.0,15956,6758
84.353388327,containerd,2317,0.37,0.0,72988,71621
84.353388327,flanneld,3294,0.07,0.0,42016,42440
84.353388327,coredns,4467,0.11,0.0,64592,64924
85.357585607,nodestore,2459,0.21,0.0,18752,11238
85.357585607,nodeapiserver,2782,0.39,0.9958202635243151,139416,130070
85.357585607,nodescheduler,3993,0.03,0.0,22360,11526
85.357585607,nodecontroller,3746,0.16,0.0,44880,33912
85.357585607,nodelet,3156,0.06,0.0,25552,13858
85.357585607,nodeproxy,4175,0.0,0.0,15956,6758
85.357585607,containerd,2317,0.37,0.0,77084,75765
85.357585607,flanneld,3294,0.07,0.0,42016,42440
85.357585607,coredns,4467,0.11,0.0,64592,64924
86.36132068399999,nodestore,2459,0.22,0.996278821886796,18752,11238
86.36132068399999,nodeapiserver,2782,0.4,0.996278821886796,139544,130118
86.36132068399999,nodescheduler,3993,0.03,0.0,22360,11526
86.36132068399999,nodecontroller,3746,0.17,0.996278821886796,44880,33916
86.36132068399999,nodelet,3156,0.06,0.0,25552,13858
86.36132068399999,nodeproxy,4175,0.0,0.0,15956,6758
86.36132068399999,containerd,2317,0.38,0.996278821886796,77084,75765
86.36132068399999,flanneld,3294,0.07,0.0,42016,42440
86.36132068399999,coredns,4467,0.11,0.0,64592,64924
87.365590185,nodestore,2459,0.22,0.0,18752,11238
87.365590185,nodeapiserver,2782,0.4,0.0,139544,130174
87.365590185,nodescheduler,3993,0.03,0.0,22360,11526
87.365590185,nodecontroller,3746,0.17,0.0,44880,33936
87.365590185,nodelet,3156,0.06,0.0,25552,13858
87.365590185,nodeproxy,4175,0.0,0.0,15956,6758
87.365590185,containerd,2317,0.38,0.0,77084,75769
87.365590185,flanneld,3294,0.08,0.995748650142458,42016,42440
87.365590185,coredns,4467,0.11,0.0,64592,64924
88.37003851099999,nodestore,2459,0.22,0.0,18752,11238
88.37003851099999,nodeapiserver,2782,0.41,0.9955713739723153,139668,130170
88.37003851099999,nodescheduler,3993,0.03,0.0,22360,11526
88.37003851099999,nodecontroller,3746,0.17,0.0,44880,33936
88.37003851099999,nodelet,3156,0.07,0.9955713739723153,25524,13862
88.37003851099999,nodeproxy,4175,0.0,0.0,15956,6758
88.37003851099999,containerd,2317,0.39,0.9955713739723153,77084,75781
88.37003851099999,flanneld,3294,0.09,0.9955713739723153,42016,42440
88.37003851099999,coredns,4467,0.11,0.0,64592,64924
89.37419322099998,nodestore,2459,0.22,0.0,18752,11238
89.37419322099998,nodeapiserver,2782,0.41,0.0,139668,130222
89.37419322099998,nodescheduler,3993,0.03,0.0,22360,11526
89.37419322099998,nodecontroller,3746,0.17,0.0,44880,33940
89.37419322099998,nodelet,3156,0.07,0.0,25524,13862
89.37419322099998,nodeproxy,4175,0.0,0.0,15956,6758
89.37419322099998,containerd,2317,0.4,0.9958624801949147,77084,75781
89.37419322099998,flanneld,3294,0.09,0.0,42016,42440
89.37419322099998,coredns,4467,0.11,0.0,64592,64924
90.378554632,nodestore,2459,0.22,0.0,18752,11238
90.378554632,nodeapiserver,2782,0.42,0.9956575283038038,139668,130302
90.378554632,nodescheduler,3993,0.03,0.0,22360,11526
90.378554632,nodecontroller,3746,0.17,0.0,44880,33948
90.378554632,nodelet,3156,0.07,0.0,25524,13862
90.378554632,nodeproxy,4175,0.0,0.0,15956,6758
90.378554632,containerd,2317,0.4,0.0,77084,75781
90.378554632,flanneld,3294,0.09,0.0,42016,42440
90.378554632,coredns,4467,0.11,0.0,64592,64924
91.382774092,nodestore,2459,0.22,0.0,18752,11238
91.382774092,nodeapiserver,2782,0.42,0.0,139668,130310
91.382774092,nodescheduler,3993,0.03,0.0,22360,11526
91.382774092,nodecontroller,3746,0.17,0.0,44880,33948
91.382774092,nodelet,3156,0.07,0.0,25524,13862
91.382774092,nodeproxy,4175,0.0,0.0,15956,6758
91.382774092,containerd,2317,0.41,0.9957982690357329,77084,75781
91.382774092,flanneld,3294,0.09,0.0,42016,42440
91.382774092,coredns,4467,0.12,0.9957982690357329,64592,64924
92.38689609099998,nodestore,2459,0.24,1.9917898442538204,18752,11238
92.38689609099998,nodeapiserver,2782,0.42,0.0,139668,130378
92.38689609099998,nodescheduler,3993,0.03,0.0,22360,11526
92.38689609099998,nodecontroller,3746,0.17,0.0,44880,33956
92.38689609099998,nodelet,3156,0.07,0.0,25524,13862
92.38689609099998,nodeproxy,4175,0.0,0.0,15956,6758
92.38689609099998,containerd,2317,0.42,0.9958949221269102,76060,74629
92.38689609099998,flanneld,3294,0.09,0.0,42016,42440
92.38689609099998,coredns,4467,0.13,0.9958949221269102,64592,64924
93.390746063,nodestore,2459,0.24,0.0,18752,11238
93.390746063,nodeapiserver,2782,0.42,0.0,139668,130386
93.390746063,nodescheduler,3993,0.03,0.0,22360,11526
93.390746063,nodecontroller,3746,0.17,0.0,44880,33956
93.390746063,nodelet,3156,0.07,0.0,25524,13862
93.390746063,nodeproxy,4175,0.0,0.0,15956,6758
93.390746063,containerd,2317,0.42,0.0,76060,74629
93.390746063,flanneld,3294,0.09,0.0,42016,42440
93.390746063,coredns,4467,0.13,0.0,64592,64928
94.394945455,nodestore,2459,0.24,0.0,18752,11238
94.394945455,nodeapiserver,2782,0.43,0.9958181691470255,139668,130386
94.394945455,nodescheduler,3993,0.03,0.0,22360,11526
94.394945455,nodecontroller,3746,0.17,0.0,44880,33956
94.394945455,nodelet,3156,0.07,0.0,25524,13862
94.394945455,nodeproxy,4175,0.0,0.0,15956,6758
94.394945455,containerd,2317,0.43,0.9958181691470255,76060,74629
94.394945455,flanneld,3294,0.09,0.0,42016,42440
94.394945455,coredns,4467,0.13,0.0,64592,64928
95.39915445700001,nodestore,2459,0.24,0.0,18752,11238
95.39915445700001,nodeapiserver,2782,0.43,0.0,139668,130386
95.39915445700001,nodescheduler,3993,0.03,0.0,22360,11526
95.39915445700001,nodecontroller,3746,0.18,0.9958086394449487,44880,33960
95.39915445700001,nodelet,3156,0.07,0.0,25524,13862
95.39915445700001,nodeproxy,4175,0.0,0.0,15956,6758
95.39915445700001,containerd,2317,0.43,0.0,76060,74629
95.39915445700001,flanneld,3294,0.09,0.0,42016,42440
95.39915445700001,coredns,4467,0.13,0.0,64592,64928
96.402869804,nodestore,2459,0.24,0.0,18752,11238
96.402869804,nodeapiserver,2782,0.43,0.0,139668,130386
96.402869804,nodescheduler,3993,0.03,0.0,22360,11526
96.402869804,nodecontroller,3746,0.18,0.0,44880,33960
96.402869804,nodelet,3156,0.07,0.0,25524,13862
96.402869804,nodeproxy,4175,0.0,0.0,15956,6758
96.402869804,containerd,2317,0.43,0.0,85404,84037
96.402869804,flanneld,3294,0.09,0.0,42016,42440
96.402869804,coredns,4467,0.13,0.0,64592,64928
97.40669388699999,nodestore,2459,0.24,0.0,18752,11238
97.40669388699999,nodeapiserver,2782,0.43,0.0,139668,130462
97.40669388699999,nodescheduler,3993,0.03,0.0,22360,11526
97.40669388699999,nodecontroller,3746,0.19,0.9961904849019411,44880,33964
97.40669388699999,nodelet,3156,0.07,0.0,25524,13862
97.40669388699999,nodeproxy,4175,0.0,0.0,15956,6758
97.40669388699999,containerd,2317,0.43,0.0,85404,84037
97.40669388699999,flanneld,3294,0.09,0.0,42016,42440
97.40669388699999,coredns,4467,0.13,0.0,64592,64932
98.410428214,nodestore,2459,0.25,0.9962795663159403,18752,11238
98.410428214,nodeapiserver,2782,0.45,1.9925591326318806,139796,130554
98.410428214,nodescheduler,3993,0.03,0.0,22360,11522
98.410428214,nodecontroller,3746,0.19,0.0,44880,33968
98.410428214,nodelet,3156,0.07,0.0,25652,13862
98.410428214,nodeproxy,4175,0.0,0.0,15956,6758
98.410428214,containerd,2317,0.45,1.9925591326318806,85404,84037
98.410428214,flanneld,3294,0.09,0.0,42016,42440
98.410428214,coredns,4467,0.13,0.0,64592,64936
99.41424793499999,nodestore,2459,0.25,0.0,18752,11238
99.41424793499999,nodeapiserver,2782,0.46,0.9961948137498435,139796,130558
99.41424793499999,nodescheduler,3993,0.03,0.0,22360,11522
99.41424793499999,nodecontroller,3746,0.19,0.0,44880,33968
99.41424793499999,nodelet,3156,0.07,0.0,25652,13862
99.41424793499999,nodeproxy,4175,0.0,0.0,15956,6758
99.41424793499999,containerd,2317,0.45,0.0,85404,84037
99.41424793499999,flanneld,3294,0.09,0.0,42016,42440
99.41424793499999,coredns,4467,0.13,0.0,64592,64936
100.418513969,nodestore,2459,0.25,0.0,18752,11238
100.418513969,nodeapiserver,2782,0.46,0.0,139796,130558
100.418513969,nodescheduler,3993,0.03,0.0,22360,11526
100.418513969,nodecontroller,3746,0.19,0.0,44880,33968
100.418513969,nodelet,3156,0.08,0.9957520877381271,25652,13862
100.418513969,nodeproxy,4175,0.0,0.0,15956,6758
100.418513969,containerd,2317,0.46,0.9957520877381271,85404,84037
100.418513969,flanneld,3294,0.09,0.0,42016,42440
100.418513969,coredns,4467,0.13,0.0,64592,64936
101.42227444899999,nodestore,2459,0.25,0.0,18752,11238
101.42227444899999,nodeapiserver,2782,0.47,0.9962536082313356,139912,130614
101.42227444899999,nodescheduler,3993,0.03,0.0,22360,11526
101.42227444899999,nodecontroller,3746,0.19,0.0,44880,33952
101.42227444899999,nodelet,3156,0.08,0.0,25652,13862
101.42227444899999,nodeproxy,4175,0.0,0.0,15956,6758
101.42227444899999,containerd,2317,0.46,0.0,85404,84037
101.42227444899999,flanneld,3294,0.09,0.0,42016,42440
101.42227444899999,coredns,4467,0.13,0.0,64592,64936
102.426617827,nodestore,2459,0.26,0.9956754053492494,18752,11238
102.426617827,nodeapiserver,2782,0.47,0.0,139912,130614
102.426617827,nodescheduler,3993,0.03,0.0,22360,11526
102.426617827,nodecontroller,3746,0.19,0.0,44880,33952
102.426617827,nodelet,3156,0.08,0.0,25652,13862
102.426617827,nodeproxy,4175,0.0,0.0,15956,6758
102.426617827,containerd,2317,0.46,0.0,85404,84045
102.426617827,flanneld,3294,0.1,0.9956754053492494,42016,42440
102.426617827,coredns,4467,0.13,0.0,64592,64936
103.43090970099999,nodestore,2459,0.26,0.0,18752,11238
103.43090970099999,nodeapiserver,2782,0.47,0.0,139912,130614
103.43090970099999,nodescheduler,3993,0.03,0.0,22360,11526
103.43090970099999,nodecontroller,3746,0.19,0.0,44880,33952
103.43090970099999,nodelet,3156,0.08,0.0,25652,13862
103.43090970099999,nodeproxy,4175,0.0,0.0,15956,6758
103.43090970099999,containerd,2317,0.46,0.0,85404,84045
103.43090970099999,flanneld,3294,0.1,0.0,42016,42440
103.43090970099999,coredns,4467,0.13,0.0,64592,64940
104.435142284,nodestore,2459,0.26,0.0,18752,11238
104.435142284,nodeapiserver,2782,0.47,0.0,139912,130614
104.435142284,nodescheduler,3993,0.03,0.0,22360,11526
104.435142284,nodecontroller,3746,0.19,0.0,44880,33952
104.435142284,nodelet,3156,0.08,0.0,25652,13862
104.435142284,nodeproxy,4175,0.0,0.0,15956,6758
104.435142284,containerd,2317,0.46,0.0,85404,84045
104.435142284,flanneld,3294,0.1,0.0,42016,42440
104.435142284,coredns,4467,0.14,0.9957852562527302,64592,64940
105.439312898,nodestore,2459,0.26,0.0,18752,11238
105.439312898,nodeapiserver,2782,0.47,0.0,139912,130614
105.439312898,nodescheduler,3993,0.03,0.0,22360,11526
105.439312898,nodecontroller,3746,0.2,0.9958467077786812,44880,33952
105.439312898,nodelet,3156,0.08,0.0,25652,13862
105.439312898,nodeproxy,4175,0.0,0.0,15956,6758
105.439312898,containerd,2317,0.47,0.9958467077786812,85404,84049
105.439312898,flanneld,3294,0.1,0.0,42016,42440
105.439312898,coredns,4467,0.14,0.0,64592,64940
106.443462538,nodestore,2459,0.26,0.0,18752,11238
106.443462538,nodeapiserver,2782,0.47,0.0,139912,130614
106.443462538,nodescheduler,3993,0.03,0.0,22360,11526
106.443462538,nodecontroller,3746,0.2,0.0,44880,33952
106.443462538,nodelet,3156,0.08,0.0,25652,13862
106.443462538,nodeproxy,4175,0.0,0.0,15956,6758
106.443462538,containerd,2317,0.48,0.9958675083526312,85404,84049
106.443462538,flanneld,3294,0.1,0.0,42016,42440
106.443462538,coredns,4467,0.14,0.0,64592,64940
107.44808078399998,nodestore,2459,0.26,0.0,18752,11238
107.44808078399998,nodeapiserver,2782,0.48,0.9954029841500823,139912,130614
107.44808078399998,nodescheduler,3993,0.03,0.0,22360,11526
107.44808078399998,nodecontroller,3746,0.2,0.0,44880,33952
107.44808078399998,nodelet,3156,0.08,0.0,25652,13862
107.44808078399998,nodeproxy,4175,0.0,0.0,15956,6758
107.44808078399998,containerd,2317,0.48,0.0,85404,84049
107.44808078399998,flanneld,3294,0.1,0.0,42016,42440
107.44808078399998,coredns,4467,0.14,0.0,64592,64940
108.451868539,nodestore,2459,0.26,0.0,18752,11238
108.451868539,nodeapiserver,2782,0.48,0.0,139912,130610
108.451868539,nodescheduler,3993,0.03,0.0,22360,11526
108.451868539,nodecontroller,3746,0.2,0.0,44880,33952
108.451868539,nodelet,3156,0.08,0.0,25652,13862
108.451868539,nodeproxy,4175,0.0,0.0,15956,6758
108.451868539,containerd,2317,0.48,0.0,85404,84053
108.451868539,flanneld,3294,0.1,0.0,42016,42440
108.451868539,coredns,4467,0.15,0.9962265379497294,64592,64940
109.456076884,nodestore,2459,0.27,0.9958092909494841,18752,11238
109.456076884,nodeapiserver,2782,0.49,0.9958092909494841,139912,130610
109.456076884,nodescheduler,3993,0.03,0.0,22360,11526
109.456076884,nodecontroller,3746,0.2,0.0,44880,33952
109.456076884,nodelet,3156,0.08,0.0,25652,13862
109.456076884,nodeproxy,4175,0.0,0.0,15956,6758
109.456076884,containerd,2317,0.5,1.9916185818989682,85404,84053
109.456076884,flanneld,3294,0.1,0.0,42016,42440
109.456076884,coredns,4467,0.15,0.0,64592,64948
110.460455147,nodestore,2459,0.27,0.0,18752,11238
110.460455147,nodeapiserver,2782,0.49,0.0,139912,130610
110.460455147,nodescheduler,3993,0.03,0.0,22360,11526
110.460455147,nodecontroller,3746,0.2,0.0,44880,33952
110.460455147,nodelet,3156,0.08,0.0,25652,13862
110.460455147,nodeproxy,4175,0.0,0.0,15956,6758
110.460455147,containerd,2317,0.5,0.0,85404,84053
110.460455147,flanneld,3294,0.1,0.0,42016,42440
110.460455147,coredns,4467,0.15,0.0,64592,64948
111.464714098,nodestore,2459,0.28,0.9957591107395596,18752,11238
111.464714098,nodeapiserver,2782,0.49,0.0,139912,130610
111.464714098,nodescheduler,3993,0.03,0.0,22360,11526
111.464714098,nodecontroller,3746,0.2,0.0,44880,33952
111.464714098,nodelet,3156,0.08,0.0,25652,13862
111.464714098,nodeproxy,4175,0.0,0.0,15956,6758
111.464714098,containerd,2317,0.5,0.0,85404,84053
111.464714098,flanneld,3294,0.1,0.0,42016,42440
111.464714098,coredns,4467,0.15,0.0,64592,64948
112.468656248,nodestore,2459,0.28,0.0,18752,11238
112.468656248,nodeapiserver,2782,0.49,0.0,139912,130610
112.468656248,nodescheduler,3993,0.04,0.9960733295240166,22360,11526
112.468656248,nodecontroller,3746,0.2,0.0,44880,33952
112.468656248,nodelet,3156,0.08,0.0,25652,13862
112.468656248,nodeproxy,4175,0.0,0.0,15956,6758
112.468656248,containerd,2317,0.5,0.0,85404,84053
112.468656248,flanneld,3294,0.1,0.0,42016,42440
112.468656248,coredns,4467,0.15,0.0,64592,64948
113.47283940899999,nodestore,2459,0.28,0.0,18752,11238
113.47283940899999,nodeapiserver,2782,0.5,0.9958342649404514,139912,130610
113.47283940899999,nodescheduler,3993,0.04,0.0,22360,11526
113.47283940899999,nodecontroller,3746,0.2,0.0,44880,33952
113.47283940899999,nodelet,3156,0.08,0.0,25652,13862
113.47283940899999,nodeproxy,4175,0.0,0.0,15956,6758
113.47283940899999,containerd,2317,0.5,0.0,85404,84053
113.47283940899999,flanneld,3294,0.1,0.0,42016,42440
113.47283940899999,coredns,4467,0.15,0.0,64592,64948
114.477191129,nodestore,2459,0.28,0.0,18752,11238
114.477191129,nodeapiserver,2782,0.51,0.9956671354134619,139912,130610
114.477191129,nodescheduler,3993,0.04,0.0,22360,11526
114.477191129,nodecontroller,3746,0.2,0.0,44880,33952
114.477191129,nodelet,3156,0.08,0.0,25652,13862
114.477191129,nodeproxy,4175,0.0,0.0,15956,6758
114.477191129,containerd,2317,0.51,0.9956671354134619,85404,84053
114.477191129,flanneld,3294,0.1,0.0,42016,42440
114.477191129,coredns,4467,0.15,0.0,64592,64948
115.481470874,nodestore,2459,0.29,0.9957384931625889,18752,11238
115.481470874,nodeapiserver,2782,0.51,0.0,139912,130610
115.481470874,nodescheduler,3993,0.04,0.0,22360,11526
115.481470874,nodecontroller,3746,0.21,0.9957384931625889,44880,33952
115.481470874,nodelet,3156,0.08,0.0,25652,13862
115.481470874,nodeproxy,4175,0.0,0.0,15956,6758
115.481470874,containerd,2317,0.53,1.9914769863251778,85404,84053
115.481470874,flanneld,3294,0.1,0.0,42016,42440
115.481470874,coredns,4467,0.15,0.0,64592,64948
116.485801331,nodestore,2459,0.29,0.0,18752,11238
116.485801331,nodeapiserver,2782,0.52,0.995688214999529,139496,130158
116.485801331,nodescheduler,3993,0.04,0.0,22360,11526
116.485801331,nodecontroller,3746,0.22,0.995688214999529,44880,33848
116.485801331,nodelet,3156,0.08,0.0,25652,13862
116.485801331,nodeproxy,4175,0.0,0.0,15956,6758
116.485801331,containerd,2317,0.53,0.0,85404,84053
116.485801331,flanneld,3294,0.1,0.0,42016,42440
116.485801331,coredns,4467,0.15,0.0,64592,64948
117.49002272799999,nodestore,2459,0.3,0.9957963482827674,18752,11238
117.49002272799999,nodeapiserver,2782,0.53,0.9957963482827674,139496,130162
117.49002272799999,nodescheduler,3993,0.04,0.0,22360,11526
117.49002272799999,nodecontroller,3746,0.22,0.0,44880,33852
117.49002272799999,nodelet,3156,0.08,0.0,25652,13862
117.49002272799999,nodeproxy,4175,0.0,0.0,15956,6758
117.49002272799999,containerd,2317,0.53,0.0,85404,84053
117.49002272799999,flanneld,3294,0.1,0.0,42016,42440
117.49002272799999,coredns,4467,0.15,0.0,64592,64948
118.49416153199999,nodestore,2459,0.3,0.0,18752,11238
118.49416153199999,nodeapiserver,2782,0.54,0.9958782550942955,139492,130162
118.49416153199999,nodescheduler,3993,0.04,0.0,22360,11526
118.49416153199999,nodecontroller,3746,0.22,0.0,44880,33852
118.49416153199999,nodelet,3156,0.09,0.9958782550942955,25780,13862
118.49416153199999,nodeproxy,4175,0.0,0.0,15956,6758
118.49416153199999,containerd,2317,0.54,0.9958782550942955,85404,84053
118.49416153199999,flanneld,3294,0.1,0.0,42016,42440
118.49416153199999,coredns,4467,0.15,0.0,64592,64948
119.49845259899999,nodestore,2459,0.31,0.9957272675810857,18752,11242
119.49845259899999,nodeapiserver,2782,0.54,0.0,139492,130178
119.49845259899999,nodescheduler,3993,0.04,0.0,22360,11530
119.49845259899999,nodecontroller,3746,0.22,0.0,44880,33852
119.49845259899999,nodelet,3156,0.09,0.0,25780,13862
119.49845259899999,nodeproxy,4175,0.0,0.0,15956,6758
119.49845259899999,containerd,2317,0.54,0.0,85404,84053
119.49845259899999,flanneld,3294,0.1,0.0,42016,42440
119.49845259899999,coredns,4467,0.16,0.9957272675810857,64592,64952
120.502675141,nodestore,2459,0.32,0.9957952128901645,18752,11242
120.502675141,nodeapiserver,2782,0.55,0.9957952128901645,139492,130178
120.502675141,nodescheduler,3993,0.04,0.0,22360,11530
120.502675141,nodecontroller,3746,0.22,0.0,44880,33852
120.502675141,nodelet,3156,0.09,0.0,25780,13862
120.502675141,nodeproxy,4175,0.0,0.0,15956,6758
120.502675141,containerd,2317,0.55,0.9957952128901645,85404,84053
120.502675141,flanneld,3294,0.1,0.0,42016,42440
120.502675141,coredns,4467,0.17,0.9957952128901645,64592,64952
121.506854419,nodestore,2459,0.32,0.0,18752,11242
121.506854419,nodeapiserver,2782,0.55,0.0,139492,130178
121.506854419,nodescheduler,3993,0.04,0.0,22360,11530
121.506854419,nodecontroller,3746,0.23,0.9958381156716029,44880,33852
121.506854419,nodelet,3156,0.09,0.0,25780,13862
121.506854419,nodeproxy,4175,0.0,0.0,15956,6758
121.506854419,containerd,2317,0.55,0.0,85404,84057
121.506854419,flanneld,3294,0.1,0.0,42016,42440
121.506854419,coredns,4467,0.17,0.0,64592,64952
122.511050874,nodestore,2459,0.32,0.0,18752,11242
122.511050874,nodeapiserver,2782,0.56,0.9958210816428357,139492,130182
122.511050874,nodescheduler,3993,0.04,0.0,22360,11530
122.511050874,nodecontroller,3746,0.23,0.0,44880,33852
122.511050874,nodelet,3156,0.09,0.0,25780,13862
122.511050874,nodeproxy,4175,0.0,0.0,15956,6758
122.511050874,containerd,2317,0.55,0.0,85404,84057
122.511050874,flanneld,3294,0.11,0.9958210816428357,42016,42440
122.511050874,coredns,4467,0.17,0.0,64592,64952
123.51510935299999,nodestore,2459,0.32,0.0,18752,11242
123.51510935299999,nodeapiserver,2782,0.56,0.0,139492,130186
123.51510935299999,nodescheduler,3993,0.04,0.0,22360,11530
123.51510935299999,nodecontroller,3746,0.23,0.0,44880,33860
123.51510935299999,nodelet,3156,0.09,0.0,25780,13862
123.51510935299999,nodeproxy,4175,0.0,0.0,15956,6758
123.51510935299999,containerd,2317,0.56,0.9959579256737895,85404,84057
123.51510935299999,flanneld,3294,0.11,0.0,42016,42440
123.51510935299999,coredns,4467,0.17,0.0,64592,64952
124.51929469499999,nodestore,2459,0.32,0.0,18752,11242
124.51929469499999,nodeapiserver,2782,0.57,0.9958321020782241,139492,130186
124.51929469499999,nodescheduler,3993,0.04,0.0,22360,11530
124.51929469499999,nodecontroller,3746,0.23,0.0,44880,33872
124.51929469499999,nodelet,3156,0.09,0.0,25780,13862
124.51929469499999,nodeproxy,4175,0.0,0.0,15956,6758
124.51929469499999,containerd,2317,0.56,0.0,85404,84057
124.51929469499999,flanneld,3294,0.11,0.0,42016,42440
124.51929469499999,coredns,4467,0.17,0.0,64592,64952
125.523752806,nodestore,2459,0.32,0.0,18752,11242
125.523752806,nodeapiserver,2782,0.57,0.0,139492,130190
125.523752806,nodescheduler,3993,0.04,0.0,22360,11530
125.523752806,nodecontroller,3746,0.23,0.0,44880,33876
125.523752806,nodelet,3156,0.09,0.0,25780,13862
125.523752806,nodeproxy,4175,0.0,0.0,15956,6758
125.523752806,containerd,2317,0.56,0.0,85404,84057
125.523752806,flanneld,3294,0.11,0.0,42016,42440
125.523752806,coredns,4467,0.17,0.0,64592,64952
126.52797837699998,nodestore,2459,0.33,0.9957922093183007,18752,11242
126.52797837699998,nodeapiserver,2782,0.58,0.9957922093183007,139492,130190
126.52797837699998,nodescheduler,3993,0.05,0.9957922093183007,22360,11530
126.52797837699998,nodecontroller,3746,0.23,0.0,44880,33888
126.52797837699998,nodelet,3156,0.09,0.0,25780,13862
126.52797837699998,nodeproxy,4175,0.0,0.0,15956,6758
126.52797837699998,containerd,2317,0.57,0.9957922093183007,85404,84057
126.52797837699998,flanneld,3294,0.11,0.0,42016,42440
126.52797837699998,coredns,4467,0.17,0.0,64592,64952
127.53225324299999,nodestore,2459,0.33,0.0,18752,11242
127.53225324299999,nodeapiserver,2782,0.58,0.0,139492,130190
127.53225324299999,nodescheduler,3993,0.05,0.0,22360,11530
127.53225324299999,nodecontroller,3746,0.24,0.9957433306908998,44880,33900
127.53225324299999,nodelet,3156,0.09,0.0,25780,13862
127.53225324299999,nodeproxy,4175,0.0,0.0,15956,6758
127.53225324299999,containerd,2317,0.57,0.0,85404,84057
127.53225324299999,flanneld,3294,0.11,0.0,42016,42440
127.53225324299999,coredns,4467,0.17,0.0,64592,64952
128.53638281,nodestore,2459,0.33,0.0,18752,11242
128.53638281,nodeapiserver,2782,0.59,0.9958874161903782,139620,130234
128.53638281,nodescheduler,3993,0.05,0.0,22360,11530
128.53638281,nodecontroller,3746,0.25,0.9958874161903782,44880,33904
128.53638281,nodelet,3156,0.1,0.9958874161903782,25632,13862
128.53638281,nodeproxy,4175,0.0,0.0,15956,6758
128.53638281,containerd,2317,0.57,0.0,85404,84129
128.53638281,flanneld,3294,0.11,0.0,42016,42440
128.53638281,coredns,4467,0.17,0.0,64592,64956
129.54041682,nodestore,2459,0.33,0.0,18752,11242
129.54041682,nodeapiserver,2782,0.59,0.0,139620,130270
129.54041682,nodescheduler,3993,0.05,0.0,22360,11530
129.54041682,nodecontroller,3746,0.25,0.0,44880,33908
129.54041682,nodelet,3156,0.1,0.0,25632,13862
129.54041682,nodeproxy,4175,0.0,0.0,15956,6758
129.54041682,containerd,2317,0.58,0.9959821978540367,85404,84129
129.54041682,flanneld,3294,0.11,0.0,42016,42440
129.54041682,coredns,4467,0.17,0.0,64592,64956
130.544516461,nodestore,2459,0.34,0.9959170974347451,18752,11242
130.544516461,nodeapiserver,2782,0.59,0.0,139620,130270
130.544516461,nodescheduler,3993,0.05,0.0,22360,11530
130.544516461,nodecontroller,3746,0.25,0.0,44880,33908
130.544516461,nodelet,3156,0.1,0.0,25632,13862
130.544516461,nodeproxy,4175,0.0,0.0,15956,6758
130.544516461,containerd,2317,0.59,0.9959170974347451,85404,84129
130.544516461,flanneld,3294,0.11,0.0,42016,42440
130.544516461,coredns,4467,0.17,0.0,64592,64956
131.54873910199998,nodestore,2459,0.35,0.9957951147209952,18752,11242
131.54873910199998,nodeapiserver,2782,0.6,0.9957951147209952,139612,130274
131.54873910199998,nodescheduler,3993,0.05,0.0,22360,11530
131.54873910199998,nodecontroller,3746,0.25,0.0,44880,33944
131.54873910199998,nodelet,3156,0.1,0.0,25632,13862
131.54873910199998,nodeproxy,4175,0.0,0.0,15956,6758
131.54873910199998,containerd,2317,0.59,0.0,85404,84129
131.54873910199998,flanneld,3294,0.11,0.0,42016,42440
131.54873910199998,coredns,4467,0.18,0.9957951147209952,64592,64956
132.552839919,nodestore,2459,0.35,0.0,18752,11242
132.552839919,nodeapiserver,2782,0.61,0.9959159310194821,139612,130310
132.552839919,nodescheduler,3993,0.05,0.0,22360,11530
132.552839919,nodecontroller,3746,0.26,0.9959159310194821,44880,33960
132.552839919,nodelet,3156,0.1,0.0,25632,13862
132.552839919,nodeproxy,4175,0.0,0.0,15956,6758
132.552839919,containerd,2317,0.59,0.0,85404,84129
132.552839919,flanneld,3294,0.11,0.0,42016,42440
132.552839919,coredns,4467,0.18,0.0,64592,64956
133.557162829,nodestore,2459,0.35,0.0,18752,11242
133.557162829,nodeapiserver,2782,0.62,0.995695697114004,139612,130362
133.557162829,nodescheduler,3993,0.05,0.0,22360,11530
133.557162829,nodecontroller,3746,0.26,0.0,44880,33964
133.557162829,nodelet,3156,0.1,0.0,25632,13862
133.557162829,nodeproxy,4175,0.0,0.0,15956,6758
133.557162829,containerd,2317,0.59,0.0,85404,84129
133.557162829,flanneld,3294,0.12,0.995695697114004,42016,42440
133.557162829,coredns,4467,0.18,0.0,64592,64956
134.561253051,nodestore,2459,0.35,0.0,18752,11242
134.561253051,nodeapiserver,2782,0.62,0.0,139612,130362
134.561253051,nodescheduler,3993,0.05,0.0,22360,11530
134.561253051,nodecontroller,3746,0.26,0.0,44880,33964
134.561253051,nodelet,3156,0.1,0.0,25632,13862
134.561253051,nodeproxy,4175,0.0,0.0,15956,6758
134.561253051,containerd,2317,0.6,0.9959264397656866,85404,84129
134.561253051,flanneld,3294,0.12,0.0,42016,42440
134.561253051,coredns,4467,0.18,0.0,64592,64956
135.56545502699998,nodestore,2459,0.35,0.0,18752,11242
135.56545502699998,nodeapiserver,2782,0.63,0.9958156067201461,139612,130430
135.56545502699998,nodescheduler,3993,0.05,0.0,22360,11530
135.56545502699998,nodecontroller,3746,0.26,0.0,44880,33972
135.56545502699998,nodelet,3156,0.1,0.0,25632,13862
135.56545502699998,nodeproxy,4175,0.0,0.0,15956,6758
135.56545502699998,containerd,2317,0.61,0.9958156067201461,85404,84129
135.56545502699998,flanneld,3294,0.12,0.0,42016,42440
135.56545502699998,coredns,4467,0.19,0.9958156067201461,64592,64956
136.56968109,nodestore,2459,0.35,0.0,18752,11242
136.56968109,nodeapiserver,2782,0.63,0.0,139740,130490
136.56968109,nodescheduler,3993,0.05,0.0,22360,11530
136.56968109,nodecontroller,3746,0.26,0.0,44880,33980
136.56968109,nodelet,3156,0.1,0.0,25632,13862
136.56968109,nodeproxy,4175,0.0,0.0,15956,6758
136.56968109,containerd,2317,0.61,0.0,85404,84129
136.56968109,flanneld,3294,0.12,0.0,42016,42440
136.56968109,coredns,4467,0.19,0.0,64592,64956
137.57369187,nodestore,2459,0.36,0.9960052420950941,18752,11242
137.57369187,nodeapiserver,2782,0.63,0.0,139740,130498
137.57369187,nodescheduler,3993,0.05,0.0,22360,11530
137.57369187,nodecontroller,3746,0.26,0.0,44880,33980
137.57369187,nodelet,3156,0.1,0.0,25632,13862
137.57369187,nodeproxy,4175,0.0,0.0,15956,6758
137.57369187,containerd,2317,0.61,0.0,85404,84129
137.57369187,flanneld,3294,0.12,0.0,42016,42440
137.57369187,coredns,4467,0.19,0.0,64592,64964
138.577842199,nodestore,2459,0.36,0.0,18752,11242
138.577842199,nodeapiserver,2782,0.64,0.9958668250359175,139860,130590
138.577842199,nodescheduler,3993,0.05,0.0,22360,11530
138.577842199,nodecontroller,3746,0.26,0.0,44880,33984
138.577842199,nodelet,3156,0.1,0.0,25628,13858
138.577842199,nodeproxy,4175,0.0,0.0,15956,6758
138.577842199,containerd,2317,0.63,1.991733650071835,85404,84265
138.577842199,flanneld,3294,0.12,0.0,42016,42444
138.577842199,coredns,4467,0.19,0.0,64592,64964
139.582014241,nodestore,2459,0.36,0.0,18752,11242
139.582014241,nodeapiserver,2782,0.65,0.9958452916178746,139860,130598
139.582014241,nodescheduler,3993,0.05,0.0,22360,11530
139.582014241,nodecontroller,3746,0.26,0.0,44880,33984
139.582014241,nodelet,3156,0.1,0.0,25628,13858
139.582014241,nodeproxy,4175,0.0,0.0,15956,6758
139.582014241,containerd,2317,0.64,0.9958452916178746,85404,84265
139.582014241,flanneld,3294,0.12,0.0,42016,42444
139.582014241,coredns,4467,0.19,0.0,64592,64964
140.58610629199998,nodestore,2459,0.37,0.9959246256397398,18752,11242
140.58610629199998,nodeapiserver,2782,0.65,0.0,139860,130598
140.58610629199998,nodescheduler,3993,0.05,0.0,22360,11530
140.58610629199998,nodecontroller,3746,0.26,0.0,44880,33984
140.58610629199998,nodelet,3156,0.11,0.9959246256397398,25628,13858
140.58610629199998,nodeproxy,4175,0.0,0.0,15956,6758
140.58610629199998,containerd,2317,0.64,0.0,85404,84265
140.58610629199998,flanneld,3294,0.12,0.0,42016,42444
140.58610629199998,coredns,4467,0.19,0.0,64592,64964
141.58975924,nodestore,2459,0.37,0.0,18752,11242
141.58975924,nodeapiserver,2782,0.65,0.0,139860,130598
141.58975924,nodescheduler,3993,0.05,0.0,22360,11530
141.58975924,nodecontroller,3746,0.27,0.9963603474614375,44880,33988
141.58975924,nodelet,3156,0.11,0.0,25628,13858
141.58975924,nodeproxy,4175,0.0,0.0,15956,6758
141.58975924,containerd,2317,0.64,0.0,85404,84265
141.58975924,flanneld,3294,0.12,0.0,42016,42444
141.58975924,coredns,4467,0.19,0.0,64592,64964
142.593803248,nodestore,2459,0.37,0.0,18752,11242
142.593803248,nodeapiserver,2782,0.65,0.0,139860,130598
142.593803248,nodescheduler,3993,0.05,0.0,22360,11530
142.593803248,nodecontroller,3746,0.27,0.0,44880,33988
142.593803248,nodelet,3156,0.11,0.0,25628,13858
142.593803248,nodeproxy,4175,0.0,0.0,15956,6758
142.593803248,containerd,2317,0.64,0.0,85404,84265
142.593803248,flanneld,3294,0.12,0.0,42144,42508
142.593803248,coredns,4467,0.19,0.0,64592,64964
143.598015773,nodestore,2459,0.37,0.0,18752,11242
143.598015773,nodeapiserver,2782,0.66,0.9958051459276654,139860,130638
143.598015773,nodescheduler,3993,0.05,0.0,22360,11530
143.598015773,nodecontroller,3746,0.27,0.0,44880,33992
143.598015773,nodelet,3156,0.11,0.0,25628,13858
143.598015773,nodeproxy,4175,0.0,0.0,15956,6758
143.598015773,containerd,2317,0.64,0.0,85404,84265
143.598015773,flanneld,3294,0.13,0.9958051459276654,42144,42508
143.598015773,coredns,4467,0.19,0.0,64592,64964
144.602148732,nodestore,2459,0.37,0.0,18752,11242
144.602148732,nodeapiserver,2782,0.66,0.0,139860,130638
144.602148732,nodescheduler,3993,0.05,0.0,22360,11530
144.602148732,nodecontroller,3746,0.27,0.0,44880,33992
144.602148732,nodelet,3156,0.11,0.0,25628,13858
144.602148732,nodeproxy,4175,0.0,0.0,15956,6758
144.602148732,containerd,2317,0.65,0.9958840520441445,85404,84265
144.602148732,flanneld,3294,0.13,0.0,42144,42508
144.602148732,coredns,4467,0.19,0.0,64592,64964
145.606297933,nodestore,2459,0.37,0.0,18752,11242
145.606297933,nodeapiserver,2782,0.66,0.0,139860,130638
145.606297933,nodescheduler,3993,0.05,0.0,22360,11530
145.606297933,nodecontroller,3746,0.27,0.0,44880,33992
145.606297933,nodelet,3156,0.11,0.0,25628,13858
145.606297933,nodeproxy,4175,0.0,0.0,15956,6758
145.606297933,containerd,2317,0.66,0.9958679437319811,85404,84265
145.606297933,flanneld,3294,0.13,0.0,42144,42508
145.606297933,coredns,4467,0.19,0.0,64592,64964
146.610330556,nodestore,2459,0.38,0.9959835737329419,18752,11242
146.610330556,nodeapiserver,2782,0.66,0.0,139860,130638
146.610330556,nodescheduler,3993,0.05,0.0,22360,11530
146.610330556,nodecontroller,3746,0.27,0.0,44880,33992
146.610330556,nodelet,3156,0.11,0.0,25628,13858
146.610330556,nodeproxy,4175,0.0,0.0,15956,6758
146.610330556,containerd,2317,0.66,0.0,85404,84265
146.610330556,flanneld,3294,0.13,0.0,42144,42508
146.610330556,coredns,4467,0.19,0.0,64592,64964
147.614415789,nodestore,2459,0.39,0.9959313882270951,18752,11242
147.614415789,nodeapiserver,2782,0.67,0.9959313882270951,139860,130638
147.614415789,nodescheduler,3993,0.05,0.0,22360,11530
147.614415789,nodecontroller,3746,0.27,0.0,44880,33992
147.614415789,nodelet,3156,0.11,0.0,25628,13858
147.614415789,nodeproxy,4175,0.0,0.0,15956,6758
147.614415789,containerd,2317,0.66,0.0,85404,84265
147.614415789,flanneld,3294,0.13,0.0,42144,42508
147.614415789,coredns,4467,0.19,0.0,64592,64964
148.618384038,nodestore,2459,0.39,0.0,18752,11242
148.618384038,nodeapiserver,2782,0.69,1.9920948715182005,139988,130678
148.618384038,nodescheduler,3993,0.05,0.0,22360,11526
148.618384038,nodecontroller,3746,0.27,0.0,44880,33992
148.618384038,nodelet,3156,0.11,0.0,25628,13878
148.618384038,nodeproxy,4175,0.0,0.0,15956,6758
148.618384038,containerd,2317,0.67,0.9960474357591003,85404,84277
148.618384038,flanneld,3294,0.13,0.0,42144,42508
148.618384038,coredns,4467,0.21,1.9920948715182005,64592,64964
149.622483722,nodestore,2459,0.39,0.0,18752,11242
149.622483722,nodeapiserver,2782,0.69,0.0,139988,130678
149.622483722,nodescheduler,3993,0.05,0.0,22360,11526
149.622483722,nodecontroller,3746,0.28,0.9959170547851597,44880,33992
149.622483722,nodelet,3156,0.11,0.0,25628,13878
149.622483722,nodeproxy,4175,0.0,0.0,15956,6758
149.622483722,containerd,2317,0.67,0.0,85404,84277
149.622483722,flanneld,3294,0.13,0.0,42144,42508
149.622483722,coredns,4467,0.21,0.0,64592,64964
150.62657671099998,nodestore,2459,0.39,0.0,18752,11242
150.62657671099998,nodeapiserver,2782,0.69,0.0,139988,130678
150.62657671099998,nodescheduler,3993,0.05,0.0,22360,11530
150.62657671099998,nodecontroller,3746,0.28,0.0,44880,33992
150.62657671099998,nodelet,3156,0.11,0.0,25628,13878
150.62657671099998,nodeproxy,4175,0.0,0.0,15956,6758
150.62657671099998,containerd,2317,0.67,0.0,85404,84281
150.62657671099998,flanneld,3294,0.13,0.0,42144,42508
150.62657671099998,coredns,4467,0.21,0.0,64592,64964
151.630545208,nodestore,2459,0.39,0.0,18752,11242
151.630545208,nodeapiserver,2782,0.69,0.0,139988,130678
151.630545208,nodescheduler,3993,0.05,0.0,22360,11530
151.630545208,nodecontroller,3746,0.28,0.0,44880,33996
151.630545208,nodelet,3156,0.11,0.0,25628,13878
151.630545208,nodeproxy,4175,0.0,0.0,15956,6758
151.630545208,containerd,2317,0.68,0.996047189715738,85404,84281
151.630545208,flanneld,3294,0.13,0.0,42144,42508
151.630545208,coredns,4467,0.21,0.0,64592,64964
152.63420414,nodestore,2459,0.39,0.0,18752,11242
152.63420414,nodeapiserver,2782,0.69,0.0,139988,130678
152.63420414,nodescheduler,3993,0.05,0.0,22360,11530
152.63420414,nodecontroller,3746,0.28,0.0,44880,33996
152.63420414,nodelet,3156,0.11,0.0,25628,13878
152.63420414,nodeproxy,4175,0.0,0.0,15956,6758
152.63420414,containerd,2317,0.68,0.0,85404,84281
152.63420414,flanneld,3294,0.13,0.0,42144,42508
152.63420414,coredns,4467,0.21,0.0,64592,64964
153.638211958,nodestore,2459,0.4,0.9960081804861095,18752,11242
153.638211958,nodeapiserver,2782,0.69,0.0,139988,130678
153.638211958,nodescheduler,3993,0.05,0.0,22360,11530
153.638211958,nodecontroller,3746,0.28,0.0,44880,33996
153.638211958,nodelet,3156,0.11,0.0,25628,13878
153.638211958,nodeproxy,4175,0.0,0.0,15956,6758
153.638211958,containerd,2317,0.69,0.9960081804861095,85404,84281
153.638211958,flanneld,3294,0.13,0.0,42144,42512
153.638211958,coredns,4467,0.21,0.0,64592,64964
154.642290724,nodestore,2459,0.4,0.0,18752,11242
154.642290724,nodeapiserver,2782,0.7,0.9959378027520281,139988,130678
154.642290724,nodescheduler,3993,0.05,0.0,22360,11530
154.642290724,nodecontroller,3746,0.28,0.0,44880,33996
154.642290724,nodelet,3156,0.11,0.0,25628,13878
154.642290724,nodeproxy,4175,0.0,0.0,15956,6758
154.642290724,containerd,2317,0.69,0.0,85404,84281
154.642290724,flanneld,3294,0.13,0.0,42144,42512
154.642290724,coredns,4467,0.21,0.0,64592,64972
155.646360965,nodestore,2459,0.4,0.0,18752,11242
155.646360965,nodeapiserver,2782,0.7,0.0,139988,130678
155.646360965,nodescheduler,3993,0.05,0.0,22360,11530
155.646360965,nodecontroller,3746,0.29,0.9959462587040042,44880,33996
155.646360965,nodelet,3156,0.12,0.9959462587040042,25628,13878
155.646360965,nodeproxy,4175,0.0,0.0,15956,6758
155.646360965,containerd,2317,0.69,0.0,85404,84285
155.646360965,flanneld,3294,0.13,0.0,42144,42512
155.646360965,coredns,4467,0.21,0.0,64592,64972
156.64993099400002,nodestore,2459,0.4,0.0,18752,11242
156.64993099400002,nodeapiserver,2782,0.7,0.0,139988,130678
156.64993099400002,nodescheduler,3993,0.05,0.0,22360,11530
156.64993099400002,nodecontroller,3746,0.29,0.0,44880,33996
156.64993099400002,nodelet,3156,0.12,0.0,25628,13878
156.64993099400002,nodeproxy,4175,0.0,0.0,15956,6758
156.64993099400002,containerd,2317,0.69,0.0,85404,84285
156.64993099400002,flanneld,3294,0.13,0.0,42144,42512
156.64993099400002,coredns,4467,0.21,0.0,64592,64972
157.65378003200001,nodestore,2459,0.4,0.0,18752,11242
157.65378003200001,nodeapiserver,2782,0.7,0.0,141908,132554
157.65378003200001,nodescheduler,3993,0.05,0.0,22360,11530
157.65378003200001,nodecontroller,3746,0.29,0.0,44880,33996
157.65378003200001,nodelet,3156,0.12,0.0,25628,13878
157.65378003200001,nodeproxy,4175,0.0,0.0,15956,6758
157.65378003200001,containerd,2317,0.69,0.0,85404,84289
157.65378003200001,flanneld,3294,0.13,0.0,42144,42512
157.65378003200001,coredns,4467,0.21,0.0,64592,64972
158.65731630000002,nodestore,2459,0.4,0.0,18752,11242
158.65731630000002,nodeapiserver,2782,0.72,1.9929523862509675,142036,132554
158.65731630000002,nodescheduler,3993,0.05,0.0,22360,11530
158.65731630000002,nodecontroller,3746,0.29,0.0,44880,33996
158.65731630000002,nodelet,3156,0.12,0.0,25624,13898
158.65731630000002,nodeproxy,4175,0.0,0.0,15956,6758
158.65731630000002,containerd,2317,0.71,1.9929523862509675,85404,84289
158.65731630000002,flanneld,3294,0.14,0.9964761931254837,42144,42512
158.65731630000002,coredns,4467,0.21,0.0,64592,64972
159.66142897199998,nodestore,2459,0.41,0.9959041727939048,18752,11242
159.66142897199998,nodeapiserver,2782,0.72,0.0,142036,132554
159.66142897199998,nodescheduler,3993,0.05,0.0,22360,11530
159.66142897199998,nodecontroller,3746,0.29,0.0,44880,33996
159.66142897199998,nodelet,3156,0.12,0.0,25624,13898
159.66142897199998,nodeproxy,4175,0.0,0.0,15956,6758
159.66142897199998,containerd,2317,0.71,0.0,85404,84289
159.66142897199998,flanneld,3294,0.14,0.0,42144,42512
159.66142897199998,coredns,4467,0.21,0.0,64592,64980
160.66551752799998,nodestore,2459,0.42,0.995928092222974,18752,11242
160.66551752799998,nodeapiserver,2782,0.72,0.0,142036,132554
160.66551752799998,nodescheduler,3993,0.06,0.995928092222974,22360,11530
160.66551752799998,nodecontroller,3746,0.29,0.0,44880,33996
160.66551752799998,nodelet,3156,0.12,0.0,25624,13898
160.66551752799998,nodeproxy,4175,0.0,0.0,15956,6758
160.66551752799998,containerd,2317,0.72,0.995928092222974,85404,84289
160.66551752799998,flanneld,3294,0.14,0.0,42144,42512
160.66551752799998,coredns,4467,0.21,0.0,64592,64980
161.66947352600002,nodestore,2459,0.42,0.0,18752,11242
161.66947352600002,nodeapiserver,2782,0.74,1.9921191805060814,141452,131930
161.66947352600002,nodescheduler,3993,0.06,0.0,22360,11530
161.66947352600002,nodecontroller,3746,0.3,0.9960595902530407,45008,33896
161.66947352600002,nodelet,3156,0.12,0.0,25624,13898
161.66947352600002,nodeproxy,4175,0.0,0.0,15956,6758
161.66947352600002,containerd,2317,0.72,0.0,85404,84289
161.66947352600002,flanneld,3294,0.14,0.0,42144,42512
161.66947352600002,coredns,4467,0.21,0.0,64592,64980
162.67304477999997,nodestore,2459,0.42,0.0,18752,11242
162.67304477999997,nodeapiserver,2782,0.74,0.0,141452,131930
162.67304477999997,nodescheduler,3993,0.06,0.0,22360,11530
162.67304477999997,nodecontroller,3746,0.3,0.0,45008,33896
162.67304477999997,nodelet,3156,0.13,0.9964414544700072,25624,13898
162.67304477999997,nodeproxy,4175,0.0,0.0,15956,6758
162.67304477999997,containerd,2317,0.72,0.0,85404,84289
162.67304477999997,flanneld,3294,0.14,0.0,42144,42512
162.67304477999997,coredns,4467,0.21,0.0,64592,64980
163.677142507,nodestore,2459,0.42,0.0,18752,11242
163.677142507,nodeapiserver,2782,0.75,0.9959189958408862,141452,131930
163.677142507,nodescheduler,3993,0.06,0.0,22360,11530
163.677142507,nodecontroller,3746,0.3,0.0,45008,33896
163.677142507,nodelet,3156,0.13,0.0,25624,13898
163.677142507,nodeproxy,4175,0.0,0.0,15956,6758
163.677142507,containerd,2317,0.73,0.9959189958408862,85404,84289
163.677142507,flanneld,3294,0.14,0.0,42144,42512
163.677142507,coredns,4467,0.21,0.0,64592,64980
164.680778597,nodestore,2459,0.42,0.0,18752,11242
164.680778597,nodeapiserver,2782,0.75,0.0,141452,131930
164.680778597,nodescheduler,3993,0.06,0.0,22360,11530
164.680778597,nodecontroller,3746,0.3,0.0,45008,33896
164.680778597,nodelet,3156,0.13,0.0,25624,13898
164.680778597,nodeproxy,4175,0.0,0.0,15956,6758
164.680778597,containerd,2317,0.74,0.9963770832513741,85404,84289
164.680778597,flanneld,3294,0.14,0.0,42144,42512
164.680778597,coredns,4467,0.23,1.9927541665027482,64592,64988
165.684736076,nodestore,2459,0.43,0.9960581209037366,18752,11242
165.684736076,nodeapiserver,2782,0.76,0.9960581209037366,141452,131930
165.684736076,nodescheduler,3993,0.06,0.0,22360,11530
165.684736076,nodecontroller,3746,0.3,0.0,45008,33896
165.684736076,nodelet,3156,0.13,0.0,25624,13898
165.684736076,nodeproxy,4175,0.0,0.0,15956,6758
165.684736076,containerd,2317,0.74,0.0,85404,84289
165.684736076,flanneld,3294,0.14,0.0,42144,42512
165.684736076,coredns,4467,0.23,0.0,64592,64988
166.68863538999997,nodestore,2459,0.44,0.9961158315922843,18752,11242
166.68863538999997,nodeapiserver,2782,0.76,0.0,141452,131934
166.68863538999997,nodescheduler,3993,0.06,0.0,22360,11530
166.68863538999997,nodecontroller,3746,0.31,0.9961158315922843,45008,33896
166.68863538999997,nodelet,3156,0.13,0.0,25624,13898
166.68863538999997,nodeproxy,4175,0.0,0.0,15956,6758
166.68863538999997,containerd,2317,0.74,0.0,85404,84293
166.68863538999997,flanneld,3294,0.14,0.0,42144,42512
166.68863538999997,coredns,4467,0.23,0.0,64592,64988
167.69220159300002,nodestore,2459,0.44,0.0,18752,11242
167.69220159300002,nodeapiserver,2782,0.76,0.0,148108,138710
167.69220159300002,nodescheduler,3993,0.06,0.0,22360,11530
167.69220159300002,nodecontroller,3746,0.31,0.0,45008,33896
167.69220159300002,nodelet,3156,0.13,0.0,25624,13898
167.69220159300002,nodeproxy,4175,0.0,0.0,15956,6758
167.69220159300002,containerd,2317,0.75,0.9964464696106871,85404,84293
167.69220159300002,flanneld,3294,0.15,0.9964464696106871,42144,42512
167.69220159300002,coredns,4467,0.23,0.0,64592,64988
168.695656711,nodestore,2459,0.44,0.0,18752,11242
168.695656711,nodeapiserver,2782,0.77,0.9965567787357912,148236,138706
168.695656711,nodescheduler,3993,0.06,0.0,22360,11530
168.695656711,nodecontroller,3746,0.32,0.9965567787357912,45008,33896
168.695656711,nodelet,3156,0.13,0.0,25596,13898
168.695656711,nodeproxy,4175,0.0,0.0,15956,6758
168.695656711,containerd,2317,0.75,0.0,85404,84297
168.695656711,flanneld,3294,0.15,0.0,42144,42512
168.695656711,coredns,4467,0.23,0.0,64592,64988
169.69949696400002,nodestore,2459,0.44,0.0,18752,11242
169.69949696400002,nodeapiserver,2782,0.77,0.0,148236,138710
169.69949696400002,nodescheduler,3993,0.06,0.0,22360,11530
169.69949696400002,nodecontroller,3746,0.32,0.0,45008,33904
169.69949696400002,nodelet,3156,0.13,0.0,25596,13898
169.69949696400002,nodeproxy,4175,0.0,0.0,15956,6758
169.69949696400002,containerd,2317,0.76,0.9961744381254443,85404,84297
169.69949696400002,flanneld,3294,0.15,0.0,42144,42512
169.69949696400002,coredns,4467,0.23,0.0,64592,64988
170.705366484,nodestore,2459,0.44,0.0,18752,11242
170.705366484,nodeapiserver,2782,0.78,0.9941647302326287,148236,138710
170.705366484,nodescheduler,3993,0.06,0.0,22360,11530
170.705366484,nodecontroller,3746,0.32,0.0,45008,33904
170.705366484,nodelet,3156,0.13,0.0,25596,13898
170.705366484,nodeproxy,4175,0.0,0.0,15956,6758
170.705366484,containerd,2317,0.76,0.0,85404,84297
170.705366484,flanneld,3294,0.15,0.0,42144,42512
170.705366484,coredns,4467,0.23,0.0,64592,64988
171.709124377,nodestore,2459,0.44,0.0,18752,11242
171.709124377,nodeapiserver,2782,0.78,0.0,148236,138710
171.709124377,nodescheduler,3993,0.06,0.0,22360,11530
171.709124377,nodecontroller,3746,0.32,0.0,45008,33904
171.709124377,nodelet,3156,0.13,0.0,25596,13898
171.709124377,nodeproxy,4175,0.0,0.0,15956,6758
171.709124377,containerd,2317,0.76,0.0,85404,84297
171.709124377,flanneld,3294,0.15,0.0,42144,42512
171.709124377,coredns,4467,0.23,0.0,64592,64988
172.712545123,nodestore,2459,0.45,0.9965909156117673,18752,11242
172.712545123,nodeapiserver,2782,0.78,0.0,148236,138710
172.712545123,nodescheduler,3993,0.06,0.0,22360,11530
172.712545123,nodecontroller,3746,0.33,0.9965909156117673,45008,33908
172.712545123,nodelet,3156,0.13,0.0,25596,13898
172.712545123,nodeproxy,4175,0.0,0.0,15956,6758
172.712545123,containerd,2317,0.77,0.9965909156117673,85404,84297
172.712545123,flanneld,3294,0.15,0.0,42144,42512
172.712545123,coredns,4467,0.23,0.0,64592,64988
173.716308785,nodestore,2459,0.45,0.0,18752,11242
173.716308785,nodeapiserver,2782,0.79,0.9962504500387233,148236,138710
173.716308785,nodescheduler,3993,0.06,0.0,22360,11530
173.716308785,nodecontroller,3746,0.33,0.0,45008,33924
173.716308785,nodelet,3156,0.13,0.0,25596,13898
173.716308785,nodeproxy,4175,0.0,0.0,15956,6758
173.716308785,containerd,2317,0.77,0.0,85404,84297
173.716308785,flanneld,3294,0.15,0.0,42144,42512
173.716308785,coredns,4467,0.23,0.0,64592,64988
174.719920934,nodestore,2459,0.45,0.0,18752,11242
174.719920934,nodeapiserver,2782,0.79,0.0,148236,138710
174.719920934,nodescheduler,3993,0.07,0.9964008516600854,22360,11530
174.719920934,nodecontroller,3746,0.33,0.0,45008,33928
174.719920934,nodelet,3156,0.13,0.0,25596,13898
174.719920934,nodeproxy,4175,0.0,0.0,15956,6758
174.719920934,containerd,2317,0.78,0.9964008516600854,85404,84297
174.719920934,flanneld,3294,0.15,0.0,42144,42512
174.719920934,coredns,4467,0.23,0.0,64592,64992
175.72338358199997,nodestore,2459,0.45,0.0,18752,11242
175.72338358199997,nodeapiserver,2782,0.79,0.0,148236,138714
175.72338358199997,nodescheduler,3993,0.07,0.0,22360,11530
175.72338358199997,nodecontroller,3746,0.33,0.0,45008,33936
175.72338358199997,nodelet,3156,0.13,0.0,25596,13898
175.72338358199997,nodeproxy,4175,0.0,0.0,15956,6758
175.72338358199997,containerd,2317,0.78,0.0,85404,84297
175.72338358199997,flanneld,3294,0.15,0.0,42144,42512
175.72338358199997,coredns,4467,0.23,0.0,64592,64992
176.72681591799997,nodestore,2459,0.46,0.9965794046326178,18752,11242
176.72681591799997,nodeapiserver,2782,0.79,0.0,148236,138714
176.72681591799997,nodescheduler,3993,0.07,0.0,22360,11530
176.72681591799997,nodecontroller,3746,0.33,0.0,45008,33936
176.72681591799997,nodelet,3156,0.13,0.0,25596,13898
176.72681591799997,nodeproxy,4175,0.0,0.0,15956,6758
176.72681591799997,containerd,2317,0.78,0.0,85404,84297
176.72681591799997,flanneld,3294,0.15,0.0,42144,42512
176.72681591799997,coredns,4467,0.24,0.9965794046326178,64592,64992
177.73035949099997,nodestore,2459,0.47,0.996468939570398,18752,11242
177.73035949099997,nodeapiserver,2782,0.8,0.996468939570398,151052,141630
177.73035949099997,nodescheduler,3993,0.07,0.0,22360,11530
177.73035949099997,nodecontroller,3746,0.33,0.0,45008,33964
177.73035949099997,nodelet,3156,0.13,0.0,25596,13898
177.73035949099997,nodeproxy,4175,0.0,0.0,15956,6758
177.73035949099997,containerd,2317,0.78,0.0,85404,84297
177.73035949099997,flanneld,3294,0.15,0.0,42144,42512
177.73035949099997,coredns,4467,0.24,0.0,64592,64992
178.73368538399998,nodestore,2459,0.48,0.9966851318966108,18752,11246
178.73368538399998,nodeapiserver,2782,0.82,1.9933702637932216,151180,141654
178.73368538399998,nodescheduler,3993,0.07,0.0,22360,11534
178.73368538399998,nodecontroller,3746,0.33,0.0,45008,33980
178.73368538399998,nodelet,3156,0.13,0.0,25596,13898
178.73368538399998,nodeproxy,4175,0.0,0.0,15956,6758
178.73368538399998,containerd,2317,0.79,0.9966851318966108,85404,84301
178.73368538399998,flanneld,3294,0.15,0.0,42144,42512
178.73368538399998,coredns,4467,0.24,0.0,64592,64992
179.73721855800002,nodestore,2459,0.48,0.0,18752,11246
179.73721855800002,nodeapiserver,2782,0.83,0.9964792653680226,151180,141694
179.73721855800002,nodescheduler,3993,0.07,0.0,22360,11534
179.73721855800002,nodecontroller,3746,0.34,0.9964792653680226,45008,33984
179.73721855800002,nodelet,3156,0.13,0.0,25596,13898
179.73721855800002,nodeproxy,4175,0.0,0.0,15956,6758
179.73721855800002,containerd,2317,0.8,0.9964792653680226,85404,84301
179.73721855800002,flanneld,3294,0.15,0.0,42144,42512
179.73721855800002,coredns,4467,0.25,0.9964792653680226,64592,64992
180.74091937400001,nodestore,2459,0.48,0.0,18752,11246
180.74091937400001,nodeapiserver,2782,0.83,0.0,151180,141694
180.74091937400001,nodescheduler,3993,0.07,0.0,22360,11534
180.74091937400001,nodecontroller,3746,0.34,0.0,45008,33984
180.74091937400001,nodelet,3156,0.13,0.0,25596,13898
180.74091937400001,nodeproxy,4175,0.0,0.0,15956,6758
180.74091937400001,containerd,2317,0.81,0.9963128295394438,85404,84301
180.74091937400001,flanneld,3294,0.15,0.0,42144,42512
180.74091937400001,coredns,4467,0.25,0.0,64592,64992
181.744424663,nodestore,2459,0.49,0.9965069551317783,18752,11246
181.744424663,nodeapiserver,2782,0.83,0.0,151180,141746
181.744424663,nodescheduler,3993,0.07,0.0,22360,11534
181.744424663,nodecontroller,3746,0.34,0.0,45008,33992
181.744424663,nodelet,3156,0.13,0.0,25596,13898
181.744424663,nodeproxy,4175,0.0,0.0,15956,6758
181.744424663,containerd,2317,0.81,0.0,85404,84301
181.744424663,flanneld,3294,0.15,0.0,42144,42512
181.744424663,coredns,4467,0.25,0.0,64592,64992
182.74781473,nodestore,2459,0.49,0.0,18752,11246
182.74781473,nodeapiserver,2782,0.83,0.0,151180,141798
182.74781473,nodescheduler,3993,0.07,0.0,22360,11534
182.74781473,nodecontroller,3746,0.34,0.0,45136,34004
182.74781473,nodelet,3156,0.13,0.0,25596,13898
182.74781473,nodeproxy,4175,0.0,0.0,15956,6758
182.74781473,containerd,2317,0.82,0.99662138672537,85404,84301
182.74781473,flanneld,3294,0.15,0.0,42144,42512
182.74781473,coredns,4467,0.25,0.0,64592,64992
183.75165227699998,nodestore,2459,0.49,0.0,18752,11246
183.75165227699998,nodeapiserver,2782,0.84,0.9961771234683761,151180,141802
183.75165227699998,nodescheduler,3993,0.07,0.0,22360,11534
183.75165227699998,nodecontroller,3746,0.34,0.0,45136,34004
183.75165227699998,nodelet,3156,0.13,0.0,25596,13898
183.75165227699998,nodeproxy,4175,0.0,0.0,15956,6758
183.75165227699998,containerd,2317,0.82,0.0,85404,84301
183.75165227699998,flanneld,3294,0.16,0.9961771234683761,42144,42512
183.75165227699998,coredns,4467,0.25,0.0,64592,64992
184.755496528,nodestore,2459,0.49,0.0,18752,11246
184.755496528,nodeapiserver,2782,0.84,0.0,151180,141854
184.755496528,nodescheduler,3993,0.07,0.0,22360,11534
184.755496528,nodecontroller,3746,0.34,0.0,45136,34008
184.755496528,nodelet,3156,0.14,0.9961704706719169,25596,13898
184.755496528,nodeproxy,4175,0.0,0.0,15956,6758
184.755496528,containerd,2317,0.82,0.0,85404,84301
184.755496528,flanneld,3294,0.16,0.0,42144,42512
184.755496528,coredns,4467,0.25,0.0,64720,65048
185.759309436,nodestore,2459,0.49,0.0,18752,11246
185.759309436,nodeapiserver,2782,0.84,0.0,151308,141942
185.759309436,nodescheduler,3993,0.07,0.0,22360,11534
185.759309436,nodecontroller,3746,0.35,0.9962015750449124,45136,34020
185.759309436,nodelet,3156,0.14,0.0,25596,13898
185.759309436,nodeproxy,4175,0.0,0.0,15956,6758
185.759309436,containerd,2317,0.82,0.0,85404,84301
185.759309436,flanneld,3294,0.16,0.0,42144,42512
185.759309436,coredns,4467,0.25,0.0,64720,65048
186.76305437199997,nodestore,2459,0.49,0.0,18752,11246
186.76305437199997,nodeapiserver,2782,0.85,0.9962690362205966,151308,142006
186.76305437199997,nodescheduler,3993,0.07,0.0,22360,11534
186.76305437199997,nodecontroller,3746,0.35,0.0,45136,34028
186.76305437199997,nodelet,3156,0.14,0.0,25596,13898
186.76305437199997,nodeproxy,4175,0.0,0.0,15956,6758
186.76305437199997,containerd,2317,0.82,0.0,85404,84301
186.76305437199997,flanneld,3294,0.16,0.0,42144,42512
186.76305437199997,coredns,4467,0.26,0.9962690362205966,64720,65048
187.766424533,nodestore,2459,0.5,0.9966411588354772,18752,11246
187.766424533,nodeapiserver,2782,0.85,0.0,151436,142098
187.766424533,nodescheduler,3993,0.07,0.0,22360,11534
187.766424533,nodecontroller,3746,0.35,0.0,45264,34204
187.766424533,nodelet,3156,0.14,0.0,25596,13898
187.766424533,nodeproxy,4175,0.0,0.0,15956,6758
187.766424533,containerd,2317,0.83,0.9966411588354772,85404,84301
187.766424533,flanneld,3294,0.16,0.0,42144,42512
187.766424533,coredns,4467,0.26,0.0,64720,65048
188.77010611299997,nodestore,2459,0.51,0.9963319243141063,18752,11246
188.77010611299997,nodeapiserver,2782,0.86,0.9963319243141063,151432,142174
188.77010611299997,nodescheduler,3993,0.07,0.0,22360,11534
188.77010611299997,nodecontroller,3746,0.35,0.0,45264,34208
188.77010611299997,nodelet,3156,0.14,0.0,25596,13898
188.77010611299997,nodeproxy,4175,0.0,0.0,15956,6758
188.77010611299997,containerd,2317,0.85,1.9926638486282127,85532,84373
188.77010611299997,flanneld,3294,0.16,0.0,42144,42512
188.77010611299997,coredns,4467,0.26,0.0,64720,65048
189.77387810899998,nodestore,2459,0.51,0.0,18752,11246
189.77387810899998,nodeapiserver,2782,0.86,0.0,151432,142178
189.77387810899998,nodescheduler,3993,0.07,0.0,22360,11534
189.77387810899998,nodecontroller,3746,0.35,0.0,45264,34208
189.77387810899998,nodelet,3156,0.14,0.0,25596,13898
189.77387810899998,nodeproxy,4175,0.0,0.0,15956,6758
189.77387810899998,containerd,2317,0.85,0.0,85532,84373
189.77387810899998,flanneld,3294,0.16,0.0,42144,42512
189.77387810899998,coredns,4467,0.26,0.0,64720,65048
190.777636564,nodestore,2459,0.51,0.0,18752,11246
190.777636564,nodeapiserver,2782,0.86,0.0,151432,142178
190.777636564,nodescheduler,3993,0.07,0.0,22360,11534
190.777636564,nodecontroller,3746,0.36,0.9962556180908836,45264,34208
190.777636564,nodelet,3156,0.15,0.9962556180908836,25596,13898
190.777636564,nodeproxy,4175,0.0,0.0,15956,6758
190.777636564,containerd,2317,0.85,0.0,85532,84373
190.777636564,flanneld,3294,0.16,0.0,42144,42512
190.777636564,coredns,4467,0.26,0.0,64720,65048
191.78141978,nodestore,2459,0.51,0.0,18752,11246
191.78141978,nodeapiserver,2782,0.88,1.9924620855585455,151552,142234
191.78141978,nodescheduler,3993,0.07,0.0,22360,11534
191.78141978,nodecontroller,3746,0.36,0.0,45264,34184
191.78141978,nodelet,3156,0.15,0.0,25596,13898
191.78141978,nodeproxy,4175,0.0,0.0,15956,6758
191.78141978,containerd,2317,0.86,0.9962310427792728,85532,84373
191.78141978,flanneld,3294,0.16,0.0,42144,42512
191.78141978,coredns,4467,0.26,0.0,64720,65048
192.78522913499998,nodestore,2459,0.51,0.0,18752,11246
192.78522913499998,nodeapiserver,2782,0.89,0.9962051011170471,151552,142234
192.78522913499998,nodescheduler,3993,0.07,0.0,22360,11534
192.78522913499998,nodecontroller,3746,0.36,0.0,45264,34184
192.78522913499998,nodelet,3156,0.15,0.0,25596,13898
192.78522913499998,nodeproxy,4175,0.0,0.0,15956,6758
192.78522913499998,containerd,2317,0.87,0.9962051011170471,85532,84373
192.78522913499998,flanneld,3294,0.16,0.0,42144,42512
192.78522913499998,coredns,4467,0.26,0.0,64720,65048
193.78905938900002,nodestore,2459,0.52,0.9961843608670159,18752,11246
193.78905938900002,nodeapiserver,2782,0.89,0.0,151552,142234
193.78905938900002,nodescheduler,3993,0.07,0.0,22360,11534
193.78905938900002,nodecontroller,3746,0.36,0.0,45264,34184
193.78905938900002,nodelet,3156,0.15,0.0,25596,13898
193.78905938900002,nodeproxy,4175,0.0,0.0,15956,6758
193.78905938900002,containerd,2317,0.87,0.0,85532,84373
193.78905938900002,flanneld,3294,0.16,0.0,42144,42512
193.78905938900002,coredns,4467,0.26,0.0,64720,65048
194.79294901699998,nodestore,2459,0.52,0.0,18752,11246
194.79294901699998,nodeapiserver,2782,0.89,0.0,151552,142234
194.79294901699998,nodescheduler,3993,0.07,0.0,22360,11534
194.79294901699998,nodecontroller,3746,0.36,0.0,45264,34184
194.79294901699998,nodelet,3156,0.15,0.0,25596,13898
194.79294901699998,nodeproxy,4175,0.0,0.0,15956,6758
194.79294901699998,containerd,2317,0.87,0.0,85532,84373
194.79294901699998,flanneld,3294,0.16,0.0,42144,42512
194.79294901699998,coredns,4467,0.26,0.0,64720,65048
195.79679554999998,nodestore,2459,0.52,0.0,18752,11246
195.79679554999998,nodeapiserver,2782,0.89,0.0,151552,142234
195.79679554999998,nodescheduler,3993,0.07,0.0,22360,11534
195.79679554999998,nodecontroller,3746,0.36,0.0,45264,34184
195.79679554999998,nodelet,3156,0.15,0.0,25596,13898
195.79679554999998,nodeproxy,4175,0.0,0.0,15956,6758
195.79679554999998,containerd,2317,0.87,0.0,85532,84373
195.79679554999998,flanneld,3294,0.16,0.0,42144,42512
195.79679554999998,coredns,4467,0.26,0.0,64720,65048
196.800623367,nodestore,2459,0.52,0.0,18752,11246
196.800623367,nodeapiserver,2782,0.89,0.0,151552,142234
196.800623367,nodescheduler,3993,0.07,0.0,22360,11534
196.800623367,nodecontroller,3746,0.36,0.0,45264,34184
196.800623367,nodelet,3156,0.15,0.0,25596,13898
196.800623367,nodeproxy,4175,0.0,0.0,15956,6758
196.800623367,containerd,2317,0.87,0.0,85532,84373
196.800623367,flanneld,3294,0.16,0.0,42144,42512
196.800623367,coredns,4467,0.26,0.0,64720,65048
197.80446190199999,nodestore,2459,0.52,0.0,18752,11246
197.80446190199999,nodeapiserver,2782,0.9,0.9961761430088955,151552,142234
197.80446190199999,nodescheduler,3993,0.07,0.0,22360,11538
197.80446190199999,nodecontroller,3746,0.36,0.0,45264,34184
197.80446190199999,nodelet,3156,0.15,0.0,25596,13898
197.80446190199999,nodeproxy,4175,0.0,0.0,15956,6758
197.80446190199999,containerd,2317,0.87,0.0,85532,84373
197.80446190199999,flanneld,3294,0.16,0.0,42144,42512
197.80446190199999,coredns,4467,0.26,0.0,64720,65048
198.80822563400002,nodestore,2459,0.52,0.0,18752,11246
198.80822563400002,nodeapiserver,2782,0.91,0.9962503805626258,151680,142230
198.80822563400002,nodescheduler,3993,0.07,0.0,22360,11534
198.80822563400002,nodecontroller,3746,0.37,0.9962503805626258,45392,34408
198.80822563400002,nodelet,3156,0.15,0.0,25592,13898
198.80822563400002,nodeproxy,4175,0.0,0.0,15956,6758
198.80822563400002,containerd,2317,0.88,0.9962503805626258,85532,84373
198.80822563400002,flanneld,3294,0.17,0.9962503805626258,42144,42512
198.80822563400002,coredns,4467,0.27,0.9962503805626258,64720,65048
199.811839564,nodestore,2459,0.53,0.9963990834603383,18752,11246
199.811839564,nodeapiserver,2782,0.91,0.0,151680,142230
199.811839564,nodescheduler,3993,0.07,0.0,22360,11534
199.811839564,nodecontroller,3746,0.37,0.0,45392,34408
199.811839564,nodelet,3156,0.15,0.0,25592,13898
199.811839564,nodeproxy,4175,0.0,0.0,15956,6758
199.811839564,containerd,2317,0.88,0.0,85532,84373
199.811839564,flanneld,3294,0.17,0.0,42144,42512
199.811839564,coredns,4467,0.28,0.9963990834603383,64720,65048
200.81608855599998,nodestore,2459,0.53,0.0,18752,11246
200.81608855599998,nodeapiserver,2782,0.91,0.0,151680,142230
200.81608855599998,nodescheduler,3993,0.07,0.0,22360,11538
200.81608855599998,nodecontroller,3746,0.37,0.0,45392,34408
200.81608855599998,nodelet,3156,0.15,0.0,25592,13898
200.81608855599998,nodeproxy,4175,0.0,0.0,15956,6758
200.81608855599998,containerd,2317,0.89,0.9957689855465778,85532,84377
200.81608855599998,flanneld,3294,0.17,0.0,42144,42512
200.81608855599998,coredns,4467,0.28,0.0,64720,65048
201.81969234699997,nodestore,2459,0.54,0.9964091496740977,18752,11246
201.81969234699997,nodeapiserver,2782,0.91,0.0,151552,142234
201.81969234699997,nodescheduler,3993,0.07,0.0,22360,11538
201.81969234699997,nodecontroller,3746,0.38,0.9964091496740977,45392,34408
201.81969234699997,nodelet,3156,0.15,0.0,25592,13898
201.81969234699997,nodeproxy,4175,0.0,0.0,15956,6758
201.81969234699997,containerd,2317,0.89,0.0,85532,84377
201.81969234699997,flanneld,3294,0.17,0.0,42144,42512
201.81969234699997,coredns,4467,0.28,0.0,64720,65048
202.82334666799997,nodestore,2459,0.54,0.0,18752,11246
202.82334666799997,nodeapiserver,2782,0.92,0.9963589844396246,151552,142234
202.82334666799997,nodescheduler,3993,0.07,0.0,22360,11538
202.82334666799997,nodecontroller,3746,0.38,0.0,45392,34408
202.82334666799997,nodelet,3156,0.15,0.0,25592,13898
202.82334666799997,nodeproxy,4175,0.0,0.0,15956,6758
202.82334666799997,containerd,2317,0.9,0.9963589844396246,85532,84381
202.82334666799997,flanneld,3294,0.18,0.9963589844396246,42144,42516
202.82334666799997,coredns,4467,0.28,0.0,64720,65048
203.82691174800001,nodestore,2459,0.54,0.0,18752,11246
203.82691174800001,nodeapiserver,2782,0.92,0.0,151552,142234
203.82691174800001,nodescheduler,3993,0.07,0.0,22360,11538
203.82691174800001,nodecontroller,3746,0.38,0.0,45392,34408
203.82691174800001,nodelet,3156,0.15,0.0,25592,13898
203.82691174800001,nodeproxy,4175,0.0,0.0,15956,6758
203.82691174800001,containerd,2317,0.9,0.0,85532,84381
203.82691174800001,flanneld,3294,0.18,0.0,42144,42516
203.82691174800001,coredns,4467,0.28,0.0,64720,65048
204.830630846,nodestore,2459,0.54,0.0,18752,11246
204.830630846,nodeapiserver,2782,0.92,0.0,151552,142234
204.830630846,nodescheduler,3993,0.07,0.0,22360,11538
204.830630846,nodecontroller,3746,0.38,0.0,45392,34408
204.830630846,nodelet,3156,0.15,0.0,25592,13898
204.830630846,nodeproxy,4175,0.0,0.0,15956,6758
204.830630846,containerd,2317,0.91,0.9962946824391534,85532,84381
204.830630846,flanneld,3294,0.18,0.0,42144,42516
204.830630846,coredns,4467,0.28,0.0,64720,65048
205.83419991899999,nodestore,2459,0.55,0.9964436199799132,18752,11254
205.83419991899999,nodeapiserver,2782,0.92,0.0,151552,142234
205.83419991899999,nodescheduler,3993,0.07,0.0,22360,11538
205.83419991899999,nodecontroller,3746,0.38,0.0,45392,34408
205.83419991899999,nodelet,3156,0.15,0.0,25592,13898
205.83419991899999,nodeproxy,4175,0.0,0.0,15956,6758
205.83419991899999,containerd,2317,0.91,0.0,85532,84381
205.83419991899999,flanneld,3294,0.18,0.0,42144,42516
205.83419991899999,coredns,4467,0.28,0.0,64720,65048
206.837844886,nodestore,2459,0.55,0.0,18752,11338
206.837844886,nodeapiserver,2782,0.95,2.989104811602128,150972,141642
206.837844886,nodescheduler,3993,0.07,0.0,22360,11538
206.837844886,nodecontroller,3746,0.39,0.9963682705340425,45260,34284
206.837844886,nodelet,3156,0.15,0.0,25592,13898
206.837844886,nodeproxy,4175,0.0,0.0,15956,6758
206.837844886,containerd,2317,0.91,0.0,85532,84381
206.837844886,flanneld,3294,0.18,0.0,42144,42516
206.837844886,coredns,4467,0.28,0.0,64720,65048
207.841420614,nodestore,2459,0.55,0.0,18752,11338
207.841420614,nodeapiserver,2782,0.95,0.0,150972,141642
207.841420614,nodescheduler,3993,0.07,0.0,22360,11538
207.841420614,nodecontroller,3746,0.39,0.0,45260,34284
207.841420614,nodelet,3156,0.15,0.0,25592,13914
207.841420614,nodeproxy,4175,0.0,0.0,15956,6758
207.841420614,containerd,2317,0.91,0.0,85532,84381
207.841420614,flanneld,3294,0.18,0.0,42144,42516
207.841420614,coredns,4467,0.28,0.0,64720,65048
208.845570916,nodestore,2459,0.56,0.9958668518131585,18752,11338
208.845570916,nodeapiserver,2782,0.96,0.9958668518131585,151100,141638
208.845570916,nodescheduler,3993,0.07,0.0,22360,11538
208.845570916,nodecontroller,3746,0.39,0.0,45260,34284
208.845570916,nodelet,3156,0.16,0.9958668518131585,25720,13914
208.845570916,nodeproxy,4175,0.0,0.0,15956,6758
208.845570916,containerd,2317,0.93,1.991733703626317,85532,84389
208.845570916,flanneld,3294,0.18,0.0,42144,42516
208.845570916,coredns,4467,0.28,0.0,64720,65048
209.84929064499997,nodestore,2459,0.57,0.9962940561070169,18752,11350
209.84929064499997,nodeapiserver,2782,0.96,0.0,151100,141638
209.84929064499997,nodescheduler,3993,0.07,0.0,22360,11538
209.84929064499997,nodecontroller,3746,0.39,0.0,45260,34288
209.84929064499997,nodelet,3156,0.16,0.0,25720,13914
209.84929064499997,nodeproxy,4175,0.0,0.0,15956,6758
209.84929064499997,containerd,2317,0.93,0.0,85532,84389
209.84929064499997,flanneld,3294,0.18,0.0,42144,42516
209.84929064499997,coredns,4467,0.29,0.9962940561070169,64720,65048
210.852894298,nodestore,2459,0.57,0.0,18752,11350
210.852894298,nodeapiserver,2782,0.96,0.0,151100,141642
210.852894298,nodescheduler,3993,0.08,0.9964092866847832,22360,11538
210.852894298,nodecontroller,3746,0.39,0.0,45260,34296
210.852894298,nodelet,3156,0.16,0.0,25720,13914
210.852894298,nodeproxy,4175,0.0,0.0,15956,6758
210.852894298,containerd,2317,0.93,0.0,85532,84389
210.852894298,flanneld,3294,0.18,0.0,42144,42516
210.852894298,coredns,4467,0.29,0.0,64720,65048
211.85646298599997,nodestore,2459,0.57,0.0,18752,11350
211.85646298599997,nodeapiserver,2782,0.97,0.9964440022465377,151100,141646
211.85646298599997,nodescheduler,3993,0.08,0.0,22360,11538
211.85646298599997,nodecontroller,3746,0.4,0.9964440022465377,45260,34308
211.85646298599997,nodelet,3156,0.16,0.0,25720,13914
211.85646298599997,nodeproxy,4175,0.0,0.0,15956,6758
211.85646298599997,containerd,2317,0.93,0.0,85532,84389
211.85646298599997,flanneld,3294,0.18,0.0,42144,42516
211.85646298599997,coredns,4467,0.29,0.0,64720,65048
212.85970924199998,nodestore,2459,0.57,0.0,18752,11350
212.85970924199998,nodeapiserver,2782,0.97,0.0,151100,141646
212.85970924199998,nodescheduler,3993,0.08,0.0,22360,11538
212.85970924199998,nodecontroller,3746,0.4,0.0,45260,34308
212.85970924199998,nodelet,3156,0.16,0.0,25720,13914
212.85970924199998,nodeproxy,4175,0.0,0.0,15956,6758
212.85970924199998,containerd,2317,0.94,0.9967642480790766,85532,84392
212.85970924199998,flanneld,3294,0.18,0.0,42144,42516
212.85970924199998,coredns,4467,0.29,0.0,64720,65048
213.863386481,nodestore,2459,0.57,0.0,18752,11350
213.863386481,nodeapiserver,2782,0.97,0.0,151100,141646
213.863386481,nodescheduler,3993,0.08,0.0,22360,11538
213.863386481,nodecontroller,3746,0.4,0.0,45260,34336
213.863386481,nodelet,3156,0.16,0.0,25720,13914
213.863386481,nodeproxy,4175,0.0,0.0,15956,6758
213.863386481,containerd,2317,0.96,1.9926724670897666,85532,84392
213.863386481,flanneld,3294,0.18,0.0,42144,42516
213.863386481,coredns,4467,0.29,0.0,64720,65048
214.86693264200002,nodestore,2459,0.57,0.0,18752,11350
214.86693264200002,nodeapiserver,2782,0.98,0.9964663698214964,151100,141650
214.86693264200002,nodescheduler,3993,0.08,0.0,22360,11538
214.86693264200002,nodecontroller,3746,0.41,0.9964663698214964,45260,34340
214.86693264200002,nodelet,3156,0.16,0.0,25720,13914
214.86693264200002,nodeproxy,4175,0.0,0.0,15956,6758
214.86693264200002,containerd,2317,0.96,0.0,85532,84391
214.86693264200002,flanneld,3294,0.18,0.0,42144,42516
214.86693264200002,coredns,4467,0.29,0.0,64720,65048
215.870674959,nodestore,2459,0.57,0.0,18752,11350
215.870674959,nodeapiserver,2782,0.98,0.0,151100,141650
215.870674959,nodescheduler,3993,0.08,0.0,22360,11538
215.870674959,nodecontroller,3746,0.41,0.0,45260,34348
215.870674959,nodelet,3156,0.16,0.0,25720,13914
215.870674959,nodeproxy,4175,0.0,0.0,15956,6758
215.870674959,containerd,2317,0.96,0.0,85532,84392
215.870674959,flanneld,3294,0.18,0.0,42144,42516
215.870674959,coredns,4467,0.29,0.0,64720,65048
216.87391122699998,nodestore,2459,0.58,0.9967741716451118,18752,11350
216.87391122699998,nodeapiserver,2782,0.98,0.0,151100,141650
216.87391122699998,nodescheduler,3993,0.08,0.0,22360,11538
216.87391122699998,nodecontroller,3746,0.41,0.0,45260,34348
216.87391122699998,nodelet,3156,0.16,0.0,25720,13914
216.87391122699998,nodeproxy,4175,0.0,0.0,15956,6758
216.87391122699998,containerd,2317,0.96,0.0,85532,84392
216.87391122699998,flanneld,3294,0.18,0.0,42144,42516
216.87391122699998,coredns,4467,0.29,0.0,64720,65052
217.87754827400002,nodestore,2459,0.58,0.0,18752,11350
217.87754827400002,nodeapiserver,2782,1.0,1.9927522663478554,151228,141690
217.87754827400002,nodescheduler,3993,0.08,0.0,22360,11538
217.87754827400002,nodecontroller,3746,0.41,0.0,45260,34356
217.87754827400002,nodelet,3156,0.17,0.9963761331739277,25444,13906
217.87754827400002,nodeproxy,4175,0.0,0.0,15956,6758
217.87754827400002,containerd,2317,0.97,0.9963761331739277,85532,84396
217.87754827400002,flanneld,3294,0.18,0.0,42144,42516
217.87754827400002,coredns,4467,0.29,0.0,64720,65052
218.88080975199998,nodestore,2459,0.58,0.0,18752,11350
218.88080975199998,nodeapiserver,2782,1.0,0.0,151228,141730
218.88080975199998,nodescheduler,3993,0.08,0.0,22360,11538
218.88080975199998,nodecontroller,3746,0.41,0.0,45260,34360
218.88080975199998,nodelet,3156,0.17,0.0,25444,13906
218.88080975199998,nodeproxy,4175,0.0,0.0,15956,6758
218.88080975199998,containerd,2317,0.98,0.9967491246584508,85532,84396
218.88080975199998,flanneld,3294,0.18,0.0,42144,42516
218.88080975199998,coredns,4467,0.29,0.0,64720,65052
219.884044761,nodestore,2459,0.58,0.0,18752,11350
219.884044761,nodeapiserver,2782,1.01,0.9967754225370775,151228,141734
219.884044761,nodescheduler,3993,0.08,0.0,22360,11538
219.884044761,nodecontroller,3746,0.41,0.0,45260,34360
219.884044761,nodelet,3156,0.17,0.0,25444,13906
219.884044761,nodeproxy,4175,0.0,0.0,15956,6758
219.884044761,containerd,2317,0.98,0.0,85532,84396
219.884044761,flanneld,3294,0.18,0.0,42144,42516
219.884044761,coredns,4467,0.3,0.9967754225370775,64720,65052
220.887450738,nodestore,2459,0.58,0.0,18752,11350
220.887450738,nodeapiserver,2782,1.01,0.0,151228,141778
220.887450738,nodescheduler,3993,0.08,0.0,22360,11538
220.887450738,nodecontroller,3746,0.41,0.0,45260,34364
220.887450738,nodelet,3156,0.17,0.0,25444,13906
220.887450738,nodeproxy,4175,0.0,0.0,15956,6758
220.887450738,containerd,2317,0.98,0.0,85532,84396
220.887450738,flanneld,3294,0.18,0.0,42144,42516
220.887450738,coredns,4467,0.3,0.0,64720,65052
221.89106573400002,nodestore,2459,0.59,0.996398025124756,18752,11350
221.89106573400002,nodeapiserver,2782,1.02,0.996398025124756,151356,141802
221.89106573400002,nodescheduler,3993,0.08,0.0,22360,11538
221.89106573400002,nodecontroller,3746,0.41,0.0,45388,34384
221.89106573400002,nodelet,3156,0.17,0.0,25444,13906
221.89106573400002,nodeproxy,4175,0.0,0.0,15956,6758
221.89106573400002,containerd,2317,0.98,0.0,85532,84400
221.89106573400002,flanneld,3294,0.18,0.0,42144,42516
221.89106573400002,coredns,4467,0.3,0.0,64720,65052
222.89482212099998,nodestore,2459,0.59,0.0,18752,11350
222.89482212099998,nodeapiserver,2782,1.02,0.0,151356,141802
222.89482212099998,nodescheduler,3993,0.08,0.0,22360,11538
222.89482212099998,nodecontroller,3746,0.42,0.9962576706374141,45388,34384
222.89482212099998,nodelet,3156,0.17,0.0,25444,13906
222.89482212099998,nodeproxy,4175,0.0,0.0,15956,6758
222.89482212099998,containerd,2317,1.0,1.9925153412748282,85532,84400
222.89482212099998,flanneld,3294,0.18,0.0,42144,42516
222.89482212099998,coredns,4467,0.31,0.9962576706374141,64720,65052
223.89838142099998,nodestore,2459,0.59,0.0,18752,11350
223.89838142099998,nodeapiserver,2782,1.02,0.0,151356,141802
223.89838142099998,nodescheduler,3993,0.08,0.0,22360,11538
223.89838142099998,nodecontroller,3746,0.42,0.0,45388,34392
223.89838142099998,nodelet,3156,0.17,0.0,25444,13906
223.89838142099998,nodeproxy,4175,0.0,0.0,15956,6758
223.89838142099998,containerd,2317,1.0,0.0,85532,84401
223.89838142099998,flanneld,3294,0.19,0.9964533236850017,42144,42516
223.89838142099998,coredns,4467,0.31,0.0,64720,65052
224.902448083,nodestore,2459,0.59,0.0,18752,11350
224.902448083,nodeapiserver,2782,1.03,0.9959498087587996,151356,141802
224.902448083,nodescheduler,3993,0.08,0.0,22360,11538
224.902448083,nodecontroller,3746,0.42,0.0,45388,34392
224.902448083,nodelet,3156,0.17,0.0,25444,13906
224.902448083,nodeproxy,4175,0.0,0.0,15956,6758
224.902448083,containerd,2317,1.0,0.0,85532,84401
224.902448083,flanneld,3294,0.19,0.0,42144,42516
224.902448083,coredns,4467,0.31,0.0,64720,65052
225.90603119099998,nodestore,2459,0.6,0.9964296848248798,18752,11350
225.90603119099998,nodeapiserver,2782,1.03,0.0,151356,141850
225.90603119099998,nodescheduler,3993,0.08,0.0,22360,11538
225.90603119099998,nodecontroller,3746,0.42,0.0,45388,34404
225.90603119099998,nodelet,3156,0.17,0.0,25444,13906
225.90603119099998,nodeproxy,4175,0.0,0.0,15956,6758
225.90603119099998,containerd,2317,1.0,0.0,85532,84401
225.90603119099998,flanneld,3294,0.19,0.0,42144,42516
225.90603119099998,coredns,4467,0.31,0.0,64720,65052
226.90927898200002,nodestore,2459,0.6,0.0,18752,11350
226.90927898200002,nodeapiserver,2782,1.03,0.0,151356,141906
226.90927898200002,nodescheduler,3993,0.08,0.0,22360,11538
226.90927898200002,nodecontroller,3746,0.42,0.0,45388,34408
226.90927898200002,nodelet,3156,0.17,0.0,25444,13906
226.90927898200002,nodeproxy,4175,0.0,0.0,15956,6758
226.90927898200002,containerd,2317,1.0,0.0,85532,84401
226.90927898200002,flanneld,3294,0.19,0.0,42144,42516
226.90927898200002,coredns,4467,0.31,0.0,64720,65052
227.91282912699998,nodestore,2459,0.6,0.0,18752,11350
227.91282912699998,nodeapiserver,2782,1.04,0.9964624139434876,151484,142038
227.91282912699998,nodescheduler,3993,0.08,0.0,22360,11538
227.91282912699998,nodecontroller,3746,0.42,0.0,45388,34416
227.91282912699998,nodelet,3156,0.17,0.0,25544,13914
227.91282912699998,nodeproxy,4175,0.0,0.0,15956,6758
227.91282912699998,containerd,2317,1.02,1.9929248278869751,85532,84401
227.91282912699998,flanneld,3294,0.19,0.0,42144,42516
227.91282912699998,coredns,4467,0.31,0.0,64720,65052
228.91623968999997,nodestore,2459,0.61,0.9966010294033664,18752,11350
228.91623968999997,nodeapiserver,2782,1.04,0.0,151484,142038
228.91623968999997,nodescheduler,3993,0.08,0.0,22360,11538
228.91623968999997,nodecontroller,3746,0.42,0.0,45388,34416
228.91623968999997,nodelet,3156,0.17,0.0,25544,13914
228.91623968999997,nodeproxy,4175,0.0,0.0,15956,6758
228.91623968999997,containerd,2317,1.02,0.0,85532,84401
228.91623968999997,flanneld,3294,0.2,0.9966010294033664,42144,42516
228.91623968999997,coredns,4467,0.31,0.0,64720,65052
229.91987922,nodestore,2459,0.61,0.0,18752,11350
229.91987922,nodeapiserver,2782,1.05,0.9963736681435381,151484,142038
229.91987922,nodescheduler,3993,0.08,0.0,22360,11538
229.91987922,nodecontroller,3746,0.42,0.0,45388,34416
229.91987922,nodelet,3156,0.17,0.0,25544,13914
229.91987922,nodeproxy,4175,0.0,0.0,15956,6758
229.91987922,containerd,2317,1.02,0.0,85532,84401
229.91987922,flanneld,3294,0.2,0.0,42144,42516
229.91987922,coredns,4467,0.31,0.0,64720,65052
230.923562412,nodestore,2459,0.61,0.0,18752,11350
230.923562412,nodeapiserver,2782,1.05,0.0,151484,142038
230.923562412,nodescheduler,3993,0.08,0.0,22360,11538
230.923562412,nodecontroller,3746,0.42,0.0,45388,34416
230.923562412,nodelet,3156,0.18,0.9963303241208579,25544,13914
230.923562412,nodeproxy,4175,0.0,0.0,15956,6758
230.923562412,containerd,2317,1.02,0.0,85532,84401
230.923562412,flanneld,3294,0.2,0.0,42144,42516
230.923562412,coredns,4467,0.31,0.0,64720,65052
231.92680108099998,nodestore,2459,0.61,0.0,18752,11350
231.92680108099998,nodeapiserver,2782,1.05,0.0,151484,142086
231.92680108099998,nodescheduler,3993,0.08,0.0,22360,11538
231.92680108099998,nodecontroller,3746,0.43,0.9967717861162467,45388,34424
231.92680108099998,nodelet,3156,0.18,0.0,25544,13914
231.92680108099998,nodeproxy,4175,0.0,0.0,15956,6758
231.92680108099998,containerd,2317,1.03,0.9967717861162467,85532,84401
231.92680108099998,flanneld,3294,0.2,0.0,42144,42516
231.92680108099998,coredns,4467,0.31,0.0,64720,65052
232.930348188,nodestore,2459,0.61,0.0,18752,11350
232.930348188,nodeapiserver,2782,1.05,0.0,151484,142086
232.930348188,nodescheduler,3993,0.08,0.0,22360,11538
232.930348188,nodecontroller,3746,0.43,0.0,45388,34424
232.930348188,nodelet,3156,0.18,0.0,25544,13914
232.930348188,nodeproxy,4175,0.0,0.0,15956,6758
232.930348188,containerd,2317,1.03,0.0,85532,84401
232.930348188,flanneld,3294,0.2,0.0,42144,42520
232.930348188,coredns,4467,0.31,0.0,64720,65052
233.93410332800002,nodestore,2459,0.61,0.0,18752,11350
233.93410332800002,nodeapiserver,2782,1.07,1.9925178166459805,151484,142142
233.93410332800002,nodescheduler,3993,0.08,0.0,22360,11538
233.93410332800002,nodecontroller,3746,0.43,0.0,45388,34428
233.93410332800002,nodelet,3156,0.18,0.0,25544,13914
233.93410332800002,nodeproxy,4175,0.0,0.0,15956,6758
233.93410332800002,containerd,2317,1.04,0.9962589083229902,85532,84401
233.93410332800002,flanneld,3294,0.2,0.0,41872,42140
233.93410332800002,coredns,4467,0.31,0.0,64720,65052
234.937736329,nodestore,2459,0.62,0.9963801499189953,18752,11350
234.937736329,nodeapiserver,2782,1.07,0.0,151484,142142
234.937736329,nodescheduler,3993,0.08,0.0,22360,11538
234.937736329,nodecontroller,3746,0.44,0.9963801499189953,45388,34428
234.937736329,nodelet,3156,0.18,0.0,25544,13914
234.937736329,nodeproxy,4175,0.0,0.0,15956,6758
234.937736329,containerd,2317,1.04,0.0,85532,84401
234.937736329,flanneld,3294,0.2,0.0,41872,42140
234.937736329,coredns,4467,0.31,0.0,64720,65052
235.941372862,nodestore,2459,0.62,0.0,18752,11350
235.941372862,nodeapiserver,2782,1.07,0.0,151484,142142
235.941372862,nodescheduler,3993,0.08,0.0,22360,11538
235.941372862,nodecontroller,3746,0.44,0.0,45388,34428
235.941372862,nodelet,3156,0.18,0.0,25544,13914
235.941372862,nodeproxy,4175,0.0,0.0,15956,6758
235.941372862,containerd,2317,1.04,0.0,85532,84401
235.941372862,flanneld,3294,0.2,0.0,41872,42140
235.941372862,coredns,4467,0.31,0.0,64720,65052
236.944998373,nodestore,2459,0.62,0.0,18752,11350
236.944998373,nodeapiserver,2782,1.07,0.0,151484,142142
236.944998373,nodescheduler,3993,0.08,0.0,22360,11534
236.944998373,nodecontroller,3746,0.44,0.0,45388,34428
236.944998373,nodelet,3156,0.18,0.0,25544,13914
236.944998373,nodeproxy,4175,0.0,0.0,15956,6758
236.944998373,containerd,2317,1.05,0.9963875858472517,85532,84401
236.944998373,flanneld,3294,0.2,0.0,41872,42140
236.944998373,coredns,4467,0.32,0.9963875858472517,64720,65052
237.948678259,nodestore,2459,0.62,0.0,18752,11350
237.948678259,nodeapiserver,2782,1.08,0.9963336059122876,151604,142174
237.948678259,nodescheduler,3993,0.08,0.0,22360,11534
237.948678259,nodecontroller,3746,0.44,0.0,45388,34428
237.948678259,nodelet,3156,0.18,0.0,25672,13906
237.948678259,nodeproxy,4175,0.0,0.0,15956,6758
237.948678259,containerd,2317,1.06,0.9963336059122876,85532,84401
237.948678259,flanneld,3294,0.21,0.9963336059122876,41872,42140
237.948678259,coredns,4467,0.33,0.9963336059122876,64720,65052
238.95230446499997,nodestore,2459,0.63,0.9963868958599327,18752,11354
238.95230446499997,nodeapiserver,2782,1.09,0.9963868958599327,151604,142178
238.95230446499997,nodescheduler,3993,0.08,0.0,22360,11538
238.95230446499997,nodecontroller,3746,0.45,0.9963868958599327,45388,34428
238.95230446499997,nodelet,3156,0.18,0.0,25672,13906
238.95230446499997,nodeproxy,4175,0.0,0.0,15956,6758
238.95230446499997,containerd,2317,1.07,0.9963868958599327,85532,84401
238.95230446499997,flanneld,3294,0.21,0.0,41872,42140
238.95230446499997,coredns,4467,0.33,0.0,64720,65052
239.95589070499997,nodestore,2459,0.64,0.9964265751590973,18752,11354
239.95589070499997,nodeapiserver,2782,1.09,0.0,151604,142178
239.95589070499997,nodescheduler,3993,0.08,0.0,22360,11538
239.95589070499997,nodecontroller,3746,0.45,0.0,45388,34428
239.95589070499997,nodelet,3156,0.18,0.0,25672,13906
239.95589070499997,nodeproxy,4175,0.0,0.0,15956,6758
239.95589070499997,containerd,2317,1.07,0.0,85532,84401
239.95589070499997,flanneld,3294,0.21,0.0,41872,42140
239.95589070499997,coredns,4467,0.33,0.0,64720,65052
240.959559757,nodestore,2459,0.64,0.0,18752,11354
240.959559757,nodeapiserver,2782,1.09,0.0,151604,142178
240.959559757,nodescheduler,3993,0.08,0.0,22360,11542
240.959559757,nodecontroller,3746,0.45,0.0,45388,34428
240.959559757,nodelet,3156,0.19,0.9963443607305522,25672,13906
240.959559757,nodeproxy,4175,0.0,0.0,15956,6758
240.959559757,containerd,2317,1.07,0.0,85532,84401
240.959559757,flanneld,3294,0.21,0.0,41872,42140
240.959559757,coredns,4467,0.33,0.0,64720,65052
241.963234953,nodestore,2459,0.65,0.9963382616062803,18752,11354
241.963234953,nodeapiserver,2782,1.09,0.0,151604,142178
241.963234953,nodescheduler,3993,0.09,0.9963382616062803,22360,11542
241.963234953,nodecontroller,3746,0.45,0.0,45388,34428
241.963234953,nodelet,3156,0.19,0.0,25672,13906
241.963234953,nodeproxy,4175,0.0,0.0,15956,6758
241.963234953,containerd,2317,1.07,0.0,85532,84401
241.963234953,flanneld,3294,0.21,0.0,41872,42140
241.963234953,coredns,4467,0.33,0.0,64720,65052
242.96691644900002,nodestore,2459,0.65,0.0,18752,11354
242.96691644900002,nodeapiserver,2782,1.1,0.9963320076989715,151604,142178
242.96691644900002,nodescheduler,3993,0.09,0.0,22360,11542
242.96691644900002,nodecontroller,3746,0.45,0.0,45388,34428
242.96691644900002,nodelet,3156,0.19,0.0,25672,13906
242.96691644900002,nodeproxy,4175,0.0,0.0,15956,6758
242.96691644900002,containerd,2317,1.09,1.992664015397943,85532,84405
242.96691644900002,flanneld,3294,0.21,0.0,41872,42140
242.96691644900002,coredns,4467,0.33,0.0,64720,65052
243.970200462,nodestore,2459,0.65,0.0,18752,11354
243.970200462,nodeapiserver,2782,1.11,0.996726736440099,151604,142178
243.970200462,nodescheduler,3993,0.09,0.0,22360,11542
243.970200462,nodecontroller,3746,0.45,0.0,45388,34428
243.970200462,nodelet,3156,0.19,0.0,25672,13906
243.970200462,nodeproxy,4175,0.0,0.0,15956,6758
243.970200462,containerd,2317,1.09,0.0,85532,84405
243.970200462,flanneld,3294,0.21,0.0,41872,42140
243.970200462,coredns,4467,0.33,0.0,64720,65052
244.97359560599998,nodestore,2459,0.65,0.0,18752,11354
244.97359560599998,nodeapiserver,2782,1.11,0.0,151604,142178
244.97359560599998,nodescheduler,3993,0.09,0.0,22360,11542
244.97359560599998,nodecontroller,3746,0.45,0.0,45388,34428
244.97359560599998,nodelet,3156,0.19,0.0,25672,13906
244.97359560599998,nodeproxy,4175,0.0,0.0,15956,6758
244.97359560599998,containerd,2317,1.09,0.0,85532,84405
244.97359560599998,flanneld,3294,0.21,0.0,41872,42140
244.97359560599998,coredns,4467,0.33,0.0,64720,65052
245.97723357200002,nodestore,2459,0.65,0.0,18752,11354
245.97723357200002,nodeapiserver,2782,1.11,0.0,151604,142178
245.97723357200002,nodescheduler,3993,0.09,0.0,22360,11542
245.97723357200002,nodecontroller,3746,0.45,0.0,45388,34428
245.97723357200002,nodelet,3156,0.19,0.0,25672,13906
245.97723357200002,nodeproxy,4175,0.0,0.0,15956,6758
245.97723357200002,containerd,2317,1.09,0.0,85532,84409
245.97723357200002,flanneld,3294,0.21,0.0,41872,42140
245.97723357200002,coredns,4467,0.33,0.0,64720,65052
246.98044221,nodestore,2459,0.65,0.0,18752,11354
246.98044221,nodeapiserver,2782,1.11,0.0,151604,142178
246.98044221,nodescheduler,3993,0.09,0.0,22360,11542
246.98044221,nodecontroller,3746,0.45,0.0,45388,34428
246.98044221,nodelet,3156,0.19,0.0,25672,13906
246.98044221,nodeproxy,4175,0.0,0.0,15956,6758
246.98044221,containerd,2317,1.1,0.9968016244294045,85532,84409
246.98044221,flanneld,3294,0.21,0.0,41872,42140
246.98044221,coredns,4467,0.33,0.0,64720,65052
247.98399631599997,nodestore,2459,0.66,0.9964584809341934,18752,11354
247.98399631599997,nodeapiserver,2782,1.12,0.9964584809341934,151460,142086
247.98399631599997,nodescheduler,3993,0.09,0.0,22360,11542
247.98399631599997,nodecontroller,3746,0.45,0.0,45388,34428
247.98399631599997,nodelet,3156,0.19,0.0,25668,13914
247.98399631599997,nodeproxy,4175,0.0,0.0,15956,6758
247.98399631599997,containerd,2317,1.11,0.9964584809341934,85532,84413
247.98399631599997,flanneld,3294,0.21,0.0,41872,42140
247.98399631599997,coredns,4467,0.33,0.0,64720,65052
248.98723311,nodestore,2459,0.66,0.0,18752,11354
248.98723311,nodeapiserver,2782,1.12,0.0,151460,142078
248.98723311,nodescheduler,3993,0.09,0.0,22360,11542
248.98723311,nodecontroller,3746,0.45,0.0,45388,34428
248.98723311,nodelet,3156,0.19,0.0,25668,13914
248.98723311,nodeproxy,4175,0.0,0.0,15956,6758
248.98723311,containerd,2317,1.11,0.0,85532,84413
248.98723311,flanneld,3294,0.22,0.9967736490334194,41872,42140
248.98723311,coredns,4467,0.33,0.0,64720,65052
249.99186029,nodestore,2459,0.66,0.0,18752,11354
249.99186029,nodeapiserver,2782,1.12,0.0,151460,142078
249.99186029,nodescheduler,3993,0.09,0.0,22360,11542
249.99186029,nodecontroller,3746,0.45,0.0,45388,34428
249.99186029,nodelet,3156,0.19,0.0,25668,13914
249.99186029,nodeproxy,4175,0.0,0.0,15956,6758
249.99186029,containerd,2317,1.11,0.0,85532,84413
249.99186029,flanneld,3294,0.22,0.0,41872,42140
249.99186029,coredns,4467,0.34,0.9953941321794619,64720,65052
250.9955818,nodestore,2459,0.66,0.0,18752,11354
250.9955818,nodeapiserver,2782,1.12,0.0,151460,142078
250.9955818,nodescheduler,3993,0.09,0.0,22360,11538
250.9955818,nodecontroller,3746,0.45,0.0,45388,34428
250.9955818,nodelet,3156,0.19,0.0,25668,13914
250.9955818,nodeproxy,4175,0.0,0.0,15956,6758
250.9955818,containerd,2317,1.11,0.0,85532,84413
250.9955818,flanneld,3294,0.22,0.0,41872,42140
250.9955818,coredns,4467,0.34,0.0,64720,65060
251.99921072599997,nodestore,2459,0.67,0.9963841954870317,18752,11354
251.99921072599997,nodeapiserver,2782,1.15,2.989152586461095,151216,141574
251.99921072599997,nodescheduler,3993,0.09,0.0,22360,11538
251.99921072599997,nodecontroller,3746,0.46,0.9963841954870317,45244,34288
251.99921072599997,nodelet,3156,0.19,0.0,25668,13914
251.99921072599997,nodeproxy,4175,0.0,0.0,15956,6758
251.99921072599997,containerd,2317,1.12,0.9963841954870317,85532,84413
251.99921072599997,flanneld,3294,0.22,0.0,41872,42140
251.99921072599997,coredns,4467,0.34,0.0,64720,65060
253.002655545,nodestore,2459,0.67,0.0,18752,11354
253.002655545,nodeapiserver,2782,1.16,0.9965670070393403,151216,141574
253.002655545,nodescheduler,3993,0.1,0.9965670070393403,22360,11542
253.002655545,nodecontroller,3746,0.47,0.9965670070393403,45244,34288
253.002655545,nodelet,3156,0.19,0.0,25668,13914
253.002655545,nodeproxy,4175,0.0,0.0,15956,6758
253.002655545,containerd,2317,1.12,0.0,85532,84413
253.002655545,flanneld,3294,0.22,0.0,41872,42140
253.002655545,coredns,4467,0.34,0.0,64720,65060
254.006262707,nodestore,2459,0.67,0.0,18752,11370
254.006262707,nodeapiserver,2782,1.16,0.0,151216,141574
254.006262707,nodescheduler,3993,0.1,0.0,22360,11542
254.006262707,nodecontroller,3746,0.47,0.0,45244,34288
254.006262707,nodelet,3156,0.19,0.0,25668,13914
254.006262707,nodeproxy,4175,0.0,0.0,15956,6758
254.006262707,containerd,2317,1.12,0.0,85532,84413
254.006262707,flanneld,3294,0.22,0.0,41872,42140
254.006262707,coredns,4467,0.34,0.0,64720,65060
255.00983769399997,nodestore,2459,0.67,0.0,18752,11370
255.00983769399997,nodeapiserver,2782,1.16,0.0,151216,141574
255.00983769399997,nodescheduler,3993,0.1,0.0,22360,11542
255.00983769399997,nodecontroller,3746,0.47,0.0,45244,34288
255.00983769399997,nodelet,3156,0.2,0.9964377480045952,25668,13914
255.00983769399997,nodeproxy,4175,0.0,0.0,15956,6758
255.00983769399997,containerd,2317,1.13,0.9964377480045952,85532,84413
255.00983769399997,flanneld,3294,0.22,0.0,41872,42140
255.00983769399997,coredns,4467,0.34,0.0,64720,65060
256.013379215,nodestore,2459,0.68,0.9964709771086343,18752,11370
256.013379215,nodeapiserver,2782,1.17,0.9964709771086343,151216,141578
256.013379215,nodescheduler,3993,0.1,0.0,22360,11542
256.013379215,nodecontroller,3746,0.48,0.9964709771086343,45244,34296
256.013379215,nodelet,3156,0.2,0.0,25668,13914
256.013379215,nodeproxy,4175,0.0,0.0,15956,6758
256.013379215,containerd,2317,1.13,0.0,85532,84415
256.013379215,flanneld,3294,0.22,0.0,41872,42140
256.013379215,coredns,4467,0.34,0.0,64720,65060
257.017003132,nodestore,2459,0.68,0.0,18752,11370
257.017003132,nodeapiserver,2782,1.17,0.0,151216,141578
257.017003132,nodescheduler,3993,0.1,0.0,22360,11542
257.017003132,nodecontroller,3746,0.48,0.0,45244,34296
257.017003132,nodelet,3156,0.2,0.0,25668,13914
257.017003132,nodeproxy,4175,0.0,0.0,15956,6758
257.017003132,containerd,2317,1.14,0.9963891683542149,85532,84415
257.017003132,flanneld,3294,0.22,0.0,41872,42140
257.017003132,coredns,4467,0.35,0.9963891683542149,64720,65060
258.020665044,nodestore,2459,0.68,0.0,18752,11370
258.020665044,nodeapiserver,2782,1.18,0.9963514486738995,151204,141518
258.020665044,nodescheduler,3993,0.1,0.0,22360,11542
258.020665044,nodecontroller,3746,0.48,0.0,45244,34324
258.020665044,nodelet,3156,0.2,0.0,25528,13850
258.020665044,nodeproxy,4175,0.0,0.0,15956,6758
258.020665044,containerd,2317,1.14,0.0,85532,84415
258.020665044,flanneld,3294,0.22,0.0,41872,42140
258.020665044,coredns,4467,0.35,0.0,64720,65060
259.024036154,nodestore,2459,0.68,0.0,18752,11370
259.024036154,nodeapiserver,2782,1.19,0.9966402162007177,151204,141522
259.024036154,nodescheduler,3993,0.1,0.0,22360,11542
259.024036154,nodecontroller,3746,0.48,0.0,45244,34336
259.024036154,nodelet,3156,0.2,0.0,25528,13850
259.024036154,nodeproxy,4175,0.0,0.0,15956,6758
259.024036154,containerd,2317,1.16,1.9932804324014355,85532,84415
259.024036154,flanneld,3294,0.22,0.0,41872,42140
259.024036154,coredns,4467,0.35,0.0,64720,65060
260.027686961,nodestore,2459,0.69,0.9963624729093796,18752,11370
260.027686961,nodeapiserver,2782,1.2,0.9963624729093796,151204,141526
260.027686961,nodescheduler,3993,0.1,0.0,22360,11542
260.027686961,nodecontroller,3746,0.49,0.9963624729093796,45244,34340
260.027686961,nodelet,3156,0.2,0.0,25528,13850
260.027686961,nodeproxy,4175,0.0,0.0,15956,6758
260.027686961,containerd,2317,1.16,0.0,85532,84415
260.027686961,flanneld,3294,0.22,0.0,41872,42140
260.027686961,coredns,4467,0.35,0.0,64720,65060
261.03128165,nodestore,2459,0.7,0.9964181865055581,18752,11370
261.03128165,nodeapiserver,2782,1.2,0.0,151204,141526
261.03128165,nodescheduler,3993,0.1,0.0,22360,11542
261.03128165,nodecontroller,3746,0.49,0.0,45244,34340
261.03128165,nodelet,3156,0.2,0.0,25528,13850
261.03128165,nodeproxy,4175,0.0,0.0,15956,6758
261.03128165,containerd,2317,1.16,0.0,85532,84415
261.03128165,flanneld,3294,0.22,0.0,42000,42204
261.03128165,coredns,4467,0.35,0.0,64720,65060
262.034851826,nodestore,2459,0.7,0.0,18752,11370
262.034851826,nodeapiserver,2782,1.21,0.9964425248125524,151204,141534
262.034851826,nodescheduler,3993,0.1,0.0,22360,11542
262.034851826,nodecontroller,3746,0.49,0.0,45244,34348
262.034851826,nodelet,3156,0.2,0.0,25528,13850
262.034851826,nodeproxy,4175,0.0,0.0,15956,6758
262.034851826,containerd,2317,1.16,0.0,85532,84415
262.034851826,flanneld,3294,0.22,0.0,42000,42204
262.034851826,coredns,4467,0.35,0.0,64720,65060
263.03847629899997,nodestore,2459,0.7,0.0,18752,11370
263.03847629899997,nodeapiserver,2782,1.21,0.0,151204,141542
263.03847629899997,nodescheduler,3993,0.1,0.0,22360,11542
263.03847629899997,nodecontroller,3746,0.49,0.0,45244,34356
263.03847629899997,nodelet,3156,0.2,0.0,25528,13850
263.03847629899997,nodeproxy,4175,0.0,0.0,15956,6758
263.03847629899997,containerd,2317,1.16,0.0,85532,84415
263.03847629899997,flanneld,3294,0.22,0.0,42000,42204
263.03847629899997,coredns,4467,0.36,0.9963886163624847,64720,65060
264.04231041799994,nodestore,2459,0.7,0.0,18752,11370
264.04231041799994,nodeapiserver,2782,1.21,0.0,151204,141542
264.04231041799994,nodescheduler,3993,0.1,0.0,22360,11542
264.04231041799994,nodecontroller,3746,0.49,0.0,45244,34356
264.04231041799994,nodelet,3156,0.2,0.0,25528,13850
264.04231041799994,nodeproxy,4175,0.0,0.0,15956,6758
264.04231041799994,containerd,2317,1.17,0.9961805253204632,85532,84415
264.04231041799994,flanneld,3294,0.23,0.9961805253204632,42000,42204
264.04231041799994,coredns,4467,0.36,0.0,64720,65060
265.04591825299997,nodestore,2459,0.7,0.0,18752,11370
265.04591825299997,nodeapiserver,2782,1.22,0.9964051346808934,151204,141542
265.04591825299997,nodescheduler,3993,0.1,0.0,22360,11542
265.04591825299997,nodecontroller,3746,0.49,0.0,45244,34356
265.04591825299997,nodelet,3156,0.2,0.0,25528,13850
265.04591825299997,nodeproxy,4175,0.0,0.0,15956,6758
265.04591825299997,containerd,2317,1.18,0.9964051346808934,85532,84415
265.04591825299997,flanneld,3294,0.23,0.0,42000,42204
265.04591825299997,coredns,4467,0.36,0.0,64720,65060
266.049505102,nodestore,2459,0.7,0.0,18752,11370
266.049505102,nodeapiserver,2782,1.22,0.0,151204,141542
266.049505102,nodescheduler,3993,0.1,0.0,22360,11542
266.049505102,nodecontroller,3746,0.49,0.0,45244,34356
266.049505102,nodelet,3156,0.2,0.0,25528,13850
266.049505102,nodeproxy,4175,0.0,0.0,15956,6758
266.049505102,containerd,2317,1.19,0.9964259705041361,85532,84415
266.049505102,flanneld,3294,0.23,0.0,42000,42204
266.049505102,coredns,4467,0.36,0.0,64720,65060
267.05336707799995,nodestore,2459,0.7,0.0,18752,11370
267.05336707799995,nodeapiserver,2782,1.22,0.0,151204,141542
267.05336707799995,nodescheduler,3993,0.1,0.0,22360,11542
267.05336707799995,nodecontroller,3746,0.49,0.0,45244,34356
267.05336707799995,nodelet,3156,0.21,0.9961528814793996,25528,13850
267.05336707799995,nodeproxy,4175,0.0,0.0,15956,6758
267.05336707799995,containerd,2317,1.19,0.0,85532,84415
267.05336707799995,flanneld,3294,0.23,0.0,42000,42204
267.05336707799995,coredns,4467,0.36,0.0,64720,65060
268.057106544,nodestore,2459,0.71,0.9962744655095458,18752,11370
268.057106544,nodeapiserver,2782,1.23,0.9962744655095458,151204,141558
268.057106544,nodescheduler,3993,0.1,0.0,22360,11542
268.057106544,nodecontroller,3746,0.49,0.0,45244,34360
268.057106544,nodelet,3156,0.21,0.0,25528,13878
268.057106544,nodeproxy,4175,0.0,0.0,15956,6758
268.057106544,containerd,2317,1.2,0.9962744655095458,85532,84423
268.057106544,flanneld,3294,0.23,0.0,42000,42204
268.057106544,coredns,4467,0.36,0.0,64720,65060
269.06079197199995,nodestore,2459,0.71,0.0,18752,11370
269.06079197199995,nodeapiserver,2782,1.23,0.0,151204,141570
269.06079197199995,nodescheduler,3993,0.1,0.0,22360,11542
269.06079197199995,nodecontroller,3746,0.5,0.9963281045064819,45244,34372
269.06079197199995,nodelet,3156,0.21,0.0,25528,13878
269.06079197199995,nodeproxy,4175,0.0,0.0,15956,6758
269.06079197199995,containerd,2317,1.2,0.0,85532,84423
269.06079197199995,flanneld,3294,0.23,0.0,42000,42204
269.06079197199995,coredns,4467,0.36,0.0,64720,65060
270.064005653,nodestore,2459,0.71,0.0,18752,11370
270.064005653,nodeapiserver,2782,1.24,0.9967966136617771,151204,141578
270.064005653,nodescheduler,3993,0.1,0.0,22360,11542
270.064005653,nodecontroller,3746,0.51,0.9967966136617771,45244,34380
270.064005653,nodelet,3156,0.21,0.0,25528,13878
270.064005653,nodeproxy,4175,0.0,0.0,15956,6758
270.064005653,containerd,2317,1.2,0.0,85532,84423
270.064005653,flanneld,3294,0.23,0.0,42000,42204
270.064005653,coredns,4467,0.36,0.0,64720,65060
271.06720692500005,nodestore,2459,0.71,0.0,18752,11370
271.06720692500005,nodeapiserver,2782,1.24,0.0,151064,141318
271.06720692500005,nodescheduler,3993,0.1,0.0,22360,11542
271.06720692500005,nodecontroller,3746,0.51,0.0,45244,34288
271.06720692500005,nodelet,3156,0.21,0.0,25528,13878
271.06720692500005,nodeproxy,4175,0.0,0.0,15956,6758
271.06720692500005,containerd,2317,1.2,0.0,85532,84423
271.06720692500005,flanneld,3294,0.23,0.0,42000,42204
271.06720692500005,coredns,4467,0.37,0.9968089434400035,64720,65060
272.07061290900003,nodestore,2459,0.72,0.9966055773492549,18752,11378
272.07061290900003,nodeapiserver,2782,1.26,1.9932111546985098,150580,141066
272.07061290900003,nodescheduler,3993,0.1,0.0,22360,11542
272.07061290900003,nodecontroller,3746,0.52,0.9966055773492549,45244,34128
272.07061290900003,nodelet,3156,0.21,0.0,25528,13878
272.07061290900003,nodeproxy,4175,0.0,0.0,15956,6758
272.07061290900003,containerd,2317,1.21,0.9966055773492549,85532,84423
272.07061290900003,flanneld,3294,0.23,0.0,42000,42204
272.07061290900003,coredns,4467,0.37,0.0,64720,65060
273.074500304,nodestore,2459,0.89,16.934170191468663,19008,11474
273.074500304,nodeapiserver,2782,1.67,40.84123399118913,151532,142114
273.074500304,nodescheduler,3993,0.12,1.992255316643372,22360,11622
273.074500304,nodecontroller,3746,0.62,9.961276583216861,46012,35100
273.074500304,nodelet,3156,0.23,1.992255316643372,25520,13854
273.074500304,nodeproxy,4175,0.0,0.0,15956,6726
273.074500304,containerd,2317,1.39,17.93029784979035,85928,84770
273.074500304,flanneld,3294,0.23,0.0,42000,42204
273.074500304,coredns,4467,0.37,0.0,64720,65060
274.077832218,nodestore,2459,0.89,0.0,19008,11478
274.077832218,nodeapiserver,2782,1.7,2.990037452351983,151532,142178
274.077832218,nodescheduler,3993,0.13,0.9966791507839944,22064,11346
274.077832218,nodecontroller,3746,0.62,0.0,46012,35090
274.077832218,nodelet,3156,0.23,0.0,25520,13843
274.077832218,nodeproxy,4175,0.0,0.0,16084,6751
274.077832218,containerd,2317,1.4,0.9966791507839944,85928,84770
274.077832218,flanneld,3294,0.23,0.0,42000,42204
274.077832218,coredns,4467,0.37,0.0,64720,65060
275.08116893199997,nodestore,2459,0.89,0.0,19008,11478
275.08116893199997,nodeapiserver,2782,1.71,0.9966743826340241,151532,142178
275.08116893199997,nodescheduler,3993,0.13,0.0,22064,11346
275.08116893199997,nodecontroller,3746,0.62,0.0,46012,35090
275.08116893199997,nodelet,3156,0.23,0.0,25520,13843
275.08116893199997,nodeproxy,4175,0.0,0.0,16084,6751
275.08116893199997,containerd,2317,1.4,0.0,85928,84778
275.08116893199997,flanneld,3294,0.23,0.0,42000,42204
275.08116893199997,coredns,4467,0.37,0.0,64720,65060
276.08484110200004,nodestore,2459,0.89,0.0,19008,11478
276.08484110200004,nodeapiserver,2782,1.71,0.0,151532,142178
276.08484110200004,nodescheduler,3993,0.13,0.0,22064,11346
276.08484110200004,nodecontroller,3746,0.62,0.0,46012,35098
276.08484110200004,nodelet,3156,0.23,0.0,25520,13843
276.08484110200004,nodeproxy,4175,0.0,0.0,16084,6751
276.08484110200004,containerd,2317,1.4,0.0,85928,84803
276.08484110200004,flanneld,3294,0.23,0.0,42000,42204
276.08484110200004,coredns,4467,0.37,0.0,64720,65060
277.088157348,nodestore,2459,0.89,0.0,19008,11486
277.088157348,nodeapiserver,2782,1.71,0.0,151532,142178
277.088157348,nodescheduler,3993,0.13,0.0,22064,11346
277.088157348,nodecontroller,3746,0.62,0.0,46012,35102
277.088157348,nodelet,3156,0.24,0.9966947151377062,25520,13843
277.088157348,nodeproxy,4175,0.0,0.0,16084,6751
277.088157348,containerd,2317,1.4,0.0,86056,84827
277.088157348,flanneld,3294,0.23,0.0,42000,42204
277.088157348,coredns,4467,0.37,0.0,64720,65060
278.091917231,nodestore,2459,0.89,0.0,19008,11486
278.091917231,nodeapiserver,2782,1.72,0.9962542007668714,151532,142226
278.091917231,nodescheduler,3993,0.13,0.0,22064,11346
278.091917231,nodecontroller,3746,0.63,0.9962542007668714,46012,35102
278.091917231,nodelet,3156,0.24,0.0,25640,13891
278.091917231,nodeproxy,4175,0.0,0.0,16084,6751
278.091917231,containerd,2317,1.42,1.9925084015337429,86312,85143
278.091917231,flanneld,3294,0.24,0.9962542007668714,42000,42204
278.091917231,coredns,4467,0.38,0.9962542007668714,64720,65060
279.09567196,nodestore,2459,0.9,0.9962593162537624,19008,11510
279.09567196,nodeapiserver,2782,1.73,0.9962593162537624,151532,142254
279.09567196,nodescheduler,3993,0.13,0.0,22064,11346
279.09567196,nodecontroller,3746,0.64,0.9962593162537624,46012,35118
279.09567196,nodelet,3156,0.25,0.9962593162537624,25640,13871
279.09567196,nodeproxy,4175,0.0,0.0,16084,6751
279.09567196,containerd,2317,1.43,0.9962593162537624,86312,85147
279.09567196,flanneld,3294,0.24,0.0,42000,42204
279.09567196,coredns,4467,0.38,0.0,64720,65060
280.09945293399994,nodestore,2459,0.9,0.0,19008,11510
280.09945293399994,nodeapiserver,2782,1.73,0.0,151532,142254
280.09945293399994,nodescheduler,3993,0.13,0.0,22064,11346
280.09945293399994,nodecontroller,3746,0.64,0.0,46012,35118
280.09945293399994,nodelet,3156,0.25,0.0,25640,13871
280.09945293399994,nodeproxy,4175,0.0,0.0,16084,6751
280.09945293399994,containerd,2317,1.43,0.0,86312,85151
280.09945293399994,flanneld,3294,0.24,0.0,42000,42204
280.09945293399994,coredns,4467,0.38,0.0,64720,65060
281.10373680199996,nodestore,2459,0.9,0.0,19008,11510
281.10373680199996,nodeapiserver,2782,1.74,0.9957344052448567,151788,142310
281.10373680199996,nodescheduler,3993,0.13,0.0,22064,11346
281.10373680199996,nodecontroller,3746,0.64,0.0,46140,35174
281.10373680199996,nodelet,3156,0.25,0.0,25640,13871
281.10373680199996,nodeproxy,4175,0.0,0.0,16084,6751
281.10373680199996,containerd,2317,1.43,0.0,86312,85151
281.10373680199996,flanneld,3294,0.24,0.0,42000,42204
281.10373680199996,coredns,4467,0.38,0.0,64720,65060
282.10715507099997,nodestore,2459,0.9,0.0,19008,11510
282.10715507099997,nodeapiserver,2782,1.74,0.0,151780,142346
282.10715507099997,nodescheduler,3993,0.13,0.0,22064,11346
282.10715507099997,nodecontroller,3746,0.64,0.0,46268,35206
282.10715507099997,nodelet,3156,0.25,0.0,25640,13871
282.10715507099997,nodeproxy,4175,0.0,0.0,16084,6751
282.10715507099997,containerd,2317,1.44,0.996593375758033,86312,85151
282.10715507099997,flanneld,3294,0.24,0.0,42000,42204
282.10715507099997,coredns,4467,0.38,0.0,64720,65060
283.110891005,nodestore,2459,0.9,0.0,19008,11510
283.110891005,nodeapiserver,2782,1.74,0.0,151780,142346
283.110891005,nodescheduler,3993,0.14,0.9962779712537229,22064,11346
283.110891005,nodecontroller,3746,0.64,0.0,46268,35206
283.110891005,nodelet,3156,0.25,0.0,25640,13871
283.110891005,nodeproxy,4175,0.0,0.0,16084,6751
283.110891005,containerd,2317,1.44,0.0,86312,85183
283.110891005,flanneld,3294,0.24,0.0,42000,42204
283.110891005,coredns,4467,0.38,0.0,64720,65060
284.11424488399996,nodestore,2459,0.91,0.996657331904356,19008,11510
284.11424488399996,nodeapiserver,2782,1.74,0.0,151780,142346
284.11424488399996,nodescheduler,3993,0.14,0.0,22064,11346
284.11424488399996,nodecontroller,3746,0.64,0.0,46268,35206
284.11424488399996,nodelet,3156,0.25,0.0,25640,13871
284.11424488399996,nodeproxy,4175,0.0,0.0,16084,6751
284.11424488399996,containerd,2317,1.44,0.0,86312,85187
284.11424488399996,flanneld,3294,0.24,0.0,42000,42204
284.11424488399996,coredns,4467,0.38,0.0,64720,65060
285.11970028199994,nodestore,2459,0.92,0.9945742018881866,19008,11510
285.11970028199994,nodeapiserver,2782,1.76,1.9891484037763731,151780,142346
285.11970028199994,nodescheduler,3993,0.14,0.0,22064,11346
285.11970028199994,nodecontroller,3746,0.64,0.0,46268,35206
285.11970028199994,nodelet,3156,0.25,0.0,25640,13871
285.11970028199994,nodeproxy,4175,0.0,0.0,16084,6751
285.11970028199994,containerd,2317,1.44,0.0,86440,85259
285.11970028199994,flanneld,3294,0.24,0.0,42000,42204
285.11970028199994,coredns,4467,0.38,0.0,64720,65060
286.12341423,nodestore,2459,0.92,0.0,19008,11510
286.12341423,nodeapiserver,2782,1.76,0.0,151780,142346
286.12341423,nodescheduler,3993,0.14,0.0,22064,11346
286.12341423,nodecontroller,3746,0.65,0.996299794371254,46268,35206
286.12341423,nodelet,3156,0.25,0.0,25640,13871
286.12341423,nodeproxy,4175,0.0,0.0,16084,6751
286.12341423,containerd,2317,1.44,0.0,86440,85259
286.12341423,flanneld,3294,0.24,0.0,42000,42204
286.12341423,coredns,4467,0.38,0.0,64720,65060
287.12668372400003,nodestore,2459,0.92,0.0,19008,11510
287.12668372400003,nodeapiserver,2782,1.76,0.0,151780,142346
287.12668372400003,nodescheduler,3993,0.14,0.0,22064,11346
287.12668372400003,nodecontroller,3746,0.65,0.0,46268,35206
287.12668372400003,nodelet,3156,0.25,0.0,25640,13871
287.12668372400003,nodeproxy,4175,0.0,0.0,16084,6751
287.12668372400003,containerd,2317,1.46,1.9934823215107262,86440,85259
287.12668372400003,flanneld,3294,0.24,0.0,42000,42204
287.12668372400003,coredns,4467,0.38,0.0,64720,65060
288.13043857800005,nodestore,2459,0.92,0.0,19008,11510
288.13043857800005,nodeapiserver,2782,1.77,0.9962591921871577,151904,142350
288.13043857800005,nodescheduler,3993,0.14,0.0,22064,11346
288.13043857800005,nodecontroller,3746,0.65,0.0,46268,35206
288.13043857800005,nodelet,3156,0.25,0.0,25620,13871
288.13043857800005,nodeproxy,4175,0.0,0.0,16084,6751
288.13043857800005,containerd,2317,1.46,0.0,86568,85335
288.13043857800005,flanneld,3294,0.24,0.0,42000,42204
288.13043857800005,coredns,4467,0.39,0.9962591921871577,64720,65060
289.13412375999997,nodestore,2459,0.92,0.0,19008,11510
289.13412375999997,nodeapiserver,2782,1.77,0.0,151904,142350
289.13412375999997,nodescheduler,3993,0.14,0.0,22064,11346
289.13412375999997,nodecontroller,3746,0.65,0.0,46268,35206
289.13412375999997,nodelet,3156,0.25,0.0,25620,13871
289.13412375999997,nodeproxy,4175,0.0,0.0,16084,6751
289.13412375999997,containerd,2317,1.46,0.0,86568,85335
289.13412375999997,flanneld,3294,0.24,0.0,42000,42204
289.13412375999997,coredns,4467,0.39,0.0,64720,65060
290.137878449,nodestore,2459,0.92,0.0,19008,11510
290.137878449,nodeapiserver,2782,1.77,0.0,151904,142350
290.137878449,nodescheduler,3993,0.14,0.0,22064,11346
290.137878449,nodecontroller,3746,0.65,0.0,46268,35206
290.137878449,nodelet,3156,0.25,0.0,25620,13871
290.137878449,nodeproxy,4175,0.0,0.0,16084,6751
290.137878449,containerd,2317,1.47,0.9962593559550441,86568,85335
290.137878449,flanneld,3294,0.24,0.0,42000,42204
290.137878449,coredns,4467,0.39,0.0,64720,65060
291.141261773,nodestore,2459,0.93,0.9966280842834004,19008,11510
291.141261773,nodeapiserver,2782,1.77,0.0,151904,142350
291.141261773,nodescheduler,3993,0.14,0.0,22064,11346
291.141261773,nodecontroller,3746,0.65,0.0,46268,35206
291.141261773,nodelet,3156,0.25,0.0,25620,13871
291.141261773,nodeproxy,4175,0.0,0.0,16084,6751
291.141261773,containerd,2317,1.47,0.0,86568,85335
291.141261773,flanneld,3294,0.24,0.0,42000,42204
291.141261773,coredns,4467,0.39,0.0,64720,65060
292.14467147899995,nodestore,2459,0.93,0.0,19008,11510
292.14467147899995,nodeapiserver,2782,1.77,0.0,151904,142350
292.14467147899995,nodescheduler,3993,0.14,0.0,22064,11346
292.14467147899995,nodecontroller,3746,0.65,0.0,46268,35206
292.14467147899995,nodelet,3156,0.25,0.0,25620,13871
292.14467147899995,nodeproxy,4175,0.0,0.0,16084,6751
292.14467147899995,containerd,2317,1.47,0.0,86568,85335
292.14467147899995,flanneld,3294,0.24,0.0,42000,42204
292.14467147899995,coredns,4467,0.39,0.0,64720,65060
293.148326711,nodestore,2459,0.93,0.0,19008,11510
293.148326711,nodeapiserver,2782,1.78,0.9963580800622697,151904,142350
293.148326711,nodescheduler,3993,0.14,0.0,22064,11346
293.148326711,nodecontroller,3746,0.65,0.0,46268,35206
293.148326711,nodelet,3156,0.25,0.0,25620,13871
293.148326711,nodeproxy,4175,0.0,0.0,16084,6751
293.148326711,containerd,2317,1.48,0.9963580800622697,86568,85339
293.148326711,flanneld,3294,0.24,0.0,42000,42204
293.148326711,coredns,4467,0.39,0.0,64720,65060
294.15224497199995,nodestore,2459,0.93,0.0,19008,11510
294.15224497199995,nodeapiserver,2782,1.78,0.0,151904,142350
294.15224497199995,nodescheduler,3993,0.14,0.0,22064,11346
294.15224497199995,nodecontroller,3746,0.65,0.0,46268,35206
294.15224497199995,nodelet,3156,0.25,0.0,25620,13871
294.15224497199995,nodeproxy,4175,0.0,0.0,16084,6751
294.15224497199995,containerd,2317,1.48,0.0,86568,85339
294.15224497199995,flanneld,3294,0.24,0.0,42000,42204
294.15224497199995,coredns,4467,0.4,0.9960970318479273,64720,65060
295.155617539,nodestore,2459,0.93,0.0,19008,11510
295.155617539,nodeapiserver,2782,1.78,0.0,151904,142350
295.155617539,nodescheduler,3993,0.14,0.0,22064,11346
295.155617539,nodecontroller,3746,0.65,0.0,46268,35206
295.155617539,nodelet,3156,0.25,0.0,25620,13871
295.155617539,nodeproxy,4175,0.0,0.0,16084,6751
295.155617539,containerd,2317,1.48,0.0,86568,85339
295.155617539,flanneld,3294,0.24,0.0,42000,42204
295.155617539,coredns,4467,0.4,0.0,64720,65060
296.159380244,nodestore,2459,0.93,0.0,19008,11510
296.159380244,nodeapiserver,2782,1.78,0.0,151904,142390
296.159380244,nodescheduler,3993,0.14,0.0,22064,11346
296.159380244,nodecontroller,3746,0.66,0.9962513998764423,46268,35206
296.159380244,nodelet,3156,0.25,0.0,25620,13871
296.159380244,nodeproxy,4175,0.0,0.0,16084,6751
296.159380244,containerd,2317,1.48,0.0,86568,85339
296.159380244,flanneld,3294,0.24,0.0,42000,42204
296.159380244,coredns,4467,0.4,0.0,64720,65060
297.16312855599995,nodestore,2459,0.94,0.9962656853763449,19008,11510
297.16312855599995,nodeapiserver,2782,1.81,2.9887970561290347,151904,142394
297.16312855599995,nodescheduler,3993,0.14,0.0,22064,11346
297.16312855599995,nodecontroller,3746,0.66,0.0,46268,35062
297.16312855599995,nodelet,3156,0.26,0.9962656853763449,25620,13871
297.16312855599995,nodeproxy,4175,0.0,0.0,16084,6751
297.16312855599995,containerd,2317,1.49,0.9962656853763449,86568,85339
297.16312855599995,flanneld,3294,0.24,0.0,42000,42204
297.16312855599995,coredns,4467,0.4,0.0,64720,65060
298.166869241,nodestore,2459,0.94,0.0,19008,11510
298.166869241,nodeapiserver,2782,1.81,0.0,151904,142414
298.166869241,nodescheduler,3993,0.14,0.0,22064,11346
298.166869241,nodecontroller,3746,0.67,0.996273255576937,46268,35062
298.166869241,nodelet,3156,0.26,0.0,25600,13875
298.166869241,nodeproxy,4175,0.0,0.0,16084,6751
298.166869241,containerd,2317,1.5,0.996273255576937,86568,85351
298.166869241,flanneld,3294,0.25,0.996273255576937,42000,42204
298.166869241,coredns,4467,0.4,0.0,64720,65060
299.17077711800005,nodestore,2459,0.96,1.9922146701115737,19008,11510
299.17077711800005,nodeapiserver,2782,1.82,0.9961073350557869,151904,142414
299.17077711800005,nodescheduler,3993,0.14,0.0,22064,11442
299.17077711800005,nodecontroller,3746,0.67,0.0,46268,35062
299.17077711800005,nodelet,3156,0.26,0.0,25600,13875
299.17077711800005,nodeproxy,4175,0.0,0.0,16084,6763
299.17077711800005,containerd,2317,1.5,0.0,86568,85351
299.17077711800005,flanneld,3294,0.25,0.0,42000,42204
299.17077711800005,coredns,4467,0.4,0.0,64720,65060
300.17450984000004,nodestore,2459,0.96,0.0,19008,11510
300.17450984000004,nodeapiserver,2782,1.82,0.0,151904,142414
300.17450984000004,nodescheduler,3993,0.14,0.0,22064,11442
300.17450984000004,nodecontroller,3746,0.68,0.9962811593981339,46268,35062
300.17450984000004,nodelet,3156,0.26,0.0,25600,13875
300.17450984000004,nodeproxy,4175,0.0,0.0,16084,6763
300.17450984000004,containerd,2317,1.5,0.0,86568,85351
300.17450984000004,flanneld,3294,0.25,0.0,42000,42204
300.17450984000004,coredns,4467,0.4,0.0,64720,65060
