elapsed_seconds,component,pid,cpu_seconds,cpu_pct_one_core,rss_kib,pss_kib
1.0003865840001254,nodestore,10063,0.09,8.99652208850381,21728,11761
1.0003865840001254,nodeapiserver,10381,0.22,21.991498438564868,246984,235115
1.0003865840001254,nodescheduler,11588,0.01,0.9996135653893122,23712,11250
1.0003865840001254,nodecontroller,11429,0.01,0.9996135653893122,46236,33009
1.0003865840001254,nodelet,10746,0.02,1.9992271307786245,25888,12297
1.0003865840001254,nodeproxy,11731,0.0,0.0,16264,5118
2.011010762000069,nodestore,10063,0.16,6.926412560060869,21856,11770
2.011010762000069,nodeapiserver,10381,0.38,15.831800137281984,246984,235114
2.011010762000069,nodescheduler,11588,0.01,0.0,23840,11296
2.011010762000069,nodecontroller,11429,0.02,0.989487508580124,46236,33007
2.011010762000069,nodelet,10746,0.02,0.0,25888,12268
2.011010762000069,nodeproxy,11731,0.0,0.0,16264,5116
3.0258217479999985,nodestore,10063,0.31,14.781077665630477,21856,11790
3.0258217479999985,nodeapiserver,10381,0.69,30.547560508969653,246984,235122
3.0258217479999985,nodescheduler,11588,0.01,0.0,23840,11304
3.0258217479999985,nodecontroller,11429,0.03,0.9854051777086985,46236,33063
3.0258217479999985,nodelet,10746,0.05,2.9562155331260955,25888,12268
3.0258217479999985,nodeproxy,11731,0.0,0.0,16264,5116
4.032617360000131,nodestore,10063,0.46,14.898753849552955,21856,11830
4.032617360000131,nodeapiserver,10381,1.0,30.790757955742773,246984,235121
4.032617360000131,nodescheduler,11588,0.01,0.0,23840,11315
4.032617360000131,nodecontroller,11429,0.05,1.9865005132737272,46236,33067
4.032617360000131,nodelet,10746,0.07,1.9865005132737272,25888,12268
4.032617360000131,nodeproxy,11731,0.0,0.0,16264,5116
5.042116872000179,nodestore,10063,0.58,11.887078554624832,21856,11850
5.042116872000179,nodeapiserver,10381,1.28,27.736516627457945,246984,235121
5.042116872000179,nodescheduler,11588,0.02,0.9905898795520693,23840,11339
5.042116872000179,nodecontroller,11429,0.07,1.9811797591041387,46364,33154
5.042116872000179,nodelet,10746,0.07,0.0,25888,12268
5.042116872000179,nodeproxy,11731,0.0,0.0,16264,5116
6.057965147999994,nodestore,10063,0.81,22.641176387648056,21856,11930
6.057965147999994,nodeapiserver,10381,1.78,49.21994866880012,246984,235122
6.057965147999994,nodescheduler,11588,0.03,0.9843989733760025,23968,11408
6.057965147999994,nodecontroller,11429,0.1,2.9531969201280073,47260,34087
6.057965147999994,nodelet,10746,0.12,4.921994866880013,26144,12512
6.057965147999994,nodeproxy,11731,0.01,0.9843989733760025,16264,5136
7.06644990000018,nodestore,10063,0.98,16.8569727666015,21856,11966
7.06644990000018,nodeapiserver,10381,2.15,36.6887054331915,246984,235122
7.06644990000018,nodescheduler,11588,0.03,0.0,23968,11460
7.06644990000018,nodecontroller,11429,0.12,1.983173266659,47388,34163
7.06644990000018,nodelet,10746,0.2,7.932693066636,26144,12576
7.06644990000018,nodeproxy,11731,0.01,0.0,16264,5164
8.074632598000107,nodestore,10063,1.1,11.902604581298677,21856,11970
8.074632598000107,nodeapiserver,10381,2.4,24.797092877705577,246984,235122
8.074632598000107,nodescheduler,11588,0.04,0.991883715108223,23968,11468
8.074632598000107,nodecontroller,11429,0.13,0.991883715108223,47388,34175
8.074632598000107,nodelet,10746,0.22,1.983767430216446,26144,12576
8.074632598000107,nodeproxy,11731,0.01,0.0,16264,5164
9.080041122000011,nodestore,10063,1.25,14.919308561582707,21856,11998
9.080041122000011,nodeapiserver,10381,2.72,31.827858264709775,247496,235542
9.080041122000011,nodescheduler,11588,0.04,0.0,23968,11468
9.080041122000011,nodecontroller,11429,0.16,2.9838617123165414,47388,34291
9.080041122000011,nodelet,10746,0.24,1.989241141544361,26144,12576
9.080041122000011,nodeproxy,11731,0.01,0.0,16264,5164
10.087945035000075,nodestore,10063,1.38,12.89805489623015,21856,12006
10.087945035000075,nodeapiserver,10381,3.01,28.772583999282638,248008,236062
10.087945035000075,nodescheduler,11588,0.04,0.0,23968,11476
10.087945035000075,nodecontroller,11429,0.17,0.9921580689407808,47516,34311
10.087945035000075,nodelet,10746,0.26,1.9843161378815617,26144,12576
10.087945035000075,nodeproxy,11731,0.01,0.0,16264,5164
11.10051111000007,nodestore,10063,1.5,11.851078459250234,21856,12042
11.10051111000007,nodeapiserver,10381,3.26,24.689746790104653,248008,236062
11.10051111000007,nodescheduler,11588,0.04,0.0,23968,11476
11.10051111000007,nodecontroller,11429,0.19,1.9751797432083724,47516,34315
11.10051111000007,nodelet,10746,0.27,0.9875898716041862,26144,12576
11.10051111000007,nodeproxy,11731,0.01,0.0,16264,5164
12.108226978000175,nodestore,10063,1.65,14.885148161622915,21856,12074
12.108226978000175,nodeapiserver,10381,3.6,33.73966916634527,248008,236062
12.108226978000175,nodescheduler,11588,0.04,0.0,23968,11480
12.108226978000175,nodecontroller,11429,0.2,0.992343210774861,47644,34355
12.108226978000175,nodelet,10746,0.29,1.984686421549722,26144,12592
12.108226978000175,nodeproxy,11731,0.01,0.0,16264,5164
13.11302786200008,nodestore,10063,1.77,11.942664652354274,21984,12090
13.11302786200008,nodeapiserver,10381,3.87,26.870995467797115,248008,236102
13.11302786200008,nodescheduler,11588,0.04,0.0,23968,11480
13.11302786200008,nodecontroller,11429,0.21,0.9952220543628562,47644,34383
13.11302786200008,nodelet,10746,0.3,0.9952220543628562,26144,12592
13.11302786200008,nodeproxy,11731,0.01,0.0,16264,5164
14.119639593000102,nodestore,10063,1.9,12.914612059095633,21984,12110
14.119639593000102,nodeapiserver,10381,4.13,25.829224118191267,248008,236102
14.119639593000102,nodescheduler,11588,0.05,0.9934316968535103,23968,11484
14.119639593000102,nodecontroller,11429,0.22,0.9934316968535103,47644,34391
14.119639593000102,nodelet,10746,0.33,2.980295090560531,26144,12540
14.119639593000102,nodeproxy,11731,0.01,0.0,16264,5164
15.123754239000164,nodestore,10063,2.04,13.94263100908812,22112,12142
15.123754239000164,nodeapiserver,10381,4.46,32.86477309285056,248008,236102
15.123754239000164,nodescheduler,11588,0.05,0.0,24096,11492
15.123754239000164,nodecontroller,11429,0.25,2.9877066448045966,47644,34415
15.123754239000164,nodelet,10746,0.34,0.9959022149348655,26144,12548
15.123754239000164,nodeproxy,11731,0.01,0.0,16264,5164
16.137310463000176,nodestore,10063,2.17,12.826126160712953,22112,12162
16.137310463000176,nodeapiserver,10381,4.72,25.652252321425905,248008,236101
16.137310463000176,nodescheduler,11588,0.05,0.0,24096,11503
16.137310463000176,nodecontroller,11429,0.26,0.9866250892856118,47644,34415
16.137310463000176,nodelet,10746,0.36,1.9732501785712235,26272,12632
16.137310463000176,nodeproxy,11731,0.01,0.0,16264,5164
17.150303296000175,nodestore,10063,2.3,12.833259601156547,22112,12162
17.150303296000175,nodeapiserver,10381,5.01,28.62804064873383,248008,236102
17.150303296000175,nodescheduler,11588,0.06,0.9871738154735805,24096,11508
17.150303296000175,nodecontroller,11429,0.27,0.9871738154735805,47644,34427
17.150303296000175,nodelet,10746,0.39,2.9615214464207416,26272,12584
17.150303296000175,nodeproxy,11731,0.01,0.0,16264,5164
18.15552454600015,nodestore,10063,2.44,13.927282177928813,22112,12222
18.15552454600015,nodeapiserver,10381,5.31,29.84417609556174,248008,236102
18.15552454600015,nodescheduler,11588,0.06,0.0,24096,11508
18.15552454600015,nodecontroller,11429,0.29,1.989611739704116,47644,34435
18.15552454600015,nodelet,10746,0.41,1.989611739704116,26272,12592
18.15552454600015,nodeproxy,11731,0.01,0.0,16264,5164
19.162611338000033,nodestore,10063,2.55,10.922593849290887,22112,12226
19.162611338000033,nodeapiserver,10381,5.55,23.8311138529983,248008,236102
19.162611338000033,nodescheduler,11588,0.06,0.0,24096,11508
19.162611338000033,nodecontroller,11429,0.29,0.0,47644,34435
19.162611338000033,nodelet,10746,0.42,0.9929630772082625,26272,12592
19.162611338000033,nodeproxy,11731,0.01,0.0,16264,5164
20.171185552999987,nodestore,10063,2.71,15.863978834716434,22112,12242
20.171185552999987,nodeapiserver,10381,5.87,31.727957669432868,248008,236102
20.171185552999987,nodescheduler,11588,0.07,0.9914986771697771,24096,11512
20.171185552999987,nodecontroller,11429,0.32,2.9744960315093314,47644,34443
20.171185552999987,nodelet,10746,0.45,2.9744960315093314,26272,12604
20.171185552999987,nodeproxy,11731,0.01,0.0,16264,5164
21.177544960000205,nodestore,10063,2.83,11.924169353938774,22240,12274
21.177544960000205,nodeapiserver,10381,6.13,25.835700266867345,248008,236102
21.177544960000205,nodescheduler,11588,0.07,0.0,24096,11532
21.177544960000205,nodecontroller,11429,0.33,0.9936807794948979,47644,34447
21.177544960000205,nodelet,10746,0.46,0.9936807794948979,26272,12608
21.177544960000205,nodeproxy,11731,0.01,0.0,16264,5164
22.188119511000195,nodestore,10063,2.96,12.863969300568822,22240,12314
22.188119511000195,nodeapiserver,10381,6.41,27.707010801225156,248008,236102
22.188119511000195,nodescheduler,11588,0.07,0.0,24096,11532
22.188119511000195,nodecontroller,11429,0.35,1.979072200087511,47644,34451
22.188119511000195,nodelet,10746,0.47,0.9895361000437555,26272,12616
22.188119511000195,nodeproxy,11731,0.01,0.0,16264,5164
23.19531961000007,nodestore,10063,3.12,15.885621949290535,22240,12338
23.19531961000007,nodeapiserver,10381,6.74,32.76409527041173,248008,236102
23.19531961000007,nodescheduler,11588,0.07,0.0,24096,11532
23.19531961000007,nodecontroller,11429,0.36,0.9928513718306584,47772,34467
23.19531961000007,nodelet,10746,0.5,2.978554115491975,26272,12616
23.19531961000007,nodeproxy,11731,0.01,0.0,16264,5164
24.202460595000048,nodestore,10063,3.24,11.914915765244386,22240,12358
24.202460595000048,nodeapiserver,10381,7.02,27.801470118903573,248392,236514
24.202460595000048,nodescheduler,11588,0.07,0.0,24096,11532
24.202460595000048,nodecontroller,11429,0.38,1.9858192942073978,47772,34471
24.202460595000048,nodelet,10746,0.52,1.9858192942073978,26272,12616
24.202460595000048,nodeproxy,11731,0.01,0.0,16264,5164
25.220418433000077,nodestore,10063,3.37,12.770666440901872,22240,12386
25.220418433000077,nodeapiserver,10381,7.28,25.541332881803744,248392,236514
25.220418433000077,nodescheduler,11588,0.07,0.0,24096,11532
25.220418433000077,nodecontroller,11429,0.39,0.9823589569924517,47772,34471
25.220418433000077,nodelet,10746,0.52,0.0,26272,12616
25.220418433000077,nodeproxy,11731,0.01,0.0,16264,5164
26.224783462999994,nodestore,10063,3.5,12.943501228832183,22368,12418
26.224783462999994,nodeapiserver,10381,7.58,29.86961822038196,248392,236514
26.224783462999994,nodescheduler,11588,0.08,0.9956539406793987,24096,11532
26.224783462999994,nodecontroller,11429,0.4,0.9956539406793987,47772,34471
26.224783462999994,nodelet,10746,0.56,3.982615762717595,26400,12716
26.224783462999994,nodeproxy,11731,0.01,0.0,16264,5164
27.232006572000046,nodestore,10063,3.62,11.91394428183179,22368,12430
27.232006572000046,nodeapiserver,10381,7.83,24.82071725381623,248392,236514
27.232006572000046,nodescheduler,11588,0.08,0.0,24096,11532
27.232006572000046,nodecontroller,11429,0.42,1.9856573803052984,47772,34475
27.232006572000046,nodelet,10746,0.56,0.0,26400,12716
27.232006572000046,nodeproxy,11731,0.01,0.0,16264,5164
28.2576193110001,nodestore,10063,3.76,13.650376470215898,22368,12470
28.2576193110001,nodeapiserver,10381,8.13,29.25080672189121,248392,236514
28.2576193110001,nodescheduler,11588,0.08,0.0,24096,11532
28.2576193110001,nodecontroller,11429,0.44,1.9500537814594139,47772,34503
28.2576193110001,nodelet,10746,0.59,2.9250806721891207,26400,12720
28.2576193110001,nodeproxy,11731,0.01,0.0,16264,5164
29.266642101000116,nodestore,10063,3.9,13.874810498581269,22368,12506
29.266642101000116,nodeapiserver,10381,8.44,30.722794675429945,248520,236666
29.266642101000116,nodescheduler,11588,0.08,0.0,24096,11540
29.266642101000116,nodecontroller,11429,0.45,0.9910578927558047,47772,34507
29.266642101000116,nodelet,10746,0.61,1.9821157855116094,26400,12624
29.266642101000116,nodeproxy,11731,0.01,0.0,16264,5164
30.273111362999998,nodestore,10063,4.03,12.91644016447024,22368,12530
30.273111362999998,nodeapiserver,10381,8.69,24.839308008596614,248520,236665
30.273111362999998,nodescheduler,11588,0.08,0.0,24096,11540
30.273111362999998,nodecontroller,11429,0.47,1.9871446406877291,47772,34511
30.273111362999998,nodelet,10746,0.62,0.9935723203438646,26400,12624
30.273111362999998,nodeproxy,11731,0.01,0.0,16264,5164
31.283285090000163,nodestore,10063,4.16,12.869073558867045,22368,12554
31.283285090000163,nodeapiserver,10381,8.99,29.697862058923953,248520,236666
31.283285090000163,nodescheduler,11588,0.09,0.9899287352974651,24096,11540
31.283285090000163,nodecontroller,11429,0.48,0.9899287352974651,47772,34511
31.283285090000163,nodelet,10746,0.65,2.969786205892395,26400,12632
31.283285090000163,nodeproxy,11731,0.01,0.0,16264,5164
32.28824609200001,nodestore,10063,4.31,14.925952320687472,22368,12582
32.28824609200001,nodeapiserver,10381,9.3,30.846968129420777,248520,236666
32.28824609200001,nodescheduler,11588,0.09,0.0,24096,11540
32.28824609200001,nodecontroller,11429,0.5,1.990126976091663,47772,34511
32.28824609200001,nodelet,10746,0.67,1.990126976091663,26400,12636
32.28824609200001,nodeproxy,11731,0.01,0.0,16264,5164
33.2946339130001,nodestore,10063,4.44,12.91748541539519,22496,12630
33.2946339130001,nodeapiserver,10381,9.58,27.82227627931272,248520,236665
33.2946339130001,nodescheduler,11588,0.1,0.9936527242611685,24096,11539
33.2946339130001,nodecontroller,11429,0.51,0.9936527242611685,47772,34519
33.2946339130001,nodelet,10746,0.67,0.0,26400,12636
33.2946339130001,nodeproxy,11731,0.01,0.0,16264,5164
34.30803037700002,nodestore,10063,4.57,12.828148174790714,22624,12634
34.30803037700002,nodeapiserver,10381,9.85,26.643076978411482,248520,236666
34.30803037700002,nodescheduler,11588,0.1,0.0,24096,11544
34.30803037700002,nodecontroller,11429,0.53,1.9735612576601098,47772,34523
34.30803037700002,nodelet,10746,0.69,1.9735612576601098,26400,12644
34.30803037700002,nodeproxy,11731,0.01,0.0,16264,5164
35.3139405620002,nodestore,10063,4.72,14.911868100825906,22624,12686
35.3139405620002,nodeapiserver,10381,10.18,32.806109821816996,248520,236666
35.3139405620002,nodescheduler,11588,0.1,0.0,24096,11544
35.3139405620002,nodecontroller,11429,0.54,0.9941245400550605,47772,34539
35.3139405620002,nodelet,10746,0.72,2.9823736201651814,26400,12644
35.3139405620002,nodeproxy,11731,0.01,0.0,16264,5164
36.320861698000044,nodestore,10063,4.85,12.910643679250354,22624,12694
36.320861698000044,nodeapiserver,10381,10.43,24.828160921635295,248520,236665
36.320861698000044,nodescheduler,11588,0.1,0.0,24096,11543
36.320861698000044,nodecontroller,11429,0.56,1.9862528737308236,47772,34538
36.320861698000044,nodelet,10746,0.73,0.9931264368654118,26656,12856
36.320861698000044,nodeproxy,11731,0.01,0.0,16264,5164
37.3277104350002,nodestore,10063,4.98,12.91157203884738,22624,12710
37.3277104350002,nodeapiserver,10381,10.72,28.802737625121075,248520,236666
37.3277104350002,nodescheduler,11588,0.1,0.0,24096,11544
37.3277104350002,nodecontroller,11429,0.57,0.9931978491421062,47772,34539
37.3277104350002,nodelet,10746,0.75,1.9863956982842124,26656,12860
37.3277104350002,nodeproxy,11731,0.01,0.0,16264,5164
38.332519777000016,nodestore,10063,5.13,14.928205155961553,22624,12754
38.332519777000016,nodeapiserver,10381,11.04,31.846837666051314,248648,236798
38.332519777000016,nodescheduler,11588,0.11,0.9952136770641036,24096,11544
38.332519777000016,nodecontroller,11429,0.59,1.9904273541282071,47772,34539
38.332519777000016,nodelet,10746,0.77,1.9904273541282071,26656,12860
38.332519777000016,nodeproxy,11731,0.01,0.0,16264,5164
39.34607062700002,nodestore,10063,5.24,10.852933525732809,22624,12794
39.34607062700002,nodeapiserver,10381,11.29,24.66575801302911,248648,236798
39.34607062700002,nodescheduler,11588,0.11,0.0,24096,11548
39.34607062700002,nodecontroller,11429,0.6,0.9866303205211644,47772,34539
39.34607062700002,nodelet,10746,0.78,0.9866303205211644,26656,12860
39.34607062700002,nodeproxy,11731,0.01,0.0,16264,5164
40.3878005800002,nodestore,10063,5.39,14.399125182874844,22624,12810
40.3878005800002,nodeapiserver,10381,11.59,28.798250365749688,248648,236798
40.3878005800002,nodescheduler,11588,0.11,0.0,24096,11548
40.3878005800002,nodecontroller,11429,0.62,1.9198833577166459,47772,34543
40.3878005800002,nodelet,10746,0.8,1.9198833577166459,26656,12860
40.3878005800002,nodeproxy,11731,0.01,0.0,16264,5164
41.39364158300009,nodestore,10063,5.53,13.918700826716623,22752,12838
41.39364158300009,nodeapiserver,10381,11.92,32.808366234403465,248648,236798
41.39364158300009,nodescheduler,11588,0.11,0.0,24096,11548
41.39364158300009,nodecontroller,11429,0.63,0.9941929161940444,47772,34547
41.39364158300009,nodelet,10746,0.82,1.9883858323880887,26656,12864
41.39364158300009,nodeproxy,11731,0.01,0.0,16264,5164
42.40409808000004,nodestore,10063,5.66,12.865472228242442,22752,12866
42.40409808000004,nodeapiserver,10381,12.17,24.74129274662008,248648,236797
42.40409808000004,nodescheduler,11588,0.11,0.0,24096,11551
42.40409808000004,nodecontroller,11429,0.65,1.9793034197296064,47772,34546
42.40409808000004,nodelet,10746,0.84,1.9793034197296064,26656,12864
42.40409808000004,nodeproxy,11731,0.01,0.0,16264,5164
43.41955264100011,nodestore,10063,5.8,13.786929063780178,22752,12894
43.41955264100011,nodeapiserver,10381,12.48,30.528200069798963,248648,236798
43.41955264100011,nodescheduler,11588,0.11,0.0,24096,11552
43.41955264100011,nodecontroller,11429,0.66,0.9847806474128697,47772,34587
43.41955264100011,nodelet,10746,0.86,1.9695612948257395,26656,12868
43.41955264100011,nodeproxy,11731,0.01,0.0,16264,5164
44.42810180300012,nodestore,10063,5.95,14.872849599373199,22752,12898
44.42810180300012,nodeapiserver,10381,12.79,30.737222505371275,248648,236798
44.42810180300012,nodescheduler,11588,0.12,0.9915233066248799,24096,11552
44.42810180300012,nodecontroller,11429,0.68,1.9830466132497597,47772,34591
44.42810180300012,nodelet,10746,0.87,0.9915233066248799,26656,12868
44.42810180300012,nodeproxy,11731,0.01,0.0,16264,5164
45.43410754600018,nodestore,10063,6.07,11.928361327455452,22880,12906
45.43410754600018,nodeapiserver,10381,13.04,24.85075276553219,248648,236797
45.43410754600018,nodescheduler,11588,0.13,0.9940301106212875,24096,11551
45.43410754600018,nodecontroller,11429,0.7,1.988060221242575,47772,34591
45.43410754600018,nodelet,10746,0.88,0.9940301106212875,26656,12868
45.43410754600018,nodeproxy,11731,0.01,0.0,16264,5164
46.44362913500004,nodestore,10063,6.2,12.877386815352004,22880,12898
46.44362913500004,nodeapiserver,10381,13.35,30.7076147135317,248648,236798
46.44362913500004,nodescheduler,11588,0.13,0.0,24096,11552
46.44362913500004,nodecontroller,11429,0.71,0.9905682165655387,47772,34591
46.44362913500004,nodelet,10746,0.91,2.9717046496966164,26784,12968
46.44362913500004,nodeproxy,11731,0.01,0.0,16264,5164
47.4496354150001,nodestore,10063,6.36,15.904473280225412,22880,12898
47.4496354150001,nodeapiserver,10381,13.67,31.808946560450824,248648,236798
47.4496354150001,nodescheduler,11588,0.13,0.0,24096,11552
47.4496354150001,nodecontroller,11429,0.72,0.9940295800140883,47772,34595
47.4496354150001,nodelet,10746,0.93,1.9880591600281765,26784,12904
47.4496354150001,nodeproxy,11731,0.01,0.0,16264,5164
48.45863384800009,nodestore,10063,6.48,11.892981800101708,22880,12898
48.45863384800009,nodeapiserver,10381,13.91,23.785963600203416,249160,237258
48.45863384800009,nodescheduler,11588,0.13,0.0,24096,11552
48.45863384800009,nodecontroller,11429,0.74,1.9821636333502848,47772,34595
48.45863384800009,nodelet,10746,0.94,0.9910818166751424,26784,12904
48.45863384800009,nodeproxy,11731,0.01,0.0,16264,5164
49.47035855100012,nodestore,10063,6.62,13.837756415837585,22880,12898
49.47035855100012,nodeapiserver,10381,14.23,31.62915752191448,249160,237258
49.47035855100012,nodescheduler,11588,0.13,0.0,24096,11552
49.47035855100012,nodecontroller,11429,0.75,0.9884111725598275,47772,34595
49.47035855100012,nodelet,10746,0.96,1.976822345119655,26784,12904
49.47035855100012,nodeproxy,11731,0.01,0.0,16264,5164
50.479988935000165,nodestore,10063,6.75,12.875999183478804,22880,12898
50.479988935000165,nodeapiserver,10381,14.51,27.73292131826204,249160,237322
50.479988935000165,nodescheduler,11588,0.14,0.9904614756522157,24096,11552
50.479988935000165,nodecontroller,11429,0.77,1.9809229513044313,47772,34595
50.479988935000165,nodelet,10746,0.98,1.9809229513044313,26784,12908
50.479988935000165,nodeproxy,11731,0.01,0.0,16264,5164
51.49094455300019,nodestore,10063,6.88,12.85912038919959,22880,12898
51.49094455300019,nodeapiserver,10381,14.76,24.729077671537674,249160,237322
51.49094455300019,nodescheduler,11588,0.14,0.0,24096,11552
51.49094455300019,nodecontroller,11429,0.78,0.989163106861507,47772,34595
51.49094455300019,nodelet,10746,0.99,0.989163106861507,26784,12908
51.49094455300019,nodeproxy,11731,0.01,0.0,16264,5164
52.505735319999985,nodestore,10063,7.02,13.795947357099704,22880,12902
52.505735319999985,nodeapiserver,10381,15.07,30.54816914786363,249416,237546
52.505735319999985,nodescheduler,11588,0.14,0.0,24096,11552
52.505735319999985,nodecontroller,11429,0.8,1.9708496224428147,47772,34595
52.505735319999985,nodelet,10746,1.01,1.9708496224428147,26784,12908
52.505735319999985,nodeproxy,11731,0.01,0.0,16264,5164
53.513810523000075,nodestore,10063,7.15,12.895863286103316,22880,12898
53.513810523000075,nodeapiserver,10381,15.37,29.759684506392265,249416,237546
53.513810523000075,nodescheduler,11588,0.14,0.0,24096,11556
53.513810523000075,nodecontroller,11429,0.81,0.9919894835464088,47772,34595
53.513810523000075,nodelet,10746,1.03,1.9839789670928176,26784,12912
53.513810523000075,nodeproxy,11731,0.01,0.0,16264,5164
54.52249788500012,nodestore,10063,7.27,11.896649499212673,22880,12898
54.52249788500012,nodeapiserver,10381,15.61,23.793298998425346,249416,237546
54.52249788500012,nodescheduler,11588,0.14,0.0,24096,11556
54.52249788500012,nodecontroller,11429,0.83,1.9827749165354456,47772,34595
54.52249788500012,nodelet,10746,1.04,0.9913874582677228,26784,12912
54.52249788500012,nodeproxy,11731,0.01,0.0,16264,5164
55.526630719000195,nodestore,10063,7.42,14.938262640258296,22880,12898
55.526630719000195,nodeapiserver,10381,15.91,29.876525280516592,249416,237546
55.526630719000195,nodescheduler,11588,0.14,0.0,24096,11556
55.526630719000195,nodecontroller,11429,0.84,0.9958841760172198,47772,34595
55.526630719000195,nodelet,10746,1.07,2.9876525280516595,26784,12916
55.526630719000195,nodeproxy,11731,0.01,0.0,16264,5164
56.533257714,nodestore,10063,7.55,12.914416228230106,22880,12902
56.533257714,nodeapiserver,10381,16.19,27.815665722341773,249544,237694
56.533257714,nodescheduler,11588,0.15,0.9934166329407774,24096,11556
56.533257714,nodecontroller,11429,0.85,0.9934166329407774,47900,34651
56.533257714,nodelet,10746,1.08,0.9934166329407774,26784,12980
56.533257714,nodeproxy,11731,0.01,0.0,16264,5164
57.541422381000075,nodestore,10063,7.68,12.894718914007576,22880,12906
57.541422381000075,nodeapiserver,10381,16.46,26.781339282938813,249544,237694
57.541422381000075,nodescheduler,11588,0.15,0.0,24096,11556
57.541422381000075,nodecontroller,11429,0.87,1.9838029098473196,47900,34651
57.541422381000075,nodelet,10746,1.1,1.9838029098473196,26644,12916
57.541422381000075,nodeproxy,11731,0.01,0.0,16264,5164
58.54665102000013,nodestore,10063,7.83,14.92197836197863,22880,12898
58.54665102000013,nodeapiserver,10381,16.79,32.82835239635298,250056,238150
58.54665102000013,nodescheduler,11588,0.16,0.994798557465242,24096,11556
58.54665102000013,nodecontroller,11429,0.88,0.994798557465242,47900,34651
58.54665102000013,nodelet,10746,1.13,2.984395672395726,26644,12916
58.54665102000013,nodeproxy,11731,0.01,0.0,16264,5164
59.56482889600011,nodestore,10063,7.96,12.767906577455662,22880,12898
59.56482889600011,nodeapiserver,10381,17.06,26.517959814715606,250056,238149
59.56482889600011,nodescheduler,11588,0.16,0.0,24096,11555
59.56482889600011,nodecontroller,11429,0.9,1.9642933196085635,47900,34686
59.56482889600011,nodelet,10746,1.13,0.0,26644,12916
59.56482889600011,nodeproxy,11731,0.01,0.0,16264,5164
60.57227273700005,nodestore,10063,8.1,13.89655624486649,22880,12898
60.57227273700005,nodeapiserver,10381,17.35,28.785723650080577,250056,238150
60.57227273700005,nodescheduler,11588,0.16,0.0,24096,11556
60.57227273700005,nodecontroller,11429,0.91,0.9926111603476062,47900,34687
60.57227273700005,nodelet,10746,1.16,2.977833481042819,26644,12916
60.57227273700005,nodeproxy,11731,0.01,0.0,16264,5164
61.58199713900012,nodestore,10063,8.26,15.845908020353876,22880,12898
61.58199713900012,nodeapiserver,10381,17.67,31.691816040707753,250056,238150
61.58199713900012,nodescheduler,11588,0.16,0.0,24096,11556
61.58199713900012,nodecontroller,11429,0.94,2.9711077538163515,47900,34687
61.58199713900012,nodelet,10746,1.18,1.9807385025442346,26644,12920
61.58199713900012,nodeproxy,11731,0.01,0.0,16264,5164
62.58716285600008,nodestore,10063,8.38,11.93832996594386,22880,12898
62.58716285600008,nodeapiserver,10381,17.93,25.866381592878362,250056,238149
62.58716285600008,nodescheduler,11588,0.16,0.0,24096,11555
62.58716285600008,nodecontroller,11429,0.95,0.9948608304953216,47900,34687
62.58716285600008,nodelet,10746,1.19,0.9948608304953216,26644,12924
62.58716285600008,nodeproxy,11731,0.01,0.0,16264,5164
63.59290512300004,nodestore,10063,8.52,13.92006725715204,22880,12898
63.59290512300004,nodeapiserver,10381,18.22,28.834425032672073,250056,238150
63.59290512300004,nodescheduler,11588,0.17,0.9942905183680026,24096,11556
63.59290512300004,nodecontroller,11429,0.96,0.9942905183680026,47900,34703
63.59290512300004,nodelet,10746,1.21,1.9885810367360053,26772,12940
63.59290512300004,nodeproxy,11731,0.01,0.0,16264,5164
64.59713094900007,nodestore,10063,8.68,15.932671303356218,22880,12898
64.59713094900007,nodeapiserver,10381,18.55,32.8611345631722,250184,238342
64.59713094900007,nodescheduler,11588,0.17,0.0,24096,11620
64.59713094900007,nodecontroller,11429,0.98,1.9915839129195272,48028,34763
64.59713094900007,nodelet,10746,1.23,1.9915839129195272,26772,12940
64.59713094900007,nodeproxy,11731,0.01,0.0,16264,5164
65.60239557400018,nodestore,10063,8.8,11.937155353495802,22880,12906
65.60239557400018,nodeapiserver,10381,18.79,23.874310706991604,250184,238341
65.60239557400018,nodescheduler,11588,0.17,0.0,24096,11619
65.60239557400018,nodecontroller,11429,0.99,0.9947629461246501,48028,34766
65.60239557400018,nodelet,10746,1.25,1.9895258922493002,26772,12940
65.60239557400018,nodeproxy,11731,0.01,0.0,16264,5164
66.61194102500008,nodestore,10063,8.94,13.867627243660836,22880,12898
66.61194102500008,nodeapiserver,10381,19.1,30.70688889667756,250184,238342
66.61194102500008,nodescheduler,11588,0.17,0.0,24224,11628
66.61194102500008,nodecontroller,11429,1.01,1.981089606237262,48028,34771
66.61194102500008,nodelet,10746,1.27,1.981089606237262,26900,13096
66.61194102500008,nodeproxy,11731,0.01,0.0,16264,5164
67.62163620900014,nodestore,10063,9.1,15.846366560463816,22880,12902
67.62163620900014,nodeapiserver,10381,19.43,32.68313103095662,250184,238342
67.62163620900014,nodescheduler,11588,0.17,0.0,24224,11628
67.62163620900014,nodecontroller,11429,1.02,0.9903979100289885,48028,34775
67.62163620900014,nodelet,10746,1.3,2.9711937300869655,26900,13096
67.62163620900014,nodeproxy,11731,0.01,0.0,16264,5164
68.63509316300019,nodestore,10063,9.22,11.84066077265224,22880,12902
68.63509316300019,nodeapiserver,10381,19.67,23.68132154530448,250312,238493
68.63509316300019,nodescheduler,11588,0.18,0.9867217310543535,24224,11627
68.63509316300019,nodecontroller,11429,1.04,1.973443462108707,48028,34774
68.63509316300019,nodelet,10746,1.31,0.9867217310543535,26900,13096
68.63509316300019,nodeproxy,11731,0.01,0.0,16264,5164
69.64297458600004,nodestore,10063,9.36,13.890522913231793,22880,12902
69.64297458600004,nodeapiserver,10381,19.97,29.765406242639553,250312,238494
69.64297458600004,nodescheduler,11588,0.18,0.0,24224,11628
69.64297458600004,nodecontroller,11429,1.05,0.992180208087985,48028,34775
69.64297458600004,nodelet,10746,1.33,1.98436041617597,26900,13088
69.64297458600004,nodeproxy,11731,0.01,0.0,16264,5164
70.64863757900002,nodestore,10063,9.5,13.921164542643343,22880,12902
70.64863757900002,nodeapiserver,10381,20.28,30.82543577299597,250696,238886
70.64863757900002,nodescheduler,11588,0.18,0.0,24224,11644
70.64863757900002,nodecontroller,11429,1.07,1.9887377918061915,48028,34867
70.64863757900002,nodelet,10746,1.35,1.9887377918061915,26900,13088
70.64863757900002,nodeproxy,11731,0.01,0.0,16264,5164
71.65704958100014,nodestore,10063,9.61,10.908239864442589,22880,12902
71.65704958100014,nodeapiserver,10381,20.51,22.808137898379957,250696,238886
71.65704958100014,nodescheduler,11588,0.18,0.0,24224,11644
71.65704958100014,nodecontroller,11429,1.07,0.0,48028,34867
71.65704958100014,nodelet,10746,1.35,0.0,26900,13088
71.65704958100014,nodeproxy,11731,0.01,0.0,16264,5164
72.66806615400014,nodestore,10063,9.76,14.836552041367879,22880,12902
72.66806615400014,nodeapiserver,10381,20.83,31.65131102158481,250696,238886
72.66806615400014,nodescheduler,11588,0.19,0.9891034694245253,24224,11644
72.66806615400014,nodecontroller,11429,1.1,2.9673104082735757,48028,34871
72.66806615400014,nodelet,10746,1.38,2.9673104082735757,26900,13088
72.66806615400014,nodeproxy,11731,0.01,0.0,16264,5164
73.67874599400011,nodestore,10063,9.91,14.84149520584135,22880,12902
73.67874599400011,nodeapiserver,10381,21.14,30.672423425405455,250824,239022
73.67874599400011,nodescheduler,11588,0.2,0.9894330137227567,24224,11644
73.67874599400011,nodecontroller,11429,1.11,0.9894330137227567,48028,34871
73.67874599400011,nodelet,10746,1.4,1.9788660274455134,26900,13088
73.67874599400011,nodeproxy,11731,0.01,0.0,16264,5164
74.68514655600006,nodestore,10063,10.03,11.923681735782413,22880,12902
74.68514655600006,nodeapiserver,10381,21.38,23.847363471564826,250824,239022
74.68514655600006,nodescheduler,11588,0.2,0.0,24224,11644
74.68514655600006,nodecontroller,11429,1.12,0.9936401446485343,48028,34871
74.68514655600006,nodelet,10746,1.41,0.9936401446485343,26900,13088
74.68514655600006,nodeproxy,11731,0.01,0.0,16264,5164
75.6975915710002,nodestore,10063,10.19,15.80332735402702,22880,12902
75.6975915710002,nodeapiserver,10381,21.71,32.59436266768073,251080,239278
75.6975915710002,nodescheduler,11588,0.2,0.0,24224,11644
75.6975915710002,nodecontroller,11429,1.14,1.9754159192533776,48028,34879
75.6975915710002,nodelet,10746,1.43,1.9754159192533776,26900,13088
75.6975915710002,nodeproxy,11731,0.01,0.0,16264,5164
76.70275027700018,nodestore,10063,10.34,14.923016545011528,22880,12902
76.70275027700018,nodeapiserver,10381,22.04,32.83063639902536,251208,239402
76.70275027700018,nodescheduler,11588,0.2,0.0,24224,11660
76.70275027700018,nodecontroller,11429,1.16,1.9897355393348704,48028,34879
76.70275027700018,nodelet,10746,1.46,2.9846033090023054,26900,13088
76.70275027700018,nodeproxy,11731,0.01,0.0,16264,5164
77.71314792400017,nodestore,10063,10.45,10.886802866832193,22880,12902
77.71314792400017,nodeapiserver,10381,22.26,21.773605733664386,251208,239402
77.71314792400017,nodescheduler,11588,0.2,0.0,24224,11660
77.71314792400017,nodecontroller,11429,1.16,0.0,48028,34879
77.71314792400017,nodelet,10746,1.47,0.9897093515301993,26900,13088
77.71314792400017,nodeproxy,11731,0.01,0.0,16264,5164
78.721547827,nodestore,10063,10.61,15.866721081986011,22880,12906
78.721547827,nodeapiserver,10381,22.58,31.733442163972022,251208,239402
78.721547827,nodescheduler,11588,0.2,0.0,24224,11680
78.721547827,nodecontroller,11429,1.19,2.9750102028723773,48028,34879
78.721547827,nodelet,10746,1.5,2.9750102028723773,26900,13088
78.721547827,nodeproxy,11731,0.01,0.0,16264,5164
79.72817947800013,nodestore,10063,10.73,11.92094445677071,22880,12906
79.72817947800013,nodeapiserver,10381,22.84,25.828712989669874,251208,239402
79.72817947800013,nodescheduler,11588,0.21,0.993412038064226,24224,11680
79.72817947800013,nodecontroller,11429,1.2,0.993412038064226,48028,34879
79.72817947800013,nodelet,10746,1.5,0.0,26900,13088
79.72817947800013,nodeproxy,11731,0.01,0.0,16264,5164
80.73562496700015,nodestore,10063,10.88,14.889143049207407,22880,12902
80.73562496700015,nodeapiserver,10381,23.13,28.785676561800983,251208,239402
80.73562496700015,nodescheduler,11588,0.21,0.0,24224,11680
80.73562496700015,nodecontroller,11429,1.21,0.9926095366138271,48028,34879
80.73562496700015,nodelet,10746,1.53,2.977828609841481,26900,13088
80.73562496700015,nodeproxy,11731,0.01,0.0,16264,5164
81.74095954900008,nodestore,10063,11.02,13.925712146646266,22880,12902
81.74095954900008,nodeapiserver,10381,23.43,29.840811742813422,251208,239402
81.74095954900008,nodescheduler,11588,0.21,0.0,24224,11680
81.74095954900008,nodecontroller,11429,1.23,1.9893874495208947,48028,34879
81.74095954900008,nodelet,10746,1.55,1.9893874495208947,26900,13088
81.74095954900008,nodeproxy,11731,0.01,0.0,16264,5164
82.75126910300014,nodestore,10063,11.15,12.867343428090788,22880,12902
82.75126910300014,nodeapiserver,10381,23.68,24.7448912078669,251208,239402
82.75126910300014,nodescheduler,11588,0.21,0.0,24224,11680
82.75126910300014,nodecontroller,11429,1.24,0.9897956483146759,48028,34879
82.75126910300014,nodelet,10746,1.55,0.0,26900,13088
82.75126910300014,nodeproxy,11731,0.01,0.0,16264,5164
83.75688223200018,nodestore,10063,11.3,14.916273035253313,22880,12902
83.75688223200018,nodeapiserver,10381,24.0,31.82138247520707,251208,239402
83.75688223200018,nodescheduler,11588,0.21,0.0,24224,11688
83.75688223200018,nodecontroller,11429,1.26,1.9888364047004419,48028,34879
83.75688223200018,nodelet,10746,1.57,1.9888364047004419,26900,13088
83.75688223200018,nodeproxy,11731,0.01,0.0,16264,5164
84.7622697920001,nodestore,10063,11.44,13.924978343675898,22880,12902
84.7622697920001,nodeapiserver,10381,24.28,27.849956687351796,251336,239534
84.7622697920001,nodescheduler,11588,0.22,0.994641310262564,24224,11688
84.7622697920001,nodecontroller,11429,1.28,1.989282620525128,48028,34879
84.7622697920001,nodelet,10746,1.59,1.989282620525128,26900,13092
84.7622697920001,nodeproxy,11731,0.01,0.0,16264,5164
85.77999162100014,nodestore,10063,11.57,12.77362794976417,22880,12914
85.77999162100014,nodeapiserver,10381,24.57,28.49501619562776,251336,239534
85.77999162100014,nodescheduler,11588,0.22,0.0,24224,11688
85.77999162100014,nodecontroller,11429,1.28,0.0,48028,34879
85.77999162100014,nodelet,10746,1.61,1.9651735307329492,26900,13092
85.77999162100014,nodeproxy,11731,0.01,0.0,16264,5164
86.78837288800014,nodestore,10063,11.73,15.867014316520352,22880,12902
86.78837288800014,nodeapiserver,10381,24.9,32.72571702782323,251336,239534
86.78837288800014,nodescheduler,11588,0.22,0.0,24224,11688
86.78837288800014,nodecontroller,11429,1.3,1.983376789565044,48028,34879
86.78837288800014,nodelet,10746,1.64,2.975065184347566,26900,13148
86.78837288800014,nodeproxy,11731,0.01,0.0,16264,5164
87.80197365900017,nodestore,10063,11.86,12.825562462007671,22880,12910
87.80197365900017,nodeapiserver,10381,25.15,24.664543196168598,251336,239533
87.80197365900017,nodescheduler,11588,0.23,0.9865817278467439,24224,11687
87.80197365900017,nodecontroller,11429,1.32,1.9731634556934878,48028,34879
87.80197365900017,nodelet,10746,1.65,0.9865817278467439,26900,13148
87.80197365900017,nodeproxy,11731,0.01,0.0,16264,5164
88.83875750600009,nodestore,10063,11.99,12.538775596878054,22880,12902
88.83875750600009,nodeapiserver,10381,25.42,26.04207239351596,251336,239534
88.83875750600009,nodescheduler,11588,0.23,0.0,24224,11688
88.83875750600009,nodecontroller,11429,1.33,0.9645211997598503,48028,34879
88.83875750600009,nodelet,10746,1.68,2.893563599279551,26900,13148
88.83875750600009,nodeproxy,11731,0.01,0.0,16264,5164
89.84816588100011,nodestore,10063,12.14,14.860189762146257,22880,12902
89.84816588100011,nodeapiserver,10381,25.74,31.701738159245348,251592,239818
89.84816588100011,nodescheduler,11588,0.23,0.0,24224,11688
89.84816588100011,nodecontroller,11429,1.35,1.9813586349528343,48028,34879
89.84816588100011,nodelet,10746,1.7,1.9813586349528343,26900,13148
89.84816588100011,nodeproxy,11731,0.01,0.0,16264,5164
90.85929766700019,nodestore,10063,12.28,13.845870730048357,22880,12902
90.85929766700019,nodeapiserver,10381,26.02,27.691741460096715,251592,239817
90.85929766700019,nodescheduler,11588,0.23,0.0,24224,11688
90.85929766700019,nodecontroller,11429,1.36,0.9889907664320254,48028,34879
90.85929766700019,nodelet,10746,1.71,0.9889907664320254,26900,13148
90.85929766700019,nodeproxy,11731,0.01,0.0,16264,5164
91.86606178200009,nodestore,10063,12.41,12.91265730106137,22880,12902
91.86606178200009,nodeapiserver,10381,26.29,26.818595932973615,251592,239818
91.86606178200009,nodescheduler,11588,0.24,0.9932813308508747,24224,11688
91.86606178200009,nodecontroller,11429,1.38,1.9865626617017493,48028,34879
91.86606178200009,nodelet,10746,1.72,0.9932813308508747,26900,13148
91.86606178200009,nodeproxy,11731,0.01,0.0,16264,5164
92.87454996100018,nodestore,10063,12.57,15.865332220218788,22880,12902
92.87454996100018,nodeapiserver,10381,26.62,32.72224770420125,251592,239818
92.87454996100018,nodescheduler,11588,0.24,0.0,24224,11688
92.87454996100018,nodecontroller,11429,1.4,1.9831665275273485,48028,34879
92.87454996100018,nodelet,10746,1.75,2.9747497912910226,26900,13148
92.87454996100018,nodeproxy,11731,0.01,0.0,16264,5164
93.87962677300015,nodestore,10063,12.69,11.939385981974436,22880,12902
93.87962677300015,nodeapiserver,10381,26.87,24.873720795780073,251592,239817
93.87962677300015,nodescheduler,11588,0.24,0.0,24224,11687
93.87962677300015,nodecontroller,11429,1.41,0.994948831831203,48028,34879
93.87962677300015,nodelet,10746,1.76,0.994948831831203,26900,13148
93.87962677300015,nodeproxy,11731,0.01,0.0,16264,5164
94.8876973670001,nodestore,10063,12.83,13.887916266309372,22880,12906
94.8876973670001,nodeapiserver,10381,27.15,27.775832532618743,251592,239818
94.8876973670001,nodescheduler,11588,0.24,0.0,24224,11688
94.8876973670001,nodecontroller,11429,1.42,0.9919940190220978,48028,34879
94.8876973670001,nodelet,10746,1.78,1.9839880380441957,26900,13148
94.8876973670001,nodeproxy,11731,0.01,0.0,16264,5164
95.8995110960002,nodestore,10063,12.98,14.824863085049698,22880,12902
95.8995110960002,nodeapiserver,10381,27.48,32.61469878710933,251720,239958
95.8995110960002,nodescheduler,11588,0.24,0.0,24224,11688
95.8995110960002,nodecontroller,11429,1.44,1.9766484113399596,48028,34879
95.8995110960002,nodelet,10746,1.8,1.9766484113399596,26900,13152
95.8995110960002,nodeproxy,11731,0.01,0.0,16264,5164
96.906554229,nodestore,10063,13.11,12.909079635224142,22880,12902
96.906554229,nodeapiserver,10381,27.73,24.82515314466181,251720,239958
96.906554229,nodescheduler,11588,0.24,0.0,24224,11688
96.906554229,nodecontroller,11429,1.45,0.9930061257864724,48028,34879
96.906554229,nodelet,10746,1.81,0.9930061257864724,26900,13148
96.906554229,nodeproxy,11731,0.01,0.0,16264,5164
97.92061033800019,nodestore,10063,13.24,12.819803445410253,22880,12902
97.92061033800019,nodeapiserver,10381,28.01,27.611884343960547,251720,239958
97.92061033800019,nodescheduler,11588,0.25,0.9861387265700194,24224,11688
97.92061033800019,nodecontroller,11429,1.47,1.9722774531400389,48028,34879
97.92061033800019,nodelet,10746,1.83,1.9722774531400389,26900,13144
97.92061033800019,nodeproxy,11731,0.01,0.0,16264,5164
98.92703077700003,nodestore,10063,13.4,15.897928320991255,22880,12902
98.92703077700003,nodeapiserver,10381,28.34,32.78947716204446,251720,239958
98.92703077700003,nodescheduler,11588,0.25,0.0,24224,11688
98.92703077700003,nodecontroller,11429,1.48,0.9936205200619534,48028,34879
98.92703077700003,nodelet,10746,1.86,2.9808615601858603,26900,13148
98.92703077700003,nodeproxy,11731,0.01,0.0,16264,5164
99.9346343310001,nodestore,10063,13.52,11.909445885101714,22880,12901
99.9346343310001,nodeapiserver,10381,28.58,23.81889177020343,252232,240392
99.9346343310001,nodescheduler,11588,0.26,0.9924538237584762,24224,11691
99.9346343310001,nodecontroller,11429,1.49,0.9924538237584762,48028,34879
99.9346343310001,nodelet,10746,1.87,0.9924538237584762,26900,13148
99.9346343310001,nodeproxy,11731,0.01,0.0,16264,5164
100.94861562100004,nodestore,10063,13.65,12.820749384833995,22880,12922
100.94861562100004,nodeapiserver,10381,28.88,29.586344734232295,252232,240394
100.94861562100004,nodescheduler,11588,0.26,0.0,24224,11692
100.94861562100004,nodecontroller,11429,1.51,1.972422982282153,48028,34879
100.94861562100004,nodelet,10746,1.89,1.972422982282153,26900,13152
100.94861562100004,nodeproxy,11731,0.01,0.0,16264,5164
101.954496049,nodestore,10063,13.8,14.912309239205788,22880,12922
101.954496049,nodeapiserver,10381,29.18,29.824618478411576,252360,240558
101.954496049,nodescheduler,11588,0.26,0.0,24224,11692
101.954496049,nodecontroller,11429,1.53,1.9883078985607716,48028,34879
101.954496049,nodelet,10746,1.91,1.9883078985607716,26900,13164
101.954496049,nodeproxy,11731,0.01,0.0,16264,5164
102.96504966500015,nodestore,10063,13.92,11.874679195644177,22880,12922
102.96504966500015,nodeapiserver,10381,29.43,24.73891499092537,252872,240998
102.96504966500015,nodescheduler,11588,0.26,0.0,24224,11692
102.96504966500015,nodecontroller,11429,1.54,0.9895565996370148,48028,34879
102.96504966500015,nodelet,10746,1.92,0.9895565996370148,26900,13164
102.96504966500015,nodeproxy,11731,0.01,0.0,16264,5164
103.97762001700016,nodestore,10063,14.08,15.801371201909156,22880,12922
103.97762001700016,nodeapiserver,10381,29.76,32.59032810393764,252872,240998
103.97762001700016,nodescheduler,11588,0.26,0.0,24224,11692
103.97762001700016,nodecontroller,11429,1.55,0.9875857001193222,48028,34879
103.97762001700016,nodelet,10746,1.94,1.9751714002386445,26900,13164
103.97762001700016,nodeproxy,11731,0.01,0.0,16264,5164
104.98405795200006,nodestore,10063,14.23,14.904048703213451,22880,12922
104.98405795200006,nodeapiserver,10381,30.07,30.801700653307797,252872,240998
104.98405795200006,nodescheduler,11588,0.26,0.0,24224,11692
104.98405795200006,nodecontroller,11429,1.57,1.9872064937617935,48028,34879
104.98405795200006,nodelet,10746,1.96,1.9872064937617935,26900,13164
104.98405795200006,nodeproxy,11731,0.01,0.0,16264,5164
105.99211655300019,nodestore,10063,14.35,11.904069850794771,22880,12922
105.99211655300019,nodeapiserver,10381,30.31,23.808139701589543,252872,240998
105.99211655300019,nodescheduler,11588,0.27,0.9920058208995642,24224,11692
105.99211655300019,nodecontroller,11429,1.58,0.9920058208995642,48028,34879
105.99211655300019,nodelet,10746,1.96,0.0,26900,13164
105.99211655300019,nodeproxy,11731,0.01,0.0,16264,5164
106.9987990730001,nodestore,10063,14.5,14.900427594591884,22880,12922
106.9987990730001,nodeapiserver,10381,30.62,30.794217028823226,252872,240998
106.9987990730001,nodescheduler,11588,0.27,0.0,24224,11692
106.9987990730001,nodecontroller,11429,1.6,1.986723679278918,48028,34879
106.9987990730001,nodelet,10746,1.99,2.980085518918377,26900,13208
106.9987990730001,nodeproxy,11731,0.01,0.0,16264,5164
108.00580908000006,nodestore,10063,14.65,14.895581866844902,22880,12922
108.00580908000006,nodeapiserver,10381,30.94,31.77724131593579,252872,240997
108.00580908000006,nodescheduler,11588,0.27,0.0,24224,11692
108.00580908000006,nodecontroller,11429,1.62,1.9860775822459869,48028,34879
108.00580908000006,nodelet,10746,2.02,2.9791163733689805,26900,13208
108.00580908000006,nodeproxy,11731,0.01,0.0,16264,5164
109.0309646080002,nodestore,10063,14.77,11.705540937197528,22880,12922
109.0309646080002,nodeapiserver,10381,31.17,22.435620129628596,252872,240998
109.0309646080002,nodescheduler,11588,0.27,0.0,24224,11692
109.0309646080002,nodecontroller,11429,1.62,0.0,48028,34879
109.0309646080002,nodelet,10746,2.03,0.9754617447664607,26900,13208
109.0309646080002,nodeproxy,11731,0.01,0.0,16264,5164
110.04165943600015,nodestore,10063,14.93,15.830693456364385,22880,12922
110.04165943600015,nodeapiserver,10381,31.49,31.66138691272877,253256,241306
110.04165943600015,nodescheduler,11588,0.27,0.0,24224,11692
110.04165943600015,nodecontroller,11429,1.65,2.968255023068322,48028,34879
110.04165943600015,nodelet,10746,2.05,1.978836682045548,26900,13208
110.04165943600015,nodeproxy,11731,0.01,0.0,16264,5164
111.05025222500012,nodestore,10063,15.08,14.872206269561529,22880,12922
111.05025222500012,nodeapiserver,10381,31.81,31.727373375064595,253256,241306
111.05025222500012,nodescheduler,11588,0.28,0.9914804179707686,24224,11692
111.05025222500012,nodecontroller,11429,1.66,0.9914804179707686,48028,34879
111.05025222500012,nodelet,10746,2.07,1.9829608359415372,26900,13208
111.05025222500012,nodeproxy,11731,0.01,0.0,16264,5164
112.06239814600008,nodestore,10063,15.21,12.843997817188821,22880,12922
112.06239814600008,nodeapiserver,10381,32.06,24.699995802286196,253256,241306
112.06239814600008,nodescheduler,11588,0.28,0.0,24224,11692
112.06239814600008,nodecontroller,11429,1.68,1.9759996641828956,48028,34879
112.06239814600008,nodelet,10746,2.09,1.9759996641828956,26900,13208
112.06239814600008,nodeproxy,11731,0.01,0.0,16264,5164
113.07121956000015,nodestore,10063,15.37,15.860091566215438,22880,12922
113.07121956000015,nodeapiserver,10381,32.39,32.711438855319344,253256,241306
113.07121956000015,nodescheduler,11588,0.29,0.9912557228884649,24224,11692
113.07121956000015,nodecontroller,11429,1.69,0.9912557228884649,48028,34879
113.07121956000015,nodelet,10746,2.11,1.9825114457769297,26900,13208
113.07121956000015,nodeproxy,11731,0.01,0.0,16264,5164
114.07774713499998,nodestore,10063,15.49,11.922177094852023,22880,12922
114.07774713499998,nodeapiserver,10381,32.64,24.83786894760838,253384,241438
114.07774713499998,nodescheduler,11588,0.29,0.0,24224,11692
114.07774713499998,nodecontroller,11429,1.71,1.9870295158086704,48028,34879
114.07774713499998,nodelet,10746,2.11,0.0,26900,13208
114.07774713499998,nodeproxy,11731,0.01,0.0,16264,5164
115.08335153300004,nodestore,10063,15.63,13.92197570718975,22880,12922
115.08335153300004,nodeapiserver,10381,32.92,27.8439514143795,253384,241438
115.08335153300004,nodescheduler,11588,0.29,0.0,24224,11692
115.08335153300004,nodecontroller,11429,1.72,0.9944268362278392,48028,34879
115.08335153300004,nodelet,10746,2.13,1.9888536724556785,26900,13212
115.08335153300004,nodeproxy,11731,0.01,0.0,16264,5164
116.08871083600002,nodestore,10063,15.78,14.920038990279615,22880,12922
116.08871083600002,nodeapiserver,10381,33.27,34.81342431065243,253512,241570
116.08871083600002,nodescheduler,11588,0.29,0.0,24224,11692
116.08871083600002,nodecontroller,11429,1.73,0.9946692660186409,48028,34879
116.08871083600002,nodelet,10746,2.15,1.9893385320372818,27028,13308
116.08871083600002,nodeproxy,11731,0.01,0.0,16264,5164
117.0979992130001,nodestore,10063,15.92,13.871159441677547,22880,12922
117.0979992130001,nodeapiserver,10381,33.53,25.760724677401154,253640,241669
117.0979992130001,nodescheduler,11588,0.29,0.0,24224,11691
117.0979992130001,nodecontroller,11429,1.75,1.9815942059539349,48028,34878
117.0979992130001,nodelet,10746,2.17,1.9815942059539349,27028,13308
117.0979992130001,nodeproxy,11731,0.01,0.0,16264,5164
118.11609046000012,nodestore,10063,16.07,14.733453454393137,22880,12922
118.11609046000012,nodeapiserver,10381,33.82,28.484676678493397,253640,241670
118.11609046000012,nodescheduler,11588,0.3,0.9822302302928758,24224,11692
118.11609046000012,nodecontroller,11429,1.76,0.9822302302928758,48028,34879
118.11609046000012,nodelet,10746,2.19,1.9644604605857516,27028,13212
118.11609046000012,nodeproxy,11731,0.01,0.0,16264,5164
119.12150170600012,nodestore,10063,16.22,14.919268169793364,22880,12922
119.12150170600012,nodeapiserver,10381,34.14,31.82777209555918,253640,241670
119.12150170600012,nodescheduler,11588,0.3,0.0,24224,11692
119.12150170600012,nodecontroller,11429,1.79,2.983853633958673,48028,34879
119.12150170600012,nodelet,10746,2.21,1.9892357559724487,27028,13212
119.12150170600012,nodeproxy,11731,0.01,0.0,16264,5164
120.12804186100016,nodestore,10063,16.35,12.91553042908606,22880,12922
120.12804186100016,nodeapiserver,10381,34.4,25.83106085817212,253640,241669
120.12804186100016,nodescheduler,11588,0.3,0.0,24224,11691
120.12804186100016,nodecontroller,11429,1.8,0.9935023406989276,48028,34879
120.12804186100016,nodelet,10746,2.22,0.9935023406989276,27028,13212
120.12804186100016,nodeproxy,11731,0.01,0.0,16264,5164
121.13590637100015,nodestore,10063,16.49,13.890756010448404,22880,12922
121.13590637100015,nodeapiserver,10381,34.7,29.765905736675148,253640,241670
121.13590637100015,nodescheduler,11588,0.3,0.0,24224,11692
121.13590637100015,nodecontroller,11429,1.81,0.9921968578891717,48028,34879
121.13590637100015,nodelet,10746,2.24,1.9843937157783433,27028,13212
121.13590637100015,nodeproxy,11731,0.01,0.0,16264,5164
122.14826532100005,nodestore,10063,16.65,15.804670863038716,22880,12922
122.14826532100005,nodeapiserver,10381,35.02,31.60934172607743,253640,241670
122.14826532100005,nodescheduler,11588,0.31,0.9877919289399197,24224,11692
122.14826532100005,nodecontroller,11429,1.83,1.9755838578798395,48028,34879
122.14826532100005,nodelet,10746,2.27,2.963375786819759,27028,13216
122.14826532100005,nodeproxy,11731,0.01,0.0,16264,5164
123.15310202400019,nodestore,10063,16.77,11.94223893710455,22880,12922
123.15310202400019,nodeapiserver,10381,35.25,22.889291296117054,253640,241670
123.15310202400019,nodescheduler,11588,0.31,0.0,24224,11692
123.15310202400019,nodecontroller,11429,1.84,0.9951865780920458,48028,34879
123.15310202400019,nodelet,10746,2.27,0.0,27028,13216
123.15310202400019,nodeproxy,11731,0.01,0.0,16264,5164
124.1601006630001,nodestore,10063,16.92,14.89575002295653,22880,12922
124.1601006630001,nodeapiserver,10381,35.54,28.79845004438262,253640,241670
124.1601006630001,nodescheduler,11588,0.31,0.0,24224,11692
124.1601006630001,nodecontroller,11429,1.86,1.9861000030608706,48028,34879
124.1601006630001,nodelet,10746,2.3,2.9791500045913057,27028,13216
124.1601006630001,nodeproxy,11731,0.01,0.0,16264,5168
125.16663135900012,nodestore,10063,17.07,14.902675158949744,22880,12922
125.16663135900012,nodeapiserver,10381,35.86,31.79237367242612,253768,241830
125.16663135900012,nodescheduler,11588,0.31,0.0,24352,11704
125.16663135900012,nodecontroller,11429,1.87,0.9935116772633162,48028,34935
125.16663135900012,nodelet,10746,2.32,1.9870233545266325,27028,13216
125.16663135900012,nodeproxy,11731,0.01,0.0,16264,5168
126.17290170800015,nodestore,10063,17.19,11.925224679356626,22880,12922
126.17290170800015,nodeapiserver,10381,36.12,25.83798680527269,253768,241830
126.17290170800015,nodescheduler,11588,0.31,0.0,24352,11704
126.17290170800015,nodecontroller,11429,1.89,1.9875374465594378,48028,34939
126.17290170800015,nodelet,10746,2.34,1.9875374465594378,27156,13280
126.17290170800015,nodeproxy,11731,0.01,0.0,16264,5168
127.18713123400016,nodestore,10063,17.34,14.789551689702906,22880,12922
127.18713123400016,nodeapiserver,10381,36.42,29.57910337940581,253768,241830
127.18713123400016,nodescheduler,11588,0.33,1.9719402252937208,24352,11704
127.18713123400016,nodecontroller,11429,1.9,0.9859701126468604,48028,34939
127.18713123400016,nodelet,10746,2.36,1.9719402252937208,27156,13216
127.18713123400016,nodeproxy,11731,0.01,0.0,16264,5168
128.1940891040001,nodestore,10063,17.5,15.889443319014704,22880,12926
128.1940891040001,nodeapiserver,10381,36.74,31.77888663802941,253896,241981
128.1940891040001,nodescheduler,11588,0.33,0.0,24352,11704
128.1940891040001,nodecontroller,11429,1.92,1.986180414876838,48028,34939
128.1940891040001,nodelet,10746,2.38,1.986180414876838,27156,13216
128.1940891040001,nodeproxy,11731,0.01,0.0,16264,5168
129.2050339980001,nodestore,10063,17.62,11.870083197631025,22880,12926
129.2050339980001,nodeapiserver,10381,36.97,22.750992795459467,253896,241982
129.2050339980001,nodescheduler,11588,0.33,0.0,24352,11704
129.2050339980001,nodecontroller,11429,1.93,0.9891735998025855,48028,34939
129.2050339980001,nodelet,10746,2.4,1.978347199605171,27156,13216
129.2050339980001,nodeproxy,11731,0.01,0.0,16264,5168
130.21442889700006,nodestore,10063,17.77,14.860388154191,22880,12922
130.21442889700006,nodeapiserver,10381,37.29,31.702161395607465,253896,241982
130.21442889700006,nodescheduler,11588,0.33,0.0,24352,11704
130.21442889700006,nodecontroller,11429,1.94,0.9906925436127333,48028,34939
130.21442889700006,nodelet,10746,2.42,1.9813850872254666,27156,13216
130.21442889700006,nodeproxy,11731,0.01,0.0,16264,5168
131.22561543300003,nodestore,10063,17.92,14.834058273102313,22880,12922
131.22561543300003,nodeapiserver,10381,37.6,30.657053764411447,253896,241982
131.22561543300003,nodescheduler,11588,0.33,0.0,24352,11708
131.22561543300003,nodecontroller,11429,1.96,1.9778744364136418,48028,34939
131.22561543300003,nodelet,10746,2.44,1.9778744364136418,27156,13224
131.22561543300003,nodeproxy,11731,0.01,0.0,16264,5168
132.241509211,nodestore,10063,18.05,12.796613466413483,22880,12922
132.241509211,nodeapiserver,10381,37.86,25.593226932826965,253896,241982
132.241509211,nodescheduler,11588,0.33,0.0,24352,11708
132.241509211,nodecontroller,11429,1.98,1.9687097640636129,48028,34943
132.241509211,nodelet,10746,2.45,0.9843548820318064,27156,13224
132.241509211,nodeproxy,11731,0.01,0.0,16264,5168
133.2466686900002,nodestore,10063,18.22,16.91273907789154,22880,12922
133.2466686900002,nodeapiserver,10381,38.21,34.82034516036494,253896,241982
133.2466686900002,nodescheduler,11588,0.34,0.9948670045818554,24352,11708
133.2466686900002,nodecontroller,11429,2.0,1.9897340091637108,48028,34943
133.2466686900002,nodelet,10746,2.48,2.984601013745566,27156,13228
133.2466686900002,nodeproxy,11731,0.01,0.0,16264,5168
134.25238015000014,nodestore,10063,18.37,14.914814632818295,22880,12930
134.25238015000014,nodeapiserver,10381,38.5,28.835308290115368,253896,241982
134.25238015000014,nodescheduler,11588,0.34,0.0,24352,11720
134.25238015000014,nodecontroller,11429,2.01,0.9943209755212197,48028,34943
134.25238015000014,nodelet,10746,2.5,1.9886419510424393,27156,13228
134.25238015000014,nodeproxy,11731,0.01,0.0,16264,5168
135.26176238000016,nodestore,10063,18.49,11.888459736406954,22880,12930
135.26176238000016,nodeapiserver,10381,38.76,25.758329428881733,253896,241982
135.26176238000016,nodescheduler,11588,0.34,0.0,24352,11720
135.26176238000016,nodecontroller,11429,2.02,0.9907049780339128,48028,34943
135.26176238000016,nodelet,10746,2.51,0.9907049780339128,27156,13228
135.26176238000016,nodeproxy,11731,0.01,0.0,16264,5168
136.27057098800015,nodestore,10063,18.66,16.851561203173553,22880,12922
136.27057098800015,nodeapiserver,10381,39.11,34.69439071241614,254408,242402
136.27057098800015,nodescheduler,11588,0.34,0.0,24352,11720
136.27057098800015,nodecontroller,11429,2.04,1.982536612138065,48028,34943
136.27057098800015,nodelet,10746,2.54,2.973804918207098,27156,13232
136.27057098800015,nodeproxy,11731,0.01,0.0,16264,5168
137.27611570400018,nodestore,10063,18.8,13.922802016891675,22880,12922
137.27611570400018,nodeapiserver,10381,39.39,27.84560403378335,254408,242402
137.27611570400018,nodescheduler,11588,0.34,0.0,24352,11720
137.27611570400018,nodecontroller,11429,2.06,1.9889717166988106,48028,34943
137.27611570400018,nodelet,10746,2.55,0.9944858583494053,27156,13232
137.27611570400018,nodeproxy,11731,0.01,0.0,16264,5168
138.28717342100003,nodestore,10063,18.94,13.846885063636748,22880,12922
138.28717342100003,nodeapiserver,10381,39.67,27.693770127273496,254408,242402
138.28717342100003,nodescheduler,11588,0.34,0.0,24352,11732
138.28717342100003,nodecontroller,11429,2.07,0.9890632188311962,48028,34943
138.28717342100003,nodelet,10746,2.58,2.9671896564935887,27156,13232
138.28717342100003,nodeproxy,11731,0.01,0.0,16264,5168
139.2937521870001,nodestore,10063,19.1,15.895427700686074,22880,12922
139.2937521870001,nodeapiserver,10381,40.0,32.78431963266503,254408,242402
139.2937521870001,nodescheduler,11588,0.36,1.9869284625857593,24352,11748
139.2937521870001,nodecontroller,11429,2.09,1.9869284625857593,48028,34967
139.2937521870001,nodelet,10746,2.6,1.9869284625857593,27156,13232
139.2937521870001,nodeproxy,11731,0.01,0.0,16264,5168
140.2988593890002,nodestore,10063,19.24,13.928862485654287,22880,12922
140.2988593890002,nodeapiserver,10381,40.27,26.862806222333266,254408,242401
140.2988593890002,nodescheduler,11588,0.36,0.0,24352,11747
140.2988593890002,nodecontroller,11429,2.11,1.9898374979506122,48028,34966
140.2988593890002,nodelet,10746,2.61,0.9949187489753061,27156,13232
140.2988593890002,nodeproxy,11731,0.01,0.0,16264,5168
141.3112000340002,nodestore,10063,19.38,13.829337060748038,22880,12922
141.3112000340002,nodeapiserver,10381,40.55,27.658674121496077,254408,242402
141.3112000340002,nodescheduler,11588,0.36,0.0,24352,11748
141.3112000340002,nodecontroller,11429,2.12,0.9878097900534313,48028,34967
141.3112000340002,nodelet,10746,2.63,1.9756195801068626,27156,13232
141.3112000340002,nodeproxy,11731,0.01,0.0,16264,5168
142.31836541000007,nodestore,10063,19.54,15.886169621464411,22880,12922
142.31836541000007,nodeapiserver,10381,40.87,31.772339242928823,254792,242826
142.31836541000007,nodescheduler,11588,0.36,0.0,24352,11752
142.31836541000007,nodecontroller,11429,2.13,0.9928856013415257,48028,34967
142.31836541000007,nodelet,10746,2.65,1.9857712026830514,27156,13232
142.31836541000007,nodeproxy,11731,0.01,0.0,16264,5168
143.33662207600014,nodestore,10063,19.68,13.74898929460977,22880,12926
143.33662207600014,nodeapiserver,10381,41.14,26.51590792531884,254792,242825
143.33662207600014,nodescheduler,11588,0.36,0.0,24352,11751
143.33662207600014,nodecontroller,11429,2.15,1.9641413278013955,48028,34967
143.33662207600014,nodelet,10746,2.66,0.9820706639006977,27156,13232
143.33662207600014,nodeproxy,11731,0.01,0.0,16264,5168
144.347622322,nodestore,10063,19.83,14.836791642088262,22880,12922
144.347622322,nodeapiserver,10381,41.43,28.684463841370636,254792,242826
144.347622322,nodescheduler,11588,0.37,0.989119442805884,24352,11752
144.347622322,nodecontroller,11429,2.17,1.978238885611768,48028,34967
144.347622322,nodelet,10746,2.69,2.967358328417652,27156,13232
144.347622322,nodeproxy,11731,0.01,0.0,16264,5168
145.3565806470001,nodestore,10063,19.99,15.857939424800827,22880,12926
145.3565806470001,nodeapiserver,10381,41.76,32.707000063651705,255048,243122
145.3565806470001,nodescheduler,11588,0.37,0.0,24352,11752
145.3565806470001,nodecontroller,11429,2.18,0.9911212140500517,48028,34967
145.3565806470001,nodelet,10746,2.71,1.9822424281001034,27156,13232
145.3565806470001,nodeproxy,11731,0.01,0.0,16264,5168
146.3727765220001,nodestore,10063,20.11,11.808747009527146,22880,12922
146.3727765220001,nodeapiserver,10381,42.0,23.61749401905429,255048,243121
146.3727765220001,nodescheduler,11588,0.37,0.0,24352,11751
146.3727765220001,nodecontroller,11429,2.19,0.9840622507939288,48028,34966
146.3727765220001,nodelet,10746,2.72,0.9840622507939288,27156,13328
146.3727765220001,nodeproxy,11731,0.01,0.0,16264,5168
147.38715517900005,nodestore,10063,20.26,14.787377372827265,22880,12922
147.38715517900005,nodeapiserver,10381,42.3,29.57475474565453,255048,243122
147.38715517900005,nodescheduler,11588,0.37,0.0,24352,11752
147.38715517900005,nodecontroller,11429,2.21,1.9716503163769687,48028,34967
147.38715517900005,nodelet,10746,2.75,2.9574754745654532,27156,13328
147.38715517900005,nodeproxy,11731,0.01,0.0,16264,5168
148.40424624900015,nodestore,10063,20.41,14.747941892753456,22880,12922
148.40424624900015,nodeapiserver,10381,42.6,29.495883785506912,255048,243122
148.40424624900015,nodescheduler,11588,0.37,0.0,24352,11752
148.40424624900015,nodecontroller,11429,2.23,1.9663922523671276,48028,34967
148.40424624900015,nodelet,10746,2.77,1.9663922523671276,27156,13332
148.40424624900015,nodeproxy,11731,0.01,0.0,16264,5168
149.41777949100015,nodestore,10063,20.54,12.826416994816315,22880,12930
149.41777949100015,nodeapiserver,10381,42.87,26.639481450772344,255432,243525
149.41777949100015,nodescheduler,11588,0.37,0.0,24352,11751
149.41777949100015,nodecontroller,11429,2.24,0.9866474611397165,48028,34966
149.41777949100015,nodelet,10746,2.78,0.9866474611397165,27156,13332
149.41777949100015,nodeproxy,11731,0.01,0.0,16264,5168
150.453625375,nodestore,10063,20.69,14.480918669173477,22880,12922
150.453625375,nodeapiserver,10381,43.16,27.99644276040205,255432,243526
150.453625375,nodescheduler,11588,0.38,0.9653945779448984,24352,11752
150.453625375,nodecontroller,11429,2.25,0.9653945779448984,48028,34967
150.453625375,nodelet,10746,2.8,1.9307891558897967,27156,13364
150.453625375,nodeproxy,11731,0.01,0.0,16264,5168
151.46005999800013,nodestore,10063,20.85,15.897704266477627,22880,12922
151.46005999800013,nodeapiserver,10381,43.5,33.78262156626496,255432,243526
151.46005999800013,nodescheduler,11588,0.38,0.0,24352,11752
151.46005999800013,nodecontroller,11429,2.27,1.9872130333097033,48028,34967
151.46005999800013,nodelet,10746,2.82,1.9872130333097033,27156,13364
151.46005999800013,nodeproxy,11731,0.01,0.0,16264,5168
152.4646265780002,nodestore,10063,20.97,11.945450146270169,22880,12922
152.4646265780002,nodeapiserver,10381,43.73,22.89544611368449,255432,243526
152.4646265780002,nodescheduler,11588,0.38,0.0,24352,11752
152.4646265780002,nodecontroller,11429,2.29,1.9909083577116948,48028,34967
152.4646265780002,nodelet,10746,2.83,0.9954541788558474,27156,13364
152.4646265780002,nodeproxy,11731,0.01,0.0,16264,5168
153.4783541490001,nodestore,10063,21.13,15.783333173249297,22880,12922
153.4783541490001,nodeapiserver,10381,44.06,32.55312466982667,255432,243526
153.4783541490001,nodescheduler,11588,0.38,0.0,24352,11752
153.4783541490001,nodecontroller,11429,2.3,0.986458323328081,48156,35035
153.4783541490001,nodelet,10746,2.85,1.972916646656162,27156,13364
153.4783541490001,nodeproxy,11731,0.01,0.0,16264,5168
154.486332209,nodestore,10063,21.28,14.881276284923583,22880,12922
154.486332209,nodeapiserver,10381,44.38,31.74672274117031,255432,243526
154.486332209,nodescheduler,11588,0.38,0.0,24352,11752
154.486332209,nodecontroller,11429,2.32,1.9841701713231443,48156,35035
154.486332209,nodelet,10746,2.87,1.9841701713231443,27156,13364
154.486332209,nodeproxy,11731,0.01,0.0,16264,5168
155.4950604730002,nodestore,10063,21.41,12.887514372252824,22880,12922
155.4950604730002,nodeapiserver,10381,44.61,22.800986966293458,255432,243526
155.4950604730002,nodescheduler,11588,0.38,0.0,24352,11752
155.4950604730002,nodecontroller,11429,2.32,0.0,48156,35035
155.4950604730002,nodelet,10746,2.89,1.9826945188081266,27156,13364
155.4950604730002,nodeproxy,11731,0.01,0.0,16264,5168
156.511751258,nodestore,10063,21.57,15.737331582092578,22880,12922
156.511751258,nodeapiserver,10381,44.95,33.44182961194673,255432,243526
156.511751258,nodescheduler,11588,0.39,0.9835832238807861,24352,11752
156.511751258,nodecontroller,11429,2.35,2.9507496716423582,48156,35035
156.511751258,nodelet,10746,2.91,1.9671664477615722,27284,13460
156.511751258,nodeproxy,11731,0.01,0.0,16264,5168
157.5170793970001,nodestore,10063,21.71,13.925801394482624,22880,12922
157.5170793970001,nodeapiserver,10381,45.24,28.84630288857114,255688,243798
157.5170793970001,nodescheduler,11588,0.4,0.9947000996059016,24352,11752
157.5170793970001,nodecontroller,11429,2.36,0.9947000996059016,48156,35035
157.5170793970001,nodelet,10746,2.93,1.989400199211803,27284,13460
157.5170793970001,nodeproxy,11731,0.01,0.0,16264,5168
158.52353540500008,nodestore,10063,21.84,12.916610260823417,22880,12922
158.52353540500008,nodeapiserver,10381,45.49,24.839635116968108,255688,243798
158.52353540500008,nodescheduler,11588,0.4,0.0,24352,11752
158.52353540500008,nodecontroller,11429,2.37,0.9935854046787244,48156,35035
158.52353540500008,nodelet,10746,2.94,0.9935854046787244,27284,13460
158.52353540500008,nodeproxy,11731,0.01,0.0,16264,5168
159.52979658200002,nodestore,10063,22.0,15.900444502591519,22880,12922
159.52979658200002,nodeapiserver,10381,45.81,31.800889005183038,255688,243798
159.52979658200002,nodescheduler,11588,0.4,0.0,24352,11752
159.52979658200002,nodecontroller,11429,2.39,1.9875555628239399,48156,35035
159.52979658200002,nodelet,10746,2.97,2.98133334423591,27284,13460
159.52979658200002,nodeproxy,11731,0.01,0.0,16264,5168
160.53936823200002,nodestore,10063,22.13,12.876748272398522,22880,12922
160.53936823200002,nodeapiserver,10381,46.07,25.753496544797045,255688,243798
160.53936823200002,nodescheduler,11588,0.4,0.0,24352,11752
160.53936823200002,nodecontroller,11429,2.4,0.9905190978768094,48156,35035
160.53936823200002,nodelet,10746,2.98,0.9905190978768094,27284,13460
160.53936823200002,nodeproxy,11731,0.01,0.0,16264,5168
161.54706142999999,nodestore,10063,22.27,13.893117496264393,22880,12926
161.54706142999999,nodeapiserver,10381,46.35,27.786234992528787,255688,243798
161.54706142999999,nodescheduler,11588,0.4,0.0,24352,11752
161.54706142999999,nodecontroller,11429,2.42,1.984731070894913,48156,35035
161.54706142999999,nodelet,10746,3.0,1.984731070894913,27092,13364
161.54706142999999,nodeproxy,11731,0.01,0.0,16264,5168
162.5525127190001,nodestore,10063,22.43,15.913252262982658,22880,12922
162.5525127190001,nodeapiserver,10381,46.67,31.826504525965316,255688,243798
162.5525127190001,nodescheduler,11588,0.4,0.0,24352,11752
162.5525127190001,nodecontroller,11429,2.43,0.9945782664364161,48156,35035
162.5525127190001,nodelet,10746,3.02,1.9891565328728322,27092,13368
162.5525127190001,nodeproxy,11731,0.01,0.0,16264,5168
163.55933113300011,nodestore,10063,22.57,13.90518866692071,22880,12922
163.55933113300011,nodeapiserver,10381,46.95,27.81037733384142,255688,243798
163.55933113300011,nodescheduler,11588,0.4,0.0,24352,11752
163.55933113300011,nodecontroller,11429,2.44,0.9932277619229077,48156,35035
163.55933113300011,nodelet,10746,3.03,0.9932277619229077,27092,13368
163.55933113300011,nodeproxy,11731,0.01,0.0,16264,5168
164.58170199699998,nodestore,10063,22.71,13.693660972719009,22880,12922
164.58170199699998,nodeapiserver,10381,47.22,26.409203304529516,255688,243798
164.58170199699998,nodescheduler,11588,0.4,0.0,24352,11752
164.58170199699998,nodecontroller,11429,2.46,1.956237281817001,48156,35035
164.58170199699998,nodelet,10746,3.05,1.956237281817001,27092,13368
164.58170199699998,nodeproxy,11731,0.01,0.0,16264,5168
165.58689128200012,nodestore,10063,22.86,14.922562569892373,22880,12922
165.58689128200012,nodeapiserver,10381,47.53,30.83996264444424,255944,243998
165.58689128200012,nodescheduler,11588,0.41,0.9948375046594915,24352,11752
165.58689128200012,nodecontroller,11429,2.47,0.9948375046594915,48156,35035
165.58689128200012,nodelet,10746,3.07,1.989675009318983,27092,13368
165.58689128200012,nodeproxy,11731,0.01,0.0,16264,5168
166.59540950600012,nodestore,10063,23.01,14.873305849156385,22880,12922
166.59540950600012,nodeapiserver,10381,47.81,27.763504251758587,256200,244230
166.59540950600012,nodescheduler,11588,0.42,0.9915537232770922,24352,11752
166.59540950600012,nodecontroller,11429,2.48,0.9915537232770922,48156,35035
166.59540950600012,nodelet,10746,3.09,1.9831074465541845,27092,13368
166.59540950600012,nodeproxy,11731,0.01,0.0,16264,5168
167.6099404800002,nodestore,10063,23.14,12.813802962312474,22880,12922
167.6099404800002,nodeapiserver,10381,48.09,27.59896022651918,256200,244230
167.6099404800002,nodescheduler,11588,0.42,0.0,24352,11752
167.6099404800002,nodecontroller,11429,2.5,1.9713543018942268,48156,35035
167.6099404800002,nodelet,10746,3.11,1.9713543018942268,27092,13368
167.6099404800002,nodeproxy,11731,0.01,0.0,16264,5168
168.6146203400001,nodestore,10063,23.3,15.925471025169797,22880,12922
168.6146203400001,nodeapiserver,10381,48.41,31.850942050339594,256328,244426
168.6146203400001,nodescheduler,11588,0.42,0.0,24352,11752
168.6146203400001,nodecontroller,11429,2.52,1.9906838781462246,48156,35035
168.6146203400001,nodelet,10746,3.14,2.986025817219337,27092,13368
168.6146203400001,nodeproxy,11731,0.01,0.0,16264,5168
169.6203933710001,nodestore,10063,23.44,13.919641478237395,22880,12922
169.6203933710001,nodeapiserver,10381,48.67,25.850762745298017,256328,244426
169.6203933710001,nodescheduler,11588,0.42,0.0,24352,11752
169.6203933710001,nodecontroller,11429,2.54,1.9885202111767704,48156,35035
169.6203933710001,nodelet,10746,3.14,0.0,27092,13368
169.6203933710001,nodeproxy,11731,0.01,0.0,16264,5168
170.63687983800014,nodestore,10063,23.57,12.789152066497078,22880,12922
170.63687983800014,nodeapiserver,10381,48.95,27.545865989378324,256328,244426
170.63687983800014,nodescheduler,11588,0.42,0.0,24352,11752
170.63687983800014,nodecontroller,11429,2.55,0.983780928192083,48156,35035
170.63687983800014,nodelet,10746,3.17,2.9513427845762488,27092,13368
170.63687983800014,nodeproxy,11731,0.01,0.0,16264,5168
171.64216230400007,nodestore,10063,23.74,16.9106699608956,22880,12922
171.64216230400007,nodeapiserver,10381,49.29,33.8213399217912,256328,244426
171.64216230400007,nodescheduler,11588,0.43,0.9947452918173882,24352,11752
171.64216230400007,nodecontroller,11429,2.57,1.9894905836347765,48156,35035
171.64216230400007,nodelet,10746,3.18,0.9947452918173882,27092,13368
171.64216230400007,nodeproxy,11731,0.01,0.0,16264,5168
172.654245446,nodestore,10063,23.87,12.844794523808797,22880,12930
172.654245446,nodeapiserver,10381,49.55,25.689589047617595,256328,244426
172.654245446,nodescheduler,11588,0.43,0.0,24352,11752
172.654245446,nodecontroller,11429,2.57,0.0,48156,35035
172.654245446,nodelet,10746,3.2,1.9761222344321225,27092,13368
172.654245446,nodeproxy,11731,0.01,0.0,16264,5168
173.666459993,nodestore,10063,24.02,14.81899271696618,22880,12920
173.666459993,nodeapiserver,10381,49.86,30.625918281730108,256328,244424
173.666459993,nodescheduler,11588,0.43,0.0,24352,11750
173.666459993,nodecontroller,11429,2.6,2.9637985433932363,48156,35033
173.666459993,nodelet,10746,3.22,1.9758656955954907,27092,13366
173.666459993,nodeproxy,11731,0.01,0.0,16264,5166
174.67534548800018,nodestore,10063,24.17,14.86789142507915,22880,12922
174.67534548800018,nodeapiserver,10381,50.16,29.7357828501583,256712,244778
174.67534548800018,nodescheduler,11588,0.43,0.0,24352,11752
174.67534548800018,nodecontroller,11429,2.61,0.9911927616719434,48156,35039
174.67534548800018,nodelet,10746,3.24,1.9823855233438867,27092,13368
174.67534548800018,nodeproxy,11731,0.01,0.0,16264,5168
175.69054123,nodestore,10063,24.31,13.790443971348248,22880,12921
175.69054123,nodeapiserver,10381,50.39,22.65572938150069,256840,244921
175.69054123,nodescheduler,11588,0.43,0.0,24352,11751
175.69054123,nodecontroller,11429,2.62,0.9850317122391604,48156,35038
175.69054123,nodelet,10746,3.24,0.0,27092,13368
175.69054123,nodeproxy,11731,0.01,0.0,16264,5168
176.70338663000007,nodestore,10063,24.44,12.835127651267634,22880,12922
176.70338663000007,nodeapiserver,10381,50.68,28.63220783744318,256840,244922
176.70338663000007,nodescheduler,11588,0.43,0.0,24352,11752
176.70338663000007,nodecontroller,11429,2.64,1.9746350232719438,48156,35039
176.70338663000007,nodelet,10746,3.27,2.9619525349079154,27220,13408
176.70338663000007,nodeproxy,11731,0.01,0.0,16264,5168
177.70848136400014,nodestore,10063,24.6,15.918897451908174,22880,12922
177.70848136400014,nodeapiserver,10381,51.01,32.83272599456061,256840,244922
177.70848136400014,nodescheduler,11588,0.44,0.9949310907442609,24352,11752
177.70848136400014,nodecontroller,11429,2.66,1.9898621814885218,48156,35039
177.70848136400014,nodelet,10746,3.3,2.984793272232783,27220,13408
177.70848136400014,nodeproxy,11731,0.01,0.0,16264,5168
178.717536505,nodestore,10063,24.74,13.874365662641136,22880,12930
178.717536505,nodeapiserver,10381,51.26,24.775652969002024,257096,245168
178.717536505,nodescheduler,11588,0.45,0.991026118760081,24352,11751
178.717536505,nodecontroller,11429,2.67,0.991026118760081,48156,35038
178.717536505,nodelet,10746,3.3,0.0,27220,13408
178.717536505,nodeproxy,11731,0.01,0.0,16264,5168
179.77630523200014,nodestore,10063,24.89,14.167399940589652,22880,12922
179.77630523200014,nodeapiserver,10381,51.55,27.390306551806656,257096,245170
179.77630523200014,nodescheduler,11588,0.45,0.0,24352,11752
179.77630523200014,nodecontroller,11429,2.68,0.9444933293726435,48156,35039
179.77630523200014,nodelet,10746,3.33,2.8334799881179302,27220,13408
179.77630523200014,nodeproxy,11731,0.01,0.0,16264,5168
180.78062235900006,nodestore,10063,25.05,15.931222887530467,22880,12922
180.78062235900006,nodeapiserver,10381,51.87,31.862445775060934,257096,245170
180.78062235900006,nodescheduler,11588,0.45,0.0,24352,11752
180.78062235900006,nodecontroller,11429,2.7,1.9914028609413084,48156,35039
180.78062235900006,nodelet,10746,3.36,2.9871042914119625,27220,13408
180.78062235900006,nodeproxy,11731,0.01,0.0,16264,5168
181.7932926190001,nodestore,10063,25.18,12.837347469846067,22880,12922
181.7932926190001,nodeapiserver,10381,52.13,25.674694939692134,257224,245282
181.7932926190001,nodescheduler,11588,0.45,0.0,24352,11752
181.7932926190001,nodecontroller,11429,2.71,0.9874882669112359,48156,35039
181.7932926190001,nodelet,10746,3.36,0.0,27220,13408
181.7932926190001,nodeproxy,11731,0.01,0.0,16264,5168
182.799635071,nodestore,10063,25.33,14.905462817543453,22880,12926
182.799635071,nodeapiserver,10381,52.42,28.817228113917338,257224,245282
182.799635071,nodescheduler,11588,0.45,0.0,24352,11752
182.799635071,nodecontroller,11429,2.73,1.9873950423391271,48156,35039
182.799635071,nodelet,10746,3.38,1.9873950423391271,27220,13408
182.799635071,nodeproxy,11731,0.01,0.0,16264,5168
183.8084316620002,nodestore,10063,25.48,14.869201714022402,22880,12926
183.8084316620002,nodeapiserver,10381,52.72,29.738403428044805,257224,245282
183.8084316620002,nodescheduler,11588,0.46,0.9912801142681601,24352,11752
183.8084316620002,nodecontroller,11429,2.75,1.9825602285363202,48156,35039
183.8084316620002,nodelet,10746,3.4,1.9825602285363202,27220,13416
183.8084316620002,nodeproxy,11731,0.01,0.0,16264,5168
184.83152522500018,nodestore,10063,25.63,14.661415673475767,22880,12922
184.83152522500018,nodeapiserver,10381,52.97,24.43569278912628,257224,245282
184.83152522500018,nodescheduler,11588,0.46,0.0,24352,11752
184.83152522500018,nodecontroller,11429,2.76,0.9774277115650511,48156,35063
184.83152522500018,nodelet,10746,3.42,1.9548554231301023,27220,13416
184.83152522500018,nodeproxy,11731,0.01,0.0,16264,5168
185.84050584400006,nodestore,10063,25.78,14.866489719959333,22880,12930
185.84050584400006,nodeapiserver,10381,53.28,30.72407875458262,257352,245422
185.84050584400006,nodescheduler,11588,0.46,0.0,24352,11768
185.84050584400006,nodecontroller,11429,2.77,0.9910993146639555,48156,35087
185.84050584400006,nodelet,10746,3.44,1.982198629327911,27220,13416
185.84050584400006,nodeproxy,11731,0.01,0.0,16264,5168
186.852384197,nodestore,10063,25.92,13.835655203507434,22880,12934
186.852384197,nodeapiserver,10381,53.56,27.671310407014868,257608,245602
186.852384197,nodescheduler,11588,0.46,0.0,24352,11768
186.852384197,nodecontroller,11429,2.79,1.9765221719296333,48156,35095
186.852384197,nodelet,10746,3.47,2.96478325789445,27220,13416
186.852384197,nodeproxy,11731,0.01,0.0,16264,5168
187.86387125400006,nodestore,10063,26.06,13.841007557251487,22880,12922
187.86387125400006,nodeapiserver,10381,53.82,25.704728320609902,257608,245602
187.86387125400006,nodescheduler,11588,0.46,0.0,24352,11768
187.86387125400006,nodecontroller,11429,2.8,0.9886433969465347,48156,35095
187.86387125400006,nodelet,10746,3.48,0.9886433969465347,27220,13416
187.86387125400006,nodeproxy,11731,0.01,0.0,16264,5168
188.87399494800002,nodestore,10063,26.21,14.849666520148594,22880,12922
188.87399494800002,nodeapiserver,10381,54.14,31.679288576317,257736,245742
188.87399494800002,nodescheduler,11588,0.47,0.9899777680099062,24352,11768
188.87399494800002,nodecontroller,11429,2.83,2.969933304029719,48284,35111
188.87399494800002,nodelet,10746,3.51,2.969933304029719,27220,13416
188.87399494800002,nodeproxy,11731,0.01,0.0,16264,5168
189.88122400300017,nodestore,10063,26.35,13.899519608276075,22880,12922
189.88122400300017,nodeapiserver,10381,54.41,26.80621638738957,257736,245742
189.88122400300017,nodescheduler,11588,0.47,0.0,24352,11768
189.88122400300017,nodecontroller,11429,2.84,0.9928228291625767,48284,35111
189.88122400300017,nodelet,10746,3.51,0.0,27220,13416
189.88122400300017,nodeproxy,11731,0.01,0.0,16264,5168
190.89241668900013,nodestore,10063,26.49,13.845036849881424,22880,12922
190.89241668900013,nodeapiserver,10381,54.66,24.72328008907397,257736,245742
190.89241668900013,nodescheduler,11588,0.47,0.0,24352,11768
190.89241668900013,nodecontroller,11429,2.85,0.9889312035629588,48284,35111
190.89241668900013,nodelet,10746,3.53,1.9778624071259177,27220,13416
190.89241668900013,nodeproxy,11731,0.01,0.0,16264,5168
191.89776164400018,nodestore,10063,26.64,14.920251924872074,22880,12922
191.89776164400018,nodeapiserver,10381,54.97,30.835187311402287,257864,245894
191.89776164400018,nodescheduler,11588,0.47,0.0,24352,11768
191.89776164400018,nodecontroller,11429,2.87,1.9893669233162765,48284,35111
191.89776164400018,nodelet,10746,3.56,2.984050384974415,27220,13416
191.89776164400018,nodeproxy,11731,0.01,0.0,16264,5168
192.90983751900012,nodestore,10063,26.77,12.844886753180251,22880,12922
192.90983751900012,nodeapiserver,10381,55.23,25.689773506360503,257864,245894
192.90983751900012,nodescheduler,11588,0.47,0.0,24352,11768
192.90983751900012,nodecontroller,11429,2.88,0.9880682117830962,48284,35111
192.90983751900012,nodelet,10746,3.57,0.9880682117830962,27220,13416
192.90983751900012,nodeproxy,11731,0.01,0.0,16264,5168
193.9186289610002,nodestore,10063,26.91,13.877992434435194,22880,12922
193.9186289610002,nodeapiserver,10381,55.5,26.76469969498216,257864,245894
193.9186289610002,nodescheduler,11588,0.48,0.991285173888228,24352,11768
193.9186289610002,nodecontroller,11429,2.89,0.991285173888228,48284,35119
193.9186289610002,nodelet,10746,3.58,0.991285173888228,27220,13416
193.9186289610002,nodeproxy,11731,0.01,0.0,16264,5168
194.92535601500003,nodestore,10063,27.07,15.893086349900118,22880,12922
194.92535601500003,nodeapiserver,10381,55.82,31.786172699800236,257864,245894
194.92535601500003,nodescheduler,11588,0.48,0.0,24352,11768
194.92535601500003,nodecontroller,11429,2.91,1.9866357937375148,48284,35119
194.92535601500003,nodelet,10746,3.61,2.9799536906062722,27220,13420
194.92535601500003,nodeproxy,11731,0.01,0.0,16264,5168
195.9417656940002,nodestore,10063,27.21,13.773973516044968,22880,12930
195.9417656940002,nodeapiserver,10381,56.1,27.547947032089937,257864,245894
195.9417656940002,nodescheduler,11588,0.49,0.983855251146069,24352,11767
195.9417656940002,nodecontroller,11429,2.93,1.967710502292138,48284,35119
195.9417656940002,nodelet,10746,3.63,1.967710502292138,27220,13420
195.9417656940002,nodeproxy,11731,0.01,0.0,16264,5168
196.9570719100002,nodestore,10063,27.36,14.773867985459093,22880,12922
196.9570719100002,nodeapiserver,10381,56.39,28.56281143855424,257864,245894
196.9570719100002,nodescheduler,11588,0.49,0.0,24352,11768
196.9570719100002,nodecontroller,11429,2.94,0.9849245323639395,48284,35119
196.9570719100002,nodelet,10746,3.65,1.969849064727879,27220,13420
196.9570719100002,nodeproxy,11731,0.01,0.0,16264,5168
197.96263917800002,nodestore,10063,27.52,15.911416877983369,22880,12930
197.96263917800002,nodeapiserver,10381,56.71,31.822833755966737,257864,245894
197.96263917800002,nodescheduler,11588,0.49,0.0,24352,11768
197.96263917800002,nodecontroller,11429,2.96,1.988927109747921,48284,35123
197.96263917800002,nodelet,10746,3.67,1.988927109747921,27220,13420
197.96263917800002,nodeproxy,11731,0.01,0.0,16264,5168
198.97288037300018,nodestore,10063,27.66,13.858076733841518,22880,12930
198.97288037300018,nodeapiserver,10381,56.96,24.74656559614556,257864,245894
198.97288037300018,nodescheduler,11588,0.49,0.0,24352,11768
198.97288037300018,nodecontroller,11429,2.97,0.9898626238458226,48284,35123
198.97288037300018,nodelet,10746,3.69,1.9797252476916452,27220,13420
198.97288037300018,nodeproxy,11731,0.01,0.0,16264,5168
200.00185694800007,nodestore,10063,27.81,14.57759133146606,22880,12922
200.00185694800007,nodeapiserver,10381,57.27,30.127022085029857,257864,245894
200.00185694800007,nodescheduler,11588,0.49,0.0,24352,11768
200.00185694800007,nodecontroller,11429,2.99,1.9436788441954747,48284,35123
200.00185694800007,nodelet,10746,3.7,0.9718394220977373,27220,13420
200.00185694800007,nodeproxy,11731,0.01,0.0,16264,5168
201.00612762700007,nodestore,10063,27.97,15.93195971421962,22880,12930
201.00612762700007,nodeapiserver,10381,57.58,30.86817194630051,257864,245894
201.00612762700007,nodescheduler,11588,0.5,0.9957474821387262,24352,11768
201.00612762700007,nodecontroller,11429,3.0,0.9957474821387262,48284,35123
201.00612762700007,nodelet,10746,3.73,2.9872424464161784,27220,13420
201.00612762700007,nodeproxy,11731,0.01,0.0,16264,5168
202.010633159,nodestore,10063,28.09,11.946176121208984,22880,12922
202.010633159,nodeapiserver,10381,57.82,23.892352242417967,257864,245893
202.010633159,nodescheduler,11588,0.5,0.0,24352,11767
202.010633159,nodecontroller,11429,3.02,1.9910293535348307,48284,35123
202.010633159,nodelet,10746,3.73,0.0,27220,13420
202.010633159,nodeproxy,11731,0.01,0.0,16264,5168
203.01856155100018,nodestore,10063,28.24,14.882009594187037,22880,12922
203.01856155100018,nodeapiserver,10381,58.09,26.787617269536668,257864,245894
203.01856155100018,nodescheduler,11588,0.5,0.0,24352,11768
203.01856155100018,nodecontroller,11429,3.03,0.9921339729458024,48284,35123
203.01856155100018,nodelet,10746,3.75,1.9842679458916048,27220,13420
203.01856155100018,nodeproxy,11731,0.01,0.0,16264,5168
204.02674999400006,nodestore,10063,28.39,14.878170945272155,22880,12922
204.02674999400006,nodeapiserver,10381,58.4,30.748219953562455,257864,245894
204.02674999400006,nodescheduler,11588,0.5,0.0,24352,11768
204.02674999400006,nodecontroller,11429,3.04,0.9918780630181437,48284,35123
204.02674999400006,nodelet,10746,3.78,2.975634189054431,27220,13420
204.02674999400006,nodeproxy,11731,0.01,0.0,16264,5168
205.04366145500012,nodestore,10063,28.53,13.767176924362671,23008,12926
205.04366145500012,nodeapiserver,10381,58.66,25.5676142881021,258376,246345
205.04366145500012,nodescheduler,11588,0.5,0.0,24352,11767
205.04366145500012,nodecontroller,11429,3.06,1.9667395606232383,48284,35122
205.04366145500012,nodelet,10746,3.79,0.9833697803116191,27220,13420
205.04366145500012,nodeproxy,11731,0.01,0.0,16264,5168
206.05165773300018,nodestore,10063,28.67,13.888940173248448,23008,12922
206.05165773300018,nodeapiserver,10381,58.97,30.754081812192986,258376,246346
206.05165773300018,nodescheduler,11588,0.5,0.0,24352,11768
206.05165773300018,nodecontroller,11429,3.07,0.9920671552320318,48284,35131
206.05165773300018,nodelet,10746,3.81,1.9841343104640636,27220,13420
206.05165773300018,nodeproxy,11731,0.01,0.0,16264,5168
207.06263364000006,nodestore,10063,28.84,16.815435345485547,23008,12922
207.06263364000006,nodeapiserver,10381,59.3,32.6417274353543,258376,246346
207.06263364000006,nodescheduler,11588,0.51,0.989143255616797,24352,11768
207.06263364000006,nodecontroller,11429,3.09,1.978286511233594,48284,35131
207.06263364000006,nodelet,10746,3.84,2.967429766850391,27220,13420
207.06263364000006,nodeproxy,11731,0.01,0.0,16264,5168
208.07570462500007,nodestore,10063,28.97,12.83226959658689,23008,12922
208.07570462500007,nodeapiserver,10381,59.56,25.66453919317378,258632,246601
208.07570462500007,nodescheduler,11588,0.51,0.0,24352,11767
208.07570462500007,nodecontroller,11429,3.1,0.9870976612759146,48284,35130
208.07570462500007,nodelet,10746,3.84,0.0,27220,13420
208.07570462500007,nodeproxy,11731,0.01,0.0,16264,5168
209.09189042000003,nodestore,10063,29.13,15.74515219433932,23008,12922
209.09189042000003,nodeapiserver,10381,59.86,29.522160364386224,258632,246602
209.09189042000003,nodescheduler,11588,0.51,0.0,24352,11768
209.09189042000003,nodecontroller,11429,3.12,1.968144024292415,48284,35131
209.09189042000003,nodelet,10746,3.87,2.9522160364386227,27220,13424
209.09189042000003,nodeproxy,11731,0.01,0.0,16264,5168
210.0999285700002,nodestore,10063,29.29,15.872415146189876,23008,12922
210.0999285700002,nodeapiserver,10381,60.17,30.752804345742888,258632,246602
210.0999285700002,nodescheduler,11588,0.52,0.9920259466368673,24352,11768
210.0999285700002,nodecontroller,11429,3.13,0.9920259466368673,48284,35131
210.0999285700002,nodelet,10746,3.89,1.9840518932737345,27220,13428
210.0999285700002,nodeproxy,11731,0.01,0.0,16264,5168
211.12947357000007,nodestore,10063,29.42,12.626937142137187,23008,12922
211.12947357000007,nodeapiserver,10381,60.41,23.311268570099422,258632,246602
211.12947357000007,nodescheduler,11588,0.52,0.0,24352,11767
211.12947357000007,nodecontroller,11429,3.15,1.9426057141749518,48284,35131
211.12947357000007,nodelet,10746,3.9,0.9713028570874759,27220,13428
211.12947357000007,nodeproxy,11731,0.01,0.0,16264,5168
212.1420007910001,nodestore,10063,29.58,15.8020442988165,23008,12922
212.1420007910001,nodeapiserver,10381,60.73,31.604088597633,258632,246602
212.1420007910001,nodescheduler,11588,0.52,0.0,24352,11768
212.1420007910001,nodecontroller,11429,3.16,0.9876277686760313,48284,35131
212.1420007910001,nodelet,10746,3.92,1.9752555373520626,27220,13428
212.1420007910001,nodeproxy,11731,0.01,0.0,16264,5168
213.14767814900006,nodestore,10063,29.73,14.915320386481882,23008,12922
213.14767814900006,nodeapiserver,10381,61.02,28.836286080531636,258632,246602
213.14767814900006,nodescheduler,11588,0.53,0.9943546924321255,24352,11768
213.14767814900006,nodecontroller,11429,3.18,1.988709384864251,48284,35131
213.14767814900006,nodelet,10746,3.95,2.9830640772963766,27220,13428
213.14767814900006,nodeproxy,11731,0.01,0.0,16264,5168
214.15444611600014,nodestore,10063,29.86,12.91260789587565,23008,12922
214.15444611600014,nodeapiserver,10381,61.27,24.831938261299328,258632,246602
214.15444611600014,nodescheduler,11588,0.53,0.0,24352,11768
214.15444611600014,nodecontroller,11429,3.19,0.9932775304519731,48284,35131
214.15444611600014,nodelet,10746,3.95,0.0,27220,13428
214.15444611600014,nodeproxy,11731,0.01,0.0,16264,5168
215.1642587790002,nodestore,10063,30.03,16.834805724751735,23008,12922
215.1642587790002,nodeapiserver,10381,61.61,33.66961144950347,258632,246602
215.1642587790002,nodescheduler,11588,0.53,0.0,24352,11768
215.1642587790002,nodecontroller,11429,3.2,0.9902826896912784,48412,35143
215.1642587790002,nodelet,10746,3.97,1.9805653793825568,27220,13428
215.1642587790002,nodeproxy,11731,0.01,0.0,16264,5168
216.16964536500018,nodestore,10063,30.18,14.919634107790065,23008,12922
216.16964536500018,nodeapiserver,10381,61.9,28.844625941727454,258632,246602
216.16964536500018,nodescheduler,11588,0.53,0.0,24352,11768
216.16964536500018,nodecontroller,11429,3.22,1.989284547705342,48412,35143
216.16964536500018,nodelet,10746,3.99,1.989284547705342,27220,13428
216.16964536500018,nodeproxy,11731,0.01,0.0,16264,5168
217.1754112650001,nodestore,10063,30.32,13.919740170154096,23008,12922
217.1754112650001,nodeapiserver,10381,62.17,26.84521318529718,258632,246602
217.1754112650001,nodescheduler,11588,0.53,0.0,24352,11768
217.1754112650001,nodecontroller,11429,3.24,1.9885343100220134,48412,35143
217.1754112650001,nodelet,10746,4.01,1.9885343100220134,27220,13508
217.1754112650001,nodeproxy,11731,0.01,0.0,16264,5168
218.1800578980001,nodestore,10063,30.48,15.92599773337429,23008,12922
218.1800578980001,nodeapiserver,10381,62.48,30.856620608412683,258632,246602
218.1800578980001,nodescheduler,11588,0.53,0.0,24352,11768
218.1800578980001,nodecontroller,11429,3.25,0.9953748583358931,48412,35143
218.1800578980001,nodelet,10746,4.04,2.986124575007679,27220,13508
218.1800578980001,nodeproxy,11731,0.01,0.0,16264,5168
219.18705455300005,nodestore,10063,30.63,14.89577937078699,23008,12922
219.18705455300005,nodeapiserver,10381,62.76,27.80545482546905,258888,246846
219.18705455300005,nodescheduler,11588,0.53,0.0,24352,11768
219.18705455300005,nodecontroller,11429,3.27,1.9861039161049319,48412,35143
219.18705455300005,nodelet,10746,4.05,0.9930519580524659,27220,13508
219.18705455300005,nodeproxy,11731,0.01,0.0,16264,5168
220.1939480200001,nodestore,10063,30.77,13.904152185743841,23008,12922
220.1939480200001,nodeapiserver,10381,63.03,26.815150643934548,258888,246846
220.1939480200001,nodescheduler,11588,0.55,1.986307455106263,24352,11768
220.1939480200001,nodecontroller,11429,3.29,1.986307455106263,48412,35143
220.1939480200001,nodelet,10746,4.07,1.986307455106263,27220,13508
220.1939480200001,nodeproxy,11731,0.01,0.0,16264,5168
221.199614676,nodestore,10063,30.93,15.909844384859015,23008,12922
221.199614676,nodeapiserver,10381,63.35,31.81968876971803,259144,247214
221.199614676,nodescheduler,11588,0.55,0.0,24352,11768
221.199614676,nodecontroller,11429,3.3,0.9943652740536885,48412,35143
221.199614676,nodelet,10746,4.09,1.988730548107377,27220,13500
221.199614676,nodeproxy,11731,0.01,0.0,16264,5168
222.20685435100017,nodestore,10063,31.07,13.89937305636587,23008,12922
222.20685435100017,nodeapiserver,10381,63.62,26.805933751562748,259656,247734
222.20685435100017,nodescheduler,11588,0.55,0.0,24352,11768
222.20685435100017,nodecontroller,11429,3.31,0.9928123611689906,48412,35187
222.20685435100017,nodelet,10746,4.1,0.9928123611689906,27220,13504
222.20685435100017,nodeproxy,11731,0.01,0.0,16264,5168
223.214658548,nodestore,10063,31.21,13.891587315946241,23008,12922
223.214658548,nodeapiserver,10381,63.89,26.790918395039174,259656,247734
223.214658548,nodescheduler,11588,0.55,0.0,24352,11768
223.214658548,nodecontroller,11429,3.33,1.9845124737066056,48412,35187
223.214658548,nodelet,10746,4.12,1.9845124737066056,27220,13504
223.214658548,nodeproxy,11731,0.01,0.0,16264,5168
224.2276382330001,nodestore,10063,31.38,16.78217268493199,23008,12922
224.2276382330001,nodeapiserver,10381,64.23,33.56434536986398,259656,247734
224.2276382330001,nodescheduler,11588,0.55,0.0,24352,11768
224.2276382330001,nodecontroller,11429,3.34,0.9871866285254112,48412,35187
224.2276382330001,nodelet,10746,4.14,1.9743732570508223,27220,13504
224.2276382330001,nodeproxy,11731,0.01,0.0,16264,5168
225.23465414200018,nodestore,10063,31.52,13.902461594575433,23008,12922
225.23465414200018,nodeapiserver,10381,64.5,26.81189021810976,259656,247734
225.23465414200018,nodescheduler,11588,0.55,0.0,24352,11768
225.23465414200018,nodecontroller,11429,3.36,1.9860659420822044,48412,35187
225.23465414200018,nodelet,10746,4.16,1.9860659420822044,27220,13504
225.23465414200018,nodeproxy,11731,0.01,0.0,16264,5168
226.247003877,nodestore,10063,31.67,14.817013806007195,23008,12922
226.247003877,nodeapiserver,10381,64.79,28.646226691613908,259656,247734
226.247003877,nodescheduler,11588,0.56,0.9878009204004796,24352,11768
226.247003877,nodecontroller,11429,3.37,0.9878009204004796,48412,35187
226.247003877,nodelet,10746,4.18,1.9756018408009592,27220,13508
226.247003877,nodeproxy,11731,0.01,0.0,16264,5168
227.2538583720002,nodestore,10063,31.84,16.88426687710885,23008,12922
227.2538583720002,nodeapiserver,10381,65.11,31.78214941573431,259656,247734
227.2538583720002,nodescheduler,11588,0.56,0.0,24352,11768
227.2538583720002,nodecontroller,11429,3.39,1.9863843384833944,48412,35187
227.2538583720002,nodelet,10746,4.21,2.9795765077250915,27220,13548
227.2538583720002,nodeproxy,11731,0.01,0.0,16264,5168
228.26162222000016,nodestore,10063,31.97,12.899847544442194,23008,12922
228.26162222000016,nodeapiserver,10381,65.36,24.807399123927294,259656,247733
228.26162222000016,nodescheduler,11588,0.56,0.0,24352,11767
228.26162222000016,nodecontroller,11429,3.4,0.9922959649570918,48412,35186
228.26162222000016,nodelet,10746,4.21,0.0,27220,13548
228.26162222000016,nodeproxy,11731,0.01,0.0,16264,5168
229.27599781100002,nodestore,10063,32.12,14.787422068402318,23008,12922
229.27599781100002,nodeapiserver,10381,65.66,29.574844136804636,259656,247734
229.27599781100002,nodescheduler,11588,0.56,0.0,24352,11768
229.27599781100002,nodecontroller,11429,3.42,1.9716562757869758,48412,35187
229.27599781100002,nodelet,10746,4.24,2.9574844136804637,27220,13548
229.27599781100002,nodeproxy,11731,0.01,0.0,16264,5168
230.28362551200007,nodestore,10063,32.28,15.878880646215242,23008,12922
230.28362551200007,nodeapiserver,10381,65.98,31.757761292430484,259784,247850
230.28362551200007,nodescheduler,11588,0.56,0.0,24352,11768
230.28362551200007,nodecontroller,11429,3.43,0.9924300403884526,48412,35187
230.28362551200007,nodelet,10746,4.27,2.9772901211653577,27220,13548
230.28362551200007,nodeproxy,11731,0.01,0.0,16264,5168
231.29348504400014,nodestore,10063,32.41,12.873077480640323,23008,12922
231.29348504400014,nodeapiserver,10381,66.21,22.775444773440572,259784,247850
231.29348504400014,nodescheduler,11588,0.57,0.9902367292800248,24352,11768
231.29348504400014,nodecontroller,11429,3.45,1.9804734585600496,48412,35187
231.29348504400014,nodelet,10746,4.27,0.0,27220,13548
231.29348504400014,nodeproxy,11731,0.01,0.0,16264,5168
232.35382363000008,nodestore,10063,32.57,15.089519716866036,23008,12922
232.35382363000008,nodeapiserver,10381,66.53,30.179039433732072,259784,247850
232.35382363000008,nodescheduler,11588,0.57,0.0,24352,11768
232.35382363000008,nodecontroller,11429,3.46,0.9430949823041272,48412,35187
232.35382363000008,nodelet,10746,4.29,1.8861899646082545,27220,13548
232.35382363000008,nodeproxy,11731,0.01,0.0,16264,5168
233.35762353300015,nodestore,10063,32.73,15.939431705642289,23008,12922
233.35762353300015,nodeapiserver,10381,66.84,30.882648929681935,259784,247850
233.35762353300015,nodescheduler,11588,0.57,0.0,24352,11768
233.35762353300015,nodecontroller,11429,3.48,1.992428963205286,48412,35187
233.35762353300015,nodelet,10746,4.32,2.988643444807929,27220,13548
233.35762353300015,nodeproxy,11731,0.01,0.0,16264,5168
234.36374624600012,nodestore,10063,32.86,12.920889104309898,23008,12922
234.36374624600012,nodeapiserver,10381,67.08,23.853949115649044,259912,247945
234.36374624600012,nodescheduler,11588,0.58,0.9939145464853768,24352,11767
234.36374624600012,nodecontroller,11429,3.5,1.9878290929707536,48412,35187
234.36374624600012,nodelet,10746,4.32,0.0,27220,13548
234.36374624600012,nodeproxy,11731,0.01,0.0,16264,5168
235.383666125,nodestore,10063,33.01,14.707037590745777,23008,12922
235.383666125,nodeapiserver,10381,67.38,29.414075181491555,259912,247946
235.383666125,nodescheduler,11588,0.58,0.0,24352,11768
235.383666125,nodecontroller,11429,3.51,0.9804691727163852,48412,35187
235.383666125,nodelet,10746,4.35,2.9414075181491555,27220,13548
235.383666125,nodeproxy,11731,0.01,0.0,16264,5168
236.3904936580002,nodestore,10063,33.18,16.884719023666722,23008,12922
236.3904936580002,nodeapiserver,10381,67.72,33.769438047333445,259912,247946
236.3904936580002,nodescheduler,11588,0.59,0.9932187660980425,24352,11768
236.3904936580002,nodecontroller,11429,3.52,0.9932187660980425,48412,35187
236.3904936580002,nodelet,10746,4.38,2.9796562982941275,27220,13556
236.3904936580002,nodeproxy,11731,0.01,0.0,16264,5168
237.40023620500006,nodestore,10063,33.31,12.874568907317526,23008,12922
237.40023620500006,nodeapiserver,10381,67.93,20.79738054258985,259912,247946
237.40023620500006,nodescheduler,11588,0.59,0.0,24352,11768
237.40023620500006,nodecontroller,11429,3.54,1.980702908818081,48412,35187
237.40023620500006,nodelet,10746,4.38,0.0,27220,13556
237.40023620500006,nodeproxy,11731,0.01,0.0,16264,5168
238.40738163000015,nodestore,10063,33.47,15.886484317792114,23008,12922
238.40738163000015,nodeapiserver,10381,68.25,31.772968635584228,259912,247946
238.40738163000015,nodescheduler,11588,0.59,0.0,24352,11768
238.40738163000015,nodecontroller,11429,3.56,1.9858105397240142,48412,35187
238.40738163000015,nodelet,10746,4.41,2.9787158095860216,27220,13556
238.40738163000015,nodeproxy,11731,0.01,0.0,16264,5168
239.41663179600005,nodestore,10063,33.64,16.84418846060577,23008,12922
239.41663179600005,nodeapiserver,10381,68.58,32.69754230588179,260040,248077
239.41663179600005,nodescheduler,11588,0.59,0.0,24352,11768
239.41663179600005,nodecontroller,11429,3.57,0.9908346153297511,48412,35191
239.41663179600005,nodelet,10746,4.43,1.9816692306595023,27220,13556
239.41663179600005,nodeproxy,11731,0.01,0.0,16264,5168
240.42533135100007,nodestore,10063,33.77,12.887881168937096,23008,12922
240.42533135100007,nodeapiserver,10381,68.82,23.793011388806946,260040,248078
240.42533135100007,nodescheduler,11588,0.59,0.0,24352,11768
240.42533135100007,nodecontroller,11429,3.58,0.9913754745336227,48412,35191
240.42533135100007,nodelet,10746,4.44,0.9913754745336227,27220,13556
240.42533135100007,nodeproxy,11731,0.01,0.0,16264,5168
241.4386897060001,nodestore,10063,33.96,18.749537028289772,23008,12922
241.4386897060001,nodeapiserver,10381,69.21,38.485891794910586,260040,248078
241.4386897060001,nodescheduler,11588,0.6,0.9868177383310407,24352,11768
241.4386897060001,nodecontroller,11429,3.6,1.9736354766620814,48412,35191
241.4386897060001,nodelet,10746,4.47,2.9604532149931218,27220,13564
241.4386897060001,nodeproxy,11731,0.01,0.0,16264,5168
242.449697151,nodestore,10063,34.09,12.858461195605958,23008,12922
242.449697151,nodeapiserver,10381,69.47,25.716922391211916,260296,248297
242.449697151,nodescheduler,11588,0.6,0.0,24352,11767
242.449697151,nodecontroller,11429,3.62,1.9782247993239936,48412,35190
242.449697151,nodelet,10746,4.49,1.9782247993239936,27220,13564
242.449697151,nodeproxy,11731,0.01,0.0,16264,5168
243.4636193460001,nodestore,10063,34.25,15.78030353699751,23008,12922
243.4636193460001,nodeapiserver,10381,69.77,29.58806913187033,260296,248298
243.4636193460001,nodescheduler,11588,0.6,0.0,24352,11768
243.4636193460001,nodecontroller,11429,3.63,0.9862689710623443,48412,35191
243.4636193460001,nodelet,10746,4.51,1.9725379421246887,27220,13568
243.4636193460001,nodeproxy,11731,0.01,0.0,16264,5168
244.46840674700002,nodestore,10063,34.42,16.91900195313175,23008,12934
244.46840674700002,nodeapiserver,10381,70.08,30.85229767924025,260296,248298
244.46840674700002,nodescheduler,11588,0.61,0.9952354090077501,24352,11792
244.46840674700002,nodecontroller,11429,3.65,1.9904708180155002,48412,35271
244.46840674700002,nodelet,10746,4.53,1.9904708180155002,27220,13568
244.46840674700002,nodeproxy,11731,0.01,0.0,16264,5168
245.4743631580002,nodestore,10063,34.56,13.917104008592707,23008,12934
245.4743631580002,nodeapiserver,10381,70.33,24.851971443915545,260552,248553
245.4743631580002,nodescheduler,11588,0.61,0.0,24352,11795
245.4743631580002,nodecontroller,11429,3.67,1.9881577155132437,48412,35271
245.4743631580002,nodelet,10746,4.54,0.9940788577566219,27220,13568
245.4743631580002,nodeproxy,11731,0.01,0.0,16264,5168
246.48007981800015,nodestore,10063,34.71,14.914737516628758,23008,12934
246.48007981800015,nodeapiserver,10381,70.63,29.829475033257516,260552,248554
246.48007981800015,nodescheduler,11588,0.61,0.0,24352,11796
246.48007981800015,nodecontroller,11429,3.68,0.9943158344419172,48412,35275
246.48007981800015,nodelet,10746,4.57,2.9829475033257515,27220,13568
246.48007981800015,nodeproxy,11731,0.01,0.0,16264,5168
247.4857548110001,nodestore,10063,34.87,15.909712492971062,23008,12934
247.4857548110001,nodeapiserver,10381,70.94,30.825067955131434,260552,248554
247.4857548110001,nodescheduler,11588,0.61,0.0,24352,11796
247.4857548110001,nodecontroller,11429,3.7,1.9887140616213828,48412,35275
247.4857548110001,nodelet,10746,4.59,1.9887140616213828,27220,13568
247.4857548110001,nodeproxy,11731,0.01,0.0,16264,5168
248.4913854580002,nodestore,10063,34.99,11.932810556040002,23008,12934
248.4913854580002,nodeapiserver,10381,71.15,20.882418473070004,260808,248778
248.4913854580002,nodescheduler,11588,0.61,0.0,24352,11796
248.4913854580002,nodecontroller,11429,3.71,0.9944008796700001,48412,35275
248.4913854580002,nodelet,10746,4.59,0.0,27220,13568
248.4913854580002,nodeproxy,11731,0.01,0.0,16264,5168
249.4991912920002,nodestore,10063,35.14,14.883819376659666,23008,12934
249.4991912920002,nodeapiserver,10381,71.44,28.77538412820868,260808,248778
249.4991912920002,nodescheduler,11588,0.61,0.0,24352,11796
249.4991912920002,nodecontroller,11429,3.72,0.9922546251106443,48412,35279
249.4991912920002,nodelet,10746,4.62,2.976763875331933,27220,13568
249.4991912920002,nodeproxy,11731,0.01,0.0,16264,5172
250.510102663,nodestore,10063,35.29,14.838096029293823,23008,12934
250.510102663,nodeapiserver,10381,71.75,30.66539846054057,260936,248902
250.510102663,nodescheduler,11588,0.61,0.0,24352,11796
250.510102663,nodecontroller,11429,3.73,0.9892064019529215,48412,35279
250.510102663,nodelet,10746,4.64,1.978412803905843,27220,13568
250.510102663,nodeproxy,11731,0.01,0.0,16264,5172
251.521013606,nodestore,10063,35.41,11.87048184916128,23008,12934
251.521013606,nodeapiserver,10381,71.96,20.77334323603224,260936,248902
251.521013606,nodescheduler,11588,0.61,0.0,24352,11796
251.521013606,nodecontroller,11429,3.74,0.9892068207634399,48412,35279
251.521013606,nodelet,10746,4.64,0.0,27220,13568
251.521013606,nodeproxy,11731,0.01,0.0,16264,5172
252.5371899600002,nodestore,10063,35.58,16.72937963285506,23008,12934
252.5371899600002,nodeapiserver,10381,72.29,32.474678110836294,260936,248902
252.5371899600002,nodescheduler,11588,0.62,0.984081154873827,24352,11796
252.5371899600002,nodecontroller,11429,3.77,2.952243464621481,48540,35323
252.5371899600002,nodelet,10746,4.67,2.952243464621481,27220,13568
252.5371899600002,nodeproxy,11731,0.01,0.0,16264,5172
253.54562997800008,nodestore,10063,35.72,13.882828676084683,23008,12934
253.54562997800008,nodeapiserver,10381,72.58,28.757287971889692,261192,249170
253.54562997800008,nodescheduler,11588,0.62,0.0,24352,11796
253.54562997800008,nodecontroller,11429,3.78,0.9916306197203344,48540,35327
253.54562997800008,nodelet,10746,4.69,1.9832612394406688,27220,13568
253.54562997800008,nodeproxy,11731,0.01,0.0,16264,5172
254.5542983490002,nodestore,10063,35.87,14.871091858592964,23008,12934
254.5542983490002,nodeapiserver,10381,72.83,24.785153097654938,261192,249170
254.5542983490002,nodescheduler,11588,0.62,0.0,24352,11796
254.5542983490002,nodecontroller,11429,3.8,1.982812247812395,48540,35327
254.5542983490002,nodelet,10746,4.7,0.9914061239061975,27220,13568
254.5542983490002,nodeproxy,11731,0.01,0.0,16264,5172
255.5604896110001,nodestore,10063,36.03,15.90154934182042,23008,12934
255.5604896110001,nodeapiserver,10381,73.14,30.809251849777063,261192,249170
255.5604896110001,nodescheduler,11588,0.62,0.0,24352,11796
255.5604896110001,nodecontroller,11429,3.81,0.9938468338637763,48540,35327
255.5604896110001,nodelet,10746,4.72,1.9876936677275525,27220,13576
255.5604896110001,nodeproxy,11731,0.01,0.0,16264,5172
256.56625788400015,nodestore,10063,36.18,14.913972137197389,23008,12934
256.56625788400015,nodeapiserver,10381,73.45,30.82220908354127,261192,249170
256.56625788400015,nodescheduler,11588,0.63,0.9942648091464926,24352,11796
256.56625788400015,nodecontroller,11429,3.82,0.9942648091464926,48540,35327
256.56625788400015,nodelet,10746,4.75,2.9827944274394778,27220,13600
256.56625788400015,nodeproxy,11731,0.01,0.0,16264,5172
257.5730852900001,nodestore,10063,36.35,16.884721153489075,23008,12934
257.5730852900001,nodeapiserver,10381,73.77,31.783004524214725,261192,249170
257.5730852900001,nodescheduler,11588,0.63,0.0,24352,11796
257.5730852900001,nodecontroller,11429,3.84,1.9864377827634203,48540,35339
257.5730852900001,nodelet,10746,4.77,1.9864377827634203,27220,13600
257.5730852900001,nodeproxy,11731,0.01,0.0,16264,5172
258.57735792000017,nodestore,10063,36.5,14.93618321550704,23008,12934
258.57735792000017,nodeapiserver,10381,74.07,29.87236643101408,261192,249198
258.57735792000017,nodescheduler,11588,0.63,0.0,24352,11796
258.57735792000017,nodecontroller,11429,3.85,0.9957455477004693,48540,35343
258.57735792000017,nodelet,10746,4.79,1.9914910954009386,27220,13600
258.57735792000017,nodeproxy,11731,0.01,0.0,16264,5172
259.58347367600004,nodestore,10063,36.64,13.914899867646824,23008,12934
259.58347367600004,nodeapiserver,10381,74.31,23.854114058823125,261704,249713
259.58347367600004,nodescheduler,11588,0.63,0.0,24352,11795
259.58347367600004,nodecontroller,11429,3.87,1.9878428382352602,48540,35342
259.58347367600004,nodelet,10746,4.79,0.0,27220,13600
259.58347367600004,nodeproxy,11731,0.01,0.0,16264,5172
260.5944868160002,nodestore,10063,36.81,16.814816076472876,23008,12950
260.5944868160002,nodeapiserver,10381,74.65,33.62963215294575,261704,249714
260.5944868160002,nodescheduler,11588,0.65,1.9782136560556325,24352,11808
260.5944868160002,nodecontroller,11429,3.88,0.9891068280278162,48540,35351
260.5944868160002,nodelet,10746,4.81,1.9782136560556325,27220,13600
260.5944868160002,nodeproxy,11731,0.01,0.0,16264,5172
261.60024941300003,nodestore,10063,36.95,13.919785883628728,23008,12934
261.60024941300003,nodeapiserver,10381,74.92,26.84530134699826,261704,249714
261.60024941300003,nodescheduler,11588,0.65,0.0,24352,11820
261.60024941300003,nodecontroller,11429,3.9,1.9885408405183895,48540,35355
261.60024941300003,nodelet,10746,4.83,1.9885408405183895,27220,13600
261.60024941300003,nodeproxy,11731,0.01,0.0,16264,5172
262.6124851920001,nodestore,10063,37.1,14.818681883402007,23008,12934
262.6124851920001,nodeapiserver,10381,75.19,26.673627390123613,261704,249714
262.6124851920001,nodescheduler,11588,0.65,0.0,24352,11820
262.6124851920001,nodecontroller,11429,3.91,0.9879121255601337,48540,35355
262.6124851920001,nodelet,10746,4.84,0.9879121255601337,27220,13600
262.6124851920001,nodeproxy,11731,0.01,0.0,16264,5172
263.6209324570002,nodestore,10063,37.25,14.874352403542607,23008,12934
263.6209324570002,nodeapiserver,10381,75.47,27.765457819946203,261832,249818
263.6209324570002,nodescheduler,11588,0.65,0.0,24352,11824
263.6209324570002,nodecontroller,11429,3.92,0.9916234935695071,48540,35355
263.6209324570002,nodelet,10746,4.87,2.974870480708521,27220,13600
263.6209324570002,nodeproxy,11731,0.01,0.0,16264,5172
264.6280382110001,nodestore,10063,37.39,13.901221340853809,23008,12934
264.6280382110001,nodeapiserver,10381,75.74,26.809498300218056,261832,249817
264.6280382110001,nodescheduler,11588,0.65,0.0,24352,11823
264.6280382110001,nodecontroller,11429,3.94,1.9858887629791153,48540,35358
264.6280382110001,nodelet,10746,4.88,0.9929443814895577,27220,13604
264.6280382110001,nodeproxy,11731,0.01,0.0,16264,5172
265.63569118600003,nodestore,10063,37.53,13.893672074953185,23008,12934
265.63569118600003,nodeapiserver,10381,76.0,25.802533853484483,261832,249818
265.63569118600003,nodescheduler,11588,0.65,0.0,24352,11824
265.63569118600003,nodecontroller,11429,3.95,0.9924051482109417,48540,35359
265.63569118600003,nodelet,10746,4.9,1.9848102964218834,27220,13608
265.63569118600003,nodeproxy,11731,0.01,0.0,16264,5172
266.6492341090002,nodestore,10063,37.69,15.786208592566423,23008,12934
266.6492341090002,nodeapiserver,10381,76.32,31.572417185132846,261832,249818
266.6492341090002,nodescheduler,11588,0.66,0.9866380370354014,24352,11828
266.6492341090002,nodecontroller,11429,3.97,1.9732760740708029,48540,35363
266.6492341090002,nodelet,10746,4.92,1.9732760740708029,27220,13612
266.6492341090002,nodeproxy,11731,0.01,0.0,16264,5172
267.6566580790002,nodestore,10063,37.83,13.896830348398531,23008,12934
267.6566580790002,nodeapiserver,10381,76.57,24.815768479283086,261832,249817
267.6566580790002,nodescheduler,11588,0.66,0.0,24352,11827
267.6566580790002,nodecontroller,11429,3.98,0.9926307391713235,48540,35363
267.6566580790002,nodelet,10746,4.93,0.9926307391713235,27220,13611
267.6566580790002,nodeproxy,11731,0.01,0.0,16264,5172
268.709306749,nodestore,10063,37.98,14.249768633633938,23008,12934
268.709306749,nodeapiserver,10381,76.85,26.599568116116686,261832,249818
268.709306749,nodescheduler,11588,0.66,0.0,24352,11828
268.709306749,nodecontroller,11429,3.99,0.9499845755755958,48668,35371
268.709306749,nodelet,10746,4.95,1.8999691511511916,27220,13612
268.709306749,nodeproxy,11731,0.01,0.0,16264,5172
269.7160572260002,nodestore,10063,38.15,16.886011368631006,23008,12934
269.7160572260002,nodeapiserver,10381,77.16,30.79213837809184,261960,249966
269.7160572260002,nodescheduler,11588,0.66,0.0,24352,11828
269.7160572260002,nodecontroller,11429,4.01,1.9865895727801186,48668,35371
269.7160572260002,nodelet,10746,4.97,1.9865895727801186,27220,13612
269.7160572260002,nodeproxy,11731,0.01,0.0,16264,5172
270.7216129960002,nodestore,10063,38.29,13.922648964562145,23008,12942
270.7216129960002,nodeapiserver,10381,77.42,25.85634807704398,261960,249966
270.7216129960002,nodescheduler,11588,0.67,0.9944749260401531,24352,11828
270.7216129960002,nodecontroller,11429,4.02,0.9944749260401531,48668,35371
270.7216129960002,nodelet,10746,4.98,0.9944749260401531,27220,13612
270.7216129960002,nodeproxy,11731,0.01,0.0,16264,5172
271.73225943700004,nodestore,10063,38.44,14.841985675188704,23008,12934
271.73225943700004,nodeapiserver,10381,77.72,29.68397135037741,261960,249966
271.73225943700004,nodescheduler,11588,0.67,0.0,24352,11828
271.73225943700004,nodecontroller,11429,4.04,1.9789314233584938,48668,35371
271.73225943700004,nodelet,10746,5.0,1.9789314233584938,27220,13612
271.73225943700004,nodeproxy,11731,0.01,0.0,16264,5172
272.7371525640001,nodestore,10063,38.61,16.917221884829345,23008,12942
272.7371525640001,nodeapiserver,10381,78.04,31.844182371443473,261960,249965
272.7371525640001,nodescheduler,11588,0.67,0.0,24352,11827
272.7371525640001,nodecontroller,11429,4.06,1.990261398215217,48668,35370
272.7371525640001,nodelet,10746,5.02,1.990261398215217,27220,13612
272.7371525640001,nodeproxy,11731,0.01,0.0,16264,5172
273.7451284440001,nodestore,10063,38.73,11.90504677552399,23008,12942
273.7451284440001,nodeapiserver,10381,78.26,21.82591908846065,261960,249966
273.7451284440001,nodescheduler,11588,0.67,0.0,24352,11828
273.7451284440001,nodecontroller,11429,4.07,0.9920872312936659,48668,35371
273.7451284440001,nodelet,10746,5.03,0.9920872312936659,27220,13612
273.7451284440001,nodeproxy,11731,0.01,0.0,16264,5172
274.752616815,nodestore,10063,38.9,16.873643894398402,23008,12934
274.752616815,nodeapiserver,10381,78.57,30.769585925079443,261960,249966
274.752616815,nodescheduler,11588,0.67,0.0,24352,11836
274.752616815,nodecontroller,11429,4.08,0.9925672879057884,48668,35375
274.752616815,nodelet,10746,5.04,0.9925672879057884,27220,13612
274.752616815,nodeproxy,11731,0.01,0.0,16264,5172
275.7580768690002,nodestore,10063,39.05,14.918543944458962,23008,12934
275.7580768690002,nodeapiserver,10381,78.86,28.842518292620657,262088,250110
275.7580768690002,nodescheduler,11588,0.67,0.0,24352,11836
275.7580768690002,nodecontroller,11429,4.09,0.9945695962972642,48668,35379
275.7580768690002,nodelet,10746,5.07,2.9837087888917924,27348,13620
275.7580768690002,nodeproxy,11731,0.01,0.0,16264,5172
276.7666931850001,nodestore,10063,39.18,12.888944778879706,23008,12942
276.7666931850001,nodeapiserver,10381,79.12,25.777889557759412,262088,250110
276.7666931850001,nodescheduler,11588,0.67,0.0,24352,11836
276.7666931850001,nodecontroller,11429,4.11,1.9829145813661084,48668,35379
276.7666931850001,nodelet,10746,5.08,0.9914572906830542,27348,13620
276.7666931850001,nodeproxy,11731,0.01,0.0,16264,5172
277.7710591910002,nodestore,10063,39.36,17.921753516614956,23008,12934
277.7710591910002,nodeapiserver,10381,79.45,32.856548113794084,262088,250110
277.7710591910002,nodescheduler,11588,0.68,0.9956529731452753,24352,11836
277.7710591910002,nodecontroller,11429,4.13,1.9913059462905507,48668,35419
277.7710591910002,nodelet,10746,5.1,1.9913059462905507,27348,13620
277.7710591910002,nodeproxy,11731,0.01,0.0,16264,5172
278.7761295170001,nodestore,10063,39.51,14.924328787716652,23008,12934
278.7761295170001,nodeapiserver,10381,79.72,26.863791817889975,262088,250110
278.7761295170001,nodescheduler,11588,0.69,0.9949552525144435,24352,11840
278.7761295170001,nodecontroller,11429,4.14,0.9949552525144435,48668,35423
278.7761295170001,nodelet,10746,5.13,2.9848657575433304,27348,13620
278.7761295170001,nodeproxy,11731,0.01,0.0,16264,5172
279.783372075,nodestore,10063,39.64,12.906523753140583,23008,12934
279.783372075,nodeapiserver,10381,79.97,24.820237986808813,262088,250110
279.783372075,nodescheduler,11588,0.69,0.0,24352,11840
279.783372075,nodecontroller,11429,4.16,1.985619038944705,48668,35423
279.783372075,nodelet,10746,5.13,0.0,27348,13620
279.783372075,nodeproxy,11731,0.01,0.0,16264,5172
280.7927659290001,nodestore,10063,39.8,15.851097108025655,23008,12934
280.7927659290001,nodeapiserver,10381,80.28,30.71150064679971,262088,250110
280.7927659290001,nodescheduler,11588,0.69,0.0,24352,11840
280.7927659290001,nodecontroller,11429,4.18,1.981387138503207,48668,35423
280.7927659290001,nodelet,10746,5.15,1.981387138503207,27348,13620
280.7927659290001,nodeproxy,11731,0.01,0.0,16264,5172
281.79767131100016,nodestore,10063,39.95,14.926778449674073,23008,12938
281.79767131100016,nodeapiserver,10381,80.54,25.873082646101725,262344,250354
281.79767131100016,nodescheduler,11588,0.69,0.0,24352,11840
281.79767131100016,nodecontroller,11429,4.19,0.9951185633116049,48668,35423
281.79767131100016,nodelet,10746,5.17,1.9902371266232097,27348,13620
281.79767131100016,nodeproxy,11731,0.01,0.0,16264,5172
282.8070552700001,nodestore,10063,40.1,14.860549215445765,23008,12938
282.8070552700001,nodeapiserver,10381,80.82,27.739691868832097,262344,250354
282.8070552700001,nodescheduler,11588,0.7,0.9907032810297176,24352,11840
282.8070552700001,nodecontroller,11429,4.2,0.9907032810297176,48668,35423
282.8070552700001,nodelet,10746,5.19,1.9814065620594352,27348,13624
282.8070552700001,nodeproxy,11731,0.01,0.0,16264,5172
283.813015598,nodestore,10063,40.26,15.905199792333734,23008,12934
283.813015598,nodeapiserver,10381,81.13,30.81632459764661,262344,250354
283.813015598,nodescheduler,11588,0.7,0.0,24352,11840
283.813015598,nodecontroller,11429,4.22,1.9881499740417168,48668,35431
283.813015598,nodelet,10746,5.21,1.9881499740417168,27348,13624
283.813015598,nodeproxy,11731,0.01,0.0,16264,5172
284.82051692100003,nodestore,10063,40.41,14.888317918367012,23008,12934
284.82051692100003,nodeapiserver,10381,81.4,26.798972253060622,262344,250354
284.82051692100003,nodescheduler,11588,0.7,0.0,24352,11840
284.82051692100003,nodecontroller,11429,4.23,0.9925545278911342,48668,35431
284.82051692100003,nodelet,10746,5.21,0.0,27348,13624
284.82051692100003,nodeproxy,11731,0.01,0.0,16264,5172
285.8308554930002,nodestore,10063,40.56,14.846508304938759,23008,12934
285.8308554930002,nodeapiserver,10381,81.67,26.723714948889764,262344,250354
285.8308554930002,nodescheduler,11588,0.7,0.0,24352,11840
285.8308554930002,nodecontroller,11429,4.24,0.9897672203292506,48668,35431
285.8308554930002,nodelet,10746,5.24,2.969301660987752,27348,13624
285.8308554930002,nodeproxy,11731,0.01,0.0,16264,5172
286.837351806,nodestore,10063,40.74,17.883821100497965,23008,12934
286.837351806,nodeapiserver,10381,82.02,34.774096584301596,262344,250354
286.837351806,nodescheduler,11588,0.7,0.0,24352,11840
286.837351806,nodecontroller,11429,4.26,1.9870912333886628,48668,35435
286.837351806,nodelet,10746,5.26,1.9870912333886628,27348,13636
286.837351806,nodeproxy,11731,0.01,0.0,16264,5172
287.8426173920002,nodestore,10063,40.88,13.926667932306524,23008,12934
287.8426173920002,nodeapiserver,10381,82.27,24.86904987911879,262344,250353
287.8426173920002,nodescheduler,11588,0.71,0.9947619951647516,24352,11839
287.8426173920002,nodecontroller,11429,4.27,0.9947619951647516,48668,35434
287.8426173920002,nodelet,10746,5.28,1.9895239903295032,27348,13636
287.8426173920002,nodeproxy,11731,0.01,0.0,16264,5172
288.85598145200015,nodestore,10063,41.04,15.788994924490082,23008,12934
288.85598145200015,nodeapiserver,10381,82.58,30.591177666199535,262344,250354
288.85598145200015,nodescheduler,11588,0.71,0.0,24352,11840
288.85598145200015,nodecontroller,11429,4.29,1.9736243655612602,48668,35435
288.85598145200015,nodelet,10746,5.3,1.9736243655612602,27348,13632
288.85598145200015,nodeproxy,11731,0.01,0.0,16264,5172
289.863623514,nodestore,10063,41.2,15.878654339066955,23136,13082
289.863623514,nodeapiserver,10381,82.89,30.764892781942226,262344,250442
289.863623514,nodescheduler,11588,0.71,0.0,24352,11840
289.863623514,nodecontroller,11429,4.3,0.9924158961916847,48668,35435
289.863623514,nodelet,10746,5.32,1.9848317923833694,27348,13632
289.863623514,nodeproxy,11731,0.01,0.0,16264,5172
290.873930364,nodestore,10063,41.35,14.846974461273728,23136,13082
290.873930364,nodeapiserver,10381,83.16,26.72455403029271,262344,250441
290.873930364,nodescheduler,11588,0.71,0.0,24352,11839
290.873930364,nodecontroller,11429,4.32,1.9795965948364969,48668,35434
290.873930364,nodelet,10746,5.32,0.0,27348,13632
290.873930364,nodeproxy,11731,0.01,0.0,16264,5172
291.89279493900017,nodestore,10063,41.5,14.722270621684295,23136,13082
291.89279493900017,nodeapiserver,10381,83.43,26.50008711903173,262344,250442
291.89279493900017,nodescheduler,11588,0.71,0.0,24352,11840
291.89279493900017,nodecontroller,11429,4.33,0.9814847081122863,48668,35435
291.89279493900017,nodelet,10746,5.34,1.9629694162245725,27348,13632
291.89279493900017,nodeproxy,11731,0.01,0.0,16264,5172
292.90198676700015,nodestore,10063,41.65,14.863378382410197,23136,13082
292.90198676700015,nodeapiserver,10381,83.74,30.717648656981073,262472,250574
292.90198676700015,nodescheduler,11588,0.72,0.9908918921606799,24352,11840
292.90198676700015,nodecontroller,11429,4.35,1.9817837843213597,48668,35435
292.90198676700015,nodelet,10746,5.36,1.9817837843213597,27348,13632
292.90198676700015,nodeproxy,11731,0.01,0.0,16264,5172
293.91073515200014,nodestore,10063,41.8,14.869912282437161,23136,13062
293.91073515200014,nodeapiserver,10381,84.01,26.76584210838689,262728,250909
293.91073515200014,nodescheduler,11588,0.72,0.0,24352,11839
293.91073515200014,nodecontroller,11429,4.36,0.9913274854958107,48668,35439
293.91073515200014,nodelet,10746,5.36,0.0,27348,13632
293.91073515200014,nodeproxy,11731,0.01,0.0,16264,5172
294.93056932000013,nodestore,10063,41.97,16.669376780480835,23136,13062
294.93056932000013,nodeapiserver,10381,84.3,28.435995684349656,262728,250910
294.93056932000013,nodescheduler,11588,0.72,0.0,24352,11844
294.93056932000013,nodecontroller,11429,4.37,0.9805515753224021,48668,35439
294.93056932000013,nodelet,10746,5.39,2.941654725967206,27348,13632
294.93056932000013,nodeproxy,11731,0.01,0.0,16264,5172
295.94000567500007,nodestore,10063,42.12,14.85977786088453,23136,13062
295.94000567500007,nodeapiserver,10381,84.6,29.71955572176906,262728,250910
295.94000567500007,nodescheduler,11588,0.72,0.0,24352,11844
295.94000567500007,nodecontroller,11429,4.39,1.9813037147846038,48668,35439
295.94000567500007,nodelet,10746,5.41,1.9813037147846038,27348,13636
295.94000567500007,nodeproxy,11731,0.01,0.0,16264,5172
296.9486424890001,nodestore,10063,42.26,13.880119985387749,23136,13062
296.9486424890001,nodeapiserver,10381,84.85,24.785928545335263,262728,250910
296.9486424890001,nodescheduler,11588,0.73,0.9914371418134106,24352,11844
296.9486424890001,nodecontroller,11429,4.4,0.9914371418134106,48668,35443
296.9486424890001,nodelet,10746,5.42,0.9914371418134106,27348,13716
296.9486424890001,nodeproxy,11731,0.01,0.0,16264,5172
297.954400739,nodestore,10063,42.41,14.914120764111967,23136,13062
297.954400739,nodeapiserver,10381,85.15,29.828241528223934,262728,250910
297.954400739,nodescheduler,11588,0.73,0.0,24352,11844
297.954400739,nodecontroller,11429,4.41,0.9942747176074644,48668,35443
297.954400739,nodelet,10746,5.44,1.9885494352149289,27348,13716
297.954400739,nodeproxy,11731,0.01,0.0,16264,5172
298.9627193370002,nodestore,10063,42.57,15.868000482915846,23136,13066
298.9627193370002,nodeapiserver,10381,85.41,25.78550078473825,262728,250910
298.9627193370002,nodescheduler,11588,0.73,0.0,24352,11848
298.9627193370002,nodecontroller,11429,4.43,1.9835000603644808,48668,35443
298.9627193370002,nodelet,10746,5.45,0.9917500301822404,27348,13716
298.9627193370002,nodeproxy,11731,0.01,0.0,16264,5172
299.9684088460001,nodestore,10063,42.73,15.909482854117401,23136,13062
299.9684088460001,nodeapiserver,10381,85.71,29.830280351470126,262728,250910
299.9684088460001,nodescheduler,11588,0.73,0.0,24352,11848
299.9684088460001,nodecontroller,11429,4.45,1.9886853567646752,48668,35443
299.9684088460001,nodelet,10746,5.47,1.9886853567646752,27348,13716
299.9684088460001,nodeproxy,11731,0.01,0.0,16264,5172
300.97435171000006,nodestore,10063,42.89,15.905475919754224,23136,13058
300.97435171000006,nodeapiserver,10381,86.04,32.80504408449309,262728,250910
300.97435171000006,nodescheduler,11588,0.74,0.994092244984639,24352,11856
300.97435171000006,nodecontroller,11429,4.47,1.988184489969278,48668,35443
300.97435171000006,nodelet,10746,5.49,1.988184489969278,27348,13716
300.97435171000006,nodeproxy,11731,0.01,0.0,16264,5172
