elapsed_seconds,component,pid,cpu_seconds,cpu_pct_one_core,rss_kib,pss_kib
1.0002200250000328,nodestore,4244,0.1,9.997800234003185,61924,62232
1.0002200250000328,nodeapiserver,4272,0.3,29.993400702009556,330988,331184
1.0002200250000328,nodescheduler,4266,0.01,0.9997800234003186,67580,67936
1.0002200250000328,nodecontroller,4248,0.03,2.9993400702009554,130368,130668
1.0002200250000328,nodelet,4396,0.05,4.998900117001592,101536,99462
1.0002200250000328,nodeproxy,4615,0.0,0.0,49524,49700
1.0002200250000328,containerd,3680,0.05,4.998900117001592,93776,92653
1.0002200250000328,flanneld,5191,0.02,1.9995600468006371,48268,48548
1.0002200250000328,coredns,4884,0.0,0.0,64304,40630
1.0002200250000328,coredns,4888,0.01,0.9997800234003186,65720,41914
2.0098359099999925,nodestore,4244,0.19,8.914281296198464,61924,62276
2.0098359099999925,nodeapiserver,4272,0.56,25.752368189017783,330988,331188
2.0098359099999925,nodescheduler,4266,0.02,0.9904756995776071,67580,67940
2.0098359099999925,nodecontroller,4248,0.05,1.9809513991552141,130368,130668
2.0098359099999925,nodelet,4396,0.07,1.9809513991552141,101536,99462
2.0098359099999925,nodeproxy,4615,0.0,0.0,49524,49700
2.0098359099999925,containerd,3680,0.07,1.9809513991552141,93776,92653
2.0098359099999925,flanneld,5191,0.02,0.0,48268,48548
2.0098359099999925,coredns,4884,0.01,0.9904756995776071,64304,40630
2.0098359099999925,coredns,4888,0.02,0.9904756995776071,65720,41922
3.023618639999995,nodestore,4244,0.26,6.904832557169309,61924,62300
3.023618639999995,nodeapiserver,4272,0.91,34.52416278584654,330988,331196
3.023618639999995,nodescheduler,4266,0.03,0.9864046510241868,67580,67940
3.023618639999995,nodecontroller,4248,0.07,1.9728093020483737,130368,130668
3.023618639999995,nodelet,4396,0.13,5.918427906145121,101536,99462
3.023618639999995,nodeproxy,4615,0.0,0.0,49524,49700
3.023618639999995,containerd,3680,0.09,1.9728093020483737,93776,92661
3.023618639999995,flanneld,5191,0.02,0.0,48268,48548
3.023618639999995,coredns,4884,0.02,0.9864046510241868,64304,40634
3.023618639999995,coredns,4888,0.03,0.9864046510241868,65848,41930
4.034980475999987,nodestore,4244,0.36,9.887658050802779,61924,62348
4.034980475999987,nodeapiserver,4272,1.18,26.696676737167504,330988,331208
4.034980475999987,nodescheduler,4266,0.04,0.988765805080278,67580,67940
4.034980475999987,nodecontroller,4248,0.1,2.966297415240834,130368,130668
4.034980475999987,nodelet,4396,0.16,2.966297415240834,101536,99466
4.034980475999987,nodeproxy,4615,0.0,0.0,49524,49700
4.034980475999987,containerd,3680,0.1,0.988765805080278,93776,92673
4.034980475999987,flanneld,5191,0.02,0.0,48268,48548
4.034980475999987,coredns,4884,0.02,0.0,64304,40634
4.034980475999987,coredns,4888,0.03,0.0,65848,41930
5.046237756000039,nodestore,4244,0.46,9.888680356397023,61924,62432
5.046237756000039,nodeapiserver,4272,1.53,34.61038124738958,331116,331224
5.046237756000039,nodescheduler,4266,0.05,0.9888680356397024,67580,68016
5.046237756000039,nodecontroller,4248,0.16,5.933208213838214,130368,130676
5.046237756000039,nodelet,4396,0.21,4.9443401781985115,101536,99480
5.046237756000039,nodeproxy,4615,0.0,0.0,49524,49700
5.046237756000039,containerd,3680,0.13,2.966604106919107,93776,92722
5.046237756000039,flanneld,5191,0.02,0.0,48396,48708
5.046237756000039,coredns,4884,0.04,1.9777360712794048,64304,40634
5.046237756000039,coredns,4888,0.04,0.9888680356397024,65848,41934
6.171497647000024,nodestore,4244,0.58,10.664203084085722,62072,62632
6.171497647000024,nodeapiserver,4272,1.83,26.660507710214304,331116,331232
6.171497647000024,nodescheduler,4266,0.07,1.7773671806809537,67580,68016
6.171497647000024,nodecontroller,4248,0.18,1.7773671806809537,130368,130676
6.171497647000024,nodelet,4396,0.36,13.330253855107152,101920,99850
6.171497647000024,nodeproxy,4615,0.0,0.0,49524,49700
6.171497647000024,containerd,3680,0.37,21.328406168171444,95096,93998
6.171497647000024,flanneld,5191,0.04,1.7773671806809537,48908,49320
6.171497647000024,coredns,4884,0.04,0.0,64304,40634
6.171497647000024,coredns,4888,0.04,0.0,65848,41934
7.197782409000013,nodestore,4244,0.72,13.641438047581724,62332,62788
7.197782409000013,nodeapiserver,4272,2.21,37.026760414864675,331244,331312
7.197782409000013,nodescheduler,4266,0.09,1.948776863940246,67580,68016
7.197782409000013,nodecontroller,4248,0.24,5.846330591820738,130368,130696
7.197782409000013,nodelet,4396,0.42,5.846330591820738,102048,99865
7.197782409000013,nodeproxy,4615,0.01,0.974388431970123,49524,49768
7.197782409000013,containerd,3680,0.42,4.871942159850615,95096,94052
7.197782409000013,flanneld,5191,0.04,0.0,48908,49320
7.197782409000013,coredns,4884,0.05,0.974388431970123,64432,40638
7.197782409000013,coredns,4888,0.05,0.974388431970123,65848,41938
8.212972785000034,nodestore,4244,0.82,9.850369188290841,62332,62860
8.212972785000034,nodeapiserver,4272,2.52,30.53614448370161,331372,331376
8.212972785000034,nodescheduler,4266,0.09,0.0,67580,68016
8.212972785000034,nodecontroller,4248,0.27,2.9551107564872523,130368,130700
8.212972785000034,nodelet,4396,0.56,13.790516863607179,104380,102029
8.212972785000034,nodeproxy,4615,0.01,0.0,49524,49772
8.212972785000034,containerd,3680,0.5,7.8802953506326725,95096,94076
8.212972785000034,flanneld,5191,0.04,0.0,48908,49320
8.212972785000034,coredns,4884,0.06,0.9850369188290841,64432,40642
8.212972785000034,coredns,4888,0.06,0.9850369188290841,65848,41942
9.236310506999985,nodestore,4244,0.91,8.794750556454549,62332,62904
9.236310506999985,nodeapiserver,4272,2.81,28.338640681909098,331372,331396
9.236310506999985,nodescheduler,4266,0.1,0.9771945062727276,67580,68020
9.236310506999985,nodecontroller,4248,0.3,2.931583518818183,130368,130700
9.236310506999985,nodelet,4396,0.64,7.817556050181821,104380,102037
9.236310506999985,nodeproxy,4615,0.01,0.0,49524,49772
9.236310506999985,containerd,3680,0.52,1.9543890125454553,95096,94076
9.236310506999985,flanneld,5191,0.04,0.0,48908,49320
9.236310506999985,coredns,4884,0.07,0.9771945062727276,64432,40642
9.236310506999985,coredns,4888,0.06,0.0,65848,41942
10.270085461999997,nodestore,4244,1.0,8.70595670408739,62332,62960
10.270085461999997,nodeapiserver,4272,3.09,27.08519863493855,336492,336812
10.270085461999997,nodescheduler,4266,0.11,0.9673285226763767,67580,68024
10.270085461999997,nodecontroller,4248,0.33,2.90198556802913,130368,130700
10.270085461999997,nodelet,4396,0.68,3.869314090705507,104380,102045
10.270085461999997,nodeproxy,4615,0.01,0.0,49524,49772
10.270085461999997,containerd,3680,0.61,8.70595670408739,95096,94092
10.270085461999997,flanneld,5191,0.05,0.9673285226763767,48628,48940
10.270085461999997,coredns,4884,0.08,0.9673285226763767,64432,40642
10.270085461999997,coredns,4888,0.07,0.9673285226763767,65848,41950
11.28993738500003,nodestore,4244,1.07,6.863741531622111,62332,62976
11.28993738500003,nodeapiserver,4272,3.37,27.454966126488443,345068,345304
11.28993738500003,nodescheduler,4266,0.11,0.0,67580,68024
11.28993738500003,nodecontroller,4248,0.35,1.9610690090348886,130368,130700
11.28993738500003,nodelet,4396,0.73,4.902672522587221,104380,102081
11.28993738500003,nodeproxy,4615,0.01,0.0,49524,49772
11.28993738500003,containerd,3680,0.63,1.9610690090348886,95096,94096
11.28993738500003,flanneld,5191,0.05,0.0,48628,48940
11.28993738500003,coredns,4884,0.08,0.0,64432,40642
11.28993738500003,coredns,4888,0.07,0.0,65848,41954
12.311496222000017,nodestore,4244,1.16,8.81006523954148,62332,63008
12.311496222000017,nodeapiserver,4272,3.76,38.17694937134641,349292,349664
12.311496222000017,nodescheduler,4266,0.13,1.957792275453662,67580,68024
12.311496222000017,nodecontroller,4248,0.4,4.894480688634155,130368,130720
12.311496222000017,nodelet,4396,0.77,3.915584550907324,104380,102098
12.311496222000017,nodeproxy,4615,0.01,0.0,49524,49772
12.311496222000017,containerd,3680,0.66,2.936688413180493,95096,94096
12.311496222000017,flanneld,5191,0.05,0.0,48628,48940
12.311496222000017,coredns,4884,0.09,0.978896137726831,64432,40642
12.311496222000017,coredns,4888,0.08,0.978896137726831,65848,41962
13.421691510000016,nodestore,4244,1.3,12.6103940012399,62624,63160
13.421691510000016,nodeapiserver,4272,4.14,34.22821228907972,349420,349680
13.421691510000016,nodescheduler,4266,0.14,0.9007424286599928,67580,68024
13.421691510000016,nodecontroller,4248,0.44,3.602969714639971,130368,130728
13.421691510000016,nodelet,4396,0.81,3.602969714639971,104380,102101
13.421691510000016,nodeproxy,4615,0.02,0.9007424286599928,49524,49772
13.421691510000016,containerd,3680,0.67,0.9007424286599928,95096,94096
13.421691510000016,flanneld,5191,0.05,0.0,48628,48940
13.421691510000016,coredns,4884,0.1,0.9007424286599928,64432,40642
13.421691510000016,coredns,4888,0.08,0.0,65848,41962
14.437008111000011,nodestore,4244,1.4,9.849144582242529,62624,63216
14.437008111000011,nodeapiserver,4272,4.43,28.56251928850333,349420,349680
14.437008111000011,nodescheduler,4266,0.15,0.9849144582242528,67580,68024
14.437008111000011,nodecontroller,4248,0.47,2.9547433746727587,130368,130728
14.437008111000011,nodelet,4396,0.88,6.894401207569771,104380,102105
14.437008111000011,nodeproxy,4615,0.02,0.0,49524,49772
14.437008111000011,containerd,3680,0.73,5.909486749345517,95096,94176
14.437008111000011,flanneld,5191,0.05,0.0,48628,48940
14.437008111000011,coredns,4884,0.11,0.9849144582242528,64432,40642
14.437008111000011,coredns,4888,0.09,0.9849144582242528,65848,41966
15.454090796999992,nodestore,4244,1.47,6.882429615953696,62624,63244
15.454090796999992,nodeapiserver,4272,4.69,25.563310002113727,349420,349752
15.454090796999992,nodescheduler,4266,0.15,0.0,67580,68024
15.454090796999992,nodecontroller,4248,0.52,4.91602115425264,130496,130796
15.454090796999992,nodelet,4396,0.9,1.966408461701056,104380,102105
15.454090796999992,nodeproxy,4615,0.02,0.0,49524,49772
15.454090796999992,containerd,3680,0.75,1.966408461701056,95224,94200
15.454090796999992,flanneld,5191,0.06,0.983204230850528,48628,48940
15.454090796999992,coredns,4884,0.12,0.983204230850528,64432,40646
15.454090796999992,coredns,4888,0.1,0.983204230850528,65848,41966
16.469404679000036,nodestore,4244,1.57,9.849170958148655,62624,63280
16.469404679000036,nodeapiserver,4272,4.96,26.59276158700137,349420,349824
16.469404679000036,nodescheduler,4266,0.17,1.969834191629731,67580,68028
16.469404679000036,nodecontroller,4248,0.55,2.9547512874445965,130496,130796
16.469404679000036,nodelet,4396,0.96,5.909502574889193,104380,102153
16.469404679000036,nodeproxy,4615,0.03,0.9849170958148655,49524,49772
16.469404679000036,containerd,3680,0.8,4.924585479074327,95224,94208
16.469404679000036,flanneld,5191,0.06,0.0,48628,48940
16.469404679000036,coredns,4884,0.12,0.0,64432,40646
16.469404679000036,coredns,4888,0.1,0.0,65848,41966
17.491196408999997,nodestore,4244,1.66,8.80805719576566,62752,63320
17.491196408999997,nodeapiserver,4272,5.24,27.40284460904872,349420,349836
17.491196408999997,nodescheduler,4266,0.18,0.9786730217517399,67580,68028
17.491196408999997,nodecontroller,4248,0.57,1.9573460435034797,130496,130800
17.491196408999997,nodelet,4396,1.01,4.893365108758699,104380,102165
17.491196408999997,nodeproxy,4615,0.03,0.0,49524,49772
17.491196408999997,containerd,3680,0.83,2.93601906525522,95224,94208
17.491196408999997,flanneld,5191,0.06,0.0,48628,48940
17.491196408999997,coredns,4884,0.13,0.9786730217517399,64432,40646
17.491196408999997,coredns,4888,0.12,1.9573460435034797,65848,41970
18.51011651700003,nodestore,4244,1.78,11.777174584918122,62908,63528
18.51011651700003,nodeapiserver,4272,5.59,34.35009253934452,349420,349852
18.51011651700003,nodescheduler,4266,0.2,1.962862430819687,67580,68032
18.51011651700003,nodecontroller,4248,0.62,4.907156077049217,130496,130820
18.51011651700003,nodelet,4396,1.16,14.721468231147652,106528,104305
18.51011651700003,nodeproxy,4615,0.03,0.0,49524,49772
18.51011651700003,containerd,3680,0.97,13.74003701573781,95488,94470
18.51011651700003,flanneld,5191,0.07,0.9814312154098435,48316,48676
18.51011651700003,coredns,4884,0.13,0.0,64432,40646
18.51011651700003,coredns,4888,0.12,0.0,65848,41970
19.563009948,nodestore,4244,1.92,13.296692322131474,65308,65768
19.563009948,nodeapiserver,4272,6.0,38.94031322909931,349676,350040
19.563009948,nodescheduler,4266,0.21,0.9497637372951052,67580,68032
19.563009948,nodecontroller,4248,0.69,6.648346161065737,130624,130980
19.563009948,nodelet,4396,1.34,17.095747271311893,106528,104333
19.563009948,nodeproxy,4615,0.03,0.0,49524,49772
19.563009948,containerd,3680,1.13,15.196219796721683,95900,94724
19.563009948,flanneld,5191,0.08,0.9497637372951052,48444,48772
19.563009948,coredns,4884,0.14,0.9497637372951052,64560,40714
19.563009948,coredns,4888,0.14,1.8995274745902104,65976,42046
20.582812217000026,nodestore,4244,2.01,8.82524021918977,65308,65792
20.582812217000026,nodeapiserver,4272,6.26,25.49513841099267,354136,354612
20.582812217000026,nodescheduler,4266,0.22,0.9805822465766412,67580,68032
20.582812217000026,nodecontroller,4248,0.72,2.9417467397299233,130624,130984
20.582812217000026,nodelet,4396,1.37,2.9417467397299233,106528,104333
20.582812217000026,nodeproxy,4615,0.04,0.9805822465766412,49524,49772
20.582812217000026,containerd,3680,1.14,0.9805822465766412,95900,94728
20.582812217000026,flanneld,5191,0.09,0.9805822465766412,48444,48772
20.582812217000026,coredns,4884,0.15,0.9805822465766412,64560,40714
20.582812217000026,coredns,4888,0.14,0.0,65976,42046
21.596918163999987,nodestore,4244,2.09,7.888722104102109,65444,65828
21.596918163999987,nodeapiserver,4272,6.62,35.49924946845949,360724,360968
21.596918163999987,nodescheduler,4266,0.23,0.9860902630127636,67580,68036
21.596918163999987,nodecontroller,4248,0.75,2.9582707890382904,130624,130992
21.596918163999987,nodelet,4396,1.4,2.9582707890382904,106528,104397
21.596918163999987,nodeproxy,4615,0.04,0.0,49524,49772
21.596918163999987,containerd,3680,1.17,2.9582707890382904,95900,94732
21.596918163999987,flanneld,5191,0.09,0.0,48444,48772
21.596918163999987,coredns,4884,0.16,0.9860902630127636,64560,40718
21.596918163999987,coredns,4888,0.14,0.0,65976,42050
22.61063602500002,nodestore,4244,2.19,9.864677722196793,65572,65864
22.61063602500002,nodeapiserver,4272,6.92,29.59403316659038,360724,360976
22.61063602500002,nodescheduler,4266,0.24,0.9864677722196793,67580,68036
22.61063602500002,nodecontroller,4248,0.78,2.9594033166590377,130624,130996
22.61063602500002,nodelet,4396,1.44,3.945871088878717,106528,104401
22.61063602500002,nodeproxy,4615,0.04,0.0,49524,49772
22.61063602500002,containerd,3680,1.19,1.9729355444393586,95900,94732
22.61063602500002,flanneld,5191,0.09,0.0,48444,48772
22.61063602500002,coredns,4884,0.16,0.0,64560,40718
22.61063602500002,coredns,4888,0.15,0.9864677722196793,65976,42054
23.622172067000008,nodestore,4244,2.27,7.908764164431116,65572,65904
23.622172067000008,nodeapiserver,4272,7.2,27.68067457550891,360724,360980
23.622172067000008,nodescheduler,4266,0.24,0.0,67580,68044
23.622172067000008,nodecontroller,4248,0.81,2.9657865616616688,130624,131000
23.622172067000008,nodelet,4396,1.48,3.954382082215558,106528,104409
23.622172067000008,nodeproxy,4615,0.04,0.0,49524,49772
23.622172067000008,containerd,3680,1.21,1.977191041107779,95900,94732
23.622172067000008,flanneld,5191,0.09,0.0,48444,48772
23.622172067000008,coredns,4884,0.17,0.9885955205538896,64560,40718
23.622172067000008,coredns,4888,0.16,0.9885955205538896,65976,42054
24.646500731000003,nodestore,4244,2.39,11.714989945844234,65740,66128
24.646500731000003,nodeapiserver,4272,7.54,33.19247151322533,360724,360988
24.646500731000003,nodescheduler,4266,0.26,1.9524983243073724,67580,68048
24.646500731000003,nodecontroller,4248,0.86,4.881245810768431,130624,131004
24.646500731000003,nodelet,4396,1.58,9.762491621536862,106656,104477
24.646500731000003,nodeproxy,4615,0.04,0.0,49524,49772
24.646500731000003,containerd,3680,1.28,6.833744135075804,95900,94808
24.646500731000003,flanneld,5191,0.09,0.0,48444,48772
24.646500731000003,coredns,4884,0.18,0.9762491621536862,64560,40718
24.646500731000003,coredns,4888,0.17,0.9762491621536862,65976,42054
25.66529113400003,nodestore,4244,2.47,7.852449312873828,65740,66148
25.66529113400003,nodeapiserver,4272,7.8,25.52046026683994,360724,360992
25.66529113400003,nodescheduler,4266,0.27,0.9815561641092285,67580,68052
25.66529113400003,nodecontroller,4248,0.87,0.9815561641092285,130624,131008
25.66529113400003,nodelet,4396,1.61,2.9446684923276853,106656,104481
25.66529113400003,nodeproxy,4615,0.04,0.0,49524,49772
25.66529113400003,containerd,3680,1.32,3.926224656436914,98064,96856
25.66529113400003,flanneld,5191,0.09,0.0,48444,48772
25.66529113400003,coredns,4884,0.18,0.0,64560,40718
25.66529113400003,coredns,4888,0.17,0.0,65976,42058
26.68057036700003,nodestore,4244,2.57,9.849507086293361,65740,66256
26.68057036700003,nodeapiserver,4272,8.08,27.578619841621418,360724,361000
26.68057036700003,nodescheduler,4266,0.27,0.0,67580,68052
26.68057036700003,nodecontroller,4248,0.91,3.939802834517345,130624,131020
26.68057036700003,nodelet,4396,1.65,3.939802834517345,106656,104485
26.68057036700003,nodeproxy,4615,0.04,0.0,49524,49772
26.68057036700003,containerd,3680,1.35,2.9548521258880087,98064,96856
26.68057036700003,flanneld,5191,0.1,0.9849507086293362,48444,48772
26.68057036700003,coredns,4884,0.19,0.9849507086293362,64560,40718
26.68057036700003,coredns,4888,0.18,0.9849507086293362,65976,42058
27.696460365999997,nodestore,4244,2.65,7.8748683497968575,65740,66260
27.696460365999997,nodeapiserver,4272,8.33,24.60896359311518,360724,361008
27.696460365999997,nodescheduler,4266,0.28,0.9843585437246072,67580,68052
27.696460365999997,nodecontroller,4248,0.92,0.9843585437246072,130624,131020
27.696460365999997,nodelet,4396,1.7,4.921792718623036,108728,106537
27.696460365999997,nodeproxy,4615,0.04,0.0,49524,49772
27.696460365999997,containerd,3680,1.39,3.9374341748984287,98064,96856
27.696460365999997,flanneld,5191,0.1,0.0,48444,48772
27.696460365999997,coredns,4884,0.2,0.9843585437246072,64560,40718
27.696460365999997,coredns,4888,0.18,0.0,65976,42058
28.71006705299999,nodestore,4244,2.72,6.906031787061458,65740,66324
28.71006705299999,nodeapiserver,4272,8.61,27.624127148245833,360724,361008
28.71006705299999,nodescheduler,4266,0.29,0.9865759695802082,67580,68052
28.71006705299999,nodecontroller,4248,0.95,2.9597279087406245,130624,131028
28.71006705299999,nodelet,4396,1.78,7.892607756641666,108728,106537
28.71006705299999,nodeproxy,4615,0.04,0.0,49524,49776
28.71006705299999,containerd,3680,1.44,4.932879847901042,98064,96940
28.71006705299999,flanneld,5191,0.11,0.9865759695802082,47788,48068
28.71006705299999,coredns,4884,0.21,0.9865759695802082,66704,42766
28.71006705299999,coredns,4888,0.19,0.9865759695802082,65976,42066
29.73673075100004,nodestore,4244,2.84,11.688345485845177,66028,66436
29.73673075100004,nodeapiserver,4272,8.94,32.14295008607424,360724,361020
29.73673075100004,nodescheduler,4266,0.3,0.9740287904870982,67708,68060
29.73673075100004,nodecontroller,4248,0.99,3.896115161948393,130624,131048
29.73673075100004,nodelet,4396,1.88,9.740287904870982,108728,106545
29.73673075100004,nodeproxy,4615,0.04,0.0,49524,49776
29.73673075100004,containerd,3680,1.47,2.9220863714612944,98064,96940
29.73673075100004,flanneld,5191,0.11,0.0,47788,48068
29.73673075100004,coredns,4884,0.21,0.0,66704,42766
29.73673075100004,coredns,4888,0.2,0.9740287904870982,65976,42070
30.77163284200003,nodestore,4244,2.92,7.7301998610031415,66160,66492
30.77163284200003,nodeapiserver,4272,9.16,21.258049617758637,360724,361020
30.77163284200003,nodescheduler,4266,0.31,0.9662749826253927,67708,68060
30.77163284200003,nodecontroller,4248,1.02,2.898824947876178,130624,131048
30.77163284200003,nodelet,4396,1.96,7.7301998610031415,112920,110658
30.77163284200003,nodeproxy,4615,0.04,0.0,49524,49776
30.77163284200003,containerd,3680,1.63,15.460399722006283,98468,97242
30.77163284200003,flanneld,5191,0.12,0.9662749826253927,47916,48068
30.77163284200003,coredns,4884,0.22,0.9662749826253927,66704,42766
30.77163284200003,coredns,4888,0.21,0.9662749826253927,65976,42070
31.79334049800002,nodestore,4244,3.05,12.723796208883584,66460,66712
31.79334049800002,nodeapiserver,4272,9.66,48.93767772647532,362936,363264
31.79334049800002,nodescheduler,4266,0.32,0.9787535545295064,67708,68064
31.79334049800002,nodecontroller,4248,1.11,8.808781990765558,130624,131100
31.79334049800002,nodelet,4396,2.1,13.702549763413092,112920,110677
31.79334049800002,nodeproxy,4615,0.05,0.9787535545295064,49524,49796
31.79334049800002,containerd,3680,1.74,10.76628909982457,98632,97336
31.79334049800002,flanneld,5191,0.12,0.0,48044,48132
31.79334049800002,coredns,4884,0.24,1.9575071090590128,66704,42766
31.79334049800002,coredns,4888,0.22,0.9787535545295064,65976,42078
32.81808234900001,nodestore,4244,3.15,9.75855527930431,66460,66740
32.81808234900001,nodeapiserver,4272,9.96,29.275665837912936,363064,363344
32.81808234900001,nodescheduler,4266,0.34,1.9517110558608624,67708,68064
32.81808234900001,nodecontroller,4248,1.15,3.9034221117217247,130624,131108
32.81808234900001,nodelet,4396,2.14,3.9034221117217247,112920,110761
32.81808234900001,nodeproxy,4615,0.05,0.0,49524,49796
32.81808234900001,containerd,3680,1.74,0.0,98632,97336
32.81808234900001,flanneld,5191,0.12,0.0,48044,48132
32.81808234900001,coredns,4884,0.24,0.0,66704,42766
32.81808234900001,coredns,4888,0.23,0.9758555279304312,65976,42090
33.84723834900001,nodestore,4244,3.24,8.745029908002282,66460,66780
33.84723834900001,nodeapiserver,4272,10.22,25.263419734228815,363064,363352
33.84723834900001,nodescheduler,4266,0.35,0.9716699897780313,67708,68064
33.84723834900001,nodecontroller,4248,1.18,2.915009969334094,130624,131108
33.84723834900001,nodelet,4396,2.22,7.7733599182242505,117148,114939
33.84723834900001,nodeproxy,4615,0.05,0.0,49524,49796
33.84723834900001,containerd,3680,1.8,5.830019938668188,98632,97423
33.84723834900001,flanneld,5191,0.12,0.0,48044,48132
33.84723834900001,coredns,4884,0.25,0.9716699897780313,66704,42766
33.84723834900001,coredns,4888,0.23,0.0,66104,42098
34.890956947999996,nodestore,4244,3.32,7.6649012556305856,66460,66828
34.890956947999996,nodeapiserver,4272,10.49,25.869041737753225,363064,363356
34.890956947999996,nodescheduler,4266,0.36,0.9581126569538232,67708,68064
34.890956947999996,nodecontroller,4248,1.2,1.9162253139076464,130624,131112
34.890956947999996,nodelet,4396,2.26,3.8324506278152928,117148,114945
34.890956947999996,nodeproxy,4615,0.05,0.0,49524,49796
34.890956947999996,containerd,3680,1.84,3.8324506278152928,98632,97452
34.890956947999996,flanneld,5191,0.12,0.0,48044,48132
34.890956947999996,coredns,4884,0.25,0.0,66704,42766
34.890956947999996,coredns,4888,0.24,0.9581126569538232,66104,42102
35.925443417999986,nodestore,4244,3.4,7.733305588810722,66460,66864
35.925443417999986,nodeapiserver,4272,10.73,23.199916766432164,363064,363368
35.925443417999986,nodescheduler,4266,0.37,0.9666631986013402,67708,68064
35.925443417999986,nodecontroller,4248,1.22,1.9333263972026804,130624,131112
35.925443417999986,nodelet,4396,2.29,2.8999895958040205,117148,114953
35.925443417999986,nodeproxy,4615,0.05,0.0,49524,49796
35.925443417999986,containerd,3680,1.89,4.833315993006702,98632,97460
35.925443417999986,flanneld,5191,0.12,0.0,48044,48132
35.925443417999986,coredns,4884,0.26,0.9666631986013402,66704,42766
35.925443417999986,coredns,4888,0.24,0.0,66104,42102
36.94603968400003,nodestore,4244,3.49,8.818374414863516,66592,66896
36.94603968400003,nodeapiserver,4272,11.01,27.43494262401983,363064,363372
36.94603968400003,nodescheduler,4266,0.37,0.0,67708,68064
36.94603968400003,nodecontroller,4248,1.25,2.9394581382878386,130624,131116
36.94603968400003,nodelet,4396,2.33,3.919277517717118,117148,114957
36.94603968400003,nodeproxy,4615,0.05,0.0,49524,49796
36.94603968400003,containerd,3680,1.91,1.959638758858559,98632,97460
36.94603968400003,flanneld,5191,0.13,0.9798193794292795,48044,48132
36.94603968400003,coredns,4884,0.26,0.0,66704,42774
36.94603968400003,coredns,4888,0.26,1.959638758858559,66104,42110
37.96345362599999,nodestore,4244,3.58,8.845957017562018,66592,66928
37.96345362599999,nodeapiserver,4272,11.3,28.503639278810947,363064,363372
37.96345362599999,nodescheduler,4266,0.38,0.9828841130624465,67708,68068
37.96345362599999,nodecontroller,4248,1.28,2.9486523391873396,130624,131116
37.96345362599999,nodelet,4396,2.41,7.863072904499572,114800,112617
37.96345362599999,nodeproxy,4615,0.05,0.0,49524,49796
37.96345362599999,containerd,3680,1.95,3.931536452249786,98632,97460
37.96345362599999,flanneld,5191,0.13,0.0,48044,48132
37.96345362599999,coredns,4884,0.27,0.9828841130624465,66704,42774
37.96345362599999,coredns,4888,0.26,0.0,66104,42110
38.99600245100004,nodestore,4244,3.66,7.7478176395190035,68676,69028
38.99600245100004,nodeapiserver,4272,11.54,23.24345291855701,363064,363376
38.99600245100004,nodescheduler,4266,0.39,0.9684772049398754,67708,68068
38.99600245100004,nodecontroller,4248,1.3,1.9369544098797509,130624,131116
38.99600245100004,nodelet,4396,2.47,5.810863229639253,114800,112625
38.99600245100004,nodeproxy,4615,0.05,0.0,49524,49796
38.99600245100004,containerd,3680,2.01,5.810863229639253,100740,99588
38.99600245100004,flanneld,5191,0.14,0.9684772049398754,48044,48132
38.99600245100004,coredns,4884,0.28,0.9684772049398754,66704,42774
38.99600245100004,coredns,4888,0.27,0.9684772049398754,66104,42110
40.01711446500002,nodestore,4244,3.75,8.813920389345412,68676,69060
40.01711446500002,nodeapiserver,4272,11.79,24.483112192626145,363064,363376
40.01711446500002,nodescheduler,4266,0.4,0.9793244877050458,67708,68068
40.01711446500002,nodecontroller,4248,1.33,2.9379734631151373,130624,131116
40.01711446500002,nodelet,4396,2.54,6.855271413935322,114800,112637
40.01711446500002,nodeproxy,4615,0.05,0.0,49524,49796
40.01711446500002,containerd,3680,2.04,2.9379734631151373,100740,99588
40.01711446500002,flanneld,5191,0.14,0.0,48044,48132
40.01711446500002,coredns,4884,0.29,0.9793244877050458,66704,42774
40.01711446500002,coredns,4888,0.27,0.0,66104,42114
41.03853295600004,nodestore,4244,3.85,9.790306410264316,68860,69184
41.03853295600004,nodeapiserver,4272,12.09,29.37091923079295,363064,363380
41.03853295600004,nodescheduler,4266,0.4,0.0,67708,68068
41.03853295600004,nodecontroller,4248,1.37,3.9161225641057267,130752,131128
41.03853295600004,nodelet,4396,2.62,7.832245128211453,114800,112573
41.03853295600004,nodeproxy,4615,0.05,0.0,49524,49852
41.03853295600004,containerd,3680,2.08,3.9161225641057267,100740,99592
41.03853295600004,flanneld,5191,0.15,0.9790306410264317,48044,48132
41.03853295600004,coredns,4884,0.29,0.0,66704,42774
41.03853295600004,coredns,4888,0.28,0.9790306410264317,66104,42118
42.05664312900001,nodestore,4244,3.92,6.87548379894267,68860,69220
42.05664312900001,nodeapiserver,4272,12.36,26.519723224493156,363064,363384
42.05664312900001,nodescheduler,4266,0.42,1.9644239425550485,67708,68068
42.05664312900001,nodecontroller,4248,1.39,1.9644239425550485,130752,131132
42.05664312900001,nodelet,4396,2.66,3.928847885110097,114800,112577
42.05664312900001,nodeproxy,4615,0.06,0.9822119712775242,49524,49852
42.05664312900001,containerd,3680,2.12,3.928847885110097,102812,101644
42.05664312900001,flanneld,5191,0.15,0.0,48044,48132
42.05664312900001,coredns,4884,0.3,0.9822119712775242,66704,42774
42.05664312900001,coredns,4888,0.29,0.9822119712775242,66104,42118
43.093797911000024,nodestore,4244,4.02,9.641762419218008,68860,69304
43.093797911000024,nodeapiserver,4272,12.64,26.996934773810427,363064,363392
43.093797911000024,nodescheduler,4266,0.43,0.9641762419218008,67708,68068
43.093797911000024,nodecontroller,4248,1.44,4.820881209609004,130752,131132
43.093797911000024,nodelet,4396,2.75,8.677586177296208,114800,112580
43.093797911000024,nodeproxy,4615,0.06,0.0,49652,49988
43.093797911000024,containerd,3680,2.26,13.498467386905213,102948,101768
43.093797911000024,flanneld,5191,0.16,0.9641762419218008,48044,48136
43.093797911000024,coredns,4884,0.31,0.9641762419218008,66704,42778
43.093797911000024,coredns,4888,0.29,0.0,66104,42126
44.116372135999995,nodestore,4244,4.14,11.735089450352945,69132,69444
44.116372135999995,nodeapiserver,4272,13.08,43.0286613179608,367296,367556
44.116372135999995,nodescheduler,4266,0.44,0.9779241208627454,67708,68068
44.116372135999995,nodecontroller,4248,1.49,4.889620604313727,130752,131152
44.116372135999995,nodelet,4396,2.9,14.66886181294118,114800,112841
44.116372135999995,nodeproxy,4615,0.06,0.0,49652,50044
44.116372135999995,containerd,3680,2.35,8.801317087764708,101512,100260
44.116372135999995,flanneld,5191,0.16,0.0,48044,48136
44.116372135999995,coredns,4884,0.32,0.9779241208627454,66704,42778
44.116372135999995,coredns,4888,0.31,1.9558482417254908,66104,42126
45.13367053100001,nodestore,4244,4.21,6.880970258485388,69280,69532
45.13367053100001,nodeapiserver,4272,13.33,24.574893780304954,367296,367560
45.13367053100001,nodescheduler,4266,0.44,0.0,67708,68068
45.13367053100001,nodecontroller,4248,1.52,2.9489872536365946,130752,131152
45.13367053100001,nodelet,4396,2.93,2.9489872536365946,114928,112877
45.13367053100001,nodeproxy,4615,0.06,0.0,49652,50044
45.13367053100001,containerd,3680,2.38,2.9489872536365946,101512,100296
45.13367053100001,flanneld,5191,0.16,0.0,48044,48136
45.13367053100001,coredns,4884,0.32,0.0,66704,42782
45.13367053100001,coredns,4888,0.31,0.0,66104,42126
46.16065726800002,nodestore,4244,4.33,11.68466891310965,69408,69584
46.16065726800002,nodeapiserver,4272,13.66,32.13283951105154,367296,367576
46.16065726800002,nodescheduler,4266,0.46,1.9474448188516085,67708,68068
46.16065726800002,nodecontroller,4248,1.57,4.868612047129021,130752,131160
46.16065726800002,nodelet,4396,3.0,6.816056865980631,114928,112880
46.16065726800002,nodeproxy,4615,0.06,0.0,49652,50120
46.16065726800002,containerd,3680,2.42,3.894889637703217,102408,101292
46.16065726800002,flanneld,5191,0.17,0.9737224094258042,48044,48136
46.16065726800002,coredns,4884,0.33,0.9737224094258042,66704,42782
46.16065726800002,coredns,4888,0.32,0.9737224094258042,66104,42126
47.268649656000036,nodestore,4244,4.46,11.732932591229895,69408,69720
47.268649656000036,nodeapiserver,4272,14.01,31.58866466869587,367552,367772
47.268649656000036,nodescheduler,4266,0.47,0.9025332762484534,67708,68068
47.268649656000036,nodecontroller,4248,1.6,2.7075998287453604,130752,131168
47.268649656000036,nodelet,4396,3.06,5.415199657490721,114928,112885
47.268649656000036,nodeproxy,4615,0.06,0.0,49780,50160
47.268649656000036,containerd,3680,2.44,1.8050665524969067,102920,101804
47.268649656000036,flanneld,5191,0.17,0.0,48044,48136
47.268649656000036,coredns,4884,0.34,0.9025332762484534,66704,42782
47.268649656000036,coredns,4888,0.33,0.9025332762484534,66104,42126
48.28729343200001,nodestore,4244,4.55,8.835277073346797,69536,69748
48.28729343200001,nodeapiserver,4272,14.27,25.5241337674463,367552,367776
48.28729343200001,nodescheduler,4266,0.48,0.9816974525940885,67708,68068
48.28729343200001,nodecontroller,4248,1.62,1.963394905188177,130752,131168
48.28729343200001,nodelet,4396,3.13,6.871882168158621,114928,112885
48.28729343200001,nodeproxy,4615,0.06,0.0,49780,50160
48.28729343200001,containerd,3680,2.54,9.816974525940886,100952,99660
48.28729343200001,flanneld,5191,0.17,0.0,48044,48136
48.28729343200001,coredns,4884,0.34,0.0,66704,42782
48.28729343200001,coredns,4888,0.34,0.9816974525940885,66104,42126
49.300317200999984,nodestore,4244,4.64,8.884293019979722,69536,69776
49.300317200999984,nodeapiserver,4272,14.55,27.64002272882581,367552,367776
49.300317200999984,nodescheduler,4266,0.48,0.0,67708,68068
49.300317200999984,nodecontroller,4248,1.65,2.961431006659908,130752,131168
49.300317200999984,nodelet,4396,3.21,7.897149351093087,114928,112885
49.300317200999984,nodeproxy,4615,0.06,0.0,49780,50160
49.300317200999984,containerd,3680,2.56,1.9742873377732717,100952,99660
49.300317200999984,flanneld,5191,0.17,0.0,48044,48136
49.300317200999984,coredns,4884,0.35,0.9871436688866358,66704,42782
49.300317200999984,coredns,4888,0.34,0.0,66104,42126
50.33212675600004,nodestore,4244,4.73,8.722539887701995,69536,69824
50.33212675600004,nodeapiserver,4272,14.83,27.136790761739544,367552,367784
50.33212675600004,nodescheduler,4266,0.49,0.969171098633555,67708,68068
50.33212675600004,nodecontroller,4248,1.68,2.907513295900665,130752,131168
50.33212675600004,nodelet,4396,3.25,3.87668439453422,114928,112885
50.33212675600004,nodeproxy,4615,0.06,0.0,49780,50160
50.33212675600004,containerd,3680,2.59,2.907513295900665,100952,99660
50.33212675600004,flanneld,5191,0.17,0.0,48044,48136
50.33212675600004,coredns,4884,0.35,0.0,66704,42782
50.33212675600004,coredns,4888,0.35,0.969171098633555,66104,42126
51.355350413,nodestore,4244,4.81,7.818427520973856,69672,69904
51.355350413,nodeapiserver,4272,15.12,28.341799763530222,367552,367784
51.355350413,nodescheduler,4266,0.5,0.977303440121732,67708,68068
51.355350413,nodecontroller,4248,1.71,2.931910320365196,130752,131172
51.355350413,nodelet,4396,3.32,6.841124080852125,115696,113585
51.355350413,nodeproxy,4615,0.06,0.0,49780,50160
51.355350413,containerd,3680,2.61,1.954606880243464,100952,99664
51.355350413,flanneld,5191,0.18,0.977303440121732,48044,48136
51.355350413,coredns,4884,0.37,1.954606880243464,66704,42782
51.355350413,coredns,4888,0.35,0.0,66104,42134
52.38182732900003,nodestore,4244,4.94,12.664678374510615,69672,70048
52.38182732900003,nodeapiserver,4272,15.45,32.14879895068079,367552,367800
52.38182732900003,nodescheduler,4266,0.53,2.9226180864255267,67708,68076
52.38182732900003,nodecontroller,4248,1.76,4.871030144042544,130752,131176
52.38182732900003,nodelet,4396,3.45,12.664678374510615,115696,113667
52.38182732900003,nodeproxy,4615,0.06,0.0,49780,50160
52.38182732900003,containerd,3680,2.77,15.587296460936143,101060,99907
52.38182732900003,flanneld,5191,0.19,0.9742060288085089,48300,48456
52.38182732900003,coredns,4884,0.38,0.9742060288085089,66704,42786
52.38182732900003,coredns,4888,0.36,0.9742060288085089,66104,42134
53.44108693499999,nodestore,4244,5.08,13.216778890368255,69960,70272
53.44108693499999,nodeapiserver,4272,15.85,37.762225401052156,367552,367832
53.44108693499999,nodescheduler,4266,0.54,0.9440556350263039,67708,68076
53.44108693499999,nodecontroller,4248,1.86,9.440556350263039,132944,133304
53.44108693499999,nodelet,4396,3.59,13.216778890368255,115952,113897
53.44108693499999,nodeproxy,4615,0.07,0.9440556350263039,49908,50392
53.44108693499999,containerd,3680,2.89,11.328667620315647,101572,100116
53.44108693499999,flanneld,5191,0.19,0.0,48300,48456
53.44108693499999,coredns,4884,0.39,0.9440556350263039,66704,42798
53.44108693499999,coredns,4888,0.37,0.9440556350263039,66104,42206
54.479518952000035,nodestore,4244,5.16,7.7039227113888495,69960,70284
54.479518952000035,nodeapiserver,4272,16.22,35.630642540173426,371904,372056
54.479518952000035,nodescheduler,4266,0.55,0.9629903389236062,67708,68076
54.479518952000035,nodecontroller,4248,1.88,1.9259806778472124,132944,133304
54.479518952000035,nodelet,4396,3.63,3.8519613556944248,115952,113897
54.479518952000035,nodeproxy,4615,0.07,0.0,49908,50452
54.479518952000035,containerd,3680,2.96,6.7409323724652435,101016,99408
54.479518952000035,flanneld,5191,0.19,0.0,48300,48456
54.479518952000035,coredns,4884,0.39,0.0,66704,42798
54.479518952000035,coredns,4888,0.37,0.0,66104,42206
55.519608095000024,nodestore,4244,5.27,10.57601655976532,70088,70416
55.519608095000024,nodeapiserver,4272,16.55,31.728049679295957,371904,372080
55.519608095000024,nodescheduler,4266,0.56,0.9614560508877562,67708,68076
55.519608095000024,nodecontroller,4248,1.95,6.730192356214294,133072,133328
55.519608095000024,nodelet,4396,3.83,19.229121017755126,116336,114373
55.519608095000024,nodeproxy,4615,0.08,0.9614560508877562,50164,50644
55.519608095000024,containerd,3680,3.1,13.460384712428588,101016,99420
55.519608095000024,flanneld,5191,0.21,1.9229121017755124,48300,48456
55.519608095000024,coredns,4884,0.4,0.9614560508877562,66704,42802
55.519608095000024,coredns,4888,0.39,1.9229121017755124,66104,42218
56.564012960000014,nodestore,4244,5.39,11.489797110433907,70088,70472
56.564012960000014,nodeapiserver,4272,16.85,28.72449277608477,371904,372084
56.564012960000014,nodescheduler,4266,0.57,0.9574830925361589,67708,68076
56.564012960000014,nodecontroller,4248,1.97,1.9149661850723179,133072,133328
56.564012960000014,nodelet,4396,3.85,1.9149661850723179,116336,114385
56.564012960000014,nodeproxy,4615,0.09,0.9574830925361589,50164,50692
56.564012960000014,containerd,3680,3.15,4.787415462680795,101016,99416
56.564012960000014,flanneld,5191,0.21,0.0,48300,48456
56.564012960000014,coredns,4884,0.41,0.9574830925361589,66704,42802
56.564012960000014,coredns,4888,0.4,0.9574830925361589,66104,42218
57.57795811099999,nodestore,4244,5.48,8.876219774929659,70088,70524
57.57795811099999,nodeapiserver,4272,17.12,26.628659324788977,371904,372084
57.57795811099999,nodescheduler,4266,0.58,0.986246641658851,67708,68084
57.57795811099999,nodecontroller,4248,2.0,2.958739924976553,133072,133328
57.57795811099999,nodelet,4396,3.92,6.903726491611958,116336,114396
57.57795811099999,nodeproxy,4615,0.09,0.0,50164,50692
57.57795811099999,containerd,3680,3.22,6.903726491611958,101144,99578
57.57795811099999,flanneld,5191,0.22,0.986246641658851,48300,48456
57.57795811099999,coredns,4884,0.41,0.0,66704,42802
57.57795811099999,coredns,4888,0.4,0.0,66104,42218
58.596844523000016,nodestore,4244,5.59,10.796100399854668,70220,70672
58.596844523000016,nodeapiserver,4272,17.47,34.351228544992125,371904,372092
58.596844523000016,nodescheduler,4266,0.59,0.9814636727140607,67708,68084
58.596844523000016,nodecontroller,4248,2.05,4.907318363570304,133072,133328
58.596844523000016,nodelet,4396,4.01,8.833173054426545,116336,114409
58.596844523000016,nodeproxy,4615,0.09,0.0,50420,50804
58.596844523000016,containerd,3680,3.25,2.944391018142182,101144,99584
58.596844523000016,flanneld,5191,0.22,0.0,48300,48456
58.596844523000016,coredns,4884,0.42,0.9814636727140607,66704,42802
58.596844523000016,coredns,4888,0.42,1.9629273454281213,66104,42218
59.61405322000002,nodestore,4244,5.67,7.864659458372673,70220,70688
59.61405322000002,nodeapiserver,4272,17.71,23.59397837511802,371904,372096
59.61405322000002,nodescheduler,4266,0.6,0.9830824322965841,67708,68084
59.61405322000002,nodecontroller,4248,2.08,2.9492472968897525,133072,133332
59.61405322000002,nodelet,4396,4.07,5.898494593779505,118464,116465
59.61405322000002,nodeproxy,4615,0.09,0.0,50548,50876
59.61405322000002,containerd,3680,3.29,3.9323297291863364,101528,100096
59.61405322000002,flanneld,5191,0.22,0.0,48300,48460
59.61405322000002,coredns,4884,0.42,0.0,66704,42802
59.61405322000002,coredns,4888,0.42,0.0,66104,42218
60.64466023599999,nodestore,4244,5.78,10.673321478727692,72564,72816
60.64466023599999,nodeapiserver,4272,18.03,31.049662483571463,371904,372104
60.64466023599999,nodescheduler,4266,0.61,0.9703019526116082,67708,68088
60.64466023599999,nodecontroller,4248,2.11,2.910905857834825,133072,133340
60.64466023599999,nodelet,4396,4.12,4.851509763058042,118464,116465
60.64466023599999,nodeproxy,4615,0.09,0.0,50548,50876
60.64466023599999,containerd,3680,3.3,0.9703019526116082,101528,100096
60.64466023599999,flanneld,5191,0.22,0.0,48300,48460
60.64466023599999,coredns,4884,0.43,0.9703019526116082,66704,42810
60.64466023599999,coredns,4888,0.43,0.9703019526116082,66104,42218
61.66318174100002,nodestore,4244,5.88,9.818153029571787,72564,72856
61.66318174100002,nodeapiserver,4272,18.31,27.490828482801007,371904,372108
61.66318174100002,nodescheduler,4266,0.61,0.0,67708,68088
61.66318174100002,nodecontroller,4248,2.14,2.945445908871536,133072,133340
61.66318174100002,nodelet,4396,4.16,3.9272612118287147,118464,116465
61.66318174100002,nodeproxy,4615,0.09,0.0,50548,50876
61.66318174100002,containerd,3680,3.34,3.9272612118287147,101912,100512
61.66318174100002,flanneld,5191,0.23,0.9818153029571787,48300,48460
61.66318174100002,coredns,4884,0.44,0.9818153029571787,66704,42810
61.66318174100002,coredns,4888,0.44,0.9818153029571787,66104,42218
62.68523721600002,nodestore,4244,5.96,7.827363773967343,72564,72904
62.68523721600002,nodeapiserver,4272,18.59,27.395773208885704,371904,372112
62.68523721600002,nodescheduler,4266,0.63,1.9568409434918357,67708,68100
62.68523721600002,nodecontroller,4248,2.15,0.9784204717459178,133072,133340
62.68523721600002,nodelet,4396,4.24,7.827363773967343,118464,116465
62.68523721600002,nodeproxy,4615,0.09,0.0,50548,50876
62.68523721600002,containerd,3680,3.41,6.848943302221426,101912,100556
62.68523721600002,flanneld,5191,0.23,0.0,48300,48460
62.68523721600002,coredns,4884,0.44,0.0,66704,42810
62.68523721600002,coredns,4888,0.44,0.0,66104,42218
63.703060272000016,nodestore,4244,6.07,10.807379470484335,72728,73028
63.703060272000016,nodeapiserver,4272,18.91,31.439649368681703,371904,372112
63.703060272000016,nodescheduler,4266,0.65,1.9649780855426064,67708,68100
63.703060272000016,nodecontroller,4248,2.2,4.912445213856516,133072,133344
63.703060272000016,nodelet,4396,4.31,6.877423299399123,118464,116472
63.703060272000016,nodeproxy,4615,0.09,0.0,50548,50876
63.703060272000016,containerd,3680,3.44,2.9474671283139093,101912,100560
63.703060272000016,flanneld,5191,0.23,0.0,48300,48460
63.703060272000016,coredns,4884,0.46,1.9649780855426064,66704,42810
63.703060272000016,coredns,4888,0.44,0.0,66104,42218
64.72902154799999,nodestore,4244,6.19,11.696347884381835,72728,73124
64.72902154799999,nodeapiserver,4272,19.38,45.810695880495516,374200,374284
64.72902154799999,nodescheduler,4266,0.66,0.9746956570318195,67708,68100
64.72902154799999,nodecontroller,4248,2.25,4.873478285159098,133072,133356
64.72902154799999,nodelet,4396,4.49,17.54452182657275,115184,113208
64.72902154799999,nodeproxy,4615,0.09,0.0,50676,51064
64.72902154799999,containerd,3680,3.67,22.41800011173185,102464,100984
64.72902154799999,flanneld,5191,0.24,0.9746956570318195,48024,48076
64.72902154799999,coredns,4884,0.46,0.0,66704,42818
64.72902154799999,coredns,4888,0.45,0.9746956570318195,66104,42222
65.77690722900002,nodestore,4244,6.31,11.451630857812734,73032,73268
65.77690722900002,nodeapiserver,4272,19.71,31.49198485898502,374200,374288
65.77690722900002,nodescheduler,4266,0.67,0.9543025714843946,67708,68100
65.77690722900002,nodecontroller,4248,2.29,3.8172102859375783,133072,133356
65.77690722900002,nodelet,4396,4.54,4.771512857421973,115184,113208
65.77690722900002,nodeproxy,4615,0.09,0.0,50676,51184
65.77690722900002,containerd,3680,3.71,3.8172102859375783,102464,100984
65.77690722900002,flanneld,5191,0.25,0.9543025714843946,48024,48076
65.77690722900002,coredns,4884,0.48,1.9086051429687891,66704,42826
65.77690722900002,coredns,4888,0.46,0.9543025714843946,66104,42226
66.79592925100002,nodestore,4244,6.4,8.831997548331676,73032,73320
66.79592925100002,nodeapiserver,4272,19.99,27.477325705920773,374200,374296
66.79592925100002,nodescheduler,4266,0.68,0.9813330609257418,67708,68108
66.79592925100002,nodecontroller,4248,2.32,2.943999182777225,133072,133360
66.79592925100002,nodelet,4396,4.62,7.850664487405934,112872,110832
66.79592925100002,nodeproxy,4615,0.09,0.0,50676,51196
66.79592925100002,containerd,3680,3.8,8.831997548331676,100760,99260
66.79592925100002,flanneld,5191,0.26,0.9813330609257418,48024,48080
66.79592925100002,coredns,4884,0.48,0.0,66704,42826
66.79592925100002,coredns,4888,0.47,0.9813330609257418,66104,42226
67.81852793000002,nodestore,4244,6.47,6.845305146340811,73032,73348
67.81852793000002,nodeapiserver,4272,20.25,25.42541911498015,374200,374296
67.81852793000002,nodescheduler,4266,0.69,0.9779007351915443,67708,68116
67.81852793000002,nodecontroller,4248,2.35,2.933702205574633,133072,133360
67.81852793000002,nodelet,4396,4.72,9.779007351915443,113896,111904
67.81852793000002,nodeproxy,4615,0.09,0.0,50676,51196
67.81852793000002,containerd,3680,4.02,21.513816174213975,101236,99516
67.81852793000002,flanneld,5191,0.26,0.0,48024,48080
67.81852793000002,coredns,4884,0.49,0.9779007351915443,66704,42826
67.81852793000002,coredns,4888,0.47,0.0,66104,42226
68.83605352900003,nodestore,4244,6.54,6.8794338018418095,73032,73376
68.83605352900003,nodeapiserver,4272,20.48,22.60385392033737,374200,374296
68.83605352900003,nodescheduler,4266,0.7,0.9827762574059727,67708,68116
68.83605352900003,nodecontroller,4248,2.37,1.9655525148119455,133072,133360
68.83605352900003,nodelet,4396,4.8,7.862210059247782,112060,109728
68.83605352900003,nodeproxy,4615,0.09,0.0,50676,51196
68.83605352900003,containerd,3680,4.31,28.500511464773204,99012,97548
68.83605352900003,flanneld,5191,0.26,0.0,48024,48080
68.83605352900003,coredns,4884,0.49,0.0,66704,42826
68.83605352900003,coredns,4888,0.47,0.0,66104,42226
69.867034429,nodestore,4244,6.64,9.699500737598774,73032,73432
69.867034429,nodeapiserver,4272,20.78,29.09850221279632,374200,374304
69.867034429,nodescheduler,4266,0.7,0.0,67708,68116
69.867034429,nodecontroller,4248,2.41,3.879800295039509,133072,133360
69.867034429,nodelet,4396,4.89,8.729550663838896,112956,110708
69.867034429,nodeproxy,4615,0.09,0.0,50676,51196
69.867034429,containerd,3680,4.38,6.789650516319142,99012,97620
69.867034429,flanneld,5191,0.26,0.0,48024,48080
69.867034429,coredns,4884,0.5,0.9699500737598773,66704,42826
69.867034429,coredns,4888,0.49,1.9399001475197546,66104,42230
70.89830089399999,nodestore,4244,6.77,12.605859340146544,73160,73568
70.89830089399999,nodeapiserver,4272,21.14,34.90853355732889,374200,374312
70.89830089399999,nodescheduler,4266,0.71,0.9696814877035803,67708,68120
70.89830089399999,nodecontroller,4248,2.46,4.848407438517901,133072,133392
70.89830089399999,nodelet,4396,4.96,6.787770413925063,115052,112755
70.89830089399999,nodeproxy,4615,0.1,0.9696814877035803,50804,51308
70.89830089399999,containerd,3680,4.42,3.8787259508143213,99908,98607
70.89830089399999,flanneld,5191,0.26,0.0,48024,48080
70.89830089399999,coredns,4884,0.52,1.9393629754071606,66704,42830
70.89830089399999,coredns,4888,0.49,0.0,66104,42230
71.92301518100004,nodestore,4244,6.86,8.782935999017203,73160,73616
71.92301518100004,nodeapiserver,4272,21.42,27.32468977472019,374200,374320
71.92301518100004,nodescheduler,4266,0.72,0.9758817776685782,67708,68120
71.92301518100004,nodecontroller,4248,2.49,2.9276453330057346,135144,135444
71.92301518100004,nodelet,4396,5.02,5.855290666011469,116204,114252
71.92301518100004,nodeproxy,4615,0.1,0.0,50804,51372
71.92301518100004,containerd,3680,4.49,6.831172443680048,99908,98612
71.92301518100004,flanneld,5191,0.27,0.9758817776685782,48024,48080
71.92301518100004,coredns,4884,0.52,0.0,66704,42830
71.92301518100004,coredns,4888,0.5,0.9758817776685782,66104,42230
72.93539148100001,nodestore,4244,6.94,7.902200002114063,73160,73636
72.93539148100001,nodeapiserver,4272,21.66,23.70660000634219,374200,374320
72.93539148100001,nodescheduler,4266,0.74,1.9755500005285158,67708,68124
72.93539148100001,nodecontroller,4248,2.5,0.9877750002642579,135144,135444
72.93539148100001,nodelet,4396,5.07,4.938875001321289,117228,115251
72.93539148100001,nodeproxy,4615,0.1,0.0,50804,51372
72.93539148100001,containerd,3680,4.51,1.9755500005285158,99908,98612
72.93539148100001,flanneld,5191,0.27,0.0,48024,48080
72.93539148100001,coredns,4884,0.52,0.0,66704,42830
72.93539148100001,coredns,4888,0.5,0.0,66104,42234
73.94969966400004,nodestore,4244,7.02,7.88714922553257,73296,73676
73.94969966400004,nodeapiserver,4272,21.95,28.59091594255556,374200,374324
73.94969966400004,nodescheduler,4266,0.74,0.0,67708,68124
73.94969966400004,nodecontroller,4248,2.55,4.929468265957857,135144,135496
73.94969966400004,nodelet,4396,5.12,4.929468265957857,117228,115356
73.94969966400004,nodeproxy,4615,0.1,0.0,50804,51372
73.94969966400004,containerd,3680,4.53,1.9717873063831426,99908,98612
73.94969966400004,flanneld,5191,0.27,0.0,48024,48080
73.94969966400004,coredns,4884,0.53,0.9858936531915713,66704,42830
73.94969966400004,coredns,4888,0.51,0.9858936531915713,66104,42234
74.966324257,nodestore,4244,7.11,8.852825381138848,73296,73704
74.966324257,nodeapiserver,4272,22.24,28.525770672558505,374200,374332
74.966324257,nodescheduler,4266,0.75,0.983647264570983,67708,68128
74.966324257,nodecontroller,4248,2.58,2.950941793712949,137276,137560
74.966324257,nodelet,4396,5.16,3.934589058283932,117228,115360
74.966324257,nodeproxy,4615,0.1,0.0,50804,51372
74.966324257,containerd,3680,4.55,1.967294529141966,99908,98612
74.966324257,flanneld,5191,0.27,0.0,48024,48080
74.966324257,coredns,4884,0.54,0.983647264570983,66704,42834
74.966324257,coredns,4888,0.52,0.983647264570983,66104,42234
75.98785867999999,nodestore,4244,7.23,11.747034392398641,75676,75900
75.98785867999999,nodeapiserver,4272,22.69,44.0513789714949,378356,378464
75.98785867999999,nodescheduler,4266,0.77,1.9578390653997735,67708,68128
75.98785867999999,nodecontroller,4248,2.65,6.852436728899208,139396,139660
75.98785867999999,nodelet,4396,5.28,11.747034392398641,118380,116445
75.98785867999999,nodeproxy,4615,0.11,0.9789195326998867,50804,51376
75.98785867999999,containerd,3680,4.69,13.704873457798415,99908,98606
75.98785867999999,flanneld,5191,0.29,1.9578390653997735,48152,48144
75.98785867999999,coredns,4884,0.54,0.0,66704,42834
75.98785867999999,coredns,4888,0.52,0.0,66104,42234
77.00831045900003,nodestore,4244,7.33,9.799581132387441,75820,76020
77.00831045900003,nodeapiserver,4272,22.98,28.418785283923576,380440,380524
77.00831045900003,nodescheduler,4266,0.78,0.9799581132387442,67708,68136
77.00831045900003,nodecontroller,4248,2.7,4.899790566193721,139396,139664
77.00831045900003,nodelet,4396,5.4,11.75949735886493,118764,116902
77.00831045900003,nodeproxy,4615,0.12,0.9799581132387442,50932,51456
77.00831045900003,containerd,3680,4.89,19.599162264774883,100676,99361
77.00831045900003,flanneld,5191,0.3,0.9799581132387442,48152,48144
77.00831045900003,coredns,4884,0.55,0.9799581132387442,66704,42842
77.00831045900003,coredns,4888,0.53,0.9799581132387442,65840,41914
78.08382404400004,nodestore,4244,7.49,14.876613576201224,75820,76300
78.08382404400004,nodeapiserver,4272,23.41,39.98089898604079,380440,380536
78.08382404400004,nodescheduler,4266,0.81,2.7893650455377297,67708,68144
78.08382404400004,nodecontroller,4248,2.79,8.368095136613189,139396,139704
78.08382404400004,nodelet,4396,5.65,23.24470871281441,119276,117464
78.08382404400004,nodeproxy,4615,0.12,0.0,51060,51580
78.08382404400004,containerd,3680,5.07,16.736190273226377,102340,101220
78.08382404400004,flanneld,5191,0.31,0.9297883485125765,48152,48208
78.08382404400004,coredns,4884,0.56,0.9297883485125765,66704,42914
78.08382404400004,coredns,4888,0.54,0.9297883485125765,65840,41914
79.11404153300003,nodestore,4244,7.6,10.677357079889426,75948,76348
79.11404153300003,nodeapiserver,4272,23.72,30.09073358877929,380440,380544
79.11404153300003,nodescheduler,4266,0.81,0.0,67708,68152
79.11404153300003,nodecontroller,4248,2.83,3.882675301777973,139396,139704
79.11404153300003,nodelet,4396,5.71,5.82401295266696,119532,117704
79.11404153300003,nodeproxy,4615,0.12,0.0,51060,51580
79.11404153300003,containerd,3680,5.12,4.853344127222466,100616,99404
79.11404153300003,flanneld,5191,0.31,0.0,48152,48208
79.11404153300003,coredns,4884,0.56,0.0,66704,42918
79.11404153300003,coredns,4888,0.56,1.9413376508889866,65840,41914
80.137593788,nodestore,4244,7.68,7.815917517567517,75948,76356
80.137593788,nodeapiserver,4272,23.97,24.42474224239849,380440,380544
80.137593788,nodescheduler,4266,0.82,0.9769896896959396,67708,68152
80.137593788,nodecontroller,4248,2.85,1.9539793793918792,139396,139704
80.137593788,nodelet,4396,5.82,10.746886586655336,117692,115808
80.137593788,nodeproxy,4615,0.12,0.0,51060,51580
80.137593788,containerd,3680,5.15,2.9309690690878187,101640,100428
80.137593788,flanneld,5191,0.31,0.0,48152,48208
80.137593788,coredns,4884,0.57,0.9769896896959396,66704,42918
80.137593788,coredns,4888,0.57,0.9769896896959396,65840,41914
81.17770544800004,nodestore,4244,7.76,7.691481893395676,75948,76428
81.17770544800004,nodeapiserver,4272,24.24,25.95875139021041,380440,380544
81.17770544800004,nodescheduler,4266,0.83,0.9614352366744595,67708,68152
81.17770544800004,nodecontroller,4248,2.87,1.922870473348919,139396,139708
81.17770544800004,nodelet,4396,5.88,5.768611420046757,117692,115812
81.17770544800004,nodeproxy,4615,0.12,0.0,51060,51580
81.17770544800004,containerd,3680,5.22,6.730046656721218,101640,100428
81.17770544800004,flanneld,5191,0.31,0.0,48152,48208
81.17770544800004,coredns,4884,0.58,0.9614352366744595,66704,42918
81.17770544800004,coredns,4888,0.57,0.0,65840,41918
82.21571151300003,nodestore,4244,7.84,7.707084062172675,75948,76452
82.21571151300003,nodeapiserver,4272,24.49,24.084637694289608,380440,380544
82.21571151300003,nodescheduler,4266,0.84,0.9633855077715844,67708,68152
82.21571151300003,nodecontroller,4248,2.89,1.9267710155431688,139396,139712
82.21571151300003,nodelet,4396,5.92,3.8535420310863375,117692,115812
82.21571151300003,nodeproxy,4615,0.12,0.0,51060,51580
82.21571151300003,containerd,3680,5.26,3.8535420310863375,100512,99164
82.21571151300003,flanneld,5191,0.31,0.0,48152,48208
82.21571151300003,coredns,4884,0.58,0.0,66704,42918
82.21571151300003,coredns,4888,0.57,0.0,65840,41922
83.24883036800003,nodestore,4244,7.97,12.583256938041293,76076,76588
83.24883036800003,nodeapiserver,4272,24.88,37.74977081412388,380440,380560
83.24883036800003,nodescheduler,4266,0.85,0.9679428413877917,67708,68152
83.24883036800003,nodecontroller,4248,2.96,6.7755998897145435,139396,139720
83.24883036800003,nodelet,4396,6.01,8.711485572490126,117692,115812
83.24883036800003,nodeproxy,4615,0.12,0.0,51060,51580
83.24883036800003,containerd,3680,5.28,1.9358856827755835,100512,99164
83.24883036800003,flanneld,5191,0.31,0.0,48152,48208
83.24883036800003,coredns,4884,0.6,1.9358856827755835,66704,42918
83.24883036800003,coredns,4888,0.58,0.9679428413877917,65840,41926
84.27264026800003,nodestore,4244,8.04,6.837206790049576,76076,76616
84.27264026800003,nodeapiserver,4272,25.14,25.395339505898423,380440,380560
84.27264026800003,nodescheduler,4266,0.87,1.9534876542998787,67708,68160
84.27264026800003,nodecontroller,4248,2.98,1.9534876542998787,139396,139720
84.27264026800003,nodelet,4396,6.04,2.9302314814498183,117692,115812
84.27264026800003,nodeproxy,4615,0.13,0.9767438271499393,51060,51580
84.27264026800003,containerd,3680,5.3,1.9534876542998787,101408,100152
84.27264026800003,flanneld,5191,0.31,0.0,48152,48208
84.27264026800003,coredns,4884,0.6,0.0,66704,42922
84.27264026800003,coredns,4888,0.58,0.0,65840,41926
85.29497060800003,nodestore,4244,8.14,9.781574124074256,78332,78720
85.29497060800003,nodeapiserver,4272,25.41,26.41025013500049,384596,384704
85.29497060800003,nodescheduler,4266,0.87,0.0,67708,68160
85.29497060800003,nodecontroller,4248,3.01,2.9344722372222765,139396,139720
85.29497060800003,nodelet,4396,6.11,6.84710188685198,117692,115816
85.29497060800003,nodeproxy,4615,0.13,0.0,51060,51580
85.29497060800003,containerd,3680,5.36,5.868944474444553,101408,100164
85.29497060800003,flanneld,5191,0.31,0.0,48152,48208
85.29497060800003,coredns,4884,0.61,0.9781574124074256,66704,42926
85.29497060800003,coredns,4888,0.59,0.9781574124074256,65840,41926
86.311866936,nodestore,4244,8.22,7.867075315075986,78332,78744
86.311866936,nodeapiserver,4272,25.81,39.335376575379925,388732,388908
86.311866936,nodescheduler,4266,0.88,0.9833844143844982,67708,68160
86.311866936,nodecontroller,4248,3.03,1.9667688287689964,139396,139720
86.311866936,nodelet,4396,6.13,1.9667688287689964,118588,116712
86.311866936,nodeproxy,4615,0.13,0.0,51060,51580
86.311866936,containerd,3680,5.4,3.933537657537993,101408,100168
86.311866936,flanneld,5191,0.32,0.9833844143844982,48152,48208
86.311866936,coredns,4884,0.62,0.9833844143844982,66704,42926
86.311866936,coredns,4888,0.6,0.9833844143844982,65840,41926
87.33243737600003,nodestore,4244,8.3,7.838753393641086,78460,78760
87.33243737600003,nodeapiserver,4272,26.06,24.49610435512839,388732,388916
87.33243737600003,nodescheduler,4266,0.89,0.9798441742051357,67708,68160
87.33243737600003,nodecontroller,4248,3.06,2.939532522615407,139396,139720
87.33243737600003,nodelet,4396,6.2,6.858909219435951,118588,116712
87.33243737600003,nodeproxy,4615,0.13,0.0,51060,51580
87.33243737600003,containerd,3680,5.42,1.9596883484102714,101408,100168
87.33243737600003,flanneld,5191,0.33,0.9798441742051357,47844,47952
87.33243737600003,coredns,4884,0.63,0.9798441742051357,66704,42926
87.33243737600003,coredns,4888,0.6,0.0,65840,41926
88.36008019799999,nodestore,4244,8.43,12.650309739623214,78596,78900
88.36008019799999,nodeapiserver,4272,26.43,36.00472772046607,388732,388928
88.36008019799999,nodescheduler,4266,0.91,1.9462014984035716,67708,68164
88.36008019799999,nodecontroller,4248,3.11,4.865503746008929,139584,139796
88.36008019799999,nodelet,4396,6.3,9.731007492017858,118588,116711
88.36008019799999,nodeproxy,4615,0.13,0.0,51060,51580
88.36008019799999,containerd,3680,5.51,8.757906742816072,101408,100167
88.36008019799999,flanneld,5191,0.33,0.0,47844,47952
88.36008019799999,coredns,4884,0.63,0.0,66704,42926
88.36008019799999,coredns,4888,0.61,0.9731007492017858,65840,41926
89.399006719,nodestore,4244,8.49,5.775191872303697,78596,78940
89.399006719,nodeapiserver,4272,26.63,19.250639574345655,388732,388932
89.399006719,nodescheduler,4266,0.92,0.9625319787172828,67708,68164
89.399006719,nodecontroller,4248,3.15,3.850127914869131,139584,139804
89.399006719,nodelet,4396,6.47,16.36304363819381,118716,116756
89.399006719,nodeproxy,4615,0.14,0.9625319787172828,51060,51620
89.399006719,containerd,3680,5.77,25.025831446649352,102048,100992
89.399006719,flanneld,5191,0.33,0.0,47844,48032
89.399006719,coredns,4884,0.64,0.9625319787172828,66704,42926
89.399006719,coredns,4888,0.62,0.9625319787172828,65840,41926
90.56607840800001,nodestore,4244,8.71,18.850598645615673,78892,79240
90.56607840800001,nodeapiserver,4272,27.14,43.699115042109064,388732,388944
90.56607840800001,nodescheduler,4266,0.94,1.7136907859650612,67836,68172
90.56607840800001,nodecontroller,4248,3.26,9.425299322807836,139584,139856
90.56607840800001,nodelet,4396,6.72,21.421134824563264,118556,116544
90.56607840800001,nodeproxy,4615,0.14,0.0,51188,51712
90.56607840800001,containerd,3680,5.88,9.425299322807836,99868,98592
90.56607840800001,flanneld,5191,0.35,1.7136907859650612,48228,48416
90.56607840800001,coredns,4884,0.66,1.7136907859650612,66704,42934
90.56607840800001,coredns,4888,0.62,0.0,65840,41926
91.58685797300001,nodestore,4244,8.79,7.837147484432661,78892,79276
91.58685797300001,nodeapiserver,4272,27.41,26.45037275996023,388732,388952
91.58685797300001,nodescheduler,4266,0.94,0.0,67836,68172
91.58685797300001,nodecontroller,4248,3.29,2.9389303066622476,139584,139856
91.58685797300001,nodelet,4396,6.76,3.9185737422163305,118684,116760
91.58685797300001,nodeproxy,4615,0.14,0.0,51188,51712
91.58685797300001,containerd,3680,5.89,0.9796434355540826,99868,98632
91.58685797300001,flanneld,5191,0.35,0.0,48228,48416
91.58685797300001,coredns,4884,0.66,0.0,66704,42934
91.58685797300001,coredns,4888,0.63,0.9796434355540826,65840,41926
92.61137586000001,nodestore,4244,8.87,7.808550833041713,78892,79304
92.61137586000001,nodeapiserver,4272,27.69,27.329927915646,388732,388952
92.61137586000001,nodescheduler,4266,0.95,0.9760688541302142,67836,68176
92.61137586000001,nodecontroller,4248,3.31,1.9521377082604283,139584,139856
92.61137586000001,nodelet,4396,6.79,2.9282065623906424,118684,116772
92.61137586000001,nodeproxy,4615,0.14,0.0,51188,51712
92.61137586000001,containerd,3680,5.93,3.9042754165208566,100892,99616
92.61137586000001,flanneld,5191,0.35,0.0,48228,48416
92.61137586000001,coredns,4884,0.67,0.9760688541302142,66704,42934
92.61137586000001,coredns,4888,0.64,0.9760688541302142,65840,41926
93.629043669,nodestore,4244,8.97,9.826389231891401,78892,79344
93.629043669,nodeapiserver,4272,27.97,27.51388984929593,388732,388952
93.629043669,nodescheduler,4266,0.96,0.9826389231891401,67836,68176
93.629043669,nodecontroller,4248,3.35,3.9305556927565606,139584,139856
93.629043669,nodelet,4396,6.83,3.9305556927565606,118684,116780
93.629043669,nodeproxy,4615,0.14,0.0,51188,51712
93.629043669,containerd,3680,5.94,0.9826389231891401,100892,99656
93.629043669,flanneld,5191,0.35,0.0,48228,48416
93.629043669,coredns,4884,0.67,0.0,66704,42934
93.629043669,coredns,4888,0.64,0.0,65840,41926
94.659271552,nodestore,4244,9.05,7.765272258700777,78892,79396
94.659271552,nodeapiserver,4272,28.27,29.119770970127913,388732,388952
94.659271552,nodescheduler,4266,0.96,0.0,67836,68176
94.659271552,nodecontroller,4248,3.38,2.911977097012791,139584,139856
94.659271552,nodelet,4396,6.89,5.823954194025582,118080,116044
94.659271552,nodeproxy,4615,0.14,0.0,51188,51712
94.659271552,containerd,3680,5.96,1.9413180646751942,100892,99696
94.659271552,flanneld,5191,0.35,0.0,48228,48416
94.659271552,coredns,4884,0.68,0.9706590323375971,66704,42934
94.659271552,coredns,4888,0.64,0.0,65840,41934
95.67892023799999,nodestore,4244,9.19,13.730219233568693,79172,79572
95.67892023799999,nodeapiserver,4272,28.6,32.36408819341192,388732,388972
95.67892023799999,nodescheduler,4266,0.98,1.961459890509813,67836,68176
95.67892023799999,nodecontroller,4248,3.43,4.903649726274533,139584,139864
95.67892023799999,nodelet,4396,6.98,8.82656950729416,118080,116044
95.67892023799999,nodeproxy,4615,0.14,0.0,51188,51720
95.67892023799999,containerd,3680,6.05,8.82656950729416,98164,96816
95.67892023799999,flanneld,5191,0.35,0.0,48228,48416
95.67892023799999,coredns,4884,0.69,0.9807299452549065,66704,42934
95.67892023799999,coredns,4888,0.65,0.9807299452549065,65840,41938
96.69436331899999,nodestore,4244,9.27,7.878334246092513,79172,79596
96.69436331899999,nodeapiserver,4272,28.98,37.42208766893944,388732,389016
96.69436331899999,nodescheduler,4266,0.98,0.0,67964,68240
96.69436331899999,nodecontroller,4248,3.45,1.9695835615231283,139584,139864
96.69436331899999,nodelet,4396,7.0,1.9695835615231283,118208,116088
96.69436331899999,nodeproxy,4615,0.14,0.0,51188,51720
96.69436331899999,containerd,3680,6.09,3.9391671230462566,99188,97804
96.69436331899999,flanneld,5191,0.35,0.0,48228,48416
96.69436331899999,coredns,4884,0.7,0.9847917807615642,66704,42934
96.69436331899999,coredns,4888,0.66,0.9847917807615642,65840,41942
97.71357234100003,nodestore,4244,9.36,8.83037709216789,79172,79656
97.71357234100003,nodeapiserver,4272,29.28,29.434590307226298,388732,389032
97.71357234100003,nodescheduler,4266,0.99,0.9811530102408766,67964,68244
97.71357234100003,nodecontroller,4248,3.48,2.94345903072263,139584,139868
97.71357234100003,nodelet,4396,7.09,8.83037709216789,117732,115668
97.71357234100003,nodeproxy,4615,0.14,0.0,51188,51720
97.71357234100003,containerd,3680,6.14,4.905765051204383,99188,97804
97.71357234100003,flanneld,5191,0.35,0.0,48228,48416
97.71357234100003,coredns,4884,0.71,0.9811530102408766,66704,42934
97.71357234100003,coredns,4888,0.67,0.9811530102408766,65840,41942
98.74301701799999,nodestore,4244,9.44,7.7711801117024235,79172,79668
98.74301701799999,nodeapiserver,4272,29.55,26.22773287699568,388732,389032
98.74301701799999,nodescheduler,4266,1.0,0.9713975139628029,67964,68244
98.74301701799999,nodecontroller,4248,3.5,1.9427950279256059,139584,139868
98.74301701799999,nodelet,4396,7.13,3.8855900558512118,117732,115668
98.74301701799999,nodeproxy,4615,0.14,0.0,51188,51720
98.74301701799999,containerd,3680,6.16,1.9427950279256059,99188,97804
98.74301701799999,flanneld,5191,0.35,0.0,48228,48416
98.74301701799999,coredns,4884,0.72,0.9713975139628029,66704,42934
98.74301701799999,coredns,4888,0.67,0.0,65840,41942
99.785170945,nodestore,4244,9.53,8.635960357514316,79172,79728
99.785170945,nodeapiserver,4272,29.84,27.82698337421279,388732,389040
99.785170945,nodescheduler,4266,1.01,0.9595511508349239,67964,68244
99.785170945,nodecontroller,4248,3.53,2.878653452504772,139584,139868
99.785170945,nodelet,4396,7.19,5.757306905009544,117732,115668
99.785170945,nodeproxy,4615,0.14,0.0,51188,51720
99.785170945,containerd,3680,6.26,9.59551150834924,99188,97956
99.785170945,flanneld,5191,0.36,0.9595511508349239,48228,48416
99.785170945,coredns,4884,0.72,0.0,66704,42938
99.785170945,coredns,4888,0.67,0.0,65840,41942
100.80114316000004,nodestore,4244,9.65,11.811346632151357,79320,79912
100.80114316000004,nodeapiserver,4272,30.16,31.49692435240362,388732,389056
100.80114316000004,nodescheduler,4266,1.04,2.9528366580378393,67964,68260
100.80114316000004,nodecontroller,4248,3.59,5.905673316075679,139584,139884
100.80114316000004,nodelet,4396,7.37,17.717019948227037,118756,116664
100.80114316000004,nodeproxy,4615,0.15,0.9842788860126132,51444,51824
100.80114316000004,containerd,3680,6.37,10.827067746138745,99572,98292
100.80114316000004,flanneld,5191,0.37,0.9842788860126132,48228,48352
100.80114316000004,coredns,4884,0.73,0.9842788860126132,66704,42938
100.80114316000004,coredns,4888,0.68,0.9842788860126132,67968,44038
101.82996034900003,nodestore,4244,9.76,10.691889791122122,79452,80000
101.82996034900003,nodeapiserver,4272,30.43,26.243729487299756,388732,389060
101.82996034900003,nodescheduler,4266,1.05,0.9719899810111021,67964,68268
101.82996034900003,nodecontroller,4248,3.63,3.8879599240444085,139584,139888
101.82996034900003,nodelet,4396,7.57,19.439799620222043,119196,116938
101.82996034900003,nodeproxy,4615,0.15,0.0,51444,51860
101.82996034900003,containerd,3680,6.61,23.32775954426645,100980,99953
101.82996034900003,flanneld,5191,0.38,0.9719899810111021,48228,48352
101.82996034900003,coredns,4884,0.74,0.9719899810111021,66704,42938
101.82996034900003,coredns,4888,0.69,0.9719899810111021,67968,44086
102.85300790500003,nodestore,4244,9.87,10.752188337176438,79740,80176
102.85300790500003,nodeapiserver,4272,30.79,35.18898001257743,388732,389064
102.85300790500003,nodescheduler,4266,1.06,0.9774716670160398,67964,68268
102.85300790500003,nodecontroller,4248,3.68,4.887358335080199,139584,139896
102.85300790500003,nodelet,4396,7.69,11.729660004192478,119324,117204
102.85300790500003,nodeproxy,4615,0.16,0.9774716670160398,51572,51908
102.85300790500003,containerd,3680,6.69,7.819773336128319,101108,99972
102.85300790500003,flanneld,5191,0.38,0.0,48228,48352
102.85300790500003,coredns,4884,0.74,0.0,66704,42906
102.85300790500003,coredns,4888,0.71,1.9549433340320796,67968,44174
103.88163936300003,nodestore,4244,9.97,9.72165484754204,79740,80204
103.88163936300003,nodeapiserver,4272,31.09,29.164964542626116,388732,389068
103.88163936300003,nodescheduler,4266,1.07,0.972165484754204,67964,68268
103.88163936300003,nodecontroller,4248,3.73,4.86082742377102,139584,139908
103.88163936300003,nodelet,4396,7.75,5.832992908525223,116308,114104
103.88163936300003,nodeproxy,4615,0.16,0.0,51572,51908
103.88163936300003,containerd,3680,6.7,0.972165484754204,101108,99972
103.88163936300003,flanneld,5191,0.38,0.0,48228,48352
103.88163936300003,coredns,4884,0.75,0.972165484754204,66704,42906
103.88163936300003,coredns,4888,0.71,0.0,67968,44174
104.92212374399998,nodestore,4244,10.04,6.7276358279138755,79872,80244
104.92212374399998,nodeapiserver,4272,31.34,24.027270813978124,388732,389068
104.92212374399998,nodescheduler,4266,1.08,0.961090832559125,67964,68268
104.92212374399998,nodecontroller,4248,3.75,1.92218166511825,139584,139908
104.92212374399998,nodelet,4396,7.78,2.8832724976773747,116436,114406
104.92212374399998,nodeproxy,4615,0.16,0.0,51572,51908
104.92212374399998,containerd,3680,6.74,3.8443633302365,101108,99970
104.92212374399998,flanneld,5191,0.39,0.961090832559125,48356,48480
104.92212374399998,coredns,4884,0.76,0.961090832559125,66704,42906
104.92212374399998,coredns,4888,0.72,0.961090832559125,67968,44174
105.93915766000003,nodestore,4244,10.14,9.832513786098177,79872,80296
105.93915766000003,nodeapiserver,4272,31.62,27.5310386010749,388732,389080
105.93915766000003,nodescheduler,4266,1.08,0.0,67964,68268
105.93915766000003,nodecontroller,4248,3.78,2.949754135829453,139584,139908
105.93915766000003,nodelet,4396,7.84,5.899508271658906,117460,115400
105.93915766000003,nodeproxy,4615,0.16,0.0,51572,51912
105.93915766000003,containerd,3680,6.83,8.849262407488359,101364,100152
105.93915766000003,flanneld,5191,0.39,0.0,48356,48480
105.93915766000003,coredns,4884,0.76,0.0,66704,42906
105.93915766000003,coredns,4888,0.73,0.9832513786098177,67968,44174
106.95900082400004,nodestore,4244,10.22,7.8443434072966305,79872,80316
106.95900082400004,nodeapiserver,4272,31.88,25.49411607371405,388732,389088
106.95900082400004,nodescheduler,4266,1.09,0.9805429259120788,67964,68268
106.95900082400004,nodecontroller,4248,3.8,1.9610858518241576,139584,139908
106.95900082400004,nodelet,4396,7.89,4.9027146295603945,116012,113872
106.95900082400004,nodeproxy,4615,0.16,0.0,51572,51912
106.95900082400004,containerd,3680,6.86,2.9416287777362364,101364,100152
106.95900082400004,flanneld,5191,0.4,0.9805429259120788,48356,48480
106.95900082400004,coredns,4884,0.77,0.9805429259120788,66704,42906
106.95900082400004,coredns,4888,0.74,0.9805429259120788,67968,44178
107.99303858499997,nodestore,4244,10.34,11.604992054057977,80000,80448
107.99303858499997,nodeapiserver,4272,32.37,47.387050887403404,388988,389164
107.99303858499997,nodescheduler,4266,1.11,1.9341653423429963,67964,68268
107.99303858499997,nodecontroller,4248,3.86,5.8024960270289885,139584,139920
107.99303858499997,nodelet,4396,7.98,8.703744040543484,116012,113920
107.99303858499997,nodeproxy,4615,0.16,0.0,51572,51924
107.99303858499997,containerd,3680,6.9,3.8683306846859926,101364,100152
107.99303858499997,flanneld,5191,0.4,0.0,48356,48480
107.99303858499997,coredns,4884,0.77,0.0,66704,42922
107.99303858499997,coredns,4888,0.75,0.9670826711714982,67968,44190
109.01126865700002,nodestore,4244,10.42,7.856770507952153,80000,80464
109.01126865700002,nodeapiserver,4272,32.65,27.49869677783254,388988,389168
109.01126865700002,nodescheduler,4266,1.11,0.0,67964,68268
109.01126865700002,nodecontroller,4248,3.88,1.9641926269880383,139584,139920
109.01126865700002,nodelet,4396,8.04,5.892577880964115,114576,112456
109.01126865700002,nodeproxy,4615,0.16,0.0,51572,51932
109.01126865700002,containerd,3680,6.92,1.9641926269880383,101364,100152
109.01126865700002,flanneld,5191,0.4,0.0,48356,48480
109.01126865700002,coredns,4884,0.78,0.9820963134940192,66704,42922
109.01126865700002,coredns,4888,0.76,0.9820963134940192,67968,44190
110.035939885,nodestore,4244,10.51,8.783305077831367,80132,80524
110.035939885,nodeapiserver,4272,32.93,27.32583801991981,388988,389176
110.035939885,nodescheduler,4266,1.12,0.9759227864257074,67964,68268
110.035939885,nodecontroller,4248,3.91,2.927768359277122,139584,139920
110.035939885,nodelet,4396,8.1,5.855536718554244,115600,113436
110.035939885,nodeproxy,4615,0.16,0.0,51572,51932
110.035939885,containerd,3680,6.99,6.831459504979953,101504,100272
110.035939885,flanneld,5191,0.4,0.0,48356,48480
110.035939885,coredns,4884,0.79,0.9759227864257074,66704,42922
110.035939885,coredns,4888,0.76,0.0,67968,44190
111.08109987400002,nodestore,4244,10.6,8.611121832755016,80132,80544
111.08109987400002,nodeapiserver,4272,33.22,27.74694812776616,388988,389176
111.08109987400002,nodescheduler,4266,1.12,0.0,67964,68268
111.08109987400002,nodecontroller,4248,3.94,2.870373944251672,139584,139920
111.08109987400002,nodelet,4396,8.18,7.654330518004459,116316,113932
111.08109987400002,nodeproxy,4615,0.17,0.9567913147505573,51572,51932
111.08109987400002,containerd,3680,7.01,1.9135826295011147,101888,100608
111.08109987400002,flanneld,5191,0.4,0.0,48356,48480
111.08109987400002,coredns,4884,0.79,0.0,66704,42922
111.08109987400002,coredns,4888,0.76,0.0,67968,44190
112.10077345300004,nodestore,4244,10.7,9.807060029746765,82232,82644
112.10077345300004,nodeapiserver,4272,33.5,27.459768083290946,388988,389180
112.10077345300004,nodescheduler,4266,1.14,1.961412005949353,67964,68268
112.10077345300004,nodecontroller,4248,3.96,1.961412005949353,139584,139920
112.10077345300004,nodelet,4396,8.23,4.9035300148733825,116316,113936
112.10077345300004,nodeproxy,4615,0.17,0.0,51572,51932
112.10077345300004,containerd,3680,7.07,5.884236017848059,102528,101276
112.10077345300004,flanneld,5191,0.4,0.0,48356,48480
112.10077345300004,coredns,4884,0.79,0.0,66704,42922
112.10077345300004,coredns,4888,0.78,1.961412005949353,68096,44194
113.12582000800006,nodestore,4244,10.8,9.75565446390855,82232,82740
113.12582000800006,nodeapiserver,4272,33.8,29.266963391725653,388988,389180
113.12582000800006,nodescheduler,4266,1.15,0.9755654463908552,67964,68268
113.12582000800006,nodecontroller,4248,4.04,7.8045235711268415,139584,139924
113.12582000800006,nodelet,4396,8.37,13.657916249471974,116316,113933
113.12582000800006,nodeproxy,4615,0.17,0.0,51572,51932
113.12582000800006,containerd,3680,7.17,9.75565446390855,102784,101638
113.12582000800006,flanneld,5191,0.41,0.9755654463908552,48356,48480
113.12582000800006,coredns,4884,0.81,1.9511308927817104,66704,42926
113.12582000800006,coredns,4888,0.78,0.0,68096,44194
114.20264211600005,nodestore,4244,10.94,13.001218953428252,82504,82928
114.20264211600005,nodeapiserver,4272,34.18,35.289022873590966,388988,389196
114.20264211600005,nodescheduler,4266,1.18,2.785975490020339,67964,68268
114.20264211600005,nodecontroller,4248,4.12,7.429267973387571,139584,139932
114.20264211600005,nodelet,4396,8.56,17.644511436795483,116828,114833
114.20264211600005,nodeproxy,4615,0.17,0.0,51572,51976
114.20264211600005,containerd,3680,7.42,23.21646241683616,103296,102200
114.20264211600005,flanneld,5191,0.43,1.8573169933468927,48356,48352
114.20264211600005,coredns,4884,0.82,0.9286584966734464,66704,42930
114.20264211600005,coredns,4888,0.8,1.8573169933468927,68096,44198
115.34536652900005,nodestore,4244,11.1,14.001626129606501,82652,83152
115.34536652900005,nodeapiserver,4272,34.6,36.754268590217066,389116,389212
115.34536652900005,nodescheduler,4266,1.19,0.8751016331004063,67964,68272
115.34536652900005,nodecontroller,4248,4.18,5.250609798602438,139584,139936
115.34536652900005,nodelet,4396,8.72,14.001626129606501,116684,114628
115.34536652900005,nodeproxy,4615,0.18,0.8751016331004063,51572,52056
115.34536652900005,containerd,3680,7.5,7.000813064803251,103296,102284
115.34536652900005,flanneld,5191,0.43,0.0,48356,48352
115.34536652900005,coredns,4884,0.83,0.8751016331004063,66704,42930
115.34536652900005,coredns,4888,0.8,0.0,68096,44206
116.38268753799997,nodestore,4244,11.19,8.676195624994474,82652,83176
116.38268753799997,nodeapiserver,4272,34.87,26.02858687498342,389116,389212
116.38268753799997,nodescheduler,4266,1.19,0.0,67964,68272
116.38268753799997,nodecontroller,4248,4.21,2.8920652083314913,139584,139936
116.38268753799997,nodelet,4396,8.75,2.8920652083314913,118092,116068
116.38268753799997,nodeproxy,4615,0.18,0.0,51572,52056
116.38268753799997,containerd,3680,7.56,5.7841304166629826,103296,102284
116.38268753799997,flanneld,5191,0.43,0.0,48356,48352
116.38268753799997,coredns,4884,0.84,0.964021736110497,66832,42962
116.38268753799997,coredns,4888,0.8,0.0,68096,44174
117.399946995,nodestore,4244,11.29,9.830333776882032,82780,83212
117.399946995,nodeapiserver,4272,35.16,28.50796795295789,391228,391304
117.399946995,nodescheduler,4266,1.2,0.9830333776882032,67964,68272
117.399946995,nodecontroller,4248,4.25,3.932133510752813,139584,139936
117.399946995,nodelet,4396,8.83,7.864267021505626,117544,115404
117.399946995,nodeproxy,4615,0.18,0.0,51572,52056
117.399946995,containerd,3680,7.59,2.9491001330646096,103296,102284
117.399946995,flanneld,5191,0.43,0.0,48356,48352
117.399946995,coredns,4884,0.84,0.0,66832,42962
117.399946995,coredns,4888,0.82,1.9660667553764064,68096,44182
118.43822730799997,nodestore,4244,11.37,7.705048337943598,82780,83252
118.43822730799997,nodeapiserver,4272,35.57,39.488372731960936,393312,393388
118.43822730799997,nodescheduler,4266,1.21,0.9631310422429498,67964,68272
118.43822730799997,nodecontroller,4248,4.27,1.9262620844858995,139584,139936
118.43822730799997,nodelet,4396,8.89,5.778786253457699,117544,115402
118.43822730799997,nodeproxy,4615,0.18,0.0,51572,52056
118.43822730799997,containerd,3680,7.63,3.852524168971799,105748,104754
118.43822730799997,flanneld,5191,0.43,0.0,48216,48288
118.43822730799997,coredns,4884,0.85,0.9631310422429498,66832,42962
118.43822730799997,coredns,4888,0.82,0.0,68096,44182
119.45902026599998,nodestore,4244,11.46,8.816675241993455,82780,83288
119.45902026599998,nodeapiserver,4272,35.84,26.45002572598036,393312,393396
119.45902026599998,nodescheduler,4266,1.23,1.9592611648874343,67964,68272
119.45902026599998,nodecontroller,4248,4.29,1.9592611648874343,139584,139940
119.45902026599998,nodelet,4396,8.94,4.898152912218586,117544,115404
119.45902026599998,nodeproxy,4615,0.18,0.0,51572,52056
119.45902026599998,containerd,3680,7.72,8.816675241993455,105876,104812
119.45902026599998,flanneld,5191,0.43,0.0,48216,48288
119.45902026599998,coredns,4884,0.86,0.9796305824437171,66832,42962
119.45902026599998,coredns,4888,0.82,0.0,68096,44182
120.47650683900002,nodestore,4244,11.57,10.810953472896145,82920,83408
120.47650683900002,nodeapiserver,4272,36.18,33.4156743707699,393312,393412
120.47650683900002,nodescheduler,4266,1.25,1.9656279041629354,67964,68272
120.47650683900002,nodecontroller,4248,4.34,4.9140697604073384,139584,139948
120.47650683900002,nodelet,4396,9.07,12.77658137705908,119208,117264
120.47650683900002,nodeproxy,4615,0.18,0.0,51572,52060
120.47650683900002,containerd,3680,7.76,3.931255808325871,105876,104812
120.47650683900002,flanneld,5191,0.43,0.0,48216,48288
120.47650683900002,coredns,4884,0.86,0.0,66832,42962
120.47650683900002,coredns,4888,0.84,1.9656279041629354,68096,44182
121.495067753,nodestore,4244,11.67,9.817773156765984,83056,83504
121.495067753,nodeapiserver,4272,36.47,28.47154215462135,393312,393420
121.495067753,nodescheduler,4266,1.25,0.0,67964,68272
121.495067753,nodecontroller,4248,4.38,3.9271092627063937,139584,139948
121.495067753,nodelet,4396,9.11,3.9271092627063937,119720,117684
121.495067753,nodeproxy,4615,0.19,0.9817773156765984,51572,52064
121.495067753,containerd,3680,7.78,1.9635546313531969,105876,104812
121.495067753,flanneld,5191,0.45,1.9635546313531969,48216,48288
121.495067753,coredns,4884,0.86,0.0,66832,42962
121.495067753,coredns,4888,0.84,0.0,68096,44182
122.515011582,nodestore,4244,11.76,8.824015346829468,83056,83524
122.515011582,nodeapiserver,4272,36.74,26.4720460404884,393312,393420
122.515011582,nodescheduler,4266,1.27,1.9608922992954372,67964,68272
122.515011582,nodecontroller,4248,4.4,1.9608922992954372,139584,139948
122.515011582,nodelet,4396,9.15,3.9217845985908744,119720,117760
122.515011582,nodeproxy,4615,0.19,0.0,51572,52064
122.515011582,containerd,3680,7.8,1.9608922992954372,105876,104812
122.515011582,flanneld,5191,0.45,0.0,48216,48288
122.515011582,coredns,4884,0.87,0.9804461496477186,66832,42962
122.515011582,coredns,4888,0.84,0.0,68096,44182
123.53506161399997,nodestore,4244,11.84,7.842752560200126,83188,83560
123.53506161399997,nodeapiserver,4272,37.01,26.469289890675427,393312,393420
123.53506161399997,nodescheduler,4266,1.27,0.0,67964,68272
123.53506161399997,nodecontroller,4248,4.43,2.941032210075047,139584,139948
123.53506161399997,nodelet,4396,9.21,5.882064420150094,119720,117768
123.53506161399997,nodeproxy,4615,0.19,0.0,51572,52064
123.53506161399997,containerd,3680,7.86,5.882064420150094,106160,104928
123.53506161399997,flanneld,5191,0.45,0.0,48216,48288
123.53506161399997,coredns,4884,0.88,0.9803440700250158,66832,42962
123.53506161399997,coredns,4888,0.85,0.9803440700250158,68096,44182
124.56564095200002,nodestore,4244,11.92,7.762624094060378,83188,83584
124.56564095200002,nodeapiserver,4272,37.28,26.198856317453775,393312,393420
124.56564095200002,nodescheduler,4266,1.28,0.9703280117575472,67964,68272
124.56564095200002,nodecontroller,4248,4.45,1.9406560235150945,139584,139948
124.56564095200002,nodelet,4396,9.24,2.9109840352726417,119720,117784
124.56564095200002,nodeproxy,4615,0.19,0.0,51572,52064
124.56564095200002,containerd,3680,7.88,1.9406560235150945,106160,104956
124.56564095200002,flanneld,5191,0.45,0.0,48216,48288
124.56564095200002,coredns,4884,0.89,0.9703280117575472,66832,42962
124.56564095200002,coredns,4888,0.86,0.9703280117575472,68096,44182
125.58324080100004,nodestore,4244,12.02,9.827045483376239,83316,83724
125.58324080100004,nodeapiserver,4272,37.57,28.49843190179109,393312,393428
125.58324080100004,nodescheduler,4266,1.3,1.9654090966752478,67964,68272
125.58324080100004,nodecontroller,4248,4.5,4.913522741688119,139584,139956
125.58324080100004,nodelet,4396,9.38,13.757863676726735,119720,117786
125.58324080100004,nodeproxy,4615,0.19,0.0,51572,52064
125.58324080100004,containerd,3680,8.02,13.757863676726735,106928,105815
125.58324080100004,flanneld,5191,0.45,0.0,48216,48288
125.58324080100004,coredns,4884,0.89,0.0,66832,42962
125.58324080100004,coredns,4888,0.86,0.0,68096,44182
126.61413398799999,nodestore,4244,12.19,16.490554224606466,83316,83952
126.61413398799999,nodeapiserver,4272,37.96,37.83127145645013,393312,393444
126.61413398799999,nodescheduler,4266,1.31,0.9700326014474393,67964,68272
126.61413398799999,nodecontroller,4248,4.57,6.790228210132076,139584,139972
126.61413398799999,nodelet,4396,9.63,24.250815036185983,120232,118319
126.61413398799999,nodeproxy,4615,0.19,0.0,51572,52128
126.61413398799999,containerd,3680,8.3,27.160912840528304,106616,105179
126.61413398799999,flanneld,5191,0.46,0.9700326014474393,48344,48480
126.61413398799999,coredns,4884,0.9,0.9700326014474393,66832,42962
126.61413398799999,coredns,4888,0.88,1.9400652028948786,68096,44186
127.668062507,nodestore,4244,12.3,10.437140471762767,83592,84068
127.668062507,nodeapiserver,4272,38.32,34.1579142712236,393312,393448
127.668062507,nodescheduler,4266,1.33,1.897661903956867,67964,68276
127.668062507,nodecontroller,4248,4.66,8.5394785678059,139584,139992
127.668062507,nodelet,4396,9.78,14.2324642796765,115164,113182
127.668062507,nodeproxy,4615,0.19,0.0,51572,52136
127.668062507,containerd,3680,8.39,8.5394785678059,106616,105254
127.668062507,flanneld,5191,0.48,1.897661903956867,48344,48480
127.668062507,coredns,4884,0.91,0.9488309519784335,66832,42962
127.668062507,coredns,4888,0.88,0.0,68096,44186
128.72125315600005,nodestore,4244,12.39,8.545461364041817,83724,84108
128.72125315600005,nodeapiserver,4272,38.72,37.979828284630294,393312,393460
128.72125315600005,nodescheduler,4266,1.34,0.9494957071157574,67964,68280
128.72125315600005,nodecontroller,4248,4.69,2.848487121347272,139584,139992
128.72125315600005,nodelet,4396,9.83,4.747478535578787,115292,113276
128.72125315600005,nodeproxy,4615,0.19,0.0,51572,52144
128.72125315600005,containerd,3680,8.44,4.747478535578787,106744,105496
128.72125315600005,flanneld,5191,0.48,0.0,48344,48480
128.72125315600005,coredns,4884,0.91,0.0,66832,42962
128.72125315600005,coredns,4888,0.89,0.9494957071157574,68096,44186
129.739595275,nodestore,4244,12.46,6.87391778204582,83724,84116
129.739595275,nodeapiserver,4272,38.96,23.56771810987138,393312,393460
129.739595275,nodescheduler,4266,1.34,0.0,67964,68280
129.739595275,nodecontroller,4248,4.71,1.9639765091559482,139584,139992
129.739595275,nodelet,4396,9.92,8.837894291201767,117340,115300
129.739595275,nodeproxy,4615,0.19,0.0,51572,52144
129.739595275,containerd,3680,8.77,32.40561240107315,109588,108360
129.739595275,flanneld,5191,0.48,0.0,48344,48480
129.739595275,coredns,4884,0.92,0.9819882545779741,66832,42966
129.739595275,coredns,4888,0.89,0.0,68096,44202
130.79844736399997,nodestore,4244,12.54,7.555351765472341,83724,84160
130.79844736399997,nodeapiserver,4272,39.2,22.666055296417024,393312,393464
130.79844736399997,nodescheduler,4266,1.35,0.9444189706840427,67964,68280
130.79844736399997,nodecontroller,4248,4.74,2.833256912052128,139584,140004
130.79844736399997,nodelet,4396,10.05,12.277446618892554,115048,112812
130.79844736399997,nodeproxy,4615,0.19,0.0,51572,52144
130.79844736399997,containerd,3680,9.05,26.4437311791532,109588,108180
130.79844736399997,flanneld,5191,0.48,0.0,48344,48480
130.79844736399997,coredns,4884,0.93,0.9444189706840427,66832,42966
130.79844736399997,coredns,4888,0.91,1.8888379413680854,68096,44202
131.83316297900006,nodestore,4244,12.62,7.731592994273369,83724,84188
131.83316297900006,nodeapiserver,4272,39.47,26.09412635567262,393312,393464
131.83316297900006,nodescheduler,4266,1.36,0.9664491242841712,67964,68284
131.83316297900006,nodecontroller,4248,4.76,1.9328982485683424,139584,140004
131.83316297900006,nodelet,4396,10.1,4.832245621420856,115048,112812
131.83316297900006,nodeproxy,4615,0.19,0.0,51572,52144
131.83316297900006,containerd,3680,9.21,15.463185988546739,109428,107992
131.83316297900006,flanneld,5191,0.48,0.0,48344,48480
131.83316297900006,coredns,4884,0.93,0.0,66832,42970
131.83316297900006,coredns,4888,0.91,0.0,68096,44202
132.853521243,nodestore,4244,12.75,12.740623032775249,83852,84360
132.853521243,nodeapiserver,4272,39.8,32.34158154473717,393312,393472
132.853521243,nodescheduler,4266,1.38,1.9600958511961921,67964,68284
132.853521243,nodecontroller,4248,4.81,4.90023962799048,139584,140008
132.853521243,nodelet,4396,10.18,7.8403834047847685,116456,114348
132.853521243,nodeproxy,4615,0.2,0.9800479255980961,51572,52192
132.853521243,containerd,3680,9.3,8.820431330382865,109428,107992
132.853521243,flanneld,5191,0.49,0.9800479255980961,48344,48516
132.853521243,coredns,4884,0.94,0.9800479255980961,66832,42970
132.853521243,coredns,4888,0.92,0.9800479255980961,68096,44202
133.87284433100007,nodestore,4244,12.83,7.848345724902667,83852,84384
133.87284433100007,nodeapiserver,4272,40.09,28.450253252772164,393312,393472
133.87284433100007,nodescheduler,4266,1.38,0.0,67964,68284
133.87284433100007,nodecontroller,4248,4.85,3.9241728624513335,139584,140012
133.87284433100007,nodelet,4396,10.23,4.905216078064167,115788,113824
133.87284433100007,nodeproxy,4615,0.21,0.9810432156128334,51572,52200
133.87284433100007,containerd,3680,9.32,1.9620864312256667,109428,107992
133.87284433100007,flanneld,5191,0.49,0.0,48344,48516
133.87284433100007,coredns,4884,0.94,0.0,66832,42970
133.87284433100007,coredns,4888,0.93,0.9810432156128334,68096,44202
134.896962794,nodestore,4244,12.93,9.764495379477166,83852,84432
134.896962794,nodeapiserver,4272,40.39,29.293486138431497,393312,393476
134.896962794,nodescheduler,4266,1.39,0.9764495379477166,67964,68284
134.896962794,nodecontroller,4248,4.88,2.9293486138431497,139584,140012
134.896962794,nodelet,4396,10.27,3.9057981517908664,116044,114032
134.896962794,nodeproxy,4615,0.21,0.0,51572,52200
134.896962794,containerd,3680,9.35,2.9293486138431497,109428,107992
134.896962794,flanneld,5191,0.49,0.0,48344,48520
134.896962794,coredns,4884,0.96,1.9528990758954332,66832,42970
134.896962794,coredns,4888,0.93,0.0,68096,44202
135.92104695400002,nodestore,4244,13.0,6.835375717558017,83852,84436
135.92104695400002,nodeapiserver,4272,40.65,25.388538379501206,393312,393480
135.92104695400002,nodescheduler,4266,1.39,0.0,67964,68288
135.92104695400002,nodecontroller,4248,4.9,1.9529644907308619,139584,140012
135.92104695400002,nodelet,4396,10.31,3.9059289814617237,116044,114040
135.92104695400002,nodeproxy,4615,0.21,0.0,51572,52204
135.92104695400002,containerd,3680,9.37,1.9529644907308619,109428,107992
135.92104695400002,flanneld,5191,0.49,0.0,48344,48520
135.92104695400002,coredns,4884,0.96,0.0,66832,42970
135.92104695400002,coredns,4888,0.94,0.9764822453654309,68096,44202
136.95358302799997,nodestore,4244,13.1,9.684891648638407,83852,84496
136.95358302799997,nodeapiserver,4272,40.95,29.05467494591522,393312,393484
136.95358302799997,nodescheduler,4266,1.4,0.9684891648638406,67964,68288
136.95358302799997,nodecontroller,4248,4.93,2.905467494591522,139584,140012
136.95358302799997,nodelet,4396,10.37,5.810934989183044,116044,114056
136.95358302799997,nodeproxy,4615,0.21,0.0,51572,52204
136.95358302799997,containerd,3680,9.44,6.779424154046885,109556,108180
136.95358302799997,flanneld,5191,0.5,0.9684891648638406,48344,48520
136.95358302799997,coredns,4884,0.96,0.0,66832,42970
136.95358302799997,coredns,4888,0.94,0.0,68096,44202
137.97802317099996,nodestore,4244,13.23,12.689858054498451,84128,84624
137.97802317099996,nodeapiserver,4272,41.28,32.212716599880686,393312,393496
137.97802317099996,nodescheduler,4266,1.43,2.9284287818073347,67964,68292
137.97802317099996,nodecontroller,4248,4.99,5.856857563614669,139584,140012
137.97802317099996,nodelet,4396,10.52,14.642143909036674,116044,114064
137.97802317099996,nodeproxy,4615,0.21,0.0,53732,54296
137.97802317099996,containerd,3680,9.6,15.618286836305785,109556,108159
137.97802317099996,flanneld,5191,0.51,0.9761429272691116,48344,48520
137.97802317099996,coredns,4884,0.97,0.9761429272691116,66832,42978
137.97802317099996,coredns,4888,0.96,1.9522858545382231,68096,44202
139.05516005400005,nodestore,4244,13.35,11.140645343586248,84128,84796
139.05516005400005,nodeapiserver,4272,41.62,31.565161806827703,393312,393500
139.05516005400005,nodescheduler,4266,1.44,0.9283871119655206,67964,68304
139.05516005400005,nodecontroller,4248,5.05,5.570322671793124,139712,140024
139.05516005400005,nodelet,4396,10.69,15.782580903413852,114616,112600
139.05516005400005,nodeproxy,4615,0.22,0.9283871119655206,53732,54308
139.05516005400005,containerd,3680,9.81,19.496129351275933,107692,106212
139.05516005400005,flanneld,5191,0.52,0.9283871119655206,47912,48008
139.05516005400005,coredns,4884,0.99,1.8567742239310412,66832,42946
139.05516005400005,coredns,4888,0.96,0.0,68096,44238
140.07618414300003,nodestore,4244,13.48,12.732314682930326,84700,84992
140.07618414300003,nodeapiserver,4272,42.12,48.97044108819356,401724,401868
140.07618414300003,nodescheduler,4266,1.45,0.9794088217638712,67964,68308
140.07618414300003,nodecontroller,4248,5.11,5.876452930583228,139712,140024
140.07618414300003,nodelet,4396,10.85,15.67054114822194,115252,113220
140.07618414300003,nodeproxy,4615,0.22,0.0,53732,54308
140.07618414300003,containerd,3680,9.86,4.897044108819356,107692,106220
140.07618414300003,flanneld,5191,0.52,0.0,47912,48008
140.07618414300003,coredns,4884,1.0,0.9794088217638712,66832,42950
140.07618414300003,coredns,4888,0.97,0.9794088217638712,68096,44238
141.093406583,nodestore,4244,13.56,7.864553204312278,84700,85024
141.093406583,nodeapiserver,4272,42.39,26.54286706455394,401724,401872
141.093406583,nodescheduler,4266,1.47,1.9661383010780695,67964,68308
141.093406583,nodecontroller,4248,5.13,1.9661383010780695,139712,140024
141.093406583,nodelet,4396,10.95,9.830691505390348,116148,114266
141.093406583,nodeproxy,4615,0.22,0.0,53732,54308
141.093406583,containerd,3680,9.91,4.915345752695174,108332,106934
141.093406583,flanneld,5191,0.53,0.9830691505390348,47912,48008
141.093406583,coredns,4884,1.0,0.0,66832,42950
141.093406583,coredns,4888,0.97,0.0,68096,44242
142.11374006500006,nodestore,4244,13.65,8.820645562231379,84700,85048
142.11374006500006,nodeapiserver,4272,42.64,24.501793228420496,401724,401880
142.11374006500006,nodescheduler,4266,1.48,0.9800717291368198,67964,68308
142.11374006500006,nodecontroller,4248,5.16,2.9402151874104594,139712,140024
142.11374006500006,nodelet,4396,10.98,2.9402151874104594,116276,114308
142.11374006500006,nodeproxy,4615,0.22,0.0,53732,54308
142.11374006500006,containerd,3680,9.96,4.900358645684099,106560,105272
142.11374006500006,flanneld,5191,0.53,0.0,47912,48008
142.11374006500006,coredns,4884,1.01,0.9800717291368198,66832,43018
142.11374006500006,coredns,4888,0.98,0.9800717291368198,68096,44242
143.14002817199997,nodestore,4244,13.73,7.795082049022196,84700,85064
143.14002817199997,nodeapiserver,4272,42.9,25.33401665932214,401724,401880
143.14002817199997,nodescheduler,4266,1.48,0.0,67964,68308
143.14002817199997,nodecontroller,4248,5.19,2.9231557683833236,139712,140024
143.14002817199997,nodelet,4396,11.0,1.948770512255549,117300,115292
143.14002817199997,nodeproxy,4615,0.22,0.0,53732,54308
143.14002817199997,containerd,3680,9.99,2.9231557683833236,106944,105664
143.14002817199997,flanneld,5191,0.53,0.0,47912,48008
143.14002817199997,coredns,4884,1.02,0.9743852561277745,66832,43018
143.14002817199997,coredns,4888,0.98,0.0,68096,44242
144.18443863299996,nodestore,4244,13.83,9.574779622970622,84700,85112
144.18443863299996,nodeapiserver,4272,43.22,30.63929479350599,401724,401880
144.18443863299996,nodescheduler,4266,1.49,0.9574779622970622,67964,68308
144.18443863299996,nodecontroller,4248,5.22,2.8724338868911863,139712,140028
144.18443863299996,nodelet,4396,11.08,7.659823698376497,117300,115292
144.18443863299996,nodeproxy,4615,0.22,0.0,53732,54308
144.18443863299996,containerd,3680,10.01,1.9149559245941243,106944,105704
144.18443863299996,flanneld,5191,0.53,0.0,47912,48008
144.18443863299996,coredns,4884,1.03,0.9574779622970622,66832,43018
144.18443863299996,coredns,4888,1.0,1.9149559245941243,68096,44242
145.20689335499998,nodestore,4244,13.91,7.824307353533686,84700,85168
145.20689335499998,nodeapiserver,4272,43.49,26.40703731817619,401724,401880
145.20689335499998,nodescheduler,4266,1.5,0.9780384191917108,67964,68308
145.20689335499998,nodecontroller,4248,5.24,1.9560768383834215,139712,140028
145.20689335499998,nodelet,4396,11.13,4.890192095958554,117300,115292
145.20689335499998,nodeproxy,4615,0.22,0.0,53732,54308
145.20689335499998,containerd,3680,10.03,1.9560768383834215,106944,105704
145.20689335499998,flanneld,5191,0.53,0.0,47912,48008
145.20689335499998,coredns,4884,1.03,0.0,66832,43018
145.20689335499998,coredns,4888,1.0,0.0,68096,44242
146.22501348099996,nodestore,4244,13.99,7.857618954484862,84700,85204
146.22501348099996,nodeapiserver,4272,43.76,26.519463971386408,401724,401888
146.22501348099996,nodescheduler,4266,1.51,0.9822023693106078,67964,68308
146.22501348099996,nodecontroller,4248,5.28,3.928809477242431,139712,140028
146.22501348099996,nodelet,4396,11.19,5.8932142158636465,117300,115292
146.22501348099996,nodeproxy,4615,0.22,0.0,53732,54308
146.22501348099996,containerd,3680,10.14,10.804226062416685,107156,105864
146.22501348099996,flanneld,5191,0.53,0.0,48296,48328
146.22501348099996,coredns,4884,1.04,0.9822023693106078,66832,43018
146.22501348099996,coredns,4888,1.01,0.9822023693106078,68096,44242
147.25451133300004,nodestore,4244,14.07,7.7707787194095115,84700,85228
147.25451133300004,nodeapiserver,4272,44.01,24.283683498154723,401724,401952
147.25451133300004,nodescheduler,4266,1.51,0.0,67964,68312
147.25451133300004,nodecontroller,4248,5.3,1.9426946798523779,139712,140028
147.25451133300004,nodelet,4396,11.23,3.8853893597047557,117300,115292
147.25451133300004,nodeproxy,4615,0.22,0.0,53732,54308
147.25451133300004,containerd,3680,10.15,0.9713473399261889,107156,105868
147.25451133300004,flanneld,5191,0.54,0.9713473399261889,48296,48328
147.25451133300004,coredns,4884,1.05,0.9713473399261889,66832,43018
147.25451133300004,coredns,4888,1.01,0.0,68096,44242
148.27832029000007,nodestore,4244,14.14,6.837213087597364,84700,85260
148.27832029000007,nodeapiserver,4272,44.27,25.395362896790207,401724,401952
148.27832029000007,nodescheduler,4266,1.53,1.9534894535992466,67964,68312
148.27832029000007,nodecontroller,4248,5.32,1.9534894535992466,139712,140028
148.27832029000007,nodelet,4396,11.31,7.813957814396987,117488,115364
148.27832029000007,nodeproxy,4615,0.22,0.0,53732,54308
148.27832029000007,containerd,3680,10.21,5.86046836079774,107156,105868
148.27832029000007,flanneld,5191,0.54,0.0,48296,48328
148.27832029000007,coredns,4884,1.05,0.0,66832,43018
148.27832029000007,coredns,4888,1.01,0.0,68096,44242
149.29733721500003,nodestore,4244,14.24,9.813379694356296,84836,85300
149.29733721500003,nodeapiserver,4272,44.56,28.458801113633257,401724,401960
149.29733721500003,nodescheduler,4266,1.54,0.9813379694356297,67964,68312
149.29733721500003,nodecontroller,4248,5.36,3.9253518777425187,139712,140032
149.29733721500003,nodelet,4396,11.35,3.9253518777425187,117488,115364
149.29733721500003,nodeproxy,4615,0.22,0.0,53732,54308
149.29733721500003,containerd,3680,10.22,0.9813379694356297,107156,105868
149.29733721500003,flanneld,5191,0.54,0.0,48296,48328
149.29733721500003,coredns,4884,1.06,0.9813379694356297,66832,43018
149.29733721500003,coredns,4888,1.02,0.9813379694356297,68096,44242
150.324107631,nodestore,4244,14.35,10.713203096416688,84968,85388
150.324107631,nodeapiserver,4272,44.84,27.26997151815157,401724,401964
150.324107631,nodescheduler,4266,1.54,0.0,67964,68312
150.324107631,nodecontroller,4248,5.44,7.791420433757591,139712,140048
150.324107631,nodelet,4396,11.47,11.687130650636385,119592,117412
150.324107631,nodeproxy,4615,0.23,0.9739275542196989,53732,54308
150.324107631,containerd,3680,10.36,13.634985759075786,107156,105908
150.324107631,flanneld,5191,0.55,0.9739275542196989,48296,48328
150.324107631,coredns,4884,1.07,0.9739275542196989,66832,43018
150.324107631,coredns,4888,1.04,1.9478551084393978,68096,44246
151.34534612700003,nodestore,4244,14.45,9.792031968211047,84968,85500
151.34534612700003,nodeapiserver,4272,45.14,29.37609590463314,401724,401964
151.34534612700003,nodescheduler,4266,1.55,0.9792031968211047,67964,68312
151.34534612700003,nodecontroller,4248,5.48,3.9168127872844187,139712,140048
151.34534612700003,nodelet,4396,11.65,17.625657542779884,119692,117536
151.34534612700003,nodeproxy,4615,0.24,0.9792031968211047,53732,54312
151.34534612700003,containerd,3680,10.45,8.812828771389942,107156,105900
151.34534612700003,flanneld,5191,0.55,0.0,48296,48328
151.34534612700003,coredns,4884,1.08,0.9792031968211047,66832,43018
151.34534612700003,coredns,4888,1.04,0.0,68096,44246
152.36506575699997,nodestore,4244,14.54,8.825955424630322,84968,85532
152.36506575699997,nodeapiserver,4272,45.39,24.51654284619534,401724,401980
152.36506575699997,nodescheduler,4266,1.56,0.9806617138478136,67964,68312
152.36506575699997,nodecontroller,4248,5.51,2.941985141543441,139712,140052
152.36506575699997,nodelet,4396,11.67,1.9613234276956273,119692,117548
152.36506575699997,nodeproxy,4615,0.24,0.0,53732,54312
152.36506575699997,containerd,3680,10.46,0.9806617138478136,107156,105900
152.36506575699997,flanneld,5191,0.56,0.9806617138478136,48296,48328
152.36506575699997,coredns,4884,1.08,0.0,66832,43018
152.36506575699997,coredns,4888,1.05,0.9806617138478136,68096,44246
153.384408833,nodestore,4244,14.6,5.886143871741724,85096,85548
153.384408833,nodeapiserver,4272,45.79,39.240959144944824,403832,404076
153.384408833,nodescheduler,4266,1.57,0.9810239786236207,67964,68312
153.384408833,nodecontroller,4248,5.53,1.9620479572472413,139712,140052
153.384408833,nodelet,4396,11.7,2.943071935870862,120460,118323
153.384408833,nodeproxy,4615,0.24,0.0,53732,54312
153.384408833,containerd,3680,10.5,3.9240959144944827,107156,105902
153.384408833,flanneld,5191,0.56,0.0,48244,48328
153.384408833,coredns,4884,1.09,0.9810239786236207,66832,43018
153.384408833,coredns,4888,1.05,0.0,68096,44246
154.40888443,nodestore,4244,14.75,14.641637188748113,85368,85668
154.40888443,nodeapiserver,4272,46.15,35.13992925299547,403832,404100
154.40888443,nodescheduler,4266,1.58,0.9761091459165409,67964,68312
154.40888443,nodecontroller,4248,5.59,5.856654875499245,139712,140056
154.40888443,nodelet,4396,11.77,6.832764021415787,120460,118328
154.40888443,nodeproxy,4615,0.24,0.0,53732,54316
154.40888443,containerd,3680,10.52,1.9522182918330817,107156,105904
154.40888443,flanneld,5191,0.56,0.0,48244,48328
154.40888443,coredns,4884,1.1,0.9761091459165409,66832,43018
154.40888443,coredns,4888,1.06,0.9761091459165409,68096,44250
155.433816929,nodestore,4244,14.83,7.805392070019721,85368,85736
155.433816929,nodeapiserver,4272,46.44,28.294546253821487,403832,404104
155.433816929,nodescheduler,4266,1.59,0.9756740087524651,67964,68312
155.433816929,nodecontroller,4248,5.62,2.9270220262573954,139712,140056
155.433816929,nodelet,4396,11.84,6.829718061267257,119728,117568
155.433816929,nodeproxy,4615,0.24,0.0,53732,54316
155.433816929,containerd,3680,10.54,1.9513480175049303,107156,105895
155.433816929,flanneld,5191,0.56,0.0,48244,48328
155.433816929,coredns,4884,1.1,0.0,66832,43018
155.433816929,coredns,4888,1.07,0.9756740087524651,68096,44254
156.481211029,nodestore,4244,14.92,8.592754150514914,85368,85792
156.481211029,nodeapiserver,4272,46.71,25.77826245154474,403832,404108
156.481211029,nodescheduler,4266,1.6,0.9547504611683237,67964,68312
156.481211029,nodecontroller,4248,5.64,1.9095009223366475,139712,140056
156.481211029,nodelet,4396,11.89,4.773752305841619,119728,117572
156.481211029,nodeproxy,4615,0.24,0.0,53732,54316
156.481211029,containerd,3680,10.63,8.592754150514914,106988,105652
156.481211029,flanneld,5191,0.56,0.0,48244,48328
156.481211029,coredns,4884,1.1,0.0,66832,43018
156.481211029,coredns,4888,1.07,0.0,68096,44254
157.50514108600004,nodestore,4244,15.0,7.813033659192377,85368,85804
157.50514108600004,nodeapiserver,4272,46.99,27.345617807173323,403832,404108
157.50514108600004,nodescheduler,4266,1.6,0.0,67964,68312
157.50514108600004,nodecontroller,4248,5.66,1.9532584147980943,139712,140056
157.50514108600004,nodelet,4396,11.94,4.883146036995235,119728,117572
157.50514108600004,nodeproxy,4615,0.24,0.0,53732,54316
157.50514108600004,containerd,3680,10.68,4.883146036995235,106988,105660
157.50514108600004,flanneld,5191,0.57,0.9766292073990471,48244,48328
157.50514108600004,coredns,4884,1.11,0.9766292073990471,66832,43018
157.50514108600004,coredns,4888,1.08,0.9766292073990471,68096,44254
158.53200580800006,nodestore,4244,15.08,7.790704879235091,85368,85852
158.53200580800006,nodeapiserver,4272,47.29,29.215143297131593,403832,404112
158.53200580800006,nodescheduler,4266,1.61,0.9738381099043864,67964,68312
158.53200580800006,nodecontroller,4248,5.7,3.8953524396175454,139712,140060
158.53200580800006,nodelet,4396,11.98,3.8953524396175454,119728,117572
158.53200580800006,nodeproxy,4615,0.24,0.0,53732,54316
158.53200580800006,containerd,3680,10.69,0.9738381099043864,106988,105660
158.53200580800006,flanneld,5191,0.57,0.0,48244,48328
158.53200580800006,coredns,4884,1.12,0.9738381099043864,66832,43022
158.53200580800006,coredns,4888,1.09,0.9738381099043864,68096,44254
159.55252701700005,nodestore,4244,15.17,8.819022986126075,85368,85864
159.55252701700005,nodeapiserver,4272,47.57,27.436960401281127,403832,404116
159.55252701700005,nodescheduler,4266,1.62,0.9798914429028972,67964,68312
159.55252701700005,nodecontroller,4248,5.73,2.939674328708692,139712,140064
159.55252701700005,nodelet,4396,12.03,4.899457214514486,119728,117640
159.55252701700005,nodeproxy,4615,0.24,0.0,53732,54316
159.55252701700005,containerd,3680,10.72,2.939674328708692,106988,105660
159.55252701700005,flanneld,5191,0.57,0.0,48244,48328
159.55252701700005,coredns,4884,1.12,0.0,66832,43022
159.55252701700005,coredns,4888,1.1,0.9798914429028972,68096,44254
160.63358971200006,nodestore,4244,15.31,12.950220246014334,85624,86072
160.63358971200006,nodeapiserver,4272,47.89,29.60050341946133,403832,404124
160.63358971200006,nodescheduler,4266,1.64,1.850031463716333,67964,68320
160.63358971200006,nodecontroller,4248,5.77,3.700062927432666,139712,140064
160.63358971200006,nodelet,4396,12.2,15.725267441588832,120752,118661
160.63358971200006,nodeproxy,4615,0.24,0.0,53732,54316
160.63358971200006,containerd,3680,10.92,18.50031463716333,107244,105961
160.63358971200006,flanneld,5191,0.58,0.9250157318581665,48104,48200
160.63358971200006,coredns,4884,1.14,1.850031463716333,66832,43022
160.63358971200006,coredns,4888,1.1,0.0,68096,44254
161.69030756500007,nodestore,4244,15.43,11.355916781316928,85908,86236
161.69030756500007,nodeapiserver,4272,48.28,36.90672953928002,403832,404136
161.69030756500007,nodescheduler,4266,1.66,1.8926527968861548,67964,68320
161.69030756500007,nodecontroller,4248,5.83,5.677958390658464,139712,140068
161.69030756500007,nodelet,4396,12.35,14.19489597664616,118308,116132
161.69030756500007,nodeproxy,4615,0.24,0.0,53732,54316
161.69030756500007,containerd,3680,10.97,4.731631992215387,107244,105968
161.69030756500007,flanneld,5191,0.58,0.0,48104,48200
161.69030756500007,coredns,4884,1.14,0.0,66832,43026
161.69030756500007,coredns,4888,1.12,1.8926527968861548,67568,43678
162.70670230399998,nodestore,4244,15.5,6.8870879899356146,85908,86268
162.70670230399998,nodeapiserver,4272,48.5,21.645133682654787,403832,404140
162.70670230399998,nodescheduler,4266,1.68,1.9677394256958898,67964,68320
162.70670230399998,nodecontroller,4248,5.86,2.9516091385438346,139712,140068
162.70670230399998,nodelet,4396,12.39,3.9354788513917796,118308,116131
162.70670230399998,nodeproxy,4615,0.24,0.0,53732,54316
162.70670230399998,containerd,3680,11.15,17.70965483126301,107244,106148
162.70670230399998,flanneld,5191,0.6,1.9677394256958898,48104,48200
162.70670230399998,coredns,4884,1.15,0.9838697128479449,66832,43026
162.70670230399998,coredns,4888,1.13,0.9838697128479449,67568,43678
163.76804299999998,nodestore,4244,15.64,13.19086326639827,85908,86436
163.76804299999998,nodeapiserver,4272,49.03,49.93683950850774,403832,404168
163.76804299999998,nodescheduler,4266,1.69,0.9422045190284478,67964,68320
163.76804299999998,nodecontroller,4248,5.94,7.5376361522275825,139712,140080
163.76804299999998,nodelet,4396,12.58,17.90188586154051,116520,114176
163.76804299999998,nodeproxy,4615,0.26,1.8844090380568956,53732,54324
163.76804299999998,containerd,3680,11.25,9.422045190284479,107244,106176
163.76804299999998,flanneld,5191,0.6,0.0,48104,48200
163.76804299999998,coredns,4884,1.16,0.9422045190284478,66832,43026
163.76804299999998,coredns,4888,1.13,0.0,67568,43678
164.79685021000006,nodestore,4244,15.71,6.803995862353496,85908,86440
164.79685021000006,nodeapiserver,4272,49.29,25.271984631598695,403832,404180
164.79685021000006,nodescheduler,4266,1.69,0.0,67964,68320
164.79685021000006,nodecontroller,4248,5.96,1.9439988178152843,139712,140080
164.79685021000006,nodelet,4396,12.61,2.9159982267229267,116648,114216
164.79685021000006,nodeproxy,4615,0.26,0.0,53732,54324
164.79685021000006,containerd,3680,11.27,1.9439988178152843,107244,106176
164.79685021000006,flanneld,5191,0.6,0.0,48104,48200
164.79685021000006,coredns,4884,1.16,0.0,66832,43026
164.79685021000006,coredns,4888,1.14,0.9719994089076421,67568,43678
165.81864330599996,nodestore,4244,15.81,9.78671713397544,86168,86504
165.81864330599996,nodeapiserver,4272,49.57,27.402807975131235,403832,404180
165.81864330599996,nodescheduler,4266,1.7,0.978671713397544,67964,68320
165.81864330599996,nodecontroller,4248,5.99,2.936015140192632,139712,140080
165.81864330599996,nodelet,4396,12.66,4.89335856698772,117544,115208
165.81864330599996,nodeproxy,4615,0.26,0.0,53732,54324
165.81864330599996,containerd,3680,11.34,6.850701993782809,106800,105660
165.81864330599996,flanneld,5191,0.6,0.0,48104,48200
165.81864330599996,coredns,4884,1.17,0.978671713397544,66832,43026
165.81864330599996,coredns,4888,1.14,0.0,67568,43678
166.83677211100002,nodestore,4244,15.89,7.857551972512482,86168,86520
166.83677211100002,nodeapiserver,4272,49.83,25.537043910665567,403832,404180
166.83677211100002,nodescheduler,4266,1.7,0.0,67964,68320
166.83677211100002,nodecontroller,4248,6.01,1.9643879931281205,139712,140080
166.83677211100002,nodelet,4396,12.71,4.910969982820301,115996,113708
166.83677211100002,nodeproxy,4615,0.26,0.0,53732,54324
166.83677211100002,containerd,3680,11.39,4.910969982820301,106800,105660
166.83677211100002,flanneld,5191,0.6,0.0,48104,48200
166.83677211100002,coredns,4884,1.18,0.9821939965640603,66832,43026
166.83677211100002,coredns,4888,1.16,1.9643879931281205,67568,43682
167.85957821100004,nodestore,4244,15.97,7.821619366564007,86168,86552
167.85957821100004,nodeapiserver,4272,50.09,25.42026294133302,403832,404184
167.85957821100004,nodescheduler,4266,1.71,0.9777024208205009,67964,68320
167.85957821100004,nodecontroller,4248,6.03,1.9554048416410017,139712,140080
167.85957821100004,nodelet,4396,12.77,5.866214524923005,115996,113708
167.85957821100004,nodeproxy,4615,0.26,0.0,53732,54324
167.85957821100004,containerd,3680,11.42,2.9331072624615024,106800,105660
167.85957821100004,flanneld,5191,0.61,0.9777024208205009,48104,48200
167.85957821100004,coredns,4884,1.18,0.0,66832,43030
167.85957821100004,coredns,4888,1.16,0.0,67568,43682
168.893973239,nodestore,4244,16.07,9.667486530107812,86168,86580
168.893973239,nodeapiserver,4272,50.4,29.96920824333422,403832,404184
168.893973239,nodescheduler,4266,1.71,0.0,67964,68320
168.893973239,nodecontroller,4248,6.07,3.8669946120431247,139712,140080
168.893973239,nodelet,4396,12.81,3.8669946120431247,115996,113708
168.893973239,nodeproxy,4615,0.26,0.0,53732,54324
168.893973239,containerd,3680,11.44,1.9334973060215623,106800,105660
168.893973239,flanneld,5191,0.61,0.0,48104,48200
168.893973239,coredns,4884,1.19,0.9667486530107812,66832,43030
168.893973239,coredns,4888,1.16,0.0,67568,43686
169.92074156400002,nodestore,4244,16.15,7.791436300880951,86168,86616
169.92074156400002,nodeapiserver,4272,50.68,27.270027053083336,403832,404188
169.92074156400002,nodescheduler,4266,1.73,1.9478590752202378,67964,68320
169.92074156400002,nodecontroller,4248,6.1,2.921788612830357,139712,140080
169.92074156400002,nodelet,4396,12.87,5.843577225660714,115996,113708
169.92074156400002,nodeproxy,4615,0.26,0.0,53732,54324
169.92074156400002,containerd,3680,11.5,5.843577225660714,106800,105659
169.92074156400002,flanneld,5191,0.61,0.0,48104,48200
169.92074156400002,coredns,4884,1.2,0.9739295376101189,66832,43034
169.92074156400002,coredns,4888,1.17,0.9739295376101189,67568,43686
170.967689892,nodestore,4244,16.25,9.551569769544676,86296,86668
170.967689892,nodeapiserver,4272,50.98,28.65470930863403,403832,404196
170.967689892,nodescheduler,4266,1.74,0.9551569769544676,67964,68320
170.967689892,nodecontroller,4248,6.12,1.910313953908935,139712,140084
170.967689892,nodelet,4396,12.96,8.596412792590208,115996,113708
170.967689892,nodeproxy,4615,0.26,0.0,53732,54324
170.967689892,containerd,3680,11.53,2.865470930863403,106800,105664
170.967689892,flanneld,5191,0.62,0.9551569769544676,48104,48200
170.967689892,coredns,4884,1.21,0.9551569769544676,66832,43034
170.967689892,coredns,4888,1.17,0.0,67568,43686
171.99131300900007,nodestore,4244,16.35,9.769220559718415,86296,86728
171.99131300900007,nodeapiserver,4272,51.25,26.37689551123972,403832,404196
171.99131300900007,nodescheduler,4266,1.75,0.9769220559718415,67964,68320
171.99131300900007,nodecontroller,4248,6.15,2.9307661679155244,139712,140084
171.99131300900007,nodelet,4396,13.02,5.861532335831049,115996,113716
171.99131300900007,nodeproxy,4615,0.26,0.0,53732,54324
171.99131300900007,containerd,3680,11.58,4.884610279859207,106416,105216
171.99131300900007,flanneld,5191,0.62,0.0,48104,48200
171.99131300900007,coredns,4884,1.21,0.0,66832,43034
171.99131300900007,coredns,4888,1.19,1.953844111943683,67568,43686
173.01111951700005,nodestore,4244,16.45,9.80578170619021,86296,86756
173.01111951700005,nodeapiserver,4272,51.54,28.436766947951604,403832,404196
173.01111951700005,nodescheduler,4266,1.76,0.980578170619021,67964,68320
173.01111951700005,nodecontroller,4248,6.18,2.941734511857063,139712,140084
173.01111951700005,nodelet,4396,13.05,2.941734511857063,116892,114700
173.01111951700005,nodeproxy,4615,0.26,0.0,53732,54324
173.01111951700005,containerd,3680,11.6,1.961156341238042,106416,105216
173.01111951700005,flanneld,5191,0.62,0.0,48104,48200
173.01111951700005,coredns,4884,1.22,0.980578170619021,66832,43038
173.01111951700005,coredns,4888,1.19,0.0,67568,43686
174.026064889,nodestore,4244,16.53,7.882197624327362,86432,86792
174.026064889,nodeapiserver,4272,51.84,29.558241091227607,403832,404200
174.026064889,nodescheduler,4266,1.76,0.0,67964,68320
174.026064889,nodecontroller,4248,6.21,2.955824109122761,139712,140084
174.026064889,nodelet,4396,13.09,3.941098812163681,116892,114700
174.026064889,nodeproxy,4615,0.26,0.0,53732,54324
174.026064889,containerd,3680,11.62,1.9705494060818405,106416,105216
174.026064889,flanneld,5191,0.62,0.0,48104,48200
174.026064889,coredns,4884,1.23,0.9852747030409202,66832,43038
174.026064889,coredns,4888,1.2,0.9852747030409202,67568,43686
175.04338683200007,nodestore,4244,16.61,7.863783982097249,86432,86844
175.04338683200007,nodeapiserver,4272,52.1,25.557297941816056,403832,404200
175.04338683200007,nodescheduler,4266,1.77,0.9829729977621561,67964,68320
175.04338683200007,nodecontroller,4248,6.23,1.9659459955243122,139712,140084
175.04338683200007,nodelet,4396,13.14,4.9148649888107805,116892,114744
175.04338683200007,nodeproxy,4615,0.26,0.0,53732,54324
175.04338683200007,containerd,3680,11.68,5.897837986572936,106416,105212
175.04338683200007,flanneld,5191,0.62,0.0,48104,48200
175.04338683200007,coredns,4884,1.23,0.0,66832,43038
175.04338683200007,coredns,4888,1.2,0.0,67568,43694
176.068024267,nodestore,4244,16.72,10.735504700743963,86432,86948
176.068024267,nodeapiserver,4272,52.45,34.1584240478217,403960,404252
176.068024267,nodescheduler,4266,1.78,0.9759549727949056,67964,68320
176.068024267,nodecontroller,4248,6.3,6.83168480956434,139712,140096
176.068024267,nodelet,4396,13.21,6.83168480956434,116892,114744
176.068024267,nodeproxy,4615,0.26,0.0,53732,54328
176.068024267,containerd,3680,11.74,5.855729836769434,107312,106204
176.068024267,flanneld,5191,0.62,0.0,48104,48204
176.068024267,coredns,4884,1.24,0.9759549727949056,66832,43038
176.068024267,coredns,4888,1.22,1.9519099455898112,67568,43694
177.14493227400004,nodestore,4244,16.83,10.214428649892621,86560,87060
177.14493227400004,nodeapiserver,4272,52.89,40.857714599570485,403960,404260
177.14493227400004,nodescheduler,4266,1.79,0.928584422717511,67964,68320
177.14493227400004,nodecontroller,4248,6.34,3.714337690870044,139712,140096
177.14493227400004,nodelet,4396,13.26,4.642922113587555,116892,114744
177.14493227400004,nodeproxy,4615,0.26,0.0,53732,54332
177.14493227400004,containerd,3680,11.75,0.928584422717511,107312,106204
177.14493227400004,flanneld,5191,0.62,0.0,48104,48204
177.14493227400004,coredns,4884,1.25,0.928584422717511,66832,43042
177.14493227400004,coredns,4888,1.22,0.0,67568,43694
178.16192748099996,nodestore,4244,16.92,8.849599229232831,86704,87092
178.16192748099996,nodeapiserver,4272,53.16,26.548797687698496,403960,404260
178.16192748099996,nodescheduler,4266,1.8,0.9832888032480924,67964,68320
178.16192748099996,nodecontroller,4248,6.37,2.9498664097442773,139712,140096
178.16192748099996,nodelet,4396,13.31,4.916444016240463,119052,116792
178.16192748099996,nodeproxy,4615,0.26,0.0,53860,54340
178.16192748099996,containerd,3680,11.81,5.8997328194885545,106580,105320
178.16192748099996,flanneld,5191,0.63,0.9832888032480924,48104,48208
178.16192748099996,coredns,4884,1.26,0.9832888032480924,66832,43046
178.16192748099996,coredns,4888,1.22,0.0,67568,43694
179.18560748700003,nodestore,4244,17.01,8.791809889075282,86832,87132
179.18560748700003,nodeapiserver,4272,53.44,27.352297432678657,403960,404264
179.18560748700003,nodescheduler,4266,1.81,0.9768677654528091,67964,68320
179.18560748700003,nodecontroller,4248,6.4,2.930603296358427,139712,140096
179.18560748700003,nodelet,4396,13.39,7.8149421236224725,119052,116796
179.18560748700003,nodeproxy,4615,0.26,0.0,53860,54340
179.18560748700003,containerd,3680,11.88,6.838074358169664,106580,105312
179.18560748700003,flanneld,5191,0.64,0.9768677654528091,48104,48276
179.18560748700003,coredns,4884,1.27,0.9768677654528091,66832,43046
179.18560748700003,coredns,4888,1.24,1.9537355309056181,67568,43694
180.20800892100004,nodestore,4244,17.08,6.846625764806866,86832,87152
180.20800892100004,nodeapiserver,4272,53.7,25.430324269282643,403960,404264
180.20800892100004,nodescheduler,4266,1.81,0.0,67964,68320
180.20800892100004,nodecontroller,4248,6.42,1.9561787899448186,139712,140096
180.20800892100004,nodelet,4396,13.42,2.934268184917228,119052,116796
180.20800892100004,nodeproxy,4615,0.26,0.0,53860,54340
180.20800892100004,containerd,3680,11.89,0.9780893949724093,106580,105312
180.20800892100004,flanneld,5191,0.64,0.0,48104,48276
180.20800892100004,coredns,4884,1.27,0.0,66832,43046
180.20800892100004,coredns,4888,1.24,0.0,67568,43694
181.245754902,nodestore,4244,17.18,9.636269552558781,86964,87184
181.245754902,nodeapiserver,4272,53.98,26.98155474716459,403960,404272
181.245754902,nodescheduler,4266,1.82,0.963626955255878,67964,68320
181.245754902,nodecontroller,4248,6.45,2.890880865767634,139712,140096
181.245754902,nodelet,4396,13.5,7.709015642047024,119948,117720
181.245754902,nodeproxy,4615,0.26,0.0,53860,54340
181.245754902,containerd,3680,11.93,3.854507821023512,106580,105312
181.245754902,flanneld,5191,0.65,0.963626955255878,48104,48288
181.245754902,coredns,4884,1.28,0.963626955255878,66832,43046
181.245754902,coredns,4888,1.24,0.0,67568,43694
182.27136226400006,nodestore,4244,17.28,9.750320025490694,87092,87300
182.27136226400006,nodeapiserver,4272,54.27,28.275928073923012,403960,404280
182.27136226400006,nodescheduler,4266,1.84,1.950064005098139,67964,68320
182.27136226400006,nodecontroller,4248,6.5,4.875160012745347,139712,140096
182.27136226400006,nodelet,4396,13.64,13.650448035686974,119948,117723
182.27136226400006,nodeproxy,4615,0.26,0.0,53860,54340
182.27136226400006,containerd,3680,12.08,14.625480038236041,108684,107335
182.27136226400006,flanneld,5191,0.66,0.9750320025490695,48104,48412
182.27136226400006,coredns,4884,1.28,0.0,66832,43046
182.27136226400006,coredns,4888,1.26,1.950064005098139,67568,43694
183.31539721100006,nodestore,4244,17.43,14.367335157795248,87220,87536
183.31539721100006,nodeapiserver,4272,54.66,37.35507141026765,404088,404416
183.31539721100006,nodescheduler,4266,1.86,1.9156446877060331,67964,68320
183.31539721100006,nodecontroller,4248,6.57,6.704756406971117,139712,140100
183.31539721100006,nodelet,4396,13.8,15.325157501648265,119948,117788
183.31539721100006,nodeproxy,4615,0.27,0.9578223438530166,53860,54348
183.31539721100006,containerd,3680,12.26,17.240802189354298,109324,108096
183.31539721100006,flanneld,5191,0.66,0.0,48104,48428
183.31539721100006,coredns,4884,1.29,0.9578223438530166,66832,43046
183.31539721100006,coredns,4888,1.26,0.0,67568,43694
184.3387684,nodestore,4244,17.51,7.8173003949992355,87220,87556
184.3387684,nodeapiserver,4272,54.93,26.38338883312242,404088,404416
184.3387684,nodescheduler,4266,1.87,0.9771625493749044,67964,68320
184.3387684,nodecontroller,4248,6.59,1.9543250987498089,139712,140100
184.3387684,nodelet,4396,13.86,5.862975296249426,120460,118381
184.3387684,nodeproxy,4615,0.27,0.0,53860,54348
184.3387684,containerd,3680,12.29,2.931487648124713,109324,108184
184.3387684,flanneld,5191,0.66,0.0,48104,48428
184.3387684,coredns,4884,1.29,0.0,66832,43046
184.3387684,coredns,4888,1.27,0.9771625493749044,67568,43694
185.42741078299997,nodestore,4244,17.61,9.18575296732701,87220,87672
185.42741078299997,nodeapiserver,4272,55.25,29.394409495446432,404088,404420
185.42741078299997,nodescheduler,4266,1.89,1.837150593465402,67964,68320
185.42741078299997,nodecontroller,4248,6.64,4.592876483663505,139712,140100
185.42741078299997,nodelet,4396,14.0,12.860054154257815,120716,118528
185.42741078299997,nodeproxy,4615,0.28,0.918575296732701,53860,54348
185.42741078299997,containerd,3680,12.41,11.022903560792413,109324,108236
185.42741078299997,flanneld,5191,0.67,0.918575296732701,48232,48456
185.42741078299997,coredns,4884,1.31,1.837150593465402,66832,43046
185.42741078299997,coredns,4888,1.28,0.918575296732701,67568,43694
186.44357117099997,nodestore,4244,17.74,12.79325601895039,87380,87736
186.44357117099997,nodeapiserver,4272,55.57,31.491091738954804,404088,404428
186.44357117099997,nodescheduler,4266,1.89,0.0,67964,68324
186.44357117099997,nodecontroller,4248,6.69,4.920483084211688,139712,140112
186.44357117099997,nodelet,4396,14.06,5.9045797010540255,120716,118544
186.44357117099997,nodeproxy,4615,0.28,0.0,53860,54348
186.44357117099997,containerd,3680,12.5,8.856869551581038,103860,102608
186.44357117099997,flanneld,5191,0.67,0.0,48232,48456
186.44357117099997,coredns,4884,1.31,0.0,66832,43046
186.44357117099997,coredns,4888,1.28,0.0,67568,43694
187.464679494,nodestore,4244,17.82,7.8346242213519135,87380,87772
187.464679494,nodeapiserver,4272,55.98,40.15244913442856,404088,404432
187.464679494,nodescheduler,4266,1.9,0.9793280276689892,67964,68328
187.464679494,nodecontroller,4248,6.71,1.9586560553379784,139712,140112
187.464679494,nodelet,4396,14.14,7.8346242213519135,119764,117579
187.464679494,nodeproxy,4615,0.28,0.0,53860,54348
187.464679494,containerd,3680,12.55,4.896640138344946,104756,103674
187.464679494,flanneld,5191,0.68,0.9793280276689892,48232,48460
187.464679494,coredns,4884,1.32,0.9793280276689892,66832,43046
187.464679494,coredns,4888,1.29,0.9793280276689892,67568,43694
188.50326089200001,nodestore,4244,17.95,12.517073794152202,87528,87904
188.50326089200001,nodeapiserver,4272,56.34,34.662665891498406,404088,404436
188.50326089200001,nodescheduler,4266,1.92,1.9257036606388003,67964,68328
188.50326089200001,nodecontroller,4248,6.75,3.8514073212776005,139712,140112
188.50326089200001,nodelet,4396,14.23,8.665666472874602,119892,117628
188.50326089200001,nodeproxy,4615,0.29,0.9628518303194001,53860,54352
188.50326089200001,containerd,3680,12.63,7.702814642555201,104324,103104
188.50326089200001,flanneld,5191,0.68,0.0,48232,48460
188.50326089200001,coredns,4884,1.32,0.0,66832,43014
188.50326089200001,coredns,4888,1.3,0.9628518303194001,67696,43742
189.530597108,nodestore,4244,18.03,7.7871293500667855,87656,87920
189.530597108,nodeapiserver,4272,56.61,26.281561556475403,404088,404440
189.530597108,nodescheduler,4266,1.92,0.0,67964,68328
189.530597108,nodecontroller,4248,6.78,2.9201735062750447,139712,140112
189.530597108,nodelet,4396,14.29,5.840347012550089,120508,118196
189.530597108,nodeproxy,4615,0.29,0.0,53860,54352
189.530597108,containerd,3680,12.65,1.9467823375166964,104324,103152
189.530597108,flanneld,5191,0.68,0.0,48232,48460
189.530597108,coredns,4884,1.33,0.9733911687583482,66832,43014
189.530597108,coredns,4888,1.32,1.9467823375166964,67696,43746
190.557402577,nodestore,4244,18.12,8.765048757253856,87656,87960
190.557402577,nodeapiserver,4272,56.91,29.216829190846187,404088,404440
190.557402577,nodescheduler,4266,1.93,0.9738943063615396,67964,68328
190.557402577,nodecontroller,4248,6.81,2.9216829190846187,139712,140112
190.557402577,nodelet,4396,14.33,3.8955772254461585,120508,118196
190.557402577,nodeproxy,4615,0.29,0.0,53860,54352
190.557402577,containerd,3680,12.67,1.9477886127230792,105220,104132
190.557402577,flanneld,5191,0.68,0.0,48232,48460
190.557402577,coredns,4884,1.34,0.9738943063615396,66832,43014
190.557402577,coredns,4888,1.32,0.0,67696,43746
191.581005801,nodestore,4244,18.21,8.792469375809638,87824,88064
191.581005801,nodeapiserver,4272,57.18,26.37740812742891,404088,404444
191.581005801,nodescheduler,4266,1.94,0.9769410417566263,67964,68328
191.581005801,nodecontroller,4248,6.84,2.930823125269879,139712,140112
191.581005801,nodelet,4396,14.44,10.74635145932289,120508,118196
191.581005801,nodeproxy,4615,0.29,0.0,53860,54352
191.581005801,containerd,3680,12.86,18.5618797933759,106500,105344
191.581005801,flanneld,5191,0.68,0.0,48232,48460
191.581005801,coredns,4884,1.35,0.9769410417566263,66832,43014
191.581005801,coredns,4888,1.32,0.0,67696,43746
192.59823037899997,nodestore,4244,18.29,7.86453667461449,87956,88088
192.59823037899997,nodeapiserver,4272,57.41,22.61054293951666,404088,404444
192.59823037899997,nodescheduler,4266,1.95,0.9830670843268112,67964,68328
192.59823037899997,nodecontroller,4248,6.86,1.9661341686536224,139712,140112
192.59823037899997,nodelet,4396,14.5,5.898402505960868,120508,118196
192.59823037899997,nodeproxy,4615,0.29,0.0,53860,54352
192.59823037899997,containerd,3680,13.16,29.492012529804338,103584,102348
192.59823037899997,flanneld,5191,0.69,0.9830670843268112,48232,48464
192.59823037899997,coredns,4884,1.35,0.0,66832,43014
192.59823037899997,coredns,4888,1.34,1.9661341686536224,67696,43746
193.636074468,nodestore,4244,18.39,9.635358630442315,87956,88204
193.636074468,nodeapiserver,4272,57.75,32.76021934350387,404088,404456
193.636074468,nodescheduler,4266,1.97,1.9270717260884629,67964,68328
193.636074468,nodecontroller,4248,6.92,5.781215178265389,139712,140116
193.636074468,nodelet,4396,14.64,13.489502082619243,120508,118312
193.636074468,nodeproxy,4615,0.29,0.0,53860,54352
193.636074468,containerd,3680,13.38,21.19778898697309,100892,99428
193.636074468,flanneld,5191,0.69,0.0,48232,48464
193.636074468,coredns,4884,1.36,0.9635358630442314,66832,43014
193.636074468,coredns,4888,1.34,0.0,67696,43746
194.66369141499996,nodestore,4244,18.52,12.650628269563326,87956,88300
194.66369141499996,nodeapiserver,4272,58.07,31.14000804815588,404088,404456
194.66369141499996,nodescheduler,4266,1.99,1.9462505030097426,67964,68328
194.66369141499996,nodecontroller,4248,7.01,8.758127263543841,139712,140120
194.66369141499996,nodelet,4396,14.78,13.623753521068199,120508,118328
194.66369141499996,nodeproxy,4615,0.29,0.0,53860,54360
194.66369141499996,containerd,3680,13.62,23.355006036116908,100892,99412
194.66369141499996,flanneld,5191,0.7,0.9731252515048713,48360,48592
194.66369141499996,coredns,4884,1.37,0.9731252515048713,66832,43018
194.66369141499996,coredns,4888,1.35,0.9731252515048713,67696,43750
195.69283335000006,nodestore,4244,18.64,11.660199231895898,88112,88472
195.69283335000006,nodeapiserver,4272,58.43,34.9805976956877,404088,404460
195.69283335000006,nodescheduler,4266,2.0,0.9716832693246582,67964,68328
195.69283335000006,nodecontroller,4248,7.07,5.830099615947949,139840,140128
195.69283335000006,nodelet,4396,14.88,9.716832693246582,119224,117096
195.69283335000006,nodeproxy,4615,0.3,0.9716832693246582,53860,54368
195.69283335000006,containerd,3680,13.67,4.858416346623291,100892,99448
195.69283335000006,flanneld,5191,0.7,0.0,48360,48592
195.69283335000006,coredns,4884,1.37,0.0,66832,43026
195.69283335000006,coredns,4888,1.36,0.9716832693246582,67696,43750
196.710045278,nodestore,4244,18.74,9.830793097031606,88112,88496
196.710045278,nodeapiserver,4272,58.7,26.543141361985334,404088,404460
196.710045278,nodescheduler,4266,2.01,0.9830793097031606,67964,68328
196.710045278,nodecontroller,4248,7.09,1.9661586194063212,139840,140128
196.710045278,nodelet,4396,14.91,2.949237929109482,119608,117504
196.710045278,nodeproxy,4615,0.3,0.0,53860,54368
196.710045278,containerd,3680,13.7,2.949237929109482,101916,100476
196.710045278,flanneld,5191,0.7,0.0,48360,48592
196.710045278,coredns,4884,1.37,0.0,66832,43026
196.710045278,coredns,4888,1.37,0.9830793097031606,67696,43750
197.775886309,nodestore,4244,18.83,8.444035966185353,88112,88548
197.775886309,nodeapiserver,4272,59.01,29.085012772416214,404088,404468
197.775886309,nodescheduler,4266,2.02,0.9382262184650392,67964,68336
197.775886309,nodecontroller,4248,7.13,3.7529048738601567,139840,140128
197.775886309,nodelet,4396,15.0,8.444035966185353,120632,118484
197.775886309,nodeproxy,4615,0.3,0.0,53860,54368
197.775886309,containerd,3680,13.79,8.444035966185353,101916,100552
197.775886309,flanneld,5191,0.71,0.9382262184650392,48488,48592
197.775886309,coredns,4884,1.39,1.8764524369300783,66832,43026
197.775886309,coredns,4888,1.37,0.0,67696,43750
198.803153194,nodestore,4244,18.9,6.81419804552532,88112,88560
198.803153194,nodeapiserver,4272,59.4,37.96481768221249,404088,404468
198.803153194,nodescheduler,4266,2.02,0.0,67964,68336
198.803153194,nodecontroller,4248,7.15,1.9469137272929482,139840,140128
198.803153194,nodelet,4396,15.04,3.8938274545858964,120760,118528
198.803153194,nodeproxy,4615,0.3,0.0,53860,54368
198.803153194,containerd,3680,13.81,1.9469137272929482,102940,101540
198.803153194,flanneld,5191,0.71,0.0,48488,48592
198.803153194,coredns,4884,1.39,0.0,66832,43026
198.803153194,coredns,4888,1.39,1.9469137272929482,67696,43754
199.82251199399997,nodestore,4244,18.97,6.867061921671006,88112,88584
199.82251199399997,nodeapiserver,4272,59.67,26.48723884073102,404088,404532
199.82251199399997,nodescheduler,4266,2.03,0.9810088459530008,67964,68336
199.82251199399997,nodecontroller,4248,7.17,1.9620176919060015,139840,140128
199.82251199399997,nodelet,4396,15.09,4.905044229765004,121656,119516
199.82251199399997,nodeproxy,4615,0.3,0.0,53860,54368
199.82251199399997,containerd,3680,13.86,4.905044229765004,102940,101540
199.82251199399997,flanneld,5191,0.71,0.0,48488,48592
199.82251199399997,coredns,4884,1.4,0.9810088459530008,66832,43026
199.82251199399997,coredns,4888,1.39,0.0,67696,43754
200.86395002700004,nodestore,4244,19.11,13.442950570635603,88244,88712
200.86395002700004,nodeapiserver,4272,60.02,33.607376426589006,404088,404544
200.86395002700004,nodescheduler,4266,2.05,1.9204215100908002,67964,68340
200.86395002700004,nodecontroller,4248,7.23,5.761264530272401,139840,140140
200.86395002700004,nodelet,4396,15.14,4.801053775227,121656,119520
200.86395002700004,nodeproxy,4615,0.3,0.0,53860,54368
200.86395002700004,containerd,3680,13.88,1.9204215100908002,103836,102528
200.86395002700004,flanneld,5191,0.71,0.0,48488,48592
200.86395002700004,coredns,4884,1.41,0.9602107550454001,66832,43026
200.86395002700004,coredns,4888,1.39,0.0,67696,43754
201.879227781,nodestore,4244,19.19,7.879617147605075,88244,88748
201.879227781,nodeapiserver,4272,60.27,24.62380358626586,404088,404544
201.879227781,nodescheduler,4266,2.05,0.0,67964,68344
201.879227781,nodecontroller,4248,7.25,1.9699042869012688,139840,140140
201.879227781,nodelet,4396,15.24,9.849521434506345,121656,119518
201.879227781,nodeproxy,4615,0.3,0.0,53860,54368
201.879227781,containerd,3680,13.92,3.9398085738025377,103836,102526
201.879227781,flanneld,5191,0.72,0.9849521434506344,48488,48592
201.879227781,coredns,4884,1.42,0.9849521434506344,66832,43034
201.879227781,coredns,4888,1.41,1.9699042869012688,67696,43754
202.89654337400003,nodestore,4244,19.27,7.863833067188351,88380,88780
202.89654337400003,nodeapiserver,4272,60.53,25.55745746836214,404088,404548
202.89654337400003,nodescheduler,4266,2.06,0.9829791333985439,67964,68344
202.89654337400003,nodecontroller,4248,7.27,1.9659582667970879,139840,140140
202.89654337400003,nodelet,4396,15.32,7.863833067188351,120592,118320
202.89654337400003,nodeproxy,4615,0.3,0.0,53860,54368
202.89654337400003,containerd,3680,13.97,4.914895666992719,103836,102528
202.89654337400003,flanneld,5191,0.72,0.0,48488,48592
202.89654337400003,coredns,4884,1.42,0.0,66832,43034
202.89654337400003,coredns,4888,1.41,0.0,67696,43794
203.91031483600005,nodestore,4244,19.35,7.891324918751582,88380,88808
203.91031483600005,nodeapiserver,4272,60.79,25.646805985942642,404088,404548
203.91031483600005,nodescheduler,4266,2.06,0.0,67964,68344
203.91031483600005,nodecontroller,4248,7.31,3.945662459375791,139840,140140
203.91031483600005,nodelet,4396,15.35,2.9592468445318434,120592,118384
203.91031483600005,nodeproxy,4615,0.3,0.0,53860,54368
203.91031483600005,containerd,3680,14.0,2.9592468445318434,103836,102532
203.91031483600005,flanneld,5191,0.72,0.0,48488,48592
203.91031483600005,coredns,4884,1.43,0.9864156148439478,66832,43034
203.91031483600005,coredns,4888,1.41,0.0,67696,43818
204.94974824399998,nodestore,4244,19.45,9.620625932393299,88380,88852
204.94974824399998,nodeapiserver,4272,61.09,28.861877797179897,404088,404548
204.94974824399998,nodescheduler,4266,2.08,1.92412518647866,67964,68344
204.94974824399998,nodecontroller,4248,7.33,1.92412518647866,139840,140140
204.94974824399998,nodelet,4396,15.4,4.8103129661966495,121104,119032
204.94974824399998,nodeproxy,4615,0.3,0.0,53860,54368
204.94974824399998,containerd,3680,14.01,0.96206259323933,103836,102532
204.94974824399998,flanneld,5191,0.72,0.0,48488,48592
204.94974824399998,coredns,4884,1.44,0.96206259323933,66832,43034
204.94974824399998,coredns,4888,1.42,0.96206259323933,67696,43818
205.96615709600002,nodestore,4244,19.57,11.806272619907803,88508,88976
205.96615709600002,nodeapiserver,4272,61.43,33.45110575640544,404088,404556
205.96615709600002,nodescheduler,4266,2.1,1.967712103317967,67964,68348
205.96615709600002,nodecontroller,4248,7.38,4.9192802582949176,139840,140140
205.96615709600002,nodelet,4396,15.53,12.790128671566785,121104,119038
205.96615709600002,nodeproxy,4615,0.3,0.0,53860,54368
205.96615709600002,containerd,3680,14.09,7.870848413271868,103836,102569
205.96615709600002,flanneld,5191,0.74,1.967712103317967,48488,48592
205.96615709600002,coredns,4884,1.44,0.0,66832,43038
205.96615709600002,coredns,4888,1.43,0.9838560516589835,67696,43850
207.00024380600001,nodestore,4244,19.67,9.670368938403657,88508,89020
207.00024380600001,nodeapiserver,4272,61.66,22.24184855832841,404088,404564
207.00024380600001,nodescheduler,4266,2.11,0.9670368938403657,67964,68348
207.00024380600001,nodecontroller,4248,7.42,3.868147575361463,139840,140140
207.00024380600001,nodelet,4396,15.62,8.703332044563291,121104,119040
207.00024380600001,nodeproxy,4615,0.31,0.9670368938403657,53860,54368
207.00024380600001,containerd,3680,14.32,22.24184855832841,104604,103406
207.00024380600001,flanneld,5191,0.74,0.0,48488,48592
207.00024380600001,coredns,4884,1.45,0.9670368938403657,66832,43038
207.00024380600001,coredns,4888,1.44,0.9670368938403657,67696,43850
208.059625284,nodestore,4244,19.84,16.047099513288227,88964,89312
208.059625284,nodeapiserver,4272,62.11,42.477616358704125,404216,404572
208.059625284,nodescheduler,4266,2.14,2.831841090580275,67964,68348
208.059625284,nodecontroller,4248,7.51,8.495523271740826,139840,140144
208.059625284,nodelet,4396,15.89,25.486569815222477,121616,119576
208.059625284,nodeproxy,4615,0.32,0.9439470301934251,54048,54500
208.059625284,containerd,3680,14.55,21.710781694448777,105756,104504
208.059625284,flanneld,5191,0.75,0.9439470301934251,48488,48592
208.059625284,coredns,4884,1.46,0.9439470301934251,66832,43038
208.059625284,coredns,4888,1.45,0.9439470301934251,67696,43850
209.07929611800006,nodestore,4244,19.9,5.884251858477308,88964,89372
209.07929611800006,nodeapiserver,4272,62.49,37.26692843702295,404216,404572
209.07929611800006,nodescheduler,4266,2.14,0.0,67964,68348
209.07929611800006,nodecontroller,4248,7.54,2.942125929238654,139840,140144
209.07929611800006,nodelet,4396,15.92,2.942125929238654,121616,119588
209.07929611800006,nodeproxy,4615,0.32,0.0,54048,54500
209.07929611800006,containerd,3680,14.58,2.942125929238654,107284,105967
209.07929611800006,flanneld,5191,0.75,0.0,48172,48272
209.07929611800006,coredns,4884,1.47,0.9807086430795513,66832,43038
209.07929611800006,coredns,4888,1.45,0.0,67696,43850
210.10331091999996,nodestore,4244,19.99,8.788935455252243,88964,89396
210.10331091999996,nodeapiserver,4272,62.77,27.34335474967365,404216,404572
210.10331091999996,nodescheduler,4266,2.15,0.9765483839169159,67964,68352
210.10331091999996,nodecontroller,4248,7.56,1.9530967678338318,139840,140144
210.10331091999996,nodelet,4396,15.99,6.835838687418413,121744,119596
210.10331091999996,nodeproxy,4615,0.32,0.0,54048,54500
210.10331091999996,containerd,3680,14.6,1.9530967678338318,107284,105968
210.10331091999996,flanneld,5191,0.75,0.0,48172,48272
210.10331091999996,coredns,4884,1.47,0.0,66832,43038
210.10331091999996,coredns,4888,1.46,0.9765483839169159,67696,43850
211.12780317300002,nodestore,4244,20.1,10.737026041717987,88964,89432
211.12780317300002,nodeapiserver,4272,63.07,29.28279829559451,404216,404584
211.12780317300002,nodescheduler,4266,2.15,0.0,67964,68352
211.12780317300002,nodecontroller,4248,7.59,2.9282798295594508,139968,140152
211.12780317300002,nodelet,4396,16.02,2.9282798295594508,121744,119600
211.12780317300002,nodeproxy,4615,0.32,0.0,54048,54500
211.12780317300002,containerd,3680,14.62,1.952186553039634,107284,105968
211.12780317300002,flanneld,5191,0.75,0.0,48172,48272
211.12780317300002,coredns,4884,1.48,0.976093276519817,66832,43038
211.12780317300002,coredns,4888,1.47,0.976093276519817,67696,43850
212.15282217199996,nodestore,4244,20.19,8.780325056199791,88964,89464
212.15282217199996,nodeapiserver,4272,63.34,26.34097516859937,404216,404584
212.15282217199996,nodescheduler,4266,2.17,1.9511833458221757,67964,68356
212.15282217199996,nodecontroller,4248,7.61,1.9511833458221757,139968,140152
212.15282217199996,nodelet,4396,16.12,9.755916729110877,121744,119608
212.15282217199996,nodeproxy,4615,0.32,0.0,54048,54500
212.15282217199996,containerd,3680,14.69,6.829141710377615,107284,105971
212.15282217199996,flanneld,5191,0.75,0.0,48172,48272
212.15282217199996,coredns,4884,1.48,0.0,66832,43038
212.15282217199996,coredns,4888,1.47,0.0,67696,43850
213.20708859999996,nodestore,4244,20.3,10.433795203805868,89092,89616
213.20708859999996,nodeapiserver,4272,63.7,34.14696612154648,404216,404584
213.20708859999996,nodescheduler,4266,2.19,1.8970536734192487,67964,68356
213.20708859999996,nodecontroller,4248,7.7,8.53674153038662,139968,140156
213.20708859999996,nodelet,4396,16.21,8.53674153038662,121744,119608
213.20708859999996,nodeproxy,4615,0.32,0.0,54176,54500
213.20708859999996,containerd,3680,14.73,3.7941073468384974,105628,104304
213.20708859999996,flanneld,5191,0.76,0.9485268367096243,48172,48272
213.20708859999996,coredns,4884,1.49,0.9485268367096243,66832,43038
213.20708859999996,coredns,4888,1.48,0.9485268367096243,67696,43850
214.224987635,nodestore,4244,20.37,6.876909948146095,89220,89632
214.224987635,nodeapiserver,4272,63.96,25.54280837882835,404216,404584
214.224987635,nodescheduler,4266,2.2,0.9824157068780135,67964,68356
214.224987635,nodecontroller,4248,7.72,1.964831413756027,139968,140156
214.224987635,nodelet,4396,16.24,2.9472471206340405,121744,119612
214.224987635,nodeproxy,4615,0.32,0.0,54176,54500
214.224987635,containerd,3680,14.76,2.9472471206340405,105628,104304
214.224987635,flanneld,5191,0.76,0.0,48172,48272
214.224987635,coredns,4884,1.49,0.0,66832,43038
214.224987635,coredns,4888,1.48,0.0,67696,43850
215.249447008,nodestore,4244,20.46,8.78512143789999,89220,89672
215.249447008,nodeapiserver,4272,64.25,28.30761352212219,404216,404648
215.249447008,nodescheduler,4266,2.2,0.0,67964,68356
215.249447008,nodecontroller,4248,7.75,2.92837381263333,139968,140156
215.249447008,nodelet,4396,16.28,3.90449841684444,121744,119612
215.249447008,nodeproxy,4615,0.32,0.0,54176,54500
215.249447008,containerd,3680,14.78,1.95224920842222,106012,104816
215.249447008,flanneld,5191,0.76,0.0,48172,48272
215.249447008,coredns,4884,1.5,0.97612460421111,66832,43042
215.249447008,coredns,4888,1.5,1.95224920842222,67696,43850
216.265966269,nodestore,4244,20.55,8.853742713292409,89356,89716
216.265966269,nodeapiserver,4272,64.53,27.54497733024305,404216,404652
216.265966269,nodescheduler,4266,2.21,0.9837491903658231,67964,68360
216.265966269,nodecontroller,4248,7.78,2.9512475710974693,139968,140156
216.265966269,nodelet,4396,16.32,3.9349967614632924,121744,119616
216.265966269,nodeproxy,4615,0.33,0.9837491903658231,54176,54500
216.265966269,containerd,3680,14.82,3.9349967614632924,106012,104820
216.265966269,flanneld,5191,0.77,0.9837491903658231,48172,48272
216.265966269,coredns,4884,1.51,0.9837491903658231,66832,43010
216.265966269,coredns,4888,1.51,0.9837491903658231,67696,43882
217.30450843700004,nodestore,4244,20.66,10.591770213031428,89356,89764
217.30450843700004,nodeapiserver,4272,64.81,26.96086963317091,404216,404656
217.30450843700004,nodescheduler,4266,2.22,0.9628882011846752,67964,68360
217.30450843700004,nodecontroller,4248,7.8,1.9257764023693504,139968,140156
217.30450843700004,nodelet,4396,16.4,7.703105609477402,121744,119616
217.30450843700004,nodeproxy,4615,0.33,0.0,54176,54500
217.30450843700004,containerd,3680,14.89,6.740217408292727,106140,104952
217.30450843700004,flanneld,5191,0.77,0.0,48172,48272
217.30450843700004,coredns,4884,1.51,0.0,66832,43010
217.30450843700004,coredns,4888,1.51,0.0,67696,43882
218.33002323400007,nodestore,4244,20.76,9.751200108719374,89356,89864
218.33002323400007,nodeapiserver,4272,65.13,31.203840347902,404216,404660
218.33002323400007,nodescheduler,4266,2.24,1.950240021743875,67964,68360
218.33002323400007,nodecontroller,4248,7.85,4.875600054359687,139968,140156
218.33002323400007,nodelet,4396,16.5,9.751200108719374,121744,119617
218.33002323400007,nodeproxy,4615,0.33,0.0,54176,54500
218.33002323400007,containerd,3680,15.0,10.726320119591312,106268,104966
218.33002323400007,flanneld,5191,0.77,0.0,48172,48272
218.33002323400007,coredns,4884,1.51,0.0,66832,43010
218.33002323400007,coredns,4888,1.52,0.9751200108719374,67696,43882
219.39956427300007,nodestore,4244,20.9,13.089726798225264,89632,90048
219.39956427300007,nodeapiserver,4272,65.48,32.72431699556316,404216,404668
219.39956427300007,nodescheduler,4266,2.25,0.9349804855875188,67964,68364
219.39956427300007,nodecontroller,4248,7.91,5.609882913525113,139968,140164
219.39956427300007,nodelet,4396,16.75,23.37451213968797,121744,119647
219.39956427300007,nodeproxy,4615,0.34,0.9349804855875188,54176,54500
219.39956427300007,containerd,3680,15.23,21.504551168512933,105468,104154
219.39956427300007,flanneld,5191,0.79,1.8699609711750376,48172,48272
219.39956427300007,coredns,4884,1.53,1.8699609711750376,66832,43014
219.39956427300007,coredns,4888,1.53,0.9349804855875188,67696,43882
220.43803803300005,nodestore,4244,21.03,12.518371191199044,89776,90208
220.43803803300005,nodeapiserver,4272,65.99,49.11053313470394,404344,404740
220.43803803300005,nodescheduler,4266,2.27,1.9259032601844683,67964,68436
220.43803803300005,nodecontroller,4248,7.97,5.777709780553405,139968,140168
220.43803803300005,nodelet,4396,16.83,7.703613040737873,121744,119656
220.43803803300005,nodeproxy,4615,0.34,0.0,54176,54500
220.43803803300005,containerd,3680,15.35,11.55541956110681,101040,99748
220.43803803300005,flanneld,5191,0.79,0.0,48172,48272
220.43803803300005,coredns,4884,1.54,0.9629516300922342,66832,43018
220.43803803300005,coredns,4888,1.53,0.0,67696,43886
221.46045972200005,nodestore,4244,21.12,8.80263016407902,89912,90276
221.46045972200005,nodeapiserver,4272,66.27,27.385960510468063,404344,404744
221.46045972200005,nodescheduler,4266,2.27,0.0,67964,68436
221.46045972200005,nodecontroller,4248,8.0,2.9342100546930063,139968,140168
221.46045972200005,nodelet,4396,16.97,13.692980255234032,116604,114396
221.46045972200005,nodeproxy,4615,0.34,0.0,54176,54500
221.46045972200005,containerd,3680,15.42,6.846490127617016,101936,100852
221.46045972200005,flanneld,5191,0.8,0.9780700182310021,48300,48336
221.46045972200005,coredns,4884,1.55,0.9780700182310021,66832,43018
221.46045972200005,coredns,4888,1.55,1.9561400364620043,67696,43886
222.475590308,nodestore,4244,21.2,7.880759490779902,89912,90296
222.475590308,nodeapiserver,4272,66.51,23.642278472339708,404344,404748
222.475590308,nodescheduler,4266,2.28,0.9850949363474878,67964,68436
222.475590308,nodecontroller,4248,8.02,1.9701898726949756,139968,140168
222.475590308,nodelet,4396,17.02,4.925474681737439,117500,115384
222.475590308,nodeproxy,4615,0.34,0.0,54176,54500
222.475590308,containerd,3680,15.45,2.9552848090424635,101936,100852
222.475590308,flanneld,5191,0.8,0.0,48300,48336
222.475590308,coredns,4884,1.55,0.0,66832,43018
222.475590308,coredns,4888,1.55,0.0,67696,43886
223.53134897600006,nodestore,4244,21.29,8.524675451681379,89912,90316
223.53134897600006,nodeapiserver,4272,66.79,26.52121251634207,404344,404752
223.53134897600006,nodescheduler,4266,2.29,0.947186161297931,67964,68436
223.53134897600006,nodecontroller,4248,8.05,2.841558483893793,139968,140172
223.53134897600006,nodelet,4396,17.08,5.683116967787586,115008,112664
223.53134897600006,nodeproxy,4615,0.34,0.0,54176,54500
223.53134897600006,containerd,3680,15.48,2.841558483893793,102960,101836
223.53134897600006,flanneld,5191,0.81,0.947186161297931,48300,48336
223.53134897600006,coredns,4884,1.56,0.947186161297931,66832,43018
223.53134897600006,coredns,4888,1.56,0.947186161297931,67696,43886
224.55063107300003,nodestore,4244,21.36,6.86757868170443,89912,90336
224.55063107300003,nodeapiserver,4272,67.06,26.489232058002795,404344,404752
224.55063107300003,nodescheduler,4266,2.3,0.9810826688149183,67964,68436
224.55063107300003,nodecontroller,4248,8.09,3.9243306752596734,139968,140172
224.55063107300003,nodelet,4396,17.1,1.9621653376298367,115904,113648
224.55063107300003,nodeproxy,4615,0.34,0.0,54176,54500
224.55063107300003,containerd,3680,15.49,0.9810826688149183,102960,101836
224.55063107300003,flanneld,5191,0.81,0.0,48300,48336
224.55063107300003,coredns,4884,1.56,0.0,66832,43018
224.55063107300003,coredns,4888,1.56,0.0,67696,43890
225.56836368600005,nodestore,4244,21.45,8.843187183979742,89912,90392
225.56836368600005,nodeapiserver,4272,67.34,27.512137905714756,404344,404752
225.56836368600005,nodescheduler,4266,2.31,0.9825763537755268,67964,68436
225.56836368600005,nodecontroller,4248,8.11,1.9651527075510535,139968,140172
225.56836368600005,nodelet,4396,17.16,5.895458122653161,116800,114632
225.56836368600005,nodeproxy,4615,0.34,0.0,54176,54500
225.56836368600005,containerd,3680,15.57,7.860610830204214,102800,101672
225.56836368600005,flanneld,5191,0.81,0.0,48300,48336
225.56836368600005,coredns,4884,1.57,0.9825763537755268,66832,43018
225.56836368600005,coredns,4888,1.57,0.9825763537755268,67696,43894
226.59751563800006,nodestore,4244,21.53,7.7733904934574225,89912,90424
226.59751563800006,nodeapiserver,4272,67.59,24.291845292054443,404344,404752
226.59751563800006,nodescheduler,4266,2.31,0.0,67964,68436
226.59751563800006,nodecontroller,4248,8.14,2.9150214350465333,139968,140172
226.59751563800006,nodelet,4396,17.19,2.9150214350465333,117824,115648
226.59751563800006,nodeproxy,4615,0.34,0.0,54176,54500
226.59751563800006,containerd,3680,15.62,4.858369058410889,102800,101712
226.59751563800006,flanneld,5191,0.81,0.0,48300,48336
226.59751563800006,coredns,4884,1.57,0.0,66832,43018
226.59751563800006,coredns,4888,1.58,0.9716738116821778,67696,43894
227.61507487399996,nodestore,4244,21.63,9.827437702114286,89912,90444
227.61507487399996,nodeapiserver,4272,67.84,24.568594255285717,404344,404752
227.61507487399996,nodescheduler,4266,2.32,0.9827437702114287,67964,68436
227.61507487399996,nodecontroller,4248,8.17,2.948231310634286,139968,140172
227.61507487399996,nodelet,4396,17.25,5.896462621268572,118208,116096
227.61507487399996,nodeproxy,4615,0.34,0.0,54176,54500
227.61507487399996,containerd,3680,15.66,3.9309750808457147,103824,102696
227.61507487399996,flanneld,5191,0.81,0.0,48300,48336
227.61507487399996,coredns,4884,1.58,0.9827437702114287,66832,43018
227.61507487399996,coredns,4888,1.58,0.0,67696,43894
228.63700493200002,nodestore,4244,21.73,9.785405490049056,89912,90480
228.63700493200002,nodeapiserver,4272,68.13,28.377675921142263,404344,404788
228.63700493200002,nodescheduler,4266,2.32,0.0,67964,68436
228.63700493200002,nodecontroller,4248,8.2,2.935621647014717,139968,140172
228.63700493200002,nodelet,4396,17.32,6.8497838430343405,120128,118100
228.63700493200002,nodeproxy,4615,0.34,0.0,54176,54500
228.63700493200002,containerd,3680,15.68,1.9570810980098114,103824,102696
228.63700493200002,flanneld,5191,0.81,0.0,48300,48336
228.63700493200002,coredns,4884,1.59,0.9785405490049057,66832,43018
228.63700493200002,coredns,4888,1.59,0.9785405490049057,67696,43894
229.662194361,nodestore,4244,21.8,6.828006417144042,90040,90512
229.662194361,nodeapiserver,4272,68.4,26.336596180412734,404344,404792
229.662194361,nodescheduler,4266,2.34,1.950858976326869,67964,68436
229.662194361,nodecontroller,4248,8.22,1.950858976326869,139968,140172
229.662194361,nodelet,4396,17.38,5.852576928980607,120512,118359
229.662194361,nodeproxy,4615,0.34,0.0,54176,54500
229.662194361,containerd,3680,15.73,4.877147440817173,104080,103007
229.662194361,flanneld,5191,0.81,0.0,48300,48336
229.662194361,coredns,4884,1.59,0.0,66832,43022
229.662194361,coredns,4888,1.6,0.9754294881634346,67696,43894
230.706674019,nodestore,4244,21.91,10.531559820957277,90300,90644
230.706674019,nodeapiserver,4272,68.72,30.637264933693896,404344,404800
230.706674019,nodescheduler,4266,2.35,0.9574145291779342,67964,68436
230.706674019,nodecontroller,4248,8.28,5.744487175067605,139968,140176
230.706674019,nodelet,4396,17.47,8.616730762601408,120512,118428
230.706674019,nodeproxy,4615,0.35,0.9574145291779342,54176,54500
230.706674019,containerd,3680,15.89,15.318632466846948,105360,104200
230.706674019,flanneld,5191,0.82,0.9574145291779342,48300,48248
230.706674019,coredns,4884,1.61,1.9148290583558685,66832,43026
230.706674019,coredns,4888,1.6,0.0,67696,43894
231.72236830499997,nodestore,4244,21.99,7.876385749402672,90300,90732
231.72236830499997,nodeapiserver,4272,69.12,39.38192874701336,404344,404800
231.72236830499997,nodescheduler,4266,2.37,1.969096437350668,67964,68444
231.72236830499997,nodecontroller,4248,8.31,2.953644656026002,139968,140176
231.72236830499997,nodelet,4396,17.64,16.73731971748068,120640,118600
231.72236830499997,nodeproxy,4615,0.35,0.0,54176,54500
231.72236830499997,containerd,3680,15.97,7.876385749402672,105360,104284
231.72236830499997,flanneld,5191,0.83,0.984548218675334,48300,48248
231.72236830499997,coredns,4884,1.61,0.0,66832,43026
231.72236830499997,coredns,4888,1.62,1.969096437350668,67696,43894
232.76119325200006,nodestore,4244,22.1,10.5888870225593,90300,90760
232.76119325200006,nodeapiserver,4272,69.43,29.841408881758024,404344,404800
232.76119325200006,nodescheduler,4266,2.38,0.9626260929599363,67964,68456
232.76119325200006,nodecontroller,4248,8.34,2.8878782788798087,139968,140176
232.76119325200006,nodelet,4396,17.69,4.8131304647996815,120640,118644
232.76119325200006,nodeproxy,4615,0.35,0.0,54176,54500
232.76119325200006,containerd,3680,16.01,3.850504371839745,105488,104444
232.76119325200006,flanneld,5191,0.83,0.0,48300,48248
232.76119325200006,coredns,4884,1.62,0.9626260929599363,66832,43026
232.76119325200006,coredns,4888,1.62,0.0,67696,43894
233.79194437100006,nodestore,4244,22.19,8.731496705753262,90300,90796
233.79194437100006,nodeapiserver,4272,69.71,27.16465641789904,404344,404800
233.79194437100006,nodescheduler,4266,2.39,0.9701663006392512,67964,68456
233.79194437100006,nodecontroller,4248,8.38,3.880665202557005,139968,140176
233.79194437100006,nodelet,4396,17.73,3.880665202557005,120640,118644
233.79194437100006,nodeproxy,4615,0.35,0.0,54176,54500
233.79194437100006,containerd,3680,16.03,1.9403326012785025,106512,105484
233.79194437100006,flanneld,5191,0.83,0.0,48300,48248
233.79194437100006,coredns,4884,1.63,0.9701663006392512,66832,43026
233.79194437100006,coredns,4888,1.63,0.9701663006392512,67696,43894
234.80870377700006,nodestore,4244,22.27,7.868134735504927,90300,90840
234.80870377700006,nodeapiserver,4272,69.98,26.554954732329126,404344,404804
234.80870377700006,nodescheduler,4266,2.39,0.0,67964,68456
234.80870377700006,nodecontroller,4248,8.4,1.9670336838762317,139968,140176
234.80870377700006,nodelet,4396,17.78,4.917584209690579,120640,118644
234.80870377700006,nodeproxy,4615,0.35,0.0,54176,54500
234.80870377700006,containerd,3680,16.1,6.884617893566811,106640,105528
234.80870377700006,flanneld,5191,0.84,0.9835168419381158,48300,48184
234.80870377700006,coredns,4884,1.63,0.0,66832,43026
234.80870377700006,coredns,4888,1.63,0.0,67696,43894
235.82474739399998,nodestore,4244,22.38,10.826306878911119,90460,90976
235.82474739399998,nodeapiserver,4272,70.32,33.463130352998,404344,404812
235.82474739399998,nodescheduler,4266,2.4,0.9842097162646471,67964,68456
235.82474739399998,nodecontroller,4248,8.48,7.873677730117177,139968,140176
235.82474739399998,nodelet,4396,17.87,8.857887446381824,120768,118684
235.82474739399998,nodeproxy,4615,0.35,0.0,54176,54500
235.82474739399998,containerd,3680,16.14,3.9368388650585886,106640,105536
235.82474739399998,flanneld,5191,0.84,0.0,48300,48184
235.82474739399998,coredns,4884,1.64,0.9842097162646471,66832,43026
235.82474739399998,coredns,4888,1.64,0.9842097162646471,67696,43894
236.84121785300005,nodestore,4244,22.48,9.837964213772985,90460,91008
236.84121785300005,nodeapiserver,4272,70.61,28.53009621994165,404344,404816
236.84121785300005,nodescheduler,4266,2.41,0.9837964213772984,67964,68456
236.84121785300005,nodecontroller,4248,8.5,1.9675928427545968,139968,140176
236.84121785300005,nodelet,4396,17.91,3.9351856855091936,120768,118684
236.84121785300005,nodeproxy,4615,0.35,0.0,54176,54500
236.84121785300005,containerd,3680,16.16,1.9675928427545968,106640,105536
236.84121785300005,flanneld,5191,0.84,0.0,48300,48184
236.84121785300005,coredns,4884,1.64,0.0,66832,43026
236.84121785300005,coredns,4888,1.65,0.9837964213772984,67696,43894
237.85971171399996,nodestore,4244,22.56,7.854735611411506,90588,91020
237.85971171399996,nodeapiserver,4272,70.86,24.546048785660957,404344,404820
237.85971171399996,nodescheduler,4266,2.42,0.9818419514264383,67964,68456
237.85971171399996,nodecontroller,4248,8.53,2.945525854279315,139968,140176
237.85971171399996,nodelet,4396,17.95,3.927367805705753,120768,118684
237.85971171399996,nodeproxy,4615,0.35,0.0,54176,54500
237.85971171399996,containerd,3680,16.21,4.909209757132191,106640,105540
237.85971171399996,flanneld,5191,0.84,0.0,48300,48184
237.85971171399996,coredns,4884,1.66,1.9636839028528765,66960,43034
237.85971171399996,coredns,4888,1.66,0.9818419514264383,67696,43894
238.88931958100005,nodestore,4244,22.65,8.741191951284078,90588,91080
238.88931958100005,nodeapiserver,4272,71.16,29.13730650428026,404344,404820
238.88931958100005,nodescheduler,4266,2.43,0.9712435501426754,67964,68460
238.88931958100005,nodecontroller,4248,8.56,2.9137306504280263,139968,140176
238.88931958100005,nodelet,4396,18.04,8.741191951284078,120768,118684
238.88931958100005,nodeproxy,4615,0.35,0.0,54176,54500
238.88931958100005,containerd,3680,16.28,6.798704850998728,106640,105532
238.88931958100005,flanneld,5191,0.84,0.0,48300,48184
238.88931958100005,coredns,4884,1.66,0.0,66960,43034
238.88931958100005,coredns,4888,1.66,0.0,67696,43894
239.90996359700006,nodestore,4244,22.74,8.817961854390523,90716,91100
239.90996359700006,nodeapiserver,4272,71.41,24.49433848441812,404344,404824
239.90996359700006,nodescheduler,4266,2.44,0.9797735393767247,67964,68460
239.90996359700006,nodecontroller,4248,8.58,1.9595470787534495,139968,140176
239.90996359700006,nodelet,4396,18.07,2.939320618130174,120768,118684
239.90996359700006,nodeproxy,4615,0.35,0.0,54176,54500
239.90996359700006,containerd,3680,16.32,3.919094157506899,106640,105536
239.90996359700006,flanneld,5191,0.84,0.0,48300,48184
239.90996359700006,coredns,4884,1.67,0.9797735393767247,66960,43034
239.90996359700006,coredns,4888,1.66,0.0,67696,43894
240.93103319300002,nodestore,4244,22.86,11.752382058000732,90876,91224
240.93103319300002,nodeapiserver,4272,71.73,31.339685488001955,404344,404824
240.93103319300002,nodescheduler,4266,2.45,0.9793651715000611,67964,68464
240.93103319300002,nodecontroller,4248,8.63,4.896825857500305,139968,140176
240.93103319300002,nodelet,4396,18.18,10.773016886500672,120768,118682
240.93103319300002,nodeproxy,4615,0.35,0.0,54176,54500
240.93103319300002,containerd,3680,16.43,10.773016886500672,106640,105511
240.93103319300002,flanneld,5191,0.86,1.9587303430001222,48300,48184
240.93103319300002,coredns,4884,1.68,0.9793651715000611,66960,43034
240.93103319300002,coredns,4888,1.67,0.9793651715000611,67696,43894
242.00754727300006,nodestore,4244,23.0,13.004939052910025,91008,91420
242.00754727300006,nodeapiserver,4272,72.14,38.08589294066507,404344,404844
242.00754727300006,nodescheduler,4266,2.47,1.8578484361300032,67964,68464
242.00754727300006,nodecontroller,4248,8.7,6.5024695264550125,139968,140188
242.00754727300006,nodelet,4396,18.37,17.649560143235032,120768,118720
242.00754727300006,nodeproxy,4615,0.36,0.9289242180650016,54176,54504
242.00754727300006,containerd,3680,16.56,12.07601483484502,106896,105816
242.00754727300006,flanneld,5191,0.87,0.9289242180650016,48300,48184
242.00754727300006,coredns,4884,1.68,0.0,66960,43034
242.00754727300006,coredns,4888,1.69,1.8578484361300032,67696,43898
243.04707532800006,nodestore,4244,23.09,8.657774993864841,91008,91448
243.04707532800006,nodeapiserver,4272,72.4,25.011349982276208,404344,404844
243.04707532800006,nodescheduler,4266,2.48,0.9619749993183156,67964,68464
243.04707532800006,nodecontroller,4248,8.72,1.9239499986366313,139968,140188
243.04707532800006,nodelet,4396,18.42,4.809874996591578,120768,118717
243.04707532800006,nodeproxy,4615,0.37,0.9619749993183156,54176,54504
243.04707532800006,containerd,3680,16.67,10.581724992501472,106896,105868
243.04707532800006,flanneld,5191,0.88,0.9619749993183156,48300,48184
243.04707532800006,coredns,4884,1.69,0.9619749993183156,66960,43034
243.04707532800006,coredns,4888,1.69,0.0,67696,43898
244.09688703299997,nodestore,4244,23.22,12.383173037684031,91152,91672
244.09688703299997,nodeapiserver,4272,72.87,44.769933290088424,406420,406900
244.09688703299997,nodescheduler,4266,2.5,1.9051035442590818,67964,68464
244.09688703299997,nodecontroller,4248,8.79,6.667862404906788,139968,140192
244.09688703299997,nodelet,4396,18.61,18.098483670461277,120768,118784
244.09688703299997,nodeproxy,4615,0.37,0.0,54176,54504
244.09688703299997,containerd,3680,16.8,12.383173037684031,106896,105872
244.09688703299997,flanneld,5191,0.88,0.0,48300,48184
244.09688703299997,coredns,4884,1.7,0.9525517721295409,66960,43034
244.09688703299997,coredns,4888,1.71,1.9051035442590818,67696,43970
245.129483805,nodestore,4244,23.31,8.715890117076318,91152,91676
245.129483805,nodeapiserver,4272,73.15,27.116102586459657,406420,406904
245.129483805,nodescheduler,4266,2.5,0.0,67964,68464
245.129483805,nodecontroller,4248,8.82,2.905296705692106,139968,140192
245.129483805,nodelet,4396,18.64,2.905296705692106,120768,118788
245.129483805,nodeproxy,4615,0.37,0.0,54176,54504
245.129483805,containerd,3680,16.83,2.905296705692106,106896,105872
245.129483805,flanneld,5191,0.88,0.0,48300,48184
245.129483805,coredns,4884,1.71,0.968432235230702,66960,43034
245.129483805,coredns,4888,1.71,0.0,67824,43990
246.15288855299997,nodestore,4244,23.4,8.794174560542821,91152,91676
246.15288855299997,nodeapiserver,4272,73.46,30.291045708536384,406420,406908
246.15288855299997,nodescheduler,4266,2.51,0.9771305067269801,67964,68464
246.15288855299997,nodecontroller,4248,8.84,1.9542610134539602,139968,140192
246.15288855299997,nodelet,4396,18.71,6.8399135470888615,116632,114564
246.15288855299997,nodeproxy,4615,0.37,0.0,54176,54504
246.15288855299997,containerd,3680,16.89,5.86278304036188,106752,105596
246.15288855299997,flanneld,5191,0.88,0.0,48300,48184
246.15288855299997,coredns,4884,1.71,0.0,66960,43034
246.15288855299997,coredns,4888,1.72,0.9771305067269801,67824,43998
247.17286864500005,nodestore,4244,23.5,9.80411292184239,91488,91868
247.17286864500005,nodeapiserver,4272,73.74,27.4515161811587,406420,406912
247.17286864500005,nodescheduler,4266,2.52,0.9804112921842391,67964,68468
247.17286864500005,nodecontroller,4248,8.87,2.941233876552717,139968,140196
247.17286864500005,nodelet,4396,18.75,3.9216451687369562,117656,115558
247.17286864500005,nodeproxy,4615,0.37,0.0,54176,54504
247.17286864500005,containerd,3680,16.92,2.941233876552717,106752,105594
247.17286864500005,flanneld,5191,0.88,0.0,48300,48184
247.17286864500005,coredns,4884,1.72,0.9804112921842391,66960,43034
247.17286864500005,coredns,4888,1.73,0.9804112921842391,67824,44006
248.19642130899996,nodestore,4244,23.59,8.792903693718303,91488,91868
248.19642130899996,nodeapiserver,4272,74.03,28.332689679758975,406420,406912
248.19642130899996,nodescheduler,4266,2.53,0.9769892993020337,67964,68468
248.19642130899996,nodecontroller,4248,8.89,1.9539785986040674,139968,140196
248.19642130899996,nodelet,4396,18.89,13.677850190228474,119064,117064
248.19642130899996,nodeproxy,4615,0.37,0.0,54176,54504
248.19642130899996,containerd,3680,17.03,10.74688229232237,106752,105596
248.19642130899996,flanneld,5191,0.89,0.9769892993020337,48300,48184
248.19642130899996,coredns,4884,1.72,0.0,66960,43034
248.19642130899996,coredns,4888,1.74,0.9769892993020337,67824,44014
249.214289737,nodestore,4244,23.67,7.8595619826020044,91488,91868
249.214289737,nodeapiserver,4272,74.28,24.561131195631265,406420,406912
249.214289737,nodescheduler,4266,2.54,0.9824452478252506,67964,68468
249.214289737,nodecontroller,4248,8.92,2.947335743475752,139968,140196
249.214289737,nodelet,4396,18.92,2.947335743475752,119064,117064
249.214289737,nodeproxy,4615,0.37,0.0,54176,54504
249.214289737,containerd,3680,17.08,4.912226239126253,106752,105596
249.214289737,flanneld,5191,0.89,0.0,48300,48184
249.214289737,coredns,4884,1.73,0.9824452478252506,66960,43042
249.214289737,coredns,4888,1.74,0.0,67952,44030
250.23485955400002,nodestore,4244,23.78,10.778292495788898,91488,91868
250.23485955400002,nodeapiserver,4272,74.59,30.375187942677805,406420,406920
250.23485955400002,nodescheduler,4266,2.54,0.0,67964,68468
250.23485955400002,nodecontroller,4248,8.95,2.939534317033336,139968,140196
250.23485955400002,nodelet,4396,18.97,4.899223861722227,119064,117064
250.23485955400002,nodeproxy,4615,0.37,0.0,54176,54504
250.23485955400002,containerd,3680,17.1,1.9596895446888907,106752,105596
250.23485955400002,flanneld,5191,0.89,0.0,48300,48184
250.23485955400002,coredns,4884,1.74,0.9798447723444453,66960,43042
250.23485955400002,coredns,4888,1.74,0.0,67952,44038
251.25059516799996,nodestore,4244,23.86,7.876065276963401,91488,91868
251.25059516799996,nodeapiserver,4272,74.87,27.566228469371907,406420,406924
251.25059516799996,nodescheduler,4266,2.55,0.9845081596204251,67964,68468
251.25059516799996,nodecontroller,4248,8.98,2.9535244788612753,139968,140196
251.25059516799996,nodelet,4396,19.01,3.9380326384817006,119960,118048
251.25059516799996,nodeproxy,4615,0.37,0.0,54176,54504
251.25059516799996,containerd,3680,17.12,1.9690163192408503,106752,105596
251.25059516799996,flanneld,5191,0.89,0.0,48300,48184
251.25059516799996,coredns,4884,1.75,0.9845081596204251,66960,43042
251.25059516799996,coredns,4888,1.75,0.9845081596204251,67952,44038
252.27000777000006,nodestore,4244,23.96,9.809570708052712,91488,91872
252.27000777000006,nodeapiserver,4272,75.15,27.466797982547597,406420,406924
252.27000777000006,nodescheduler,4266,2.56,0.9809570708052712,67964,68468
252.27000777000006,nodecontroller,4248,9.0,1.9619141416105423,139968,140200
252.27000777000006,nodelet,4396,19.14,12.752441920468526,119960,118052
252.27000777000006,nodeproxy,4615,0.37,0.0,54176,54504
252.27000777000006,containerd,3680,17.19,6.866699495636899,106752,105600
252.27000777000006,flanneld,5191,0.9,0.9809570708052712,48300,48184
252.27000777000006,coredns,4884,1.75,0.0,66960,43042
252.27000777000006,coredns,4888,1.76,0.9809570708052712,67952,44038
253.29267137699998,nodestore,4244,24.04,7.822709193171357,91488,91872
253.29267137699998,nodeapiserver,4272,75.42,26.40164352695333,406420,406928
253.29267137699998,nodescheduler,4266,2.57,0.9778386491464196,67964,68468
253.29267137699998,nodecontroller,4248,9.03,2.933515947439259,139968,140200
253.29267137699998,nodelet,4396,19.19,4.889193245732098,119960,118056
253.29267137699998,nodeproxy,4615,0.37,0.0,54176,54504
253.29267137699998,containerd,3680,17.21,1.9556772982928392,106752,105600
253.29267137699998,flanneld,5191,0.9,0.0,48300,48188
253.29267137699998,coredns,4884,1.76,0.9778386491464196,66960,43042
253.29267137699998,coredns,4888,1.77,0.9778386491464196,67952,44038
254.31766759099997,nodestore,4244,24.14,9.756133596801773,91488,91872
254.31766759099997,nodeapiserver,4272,75.7,27.317174071044967,406420,406936
254.31766759099997,nodescheduler,4266,2.57,0.0,67964,68468
254.31766759099997,nodecontroller,4248,9.07,3.902453438720709,139968,140204
254.31766759099997,nodelet,4396,19.25,5.853680158081064,119960,118060
254.31766759099997,nodeproxy,4615,0.37,0.0,54176,54504
254.31766759099997,containerd,3680,17.5,28.292787430725138,107520,106364
254.31766759099997,flanneld,5191,0.9,0.0,48300,48188
254.31766759099997,coredns,4884,1.76,0.0,66960,43042
254.31766759099997,coredns,4888,1.78,0.9756133596801773,67952,44038
255.34170711100006,nodestore,4244,24.21,6.835673685718108,91488,91872
255.34170711100006,nodeapiserver,4272,75.93,22.46007068164521,406420,406936
255.34170711100006,nodescheduler,4266,2.59,1.9530496244908877,67964,68468
255.34170711100006,nodecontroller,4248,9.09,1.9530496244908877,139968,140204
255.34170711100006,nodelet,4396,19.32,6.835673685718108,119960,118060
255.34170711100006,nodeproxy,4615,0.37,0.0,54176,54504
255.34170711100006,containerd,3680,17.8,29.295744367363316,99772,98388
255.34170711100006,flanneld,5191,0.9,0.0,48300,48188
255.34170711100006,coredns,4884,1.77,0.9765248122454439,66960,43042
255.34170711100006,coredns,4888,1.78,0.0,67952,44038
256.374586214,nodestore,4244,24.3,8.713507683387366,91488,91872
256.374586214,nodeapiserver,4272,76.22,28.076858090914843,406420,406940
256.374586214,nodescheduler,4266,2.6,0.968167520376374,67964,68468
256.374586214,nodecontroller,4248,9.12,2.904502561129122,139968,140204
256.374586214,nodelet,4396,19.4,7.745340163010992,119292,117228
256.374586214,nodeproxy,4615,0.37,0.0,54176,54504
256.374586214,containerd,3680,17.92,11.618010244516489,99772,98388
256.374586214,flanneld,5191,0.9,0.0,48300,48208
256.374586214,coredns,4884,1.78,0.968167520376374,66960,43042
256.374586214,coredns,4888,1.79,0.968167520376374,67952,44042
257.39872089600004,nodestore,4244,24.43,12.69364296364992,91488,91872
257.39872089600004,nodeapiserver,4272,76.55,32.22232444618825,408552,409044
257.39872089600004,nodescheduler,4266,2.62,1.9528681482538337,67964,68468
257.39872089600004,nodecontroller,4248,9.16,3.9057362965076674,139968,140208
257.39872089600004,nodelet,4396,19.46,5.858604444761501,119292,117232
257.39872089600004,nodeproxy,4615,0.38,0.9764340741269169,54176,54508
257.39872089600004,containerd,3680,17.95,2.9293022223807506,99772,98388
257.39872089600004,flanneld,5191,0.9,0.0,48300,48208
257.39872089600004,coredns,4884,1.79,0.9764340741269169,66960,43042
257.39872089600004,coredns,4888,1.79,0.0,67952,44042
258.430960705,nodestore,4244,24.51,7.75013706141631,91488,91872
258.430960705,nodeapiserver,4272,76.96,39.719452439758584,410720,411092
258.430960705,nodescheduler,4266,2.63,0.9687671326770387,67964,68468
258.430960705,nodecontroller,4248,9.2,3.875068530708155,139968,140208
258.430960705,nodelet,4396,19.51,4.843835663385193,119292,117236
258.430960705,nodeproxy,4615,0.39,0.9687671326770387,54176,54508
258.430960705,containerd,3680,18.0,4.843835663385193,99772,98388
258.430960705,flanneld,5191,0.91,0.9687671326770387,48300,48208
258.430960705,coredns,4884,1.79,0.0,66960,43042
258.430960705,coredns,4888,1.8,0.9687671326770387,67952,44042
259.465018273,nodestore,4244,24.61,9.670641470514523,91488,91872
259.465018273,nodeapiserver,4272,77.26,29.01192441154357,410720,411092
259.465018273,nodescheduler,4266,2.63,0.0,67964,68468
259.465018273,nodecontroller,4248,9.22,1.9341282941029048,139968,140208
259.465018273,nodelet,4396,19.55,3.8682565882058095,119292,117236
259.465018273,nodeproxy,4615,0.39,0.0,54176,54508
259.465018273,containerd,3680,18.02,1.9341282941029048,99772,98388
259.465018273,flanneld,5191,0.91,0.0,48300,48208
259.465018273,coredns,4884,1.8,0.9670641470514524,66960,43042
259.465018273,coredns,4888,1.81,0.9670641470514524,67952,44042
260.48340561900005,nodestore,4244,24.69,7.855557152611729,91488,91872
260.48340561900005,nodeapiserver,4272,77.5,23.566671457835184,410720,411100
260.48340561900005,nodescheduler,4266,2.64,0.9819446440764661,67964,68536
260.48340561900005,nodecontroller,4248,9.25,2.945833932229398,139968,140208
260.48340561900005,nodelet,4396,19.63,7.855557152611729,113588,111470
260.48340561900005,nodeproxy,4615,0.39,0.0,54176,54508
260.48340561900005,containerd,3680,18.05,2.945833932229398,99772,98378
260.48340561900005,flanneld,5191,0.92,0.9819446440764661,48300,48208
260.48340561900005,coredns,4884,1.8,0.0,66960,43042
260.48340561900005,coredns,4888,1.82,0.9819446440764661,67952,44042
261.524214374,nodestore,4244,24.77,7.6863304248439315,91488,91872
261.524214374,nodeapiserver,4272,77.78,26.902156486953764,410720,411108
261.524214374,nodescheduler,4266,2.65,0.9607913031054914,67964,68536
261.524214374,nodecontroller,4248,9.27,1.9215826062109829,139968,140208
261.524214374,nodelet,4396,19.68,4.8039565155274575,113588,111472
261.524214374,nodeproxy,4615,0.39,0.0,54176,54508
261.524214374,containerd,3680,18.1,4.8039565155274575,99772,98380
261.524214374,flanneld,5191,0.92,0.0,48300,48208
261.524214374,coredns,4884,1.81,0.9607913031054914,66960,43042
261.524214374,coredns,4888,1.82,0.0,67952,44042
262.551959328,nodestore,4244,24.87,9.730040474613578,91488,91872
262.551959328,nodeapiserver,4272,78.1,31.136129518763447,410720,411112
262.551959328,nodescheduler,4266,2.67,1.9460080949227154,67964,68536
262.551959328,nodecontroller,4248,9.35,7.784032379690862,139968,140208
262.551959328,nodelet,4396,19.84,15.568064759381723,113588,111467
262.551959328,nodeproxy,4615,0.39,0.0,54176,54508
262.551959328,containerd,3680,18.19,8.75703642715222,99772,98377
262.551959328,flanneld,5191,0.93,0.9730040474613577,48300,48212
262.551959328,coredns,4884,1.82,0.9730040474613577,66960,43042
262.551959328,coredns,4888,1.83,0.9730040474613577,67952,44042
263.63003162,nodestore,4244,25.03,14.841305280481112,91488,91876
263.63003162,nodeapiserver,4272,78.49,36.175681621172714,410720,411116
263.63003162,nodescheduler,4266,2.68,0.9275815800300695,67964,68536
263.63003162,nodecontroller,4248,9.42,6.493071060210488,139968,140216
263.63003162,nodelet,4396,20.01,15.768886860511182,114484,112348
263.63003162,nodeproxy,4615,0.39,0.0,54176,54508
263.63003162,containerd,3680,18.37,16.696468440541253,99772,98476
263.63003162,flanneld,5191,0.93,0.0,48300,48212
263.63003162,coredns,4884,1.83,0.9275815800300695,66832,42794
263.63003162,coredns,4888,1.84,0.9275815800300695,67952,44046
264.648639069,nodestore,4244,25.12,8.835592169324487,91488,91876
264.648639069,nodeapiserver,4272,78.78,28.47024143449001,410720,411116
264.648639069,nodescheduler,4266,2.69,0.9817324632582762,67964,68536
264.648639069,nodecontroller,4248,9.46,3.926929853033105,139968,140216
264.648639069,nodelet,4396,20.03,1.9634649265165525,115508,113468
264.648639069,nodeproxy,4615,0.39,0.0,54176,54512
264.648639069,containerd,3680,18.39,1.9634649265165525,99772,98512
264.648639069,flanneld,5191,0.93,0.0,48300,48212
264.648639069,coredns,4884,1.85,1.9634649265165525,66832,42794
264.648639069,coredns,4888,1.85,0.9817324632582762,67952,44046
265.68673580800004,nodestore,4244,25.22,9.633013595277037,91488,91876
265.68673580800004,nodeapiserver,4272,79.07,27.935739426303407,410720,411124
265.68673580800004,nodescheduler,4266,2.7,0.9633013595277038,67964,68536
265.68673580800004,nodecontroller,4248,9.51,4.816506797638518,139968,140216
265.68673580800004,nodelet,4396,20.2,16.376123111970962,116148,114124
265.68673580800004,nodeproxy,4615,0.39,0.0,54176,54512
265.68673580800004,containerd,3680,18.51,11.559616314332445,99772,98556
265.68673580800004,flanneld,5191,0.94,0.9633013595277038,48300,48212
265.68673580800004,coredns,4884,1.85,0.0,66832,42794
265.68673580800004,coredns,4888,1.85,0.0,67952,44046
266.70806422000004,nodestore,4244,25.34,11.749403873432994,91488,91876
266.70806422000004,nodeapiserver,4272,79.37,29.373509683582487,410720,411132
266.70806422000004,nodescheduler,4266,2.71,0.9791169894527496,67964,68536
266.70806422000004,nodecontroller,4248,9.55,3.9164679578109984,139968,140216
266.70806422000004,nodelet,4396,20.29,8.812052905074745,116276,114312
266.70806422000004,nodeproxy,4615,0.4,0.9791169894527496,54176,54512
266.70806422000004,containerd,3680,18.65,13.707637852338497,99900,98708
266.70806422000004,flanneld,5191,0.95,0.9791169894527496,48300,48212
266.70806422000004,coredns,4884,1.86,0.9791169894527496,66832,42794
266.70806422000004,coredns,4888,1.87,1.9582339789054992,67952,44046
267.727556227,nodestore,4244,25.42,7.847045337355423,91488,91876
267.727556227,nodeapiserver,4272,79.64,26.483778013574554,410720,411136
267.727556227,nodescheduler,4266,2.72,0.9808806671694279,67964,68540
267.727556227,nodecontroller,4248,9.57,1.9617613343388558,139968,140216
267.727556227,nodelet,4396,20.34,4.90440333584714,116276,114312
267.727556227,nodeproxy,4615,0.4,0.0,54176,54512
267.727556227,containerd,3680,18.69,3.9235226686777116,99900,98708
267.727556227,flanneld,5191,0.95,0.0,48300,48212
267.727556227,coredns,4884,1.87,0.9808806671694279,66832,42794
267.727556227,coredns,4888,1.87,0.0,67952,44054
268.759924195,nodestore,4244,25.54,11.62376242963769,91488,91880
268.759924195,nodeapiserver,4272,79.95,30.028052943230698,410720,411148
268.759924195,nodescheduler,4266,2.73,0.9686468691364741,67964,68544
268.759924195,nodecontroller,4248,9.62,4.8432343456823705,139968,140220
268.759924195,nodelet,4396,20.44,9.686468691364741,115180,113172
268.759924195,nodeproxy,4615,0.41,0.9686468691364741,54176,54512
268.759924195,containerd,3680,18.73,3.8745874765458965,99900,98748
268.759924195,flanneld,5191,0.95,0.0,48300,48212
268.759924195,coredns,4884,1.87,0.0,66832,42794
268.759924195,coredns,4888,1.87,0.0,67952,44054
269.794483049,nodestore,4244,25.65,10.632551214916077,91488,91880
269.794483049,nodeapiserver,4272,80.4,43.49680042465668,410720,411156
269.794483049,nodescheduler,4266,2.73,0.0,67964,68544
269.794483049,nodecontroller,4248,9.66,3.866382259969483,139968,140224
269.794483049,nodelet,4396,20.47,2.899786694977112,115436,113476
269.794483049,nodeproxy,4615,0.41,0.0,54176,54512
269.794483049,containerd,3680,18.75,1.9331911299847415,99900,98768
269.794483049,flanneld,5191,0.95,0.0,48300,48212
269.794483049,coredns,4884,1.89,1.9331911299847415,66832,42794
269.794483049,coredns,4888,1.88,0.9665955649923708,67952,44054
270.81246608099997,nodestore,4244,25.74,8.841011801855204,91488,91880
270.81246608099997,nodeapiserver,4272,80.67,26.523035405565615,410720,411160
270.81246608099997,nodescheduler,4266,2.74,0.9823346446505783,67964,68544
270.81246608099997,nodecontroller,4248,9.68,1.9646692893011566,139968,140224
270.81246608099997,nodelet,4396,20.51,3.929338578602313,115564,113648
270.81246608099997,nodeproxy,4615,0.41,0.0,54176,54512
270.81246608099997,containerd,3680,18.79,3.929338578602313,99900,98788
270.81246608099997,flanneld,5191,0.95,0.0,48300,48212
270.81246608099997,coredns,4884,1.89,0.0,66832,42794
270.81246608099997,coredns,4888,1.88,0.0,67952,44054
271.83603295200004,nodestore,4244,25.83,8.79278164914286,91488,91880
271.83603295200004,nodeapiserver,4272,80.98,30.286247902603183,410720,411164
271.83603295200004,nodescheduler,4266,2.76,1.9539514775873021,67964,68544
271.83603295200004,nodecontroller,4248,9.71,2.930927216380953,139968,140224
271.83603295200004,nodelet,4396,20.57,5.861854432761906,115692,113724
271.83603295200004,nodeproxy,4615,0.41,0.0,54176,54512
271.83603295200004,containerd,3680,18.85,5.861854432761906,98592,97492
271.83603295200004,flanneld,5191,0.95,0.0,48300,48212
271.83603295200004,coredns,4884,1.9,0.9769757387936511,66832,42794
271.83603295200004,coredns,4888,1.88,0.0,67952,44054
272.85518872000006,nodestore,4244,25.91,7.849634227846368,91488,91880
272.85518872000006,nodeapiserver,4272,81.23,24.530106962019904,410720,411172
272.85518872000006,nodescheduler,4266,2.77,0.981204278480796,67964,68544
272.85518872000006,nodecontroller,4248,9.74,2.9436128354423885,139968,140224
272.85518872000006,nodelet,4396,20.66,8.830838506327165,116716,114754
272.85518872000006,nodeproxy,4615,0.41,0.0,54176,54512
272.85518872000006,containerd,3680,18.88,2.9436128354423885,99616,98516
272.85518872000006,flanneld,5191,0.95,0.0,48300,48212
272.85518872000006,coredns,4884,1.91,0.981204278480796,66832,42794
272.85518872000006,coredns,4888,1.9,1.962408556961592,67952,44054
273.88529366200004,nodestore,4244,26.04,12.620073421607032,91488,91944
273.88529366200004,nodeapiserver,4272,81.59,34.94789562906563,410720,411172
273.88529366200004,nodescheduler,4266,2.78,0.9707748785851563,67964,68544
273.88529366200004,nodecontroller,4248,9.79,4.853874392925782,139968,140228
273.88529366200004,nodelet,4396,20.73,6.795424150096095,117740,115752
273.88529366200004,nodeproxy,4615,0.41,0.0,54176,54512
273.88529366200004,containerd,3680,18.89,0.9707748785851563,100640,99504
273.88529366200004,flanneld,5191,0.97,1.9415497571703126,48300,48212
273.88529366200004,coredns,4884,1.91,0.0,66832,42794
273.88529366200004,coredns,4888,1.9,0.0,67952,44054
274.91971919200006,nodestore,4244,26.13,8.700481319326887,91488,91944
274.91971919200006,nodeapiserver,4272,81.86,26.10144395798066,410720,411176
274.91971919200006,nodescheduler,4266,2.79,0.9667201465918763,67964,68544
274.91971919200006,nodecontroller,4248,9.81,1.9334402931837527,139968,140228
274.91971919200006,nodelet,4396,20.87,13.534082052286271,117740,115746
274.91971919200006,nodeproxy,4615,0.41,0.0,54176,54512
274.91971919200006,containerd,3680,19.08,18.36768278524565,101152,99962
274.91971919200006,flanneld,5191,0.98,0.9667201465918763,48556,48600
274.91971919200006,coredns,4884,1.92,0.9667201465918763,66832,42794
274.91971919200006,coredns,4888,1.91,0.9667201465918763,67648,43670
275.959941784,nodestore,4244,26.27,13.45865789463693,91764,92144
275.959941784,nodeapiserver,4272,82.27,39.414640977151,410720,411184
275.959941784,nodescheduler,4266,2.8,0.9613327067597806,67964,68544
275.959941784,nodecontroller,4248,9.88,6.729328947318465,139968,140236
275.959941784,nodelet,4396,21.02,14.419990601396709,117740,115756
275.959941784,nodeproxy,4615,0.41,0.0,54176,54512
275.959941784,containerd,3680,19.2,11.535992481117367,102560,101528
275.959941784,flanneld,5191,0.98,0.0,48556,48628
275.959941784,coredns,4884,1.93,0.9613327067597806,66832,42794
275.959941784,coredns,4888,1.93,1.922665413519561,67648,43670
276.98293664,nodestore,4244,26.35,7.820176174962357,91764,92180
276.98293664,nodeapiserver,4272,82.55,27.370616612368252,410720,411184
276.98293664,nodescheduler,4266,2.81,0.9775220218702946,67964,68544
276.98293664,nodecontroller,4248,9.9,1.9550440437405892,139968,140236
276.98293664,nodelet,4396,21.05,2.932566065610884,117740,115756
276.98293664,nodeproxy,4615,0.41,0.0,54176,54512
276.98293664,containerd,3680,19.25,4.887610109351473,103968,102772
276.98293664,flanneld,5191,0.98,0.0,48556,48628
276.98293664,coredns,4884,1.93,0.0,66832,42794
276.98293664,coredns,4888,1.93,0.0,67648,43670
278.017593139,nodestore,4244,26.44,8.698539088768685,91764,92204
278.017593139,nodeapiserver,4272,82.82,26.095617266306053,410720,411184
278.017593139,nodescheduler,4266,2.83,1.9330086863930411,67964,68544
278.017593139,nodecontroller,4248,9.93,2.8995130295895617,139968,140236
278.017593139,nodelet,4396,21.11,5.799026059179123,117740,115796
278.017593139,nodeproxy,4615,0.41,0.0,54176,54512
278.017593139,containerd,3680,19.3,4.832521715982603,103968,102964
278.017593139,flanneld,5191,0.98,0.0,48556,48664
278.017593139,coredns,4884,1.94,0.9665043431965206,66832,42794
278.017593139,coredns,4888,1.94,0.9665043431965206,67648,43670
279.046357776,nodestore,4244,26.54,9.720396328125391,91764,92236
279.046357776,nodeapiserver,4272,83.11,28.189149351563632,410720,411188
279.046357776,nodescheduler,4266,2.83,0.0,67964,68544
279.046357776,nodecontroller,4248,9.97,3.8881585312501565,139968,140236
279.046357776,nodelet,4396,21.15,3.8881585312501565,117868,115836
279.046357776,nodeproxy,4615,0.41,0.0,54176,54512
279.046357776,containerd,3680,19.32,1.9440792656250783,103968,102972
279.046357776,flanneld,5191,0.99,0.9720396328125391,48556,48664
279.046357776,coredns,4884,1.94,0.0,66832,42794
279.046357776,coredns,4888,1.95,0.9720396328125391,67648,43670
280.061331316,nodestore,4244,26.63,8.867226233306289,91764,92276
280.061331316,nodeapiserver,4272,83.37,25.616431340662615,410720,411192
280.061331316,nodescheduler,4266,2.84,0.9852473592562544,67964,68544
280.061331316,nodecontroller,4248,9.98,0.9852473592562544,139968,140236
280.061331316,nodelet,4396,21.23,7.881978874050035,117868,115836
280.061331316,nodeproxy,4615,0.41,0.0,54176,54512
280.061331316,containerd,3680,19.38,5.911484155537527,104096,103103
280.061331316,flanneld,5191,0.99,0.0,48556,48676
280.061331316,coredns,4884,1.94,0.0,66832,42794
280.061331316,coredns,4888,1.96,0.9852473592562544,67648,43670
281.11066658600004,nodestore,4244,26.74,10.482826904312192,91764,92348
281.11066658600004,nodeapiserver,4272,83.8,40.97832335322039,410720,411200
281.11066658600004,nodescheduler,4266,2.86,1.9059685280567624,67964,68544
281.11066658600004,nodecontroller,4248,10.03,4.764921320141906,139968,140240
281.11066658600004,nodelet,4396,21.28,4.764921320141906,117868,115835
281.11066658600004,nodeproxy,4615,0.42,0.9529842640283812,54176,54524
281.11066658600004,containerd,3680,19.41,2.8589527920851436,105120,104119
281.11066658600004,flanneld,5191,0.99,0.0,48556,48676
281.11066658600004,coredns,4884,1.95,0.9529842640283812,66832,42794
281.11066658600004,coredns,4888,1.96,0.0,67648,43670
282.127401914,nodestore,4244,26.82,7.868321066148835,91920,92428
282.127401914,nodeapiserver,4272,84.11,30.489744131326734,410720,411200
282.127401914,nodescheduler,4266,2.87,0.9835401332686043,67964,68544
282.127401914,nodecontroller,4248,10.08,4.917700666343022,139968,140240
282.127401914,nodelet,4396,21.35,6.884780932880231,118764,116820
282.127401914,nodeproxy,4615,0.42,0.0,54176,54524
282.127401914,containerd,3680,19.46,4.917700666343022,105376,104292
282.127401914,flanneld,5191,0.99,0.0,48556,48680
282.127401914,coredns,4884,1.96,0.9835401332686043,66832,42794
282.127401914,coredns,4888,1.98,1.9670802665372087,67648,43670
283.16096016399996,nodestore,4244,26.92,9.675313413637367,91920,92468
283.16096016399996,nodeapiserver,4272,84.4,28.05840889954836,410720,411208
283.16096016399996,nodescheduler,4266,2.87,0.0,67964,68544
283.16096016399996,nodecontroller,4248,10.12,3.8701253654549466,139968,140244
283.16096016399996,nodelet,4396,21.43,7.740250730909893,119532,117680
283.16096016399996,nodeproxy,4615,0.43,0.9675313413637366,54176,54524
283.16096016399996,containerd,3680,19.48,1.9350626827274733,106400,105276
283.16096016399996,flanneld,5191,1.0,0.9675313413637366,48556,48680
283.16096016399996,coredns,4884,1.96,0.0,66832,42794
283.16096016399996,coredns,4888,1.98,0.0,67648,43670
284.199452882,nodestore,4244,27.01,8.66640646005919,91920,92508
284.199452882,nodeapiserver,4272,84.7,28.88802153353063,410720,411212
284.199452882,nodescheduler,4266,2.89,1.9258681022353754,67964,68544
284.199452882,nodecontroller,4248,10.15,2.8888021533530632,139968,140244
284.199452882,nodelet,4396,21.49,5.7776043067061265,120812,118750
284.199452882,nodeproxy,4615,0.43,0.0,54176,54524
284.199452882,containerd,3680,19.51,2.8888021533530632,106400,105271
284.199452882,flanneld,5191,1.0,0.0,48160,48300
284.199452882,coredns,4884,1.97,0.9629340511176877,66832,42794
284.199452882,coredns,4888,1.99,0.9629340511176877,67648,43670
285.22801322699996,nodestore,4244,27.1,8.750094288342753,92060,92560
285.22801322699996,nodeapiserver,4272,84.97,26.250282865028257,410720,411212
285.22801322699996,nodescheduler,4266,2.9,0.9722326987047503,67964,68544
285.22801322699996,nodecontroller,4248,10.18,2.916698096114251,139968,140244
285.22801322699996,nodelet,4396,21.56,6.805628890933253,121708,119748
285.22801322699996,nodeproxy,4615,0.43,0.0,54176,54524
285.22801322699996,containerd,3680,19.58,6.805628890933253,106400,105276
285.22801322699996,flanneld,5191,1.0,0.0,48160,48300
285.22801322699996,coredns,4884,1.98,0.9722326987047503,66832,42794
285.22801322699996,coredns,4888,1.99,0.0,67648,43670
286.25456477100005,nodestore,4244,27.2,9.741352062102756,92188,92584
286.25456477100005,nodeapiserver,4272,85.25,27.27578577388772,410720,411212
286.25456477100005,nodescheduler,4266,2.91,0.9741352062102756,67964,68544
286.25456477100005,nodecontroller,4248,10.21,2.922405618630827,139968,140244
286.25456477100005,nodelet,4396,21.59,2.922405618630827,122092,120204
286.25456477100005,nodeproxy,4615,0.43,0.0,54176,54524
286.25456477100005,containerd,3680,19.62,3.8965408248411024,106400,105276
286.25456477100005,flanneld,5191,1.01,0.9741352062102756,48160,48300
286.25456477100005,coredns,4884,1.98,0.0,66832,42794
286.25456477100005,coredns,4888,2.0,0.9741352062102756,67648,43670
287.28242409500007,nodestore,4244,27.3,9.728957812129371,92324,92704
287.28242409500007,nodeapiserver,4272,85.55,29.18687343638811,410720,411212
287.28242409500007,nodescheduler,4266,2.92,0.9728957812129371,67964,68544
287.28242409500007,nodecontroller,4248,10.26,4.864478906064686,139968,140248
287.28242409500007,nodelet,4396,21.73,13.62054093698112,122348,120340
287.28242409500007,nodeproxy,4615,0.43,0.0,54176,54524
287.28242409500007,containerd,3680,19.83,20.43081140547168,106912,105756
287.28242409500007,flanneld,5191,1.02,0.9728957812129371,48160,48300
287.28242409500007,coredns,4884,1.99,0.9728957812129371,66832,42798
287.28242409500007,coredns,4888,2.0,0.0,67648,43670
288.335329147,nodestore,4244,27.47,16.1458053294642,92452,92928
288.335329147,nodeapiserver,4272,85.99,41.78914320567204,410720,411220
288.335329147,nodescheduler,4266,2.94,1.8995065093487293,67964,68544
288.335329147,nodecontroller,4248,10.34,7.598026037394917,139968,140256
288.335329147,nodelet,4396,22.02,27.54284438555657,121568,119532
288.335329147,nodeproxy,4615,0.44,0.9497532546743647,54176,54528
288.335329147,containerd,3680,20.07,22.79407811218475,106120,104900
288.335329147,flanneld,5191,1.03,0.9497532546743647,48160,48300
288.335329147,coredns,4884,2.0,0.9497532546743647,66832,42798
288.335329147,coredns,4888,2.02,1.8995065093487293,67648,43686
289.36803368600005,nodestore,4244,27.56,8.714980577808262,92452,93056
289.36803368600005,nodeapiserver,4272,86.26,26.144941733424787,410720,411228
289.36803368600005,nodescheduler,4266,2.95,0.9683311753120291,67964,68548
289.36803368600005,nodecontroller,4248,10.36,1.9366623506240581,139968,140256
289.36803368600005,nodelet,4396,22.08,5.809987051872175,121696,119680
289.36803368600005,nodeproxy,4615,0.44,0.0,54176,54528
289.36803368600005,containerd,3680,20.14,6.778318227184204,106120,104964
289.36803368600005,flanneld,5191,1.04,0.9683311753120291,48160,48300
289.36803368600005,coredns,4884,2.0,0.0,66832,42798
289.36803368600005,coredns,4888,2.03,0.9683311753120291,67648,43686
290.388164627,nodestore,4244,27.66,9.80266316615981,92452,93084
290.388164627,nodeapiserver,4272,86.53,26.46719054863149,410720,411228
290.388164627,nodescheduler,4266,2.95,0.0,67964,68548
290.388164627,nodecontroller,4248,10.38,1.9605326332319621,139968,140256
290.388164627,nodelet,4396,22.11,2.9407989498479434,121696,119688
290.388164627,nodeproxy,4615,0.44,0.0,54176,54528
290.388164627,containerd,3680,20.18,3.9210652664639243,106736,105488
290.388164627,flanneld,5191,1.04,0.0,48160,48300
290.388164627,coredns,4884,2.01,0.9802663166159811,66832,42798
290.388164627,coredns,4888,2.03,0.0,67648,43686
291.409648218,nodestore,4244,27.74,7.831745972706538,92452,93104
291.409648218,nodeapiserver,4272,86.78,24.474206164707933,410720,411232
291.409648218,nodescheduler,4266,2.96,0.9789682465883173,67964,68548
291.409648218,nodecontroller,4248,10.41,2.9369047397649517,139968,140256
291.409648218,nodelet,4396,22.16,4.8948412329415865,121696,119700
291.409648218,nodeproxy,4615,0.44,0.0,54176,54528
291.409648218,containerd,3680,20.2,1.9579364931766345,106736,105488
291.409648218,flanneld,5191,1.04,0.0,48160,48300
291.409648218,coredns,4884,2.03,1.9579364931766345,66832,42798
291.409648218,coredns,4888,2.03,0.0,67648,43686
292.431281523,nodestore,4244,27.83,8.809423063982626,92452,93140
292.431281523,nodeapiserver,4272,87.07,28.385918761721793,410720,411232
292.431281523,nodescheduler,4266,2.97,0.9788247848869585,67964,68548
292.431281523,nodecontroller,4248,10.43,1.957649569773917,139968,140256
292.431281523,nodelet,4396,22.26,9.788247848869585,122080,120008
292.431281523,nodeproxy,4615,0.44,0.0,54176,54528
292.431281523,containerd,3680,20.24,3.915299139547834,107760,106512
292.431281523,flanneld,5191,1.04,0.0,48160,48300
292.431281523,coredns,4884,2.04,0.9788247848869585,66832,42798
292.431281523,coredns,4888,2.05,1.957649569773917,67648,43686
293.46001724499996,nodestore,4244,27.91,7.776535633901389,92584,93176
293.46001724499996,nodeapiserver,4272,87.47,38.882678169506946,410848,411296
293.46001724499996,nodescheduler,4266,2.99,1.9441339084753473,67964,68548
293.46001724499996,nodecontroller,4248,10.47,3.8882678169506946,139968,140256
293.46001724499996,nodelet,4396,22.32,5.832401725426042,122080,120018
293.46001724499996,nodeproxy,4615,0.44,0.0,54176,54528
293.46001724499996,containerd,3680,20.28,3.8882678169506946,107760,106514
293.46001724499996,flanneld,5191,1.04,0.0,48160,48300
293.46001724499996,coredns,4884,2.04,0.0,66832,42798
293.46001724499996,coredns,4888,2.05,0.0,67648,43686
294.491293377,nodestore,4244,28.03,11.63606877697021,92740,93312
294.491293377,nodeapiserver,4272,87.81,32.96886153474893,410848,411296
294.491293377,nodescheduler,4266,3.0,0.9696723980808509,67964,68548
294.491293377,nodecontroller,4248,10.51,3.8786895923234037,139968,140260
294.491293377,nodelet,4396,22.38,5.818034388485105,122080,120020
294.491293377,nodeproxy,4615,0.44,0.0,54176,54528
294.491293377,containerd,3680,20.32,3.8786895923234037,107760,106516
294.491293377,flanneld,5191,1.04,0.0,48160,48300
294.491293377,coredns,4884,2.04,0.0,66832,42798
294.491293377,coredns,4888,2.06,0.9696723980808509,67648,43686
295.51009515699997,nodestore,4244,28.1,6.87081642122776,92868,93340
295.51009515699997,nodeapiserver,4272,88.06,24.538630075813423,410848,411296
295.51009515699997,nodescheduler,4266,3.0,0.0,67964,68548
295.51009515699997,nodecontroller,4248,10.53,1.9630904060650738,139968,140260
295.51009515699997,nodelet,4396,22.42,3.9261808121301476,122208,120064
295.51009515699997,nodeproxy,4615,0.44,0.0,54176,54528
295.51009515699997,containerd,3680,20.36,3.9261808121301476,107760,106516
295.51009515699997,flanneld,5191,1.04,0.0,48160,48300
295.51009515699997,coredns,4884,2.05,0.9815452030325369,66832,42798
295.51009515699997,coredns,4888,2.07,0.9815452030325369,67648,43686
296.53186514400005,nodestore,4244,28.21,10.765632324253318,92868,93380
296.53186514400005,nodeapiserver,4272,88.36,29.360815429781777,410848,411300
296.53186514400005,nodescheduler,4266,3.01,0.9786938476593926,67964,68548
296.53186514400005,nodecontroller,4248,10.56,2.9360815429781777,139968,140260
296.53186514400005,nodelet,4396,22.48,5.872163085956355,122208,120068
296.53186514400005,nodeproxy,4615,0.44,0.0,54176,54528
296.53186514400005,containerd,3680,20.39,2.9360815429781777,107760,106516
296.53186514400005,flanneld,5191,1.04,0.0,48160,48300
296.53186514400005,coredns,4884,2.06,0.9786938476593926,66832,42798
296.53186514400005,coredns,4888,2.07,0.0,67648,43686
297.55783679999996,nodestore,4244,28.29,7.797486366427161,92868,93412
297.55783679999996,nodeapiserver,4272,88.62,25.341830690888273,410848,411300
297.55783679999996,nodescheduler,4266,3.01,0.0,67964,68552
297.55783679999996,nodecontroller,4248,10.59,2.9240573874101856,139968,140260
297.55783679999996,nodelet,4396,22.54,5.848114774820371,123104,121048
297.55783679999996,nodeproxy,4615,0.44,0.0,54176,54528
297.55783679999996,containerd,3680,20.46,6.822800570623767,107888,106804
297.55783679999996,flanneld,5191,1.04,0.0,48160,48300
297.55783679999996,coredns,4884,2.06,0.0,66832,42798
297.55783679999996,coredns,4888,2.08,0.9746857958033951,67648,43686
298.58382424300004,nodestore,4244,28.39,9.746707981882441,92868,93448
298.58382424300004,nodeapiserver,4272,88.91,28.265453147459073,410848,411300
298.58382424300004,nodescheduler,4266,3.02,0.9746707981882441,67964,68552
298.58382424300004,nodecontroller,4248,10.61,1.9493415963764882,139968,140260
298.58382424300004,nodelet,4396,22.61,6.8226955873177095,123104,121048
298.58382424300004,nodeproxy,4615,0.44,0.0,54176,54528
298.58382424300004,containerd,3680,20.54,7.797366385505953,107888,106806
298.58382424300004,flanneld,5191,1.06,1.9493415963764882,48160,48300
298.58382424300004,coredns,4884,2.07,0.9746707981882441,66832,42798
298.58382424300004,coredns,4888,2.09,0.9746707981882441,67648,43686
299.63366747800006,nodestore,4244,28.54,14.287847461339913,93008,93660
299.63366747800006,nodeapiserver,4272,89.29,36.19588023539445,410848,411308
299.63366747800006,nodescheduler,4266,3.06,3.8100926563573103,67964,68560
299.63366747800006,nodecontroller,4248,10.75,13.335324297250587,139968,140268
299.63366747800006,nodelet,4396,22.84,21.908032774054533,123232,121136
299.63366747800006,nodeproxy,4615,0.44,0.0,54176,54528
299.63366747800006,containerd,3680,20.73,18.097940117697224,105316,104048
299.63366747800006,flanneld,5191,1.06,0.0,48160,48300
299.63366747800006,coredns,4884,2.08,0.9525231640893276,66832,42798
299.63366747800006,coredns,4888,2.1,0.9525231640893276,67648,43686
300.658591544,nodestore,4244,28.69,14.635230547900008,93416,93844
300.658591544,nodeapiserver,4272,89.62,32.19750720538002,410848,411320
300.658591544,nodescheduler,4266,3.07,0.9756820365266672,67964,68560
300.658591544,nodecontroller,4248,10.84,8.781138328740004,139968,140272
300.658591544,nodelet,4396,22.99,14.635230547900008,121768,119608
300.658591544,nodeproxy,4615,0.46,1.9513640730533344,54176,54532
300.658591544,containerd,3680,20.93,19.513640730533343,105316,104208
300.658591544,flanneld,5191,1.07,0.9756820365266672,48160,48428
300.658591544,coredns,4884,2.08,0.0,66832,42798
300.658591544,coredns,4888,2.12,1.9513640730533344,67648,43750
